algorithm,options,silhouette_score,calinski_harabasz_score,davies_bouldin_score
KMeans,"{'n_clusters': 5, 'init': 'k-means++', 'algorithm': 'lloyd', 'random_state': 42}",0.32785334270591115,1837.8372719854053,1.179195814645462
KMeans,"{'n_clusters': 5, 'init': 'k-means++', 'algorithm': 'lloyd', 'random_state': 123}",0.32422842519859973,1844.4686881158825,1.1923078010557122
KMeans,"{'n_clusters': 5, 'init': 'k-means++', 'algorithm': 'lloyd', 'random_state': 456}",0.32480537852525515,1843.8720234934585,1.1834371791882676
KMeans,"{'n_clusters': 5, 'init': 'k-means++', 'algorithm': 'lloyd', 'random_state': 789}",0.3138530544156787,1785.2103536915731,1.2968923063435223
KMeans,"{'n_clusters': 5, 'init': 'k-means++', 'algorithm': 'lloyd', 'random_state': 1011}",0.3226217198270597,1832.1181940802135,1.1221342489896813
KMeans,"{'n_clusters': 5, 'init': 'k-means++', 'algorithm': 'lloyd', 'random_state': 2022}",0.3264514797984106,1821.2082959009738,1.0968442468388147
KMeans,"{'n_clusters': 5, 'init': 'k-means++', 'algorithm': 'lloyd', 'random_state': 3033}",0.32239953324075926,1831.8235202866529,1.1342406694434832
KMeans,"{'n_clusters': 5, 'init': 'k-means++', 'algorithm': 'lloyd', 'random_state': 4044}",0.32419160711808476,1844.4480696110568,1.192099671441682
KMeans,"{'n_clusters': 5, 'init': 'k-means++', 'algorithm': 'lloyd', 'random_state': 5055}",0.32170856835628514,1830.0169174299972,1.1268728635969976
KMeans,"{'n_clusters': 5, 'init': 'k-means++', 'algorithm': 'lloyd', 'random_state': 6066}",0.32416630050541295,1844.3986826195403,1.1921199966017813
KMeans,"{'n_clusters': 5, 'init': 'k-means++', 'algorithm': 'elkan', 'random_state': 42}",0.32785334270591115,1837.8372719854053,1.179195814645462
KMeans,"{'n_clusters': 5, 'init': 'k-means++', 'algorithm': 'elkan', 'random_state': 123}",0.32422842519859973,1844.4686881158825,1.1923078010557122
KMeans,"{'n_clusters': 5, 'init': 'k-means++', 'algorithm': 'elkan', 'random_state': 456}",0.32480537852525515,1843.8720234934585,1.1834371791882676
KMeans,"{'n_clusters': 5, 'init': 'k-means++', 'algorithm': 'elkan', 'random_state': 789}",0.3138530544156787,1785.2103536915731,1.2968923063435223
KMeans,"{'n_clusters': 5, 'init': 'k-means++', 'algorithm': 'elkan', 'random_state': 1011}",0.3226217198270597,1832.1181940802135,1.1221342489896813
KMeans,"{'n_clusters': 5, 'init': 'k-means++', 'algorithm': 'elkan', 'random_state': 2022}",0.3264514797984106,1821.2082959009738,1.0968442468388147
KMeans,"{'n_clusters': 5, 'init': 'k-means++', 'algorithm': 'elkan', 'random_state': 3033}",0.32239953324075926,1831.8235202866529,1.1342406694434832
KMeans,"{'n_clusters': 5, 'init': 'k-means++', 'algorithm': 'elkan', 'random_state': 4044}",0.32419160711808476,1844.4480696110568,1.192099671441682
KMeans,"{'n_clusters': 5, 'init': 'k-means++', 'algorithm': 'elkan', 'random_state': 5055}",0.32170856835628514,1830.0169174299972,1.1268728635969976
KMeans,"{'n_clusters': 5, 'init': 'k-means++', 'algorithm': 'elkan', 'random_state': 6066}",0.32416630050541295,1844.3986826195403,1.1921199966017813
KMeans,"{'n_clusters': 5, 'init': 'random', 'algorithm': 'lloyd', 'random_state': 42}",0.32414800767674956,1844.4366056095676,1.193753883882429
KMeans,"{'n_clusters': 5, 'init': 'random', 'algorithm': 'lloyd', 'random_state': 123}",0.32447896316671676,1844.3266614649312,1.1895150814697646
KMeans,"{'n_clusters': 5, 'init': 'random', 'algorithm': 'lloyd', 'random_state': 456}",0.32409918507511143,1844.398676583903,1.193043325275502
KMeans,"{'n_clusters': 5, 'init': 'random', 'algorithm': 'lloyd', 'random_state': 789}",0.32450978891491167,1844.2911857514985,1.1899753792314487
KMeans,"{'n_clusters': 5, 'init': 'random', 'algorithm': 'lloyd', 'random_state': 1011}",0.3241919413649471,1844.4043801821158,1.1926895094398207
KMeans,"{'n_clusters': 5, 'init': 'random', 'algorithm': 'lloyd', 'random_state': 2022}",0.322836895084239,1831.934456242652,1.1211836051217872
KMeans,"{'n_clusters': 5, 'init': 'random', 'algorithm': 'lloyd', 'random_state': 3033}",0.3241013446255851,1844.397453596001,1.192698288848677
KMeans,"{'n_clusters': 5, 'init': 'random', 'algorithm': 'lloyd', 'random_state': 4044}",0.3243685269407558,1844.3234288979809,1.1921752911779295
KMeans,"{'n_clusters': 5, 'init': 'random', 'algorithm': 'lloyd', 'random_state': 5055}",0.322836895084239,1831.9344562426518,1.1211836051217872
KMeans,"{'n_clusters': 5, 'init': 'random', 'algorithm': 'lloyd', 'random_state': 6066}",0.3244319294259147,1844.3509920003803,1.1894562800059063
KMeans,"{'n_clusters': 5, 'init': 'random', 'algorithm': 'elkan', 'random_state': 42}",0.32414800767674956,1844.4366056095676,1.193753883882429
KMeans,"{'n_clusters': 5, 'init': 'random', 'algorithm': 'elkan', 'random_state': 123}",0.32447896316671676,1844.3266614649312,1.1895150814697646
KMeans,"{'n_clusters': 5, 'init': 'random', 'algorithm': 'elkan', 'random_state': 456}",0.32409918507511143,1844.398676583903,1.193043325275502
KMeans,"{'n_clusters': 5, 'init': 'random', 'algorithm': 'elkan', 'random_state': 789}",0.32450978891491167,1844.2911857514985,1.1899753792314487
KMeans,"{'n_clusters': 5, 'init': 'random', 'algorithm': 'elkan', 'random_state': 1011}",0.3241919413649471,1844.4043801821158,1.1926895094398207
KMeans,"{'n_clusters': 5, 'init': 'random', 'algorithm': 'elkan', 'random_state': 2022}",0.322836895084239,1831.934456242652,1.1211836051217872
KMeans,"{'n_clusters': 5, 'init': 'random', 'algorithm': 'elkan', 'random_state': 3033}",0.3241013446255851,1844.397453596001,1.192698288848677
KMeans,"{'n_clusters': 5, 'init': 'random', 'algorithm': 'elkan', 'random_state': 4044}",0.3243685269407558,1844.3234288979809,1.1921752911779295
KMeans,"{'n_clusters': 5, 'init': 'random', 'algorithm': 'elkan', 'random_state': 5055}",0.322836895084239,1831.9344562426518,1.1211836051217872
KMeans,"{'n_clusters': 5, 'init': 'random', 'algorithm': 'elkan', 'random_state': 6066}",0.3244319294259147,1844.3509920003803,1.1894562800059063
KMeans,"{'n_clusters': 6, 'init': 'k-means++', 'algorithm': 'lloyd', 'random_state': 42}",0.3127465905913413,1619.594660466036,1.2359087547390655
KMeans,"{'n_clusters': 6, 'init': 'k-means++', 'algorithm': 'lloyd', 'random_state': 123}",0.30973154575550615,1704.8465756554242,1.217350018244787
KMeans,"{'n_clusters': 6, 'init': 'k-means++', 'algorithm': 'lloyd', 'random_state': 456}",0.3028466206481572,1702.994434675501,1.259422139331976
KMeans,"{'n_clusters': 6, 'init': 'k-means++', 'algorithm': 'lloyd', 'random_state': 789}",0.29787062328431124,1652.5662351023152,1.3194296464544564
KMeans,"{'n_clusters': 6, 'init': 'k-means++', 'algorithm': 'lloyd', 'random_state': 1011}",0.29937238315900816,1678.8027437990472,1.2319332087440393
KMeans,"{'n_clusters': 6, 'init': 'k-means++', 'algorithm': 'lloyd', 'random_state': 2022}",0.29561868592115464,1616.7003862189847,1.1839053340988523
KMeans,"{'n_clusters': 6, 'init': 'k-means++', 'algorithm': 'lloyd', 'random_state': 3033}",0.3221585913089176,1691.5338378699046,1.1536829932609411
KMeans,"{'n_clusters': 6, 'init': 'k-means++', 'algorithm': 'lloyd', 'random_state': 4044}",0.30927697237699714,1704.7168890362097,1.2192891885752475
KMeans,"{'n_clusters': 6, 'init': 'k-means++', 'algorithm': 'lloyd', 'random_state': 5055}",0.29937069751340806,1678.543109191509,1.2268631934561338
KMeans,"{'n_clusters': 6, 'init': 'k-means++', 'algorithm': 'lloyd', 'random_state': 6066}",0.31267572307530195,1619.5473157036931,1.2342506122302748
KMeans,"{'n_clusters': 6, 'init': 'k-means++', 'algorithm': 'elkan', 'random_state': 42}",0.3127465905913413,1619.594660466036,1.2359087547390655
KMeans,"{'n_clusters': 6, 'init': 'k-means++', 'algorithm': 'elkan', 'random_state': 123}",0.30973154575550615,1704.8465756554242,1.217350018244787
KMeans,"{'n_clusters': 6, 'init': 'k-means++', 'algorithm': 'elkan', 'random_state': 456}",0.3028466206481572,1702.994434675501,1.259422139331976
KMeans,"{'n_clusters': 6, 'init': 'k-means++', 'algorithm': 'elkan', 'random_state': 789}",0.29787062328431124,1652.5662351023152,1.3194296464544564
KMeans,"{'n_clusters': 6, 'init': 'k-means++', 'algorithm': 'elkan', 'random_state': 1011}",0.29937238315900816,1678.8027437990472,1.2319332087440393
KMeans,"{'n_clusters': 6, 'init': 'k-means++', 'algorithm': 'elkan', 'random_state': 2022}",0.29561868592115464,1616.7003862189847,1.1839053340988523
KMeans,"{'n_clusters': 6, 'init': 'k-means++', 'algorithm': 'elkan', 'random_state': 3033}",0.3221585913089176,1691.5338378699046,1.1536829932609411
KMeans,"{'n_clusters': 6, 'init': 'k-means++', 'algorithm': 'elkan', 'random_state': 4044}",0.30927697237699714,1704.7168890362097,1.2192891885752475
KMeans,"{'n_clusters': 6, 'init': 'k-means++', 'algorithm': 'elkan', 'random_state': 5055}",0.29937069751340806,1678.543109191509,1.2268631934561338
KMeans,"{'n_clusters': 6, 'init': 'k-means++', 'algorithm': 'elkan', 'random_state': 6066}",0.31267572307530195,1619.5473157036931,1.2342506122302748
KMeans,"{'n_clusters': 6, 'init': 'random', 'algorithm': 'lloyd', 'random_state': 42}",0.3028557026049777,1703.0186478439687,1.2584398026644852
KMeans,"{'n_clusters': 6, 'init': 'random', 'algorithm': 'lloyd', 'random_state': 123}",0.30974437862017545,1704.870846307276,1.217593962132883
KMeans,"{'n_clusters': 6, 'init': 'random', 'algorithm': 'lloyd', 'random_state': 456}",0.3096318614444242,1704.8396276340982,1.2190050121687197
KMeans,"{'n_clusters': 6, 'init': 'random', 'algorithm': 'lloyd', 'random_state': 789}",0.3186694668248684,1691.2157184071039,1.1640140070587015
KMeans,"{'n_clusters': 6, 'init': 'random', 'algorithm': 'lloyd', 'random_state': 1011}",0.3097435224848456,1704.84847540151,1.2173948768617529
KMeans,"{'n_clusters': 6, 'init': 'random', 'algorithm': 'lloyd', 'random_state': 2022}",0.32197444551924653,1691.312900084511,1.1549446592635562
KMeans,"{'n_clusters': 6, 'init': 'random', 'algorithm': 'lloyd', 'random_state': 3033}",0.3142407133016623,1690.5635047913643,1.1795982973944616
KMeans,"{'n_clusters': 6, 'init': 'random', 'algorithm': 'lloyd', 'random_state': 4044}",0.3095428450509602,1704.8236928326262,1.2192783021859184
KMeans,"{'n_clusters': 6, 'init': 'random', 'algorithm': 'lloyd', 'random_state': 5055}",0.30927236369762734,1704.7447872249188,1.2209303773487477
KMeans,"{'n_clusters': 6, 'init': 'random', 'algorithm': 'lloyd', 'random_state': 6066}",0.3037238696451268,1702.4203776879178,1.255137281910416
KMeans,"{'n_clusters': 6, 'init': 'random', 'algorithm': 'elkan', 'random_state': 42}",0.3028557026049777,1703.0186478439687,1.2584398026644852
KMeans,"{'n_clusters': 6, 'init': 'random', 'algorithm': 'elkan', 'random_state': 123}",0.30974437862017545,1704.870846307276,1.217593962132883
KMeans,"{'n_clusters': 6, 'init': 'random', 'algorithm': 'elkan', 'random_state': 456}",0.3096318614444242,1704.8396276340982,1.2190050121687197
KMeans,"{'n_clusters': 6, 'init': 'random', 'algorithm': 'elkan', 'random_state': 789}",0.3186694668248684,1691.2157184071039,1.1640140070587015
KMeans,"{'n_clusters': 6, 'init': 'random', 'algorithm': 'elkan', 'random_state': 1011}",0.3097435224848456,1704.84847540151,1.2173948768617529
KMeans,"{'n_clusters': 6, 'init': 'random', 'algorithm': 'elkan', 'random_state': 2022}",0.32197444551924653,1691.312900084511,1.1549446592635562
KMeans,"{'n_clusters': 6, 'init': 'random', 'algorithm': 'elkan', 'random_state': 3033}",0.3142407133016623,1690.5635047913643,1.1795982973944616
KMeans,"{'n_clusters': 6, 'init': 'random', 'algorithm': 'elkan', 'random_state': 4044}",0.3095428450509602,1704.8236928326262,1.2192783021859184
KMeans,"{'n_clusters': 6, 'init': 'random', 'algorithm': 'elkan', 'random_state': 5055}",0.30927236369762734,1704.7447872249188,1.2209303773487477
KMeans,"{'n_clusters': 6, 'init': 'random', 'algorithm': 'elkan', 'random_state': 6066}",0.3037238696451268,1702.4203776879178,1.255137281910416
KMeans,"{'n_clusters': 7, 'init': 'k-means++', 'algorithm': 'lloyd', 'random_state': 42}",0.3078145178438254,1542.9338127491314,1.1442475801886245
KMeans,"{'n_clusters': 7, 'init': 'k-means++', 'algorithm': 'lloyd', 'random_state': 123}",0.3136713214032841,1618.2123767385237,1.1322916476976062
KMeans,"{'n_clusters': 7, 'init': 'k-means++', 'algorithm': 'lloyd', 'random_state': 456}",0.3009523980312328,1620.0125433245958,1.191793693414618
KMeans,"{'n_clusters': 7, 'init': 'k-means++', 'algorithm': 'lloyd', 'random_state': 789}",0.30275948046879314,1571.1103336400613,1.2000592836235475
KMeans,"{'n_clusters': 7, 'init': 'k-means++', 'algorithm': 'lloyd', 'random_state': 1011}",0.3062663077358109,1623.1993207419125,1.1633487981374107
KMeans,"{'n_clusters': 7, 'init': 'k-means++', 'algorithm': 'lloyd', 'random_state': 2022}",0.27754188595442386,1578.7843952021828,1.2959176086070023
KMeans,"{'n_clusters': 7, 'init': 'k-means++', 'algorithm': 'lloyd', 'random_state': 3033}",0.3131956463506289,1541.4593726483079,1.1148630088384988
KMeans,"{'n_clusters': 7, 'init': 'k-means++', 'algorithm': 'lloyd', 'random_state': 4044}",0.31237721931616974,1616.693015382304,1.136773641108099
KMeans,"{'n_clusters': 7, 'init': 'k-means++', 'algorithm': 'lloyd', 'random_state': 5055}",0.29441417778350365,1577.7647713296255,1.2392741881901048
KMeans,"{'n_clusters': 7, 'init': 'k-means++', 'algorithm': 'lloyd', 'random_state': 6066}",0.3124708974713838,1540.9851716053001,1.1286498336043647
KMeans,"{'n_clusters': 7, 'init': 'k-means++', 'algorithm': 'elkan', 'random_state': 42}",0.3078145178438254,1542.9338127491314,1.1442475801886245
KMeans,"{'n_clusters': 7, 'init': 'k-means++', 'algorithm': 'elkan', 'random_state': 123}",0.3136713214032841,1618.2123767385237,1.1322916476976062
KMeans,"{'n_clusters': 7, 'init': 'k-means++', 'algorithm': 'elkan', 'random_state': 456}",0.3009523980312328,1620.0125433245958,1.191793693414618
KMeans,"{'n_clusters': 7, 'init': 'k-means++', 'algorithm': 'elkan', 'random_state': 789}",0.30275948046879314,1571.1103336400613,1.2000592836235475
KMeans,"{'n_clusters': 7, 'init': 'k-means++', 'algorithm': 'elkan', 'random_state': 1011}",0.3062663077358109,1623.1993207419125,1.1633487981374107
KMeans,"{'n_clusters': 7, 'init': 'k-means++', 'algorithm': 'elkan', 'random_state': 2022}",0.27754188595442386,1578.7843952021828,1.2959176086070023
KMeans,"{'n_clusters': 7, 'init': 'k-means++', 'algorithm': 'elkan', 'random_state': 3033}",0.3131956463506289,1541.4593726483079,1.1148630088384988
KMeans,"{'n_clusters': 7, 'init': 'k-means++', 'algorithm': 'elkan', 'random_state': 4044}",0.31237721931616974,1616.693015382304,1.136773641108099
KMeans,"{'n_clusters': 7, 'init': 'k-means++', 'algorithm': 'elkan', 'random_state': 5055}",0.29441417778350365,1577.7647713296255,1.2392741881901048
KMeans,"{'n_clusters': 7, 'init': 'k-means++', 'algorithm': 'elkan', 'random_state': 6066}",0.3124708974713838,1540.9851716053001,1.1286498336043647
KMeans,"{'n_clusters': 7, 'init': 'random', 'algorithm': 'lloyd', 'random_state': 42}",0.3009523980312328,1620.0125433245958,1.191793693414618
KMeans,"{'n_clusters': 7, 'init': 'random', 'algorithm': 'lloyd', 'random_state': 123}",0.306469695360402,1623.1947404104042,1.1622628627752594
KMeans,"{'n_clusters': 7, 'init': 'random', 'algorithm': 'lloyd', 'random_state': 456}",0.3127990451927486,1618.10135942711,1.1344134189182402
KMeans,"{'n_clusters': 7, 'init': 'random', 'algorithm': 'lloyd', 'random_state': 789}",0.31334330344224476,1618.1321562544892,1.1311738848022526
KMeans,"{'n_clusters': 7, 'init': 'random', 'algorithm': 'lloyd', 'random_state': 1011}",0.3132517782507804,1618.1559472934553,1.13278188490928
KMeans,"{'n_clusters': 7, 'init': 'random', 'algorithm': 'lloyd', 'random_state': 2022}",0.3011465379911644,1619.9963357366232,1.1919089266539022
KMeans,"{'n_clusters': 7, 'init': 'random', 'algorithm': 'lloyd', 'random_state': 3033}",0.3058961303823056,1623.121828553196,1.162755292365308
KMeans,"{'n_clusters': 7, 'init': 'random', 'algorithm': 'lloyd', 'random_state': 4044}",0.3056215595310557,1623.275569165929,1.1641066602763208
KMeans,"{'n_clusters': 7, 'init': 'random', 'algorithm': 'lloyd', 'random_state': 5055}",0.3060096684961108,1623.0383241933969,1.163445955995846
KMeans,"{'n_clusters': 7, 'init': 'random', 'algorithm': 'lloyd', 'random_state': 6066}",0.31299317589798376,1618.1908790985437,1.133731439222542
KMeans,"{'n_clusters': 7, 'init': 'random', 'algorithm': 'elkan', 'random_state': 42}",0.3009523980312328,1620.0125433245958,1.191793693414618
KMeans,"{'n_clusters': 7, 'init': 'random', 'algorithm': 'elkan', 'random_state': 123}",0.306469695360402,1623.1947404104042,1.1622628627752594
KMeans,"{'n_clusters': 7, 'init': 'random', 'algorithm': 'elkan', 'random_state': 456}",0.3127990451927486,1618.10135942711,1.1344134189182402
KMeans,"{'n_clusters': 7, 'init': 'random', 'algorithm': 'elkan', 'random_state': 789}",0.31334330344224476,1618.1321562544892,1.1311738848022526
KMeans,"{'n_clusters': 7, 'init': 'random', 'algorithm': 'elkan', 'random_state': 1011}",0.3132517782507804,1618.1559472934553,1.13278188490928
KMeans,"{'n_clusters': 7, 'init': 'random', 'algorithm': 'elkan', 'random_state': 2022}",0.3011465379911644,1619.9963357366232,1.1919089266539022
KMeans,"{'n_clusters': 7, 'init': 'random', 'algorithm': 'elkan', 'random_state': 3033}",0.3058961303823056,1623.121828553196,1.162755292365308
KMeans,"{'n_clusters': 7, 'init': 'random', 'algorithm': 'elkan', 'random_state': 4044}",0.3056215595310557,1623.275569165929,1.1641066602763208
KMeans,"{'n_clusters': 7, 'init': 'random', 'algorithm': 'elkan', 'random_state': 5055}",0.3060096684961108,1623.0383241933969,1.163445955995846
KMeans,"{'n_clusters': 7, 'init': 'random', 'algorithm': 'elkan', 'random_state': 6066}",0.31299317589798376,1618.1908790985437,1.133731439222542
KMeans,"{'n_clusters': 8, 'init': 'k-means++', 'algorithm': 'lloyd', 'random_state': 42}",0.3059340257769371,1527.4351971648725,1.111165545090099
KMeans,"{'n_clusters': 8, 'init': 'k-means++', 'algorithm': 'lloyd', 'random_state': 123}",0.3037133198820256,1520.8408523477979,1.1112749238957278
KMeans,"{'n_clusters': 8, 'init': 'k-means++', 'algorithm': 'lloyd', 'random_state': 456}",0.28090731117464685,1457.0788472297681,1.2678794227247798
KMeans,"{'n_clusters': 8, 'init': 'k-means++', 'algorithm': 'lloyd', 'random_state': 789}",0.28958999410194847,1545.2156171887495,1.1673429105262723
KMeans,"{'n_clusters': 8, 'init': 'k-means++', 'algorithm': 'lloyd', 'random_state': 1011}",0.294425339398614,1525.05475379591,1.1477317312021755
KMeans,"{'n_clusters': 8, 'init': 'k-means++', 'algorithm': 'lloyd', 'random_state': 2022}",0.30475236940517114,1527.345540572802,1.1171066644465393
KMeans,"{'n_clusters': 8, 'init': 'k-means++', 'algorithm': 'lloyd', 'random_state': 3033}",0.27065237723080887,1532.232742415146,1.1775828588056476
KMeans,"{'n_clusters': 8, 'init': 'k-means++', 'algorithm': 'lloyd', 'random_state': 4044}",0.3041713063218476,1520.8917546745408,1.1065249702879505
KMeans,"{'n_clusters': 8, 'init': 'k-means++', 'algorithm': 'lloyd', 'random_state': 5055}",0.27143170734507904,1532.663626966543,1.17596418463785
KMeans,"{'n_clusters': 8, 'init': 'k-means++', 'algorithm': 'lloyd', 'random_state': 6066}",0.30094270001686324,1520.8238805749445,1.121860408035933
KMeans,"{'n_clusters': 8, 'init': 'k-means++', 'algorithm': 'elkan', 'random_state': 42}",0.3059340257769371,1527.4351971648725,1.111165545090099
KMeans,"{'n_clusters': 8, 'init': 'k-means++', 'algorithm': 'elkan', 'random_state': 123}",0.3037133198820256,1520.8408523477979,1.1112749238957278
KMeans,"{'n_clusters': 8, 'init': 'k-means++', 'algorithm': 'elkan', 'random_state': 456}",0.28090731117464685,1457.0788472297681,1.2678794227247798
KMeans,"{'n_clusters': 8, 'init': 'k-means++', 'algorithm': 'elkan', 'random_state': 789}",0.28958999410194847,1545.2156171887495,1.1673429105262723
KMeans,"{'n_clusters': 8, 'init': 'k-means++', 'algorithm': 'elkan', 'random_state': 1011}",0.294425339398614,1525.05475379591,1.1477317312021755
KMeans,"{'n_clusters': 8, 'init': 'k-means++', 'algorithm': 'elkan', 'random_state': 2022}",0.30475236940517114,1527.345540572802,1.1171066644465393
KMeans,"{'n_clusters': 8, 'init': 'k-means++', 'algorithm': 'elkan', 'random_state': 3033}",0.27065237723080887,1532.232742415146,1.1775828588056476
KMeans,"{'n_clusters': 8, 'init': 'k-means++', 'algorithm': 'elkan', 'random_state': 4044}",0.3041713063218476,1520.8917546745408,1.1065249702879505
KMeans,"{'n_clusters': 8, 'init': 'k-means++', 'algorithm': 'elkan', 'random_state': 5055}",0.27143170734507904,1532.663626966543,1.17596418463785
KMeans,"{'n_clusters': 8, 'init': 'k-means++', 'algorithm': 'elkan', 'random_state': 6066}",0.30094270001686324,1520.8238805749445,1.121860408035933
KMeans,"{'n_clusters': 8, 'init': 'random', 'algorithm': 'lloyd', 'random_state': 42}",0.2965501238175278,1550.3745846500349,1.15360742559288
KMeans,"{'n_clusters': 8, 'init': 'random', 'algorithm': 'lloyd', 'random_state': 123}",0.2961449687214806,1550.365058888851,1.1584656242440547
KMeans,"{'n_clusters': 8, 'init': 'random', 'algorithm': 'lloyd', 'random_state': 456}",0.2964717656202601,1550.4678022557432,1.155327323593915
KMeans,"{'n_clusters': 8, 'init': 'random', 'algorithm': 'lloyd', 'random_state': 789}",0.2948519799297953,1550.44279357845,1.1619806321020612
KMeans,"{'n_clusters': 8, 'init': 'random', 'algorithm': 'lloyd', 'random_state': 1011}",0.2941880220710081,1550.4498915356507,1.1646779029598053
KMeans,"{'n_clusters': 8, 'init': 'random', 'algorithm': 'lloyd', 'random_state': 2022}",0.2946046853440272,1550.4585634060718,1.1634042653510561
KMeans,"{'n_clusters': 8, 'init': 'random', 'algorithm': 'lloyd', 'random_state': 3033}",0.28674672585313304,1546.2392681759886,1.179439516791997
KMeans,"{'n_clusters': 8, 'init': 'random', 'algorithm': 'lloyd', 'random_state': 4044}",0.2944620344428058,1550.438452159551,1.1632602820540052
KMeans,"{'n_clusters': 8, 'init': 'random', 'algorithm': 'lloyd', 'random_state': 5055}",0.2971319767852474,1550.3303602354893,1.14965357592417
KMeans,"{'n_clusters': 8, 'init': 'random', 'algorithm': 'lloyd', 'random_state': 6066}",0.2951343607118859,1550.4375339723072,1.1616524847614764
KMeans,"{'n_clusters': 8, 'init': 'random', 'algorithm': 'elkan', 'random_state': 42}",0.2965501238175278,1550.3745846500349,1.15360742559288
KMeans,"{'n_clusters': 8, 'init': 'random', 'algorithm': 'elkan', 'random_state': 123}",0.2961449687214806,1550.365058888851,1.1584656242440547
KMeans,"{'n_clusters': 8, 'init': 'random', 'algorithm': 'elkan', 'random_state': 456}",0.2964717656202601,1550.4678022557432,1.155327323593915
KMeans,"{'n_clusters': 8, 'init': 'random', 'algorithm': 'elkan', 'random_state': 789}",0.2948519799297953,1550.44279357845,1.1619806321020612
KMeans,"{'n_clusters': 8, 'init': 'random', 'algorithm': 'elkan', 'random_state': 1011}",0.2941880220710081,1550.4498915356507,1.1646779029598053
KMeans,"{'n_clusters': 8, 'init': 'random', 'algorithm': 'elkan', 'random_state': 2022}",0.2946046853440272,1550.4585634060718,1.1634042653510561
KMeans,"{'n_clusters': 8, 'init': 'random', 'algorithm': 'elkan', 'random_state': 3033}",0.28674672585313304,1546.2392681759886,1.179439516791997
KMeans,"{'n_clusters': 8, 'init': 'random', 'algorithm': 'elkan', 'random_state': 4044}",0.2944620344428058,1550.438452159551,1.1632602820540052
KMeans,"{'n_clusters': 8, 'init': 'random', 'algorithm': 'elkan', 'random_state': 5055}",0.2971319767852474,1550.3303602354893,1.14965357592417
KMeans,"{'n_clusters': 8, 'init': 'random', 'algorithm': 'elkan', 'random_state': 6066}",0.2951343607118859,1550.4375339723072,1.1616524847614764
KMeans,"{'n_clusters': 9, 'init': 'k-means++', 'algorithm': 'lloyd', 'random_state': 42}",0.3056475041445393,1437.5180190116625,1.117609895642888
KMeans,"{'n_clusters': 9, 'init': 'k-means++', 'algorithm': 'lloyd', 'random_state': 123}",0.2812559364263141,1490.6672432612368,1.1337270419907113
KMeans,"{'n_clusters': 9, 'init': 'k-means++', 'algorithm': 'lloyd', 'random_state': 456}",0.2731540261663542,1422.5240490889814,1.2435154400240256
KMeans,"{'n_clusters': 9, 'init': 'k-means++', 'algorithm': 'lloyd', 'random_state': 789}",0.2793443494499988,1489.0717720293915,1.1263848494229833
KMeans,"{'n_clusters': 9, 'init': 'k-means++', 'algorithm': 'lloyd', 'random_state': 1011}",0.2942408111394977,1427.910953621754,1.1539438780639273
KMeans,"{'n_clusters': 9, 'init': 'k-means++', 'algorithm': 'lloyd', 'random_state': 2022}",0.2905414885964707,1466.2105187591892,1.167255745362308
KMeans,"{'n_clusters': 9, 'init': 'k-means++', 'algorithm': 'lloyd', 'random_state': 3033}",0.2665012889939805,1436.5555545542973,1.2021568150055022
KMeans,"{'n_clusters': 9, 'init': 'k-means++', 'algorithm': 'lloyd', 'random_state': 4044}",0.2885005607083406,1495.4084855539718,1.1237087786101763
KMeans,"{'n_clusters': 9, 'init': 'k-means++', 'algorithm': 'lloyd', 'random_state': 5055}",0.27149581239735276,1409.2453569512425,1.1746838991109585
KMeans,"{'n_clusters': 9, 'init': 'k-means++', 'algorithm': 'lloyd', 'random_state': 6066}",0.2762847022954645,1489.578856522458,1.137040507719134
KMeans,"{'n_clusters': 9, 'init': 'k-means++', 'algorithm': 'elkan', 'random_state': 42}",0.3056475041445393,1437.5180190116625,1.117609895642888
KMeans,"{'n_clusters': 9, 'init': 'k-means++', 'algorithm': 'elkan', 'random_state': 123}",0.2812559364263141,1490.6672432612368,1.1337270419907113
KMeans,"{'n_clusters': 9, 'init': 'k-means++', 'algorithm': 'elkan', 'random_state': 456}",0.2731540261663542,1422.5240490889814,1.2435154400240256
KMeans,"{'n_clusters': 9, 'init': 'k-means++', 'algorithm': 'elkan', 'random_state': 789}",0.2793443494499988,1489.0717720293915,1.1263848494229833
KMeans,"{'n_clusters': 9, 'init': 'k-means++', 'algorithm': 'elkan', 'random_state': 1011}",0.2942408111394977,1427.910953621754,1.1539438780639273
KMeans,"{'n_clusters': 9, 'init': 'k-means++', 'algorithm': 'elkan', 'random_state': 2022}",0.2905414885964707,1466.2105187591892,1.167255745362308
KMeans,"{'n_clusters': 9, 'init': 'k-means++', 'algorithm': 'elkan', 'random_state': 3033}",0.2665012889939805,1436.5555545542973,1.2021568150055022
KMeans,"{'n_clusters': 9, 'init': 'k-means++', 'algorithm': 'elkan', 'random_state': 4044}",0.2885005607083406,1495.4084855539718,1.1237087786101763
KMeans,"{'n_clusters': 9, 'init': 'k-means++', 'algorithm': 'elkan', 'random_state': 5055}",0.27149581239735276,1409.2453569512425,1.1746838991109585
KMeans,"{'n_clusters': 9, 'init': 'k-means++', 'algorithm': 'elkan', 'random_state': 6066}",0.2762847022954645,1489.578856522458,1.137040507719134
KMeans,"{'n_clusters': 9, 'init': 'random', 'algorithm': 'lloyd', 'random_state': 42}",0.2791184614982145,1490.4200657282336,1.134525311582977
KMeans,"{'n_clusters': 9, 'init': 'random', 'algorithm': 'lloyd', 'random_state': 123}",0.27808734848915173,1490.169954348442,1.1359245632701807
KMeans,"{'n_clusters': 9, 'init': 'random', 'algorithm': 'lloyd', 'random_state': 456}",0.27875068633021444,1489.8619377879957,1.1295538561790162
KMeans,"{'n_clusters': 9, 'init': 'random', 'algorithm': 'lloyd', 'random_state': 789}",0.28955763836140735,1494.314024659112,1.1291817248428224
KMeans,"{'n_clusters': 9, 'init': 'random', 'algorithm': 'lloyd', 'random_state': 1011}",0.2884605114207147,1495.4982629187484,1.123958200759777
KMeans,"{'n_clusters': 9, 'init': 'random', 'algorithm': 'lloyd', 'random_state': 2022}",0.274815660616427,1470.1260424923305,1.1270506245254497
KMeans,"{'n_clusters': 9, 'init': 'random', 'algorithm': 'lloyd', 'random_state': 3033}",0.2738475643081062,1488.4115243734789,1.1348139738730272
KMeans,"{'n_clusters': 9, 'init': 'random', 'algorithm': 'lloyd', 'random_state': 4044}",0.2820595996785508,1490.6333012276577,1.1337348068249524
KMeans,"{'n_clusters': 9, 'init': 'random', 'algorithm': 'lloyd', 'random_state': 5055}",0.28082115768777527,1491.061505302287,1.132759310937239
KMeans,"{'n_clusters': 9, 'init': 'random', 'algorithm': 'lloyd', 'random_state': 6066}",0.27505929621338204,1470.090300708671,1.1253279700318994
KMeans,"{'n_clusters': 9, 'init': 'random', 'algorithm': 'elkan', 'random_state': 42}",0.2791184614982145,1490.4200657282336,1.134525311582977
KMeans,"{'n_clusters': 9, 'init': 'random', 'algorithm': 'elkan', 'random_state': 123}",0.27808734848915173,1490.169954348442,1.1359245632701807
KMeans,"{'n_clusters': 9, 'init': 'random', 'algorithm': 'elkan', 'random_state': 456}",0.27875068633021444,1489.8619377879957,1.1295538561790162
KMeans,"{'n_clusters': 9, 'init': 'random', 'algorithm': 'elkan', 'random_state': 789}",0.28955763836140735,1494.314024659112,1.1291817248428224
KMeans,"{'n_clusters': 9, 'init': 'random', 'algorithm': 'elkan', 'random_state': 1011}",0.2884605114207147,1495.4982629187484,1.123958200759777
KMeans,"{'n_clusters': 9, 'init': 'random', 'algorithm': 'elkan', 'random_state': 2022}",0.274815660616427,1470.1260424923305,1.1270506245254497
KMeans,"{'n_clusters': 9, 'init': 'random', 'algorithm': 'elkan', 'random_state': 3033}",0.2738475643081062,1488.4115243734789,1.1348139738730272
KMeans,"{'n_clusters': 9, 'init': 'random', 'algorithm': 'elkan', 'random_state': 4044}",0.2820595996785508,1490.6333012276577,1.1337348068249524
KMeans,"{'n_clusters': 9, 'init': 'random', 'algorithm': 'elkan', 'random_state': 5055}",0.28082115768777527,1491.061505302287,1.132759310937239
KMeans,"{'n_clusters': 9, 'init': 'random', 'algorithm': 'elkan', 'random_state': 6066}",0.27505929621338204,1470.090300708671,1.1253279700318994
KMeans,"{'n_clusters': 10, 'init': 'k-means++', 'algorithm': 'lloyd', 'random_state': 42}",0.2726430096843884,1393.3819673922858,1.1394612485248667
KMeans,"{'n_clusters': 10, 'init': 'k-means++', 'algorithm': 'lloyd', 'random_state': 123}",0.2701297158685199,1445.0308032066707,1.0878672278291368
KMeans,"{'n_clusters': 10, 'init': 'k-means++', 'algorithm': 'lloyd', 'random_state': 456}",0.285742152192437,1444.6343541751635,1.1235603120661461
KMeans,"{'n_clusters': 10, 'init': 'k-means++', 'algorithm': 'lloyd', 'random_state': 789}",0.2661152133346223,1405.0134343210077,1.1530369751777005
KMeans,"{'n_clusters': 10, 'init': 'k-means++', 'algorithm': 'lloyd', 'random_state': 1011}",0.29977172890447956,1410.193650037951,1.0825898953646558
KMeans,"{'n_clusters': 10, 'init': 'k-means++', 'algorithm': 'lloyd', 'random_state': 2022}",0.28577473736607417,1444.6365209236353,1.1249249961666439
KMeans,"{'n_clusters': 10, 'init': 'k-means++', 'algorithm': 'lloyd', 'random_state': 3033}",0.2733357834317374,1407.354077602828,1.1431377460962016
KMeans,"{'n_clusters': 10, 'init': 'k-means++', 'algorithm': 'lloyd', 'random_state': 4044}",0.26830895641587926,1442.5433838991266,1.1161582329634439
KMeans,"{'n_clusters': 10, 'init': 'k-means++', 'algorithm': 'lloyd', 'random_state': 5055}",0.2697802945232948,1388.4524311663456,1.144068221979927
KMeans,"{'n_clusters': 10, 'init': 'k-means++', 'algorithm': 'lloyd', 'random_state': 6066}",0.2777833899765697,1397.0942511353264,1.150912791720833
KMeans,"{'n_clusters': 10, 'init': 'k-means++', 'algorithm': 'elkan', 'random_state': 42}",0.2726430096843884,1393.3819673922858,1.1394612485248667
KMeans,"{'n_clusters': 10, 'init': 'k-means++', 'algorithm': 'elkan', 'random_state': 123}",0.2701297158685199,1445.0308032066707,1.0878672278291368
KMeans,"{'n_clusters': 10, 'init': 'k-means++', 'algorithm': 'elkan', 'random_state': 456}",0.285742152192437,1444.6343541751635,1.1235603120661461
KMeans,"{'n_clusters': 10, 'init': 'k-means++', 'algorithm': 'elkan', 'random_state': 789}",0.2661152133346223,1405.0134343210077,1.1530369751777005
KMeans,"{'n_clusters': 10, 'init': 'k-means++', 'algorithm': 'elkan', 'random_state': 1011}",0.29977172890447956,1410.193650037951,1.0825898953646558
KMeans,"{'n_clusters': 10, 'init': 'k-means++', 'algorithm': 'elkan', 'random_state': 2022}",0.28577473736607417,1444.6365209236353,1.1249249961666439
KMeans,"{'n_clusters': 10, 'init': 'k-means++', 'algorithm': 'elkan', 'random_state': 3033}",0.2733357834317374,1407.354077602828,1.1431377460962016
KMeans,"{'n_clusters': 10, 'init': 'k-means++', 'algorithm': 'elkan', 'random_state': 4044}",0.26830895641587926,1442.5433838991266,1.1161582329634439
KMeans,"{'n_clusters': 10, 'init': 'k-means++', 'algorithm': 'elkan', 'random_state': 5055}",0.2697802945232948,1388.4524311663456,1.144068221979927
KMeans,"{'n_clusters': 10, 'init': 'k-means++', 'algorithm': 'elkan', 'random_state': 6066}",0.2777833899765697,1397.0942511353264,1.150912791720833
KMeans,"{'n_clusters': 10, 'init': 'random', 'algorithm': 'lloyd', 'random_state': 42}",0.2691283732629081,1444.0763730851752,1.0967300885254885
KMeans,"{'n_clusters': 10, 'init': 'random', 'algorithm': 'lloyd', 'random_state': 123}",0.26695087814072344,1442.7718525389748,1.132520866205421
KMeans,"{'n_clusters': 10, 'init': 'random', 'algorithm': 'lloyd', 'random_state': 456}",0.2695732942768044,1445.8659799741429,1.0850667713478086
KMeans,"{'n_clusters': 10, 'init': 'random', 'algorithm': 'lloyd', 'random_state': 789}",0.2694490177423098,1445.7833369753464,1.0874535939263552
KMeans,"{'n_clusters': 10, 'init': 'random', 'algorithm': 'lloyd', 'random_state': 1011}",0.269788782444895,1443.1744460327855,1.0949187219691623
KMeans,"{'n_clusters': 10, 'init': 'random', 'algorithm': 'lloyd', 'random_state': 2022}",0.2696636823240795,1445.8679194535982,1.0856008221364921
KMeans,"{'n_clusters': 10, 'init': 'random', 'algorithm': 'lloyd', 'random_state': 3033}",0.28236668188264985,1440.9937985664535,1.118792408135795
KMeans,"{'n_clusters': 10, 'init': 'random', 'algorithm': 'lloyd', 'random_state': 4044}",0.2694490177423098,1445.7833369753462,1.0874535939263554
KMeans,"{'n_clusters': 10, 'init': 'random', 'algorithm': 'lloyd', 'random_state': 5055}",0.2701050307042745,1444.7971025211589,1.0864630575936185
KMeans,"{'n_clusters': 10, 'init': 'random', 'algorithm': 'lloyd', 'random_state': 6066}",0.2697541211591426,1445.833103225838,1.0834532570403657
KMeans,"{'n_clusters': 10, 'init': 'random', 'algorithm': 'elkan', 'random_state': 42}",0.2691283732629081,1444.0763730851752,1.0967300885254885
KMeans,"{'n_clusters': 10, 'init': 'random', 'algorithm': 'elkan', 'random_state': 123}",0.26695087814072344,1442.7718525389748,1.132520866205421
KMeans,"{'n_clusters': 10, 'init': 'random', 'algorithm': 'elkan', 'random_state': 456}",0.2695732942768044,1445.8659799741429,1.0850667713478086
KMeans,"{'n_clusters': 10, 'init': 'random', 'algorithm': 'elkan', 'random_state': 789}",0.2694490177423098,1445.7833369753464,1.0874535939263552
KMeans,"{'n_clusters': 10, 'init': 'random', 'algorithm': 'elkan', 'random_state': 1011}",0.269788782444895,1443.1744460327855,1.0949187219691623
KMeans,"{'n_clusters': 10, 'init': 'random', 'algorithm': 'elkan', 'random_state': 2022}",0.2696636823240795,1445.8679194535982,1.0856008221364921
KMeans,"{'n_clusters': 10, 'init': 'random', 'algorithm': 'elkan', 'random_state': 3033}",0.28236668188264985,1440.9937985664535,1.118792408135795
KMeans,"{'n_clusters': 10, 'init': 'random', 'algorithm': 'elkan', 'random_state': 4044}",0.2694490177423098,1445.7833369753462,1.0874535939263554
KMeans,"{'n_clusters': 10, 'init': 'random', 'algorithm': 'elkan', 'random_state': 5055}",0.2701050307042745,1444.7971025211589,1.0864630575936185
KMeans,"{'n_clusters': 10, 'init': 'random', 'algorithm': 'elkan', 'random_state': 6066}",0.2697541211591426,1445.833103225838,1.0834532570403657
KMeans,"{'n_clusters': 11, 'init': 'k-means++', 'algorithm': 'lloyd', 'random_state': 42}",0.2791723803008113,1393.2900614653872,1.0969679425476573
KMeans,"{'n_clusters': 11, 'init': 'k-means++', 'algorithm': 'lloyd', 'random_state': 123}",0.272020509583078,1404.5055502539576,1.1091130819968513
KMeans,"{'n_clusters': 11, 'init': 'k-means++', 'algorithm': 'lloyd', 'random_state': 456}",0.2928437933228096,1402.0418931759455,1.0988410166349707
KMeans,"{'n_clusters': 11, 'init': 'k-means++', 'algorithm': 'lloyd', 'random_state': 789}",0.29286614916507236,1404.9243463794407,1.1022952445121952
KMeans,"{'n_clusters': 11, 'init': 'k-means++', 'algorithm': 'lloyd', 'random_state': 1011}",0.27071685402265505,1390.4007716412664,1.1107227790205132
KMeans,"{'n_clusters': 11, 'init': 'k-means++', 'algorithm': 'lloyd', 'random_state': 2022}",0.278256360701033,1395.9238177497025,1.1331147217221453
KMeans,"{'n_clusters': 11, 'init': 'k-means++', 'algorithm': 'lloyd', 'random_state': 3033}",0.2859577090053818,1383.741673200586,1.0940219097729884
KMeans,"{'n_clusters': 11, 'init': 'k-means++', 'algorithm': 'lloyd', 'random_state': 4044}",0.2766099633784153,1422.1320698533223,1.0861343402904984
KMeans,"{'n_clusters': 11, 'init': 'k-means++', 'algorithm': 'lloyd', 'random_state': 5055}",0.27726883268871716,1362.6780851979106,1.118368929673502
KMeans,"{'n_clusters': 11, 'init': 'k-means++', 'algorithm': 'lloyd', 'random_state': 6066}",0.27922555778538766,1343.0813467381604,1.1737035479829225
KMeans,"{'n_clusters': 11, 'init': 'k-means++', 'algorithm': 'elkan', 'random_state': 42}",0.2791723803008113,1393.2900614653872,1.0969679425476573
KMeans,"{'n_clusters': 11, 'init': 'k-means++', 'algorithm': 'elkan', 'random_state': 123}",0.272020509583078,1404.5055502539576,1.1091130819968513
KMeans,"{'n_clusters': 11, 'init': 'k-means++', 'algorithm': 'elkan', 'random_state': 456}",0.2928437933228096,1402.0418931759455,1.0988410166349707
KMeans,"{'n_clusters': 11, 'init': 'k-means++', 'algorithm': 'elkan', 'random_state': 789}",0.29286614916507236,1404.9243463794407,1.1022952445121952
KMeans,"{'n_clusters': 11, 'init': 'k-means++', 'algorithm': 'elkan', 'random_state': 1011}",0.27071685402265505,1390.4007716412664,1.1107227790205132
KMeans,"{'n_clusters': 11, 'init': 'k-means++', 'algorithm': 'elkan', 'random_state': 2022}",0.278256360701033,1395.9238177497025,1.1331147217221453
KMeans,"{'n_clusters': 11, 'init': 'k-means++', 'algorithm': 'elkan', 'random_state': 3033}",0.2859577090053818,1383.741673200586,1.0940219097729884
KMeans,"{'n_clusters': 11, 'init': 'k-means++', 'algorithm': 'elkan', 'random_state': 4044}",0.2766099633784153,1422.1320698533223,1.0861343402904984
KMeans,"{'n_clusters': 11, 'init': 'k-means++', 'algorithm': 'elkan', 'random_state': 5055}",0.27726883268871716,1362.6780851979106,1.118368929673502
KMeans,"{'n_clusters': 11, 'init': 'k-means++', 'algorithm': 'elkan', 'random_state': 6066}",0.27922555778538766,1343.0813467381604,1.1737035479829225
KMeans,"{'n_clusters': 11, 'init': 'random', 'algorithm': 'lloyd', 'random_state': 42}",0.2721586275049221,1415.7633219126615,1.1044492849231846
KMeans,"{'n_clusters': 11, 'init': 'random', 'algorithm': 'lloyd', 'random_state': 123}",0.2764880694200234,1422.2059201544173,1.0871018285599277
KMeans,"{'n_clusters': 11, 'init': 'random', 'algorithm': 'lloyd', 'random_state': 456}",0.2689983228238942,1408.5350221553615,1.1436992029266742
KMeans,"{'n_clusters': 11, 'init': 'random', 'algorithm': 'lloyd', 'random_state': 789}",0.27696209304029873,1422.141733518169,1.0879376036657782
KMeans,"{'n_clusters': 11, 'init': 'random', 'algorithm': 'lloyd', 'random_state': 1011}",0.2813503870329486,1395.7234803493852,1.143595138217687
KMeans,"{'n_clusters': 11, 'init': 'random', 'algorithm': 'lloyd', 'random_state': 2022}",0.2680751210779959,1411.3421435711352,1.1090016542832255
KMeans,"{'n_clusters': 11, 'init': 'random', 'algorithm': 'lloyd', 'random_state': 3033}",0.2882749245184216,1380.1571004718123,1.0879572941500386
KMeans,"{'n_clusters': 11, 'init': 'random', 'algorithm': 'lloyd', 'random_state': 4044}",0.27113321080686653,1398.1692039082416,1.1416708749072522
KMeans,"{'n_clusters': 11, 'init': 'random', 'algorithm': 'lloyd', 'random_state': 5055}",0.27494123121620756,1419.7469951805904,1.0918549032959879
KMeans,"{'n_clusters': 11, 'init': 'random', 'algorithm': 'lloyd', 'random_state': 6066}",0.2763849172396444,1421.5739746693744,1.0862073084670207
KMeans,"{'n_clusters': 11, 'init': 'random', 'algorithm': 'elkan', 'random_state': 42}",0.2721586275049221,1415.7633219126615,1.1044492849231846
KMeans,"{'n_clusters': 11, 'init': 'random', 'algorithm': 'elkan', 'random_state': 123}",0.2764880694200234,1422.2059201544173,1.0871018285599277
KMeans,"{'n_clusters': 11, 'init': 'random', 'algorithm': 'elkan', 'random_state': 456}",0.2689983228238942,1408.5350221553615,1.1436992029266742
KMeans,"{'n_clusters': 11, 'init': 'random', 'algorithm': 'elkan', 'random_state': 789}",0.27696209304029873,1422.141733518169,1.0879376036657782
KMeans,"{'n_clusters': 11, 'init': 'random', 'algorithm': 'elkan', 'random_state': 1011}",0.2813503870329486,1395.7234803493852,1.143595138217687
KMeans,"{'n_clusters': 11, 'init': 'random', 'algorithm': 'elkan', 'random_state': 2022}",0.2680751210779959,1411.3421435711352,1.1090016542832255
KMeans,"{'n_clusters': 11, 'init': 'random', 'algorithm': 'elkan', 'random_state': 3033}",0.2882749245184216,1380.1571004718123,1.0879572941500386
KMeans,"{'n_clusters': 11, 'init': 'random', 'algorithm': 'elkan', 'random_state': 4044}",0.27113321080686653,1398.1692039082416,1.1416708749072522
KMeans,"{'n_clusters': 11, 'init': 'random', 'algorithm': 'elkan', 'random_state': 5055}",0.27494123121620756,1419.7469951805904,1.0918549032959879
KMeans,"{'n_clusters': 11, 'init': 'random', 'algorithm': 'elkan', 'random_state': 6066}",0.2763849172396444,1421.5739746693744,1.0862073084670207
KMeans,"{'n_clusters': 12, 'init': 'k-means++', 'algorithm': 'lloyd', 'random_state': 42}",0.2850234959894084,1403.7891799687272,1.0677106817346753
KMeans,"{'n_clusters': 12, 'init': 'k-means++', 'algorithm': 'lloyd', 'random_state': 123}",0.28434470051248917,1403.793994940468,1.0731135872738364
KMeans,"{'n_clusters': 12, 'init': 'k-means++', 'algorithm': 'lloyd', 'random_state': 456}",0.2935830883189079,1350.4097880318354,1.1045746278413713
KMeans,"{'n_clusters': 12, 'init': 'k-means++', 'algorithm': 'lloyd', 'random_state': 789}",0.2827518448267397,1374.3214029537776,1.0959430218228596
KMeans,"{'n_clusters': 12, 'init': 'k-means++', 'algorithm': 'lloyd', 'random_state': 1011}",0.27008831810981027,1335.3056247245686,1.131709216002687
KMeans,"{'n_clusters': 12, 'init': 'k-means++', 'algorithm': 'lloyd', 'random_state': 2022}",0.2800140918802551,1372.842409940354,1.1052642770178285
KMeans,"{'n_clusters': 12, 'init': 'k-means++', 'algorithm': 'lloyd', 'random_state': 3033}",0.2767294440213663,1321.8955479931508,1.1131059759265003
KMeans,"{'n_clusters': 12, 'init': 'k-means++', 'algorithm': 'lloyd', 'random_state': 4044}",0.28372388520916947,1403.5427872179341,1.0639107713087002
KMeans,"{'n_clusters': 12, 'init': 'k-means++', 'algorithm': 'lloyd', 'random_state': 5055}",0.2841602971841947,1403.4783990134338,1.0642871583732318
KMeans,"{'n_clusters': 12, 'init': 'k-means++', 'algorithm': 'lloyd', 'random_state': 6066}",0.2875117262671749,1342.7531507451563,1.1168453455779745
KMeans,"{'n_clusters': 12, 'init': 'k-means++', 'algorithm': 'elkan', 'random_state': 42}",0.2850234959894084,1403.7891799687272,1.0677106817346753
KMeans,"{'n_clusters': 12, 'init': 'k-means++', 'algorithm': 'elkan', 'random_state': 123}",0.28434470051248917,1403.793994940468,1.0731135872738364
KMeans,"{'n_clusters': 12, 'init': 'k-means++', 'algorithm': 'elkan', 'random_state': 456}",0.2935830883189079,1350.4097880318354,1.1045746278413713
KMeans,"{'n_clusters': 12, 'init': 'k-means++', 'algorithm': 'elkan', 'random_state': 789}",0.2827518448267397,1374.3214029537776,1.0959430218228596
KMeans,"{'n_clusters': 12, 'init': 'k-means++', 'algorithm': 'elkan', 'random_state': 1011}",0.27008831810981027,1335.3056247245686,1.131709216002687
KMeans,"{'n_clusters': 12, 'init': 'k-means++', 'algorithm': 'elkan', 'random_state': 2022}",0.2800140918802551,1372.842409940354,1.1052642770178285
KMeans,"{'n_clusters': 12, 'init': 'k-means++', 'algorithm': 'elkan', 'random_state': 3033}",0.2767294440213663,1321.8955479931508,1.1131059759265003
KMeans,"{'n_clusters': 12, 'init': 'k-means++', 'algorithm': 'elkan', 'random_state': 4044}",0.28372388520916947,1403.5427872179341,1.0639107713087002
KMeans,"{'n_clusters': 12, 'init': 'k-means++', 'algorithm': 'elkan', 'random_state': 5055}",0.2841602971841947,1403.4783990134338,1.0642871583732318
KMeans,"{'n_clusters': 12, 'init': 'k-means++', 'algorithm': 'elkan', 'random_state': 6066}",0.2875117262671749,1342.7531507451563,1.1168453455779745
KMeans,"{'n_clusters': 12, 'init': 'random', 'algorithm': 'lloyd', 'random_state': 42}",0.28514903797753643,1403.9321804133833,1.0720406680107692
KMeans,"{'n_clusters': 12, 'init': 'random', 'algorithm': 'lloyd', 'random_state': 123}",0.276359862215584,1376.7962060782602,1.1024320911264978
KMeans,"{'n_clusters': 12, 'init': 'random', 'algorithm': 'lloyd', 'random_state': 456}",0.28024681585176314,1377.988270536653,1.1116731948700291
KMeans,"{'n_clusters': 12, 'init': 'random', 'algorithm': 'lloyd', 'random_state': 789}",0.28498910743969014,1403.5445981059195,1.0684820817110927
KMeans,"{'n_clusters': 12, 'init': 'random', 'algorithm': 'lloyd', 'random_state': 1011}",0.28525153611189497,1403.9403519774028,1.0727164723099871
KMeans,"{'n_clusters': 12, 'init': 'random', 'algorithm': 'lloyd', 'random_state': 2022}",0.28513017139733965,1403.9597265058687,1.0733955414368508
KMeans,"{'n_clusters': 12, 'init': 'random', 'algorithm': 'lloyd', 'random_state': 3033}",0.276155582463502,1375.3290805829974,1.0964437257239261
KMeans,"{'n_clusters': 12, 'init': 'random', 'algorithm': 'lloyd', 'random_state': 4044}",0.28450985321055733,1403.9825430231983,1.0660655198705487
KMeans,"{'n_clusters': 12, 'init': 'random', 'algorithm': 'lloyd', 'random_state': 5055}",0.28455455099434007,1403.8379567020609,1.0665123408051713
KMeans,"{'n_clusters': 12, 'init': 'random', 'algorithm': 'lloyd', 'random_state': 6066}",0.2846331035124203,1404.0766906252245,1.067315125466841
KMeans,"{'n_clusters': 12, 'init': 'random', 'algorithm': 'elkan', 'random_state': 42}",0.28514903797753643,1403.9321804133833,1.0720406680107692
KMeans,"{'n_clusters': 12, 'init': 'random', 'algorithm': 'elkan', 'random_state': 123}",0.276359862215584,1376.7962060782602,1.1024320911264978
KMeans,"{'n_clusters': 12, 'init': 'random', 'algorithm': 'elkan', 'random_state': 456}",0.28024681585176314,1377.988270536653,1.1116731948700291
KMeans,"{'n_clusters': 12, 'init': 'random', 'algorithm': 'elkan', 'random_state': 789}",0.28498910743969014,1403.5445981059195,1.0684820817110927
KMeans,"{'n_clusters': 12, 'init': 'random', 'algorithm': 'elkan', 'random_state': 1011}",0.28525153611189497,1403.9403519774028,1.0727164723099871
KMeans,"{'n_clusters': 12, 'init': 'random', 'algorithm': 'elkan', 'random_state': 2022}",0.28513017139733965,1403.9597265058687,1.0733955414368508
KMeans,"{'n_clusters': 12, 'init': 'random', 'algorithm': 'elkan', 'random_state': 3033}",0.276155582463502,1375.3290805829974,1.0964437257239261
KMeans,"{'n_clusters': 12, 'init': 'random', 'algorithm': 'elkan', 'random_state': 4044}",0.28450985321055733,1403.9825430231983,1.0660655198705487
KMeans,"{'n_clusters': 12, 'init': 'random', 'algorithm': 'elkan', 'random_state': 5055}",0.28455455099434007,1403.8379567020609,1.0665123408051713
KMeans,"{'n_clusters': 12, 'init': 'random', 'algorithm': 'elkan', 'random_state': 6066}",0.2846331035124203,1404.0766906252245,1.067315125466841
BisectingKMeans,"{'n_clusters': 5, 'init': 'k-means++', 'algorithm': 'lloyd', 'random_state': 42}",0.31836229342022426,1805.5394933895054,1.203646465666043
BisectingKMeans,"{'n_clusters': 5, 'init': 'k-means++', 'algorithm': 'lloyd', 'random_state': 123}",0.31780899884692143,1806.4213078952066,1.2016775856256716
BisectingKMeans,"{'n_clusters': 5, 'init': 'k-means++', 'algorithm': 'lloyd', 'random_state': 456}",0.32463570225735106,1769.2388397765078,1.1415745367670844
BisectingKMeans,"{'n_clusters': 5, 'init': 'k-means++', 'algorithm': 'lloyd', 'random_state': 789}",0.31395842382248956,1753.8943089706659,1.341645540055207
BisectingKMeans,"{'n_clusters': 5, 'init': 'k-means++', 'algorithm': 'lloyd', 'random_state': 1011}",0.3179956127210536,1806.8553260522,1.2017107223888297
BisectingKMeans,"{'n_clusters': 5, 'init': 'k-means++', 'algorithm': 'lloyd', 'random_state': 2022}",0.31856293854102824,1809.4413414428473,1.1995647942683205
BisectingKMeans,"{'n_clusters': 5, 'init': 'k-means++', 'algorithm': 'lloyd', 'random_state': 3033}",0.3136755312629885,1749.4336698500977,1.3470169654532744
BisectingKMeans,"{'n_clusters': 5, 'init': 'k-means++', 'algorithm': 'lloyd', 'random_state': 4044}",0.31862763939565947,1808.6688692812506,1.1988684473708033
BisectingKMeans,"{'n_clusters': 5, 'init': 'k-means++', 'algorithm': 'lloyd', 'random_state': 5055}",0.31864036375274307,1809.862055412812,1.1998143026463384
BisectingKMeans,"{'n_clusters': 5, 'init': 'k-means++', 'algorithm': 'lloyd', 'random_state': 6066}",0.31780899884692143,1806.4213078952066,1.2016775856256716
BisectingKMeans,"{'n_clusters': 5, 'init': 'k-means++', 'algorithm': 'elkan', 'random_state': 42}",0.31836229342022426,1805.5394933895054,1.203646465666043
BisectingKMeans,"{'n_clusters': 5, 'init': 'k-means++', 'algorithm': 'elkan', 'random_state': 123}",0.31780899884692143,1806.4213078952066,1.2016775856256716
BisectingKMeans,"{'n_clusters': 5, 'init': 'k-means++', 'algorithm': 'elkan', 'random_state': 456}",0.32463570225735106,1769.2388397765078,1.1415745367670844
BisectingKMeans,"{'n_clusters': 5, 'init': 'k-means++', 'algorithm': 'elkan', 'random_state': 789}",0.31395842382248956,1753.8943089706659,1.341645540055207
BisectingKMeans,"{'n_clusters': 5, 'init': 'k-means++', 'algorithm': 'elkan', 'random_state': 1011}",0.3179956127210536,1806.8553260522,1.2017107223888297
BisectingKMeans,"{'n_clusters': 5, 'init': 'k-means++', 'algorithm': 'elkan', 'random_state': 2022}",0.31856293854102824,1809.4413414428473,1.1995647942683205
BisectingKMeans,"{'n_clusters': 5, 'init': 'k-means++', 'algorithm': 'elkan', 'random_state': 3033}",0.3136755312629885,1749.4336698500977,1.3470169654532744
BisectingKMeans,"{'n_clusters': 5, 'init': 'k-means++', 'algorithm': 'elkan', 'random_state': 4044}",0.31862763939565947,1808.6688692812506,1.1988684473708033
BisectingKMeans,"{'n_clusters': 5, 'init': 'k-means++', 'algorithm': 'elkan', 'random_state': 5055}",0.31864036375274307,1809.862055412812,1.1998143026463384
BisectingKMeans,"{'n_clusters': 5, 'init': 'k-means++', 'algorithm': 'elkan', 'random_state': 6066}",0.31780899884692143,1806.4213078952066,1.2016775856256716
BisectingKMeans,"{'n_clusters': 5, 'init': 'random', 'algorithm': 'lloyd', 'random_state': 42}",0.3183300195163188,1809.0520604140274,1.2014510640911378
BisectingKMeans,"{'n_clusters': 5, 'init': 'random', 'algorithm': 'lloyd', 'random_state': 123}",0.31871350885440175,1809.090471385401,1.1996400387779338
BisectingKMeans,"{'n_clusters': 5, 'init': 'random', 'algorithm': 'lloyd', 'random_state': 456}",0.31855937980467774,1808.659479915606,1.1994937046936776
BisectingKMeans,"{'n_clusters': 5, 'init': 'random', 'algorithm': 'lloyd', 'random_state': 789}",0.3093178432925431,1771.4105463834094,1.2751985073186032
BisectingKMeans,"{'n_clusters': 5, 'init': 'random', 'algorithm': 'lloyd', 'random_state': 1011}",0.31117972867798466,1751.2042667098447,1.2999699830963753
BisectingKMeans,"{'n_clusters': 5, 'init': 'random', 'algorithm': 'lloyd', 'random_state': 2022}",0.31857987684357997,1809.8862401651386,1.200328280712307
BisectingKMeans,"{'n_clusters': 5, 'init': 'random', 'algorithm': 'lloyd', 'random_state': 3033}",0.31142295391482644,1749.8906564050833,1.312403086785116
BisectingKMeans,"{'n_clusters': 5, 'init': 'random', 'algorithm': 'lloyd', 'random_state': 4044}",0.31818407529402215,1806.4503751006862,1.1999693572380221
BisectingKMeans,"{'n_clusters': 5, 'init': 'random', 'algorithm': 'lloyd', 'random_state': 5055}",0.3186061701827133,1809.8443814842383,1.2003941788236736
BisectingKMeans,"{'n_clusters': 5, 'init': 'random', 'algorithm': 'lloyd', 'random_state': 6066}",0.31833952799390736,1806.8946848144753,1.1999395155052905
BisectingKMeans,"{'n_clusters': 5, 'init': 'random', 'algorithm': 'elkan', 'random_state': 42}",0.3183300195163188,1809.0520604140274,1.2014510640911378
BisectingKMeans,"{'n_clusters': 5, 'init': 'random', 'algorithm': 'elkan', 'random_state': 123}",0.31871350885440175,1809.090471385401,1.1996400387779338
BisectingKMeans,"{'n_clusters': 5, 'init': 'random', 'algorithm': 'elkan', 'random_state': 456}",0.31855937980467774,1808.659479915606,1.1994937046936776
BisectingKMeans,"{'n_clusters': 5, 'init': 'random', 'algorithm': 'elkan', 'random_state': 789}",0.3093178432925431,1771.4105463834094,1.2751985073186032
BisectingKMeans,"{'n_clusters': 5, 'init': 'random', 'algorithm': 'elkan', 'random_state': 1011}",0.31117972867798466,1751.2042667098447,1.2999699830963753
BisectingKMeans,"{'n_clusters': 5, 'init': 'random', 'algorithm': 'elkan', 'random_state': 2022}",0.31857987684357997,1809.8862401651386,1.200328280712307
BisectingKMeans,"{'n_clusters': 5, 'init': 'random', 'algorithm': 'elkan', 'random_state': 3033}",0.31142295391482644,1749.8906564050833,1.312403086785116
BisectingKMeans,"{'n_clusters': 5, 'init': 'random', 'algorithm': 'elkan', 'random_state': 4044}",0.31818407529402215,1806.4503751006862,1.1999693572380221
BisectingKMeans,"{'n_clusters': 5, 'init': 'random', 'algorithm': 'elkan', 'random_state': 5055}",0.3186061701827133,1809.8443814842383,1.2003941788236736
BisectingKMeans,"{'n_clusters': 5, 'init': 'random', 'algorithm': 'elkan', 'random_state': 6066}",0.31833952799390736,1806.8946848144753,1.1999395155052905
BisectingKMeans,"{'n_clusters': 6, 'init': 'k-means++', 'algorithm': 'lloyd', 'random_state': 42}",0.29687436757514873,1669.4277948765082,1.294100062137639
BisectingKMeans,"{'n_clusters': 6, 'init': 'k-means++', 'algorithm': 'lloyd', 'random_state': 123}",0.2972886034314089,1673.8936029070132,1.2919589182662838
BisectingKMeans,"{'n_clusters': 6, 'init': 'k-means++', 'algorithm': 'lloyd', 'random_state': 456}",0.30544464646279756,1564.9363573767391,1.2941416927153102
BisectingKMeans,"{'n_clusters': 6, 'init': 'k-means++', 'algorithm': 'lloyd', 'random_state': 789}",0.29238547183548813,1617.5231546650778,1.3841169418096113
BisectingKMeans,"{'n_clusters': 6, 'init': 'k-means++', 'algorithm': 'lloyd', 'random_state': 1011}",0.2960307008080926,1673.7686596536169,1.2975938651746326
BisectingKMeans,"{'n_clusters': 6, 'init': 'k-means++', 'algorithm': 'lloyd', 'random_state': 2022}",0.295702957182642,1672.0727315163938,1.2989864105933229
BisectingKMeans,"{'n_clusters': 6, 'init': 'k-means++', 'algorithm': 'lloyd', 'random_state': 3033}",0.2930979719043347,1617.3786451604217,1.383469049985419
BisectingKMeans,"{'n_clusters': 6, 'init': 'k-means++', 'algorithm': 'lloyd', 'random_state': 4044}",0.29655052164494694,1675.0247692960804,1.2949337856048215
BisectingKMeans,"{'n_clusters': 6, 'init': 'k-means++', 'algorithm': 'lloyd', 'random_state': 5055}",0.2969961660422452,1672.5479204445842,1.2917670033561075
BisectingKMeans,"{'n_clusters': 6, 'init': 'k-means++', 'algorithm': 'lloyd', 'random_state': 6066}",0.2970420654015679,1673.9738791780999,1.2911080481948722
BisectingKMeans,"{'n_clusters': 6, 'init': 'k-means++', 'algorithm': 'elkan', 'random_state': 42}",0.29687436757514873,1669.4277948765082,1.294100062137639
BisectingKMeans,"{'n_clusters': 6, 'init': 'k-means++', 'algorithm': 'elkan', 'random_state': 123}",0.2972886034314089,1673.8936029070132,1.2919589182662838
BisectingKMeans,"{'n_clusters': 6, 'init': 'k-means++', 'algorithm': 'elkan', 'random_state': 456}",0.30544464646279756,1564.9363573767391,1.2941416927153102
BisectingKMeans,"{'n_clusters': 6, 'init': 'k-means++', 'algorithm': 'elkan', 'random_state': 789}",0.29238547183548813,1617.5231546650778,1.3841169418096113
BisectingKMeans,"{'n_clusters': 6, 'init': 'k-means++', 'algorithm': 'elkan', 'random_state': 1011}",0.2960307008080926,1673.7686596536169,1.2975938651746326
BisectingKMeans,"{'n_clusters': 6, 'init': 'k-means++', 'algorithm': 'elkan', 'random_state': 2022}",0.295702957182642,1672.0727315163938,1.2989864105933229
BisectingKMeans,"{'n_clusters': 6, 'init': 'k-means++', 'algorithm': 'elkan', 'random_state': 3033}",0.2930979719043347,1617.3786451604217,1.383469049985419
BisectingKMeans,"{'n_clusters': 6, 'init': 'k-means++', 'algorithm': 'elkan', 'random_state': 4044}",0.29655052164494694,1675.0247692960804,1.2949337856048215
BisectingKMeans,"{'n_clusters': 6, 'init': 'k-means++', 'algorithm': 'elkan', 'random_state': 5055}",0.2969961660422452,1672.5479204445842,1.2917670033561075
BisectingKMeans,"{'n_clusters': 6, 'init': 'k-means++', 'algorithm': 'elkan', 'random_state': 6066}",0.2970420654015679,1673.9738791780999,1.2911080481948722
BisectingKMeans,"{'n_clusters': 6, 'init': 'random', 'algorithm': 'lloyd', 'random_state': 42}",0.29736069210724436,1675.4527051575078,1.2898118338394642
BisectingKMeans,"{'n_clusters': 6, 'init': 'random', 'algorithm': 'lloyd', 'random_state': 123}",0.29643261607089355,1675.036943761778,1.2953479237841108
BisectingKMeans,"{'n_clusters': 6, 'init': 'random', 'algorithm': 'lloyd', 'random_state': 456}",0.29750777435975106,1675.4705300892508,1.288701482807148
BisectingKMeans,"{'n_clusters': 6, 'init': 'random', 'algorithm': 'lloyd', 'random_state': 789}",0.28934378879979844,1646.7018324219027,1.3496084884581265
BisectingKMeans,"{'n_clusters': 6, 'init': 'random', 'algorithm': 'lloyd', 'random_state': 1011}",0.2899032208390514,1618.5885380057687,1.3629048280926785
BisectingKMeans,"{'n_clusters': 6, 'init': 'random', 'algorithm': 'lloyd', 'random_state': 2022}",0.2956343805804665,1672.1164524295943,1.2992005107715965
BisectingKMeans,"{'n_clusters': 6, 'init': 'random', 'algorithm': 'lloyd', 'random_state': 3033}",0.2901849434435164,1617.6590004441298,1.3712341863415454
BisectingKMeans,"{'n_clusters': 6, 'init': 'random', 'algorithm': 'lloyd', 'random_state': 4044}",0.2974985805934709,1673.9178697124005,1.2905771142271105
BisectingKMeans,"{'n_clusters': 6, 'init': 'random', 'algorithm': 'lloyd', 'random_state': 5055}",0.2956235602715454,1672.0750043265894,1.2988621612080729
BisectingKMeans,"{'n_clusters': 6, 'init': 'random', 'algorithm': 'lloyd', 'random_state': 6066}",0.29730306517692584,1674.055389501957,1.2902651999825865
BisectingKMeans,"{'n_clusters': 6, 'init': 'random', 'algorithm': 'elkan', 'random_state': 42}",0.29736069210724436,1675.4527051575078,1.2898118338394642
BisectingKMeans,"{'n_clusters': 6, 'init': 'random', 'algorithm': 'elkan', 'random_state': 123}",0.29643261607089355,1675.036943761778,1.2953479237841108
BisectingKMeans,"{'n_clusters': 6, 'init': 'random', 'algorithm': 'elkan', 'random_state': 456}",0.29750777435975106,1675.4705300892508,1.288701482807148
BisectingKMeans,"{'n_clusters': 6, 'init': 'random', 'algorithm': 'elkan', 'random_state': 789}",0.28934378879979844,1646.7018324219027,1.3496084884581265
BisectingKMeans,"{'n_clusters': 6, 'init': 'random', 'algorithm': 'elkan', 'random_state': 1011}",0.2899032208390514,1618.5885380057687,1.3629048280926785
BisectingKMeans,"{'n_clusters': 6, 'init': 'random', 'algorithm': 'elkan', 'random_state': 2022}",0.2956343805804665,1672.1164524295943,1.2992005107715965
BisectingKMeans,"{'n_clusters': 6, 'init': 'random', 'algorithm': 'elkan', 'random_state': 3033}",0.2901849434435164,1617.6590004441298,1.3712341863415454
BisectingKMeans,"{'n_clusters': 6, 'init': 'random', 'algorithm': 'elkan', 'random_state': 4044}",0.2974985805934709,1673.9178697124005,1.2905771142271105
BisectingKMeans,"{'n_clusters': 6, 'init': 'random', 'algorithm': 'elkan', 'random_state': 5055}",0.2956235602715454,1672.0750043265894,1.2988621612080729
BisectingKMeans,"{'n_clusters': 6, 'init': 'random', 'algorithm': 'elkan', 'random_state': 6066}",0.29730306517692584,1674.055389501957,1.2902651999825865
BisectingKMeans,"{'n_clusters': 7, 'init': 'k-means++', 'algorithm': 'lloyd', 'random_state': 42}",0.28698951800836403,1519.2866379808306,1.317103887404361
BisectingKMeans,"{'n_clusters': 7, 'init': 'k-means++', 'algorithm': 'lloyd', 'random_state': 123}",0.2935280603760599,1550.7188881862605,1.2273233786989342
BisectingKMeans,"{'n_clusters': 7, 'init': 'k-means++', 'algorithm': 'lloyd', 'random_state': 456}",0.2831372159860678,1487.7849543042528,1.3333945980474518
BisectingKMeans,"{'n_clusters': 7, 'init': 'k-means++', 'algorithm': 'lloyd', 'random_state': 789}",0.2926615309596159,1537.4716971868895,1.2299003121919807
BisectingKMeans,"{'n_clusters': 7, 'init': 'k-means++', 'algorithm': 'lloyd', 'random_state': 1011}",0.292273593963009,1550.5964675219625,1.231737355381836
BisectingKMeans,"{'n_clusters': 7, 'init': 'k-means++', 'algorithm': 'lloyd', 'random_state': 2022}",0.2916036617955751,1548.967287162001,1.2395043228432112
BisectingKMeans,"{'n_clusters': 7, 'init': 'k-means++', 'algorithm': 'lloyd', 'random_state': 3033}",0.2941131824786256,1523.4373159846155,1.2481094651320406
BisectingKMeans,"{'n_clusters': 7, 'init': 'k-means++', 'algorithm': 'lloyd', 'random_state': 4044}",0.2924409065614091,1551.8597550462398,1.2360306442816387
BisectingKMeans,"{'n_clusters': 7, 'init': 'k-means++', 'algorithm': 'lloyd', 'random_state': 5055}",0.2928183420943634,1549.4258613012123,1.2289829491760855
BisectingKMeans,"{'n_clusters': 7, 'init': 'k-means++', 'algorithm': 'lloyd', 'random_state': 6066}",0.2883549738499716,1524.9839179369098,1.307193283467628
BisectingKMeans,"{'n_clusters': 7, 'init': 'k-means++', 'algorithm': 'elkan', 'random_state': 42}",0.28698951800836403,1519.2866379808306,1.317103887404361
BisectingKMeans,"{'n_clusters': 7, 'init': 'k-means++', 'algorithm': 'elkan', 'random_state': 123}",0.2935280603760599,1550.7188881862605,1.2273233786989342
BisectingKMeans,"{'n_clusters': 7, 'init': 'k-means++', 'algorithm': 'elkan', 'random_state': 456}",0.2831372159860678,1487.7849543042528,1.3333945980474518
BisectingKMeans,"{'n_clusters': 7, 'init': 'k-means++', 'algorithm': 'elkan', 'random_state': 789}",0.2926615309596159,1537.4716971868895,1.2299003121919807
BisectingKMeans,"{'n_clusters': 7, 'init': 'k-means++', 'algorithm': 'elkan', 'random_state': 1011}",0.292273593963009,1550.5964675219625,1.231737355381836
BisectingKMeans,"{'n_clusters': 7, 'init': 'k-means++', 'algorithm': 'elkan', 'random_state': 2022}",0.2916036617955751,1548.967287162001,1.2395043228432112
BisectingKMeans,"{'n_clusters': 7, 'init': 'k-means++', 'algorithm': 'elkan', 'random_state': 3033}",0.2941131824786256,1523.4373159846155,1.2481094651320406
BisectingKMeans,"{'n_clusters': 7, 'init': 'k-means++', 'algorithm': 'elkan', 'random_state': 4044}",0.2924409065614091,1551.8597550462398,1.2360306442816387
BisectingKMeans,"{'n_clusters': 7, 'init': 'k-means++', 'algorithm': 'elkan', 'random_state': 5055}",0.2928183420943634,1549.4258613012123,1.2289829491760855
BisectingKMeans,"{'n_clusters': 7, 'init': 'k-means++', 'algorithm': 'elkan', 'random_state': 6066}",0.2883549738499716,1524.9839179369098,1.307193283467628
BisectingKMeans,"{'n_clusters': 7, 'init': 'random', 'algorithm': 'lloyd', 'random_state': 42}",0.2934616845320331,1552.2466103194645,1.2250670428088344
BisectingKMeans,"{'n_clusters': 7, 'init': 'random', 'algorithm': 'lloyd', 'random_state': 123}",0.2863718309753121,1525.9406295390947,1.3190281617437456
BisectingKMeans,"{'n_clusters': 7, 'init': 'random', 'algorithm': 'lloyd', 'random_state': 456}",0.28806360231814765,1526.319384631022,1.3090150448826974
BisectingKMeans,"{'n_clusters': 7, 'init': 'random', 'algorithm': 'lloyd', 'random_state': 789}",0.25219742654910704,1486.5467935995707,1.384749325754025
BisectingKMeans,"{'n_clusters': 7, 'init': 'random', 'algorithm': 'lloyd', 'random_state': 1011}",0.2935419693833039,1510.9089541959927,1.2695470285635644
BisectingKMeans,"{'n_clusters': 7, 'init': 'random', 'algorithm': 'lloyd', 'random_state': 2022}",0.2917491111833678,1548.977727704723,1.2331144801792335
BisectingKMeans,"{'n_clusters': 7, 'init': 'random', 'algorithm': 'lloyd', 'random_state': 3033}",0.2916129320960109,1498.7932694444462,1.2811174457503576
BisectingKMeans,"{'n_clusters': 7, 'init': 'random', 'algorithm': 'lloyd', 'random_state': 4044}",0.2877769133974616,1524.8965261017179,1.3122170939805484
BisectingKMeans,"{'n_clusters': 7, 'init': 'random', 'algorithm': 'lloyd', 'random_state': 5055}",0.2917122379400177,1548.9371218007273,1.232824466267642
BisectingKMeans,"{'n_clusters': 7, 'init': 'random', 'algorithm': 'lloyd', 'random_state': 6066}",0.2872250917705241,1525.0035005004636,1.3146715413424388
BisectingKMeans,"{'n_clusters': 7, 'init': 'random', 'algorithm': 'elkan', 'random_state': 42}",0.2934616845320331,1552.2466103194645,1.2250670428088344
BisectingKMeans,"{'n_clusters': 7, 'init': 'random', 'algorithm': 'elkan', 'random_state': 123}",0.2863718309753121,1525.9406295390947,1.3190281617437456
BisectingKMeans,"{'n_clusters': 7, 'init': 'random', 'algorithm': 'elkan', 'random_state': 456}",0.28806360231814765,1526.319384631022,1.3090150448826974
BisectingKMeans,"{'n_clusters': 7, 'init': 'random', 'algorithm': 'elkan', 'random_state': 789}",0.25219742654910704,1486.5467935995707,1.384749325754025
BisectingKMeans,"{'n_clusters': 7, 'init': 'random', 'algorithm': 'elkan', 'random_state': 1011}",0.2935419693833039,1510.9089541959927,1.2695470285635644
BisectingKMeans,"{'n_clusters': 7, 'init': 'random', 'algorithm': 'elkan', 'random_state': 2022}",0.2917491111833678,1548.977727704723,1.2331144801792335
BisectingKMeans,"{'n_clusters': 7, 'init': 'random', 'algorithm': 'elkan', 'random_state': 3033}",0.2916129320960109,1498.7932694444462,1.2811174457503576
BisectingKMeans,"{'n_clusters': 7, 'init': 'random', 'algorithm': 'elkan', 'random_state': 4044}",0.2877769133974616,1524.8965261017179,1.3122170939805484
BisectingKMeans,"{'n_clusters': 7, 'init': 'random', 'algorithm': 'elkan', 'random_state': 5055}",0.2917122379400177,1548.9371218007273,1.232824466267642
BisectingKMeans,"{'n_clusters': 7, 'init': 'random', 'algorithm': 'elkan', 'random_state': 6066}",0.2872250917705241,1525.0035005004636,1.3146715413424388
BisectingKMeans,"{'n_clusters': 8, 'init': 'k-means++', 'algorithm': 'lloyd', 'random_state': 42}",0.2526932157958747,1421.627418079264,1.3531010483677752
BisectingKMeans,"{'n_clusters': 8, 'init': 'k-means++', 'algorithm': 'lloyd', 'random_state': 123}",0.2630883672136448,1449.2588579510732,1.273206145859282
BisectingKMeans,"{'n_clusters': 8, 'init': 'k-means++', 'algorithm': 'lloyd', 'random_state': 456}",0.2557602135250847,1403.3096368484598,1.366176307993368
BisectingKMeans,"{'n_clusters': 8, 'init': 'k-means++', 'algorithm': 'lloyd', 'random_state': 789}",0.2656334447088262,1443.5034666405784,1.277655581791291
BisectingKMeans,"{'n_clusters': 8, 'init': 'k-means++', 'algorithm': 'lloyd', 'random_state': 1011}",0.2628577748262327,1449.670945154568,1.2819420430409987
BisectingKMeans,"{'n_clusters': 8, 'init': 'k-means++', 'algorithm': 'lloyd', 'random_state': 2022}",0.2635147741282414,1454.9090681411553,1.2847586228821353
BisectingKMeans,"{'n_clusters': 8, 'init': 'k-means++', 'algorithm': 'lloyd', 'random_state': 3033}",0.2652233431497151,1427.2311698360788,1.2945326252406488
BisectingKMeans,"{'n_clusters': 8, 'init': 'k-means++', 'algorithm': 'lloyd', 'random_state': 4044}",0.26347299533426344,1455.4421087796138,1.2853544693424437
BisectingKMeans,"{'n_clusters': 8, 'init': 'k-means++', 'algorithm': 'lloyd', 'random_state': 5055}",0.26453277590827007,1454.277421691865,1.2784979645572072
BisectingKMeans,"{'n_clusters': 8, 'init': 'k-means++', 'algorithm': 'lloyd', 'random_state': 6066}",0.2543607574750722,1423.3800951445562,1.3447506796498572
BisectingKMeans,"{'n_clusters': 8, 'init': 'k-means++', 'algorithm': 'elkan', 'random_state': 42}",0.2526932157958747,1421.627418079264,1.3531010483677752
BisectingKMeans,"{'n_clusters': 8, 'init': 'k-means++', 'algorithm': 'elkan', 'random_state': 123}",0.2630883672136448,1449.2588579510732,1.273206145859282
BisectingKMeans,"{'n_clusters': 8, 'init': 'k-means++', 'algorithm': 'elkan', 'random_state': 456}",0.2557602135250847,1403.3096368484598,1.366176307993368
BisectingKMeans,"{'n_clusters': 8, 'init': 'k-means++', 'algorithm': 'elkan', 'random_state': 789}",0.2656334447088262,1443.5034666405784,1.277655581791291
BisectingKMeans,"{'n_clusters': 8, 'init': 'k-means++', 'algorithm': 'elkan', 'random_state': 1011}",0.2628577748262327,1449.670945154568,1.2819420430409987
BisectingKMeans,"{'n_clusters': 8, 'init': 'k-means++', 'algorithm': 'elkan', 'random_state': 2022}",0.2635147741282414,1454.9090681411553,1.2847586228821353
BisectingKMeans,"{'n_clusters': 8, 'init': 'k-means++', 'algorithm': 'elkan', 'random_state': 3033}",0.2652233431497151,1427.2311698360788,1.2945326252406488
BisectingKMeans,"{'n_clusters': 8, 'init': 'k-means++', 'algorithm': 'elkan', 'random_state': 4044}",0.26347299533426344,1455.4421087796138,1.2853544693424437
BisectingKMeans,"{'n_clusters': 8, 'init': 'k-means++', 'algorithm': 'elkan', 'random_state': 5055}",0.26453277590827007,1454.277421691865,1.2784979645572072
BisectingKMeans,"{'n_clusters': 8, 'init': 'k-means++', 'algorithm': 'elkan', 'random_state': 6066}",0.2543607574750722,1423.3800951445562,1.3447506796498572
BisectingKMeans,"{'n_clusters': 8, 'init': 'random', 'algorithm': 'lloyd', 'random_state': 42}",0.26377076952012524,1450.2200717310313,1.2736128477844137
BisectingKMeans,"{'n_clusters': 8, 'init': 'random', 'algorithm': 'lloyd', 'random_state': 123}",0.2533533866265612,1431.5563860704938,1.3519195973386302
BisectingKMeans,"{'n_clusters': 8, 'init': 'random', 'algorithm': 'lloyd', 'random_state': 456}",0.25528398514035894,1431.4260131800816,1.3474536411215179
BisectingKMeans,"{'n_clusters': 8, 'init': 'random', 'algorithm': 'lloyd', 'random_state': 789}",0.24737385180994884,1388.586915685189,1.360972351483131
BisectingKMeans,"{'n_clusters': 8, 'init': 'random', 'algorithm': 'lloyd', 'random_state': 1011}",0.2624630759966993,1415.0902349866246,1.3141240956126419
BisectingKMeans,"{'n_clusters': 8, 'init': 'random', 'algorithm': 'lloyd', 'random_state': 2022}",0.26411411912390426,1454.3121623685436,1.2788131022144418
BisectingKMeans,"{'n_clusters': 8, 'init': 'random', 'algorithm': 'lloyd', 'random_state': 3033}",0.2584885248363618,1398.4454641234997,1.3204641434188071
BisectingKMeans,"{'n_clusters': 8, 'init': 'random', 'algorithm': 'lloyd', 'random_state': 4044}",0.2553382907661101,1430.0228897879824,1.3500955126602545
BisectingKMeans,"{'n_clusters': 8, 'init': 'random', 'algorithm': 'lloyd', 'random_state': 5055}",0.26474064808170267,1457.0076941805553,1.2758444657425025
BisectingKMeans,"{'n_clusters': 8, 'init': 'random', 'algorithm': 'lloyd', 'random_state': 6066}",0.2532737944719277,1429.3123985977518,1.348956996840506
BisectingKMeans,"{'n_clusters': 8, 'init': 'random', 'algorithm': 'elkan', 'random_state': 42}",0.26377076952012524,1450.2200717310313,1.2736128477844137
BisectingKMeans,"{'n_clusters': 8, 'init': 'random', 'algorithm': 'elkan', 'random_state': 123}",0.2533533866265612,1431.5563860704938,1.3519195973386302
BisectingKMeans,"{'n_clusters': 8, 'init': 'random', 'algorithm': 'elkan', 'random_state': 456}",0.25528398514035894,1431.4260131800816,1.3474536411215179
BisectingKMeans,"{'n_clusters': 8, 'init': 'random', 'algorithm': 'elkan', 'random_state': 789}",0.24737385180994884,1388.586915685189,1.360972351483131
BisectingKMeans,"{'n_clusters': 8, 'init': 'random', 'algorithm': 'elkan', 'random_state': 1011}",0.2624630759966993,1415.0902349866246,1.3141240956126419
BisectingKMeans,"{'n_clusters': 8, 'init': 'random', 'algorithm': 'elkan', 'random_state': 2022}",0.26411411912390426,1454.3121623685436,1.2788131022144418
BisectingKMeans,"{'n_clusters': 8, 'init': 'random', 'algorithm': 'elkan', 'random_state': 3033}",0.2584885248363618,1398.4454641234997,1.3204641434188071
BisectingKMeans,"{'n_clusters': 8, 'init': 'random', 'algorithm': 'elkan', 'random_state': 4044}",0.2553382907661101,1430.0228897879824,1.3500955126602545
BisectingKMeans,"{'n_clusters': 8, 'init': 'random', 'algorithm': 'elkan', 'random_state': 5055}",0.26474064808170267,1457.0076941805553,1.2758444657425025
BisectingKMeans,"{'n_clusters': 8, 'init': 'random', 'algorithm': 'elkan', 'random_state': 6066}",0.2532737944719277,1429.3123985977518,1.348956996840506
BisectingKMeans,"{'n_clusters': 9, 'init': 'k-means++', 'algorithm': 'lloyd', 'random_state': 42}",0.23740761757902204,1347.8783274842644,1.3815145648898843
BisectingKMeans,"{'n_clusters': 9, 'init': 'k-means++', 'algorithm': 'lloyd', 'random_state': 123}",0.23846096454703766,1376.6804150033363,1.3115511555149615
BisectingKMeans,"{'n_clusters': 9, 'init': 'k-means++', 'algorithm': 'lloyd', 'random_state': 456}",0.22960552429064923,1331.3662036264457,1.3861237646121378
BisectingKMeans,"{'n_clusters': 9, 'init': 'k-means++', 'algorithm': 'lloyd', 'random_state': 789}",0.24035935902999642,1367.615545127821,1.3125525851576492
BisectingKMeans,"{'n_clusters': 9, 'init': 'k-means++', 'algorithm': 'lloyd', 'random_state': 1011}",0.24015682983900694,1378.5137057845095,1.324969608040596
BisectingKMeans,"{'n_clusters': 9, 'init': 'k-means++', 'algorithm': 'lloyd', 'random_state': 2022}",0.24691669780908468,1379.9235443352202,1.3214085245390956
BisectingKMeans,"{'n_clusters': 9, 'init': 'k-means++', 'algorithm': 'lloyd', 'random_state': 3033}",0.22815569165925936,1322.7206733632217,1.3923271093591851
BisectingKMeans,"{'n_clusters': 9, 'init': 'k-means++', 'algorithm': 'lloyd', 'random_state': 4044}",0.22723029870958364,1349.6103380139882,1.3832427025024487
BisectingKMeans,"{'n_clusters': 9, 'init': 'k-means++', 'algorithm': 'lloyd', 'random_state': 5055}",0.24006504830011585,1379.19281624709,1.3229082634793203
BisectingKMeans,"{'n_clusters': 9, 'init': 'k-means++', 'algorithm': 'lloyd', 'random_state': 6066}",0.22931565926559194,1350.8890914649648,1.382192278234271
BisectingKMeans,"{'n_clusters': 9, 'init': 'k-means++', 'algorithm': 'elkan', 'random_state': 42}",0.23740761757902204,1347.8783274842644,1.3815145648898843
BisectingKMeans,"{'n_clusters': 9, 'init': 'k-means++', 'algorithm': 'elkan', 'random_state': 123}",0.23846096454703766,1376.6804150033363,1.3115511555149615
BisectingKMeans,"{'n_clusters': 9, 'init': 'k-means++', 'algorithm': 'elkan', 'random_state': 456}",0.22960552429064923,1331.3662036264457,1.3861237646121378
BisectingKMeans,"{'n_clusters': 9, 'init': 'k-means++', 'algorithm': 'elkan', 'random_state': 789}",0.24035935902999642,1367.615545127821,1.3125525851576492
BisectingKMeans,"{'n_clusters': 9, 'init': 'k-means++', 'algorithm': 'elkan', 'random_state': 1011}",0.24015682983900694,1378.5137057845095,1.324969608040596
BisectingKMeans,"{'n_clusters': 9, 'init': 'k-means++', 'algorithm': 'elkan', 'random_state': 2022}",0.24691669780908468,1379.9235443352202,1.3214085245390956
BisectingKMeans,"{'n_clusters': 9, 'init': 'k-means++', 'algorithm': 'elkan', 'random_state': 3033}",0.22815569165925936,1322.7206733632217,1.3923271093591851
BisectingKMeans,"{'n_clusters': 9, 'init': 'k-means++', 'algorithm': 'elkan', 'random_state': 4044}",0.22723029870958364,1349.6103380139882,1.3832427025024487
BisectingKMeans,"{'n_clusters': 9, 'init': 'k-means++', 'algorithm': 'elkan', 'random_state': 5055}",0.24006504830011585,1379.19281624709,1.3229082634793203
BisectingKMeans,"{'n_clusters': 9, 'init': 'k-means++', 'algorithm': 'elkan', 'random_state': 6066}",0.22931565926559194,1350.8890914649648,1.382192278234271
BisectingKMeans,"{'n_clusters': 9, 'init': 'random', 'algorithm': 'lloyd', 'random_state': 42}",0.23945439741794974,1378.191089292825,1.3147051238737726
BisectingKMeans,"{'n_clusters': 9, 'init': 'random', 'algorithm': 'lloyd', 'random_state': 123}",0.2296844813655429,1355.3683892111503,1.389981008991536
BisectingKMeans,"{'n_clusters': 9, 'init': 'random', 'algorithm': 'lloyd', 'random_state': 456}",0.23074664016277302,1355.563973884794,1.3854913433927567
BisectingKMeans,"{'n_clusters': 9, 'init': 'random', 'algorithm': 'lloyd', 'random_state': 789}",0.2578547939084221,1355.7728138796758,1.3043426099366136
BisectingKMeans,"{'n_clusters': 9, 'init': 'random', 'algorithm': 'lloyd', 'random_state': 1011}",0.23779678291097683,1339.6802542390215,1.3443249950615117
BisectingKMeans,"{'n_clusters': 9, 'init': 'random', 'algorithm': 'lloyd', 'random_state': 2022}",0.23946553075052712,1379.4055169257383,1.3140404287846659
BisectingKMeans,"{'n_clusters': 9, 'init': 'random', 'algorithm': 'lloyd', 'random_state': 3033}",0.22328947417311548,1298.449055461447,1.4163249431186518
BisectingKMeans,"{'n_clusters': 9, 'init': 'random', 'algorithm': 'lloyd', 'random_state': 4044}",0.23068461818224137,1353.6789900659096,1.38737079181489
BisectingKMeans,"{'n_clusters': 9, 'init': 'random', 'algorithm': 'lloyd', 'random_state': 5055}",0.24797120271800924,1379.955441257668,1.3143030746950073
BisectingKMeans,"{'n_clusters': 9, 'init': 'random', 'algorithm': 'lloyd', 'random_state': 6066}",0.22858586190469463,1353.3993267942385,1.3764452062459627
BisectingKMeans,"{'n_clusters': 9, 'init': 'random', 'algorithm': 'elkan', 'random_state': 42}",0.23945439741794974,1378.191089292825,1.3147051238737726
BisectingKMeans,"{'n_clusters': 9, 'init': 'random', 'algorithm': 'elkan', 'random_state': 123}",0.2296844813655429,1355.3683892111503,1.389981008991536
BisectingKMeans,"{'n_clusters': 9, 'init': 'random', 'algorithm': 'elkan', 'random_state': 456}",0.23074664016277302,1355.563973884794,1.3854913433927567
BisectingKMeans,"{'n_clusters': 9, 'init': 'random', 'algorithm': 'elkan', 'random_state': 789}",0.2578547939084221,1355.7728138796758,1.3043426099366136
BisectingKMeans,"{'n_clusters': 9, 'init': 'random', 'algorithm': 'elkan', 'random_state': 1011}",0.23779678291097683,1339.6802542390215,1.3443249950615117
BisectingKMeans,"{'n_clusters': 9, 'init': 'random', 'algorithm': 'elkan', 'random_state': 2022}",0.23946553075052712,1379.4055169257383,1.3140404287846659
BisectingKMeans,"{'n_clusters': 9, 'init': 'random', 'algorithm': 'elkan', 'random_state': 3033}",0.22328947417311548,1298.449055461447,1.4163249431186518
BisectingKMeans,"{'n_clusters': 9, 'init': 'random', 'algorithm': 'elkan', 'random_state': 4044}",0.23068461818224137,1353.6789900659096,1.38737079181489
BisectingKMeans,"{'n_clusters': 9, 'init': 'random', 'algorithm': 'elkan', 'random_state': 5055}",0.24797120271800924,1379.955441257668,1.3143030746950073
BisectingKMeans,"{'n_clusters': 9, 'init': 'random', 'algorithm': 'elkan', 'random_state': 6066}",0.22858586190469463,1353.3993267942385,1.3764452062459627
BisectingKMeans,"{'n_clusters': 10, 'init': 'k-means++', 'algorithm': 'lloyd', 'random_state': 42}",0.24003788291612763,1278.6150691589378,1.3898921483459046
BisectingKMeans,"{'n_clusters': 10, 'init': 'k-means++', 'algorithm': 'lloyd', 'random_state': 123}",0.2395704696296444,1301.9958433464703,1.3360801271563774
BisectingKMeans,"{'n_clusters': 10, 'init': 'k-means++', 'algorithm': 'lloyd', 'random_state': 456}",0.22961560961644123,1288.294293032129,1.2909555776471788
BisectingKMeans,"{'n_clusters': 10, 'init': 'k-means++', 'algorithm': 'lloyd', 'random_state': 789}",0.23475342780845965,1330.3470498903498,1.2868337259115268
BisectingKMeans,"{'n_clusters': 10, 'init': 'k-means++', 'algorithm': 'lloyd', 'random_state': 1011}",0.2423622280762397,1306.2606531852766,1.3591010055519048
BisectingKMeans,"{'n_clusters': 10, 'init': 'k-means++', 'algorithm': 'lloyd', 'random_state': 2022}",0.24951012393886912,1307.7479139976815,1.3537534743592738
BisectingKMeans,"{'n_clusters': 10, 'init': 'k-means++', 'algorithm': 'lloyd', 'random_state': 3033}",0.22154521280673642,1285.0763176216947,1.3623544132947625
BisectingKMeans,"{'n_clusters': 10, 'init': 'k-means++', 'algorithm': 'lloyd', 'random_state': 4044}",0.2253839297684891,1270.482232677011,1.4247741698658416
BisectingKMeans,"{'n_clusters': 10, 'init': 'k-means++', 'algorithm': 'lloyd', 'random_state': 5055}",0.238087547733547,1300.3911864394904,1.3700852859981936
BisectingKMeans,"{'n_clusters': 10, 'init': 'k-means++', 'algorithm': 'lloyd', 'random_state': 6066}",0.23023137181300288,1276.841104859987,1.4063764166686394
BisectingKMeans,"{'n_clusters': 10, 'init': 'k-means++', 'algorithm': 'elkan', 'random_state': 42}",0.24003788291612763,1278.6150691589378,1.3898921483459046
BisectingKMeans,"{'n_clusters': 10, 'init': 'k-means++', 'algorithm': 'elkan', 'random_state': 123}",0.2395704696296444,1301.9958433464703,1.3360801271563774
BisectingKMeans,"{'n_clusters': 10, 'init': 'k-means++', 'algorithm': 'elkan', 'random_state': 456}",0.22961560961644123,1288.294293032129,1.2909555776471788
BisectingKMeans,"{'n_clusters': 10, 'init': 'k-means++', 'algorithm': 'elkan', 'random_state': 789}",0.23475342780845965,1330.3470498903498,1.2868337259115268
BisectingKMeans,"{'n_clusters': 10, 'init': 'k-means++', 'algorithm': 'elkan', 'random_state': 1011}",0.2423622280762397,1306.2606531852766,1.3591010055519048
BisectingKMeans,"{'n_clusters': 10, 'init': 'k-means++', 'algorithm': 'elkan', 'random_state': 2022}",0.24951012393886912,1307.7479139976815,1.3537534743592738
BisectingKMeans,"{'n_clusters': 10, 'init': 'k-means++', 'algorithm': 'elkan', 'random_state': 3033}",0.22154521280673642,1285.0763176216947,1.3623544132947625
BisectingKMeans,"{'n_clusters': 10, 'init': 'k-means++', 'algorithm': 'elkan', 'random_state': 4044}",0.2253839297684891,1270.482232677011,1.4247741698658416
BisectingKMeans,"{'n_clusters': 10, 'init': 'k-means++', 'algorithm': 'elkan', 'random_state': 5055}",0.238087547733547,1300.3911864394904,1.3700852859981936
BisectingKMeans,"{'n_clusters': 10, 'init': 'k-means++', 'algorithm': 'elkan', 'random_state': 6066}",0.23023137181300288,1276.841104859987,1.4063764166686394
BisectingKMeans,"{'n_clusters': 10, 'init': 'random', 'algorithm': 'lloyd', 'random_state': 42}",0.24095158984054807,1304.4374161431917,1.3367650298298936
BisectingKMeans,"{'n_clusters': 10, 'init': 'random', 'algorithm': 'lloyd', 'random_state': 123}",0.2313079662665338,1281.4326378664734,1.4161723780506392
BisectingKMeans,"{'n_clusters': 10, 'init': 'random', 'algorithm': 'lloyd', 'random_state': 456}",0.2326681342971446,1281.266013282286,1.3954261150939689
BisectingKMeans,"{'n_clusters': 10, 'init': 'random', 'algorithm': 'lloyd', 'random_state': 789}",0.2433615226387493,1310.75708802273,1.3373801895869373
BisectingKMeans,"{'n_clusters': 10, 'init': 'random', 'algorithm': 'lloyd', 'random_state': 1011}",0.24087891433957043,1303.3385890673044,1.3430706399506804
BisectingKMeans,"{'n_clusters': 10, 'init': 'random', 'algorithm': 'lloyd', 'random_state': 2022}",0.23848262732388825,1301.93093604734,1.3596762799669873
BisectingKMeans,"{'n_clusters': 10, 'init': 'random', 'algorithm': 'lloyd', 'random_state': 3033}",0.22781372194053007,1270.176841526738,1.4091300209363162
BisectingKMeans,"{'n_clusters': 10, 'init': 'random', 'algorithm': 'lloyd', 'random_state': 4044}",0.23299754681361792,1281.8936097827218,1.4073749184115478
BisectingKMeans,"{'n_clusters': 10, 'init': 'random', 'algorithm': 'lloyd', 'random_state': 5055}",0.24589210062938255,1301.1368792211613,1.3628843589418367
BisectingKMeans,"{'n_clusters': 10, 'init': 'random', 'algorithm': 'lloyd', 'random_state': 6066}",0.2301541511536349,1279.4995312247001,1.4039901555796228
BisectingKMeans,"{'n_clusters': 10, 'init': 'random', 'algorithm': 'elkan', 'random_state': 42}",0.24095158984054807,1304.4374161431917,1.3367650298298936
BisectingKMeans,"{'n_clusters': 10, 'init': 'random', 'algorithm': 'elkan', 'random_state': 123}",0.2313079662665338,1281.4326378664734,1.4161723780506392
BisectingKMeans,"{'n_clusters': 10, 'init': 'random', 'algorithm': 'elkan', 'random_state': 456}",0.2326681342971446,1281.266013282286,1.3954261150939689
BisectingKMeans,"{'n_clusters': 10, 'init': 'random', 'algorithm': 'elkan', 'random_state': 789}",0.2433615226387493,1310.75708802273,1.3373801895869373
BisectingKMeans,"{'n_clusters': 10, 'init': 'random', 'algorithm': 'elkan', 'random_state': 1011}",0.24087891433957043,1303.3385890673044,1.3430706399506804
BisectingKMeans,"{'n_clusters': 10, 'init': 'random', 'algorithm': 'elkan', 'random_state': 2022}",0.23848262732388825,1301.93093604734,1.3596762799669873
BisectingKMeans,"{'n_clusters': 10, 'init': 'random', 'algorithm': 'elkan', 'random_state': 3033}",0.22781372194053007,1270.176841526738,1.4091300209363162
BisectingKMeans,"{'n_clusters': 10, 'init': 'random', 'algorithm': 'elkan', 'random_state': 4044}",0.23299754681361792,1281.8936097827218,1.4073749184115478
BisectingKMeans,"{'n_clusters': 10, 'init': 'random', 'algorithm': 'elkan', 'random_state': 5055}",0.24589210062938255,1301.1368792211613,1.3628843589418367
BisectingKMeans,"{'n_clusters': 10, 'init': 'random', 'algorithm': 'elkan', 'random_state': 6066}",0.2301541511536349,1279.4995312247001,1.4039901555796228
BisectingKMeans,"{'n_clusters': 11, 'init': 'k-means++', 'algorithm': 'lloyd', 'random_state': 42}",0.23928522449027262,1219.5224195527155,1.3989532397081064
BisectingKMeans,"{'n_clusters': 11, 'init': 'k-means++', 'algorithm': 'lloyd', 'random_state': 123}",0.24033031501135213,1242.7895260068315,1.349236351947079
BisectingKMeans,"{'n_clusters': 11, 'init': 'k-means++', 'algorithm': 'lloyd', 'random_state': 456}",0.22890577266179757,1223.5771233755033,1.3369610390599531
BisectingKMeans,"{'n_clusters': 11, 'init': 'k-means++', 'algorithm': 'lloyd', 'random_state': 789}",0.23375620523656457,1270.8626293245304,1.300797746320028
BisectingKMeans,"{'n_clusters': 11, 'init': 'k-means++', 'algorithm': 'lloyd', 'random_state': 1011}",0.23808790209640823,1241.9814883953866,1.3565245317312031
BisectingKMeans,"{'n_clusters': 11, 'init': 'k-means++', 'algorithm': 'lloyd', 'random_state': 2022}",0.24555686858070214,1242.991718687345,1.35030931697948
BisectingKMeans,"{'n_clusters': 11, 'init': 'k-means++', 'algorithm': 'lloyd', 'random_state': 3033}",0.2180659834761767,1226.3527534950188,1.3773048010389306
BisectingKMeans,"{'n_clusters': 11, 'init': 'k-means++', 'algorithm': 'lloyd', 'random_state': 4044}",0.22103745350846152,1207.5266120837932,1.4168206915680965
BisectingKMeans,"{'n_clusters': 11, 'init': 'k-means++', 'algorithm': 'lloyd', 'random_state': 5055}",0.23831950195821922,1242.7147290197279,1.3683134588726629
BisectingKMeans,"{'n_clusters': 11, 'init': 'k-means++', 'algorithm': 'lloyd', 'random_state': 6066}",0.22825350139807699,1218.9408728984654,1.4048175812126984
BisectingKMeans,"{'n_clusters': 11, 'init': 'k-means++', 'algorithm': 'elkan', 'random_state': 42}",0.23928522449027262,1219.5224195527155,1.3989532397081064
BisectingKMeans,"{'n_clusters': 11, 'init': 'k-means++', 'algorithm': 'elkan', 'random_state': 123}",0.24033031501135213,1242.7895260068315,1.349236351947079
BisectingKMeans,"{'n_clusters': 11, 'init': 'k-means++', 'algorithm': 'elkan', 'random_state': 456}",0.22890577266179757,1223.5771233755033,1.3369610390599531
BisectingKMeans,"{'n_clusters': 11, 'init': 'k-means++', 'algorithm': 'elkan', 'random_state': 789}",0.23375620523656457,1270.8626293245304,1.300797746320028
BisectingKMeans,"{'n_clusters': 11, 'init': 'k-means++', 'algorithm': 'elkan', 'random_state': 1011}",0.23808790209640823,1241.9814883953866,1.3565245317312031
BisectingKMeans,"{'n_clusters': 11, 'init': 'k-means++', 'algorithm': 'elkan', 'random_state': 2022}",0.24555686858070214,1242.991718687345,1.35030931697948
BisectingKMeans,"{'n_clusters': 11, 'init': 'k-means++', 'algorithm': 'elkan', 'random_state': 3033}",0.2180659834761767,1226.3527534950188,1.3773048010389306
BisectingKMeans,"{'n_clusters': 11, 'init': 'k-means++', 'algorithm': 'elkan', 'random_state': 4044}",0.22103745350846152,1207.5266120837932,1.4168206915680965
BisectingKMeans,"{'n_clusters': 11, 'init': 'k-means++', 'algorithm': 'elkan', 'random_state': 5055}",0.23831950195821922,1242.7147290197279,1.3683134588726629
BisectingKMeans,"{'n_clusters': 11, 'init': 'k-means++', 'algorithm': 'elkan', 'random_state': 6066}",0.22825350139807699,1218.9408728984654,1.4048175812126984
BisectingKMeans,"{'n_clusters': 11, 'init': 'random', 'algorithm': 'lloyd', 'random_state': 42}",0.23887001387744525,1246.776127220311,1.352322797650862
BisectingKMeans,"{'n_clusters': 11, 'init': 'random', 'algorithm': 'lloyd', 'random_state': 123}",0.22733543993997893,1217.5536528951286,1.4088963526281886
BisectingKMeans,"{'n_clusters': 11, 'init': 'random', 'algorithm': 'lloyd', 'random_state': 456}",0.23166021131330314,1223.795083719348,1.4069010356832174
BisectingKMeans,"{'n_clusters': 11, 'init': 'random', 'algorithm': 'lloyd', 'random_state': 789}",0.24415367621402367,1253.804795229558,1.3513285318179524
BisectingKMeans,"{'n_clusters': 11, 'init': 'random', 'algorithm': 'lloyd', 'random_state': 1011}",0.23450642334684138,1222.0400705351606,1.4177166021572585
BisectingKMeans,"{'n_clusters': 11, 'init': 'random', 'algorithm': 'lloyd', 'random_state': 2022}",0.23324251661025353,1237.0172439795779,1.3463163580083555
BisectingKMeans,"{'n_clusters': 11, 'init': 'random', 'algorithm': 'lloyd', 'random_state': 3033}",0.22413308145435618,1206.598796535986,1.402479592846541
BisectingKMeans,"{'n_clusters': 11, 'init': 'random', 'algorithm': 'lloyd', 'random_state': 4044}",0.23011874001260757,1224.0779183216227,1.4161680004574384
BisectingKMeans,"{'n_clusters': 11, 'init': 'random', 'algorithm': 'lloyd', 'random_state': 5055}",0.24074621315728628,1236.2797911953076,1.3436015300972437
BisectingKMeans,"{'n_clusters': 11, 'init': 'random', 'algorithm': 'lloyd', 'random_state': 6066}",0.22788591094218622,1221.215477800459,1.3956226110098877
BisectingKMeans,"{'n_clusters': 11, 'init': 'random', 'algorithm': 'elkan', 'random_state': 42}",0.23887001387744525,1246.776127220311,1.352322797650862
BisectingKMeans,"{'n_clusters': 11, 'init': 'random', 'algorithm': 'elkan', 'random_state': 123}",0.22733543993997893,1217.5536528951286,1.4088963526281886
BisectingKMeans,"{'n_clusters': 11, 'init': 'random', 'algorithm': 'elkan', 'random_state': 456}",0.23166021131330314,1223.795083719348,1.4069010356832174
BisectingKMeans,"{'n_clusters': 11, 'init': 'random', 'algorithm': 'elkan', 'random_state': 789}",0.24415367621402367,1253.804795229558,1.3513285318179524
BisectingKMeans,"{'n_clusters': 11, 'init': 'random', 'algorithm': 'elkan', 'random_state': 1011}",0.23450642334684138,1222.0400705351606,1.4177166021572585
BisectingKMeans,"{'n_clusters': 11, 'init': 'random', 'algorithm': 'elkan', 'random_state': 2022}",0.23324251661025353,1237.0172439795779,1.3463163580083555
BisectingKMeans,"{'n_clusters': 11, 'init': 'random', 'algorithm': 'elkan', 'random_state': 3033}",0.22413308145435618,1206.598796535986,1.402479592846541
BisectingKMeans,"{'n_clusters': 11, 'init': 'random', 'algorithm': 'elkan', 'random_state': 4044}",0.23011874001260757,1224.0779183216227,1.4161680004574384
BisectingKMeans,"{'n_clusters': 11, 'init': 'random', 'algorithm': 'elkan', 'random_state': 5055}",0.24074621315728628,1236.2797911953076,1.3436015300972437
BisectingKMeans,"{'n_clusters': 11, 'init': 'random', 'algorithm': 'elkan', 'random_state': 6066}",0.22788591094218622,1221.215477800459,1.3956226110098877
BisectingKMeans,"{'n_clusters': 12, 'init': 'k-means++', 'algorithm': 'lloyd', 'random_state': 42}",0.23771364994098235,1169.4068595920905,1.3862342630640434
BisectingKMeans,"{'n_clusters': 12, 'init': 'k-means++', 'algorithm': 'lloyd', 'random_state': 123}",0.23471118410375988,1217.7749489223393,1.3131694239820353
BisectingKMeans,"{'n_clusters': 12, 'init': 'k-means++', 'algorithm': 'lloyd', 'random_state': 456}",0.22361192088026838,1180.4023366760684,1.3259027794729932
BisectingKMeans,"{'n_clusters': 12, 'init': 'k-means++', 'algorithm': 'lloyd', 'random_state': 789}",0.23105112008346906,1223.173794071851,1.2998025305371732
BisectingKMeans,"{'n_clusters': 12, 'init': 'k-means++', 'algorithm': 'lloyd', 'random_state': 1011}",0.23670294571501244,1194.4815034662663,1.3564179689654903
BisectingKMeans,"{'n_clusters': 12, 'init': 'k-means++', 'algorithm': 'lloyd', 'random_state': 2022}",0.2434717189323952,1195.474247409496,1.3570005406125176
BisectingKMeans,"{'n_clusters': 12, 'init': 'k-means++', 'algorithm': 'lloyd', 'random_state': 3033}",0.21637320898672494,1179.880613540269,1.3694974954574268
BisectingKMeans,"{'n_clusters': 12, 'init': 'k-means++', 'algorithm': 'lloyd', 'random_state': 4044}",0.21772960119380727,1148.2437106600605,1.4122404605447436
BisectingKMeans,"{'n_clusters': 12, 'init': 'k-means++', 'algorithm': 'lloyd', 'random_state': 5055}",0.23573039267176105,1216.4580998048123,1.3239471030829797
BisectingKMeans,"{'n_clusters': 12, 'init': 'k-means++', 'algorithm': 'lloyd', 'random_state': 6066}",0.2311344612977641,1192.8000700293098,1.3289460073240653
BisectingKMeans,"{'n_clusters': 12, 'init': 'k-means++', 'algorithm': 'elkan', 'random_state': 42}",0.23771364994098235,1169.4068595920905,1.3862342630640434
BisectingKMeans,"{'n_clusters': 12, 'init': 'k-means++', 'algorithm': 'elkan', 'random_state': 123}",0.23471118410375988,1217.7749489223393,1.3131694239820353
BisectingKMeans,"{'n_clusters': 12, 'init': 'k-means++', 'algorithm': 'elkan', 'random_state': 456}",0.22361192088026838,1180.4023366760684,1.3259027794729932
BisectingKMeans,"{'n_clusters': 12, 'init': 'k-means++', 'algorithm': 'elkan', 'random_state': 789}",0.23105112008346906,1223.173794071851,1.2998025305371732
BisectingKMeans,"{'n_clusters': 12, 'init': 'k-means++', 'algorithm': 'elkan', 'random_state': 1011}",0.23670294571501244,1194.4815034662663,1.3564179689654903
BisectingKMeans,"{'n_clusters': 12, 'init': 'k-means++', 'algorithm': 'elkan', 'random_state': 2022}",0.2434717189323952,1195.474247409496,1.3570005406125176
BisectingKMeans,"{'n_clusters': 12, 'init': 'k-means++', 'algorithm': 'elkan', 'random_state': 3033}",0.21637320898672494,1179.880613540269,1.3694974954574268
BisectingKMeans,"{'n_clusters': 12, 'init': 'k-means++', 'algorithm': 'elkan', 'random_state': 4044}",0.21772960119380727,1148.2437106600605,1.4122404605447436
BisectingKMeans,"{'n_clusters': 12, 'init': 'k-means++', 'algorithm': 'elkan', 'random_state': 5055}",0.23573039267176105,1216.4580998048123,1.3239471030829797
BisectingKMeans,"{'n_clusters': 12, 'init': 'k-means++', 'algorithm': 'elkan', 'random_state': 6066}",0.2311344612977641,1192.8000700293098,1.3289460073240653
BisectingKMeans,"{'n_clusters': 12, 'init': 'random', 'algorithm': 'lloyd', 'random_state': 42}",0.23322813977854767,1221.8021573843441,1.317007030992935
BisectingKMeans,"{'n_clusters': 12, 'init': 'random', 'algorithm': 'lloyd', 'random_state': 123}",0.22488731844034338,1169.4423088500434,1.4100780924410994
BisectingKMeans,"{'n_clusters': 12, 'init': 'random', 'algorithm': 'lloyd', 'random_state': 456}",0.23396236727941958,1203.3630991106807,1.3265038159922609
BisectingKMeans,"{'n_clusters': 12, 'init': 'random', 'algorithm': 'lloyd', 'random_state': 789}",0.23945147836194178,1206.0385043456813,1.3530425572897318
BisectingKMeans,"{'n_clusters': 12, 'init': 'random', 'algorithm': 'lloyd', 'random_state': 1011}",0.23087358479514178,1174.9494185962728,1.421824677544181
BisectingKMeans,"{'n_clusters': 12, 'init': 'random', 'algorithm': 'lloyd', 'random_state': 2022}",0.23120890818821457,1189.8959709722558,1.3687270567866356
BisectingKMeans,"{'n_clusters': 12, 'init': 'random', 'algorithm': 'lloyd', 'random_state': 3033}",0.2224662602954295,1159.2175051119941,1.3985434416545501
BisectingKMeans,"{'n_clusters': 12, 'init': 'random', 'algorithm': 'lloyd', 'random_state': 4044}",0.22872133804332329,1177.4713890204182,1.405321966399483
BisectingKMeans,"{'n_clusters': 12, 'init': 'random', 'algorithm': 'lloyd', 'random_state': 5055}",0.24070574040016884,1180.0434173812246,1.3445206085995312
BisectingKMeans,"{'n_clusters': 12, 'init': 'random', 'algorithm': 'lloyd', 'random_state': 6066}",0.23084662113006296,1206.5752571658352,1.3041316525671054
BisectingKMeans,"{'n_clusters': 12, 'init': 'random', 'algorithm': 'elkan', 'random_state': 42}",0.23322813977854767,1221.8021573843441,1.317007030992935
BisectingKMeans,"{'n_clusters': 12, 'init': 'random', 'algorithm': 'elkan', 'random_state': 123}",0.22488731844034338,1169.4423088500434,1.4100780924410994
BisectingKMeans,"{'n_clusters': 12, 'init': 'random', 'algorithm': 'elkan', 'random_state': 456}",0.23396236727941958,1203.3630991106807,1.3265038159922609
BisectingKMeans,"{'n_clusters': 12, 'init': 'random', 'algorithm': 'elkan', 'random_state': 789}",0.23945147836194178,1206.0385043456813,1.3530425572897318
BisectingKMeans,"{'n_clusters': 12, 'init': 'random', 'algorithm': 'elkan', 'random_state': 1011}",0.23087358479514178,1174.9494185962728,1.421824677544181
BisectingKMeans,"{'n_clusters': 12, 'init': 'random', 'algorithm': 'elkan', 'random_state': 2022}",0.23120890818821457,1189.8959709722558,1.3687270567866356
BisectingKMeans,"{'n_clusters': 12, 'init': 'random', 'algorithm': 'elkan', 'random_state': 3033}",0.2224662602954295,1159.2175051119941,1.3985434416545501
BisectingKMeans,"{'n_clusters': 12, 'init': 'random', 'algorithm': 'elkan', 'random_state': 4044}",0.22872133804332329,1177.4713890204182,1.405321966399483
BisectingKMeans,"{'n_clusters': 12, 'init': 'random', 'algorithm': 'elkan', 'random_state': 5055}",0.24070574040016884,1180.0434173812246,1.3445206085995312
BisectingKMeans,"{'n_clusters': 12, 'init': 'random', 'algorithm': 'elkan', 'random_state': 6066}",0.23084662113006296,1206.5752571658352,1.3041316525671054
AgglomerativeClustering,"{'n_clusters': 5, 'linkage': 'ward', 'metric': 'euclidean'}",0.27508980444245307,1601.1231926388332,1.194768282452165
AgglomerativeClustering,"{'n_clusters': 5, 'linkage': 'complete', 'metric': 'euclidean'}",0.3760044941482641,1279.5997345708622,1.1956644006629276
AgglomerativeClustering,"{'n_clusters': 5, 'linkage': 'complete', 'metric': 'l1'}",0.379632657707327,1230.9667673334507,1.1095870153637155
AgglomerativeClustering,"{'n_clusters': 5, 'linkage': 'complete', 'metric': 'l2'}",0.3760044941482641,1279.5997345708622,1.1956644006629276
AgglomerativeClustering,"{'n_clusters': 5, 'linkage': 'complete', 'metric': 'manhattan'}",0.379632657707327,1230.9667673334507,1.1095870153637155
AgglomerativeClustering,"{'n_clusters': 5, 'linkage': 'complete', 'metric': 'cosine'}",-0.0043672773811971564,393.1091504011365,1.6215216890133963
AgglomerativeClustering,"{'n_clusters': 5, 'linkage': 'average', 'metric': 'euclidean'}",0.3351749540378227,545.8617433414191,0.7103790255800007
AgglomerativeClustering,"{'n_clusters': 5, 'linkage': 'average', 'metric': 'l1'}",0.3575824828986012,512.2377565083561,0.6824049413553201
AgglomerativeClustering,"{'n_clusters': 5, 'linkage': 'average', 'metric': 'l2'}",0.3351749540378227,545.8617433414191,0.7103790255800007
AgglomerativeClustering,"{'n_clusters': 5, 'linkage': 'average', 'metric': 'manhattan'}",0.3575824828986012,512.2377565083561,0.6824049413553201
AgglomerativeClustering,"{'n_clusters': 5, 'linkage': 'average', 'metric': 'cosine'}",0.19151433638012083,947.0227593235371,1.037765247070972
AgglomerativeClustering,"{'n_clusters': 5, 'linkage': 'single', 'metric': 'euclidean'}",0.05617684232234941,6.660982983631803,0.685090996114879
AgglomerativeClustering,"{'n_clusters': 5, 'linkage': 'single', 'metric': 'l1'}",0.3362284824173511,6.4060642818005915,0.42197370700254744
AgglomerativeClustering,"{'n_clusters': 5, 'linkage': 'single', 'metric': 'l2'}",0.05617684232234941,6.660982983631803,0.685090996114879
AgglomerativeClustering,"{'n_clusters': 5, 'linkage': 'single', 'metric': 'manhattan'}",0.3362284824173511,6.4060642818005915,0.42197370700254744
AgglomerativeClustering,"{'n_clusters': 5, 'linkage': 'single', 'metric': 'cosine'}",-0.3754529029247908,0.20957845762989183,2.565525769871992
AgglomerativeClustering,"{'n_clusters': 6, 'linkage': 'ward', 'metric': 'euclidean'}",0.2590688760520658,1467.0865479741433,1.3188856240660367
AgglomerativeClustering,"{'n_clusters': 6, 'linkage': 'complete', 'metric': 'euclidean'}",0.3411221275302542,1117.9009486462544,1.1496924533774724
AgglomerativeClustering,"{'n_clusters': 6, 'linkage': 'complete', 'metric': 'l1'}",0.3194294873999191,1112.2222200692097,1.2129595774157516
AgglomerativeClustering,"{'n_clusters': 6, 'linkage': 'complete', 'metric': 'l2'}",0.3411221275302542,1117.9009486462544,1.1496924533774724
AgglomerativeClustering,"{'n_clusters': 6, 'linkage': 'complete', 'metric': 'manhattan'}",0.3194294873999191,1112.2222200692097,1.2129595774157516
AgglomerativeClustering,"{'n_clusters': 6, 'linkage': 'complete', 'metric': 'cosine'}",0.05303348115667156,501.04416920162555,1.6788623256309105
AgglomerativeClustering,"{'n_clusters': 6, 'linkage': 'average', 'metric': 'euclidean'}",0.3761917692132292,962.1866689787066,0.7430509342939752
AgglomerativeClustering,"{'n_clusters': 6, 'linkage': 'average', 'metric': 'l1'}",0.30823039248284295,462.81977653444386,0.9736969417942135
AgglomerativeClustering,"{'n_clusters': 6, 'linkage': 'average', 'metric': 'l2'}",0.3761917692132292,962.1866689787066,0.7430509342939752
AgglomerativeClustering,"{'n_clusters': 6, 'linkage': 'average', 'metric': 'manhattan'}",0.30823039248284295,462.81977653444386,0.9736969417942135
AgglomerativeClustering,"{'n_clusters': 6, 'linkage': 'average', 'metric': 'cosine'}",0.16486778534590976,836.0486575512529,1.008829272093067
AgglomerativeClustering,"{'n_clusters': 6, 'linkage': 'single', 'metric': 'euclidean'}",0.056480716327099376,6.5493015796480805,0.6327092710959195
AgglomerativeClustering,"{'n_clusters': 6, 'linkage': 'single', 'metric': 'l1'}",0.2099853120369967,5.645886208708807,0.46208523572553356
AgglomerativeClustering,"{'n_clusters': 6, 'linkage': 'single', 'metric': 'l2'}",0.056480716327099376,6.5493015796480805,0.6327092710959195
AgglomerativeClustering,"{'n_clusters': 6, 'linkage': 'single', 'metric': 'manhattan'}",0.2099853120369967,5.645886208708807,0.46208523572553356
AgglomerativeClustering,"{'n_clusters': 6, 'linkage': 'single', 'metric': 'cosine'}",-0.38958499744757596,0.17096537016012117,2.500972239269008
AgglomerativeClustering,"{'n_clusters': 7, 'linkage': 'ward', 'metric': 'euclidean'}",0.2343941141557029,1382.0905943275557,1.3082998668541903
AgglomerativeClustering,"{'n_clusters': 7, 'linkage': 'complete', 'metric': 'euclidean'}",0.25986772443544537,1221.3982569421019,1.2287962825678207
AgglomerativeClustering,"{'n_clusters': 7, 'linkage': 'complete', 'metric': 'l1'}",0.3034863827640162,1252.729963576974,1.2293589632542101
AgglomerativeClustering,"{'n_clusters': 7, 'linkage': 'complete', 'metric': 'l2'}",0.25986772443544537,1221.3982569421019,1.2287962825678207
AgglomerativeClustering,"{'n_clusters': 7, 'linkage': 'complete', 'metric': 'manhattan'}",0.3034863827640162,1252.729963576974,1.2293589632542101
AgglomerativeClustering,"{'n_clusters': 7, 'linkage': 'complete', 'metric': 'cosine'}",0.08951490111463994,600.7782623833566,1.4455297376120024
AgglomerativeClustering,"{'n_clusters': 7, 'linkage': 'average', 'metric': 'euclidean'}",0.3581946540211898,803.2455514983203,0.7037176969339594
AgglomerativeClustering,"{'n_clusters': 7, 'linkage': 'average', 'metric': 'l1'}",0.3173205627462634,823.1855565823729,1.0255614726760676
AgglomerativeClustering,"{'n_clusters': 7, 'linkage': 'average', 'metric': 'l2'}",0.3581946540211898,803.2455514983203,0.7037176969339594
AgglomerativeClustering,"{'n_clusters': 7, 'linkage': 'average', 'metric': 'manhattan'}",0.3173205627462634,823.1855565823729,1.0255614726760676
AgglomerativeClustering,"{'n_clusters': 7, 'linkage': 'average', 'metric': 'cosine'}",0.16039729613723364,748.0858981463031,1.1360008769947485
AgglomerativeClustering,"{'n_clusters': 7, 'linkage': 'single', 'metric': 'euclidean'}",0.047610949213409984,5.851158329662918,0.6278214362337348
AgglomerativeClustering,"{'n_clusters': 7, 'linkage': 'single', 'metric': 'l1'}",0.039881282973581456,5.894166743237735,0.6234984186181732
AgglomerativeClustering,"{'n_clusters': 7, 'linkage': 'single', 'metric': 'l2'}",0.047610949213409984,5.851158329662918,0.6278214362337348
AgglomerativeClustering,"{'n_clusters': 7, 'linkage': 'single', 'metric': 'manhattan'}",0.039881282973581456,5.894166743237735,0.6234984186181732
AgglomerativeClustering,"{'n_clusters': 7, 'linkage': 'single', 'metric': 'cosine'}",-0.39243058006959225,0.17587002836333301,2.4362852555985426
AgglomerativeClustering,"{'n_clusters': 8, 'linkage': 'ward', 'metric': 'euclidean'}",0.2233327756056753,1302.3687105304318,1.2753249077948225
AgglomerativeClustering,"{'n_clusters': 8, 'linkage': 'complete', 'metric': 'euclidean'}",0.2570628268343391,1169.5487685965893,1.157317310083166
AgglomerativeClustering,"{'n_clusters': 8, 'linkage': 'complete', 'metric': 'l1'}",0.2897560352282901,1164.140039173547,1.282036943443606
AgglomerativeClustering,"{'n_clusters': 8, 'linkage': 'complete', 'metric': 'l2'}",0.2570628268343391,1169.5487685965893,1.157317310083166
AgglomerativeClustering,"{'n_clusters': 8, 'linkage': 'complete', 'metric': 'manhattan'}",0.2897560352282901,1164.140039173547,1.282036943443606
AgglomerativeClustering,"{'n_clusters': 8, 'linkage': 'complete', 'metric': 'cosine'}",-0.0005644005360546156,523.1182514180184,1.4019187272610996
AgglomerativeClustering,"{'n_clusters': 8, 'linkage': 'average', 'metric': 'euclidean'}",0.3271817715823386,803.9851769838073,0.8607733123863847
AgglomerativeClustering,"{'n_clusters': 8, 'linkage': 'average', 'metric': 'l1'}",0.2854596312812978,736.2894721332453,0.9937175675617905
AgglomerativeClustering,"{'n_clusters': 8, 'linkage': 'average', 'metric': 'l2'}",0.3271817715823386,803.9851769838073,0.8607733123863847
AgglomerativeClustering,"{'n_clusters': 8, 'linkage': 'average', 'metric': 'manhattan'}",0.2854596312812978,736.2894721332453,0.9937175675617905
AgglomerativeClustering,"{'n_clusters': 8, 'linkage': 'average', 'metric': 'cosine'}",0.08099159415176477,641.8631706738635,1.1031709351285752
AgglomerativeClustering,"{'n_clusters': 8, 'linkage': 'single', 'metric': 'euclidean'}",0.04519237032083106,5.726769082652506,0.6006707448153021
AgglomerativeClustering,"{'n_clusters': 8, 'linkage': 'single', 'metric': 'l1'}",0.035614751624125626,5.389972704456387,0.6202767584208965
AgglomerativeClustering,"{'n_clusters': 8, 'linkage': 'single', 'metric': 'l2'}",0.04519237032083106,5.726769082652506,0.6006707448153021
AgglomerativeClustering,"{'n_clusters': 8, 'linkage': 'single', 'metric': 'manhattan'}",0.035614751624125626,5.389972704456387,0.6202767584208965
AgglomerativeClustering,"{'n_clusters': 8, 'linkage': 'single', 'metric': 'cosine'}",-0.3941710797910956,0.1945970282059336,2.3384010257876153
AgglomerativeClustering,"{'n_clusters': 9, 'linkage': 'ward', 'metric': 'euclidean'}",0.22975959389486447,1245.0912034889795,1.3547320462723103
AgglomerativeClustering,"{'n_clusters': 9, 'linkage': 'complete', 'metric': 'euclidean'}",0.2525230491213254,1082.3680426095095,1.1298282822977677
AgglomerativeClustering,"{'n_clusters': 9, 'linkage': 'complete', 'metric': 'l1'}",0.29032292018454275,1029.6510505569972,1.2141939155257402
AgglomerativeClustering,"{'n_clusters': 9, 'linkage': 'complete', 'metric': 'l2'}",0.2525230491213254,1082.3680426095095,1.1298282822977677
AgglomerativeClustering,"{'n_clusters': 9, 'linkage': 'complete', 'metric': 'manhattan'}",0.29032292018454275,1029.6510505569972,1.2141939155257402
AgglomerativeClustering,"{'n_clusters': 9, 'linkage': 'complete', 'metric': 'cosine'}",-0.02549413551498263,458.54513056756446,1.362958447454008
AgglomerativeClustering,"{'n_clusters': 9, 'linkage': 'average', 'metric': 'euclidean'}",0.33523522165516,783.5576924373365,0.8749239505394011
AgglomerativeClustering,"{'n_clusters': 9, 'linkage': 'average', 'metric': 'l1'}",0.2746897784432513,650.2668460841074,0.9749154796043853
AgglomerativeClustering,"{'n_clusters': 9, 'linkage': 'average', 'metric': 'l2'}",0.33523522165516,783.5576924373365,0.8749239505394011
AgglomerativeClustering,"{'n_clusters': 9, 'linkage': 'average', 'metric': 'manhattan'}",0.2746897784432513,650.2668460841074,0.9749154796043853
AgglomerativeClustering,"{'n_clusters': 9, 'linkage': 'average', 'metric': 'cosine'}",0.08748045698224452,579.4010704128399,1.1290721405748654
AgglomerativeClustering,"{'n_clusters': 9, 'linkage': 'single', 'metric': 'euclidean'}",-0.0009522497090292205,5.201430908051269,0.6167367379305673
AgglomerativeClustering,"{'n_clusters': 9, 'linkage': 'single', 'metric': 'l1'}",0.0331950992596562,5.339839424719401,0.596894923694761
AgglomerativeClustering,"{'n_clusters': 9, 'linkage': 'single', 'metric': 'l2'}",-0.0009522497090292205,5.201430908051269,0.6167367379305673
AgglomerativeClustering,"{'n_clusters': 9, 'linkage': 'single', 'metric': 'manhattan'}",0.0331950992596562,5.339839424719401,0.596894923694761
AgglomerativeClustering,"{'n_clusters': 9, 'linkage': 'single', 'metric': 'cosine'}",-0.39705249865253434,0.2421034962196813,2.2699007552464745
AgglomerativeClustering,"{'n_clusters': 10, 'linkage': 'ward', 'metric': 'euclidean'}",0.23533926765319124,1204.942854638999,1.3267796598838444
AgglomerativeClustering,"{'n_clusters': 10, 'linkage': 'complete', 'metric': 'euclidean'}",0.24253132402564492,998.4039853906545,1.133764249804543
AgglomerativeClustering,"{'n_clusters': 10, 'linkage': 'complete', 'metric': 'l1'}",0.2365913577613266,953.0188023677093,1.2892194173925582
AgglomerativeClustering,"{'n_clusters': 10, 'linkage': 'complete', 'metric': 'l2'}",0.24253132402564492,998.4039853906545,1.133764249804543
AgglomerativeClustering,"{'n_clusters': 10, 'linkage': 'complete', 'metric': 'manhattan'}",0.2365913577613266,953.0188023677093,1.2892194173925582
AgglomerativeClustering,"{'n_clusters': 10, 'linkage': 'complete', 'metric': 'cosine'}",0.0033345524313114186,530.3224128725434,1.4253772283644586
AgglomerativeClustering,"{'n_clusters': 10, 'linkage': 'average', 'metric': 'euclidean'}",0.3115300307827463,721.6863703058316,0.8695730051623063
AgglomerativeClustering,"{'n_clusters': 10, 'linkage': 'average', 'metric': 'l1'}",0.2696253739095156,610.9033829156358,0.958897760956078
AgglomerativeClustering,"{'n_clusters': 10, 'linkage': 'average', 'metric': 'l2'}",0.3115300307827463,721.6863703058316,0.8695730051623063
AgglomerativeClustering,"{'n_clusters': 10, 'linkage': 'average', 'metric': 'manhattan'}",0.2696253739095156,610.9033829156358,0.958897760956078
AgglomerativeClustering,"{'n_clusters': 10, 'linkage': 'average', 'metric': 'cosine'}",0.07625234356932267,516.6339992337671,1.110424993540673
AgglomerativeClustering,"{'n_clusters': 10, 'linkage': 'single', 'metric': 'euclidean'}",-0.018467582078152144,4.65310427778448,0.6204521769356526
AgglomerativeClustering,"{'n_clusters': 10, 'linkage': 'single', 'metric': 'l1'}",-0.06942721329825237,4.8550195406436965,0.6301185243145493
AgglomerativeClustering,"{'n_clusters': 10, 'linkage': 'single', 'metric': 'l2'}",-0.018467582078152144,4.65310427778448,0.6204521769356526
AgglomerativeClustering,"{'n_clusters': 10, 'linkage': 'single', 'metric': 'manhattan'}",-0.06942721329825237,4.8550195406436965,0.6301185243145493
AgglomerativeClustering,"{'n_clusters': 10, 'linkage': 'single', 'metric': 'cosine'}",-0.3985602957775432,0.2458328702348123,2.2173636073690797
AgglomerativeClustering,"{'n_clusters': 11, 'linkage': 'ward', 'metric': 'euclidean'}",0.2354294278570605,1170.750621531987,1.2962305989364589
AgglomerativeClustering,"{'n_clusters': 11, 'linkage': 'complete', 'metric': 'euclidean'}",0.23463069240351656,1026.694430396879,1.197625001176083
AgglomerativeClustering,"{'n_clusters': 11, 'linkage': 'complete', 'metric': 'l1'}",0.23413381037357203,884.0017713257843,1.3632820197487072
AgglomerativeClustering,"{'n_clusters': 11, 'linkage': 'complete', 'metric': 'l2'}",0.23463069240351656,1026.694430396879,1.197625001176083
AgglomerativeClustering,"{'n_clusters': 11, 'linkage': 'complete', 'metric': 'manhattan'}",0.23413381037357203,884.0017713257843,1.3632820197487072
AgglomerativeClustering,"{'n_clusters': 11, 'linkage': 'complete', 'metric': 'cosine'}",0.004494798085019729,501.17692217587114,1.4393064247318959
AgglomerativeClustering,"{'n_clusters': 11, 'linkage': 'average', 'metric': 'euclidean'}",0.31768249255921355,716.8332599245243,0.9419605902205738
AgglomerativeClustering,"{'n_clusters': 11, 'linkage': 'average', 'metric': 'l1'}",0.2563367528390327,551.934236419781,0.9107621690697711
AgglomerativeClustering,"{'n_clusters': 11, 'linkage': 'average', 'metric': 'l2'}",0.31768249255921355,716.8332599245243,0.9419605902205738
AgglomerativeClustering,"{'n_clusters': 11, 'linkage': 'average', 'metric': 'manhattan'}",0.2563367528390327,551.934236419781,0.9107621690697711
AgglomerativeClustering,"{'n_clusters': 11, 'linkage': 'average', 'metric': 'cosine'}",0.06919696741090779,469.2039762187154,1.1079162479173308
AgglomerativeClustering,"{'n_clusters': 11, 'linkage': 'single', 'metric': 'euclidean'}",-0.02279927791628018,4.4511461108167305,0.6154570929208428
AgglomerativeClustering,"{'n_clusters': 11, 'linkage': 'single', 'metric': 'l1'}",-0.08686900858627818,4.522473357700545,0.6403735184003264
AgglomerativeClustering,"{'n_clusters': 11, 'linkage': 'single', 'metric': 'l2'}",-0.02279927791628018,4.4511461108167305,0.6154570929208428
AgglomerativeClustering,"{'n_clusters': 11, 'linkage': 'single', 'metric': 'manhattan'}",-0.08686900858627818,4.522473357700545,0.6403735184003264
AgglomerativeClustering,"{'n_clusters': 11, 'linkage': 'single', 'metric': 'cosine'}",-0.41552339255261256,0.25288606379175804,2.1636770102806477
AgglomerativeClustering,"{'n_clusters': 12, 'linkage': 'ward', 'metric': 'euclidean'}",0.23490182648862842,1148.6865093056463,1.2833064608856344
AgglomerativeClustering,"{'n_clusters': 12, 'linkage': 'complete', 'metric': 'euclidean'}",0.22947643813861993,966.774411193317,1.1625130459951443
AgglomerativeClustering,"{'n_clusters': 12, 'linkage': 'complete', 'metric': 'l1'}",0.21733563489304936,857.2181355876397,1.3178814872460927
AgglomerativeClustering,"{'n_clusters': 12, 'linkage': 'complete', 'metric': 'l2'}",0.22947643813861993,966.774411193317,1.1625130459951443
AgglomerativeClustering,"{'n_clusters': 12, 'linkage': 'complete', 'metric': 'manhattan'}",0.21733563489304936,857.2181355876397,1.3178814872460927
AgglomerativeClustering,"{'n_clusters': 12, 'linkage': 'complete', 'metric': 'cosine'}",0.022235331954119197,515.4446140119094,1.4126587241277628
AgglomerativeClustering,"{'n_clusters': 12, 'linkage': 'average', 'metric': 'euclidean'}",0.3189875060411496,702.9108636403681,0.9441296105073297
AgglomerativeClustering,"{'n_clusters': 12, 'linkage': 'average', 'metric': 'l1'}",0.24643034399526886,549.9518579637623,0.9262917962366988
AgglomerativeClustering,"{'n_clusters': 12, 'linkage': 'average', 'metric': 'l2'}",0.3189875060411496,702.9108636403681,0.9441296105073297
AgglomerativeClustering,"{'n_clusters': 12, 'linkage': 'average', 'metric': 'manhattan'}",0.24643034399526886,549.9518579637623,0.9262917962366988
AgglomerativeClustering,"{'n_clusters': 12, 'linkage': 'average', 'metric': 'cosine'}",0.06562897363534156,428.0448215079674,1.0855272741487683
AgglomerativeClustering,"{'n_clusters': 12, 'linkage': 'single', 'metric': 'euclidean'}",-0.029944612409086087,4.333811665203286,0.6071423360198923
AgglomerativeClustering,"{'n_clusters': 12, 'linkage': 'single', 'metric': 'l1'}",-0.08868323771210948,4.33450844615589,0.6358241087418497
AgglomerativeClustering,"{'n_clusters': 12, 'linkage': 'single', 'metric': 'l2'}",-0.029944612409086087,4.333811665203286,0.6071423360198923
AgglomerativeClustering,"{'n_clusters': 12, 'linkage': 'single', 'metric': 'manhattan'}",-0.08868323771210948,4.33450844615589,0.6358241087418497
AgglomerativeClustering,"{'n_clusters': 12, 'linkage': 'single', 'metric': 'cosine'}",-0.4161468920010808,0.3789465477886877,2.1367974871494875
AgglomerativeClustering,"{'n_clusters': 13, 'linkage': 'ward', 'metric': 'euclidean'}",0.24272800570698014,1138.3197119797878,1.211885331982279
AgglomerativeClustering,"{'n_clusters': 13, 'linkage': 'complete', 'metric': 'euclidean'}",0.22678177070438363,957.7344963193267,1.1857326177651941
AgglomerativeClustering,"{'n_clusters': 13, 'linkage': 'complete', 'metric': 'l1'}",0.20759516357996047,804.3597560007215,1.421194488727595
AgglomerativeClustering,"{'n_clusters': 13, 'linkage': 'complete', 'metric': 'l2'}",0.22678177070438363,957.7344963193267,1.1857326177651941
AgglomerativeClustering,"{'n_clusters': 13, 'linkage': 'complete', 'metric': 'manhattan'}",0.20759516357996047,804.3597560007215,1.421194488727595
AgglomerativeClustering,"{'n_clusters': 13, 'linkage': 'complete', 'metric': 'cosine'}",0.015552410766563106,473.3763170117818,1.3783792485404787
AgglomerativeClustering,"{'n_clusters': 13, 'linkage': 'average', 'metric': 'euclidean'}",0.3142234199470703,659.2355127129306,0.9195141086142242
AgglomerativeClustering,"{'n_clusters': 13, 'linkage': 'average', 'metric': 'l1'}",0.22870198461272018,514.0355470907342,0.9349159869255351
AgglomerativeClustering,"{'n_clusters': 13, 'linkage': 'average', 'metric': 'l2'}",0.3142234199470703,659.2355127129306,0.9195141086142242
AgglomerativeClustering,"{'n_clusters': 13, 'linkage': 'average', 'metric': 'manhattan'}",0.22870198461272018,514.0355470907342,0.9349159869255351
AgglomerativeClustering,"{'n_clusters': 13, 'linkage': 'average', 'metric': 'cosine'}",0.0726624162745211,402.646736440483,1.0990162310778537
AgglomerativeClustering,"{'n_clusters': 13, 'linkage': 'single', 'metric': 'euclidean'}",-0.12538598768345519,4.054097749884223,0.6318543307369112
AgglomerativeClustering,"{'n_clusters': 13, 'linkage': 'single', 'metric': 'l1'}",-0.09054062816652399,4.275311993217919,0.6238694590394711
AgglomerativeClustering,"{'n_clusters': 13, 'linkage': 'single', 'metric': 'l2'}",-0.12538598768345519,4.054097749884223,0.6318543307369112
AgglomerativeClustering,"{'n_clusters': 13, 'linkage': 'single', 'metric': 'manhattan'}",-0.09054062816652399,4.275311993217919,0.6238694590394711
AgglomerativeClustering,"{'n_clusters': 13, 'linkage': 'single', 'metric': 'cosine'}",-0.4172529295469876,0.3811255632413846,2.082971302303261
AgglomerativeClustering,"{'n_clusters': 14, 'linkage': 'ward', 'metric': 'euclidean'}",0.24024864140329324,1110.2540850640662,1.1650972917403775
AgglomerativeClustering,"{'n_clusters': 14, 'linkage': 'complete', 'metric': 'euclidean'}",0.22410362960016375,918.7859807131213,1.23064571731876
AgglomerativeClustering,"{'n_clusters': 14, 'linkage': 'complete', 'metric': 'l1'}",0.19837412401386717,813.4341399397524,1.3803614299114135
AgglomerativeClustering,"{'n_clusters': 14, 'linkage': 'complete', 'metric': 'l2'}",0.22410362960016375,918.7859807131213,1.23064571731876
AgglomerativeClustering,"{'n_clusters': 14, 'linkage': 'complete', 'metric': 'manhattan'}",0.19837412401386717,813.4341399397524,1.3803614299114135
AgglomerativeClustering,"{'n_clusters': 14, 'linkage': 'complete', 'metric': 'cosine'}",0.02052143922094745,480.43231647521634,1.404146845961243
AgglomerativeClustering,"{'n_clusters': 14, 'linkage': 'average', 'metric': 'euclidean'}",0.31266900590830665,616.2546989758382,0.9287630096532871
AgglomerativeClustering,"{'n_clusters': 14, 'linkage': 'average', 'metric': 'l1'}",0.24357154002272616,540.7927552134836,0.9197332345176308
AgglomerativeClustering,"{'n_clusters': 14, 'linkage': 'average', 'metric': 'l2'}",0.31266900590830665,616.2546989758382,0.9287630096532871
AgglomerativeClustering,"{'n_clusters': 14, 'linkage': 'average', 'metric': 'manhattan'}",0.24357154002272616,540.7927552134836,0.9197332345176308
AgglomerativeClustering,"{'n_clusters': 14, 'linkage': 'average', 'metric': 'cosine'}",0.061672124183393774,371.7912246124695,1.1038091877306642
AgglomerativeClustering,"{'n_clusters': 14, 'linkage': 'single', 'metric': 'euclidean'}",-0.15254973232929922,3.798661630262585,0.6665459384976902
AgglomerativeClustering,"{'n_clusters': 14, 'linkage': 'single', 'metric': 'l1'}",-0.09475517204245691,4.1906641840322045,0.6160242501943658
AgglomerativeClustering,"{'n_clusters': 14, 'linkage': 'single', 'metric': 'l2'}",-0.15254973232929922,3.798661630262585,0.6665459384976902
AgglomerativeClustering,"{'n_clusters': 14, 'linkage': 'single', 'metric': 'manhattan'}",-0.09475517204245691,4.1906641840322045,0.6160242501943658
AgglomerativeClustering,"{'n_clusters': 14, 'linkage': 'single', 'metric': 'cosine'}",-0.43322514805712126,0.4581045651711528,1.9897261003236308
AgglomerativeClustering,"{'n_clusters': 15, 'linkage': 'ward', 'metric': 'euclidean'}",0.23957905336616198,1091.3023257225086,1.1429830279304214
AgglomerativeClustering,"{'n_clusters': 15, 'linkage': 'complete', 'metric': 'euclidean'}",0.22241242762133803,862.7686002737,1.2274912111448353
AgglomerativeClustering,"{'n_clusters': 15, 'linkage': 'complete', 'metric': 'l1'}",0.19770331017238812,764.8533424869621,1.3373646712677791
AgglomerativeClustering,"{'n_clusters': 15, 'linkage': 'complete', 'metric': 'l2'}",0.22241242762133803,862.7686002737,1.2274912111448353
AgglomerativeClustering,"{'n_clusters': 15, 'linkage': 'complete', 'metric': 'manhattan'}",0.19770331017238812,764.8533424869621,1.3373646712677791
AgglomerativeClustering,"{'n_clusters': 15, 'linkage': 'complete', 'metric': 'cosine'}",0.03571805172182643,482.060339238743,1.4238159859208694
AgglomerativeClustering,"{'n_clusters': 15, 'linkage': 'average', 'metric': 'euclidean'}",0.31047250205035837,572.9082053577342,0.8925114630907307
AgglomerativeClustering,"{'n_clusters': 15, 'linkage': 'average', 'metric': 'l1'}",0.24476525200672017,515.8854053301868,0.9556868380400858
AgglomerativeClustering,"{'n_clusters': 15, 'linkage': 'average', 'metric': 'l2'}",0.31047250205035837,572.9082053577342,0.8925114630907307
AgglomerativeClustering,"{'n_clusters': 15, 'linkage': 'average', 'metric': 'manhattan'}",0.24476525200672017,515.8854053301868,0.9556868380400858
AgglomerativeClustering,"{'n_clusters': 15, 'linkage': 'average', 'metric': 'cosine'}",0.08014711016864469,410.5081075373181,1.1721168157336772
AgglomerativeClustering,"{'n_clusters': 15, 'linkage': 'single', 'metric': 'euclidean'}",-0.1547518323952358,3.7862757389828925,0.654008910617115
AgglomerativeClustering,"{'n_clusters': 15, 'linkage': 'single', 'metric': 'l1'}",-0.12204542702385965,4.000944333971058,0.6244302953067936
AgglomerativeClustering,"{'n_clusters': 15, 'linkage': 'single', 'metric': 'l2'}",-0.1547518323952358,3.7862757389828925,0.654008910617115
AgglomerativeClustering,"{'n_clusters': 15, 'linkage': 'single', 'metric': 'manhattan'}",-0.12204542702385965,4.000944333971058,0.6244302953067936
AgglomerativeClustering,"{'n_clusters': 15, 'linkage': 'single', 'metric': 'cosine'}",-0.43599634290141726,0.4409857080222616,1.987744193639834
AgglomerativeClustering,"{'n_clusters': 16, 'linkage': 'ward', 'metric': 'euclidean'}",0.2327115970031611,1076.4738028681322,1.1340863756606885
AgglomerativeClustering,"{'n_clusters': 16, 'linkage': 'complete', 'metric': 'euclidean'}",0.223324918718686,827.8925092032626,1.2255448681188283
AgglomerativeClustering,"{'n_clusters': 16, 'linkage': 'complete', 'metric': 'l1'}",0.19128570128335126,735.2654311801908,1.2308535639492795
AgglomerativeClustering,"{'n_clusters': 16, 'linkage': 'complete', 'metric': 'l2'}",0.223324918718686,827.8925092032626,1.2255448681188283
AgglomerativeClustering,"{'n_clusters': 16, 'linkage': 'complete', 'metric': 'manhattan'}",0.19128570128335126,735.2654311801908,1.2308535639492795
AgglomerativeClustering,"{'n_clusters': 16, 'linkage': 'complete', 'metric': 'cosine'}",0.035745965865740255,460.42591693952374,1.411849975604387
AgglomerativeClustering,"{'n_clusters': 16, 'linkage': 'average', 'metric': 'euclidean'}",0.3111290164413085,545.2122371162847,0.9201974297863731
AgglomerativeClustering,"{'n_clusters': 16, 'linkage': 'average', 'metric': 'l1'}",0.24160247511587477,496.4172951658389,0.9410354529469789
AgglomerativeClustering,"{'n_clusters': 16, 'linkage': 'average', 'metric': 'l2'}",0.3111290164413085,545.2122371162847,0.9201974297863731
AgglomerativeClustering,"{'n_clusters': 16, 'linkage': 'average', 'metric': 'manhattan'}",0.24160247511587477,496.4172951658389,0.9410354529469789
AgglomerativeClustering,"{'n_clusters': 16, 'linkage': 'average', 'metric': 'cosine'}",0.07311907084388884,383.24729301250346,1.1433446397429265
AgglomerativeClustering,"{'n_clusters': 16, 'linkage': 'single', 'metric': 'euclidean'}",-0.1552253858019204,3.6982464156504538,0.6495404938380356
AgglomerativeClustering,"{'n_clusters': 16, 'linkage': 'single', 'metric': 'l1'}",-0.1322117603965703,3.740577235720107,0.6327461967082699
AgglomerativeClustering,"{'n_clusters': 16, 'linkage': 'single', 'metric': 'l2'}",-0.1552253858019204,3.6982464156504538,0.6495404938380356
AgglomerativeClustering,"{'n_clusters': 16, 'linkage': 'single', 'metric': 'manhattan'}",-0.1322117603965703,3.740577235720107,0.6327461967082699
AgglomerativeClustering,"{'n_clusters': 16, 'linkage': 'single', 'metric': 'cosine'}",-0.43815685139795785,0.412089517797487,1.9755133520631136
AgglomerativeClustering,"{'n_clusters': 17, 'linkage': 'ward', 'metric': 'euclidean'}",0.23505055609628692,1066.2472976191214,1.1270041833222932
AgglomerativeClustering,"{'n_clusters': 17, 'linkage': 'complete', 'metric': 'euclidean'}",0.224555647510135,786.8414892768608,1.1818134790066268
AgglomerativeClustering,"{'n_clusters': 17, 'linkage': 'complete', 'metric': 'l1'}",0.19397568976040674,729.9709942246099,1.2179570511858067
AgglomerativeClustering,"{'n_clusters': 17, 'linkage': 'complete', 'metric': 'l2'}",0.224555647510135,786.8414892768608,1.1818134790066268
AgglomerativeClustering,"{'n_clusters': 17, 'linkage': 'complete', 'metric': 'manhattan'}",0.19397568976040674,729.9709942246099,1.2179570511858067
AgglomerativeClustering,"{'n_clusters': 17, 'linkage': 'complete', 'metric': 'cosine'}",0.036175446204336985,436.4312685331074,1.385227030847459
AgglomerativeClustering,"{'n_clusters': 17, 'linkage': 'average', 'metric': 'euclidean'}",0.30448456406179947,512.7865621274389,0.9096515283753192
AgglomerativeClustering,"{'n_clusters': 17, 'linkage': 'average', 'metric': 'l1'}",0.23564808963888664,468.869574424699,0.9460775789707769
AgglomerativeClustering,"{'n_clusters': 17, 'linkage': 'average', 'metric': 'l2'}",0.30448456406179947,512.7865621274389,0.9096515283753192
AgglomerativeClustering,"{'n_clusters': 17, 'linkage': 'average', 'metric': 'manhattan'}",0.23564808963888664,468.869574424699,0.9460775789707769
AgglomerativeClustering,"{'n_clusters': 17, 'linkage': 'average', 'metric': 'cosine'}",0.10114567253153244,481.03645069114214,1.1544414425260525
AgglomerativeClustering,"{'n_clusters': 17, 'linkage': 'single', 'metric': 'euclidean'}",-0.15674675338823038,3.5633057053835073,0.6547875587390972
AgglomerativeClustering,"{'n_clusters': 17, 'linkage': 'single', 'metric': 'l1'}",-0.13499058463950378,3.7069983557279733,0.6255918302737643
AgglomerativeClustering,"{'n_clusters': 17, 'linkage': 'single', 'metric': 'l2'}",-0.15674675338823038,3.5633057053835073,0.6547875587390972
AgglomerativeClustering,"{'n_clusters': 17, 'linkage': 'single', 'metric': 'manhattan'}",-0.13499058463950378,3.7069983557279733,0.6255918302737643
AgglomerativeClustering,"{'n_clusters': 17, 'linkage': 'single', 'metric': 'cosine'}",-0.44770625613235715,0.39314309559619925,2.0220740004298996
AgglomerativeClustering,"{'n_clusters': 18, 'linkage': 'ward', 'metric': 'euclidean'}",0.23853192248776522,1052.466840643829,1.1139068851965686
AgglomerativeClustering,"{'n_clusters': 18, 'linkage': 'complete', 'metric': 'euclidean'}",0.23066446918148154,770.1141720885494,1.1673358991950264
AgglomerativeClustering,"{'n_clusters': 18, 'linkage': 'complete', 'metric': 'l1'}",0.1975759578669308,706.1778232465686,1.2024787422256291
AgglomerativeClustering,"{'n_clusters': 18, 'linkage': 'complete', 'metric': 'l2'}",0.23066446918148154,770.1141720885494,1.1673358991950264
AgglomerativeClustering,"{'n_clusters': 18, 'linkage': 'complete', 'metric': 'manhattan'}",0.1975759578669308,706.1778232465686,1.2024787422256291
AgglomerativeClustering,"{'n_clusters': 18, 'linkage': 'complete', 'metric': 'cosine'}",0.05655070051900762,475.01032666933827,1.5449773696270996
AgglomerativeClustering,"{'n_clusters': 18, 'linkage': 'average', 'metric': 'euclidean'}",0.305188904733251,498.69390292007887,0.9258961436543198
AgglomerativeClustering,"{'n_clusters': 18, 'linkage': 'average', 'metric': 'l1'}",0.23456419443304719,444.9780811069733,0.9491681142231138
AgglomerativeClustering,"{'n_clusters': 18, 'linkage': 'average', 'metric': 'l2'}",0.305188904733251,498.69390292007887,0.9258961436543198
AgglomerativeClustering,"{'n_clusters': 18, 'linkage': 'average', 'metric': 'manhattan'}",0.23456419443304719,444.9780811069733,0.9491681142231138
AgglomerativeClustering,"{'n_clusters': 18, 'linkage': 'average', 'metric': 'cosine'}",0.09722679411411113,455.7666624719816,1.148444609351481
AgglomerativeClustering,"{'n_clusters': 18, 'linkage': 'single', 'metric': 'euclidean'}",-0.1595286032583132,3.5421939913210982,0.6467176389854221
AgglomerativeClustering,"{'n_clusters': 18, 'linkage': 'single', 'metric': 'l1'}",-0.1335819075448702,4.097438815256117,0.6306541380359202
AgglomerativeClustering,"{'n_clusters': 18, 'linkage': 'single', 'metric': 'l2'}",-0.1595286032583132,3.5421939913210982,0.6467176389854221
AgglomerativeClustering,"{'n_clusters': 18, 'linkage': 'single', 'metric': 'manhattan'}",-0.1335819075448702,4.097438815256117,0.6306541380359202
AgglomerativeClustering,"{'n_clusters': 18, 'linkage': 'single', 'metric': 'cosine'}",-0.4565546532120271,0.41489046958060466,1.9678745146509486
AgglomerativeClustering,"{'n_clusters': 19, 'linkage': 'ward', 'metric': 'euclidean'}",0.24001400803752568,1041.663998050665,1.1133055990258127
AgglomerativeClustering,"{'n_clusters': 19, 'linkage': 'complete', 'metric': 'euclidean'}",0.23999129262783062,789.4475264053174,1.1635657233081966
AgglomerativeClustering,"{'n_clusters': 19, 'linkage': 'complete', 'metric': 'l1'}",0.19742248786069988,685.7313359489915,1.1322687228833903
AgglomerativeClustering,"{'n_clusters': 19, 'linkage': 'complete', 'metric': 'l2'}",0.23999129262783062,789.4475264053174,1.1635657233081966
AgglomerativeClustering,"{'n_clusters': 19, 'linkage': 'complete', 'metric': 'manhattan'}",0.19742248786069988,685.7313359489915,1.1322687228833903
AgglomerativeClustering,"{'n_clusters': 19, 'linkage': 'complete', 'metric': 'cosine'}",0.05367453046829851,451.3852499558667,1.541222169822914
AgglomerativeClustering,"{'n_clusters': 19, 'linkage': 'average', 'metric': 'euclidean'}",0.29439890266332863,482.1780075335518,0.9414350614958513
AgglomerativeClustering,"{'n_clusters': 19, 'linkage': 'average', 'metric': 'l1'}",0.24052039253020283,503.79424023538496,0.9515607557235845
AgglomerativeClustering,"{'n_clusters': 19, 'linkage': 'average', 'metric': 'l2'}",0.29439890266332863,482.1780075335518,0.9414350614958513
AgglomerativeClustering,"{'n_clusters': 19, 'linkage': 'average', 'metric': 'manhattan'}",0.24052039253020283,503.79424023538496,0.9515607557235845
AgglomerativeClustering,"{'n_clusters': 19, 'linkage': 'average', 'metric': 'cosine'}",0.09519727180887973,431.48258505216376,1.1750976727903175
AgglomerativeClustering,"{'n_clusters': 19, 'linkage': 'single', 'metric': 'euclidean'}",-0.1594783019103382,3.7052827809889575,0.6426813537386119
AgglomerativeClustering,"{'n_clusters': 19, 'linkage': 'single', 'metric': 'l1'}",-0.13648351951253548,4.159734459399303,0.6184687889834334
AgglomerativeClustering,"{'n_clusters': 19, 'linkage': 'single', 'metric': 'l2'}",-0.1594783019103382,3.7052827809889575,0.6426813537386119
AgglomerativeClustering,"{'n_clusters': 19, 'linkage': 'single', 'metric': 'manhattan'}",-0.13648351951253548,4.159734459399303,0.6184687889834334
AgglomerativeClustering,"{'n_clusters': 19, 'linkage': 'single', 'metric': 'cosine'}",-0.4581056616254908,0.39192998757466513,1.9515378508723924
AgglomerativeClustering,"{'n_clusters': 20, 'linkage': 'ward', 'metric': 'euclidean'}",0.2408961750701493,1034.1783982192167,1.145295661844893
AgglomerativeClustering,"{'n_clusters': 20, 'linkage': 'complete', 'metric': 'euclidean'}",0.23401335821520858,811.6821435125203,1.134498130198182
AgglomerativeClustering,"{'n_clusters': 20, 'linkage': 'complete', 'metric': 'l1'}",0.19550615682840783,671.165387187435,1.159143259649912
AgglomerativeClustering,"{'n_clusters': 20, 'linkage': 'complete', 'metric': 'l2'}",0.23401335821520858,811.6821435125203,1.134498130198182
AgglomerativeClustering,"{'n_clusters': 20, 'linkage': 'complete', 'metric': 'manhattan'}",0.19550615682840783,671.165387187435,1.159143259649912
AgglomerativeClustering,"{'n_clusters': 20, 'linkage': 'complete', 'metric': 'cosine'}",0.05119727774404636,435.9846532377456,1.5455892941665925
AgglomerativeClustering,"{'n_clusters': 20, 'linkage': 'average', 'metric': 'euclidean'}",0.25033235647916435,609.4116099962628,0.9693532351964228
AgglomerativeClustering,"{'n_clusters': 20, 'linkage': 'average', 'metric': 'l1'}",0.23602551391525373,488.37912156050277,0.9562115808255921
AgglomerativeClustering,"{'n_clusters': 20, 'linkage': 'average', 'metric': 'l2'}",0.25033235647916435,609.4116099962628,0.9693532351964228
AgglomerativeClustering,"{'n_clusters': 20, 'linkage': 'average', 'metric': 'manhattan'}",0.23602551391525373,488.37912156050277,0.9562115808255921
AgglomerativeClustering,"{'n_clusters': 20, 'linkage': 'average', 'metric': 'cosine'}",0.10046554896303678,418.0680037288321,1.174775109980105
AgglomerativeClustering,"{'n_clusters': 20, 'linkage': 'single', 'metric': 'euclidean'}",-0.16345089964400758,3.5153570418118996,0.6526564861458016
AgglomerativeClustering,"{'n_clusters': 20, 'linkage': 'single', 'metric': 'l1'}",-0.13629964192489236,4.104566652329657,0.6274258884986533
AgglomerativeClustering,"{'n_clusters': 20, 'linkage': 'single', 'metric': 'l2'}",-0.16345089964400758,3.5153570418118996,0.6526564861458016
AgglomerativeClustering,"{'n_clusters': 20, 'linkage': 'single', 'metric': 'manhattan'}",-0.13629964192489236,4.104566652329657,0.6274258884986533
AgglomerativeClustering,"{'n_clusters': 20, 'linkage': 'single', 'metric': 'cosine'}",-0.45795187804934323,0.37999015773149414,1.9663793208411016
AgglomerativeClustering,"{'n_clusters': 21, 'linkage': 'ward', 'metric': 'euclidean'}",0.2428615845468195,1020.9568833061048,1.1204287696129251
AgglomerativeClustering,"{'n_clusters': 21, 'linkage': 'complete', 'metric': 'euclidean'}",0.20599017826075228,814.7336430903125,1.1859970962732007
AgglomerativeClustering,"{'n_clusters': 21, 'linkage': 'complete', 'metric': 'l1'}",0.18466060126195982,645.4382758949401,1.1345104645322874
AgglomerativeClustering,"{'n_clusters': 21, 'linkage': 'complete', 'metric': 'l2'}",0.20599017826075228,814.7336430903125,1.1859970962732007
AgglomerativeClustering,"{'n_clusters': 21, 'linkage': 'complete', 'metric': 'manhattan'}",0.18466060126195982,645.4382758949401,1.1345104645322874
AgglomerativeClustering,"{'n_clusters': 21, 'linkage': 'complete', 'metric': 'cosine'}",0.05170719455756323,428.2250898453191,1.5145049334661516
AgglomerativeClustering,"{'n_clusters': 21, 'linkage': 'average', 'metric': 'euclidean'}",0.24965102576994364,584.8821461517877,0.9658668406393618
AgglomerativeClustering,"{'n_clusters': 21, 'linkage': 'average', 'metric': 'l1'}",0.23584759612359474,470.8317364497201,0.9480508083460792
AgglomerativeClustering,"{'n_clusters': 21, 'linkage': 'average', 'metric': 'l2'}",0.24965102576994364,584.8821461517877,0.9658668406393618
AgglomerativeClustering,"{'n_clusters': 21, 'linkage': 'average', 'metric': 'manhattan'}",0.23584759612359474,470.8317364497201,0.9480508083460792
AgglomerativeClustering,"{'n_clusters': 21, 'linkage': 'average', 'metric': 'cosine'}",0.0980869081169797,397.03414450088945,1.1498598389917778
AgglomerativeClustering,"{'n_clusters': 21, 'linkage': 'single', 'metric': 'euclidean'}",-0.16596540863660292,3.5996846463452,0.6405253734317697
AgglomerativeClustering,"{'n_clusters': 21, 'linkage': 'single', 'metric': 'l1'}",-0.1906729815430242,4.010639916357197,0.6472905223758605
AgglomerativeClustering,"{'n_clusters': 21, 'linkage': 'single', 'metric': 'l2'}",-0.16596540863660292,3.5996846463452,0.6405253734317697
AgglomerativeClustering,"{'n_clusters': 21, 'linkage': 'single', 'metric': 'manhattan'}",-0.1906729815430242,4.010639916357197,0.6472905223758605
AgglomerativeClustering,"{'n_clusters': 21, 'linkage': 'single', 'metric': 'cosine'}",-0.4606107470839325,0.6312613675383287,1.9342191054594802
AgglomerativeClustering,"{'n_clusters': 22, 'linkage': 'ward', 'metric': 'euclidean'}",0.23419901217095765,1004.8819596938391,1.143715191253882
AgglomerativeClustering,"{'n_clusters': 22, 'linkage': 'complete', 'metric': 'euclidean'}",0.20384005606951963,777.8005150242452,1.1495829821308847
AgglomerativeClustering,"{'n_clusters': 22, 'linkage': 'complete', 'metric': 'l1'}",0.2005902409329125,745.1789129600854,1.1540440297404257
AgglomerativeClustering,"{'n_clusters': 22, 'linkage': 'complete', 'metric': 'l2'}",0.20384005606951963,777.8005150242452,1.1495829821308847
AgglomerativeClustering,"{'n_clusters': 22, 'linkage': 'complete', 'metric': 'manhattan'}",0.2005902409329125,745.1789129600854,1.1540440297404257
AgglomerativeClustering,"{'n_clusters': 22, 'linkage': 'complete', 'metric': 'cosine'}",0.04409696047868853,408.62165045511915,1.5549455067409463
AgglomerativeClustering,"{'n_clusters': 22, 'linkage': 'average', 'metric': 'euclidean'}",0.24993994872402153,561.8066145433933,0.9473797493942993
AgglomerativeClustering,"{'n_clusters': 22, 'linkage': 'average', 'metric': 'l1'}",0.23677639662215064,455.3457609939808,0.9274205502930297
AgglomerativeClustering,"{'n_clusters': 22, 'linkage': 'average', 'metric': 'l2'}",0.24993994872402153,561.8066145433933,0.9473797493942993
AgglomerativeClustering,"{'n_clusters': 22, 'linkage': 'average', 'metric': 'manhattan'}",0.23677639662215064,455.3457609939808,0.9274205502930297
AgglomerativeClustering,"{'n_clusters': 22, 'linkage': 'average', 'metric': 'cosine'}",0.09620175094114634,378.6755218600668,1.1935806238760216
AgglomerativeClustering,"{'n_clusters': 22, 'linkage': 'single', 'metric': 'euclidean'}",-0.1785879204387413,3.473590848858527,0.6541198978936204
AgglomerativeClustering,"{'n_clusters': 22, 'linkage': 'single', 'metric': 'l1'}",-0.19810628295792815,3.8269094042387644,0.6538884592273052
AgglomerativeClustering,"{'n_clusters': 22, 'linkage': 'single', 'metric': 'l2'}",-0.1785879204387413,3.473590848858527,0.6541198978936204
AgglomerativeClustering,"{'n_clusters': 22, 'linkage': 'single', 'metric': 'manhattan'}",-0.19810628295792815,3.8269094042387644,0.6538884592273052
AgglomerativeClustering,"{'n_clusters': 22, 'linkage': 'single', 'metric': 'cosine'}",-0.4608014237696661,0.6011555617704605,1.926833291617288
AgglomerativeClustering,"{'n_clusters': 23, 'linkage': 'ward', 'metric': 'euclidean'}",0.2278488019786965,992.150845100548,1.1137563394728383
AgglomerativeClustering,"{'n_clusters': 23, 'linkage': 'complete', 'metric': 'euclidean'}",0.20117661729452394,764.7162229145835,1.1563664264367401
AgglomerativeClustering,"{'n_clusters': 23, 'linkage': 'complete', 'metric': 'l1'}",0.21119207772675055,757.7295519467664,1.1463683848137312
AgglomerativeClustering,"{'n_clusters': 23, 'linkage': 'complete', 'metric': 'l2'}",0.20117661729452394,764.7162229145835,1.1563664264367401
AgglomerativeClustering,"{'n_clusters': 23, 'linkage': 'complete', 'metric': 'manhattan'}",0.21119207772675055,757.7295519467664,1.1463683848137312
AgglomerativeClustering,"{'n_clusters': 23, 'linkage': 'complete', 'metric': 'cosine'}",0.05305702090116291,397.3481726532164,1.4779584451133743
AgglomerativeClustering,"{'n_clusters': 23, 'linkage': 'average', 'metric': 'euclidean'}",0.24839622622654445,544.6967653791461,0.9485538240521995
AgglomerativeClustering,"{'n_clusters': 23, 'linkage': 'average', 'metric': 'l1'}",0.233161916335468,442.23486237010104,0.9502392787432842
AgglomerativeClustering,"{'n_clusters': 23, 'linkage': 'average', 'metric': 'l2'}",0.24839622622654445,544.6967653791461,0.9485538240521995
AgglomerativeClustering,"{'n_clusters': 23, 'linkage': 'average', 'metric': 'manhattan'}",0.233161916335468,442.23486237010104,0.9502392787432842
AgglomerativeClustering,"{'n_clusters': 23, 'linkage': 'average', 'metric': 'cosine'}",0.0986639952654701,369.96635504307676,1.1887308566127401
AgglomerativeClustering,"{'n_clusters': 23, 'linkage': 'single', 'metric': 'euclidean'}",-0.20465754546426515,3.371705795269737,0.6616813950848525
AgglomerativeClustering,"{'n_clusters': 23, 'linkage': 'single', 'metric': 'l1'}",-0.2092586986274409,3.7249472390757767,0.6908681786392483
AgglomerativeClustering,"{'n_clusters': 23, 'linkage': 'single', 'metric': 'l2'}",-0.20465754546426515,3.371705795269737,0.6616813950848525
AgglomerativeClustering,"{'n_clusters': 23, 'linkage': 'single', 'metric': 'manhattan'}",-0.2092586986274409,3.7249472390757767,0.6908681786392483
AgglomerativeClustering,"{'n_clusters': 23, 'linkage': 'single', 'metric': 'cosine'}",-0.47089815550049213,0.5867037101706206,1.9180136720481922
AgglomerativeClustering,"{'n_clusters': 24, 'linkage': 'ward', 'metric': 'euclidean'}",0.22809914720923846,980.9246494805512,1.117126952189967
AgglomerativeClustering,"{'n_clusters': 24, 'linkage': 'complete', 'metric': 'euclidean'}",0.2023058036097227,776.0893187320457,1.1312112802710057
AgglomerativeClustering,"{'n_clusters': 24, 'linkage': 'complete', 'metric': 'l1'}",0.21109878195680815,736.8593506913942,1.1337060008725828
AgglomerativeClustering,"{'n_clusters': 24, 'linkage': 'complete', 'metric': 'l2'}",0.2023058036097227,776.0893187320457,1.1312112802710057
AgglomerativeClustering,"{'n_clusters': 24, 'linkage': 'complete', 'metric': 'manhattan'}",0.21109878195680815,736.8593506913942,1.1337060008725828
AgglomerativeClustering,"{'n_clusters': 24, 'linkage': 'complete', 'metric': 'cosine'}",0.05782362885859051,384.8209836320018,1.4741779765161622
AgglomerativeClustering,"{'n_clusters': 24, 'linkage': 'average', 'metric': 'euclidean'}",0.2428842202010671,528.1745432264356,0.9597594155297308
AgglomerativeClustering,"{'n_clusters': 24, 'linkage': 'average', 'metric': 'l1'}",0.23219612797554487,423.3735146281311,0.9221065608251378
AgglomerativeClustering,"{'n_clusters': 24, 'linkage': 'average', 'metric': 'l2'}",0.2428842202010671,528.1745432264356,0.9597594155297308
AgglomerativeClustering,"{'n_clusters': 24, 'linkage': 'average', 'metric': 'manhattan'}",0.23219612797554487,423.3735146281311,0.9221065608251378
AgglomerativeClustering,"{'n_clusters': 24, 'linkage': 'average', 'metric': 'cosine'}",0.09595672139774471,354.3509107712775,1.1849051217533513
AgglomerativeClustering,"{'n_clusters': 24, 'linkage': 'single', 'metric': 'euclidean'}",-0.2178265535356028,3.277603466711145,0.6688714748119944
AgglomerativeClustering,"{'n_clusters': 24, 'linkage': 'single', 'metric': 'l1'}",-0.22709796459596704,3.564459473582411,0.6908299502949413
AgglomerativeClustering,"{'n_clusters': 24, 'linkage': 'single', 'metric': 'l2'}",-0.2178265535356028,3.277603466711145,0.6688714748119944
AgglomerativeClustering,"{'n_clusters': 24, 'linkage': 'single', 'metric': 'manhattan'}",-0.22709796459596704,3.564459473582411,0.6908299502949413
AgglomerativeClustering,"{'n_clusters': 24, 'linkage': 'single', 'metric': 'cosine'}",-0.4835307592882629,0.5713358830599184,1.91709711262019
AgglomerativeClustering,"{'n_clusters': 25, 'linkage': 'ward', 'metric': 'euclidean'}",0.23336074993490438,970.3939157185681,1.1084820060631162
AgglomerativeClustering,"{'n_clusters': 25, 'linkage': 'complete', 'metric': 'euclidean'}",0.2022564965833041,750.3371103678326,1.1377106269802226
AgglomerativeClustering,"{'n_clusters': 25, 'linkage': 'complete', 'metric': 'l1'}",0.20215287716129945,733.9128967555224,1.124654379149241
AgglomerativeClustering,"{'n_clusters': 25, 'linkage': 'complete', 'metric': 'l2'}",0.2022564965833041,750.3371103678326,1.1377106269802226
AgglomerativeClustering,"{'n_clusters': 25, 'linkage': 'complete', 'metric': 'manhattan'}",0.20215287716129945,733.9128967555224,1.124654379149241
AgglomerativeClustering,"{'n_clusters': 25, 'linkage': 'complete', 'metric': 'cosine'}",0.05554435407150316,369.45662250371447,1.426493849489488
AgglomerativeClustering,"{'n_clusters': 25, 'linkage': 'average', 'metric': 'euclidean'}",0.2418517160824134,514.2976435824419,0.966482950229622
AgglomerativeClustering,"{'n_clusters': 25, 'linkage': 'average', 'metric': 'l1'}",0.2230738620942586,406.9398711883585,0.9228732741834019
AgglomerativeClustering,"{'n_clusters': 25, 'linkage': 'average', 'metric': 'l2'}",0.2418517160824134,514.2976435824419,0.966482950229622
AgglomerativeClustering,"{'n_clusters': 25, 'linkage': 'average', 'metric': 'manhattan'}",0.2230738620942586,406.9398711883585,0.9228732741834019
AgglomerativeClustering,"{'n_clusters': 25, 'linkage': 'average', 'metric': 'cosine'}",0.09600992814675956,340.89498543442977,1.2269280335799548
AgglomerativeClustering,"{'n_clusters': 25, 'linkage': 'single', 'metric': 'euclidean'}",-0.21677529342301124,3.2706040668865177,0.6738255380031066
AgglomerativeClustering,"{'n_clusters': 25, 'linkage': 'single', 'metric': 'l1'}",-0.25147744525308074,3.466471236124874,0.6965279459768634
AgglomerativeClustering,"{'n_clusters': 25, 'linkage': 'single', 'metric': 'l2'}",-0.21677529342301124,3.2706040668865177,0.6738255380031066
AgglomerativeClustering,"{'n_clusters': 25, 'linkage': 'single', 'metric': 'manhattan'}",-0.25147744525308074,3.466471236124874,0.6965279459768634
AgglomerativeClustering,"{'n_clusters': 25, 'linkage': 'single', 'metric': 'cosine'}",-0.4851431374633189,0.5633850481882509,1.9104679110330884
AgglomerativeClustering,"{'n_clusters': 26, 'linkage': 'ward', 'metric': 'euclidean'}",0.22742390445905578,962.2797048240132,1.1294995935423457
AgglomerativeClustering,"{'n_clusters': 26, 'linkage': 'complete', 'metric': 'euclidean'}",0.2003414481414319,723.5658408007289,1.1471025468262595
AgglomerativeClustering,"{'n_clusters': 26, 'linkage': 'complete', 'metric': 'l1'}",0.20355640683065276,715.4951046552881,1.1140877428250362
AgglomerativeClustering,"{'n_clusters': 26, 'linkage': 'complete', 'metric': 'l2'}",0.2003414481414319,723.5658408007289,1.1471025468262595
AgglomerativeClustering,"{'n_clusters': 26, 'linkage': 'complete', 'metric': 'manhattan'}",0.20355640683065276,715.4951046552881,1.1140877428250362
AgglomerativeClustering,"{'n_clusters': 26, 'linkage': 'complete', 'metric': 'cosine'}",0.05205517876064557,374.640874979204,1.4535473395200202
AgglomerativeClustering,"{'n_clusters': 26, 'linkage': 'average', 'metric': 'euclidean'}",0.2547798179851236,555.8391866219112,0.968535283417807
AgglomerativeClustering,"{'n_clusters': 26, 'linkage': 'average', 'metric': 'l1'}",0.2278032083242307,417.1753309250295,0.9215288221997582
AgglomerativeClustering,"{'n_clusters': 26, 'linkage': 'average', 'metric': 'l2'}",0.2547798179851236,555.8391866219112,0.968535283417807
AgglomerativeClustering,"{'n_clusters': 26, 'linkage': 'average', 'metric': 'manhattan'}",0.2278032083242307,417.1753309250295,0.9215288221997582
AgglomerativeClustering,"{'n_clusters': 26, 'linkage': 'average', 'metric': 'cosine'}",0.09530637371367699,355.7854410053026,1.2140811076580316
AgglomerativeClustering,"{'n_clusters': 26, 'linkage': 'single', 'metric': 'euclidean'}",-0.2487988928859905,3.1807661450923317,0.6827860015404046
AgglomerativeClustering,"{'n_clusters': 26, 'linkage': 'single', 'metric': 'l1'}",-0.2512301461584397,3.499919034065032,0.6864231921322824
AgglomerativeClustering,"{'n_clusters': 26, 'linkage': 'single', 'metric': 'l2'}",-0.2487988928859905,3.1807661450923317,0.6827860015404046
AgglomerativeClustering,"{'n_clusters': 26, 'linkage': 'single', 'metric': 'manhattan'}",-0.2512301461584397,3.499919034065032,0.6864231921322824
AgglomerativeClustering,"{'n_clusters': 26, 'linkage': 'single', 'metric': 'cosine'}",-0.48550094796854554,0.5407266258044663,1.902969273274339
AgglomerativeClustering,"{'n_clusters': 27, 'linkage': 'ward', 'metric': 'euclidean'}",0.22534139800472475,954.7822029633968,1.1365600872869788
AgglomerativeClustering,"{'n_clusters': 27, 'linkage': 'complete', 'metric': 'euclidean'}",0.19333182978544905,752.8404083426029,1.1491932080360578
AgglomerativeClustering,"{'n_clusters': 27, 'linkage': 'complete', 'metric': 'l1'}",0.20145118405261242,699.790605254337,1.1010216095601566
AgglomerativeClustering,"{'n_clusters': 27, 'linkage': 'complete', 'metric': 'l2'}",0.19333182978544905,752.8404083426029,1.1491932080360578
AgglomerativeClustering,"{'n_clusters': 27, 'linkage': 'complete', 'metric': 'manhattan'}",0.20145118405261242,699.790605254337,1.1010216095601566
AgglomerativeClustering,"{'n_clusters': 27, 'linkage': 'complete', 'metric': 'cosine'}",0.06347398654562328,393.9089140288505,1.4407214729486664
AgglomerativeClustering,"{'n_clusters': 27, 'linkage': 'average', 'metric': 'euclidean'}",0.2566686415551404,540.2267316410679,0.9530921241121963
AgglomerativeClustering,"{'n_clusters': 27, 'linkage': 'average', 'metric': 'l1'}",0.22412555627697414,406.4785717684207,0.945017265921855
AgglomerativeClustering,"{'n_clusters': 27, 'linkage': 'average', 'metric': 'l2'}",0.2566686415551404,540.2267316410679,0.9530921241121963
AgglomerativeClustering,"{'n_clusters': 27, 'linkage': 'average', 'metric': 'manhattan'}",0.22412555627697414,406.4785717684207,0.945017265921855
AgglomerativeClustering,"{'n_clusters': 27, 'linkage': 'average', 'metric': 'cosine'}",0.09385657431239543,342.0652370262823,1.1940163398196377
AgglomerativeClustering,"{'n_clusters': 27, 'linkage': 'single', 'metric': 'euclidean'}",-0.25020986710103404,3.098491373850342,0.6907036534018155
AgglomerativeClustering,"{'n_clusters': 27, 'linkage': 'single', 'metric': 'l1'}",-0.25623616489778744,3.403129351356782,0.6951903132173114
AgglomerativeClustering,"{'n_clusters': 27, 'linkage': 'single', 'metric': 'l2'}",-0.25020986710103404,3.098491373850342,0.6907036534018155
AgglomerativeClustering,"{'n_clusters': 27, 'linkage': 'single', 'metric': 'manhattan'}",-0.25623616489778744,3.403129351356782,0.6951903132173114
AgglomerativeClustering,"{'n_clusters': 27, 'linkage': 'single', 'metric': 'cosine'}",-0.48988779389387693,0.5457903281822143,1.8742899903756323
AgglomerativeClustering,"{'n_clusters': 28, 'linkage': 'ward', 'metric': 'euclidean'}",0.22709594440194586,945.3280725863201,1.1269019128181788
AgglomerativeClustering,"{'n_clusters': 28, 'linkage': 'complete', 'metric': 'euclidean'}",0.19333453358558872,731.8212231238373,1.1472410958077366
AgglomerativeClustering,"{'n_clusters': 28, 'linkage': 'complete', 'metric': 'l1'}",0.20145017088802453,677.9394089638511,1.0853562682720452
AgglomerativeClustering,"{'n_clusters': 28, 'linkage': 'complete', 'metric': 'l2'}",0.19333453358558872,731.8212231238373,1.1472410958077366
AgglomerativeClustering,"{'n_clusters': 28, 'linkage': 'complete', 'metric': 'manhattan'}",0.20145017088802453,677.9394089638511,1.0853562682720452
AgglomerativeClustering,"{'n_clusters': 28, 'linkage': 'complete', 'metric': 'cosine'}",0.039721503111153064,384.34469119719193,1.5467179853364992
AgglomerativeClustering,"{'n_clusters': 28, 'linkage': 'average', 'metric': 'euclidean'}",0.25121908962091244,549.1806285551686,0.9660200491192895
AgglomerativeClustering,"{'n_clusters': 28, 'linkage': 'average', 'metric': 'l1'}",0.21955804620060934,393.2810366593929,0.9468706517436815
AgglomerativeClustering,"{'n_clusters': 28, 'linkage': 'average', 'metric': 'l2'}",0.25121908962091244,549.1806285551686,0.9660200491192895
AgglomerativeClustering,"{'n_clusters': 28, 'linkage': 'average', 'metric': 'manhattan'}",0.21955804620060934,393.2810366593929,0.9468706517436815
AgglomerativeClustering,"{'n_clusters': 28, 'linkage': 'average', 'metric': 'cosine'}",0.09320594125673208,329.5676149851476,1.2092925436844564
AgglomerativeClustering,"{'n_clusters': 28, 'linkage': 'single', 'metric': 'euclidean'}",-0.25493597901153947,2.9861414640841644,0.6906750488691404
AgglomerativeClustering,"{'n_clusters': 28, 'linkage': 'single', 'metric': 'l1'}",-0.2594207944342957,3.2835402494070154,0.6939764989271415
AgglomerativeClustering,"{'n_clusters': 28, 'linkage': 'single', 'metric': 'l2'}",-0.25493597901153947,2.9861414640841644,0.6906750488691404
AgglomerativeClustering,"{'n_clusters': 28, 'linkage': 'single', 'metric': 'manhattan'}",-0.2594207944342957,3.2835402494070154,0.6939764989271415
AgglomerativeClustering,"{'n_clusters': 28, 'linkage': 'single', 'metric': 'cosine'}",-0.48999120665075263,0.5341099346706982,1.8751012330658856
AgglomerativeClustering,"{'n_clusters': 29, 'linkage': 'ward', 'metric': 'euclidean'}",0.22937007338885096,937.6485833999358,1.132037442315083
AgglomerativeClustering,"{'n_clusters': 29, 'linkage': 'complete', 'metric': 'euclidean'}",0.1922636931099101,715.9900189755049,1.1318472957233965
AgglomerativeClustering,"{'n_clusters': 29, 'linkage': 'complete', 'metric': 'l1'}",0.2195751955420927,744.7216093705464,1.064066674236942
AgglomerativeClustering,"{'n_clusters': 29, 'linkage': 'complete', 'metric': 'l2'}",0.1922636931099101,715.9900189755049,1.1318472957233965
AgglomerativeClustering,"{'n_clusters': 29, 'linkage': 'complete', 'metric': 'manhattan'}",0.2195751955420927,744.7216093705464,1.064066674236942
AgglomerativeClustering,"{'n_clusters': 29, 'linkage': 'complete', 'metric': 'cosine'}",0.04062405758447021,371.397516206909,1.512651568879268
AgglomerativeClustering,"{'n_clusters': 29, 'linkage': 'average', 'metric': 'euclidean'}",0.24132438086059166,531.3581916004231,0.9509238131484564
AgglomerativeClustering,"{'n_clusters': 29, 'linkage': 'average', 'metric': 'l1'}",0.23845840370690805,528.0918772869666,0.9390325387824661
AgglomerativeClustering,"{'n_clusters': 29, 'linkage': 'average', 'metric': 'l2'}",0.24132438086059166,531.3581916004231,0.9509238131484564
AgglomerativeClustering,"{'n_clusters': 29, 'linkage': 'average', 'metric': 'manhattan'}",0.23845840370690805,528.0918772869666,0.9390325387824661
AgglomerativeClustering,"{'n_clusters': 29, 'linkage': 'average', 'metric': 'cosine'}",0.09491450140960522,349.25533613672735,1.2272170674087204
AgglomerativeClustering,"{'n_clusters': 29, 'linkage': 'single', 'metric': 'euclidean'}",-0.25434133221838956,3.0263921265980867,0.6909235262408409
AgglomerativeClustering,"{'n_clusters': 29, 'linkage': 'single', 'metric': 'l1'}",-0.27441302691344793,3.2032647939690904,0.7011349063095647
AgglomerativeClustering,"{'n_clusters': 29, 'linkage': 'single', 'metric': 'l2'}",-0.25434133221838956,3.0263921265980867,0.6909235262408409
AgglomerativeClustering,"{'n_clusters': 29, 'linkage': 'single', 'metric': 'manhattan'}",-0.27441302691344793,3.2032647939690904,0.7011349063095647
AgglomerativeClustering,"{'n_clusters': 29, 'linkage': 'single', 'metric': 'cosine'}",-0.48954668591332456,0.537844139569006,1.8683624092794944
AgglomerativeClustering,"{'n_clusters': 30, 'linkage': 'ward', 'metric': 'euclidean'}",0.2296516942983181,928.3750083544309,1.128567790852018
AgglomerativeClustering,"{'n_clusters': 30, 'linkage': 'complete', 'metric': 'euclidean'}",0.18781908382455648,705.5840367350763,1.1498320524393775
AgglomerativeClustering,"{'n_clusters': 30, 'linkage': 'complete', 'metric': 'l1'}",0.22274416021781582,748.3958467393342,1.0832476188756401
AgglomerativeClustering,"{'n_clusters': 30, 'linkage': 'complete', 'metric': 'l2'}",0.18781908382455648,705.5840367350763,1.1498320524393775
AgglomerativeClustering,"{'n_clusters': 30, 'linkage': 'complete', 'metric': 'manhattan'}",0.22274416021781582,748.3958467393342,1.0832476188756401
AgglomerativeClustering,"{'n_clusters': 30, 'linkage': 'complete', 'metric': 'cosine'}",0.041147857177917815,383.0048675281368,1.5197255637247877
AgglomerativeClustering,"{'n_clusters': 30, 'linkage': 'average', 'metric': 'euclidean'}",0.23863695021479597,516.4078439744994,0.9634893025654488
AgglomerativeClustering,"{'n_clusters': 30, 'linkage': 'average', 'metric': 'l1'}",0.2376736169051595,515.8972950975392,0.9484925313082256
AgglomerativeClustering,"{'n_clusters': 30, 'linkage': 'average', 'metric': 'l2'}",0.23863695021479597,516.4078439744994,0.9634893025654488
AgglomerativeClustering,"{'n_clusters': 30, 'linkage': 'average', 'metric': 'manhattan'}",0.2376736169051595,515.8972950975392,0.9484925313082256
AgglomerativeClustering,"{'n_clusters': 30, 'linkage': 'average', 'metric': 'cosine'}",0.09248302660574058,337.4177182150869,1.2190120003147482
AgglomerativeClustering,"{'n_clusters': 30, 'linkage': 'single', 'metric': 'euclidean'}",-0.2586815273050628,2.9615899305883024,0.6964013766872447
AgglomerativeClustering,"{'n_clusters': 30, 'linkage': 'single', 'metric': 'l1'}",-0.27478346388438907,3.159589970639764,0.6996640674070608
AgglomerativeClustering,"{'n_clusters': 30, 'linkage': 'single', 'metric': 'l2'}",-0.2586815273050628,2.9615899305883024,0.6964013766872447
AgglomerativeClustering,"{'n_clusters': 30, 'linkage': 'single', 'metric': 'manhattan'}",-0.27478346388438907,3.159589970639764,0.6996640674070608
AgglomerativeClustering,"{'n_clusters': 30, 'linkage': 'single', 'metric': 'cosine'}",-0.4894471192520917,0.5281983753452184,1.8658894996279625
AgglomerativeClustering,"{'n_clusters': 31, 'linkage': 'ward', 'metric': 'euclidean'}",0.23181621945083905,919.7761283438315,1.1173510709561194
AgglomerativeClustering,"{'n_clusters': 31, 'linkage': 'complete', 'metric': 'euclidean'}",0.18928607505515427,698.9310844797952,1.1426455812280472
AgglomerativeClustering,"{'n_clusters': 31, 'linkage': 'complete', 'metric': 'l1'}",0.22396334378953178,740.3885102193776,1.0895925601872174
AgglomerativeClustering,"{'n_clusters': 31, 'linkage': 'complete', 'metric': 'l2'}",0.18928607505515427,698.9310844797952,1.1426455812280472
AgglomerativeClustering,"{'n_clusters': 31, 'linkage': 'complete', 'metric': 'manhattan'}",0.22396334378953178,740.3885102193776,1.0895925601872174
AgglomerativeClustering,"{'n_clusters': 31, 'linkage': 'complete', 'metric': 'cosine'}",0.04365794114369587,373.6984917907062,1.5459175399199134
AgglomerativeClustering,"{'n_clusters': 31, 'linkage': 'average', 'metric': 'euclidean'}",0.23504621649009114,501.5121948361515,0.9553294440505076
AgglomerativeClustering,"{'n_clusters': 31, 'linkage': 'average', 'metric': 'l1'}",0.23971473745332025,503.88378476477106,0.9379926462249359
AgglomerativeClustering,"{'n_clusters': 31, 'linkage': 'average', 'metric': 'l2'}",0.23504621649009114,501.5121948361515,0.9553294440505076
AgglomerativeClustering,"{'n_clusters': 31, 'linkage': 'average', 'metric': 'manhattan'}",0.23971473745332025,503.88378476477106,0.9379926462249359
AgglomerativeClustering,"{'n_clusters': 31, 'linkage': 'average', 'metric': 'cosine'}",0.08999009668980126,328.69017768764064,1.2303928263477084
AgglomerativeClustering,"{'n_clusters': 31, 'linkage': 'single', 'metric': 'euclidean'}",-0.25869871419761387,2.9272800553237226,0.695077838939274
AgglomerativeClustering,"{'n_clusters': 31, 'linkage': 'single', 'metric': 'l1'}",-0.282005269304975,3.078480624618964,0.7116017643450656
AgglomerativeClustering,"{'n_clusters': 31, 'linkage': 'single', 'metric': 'l2'}",-0.25869871419761387,2.9272800553237226,0.695077838939274
AgglomerativeClustering,"{'n_clusters': 31, 'linkage': 'single', 'metric': 'manhattan'}",-0.282005269304975,3.078480624618964,0.7116017643450656
AgglomerativeClustering,"{'n_clusters': 31, 'linkage': 'single', 'metric': 'cosine'}",-0.48859180266234414,0.5276347415624819,1.8647184039752036
AgglomerativeClustering,"{'n_clusters': 32, 'linkage': 'ward', 'metric': 'euclidean'}",0.23235421782675914,912.0900546149642,1.0836468246208213
AgglomerativeClustering,"{'n_clusters': 32, 'linkage': 'complete', 'metric': 'euclidean'}",0.19087712268594237,691.4447707198094,1.1349725500062917
AgglomerativeClustering,"{'n_clusters': 32, 'linkage': 'complete', 'metric': 'l1'}",0.22329460313419347,722.1760394821139,1.1136751987026605
AgglomerativeClustering,"{'n_clusters': 32, 'linkage': 'complete', 'metric': 'l2'}",0.19087712268594237,691.4447707198094,1.1349725500062917
AgglomerativeClustering,"{'n_clusters': 32, 'linkage': 'complete', 'metric': 'manhattan'}",0.22329460313419347,722.1760394821139,1.1136751987026605
AgglomerativeClustering,"{'n_clusters': 32, 'linkage': 'complete', 'metric': 'cosine'}",0.0405146984180988,361.5447347902791,1.5422367443866851
AgglomerativeClustering,"{'n_clusters': 32, 'linkage': 'average', 'metric': 'euclidean'}",0.22682089476053507,487.7272188126099,0.9577806757144134
AgglomerativeClustering,"{'n_clusters': 32, 'linkage': 'average', 'metric': 'l1'}",0.23889240172032322,500.0195485761964,0.9487912418131905
AgglomerativeClustering,"{'n_clusters': 32, 'linkage': 'average', 'metric': 'l2'}",0.22682089476053507,487.7272188126099,0.9577806757144134
AgglomerativeClustering,"{'n_clusters': 32, 'linkage': 'average', 'metric': 'manhattan'}",0.23889240172032322,500.0195485761964,0.9487912418131905
AgglomerativeClustering,"{'n_clusters': 32, 'linkage': 'average', 'metric': 'cosine'}",0.08440954636619305,317.9980321437511,1.2233051512957438
AgglomerativeClustering,"{'n_clusters': 32, 'linkage': 'single', 'metric': 'euclidean'}",-0.25990954265987376,2.988962465933606,0.6860781701357735
AgglomerativeClustering,"{'n_clusters': 32, 'linkage': 'single', 'metric': 'l1'}",-0.28243546506750944,3.0263835581006013,0.7130690404876143
AgglomerativeClustering,"{'n_clusters': 32, 'linkage': 'single', 'metric': 'l2'}",-0.25990954265987376,2.988962465933606,0.6860781701357735
AgglomerativeClustering,"{'n_clusters': 32, 'linkage': 'single', 'metric': 'manhattan'}",-0.28243546506750944,3.0263835581006013,0.7130690404876143
AgglomerativeClustering,"{'n_clusters': 32, 'linkage': 'single', 'metric': 'cosine'}",-0.4883863136882346,0.5259880236548096,1.870757567744409
AgglomerativeClustering,"{'n_clusters': 33, 'linkage': 'ward', 'metric': 'euclidean'}",0.23391892956334784,905.6827995093139,1.0793431564825922
AgglomerativeClustering,"{'n_clusters': 33, 'linkage': 'complete', 'metric': 'euclidean'}",0.18589336152061553,686.9389901404033,1.1496879505195843
AgglomerativeClustering,"{'n_clusters': 33, 'linkage': 'complete', 'metric': 'l1'}",0.22235849053046586,703.0383098648797,1.1057977313594984
AgglomerativeClustering,"{'n_clusters': 33, 'linkage': 'complete', 'metric': 'l2'}",0.18589336152061553,686.9389901404033,1.1496879505195843
AgglomerativeClustering,"{'n_clusters': 33, 'linkage': 'complete', 'metric': 'manhattan'}",0.22235849053046586,703.0383098648797,1.1057977313594984
AgglomerativeClustering,"{'n_clusters': 33, 'linkage': 'complete', 'metric': 'cosine'}",0.03690835553341197,350.3376796741351,1.5398003282843313
AgglomerativeClustering,"{'n_clusters': 33, 'linkage': 'average', 'metric': 'euclidean'}",0.2239471404772632,472.85015683297104,0.9439495585285897
AgglomerativeClustering,"{'n_clusters': 33, 'linkage': 'average', 'metric': 'l1'}",0.2388396806840606,485.5781648849981,0.9476941961916397
AgglomerativeClustering,"{'n_clusters': 33, 'linkage': 'average', 'metric': 'l2'}",0.2239471404772632,472.85015683297104,0.9439495585285897
AgglomerativeClustering,"{'n_clusters': 33, 'linkage': 'average', 'metric': 'manhattan'}",0.2388396806840606,485.5781648849981,0.9476941961916397
AgglomerativeClustering,"{'n_clusters': 33, 'linkage': 'average', 'metric': 'cosine'}",0.07497176989887915,308.57629338644495,1.224799359283581
AgglomerativeClustering,"{'n_clusters': 33, 'linkage': 'single', 'metric': 'euclidean'}",-0.2581564645803262,3.1602056404272036,0.6825790840649001
AgglomerativeClustering,"{'n_clusters': 33, 'linkage': 'single', 'metric': 'l1'}",-0.2807882739792836,3.1261528851130076,0.7129317441634094
AgglomerativeClustering,"{'n_clusters': 33, 'linkage': 'single', 'metric': 'l2'}",-0.2581564645803262,3.1602056404272036,0.6825790840649001
AgglomerativeClustering,"{'n_clusters': 33, 'linkage': 'single', 'metric': 'manhattan'}",-0.2807882739792836,3.1261528851130076,0.7129317441634094
AgglomerativeClustering,"{'n_clusters': 33, 'linkage': 'single', 'metric': 'cosine'}",-0.48998684605142123,0.518558881345239,1.8654824101453913
AgglomerativeClustering,"{'n_clusters': 34, 'linkage': 'ward', 'metric': 'euclidean'}",0.23619005530057888,900.646375403896,1.097298444898464
AgglomerativeClustering,"{'n_clusters': 34, 'linkage': 'complete', 'metric': 'euclidean'}",0.18656989203600172,674.3578101956617,1.1712572551808926
AgglomerativeClustering,"{'n_clusters': 34, 'linkage': 'complete', 'metric': 'l1'}",0.22233898129391036,689.3365422164195,1.1001447222571006
AgglomerativeClustering,"{'n_clusters': 34, 'linkage': 'complete', 'metric': 'l2'}",0.18656989203600172,674.3578101956617,1.1712572551808926
AgglomerativeClustering,"{'n_clusters': 34, 'linkage': 'complete', 'metric': 'manhattan'}",0.22233898129391036,689.3365422164195,1.1001447222571006
AgglomerativeClustering,"{'n_clusters': 34, 'linkage': 'complete', 'metric': 'cosine'}",0.03788280419311096,342.37742169414526,1.5532255940937236
AgglomerativeClustering,"{'n_clusters': 34, 'linkage': 'average', 'metric': 'euclidean'}",0.2188723032468165,486.1598346419455,0.9412329204179838
AgglomerativeClustering,"{'n_clusters': 34, 'linkage': 'average', 'metric': 'l1'}",0.2367945151252556,472.5943949520816,0.9537307186780195
AgglomerativeClustering,"{'n_clusters': 34, 'linkage': 'average', 'metric': 'l2'}",0.2188723032468165,486.1598346419455,0.9412329204179838
AgglomerativeClustering,"{'n_clusters': 34, 'linkage': 'average', 'metric': 'manhattan'}",0.2367945151252556,472.5943949520816,0.9537307186780195
AgglomerativeClustering,"{'n_clusters': 34, 'linkage': 'average', 'metric': 'cosine'}",0.07300825709010678,299.2249751715833,1.2223509399414119
AgglomerativeClustering,"{'n_clusters': 34, 'linkage': 'single', 'metric': 'euclidean'}",-0.2801896308306027,3.0871196430987964,0.6934621856893031
AgglomerativeClustering,"{'n_clusters': 34, 'linkage': 'single', 'metric': 'l1'}",-0.28558667873870847,3.075398523870098,0.7267980247637764
AgglomerativeClustering,"{'n_clusters': 34, 'linkage': 'single', 'metric': 'l2'}",-0.2801896308306027,3.0871196430987964,0.6934621856893031
AgglomerativeClustering,"{'n_clusters': 34, 'linkage': 'single', 'metric': 'manhattan'}",-0.28558667873870847,3.075398523870098,0.7267980247637764
AgglomerativeClustering,"{'n_clusters': 34, 'linkage': 'single', 'metric': 'cosine'}",-0.49127614915066015,0.5198261211493178,1.8670194706146954
AgglomerativeClustering,"{'n_clusters': 35, 'linkage': 'ward', 'metric': 'euclidean'}",0.2315891260454696,896.214795658722,1.0945794826742024
AgglomerativeClustering,"{'n_clusters': 35, 'linkage': 'complete', 'metric': 'euclidean'}",0.18452020774369812,657.7958325415316,1.1629280836793046
AgglomerativeClustering,"{'n_clusters': 35, 'linkage': 'complete', 'metric': 'l1'}",0.22157946594687425,675.9786022631637,1.0917118549198794
AgglomerativeClustering,"{'n_clusters': 35, 'linkage': 'complete', 'metric': 'l2'}",0.18452020774369812,657.7958325415316,1.1629280836793046
AgglomerativeClustering,"{'n_clusters': 35, 'linkage': 'complete', 'metric': 'manhattan'}",0.22157946594687425,675.9786022631637,1.0917118549198794
AgglomerativeClustering,"{'n_clusters': 35, 'linkage': 'complete', 'metric': 'cosine'}",0.039109328095489476,333.7065566080591,1.5352936542815616
AgglomerativeClustering,"{'n_clusters': 35, 'linkage': 'average', 'metric': 'euclidean'}",0.21785497712525118,473.9880565643453,0.9343186230776861
AgglomerativeClustering,"{'n_clusters': 35, 'linkage': 'average', 'metric': 'l1'}",0.2300753918071089,471.91470455492157,0.9485453449358695
AgglomerativeClustering,"{'n_clusters': 35, 'linkage': 'average', 'metric': 'l2'}",0.21785497712525118,473.9880565643453,0.9343186230776861
AgglomerativeClustering,"{'n_clusters': 35, 'linkage': 'average', 'metric': 'manhattan'}",0.2300753918071089,471.91470455492157,0.9485453449358695
AgglomerativeClustering,"{'n_clusters': 35, 'linkage': 'average', 'metric': 'cosine'}",0.07339083866867903,292.01823545825897,1.2452909771916947
AgglomerativeClustering,"{'n_clusters': 35, 'linkage': 'single', 'metric': 'euclidean'}",-0.2781046563485625,3.2227054597529503,0.6952113764243877
AgglomerativeClustering,"{'n_clusters': 35, 'linkage': 'single', 'metric': 'l1'}",-0.2852265094127355,3.1094459218012647,0.7183770347820603
AgglomerativeClustering,"{'n_clusters': 35, 'linkage': 'single', 'metric': 'l2'}",-0.2781046563485625,3.2227054597529503,0.6952113764243877
AgglomerativeClustering,"{'n_clusters': 35, 'linkage': 'single', 'metric': 'manhattan'}",-0.2852265094127355,3.1094459218012647,0.7183770347820603
AgglomerativeClustering,"{'n_clusters': 35, 'linkage': 'single', 'metric': 'cosine'}",-0.4899989935546108,0.5357053706922541,1.869394259264973
AgglomerativeClustering,"{'n_clusters': 36, 'linkage': 'ward', 'metric': 'euclidean'}",0.2276175109557288,890.7145128602994,1.1042303883594835
AgglomerativeClustering,"{'n_clusters': 36, 'linkage': 'complete', 'metric': 'euclidean'}",0.18453529484636116,645.1600782700131,1.1484555582124623
AgglomerativeClustering,"{'n_clusters': 36, 'linkage': 'complete', 'metric': 'l1'}",0.2200018726356215,670.9351872121711,1.1052308689518742
AgglomerativeClustering,"{'n_clusters': 36, 'linkage': 'complete', 'metric': 'l2'}",0.18453529484636116,645.1600782700131,1.1484555582124623
AgglomerativeClustering,"{'n_clusters': 36, 'linkage': 'complete', 'metric': 'manhattan'}",0.2200018726356215,670.9351872121711,1.1052308689518742
AgglomerativeClustering,"{'n_clusters': 36, 'linkage': 'complete', 'metric': 'cosine'}",0.03698300327451802,325.5548015236129,1.5524696256464818
AgglomerativeClustering,"{'n_clusters': 36, 'linkage': 'average', 'metric': 'euclidean'}",0.2246836363738127,490.31995597550247,0.936265532472457
AgglomerativeClustering,"{'n_clusters': 36, 'linkage': 'average', 'metric': 'l1'}",0.2374434056741974,479.0468198860389,0.9519659817300933
AgglomerativeClustering,"{'n_clusters': 36, 'linkage': 'average', 'metric': 'l2'}",0.2246836363738127,490.31995597550247,0.936265532472457
AgglomerativeClustering,"{'n_clusters': 36, 'linkage': 'average', 'metric': 'manhattan'}",0.2374434056741974,479.0468198860389,0.9519659817300933
AgglomerativeClustering,"{'n_clusters': 36, 'linkage': 'average', 'metric': 'cosine'}",0.07275907087971256,283.85408209448684,1.2419355879279568
AgglomerativeClustering,"{'n_clusters': 36, 'linkage': 'single', 'metric': 'euclidean'}",-0.35771168102575174,3.1362008084408384,0.7539633095601652
AgglomerativeClustering,"{'n_clusters': 36, 'linkage': 'single', 'metric': 'l1'}",-0.2914245847875337,3.0553458577297423,0.72154849322073
AgglomerativeClustering,"{'n_clusters': 36, 'linkage': 'single', 'metric': 'l2'}",-0.35771168102575174,3.1362008084408384,0.7539633095601652
AgglomerativeClustering,"{'n_clusters': 36, 'linkage': 'single', 'metric': 'manhattan'}",-0.2914245847875337,3.0553458577297423,0.72154849322073
AgglomerativeClustering,"{'n_clusters': 36, 'linkage': 'single', 'metric': 'cosine'}",-0.49242423096703564,0.5312474634490097,1.8584855557660636
AgglomerativeClustering,"{'n_clusters': 37, 'linkage': 'ward', 'metric': 'euclidean'}",0.22611975023482564,885.3089299340721,1.1174483075907526
AgglomerativeClustering,"{'n_clusters': 37, 'linkage': 'complete', 'metric': 'euclidean'}",0.18450350440308855,679.8937801008286,1.1626786025697462
AgglomerativeClustering,"{'n_clusters': 37, 'linkage': 'complete', 'metric': 'l1'}",0.21876711808958735,660.5512818602705,1.1225867837665495
AgglomerativeClustering,"{'n_clusters': 37, 'linkage': 'complete', 'metric': 'l2'}",0.18450350440308855,679.8937801008286,1.1626786025697462
AgglomerativeClustering,"{'n_clusters': 37, 'linkage': 'complete', 'metric': 'manhattan'}",0.21876711808958735,660.5512818602705,1.1225867837665495
AgglomerativeClustering,"{'n_clusters': 37, 'linkage': 'complete', 'metric': 'cosine'}",0.04009100062743615,333.7302038599033,1.5617483772503467
AgglomerativeClustering,"{'n_clusters': 37, 'linkage': 'average', 'metric': 'euclidean'}",0.22145180239568696,483.40068949611657,0.9499667438499836
AgglomerativeClustering,"{'n_clusters': 37, 'linkage': 'average', 'metric': 'l1'}",0.2321917584421701,473.6538115591861,0.9524669191918977
AgglomerativeClustering,"{'n_clusters': 37, 'linkage': 'average', 'metric': 'l2'}",0.22145180239568696,483.40068949611657,0.9499667438499836
AgglomerativeClustering,"{'n_clusters': 37, 'linkage': 'average', 'metric': 'manhattan'}",0.2321917584421701,473.6538115591861,0.9524669191918977
AgglomerativeClustering,"{'n_clusters': 37, 'linkage': 'average', 'metric': 'cosine'}",0.07090438110893914,276.9505640009039,1.2734080053929382
AgglomerativeClustering,"{'n_clusters': 37, 'linkage': 'single', 'metric': 'euclidean'}",-0.3593585795229217,3.102443869253883,0.7514125003002267
AgglomerativeClustering,"{'n_clusters': 37, 'linkage': 'single', 'metric': 'l1'}",-0.29217028674897977,2.9913262134906087,0.730418268316673
AgglomerativeClustering,"{'n_clusters': 37, 'linkage': 'single', 'metric': 'l2'}",-0.3593585795229217,3.102443869253883,0.7514125003002267
AgglomerativeClustering,"{'n_clusters': 37, 'linkage': 'single', 'metric': 'manhattan'}",-0.29217028674897977,2.9913262134906087,0.730418268316673
AgglomerativeClustering,"{'n_clusters': 37, 'linkage': 'single', 'metric': 'cosine'}",-0.49228972536608634,0.5208616051933261,1.8699774363012036
AgglomerativeClustering,"{'n_clusters': 38, 'linkage': 'ward', 'metric': 'euclidean'}",0.22678712102944004,880.3341390471868,1.1087449247904444
AgglomerativeClustering,"{'n_clusters': 38, 'linkage': 'complete', 'metric': 'euclidean'}",0.18519375685029182,668.7787772705053,1.149953867528051
AgglomerativeClustering,"{'n_clusters': 38, 'linkage': 'complete', 'metric': 'l1'}",0.21352553542360814,649.0153763203074,1.1432657451115993
AgglomerativeClustering,"{'n_clusters': 38, 'linkage': 'complete', 'metric': 'l2'}",0.18519375685029182,668.7787772705053,1.149953867528051
AgglomerativeClustering,"{'n_clusters': 38, 'linkage': 'complete', 'metric': 'manhattan'}",0.21352553542360814,649.0153763203074,1.1432657451115993
AgglomerativeClustering,"{'n_clusters': 38, 'linkage': 'complete', 'metric': 'cosine'}",0.03843113723032013,324.6197580134554,1.5541760707281136
AgglomerativeClustering,"{'n_clusters': 38, 'linkage': 'average', 'metric': 'euclidean'}",0.21907565706240162,542.0344832276323,0.9654762651903749
AgglomerativeClustering,"{'n_clusters': 38, 'linkage': 'average', 'metric': 'l1'}",0.23125466747186685,461.78017712406944,0.9550881647125182
AgglomerativeClustering,"{'n_clusters': 38, 'linkage': 'average', 'metric': 'l2'}",0.21907565706240162,542.0344832276323,0.9654762651903749
AgglomerativeClustering,"{'n_clusters': 38, 'linkage': 'average', 'metric': 'manhattan'}",0.23125466747186685,461.78017712406944,0.9550881647125182
AgglomerativeClustering,"{'n_clusters': 38, 'linkage': 'average', 'metric': 'cosine'}",0.06976541582468611,270.0870169966109,1.287506766294903
AgglomerativeClustering,"{'n_clusters': 38, 'linkage': 'single', 'metric': 'euclidean'}",-0.36021680926281596,3.08020098679594,0.7475859795201142
AgglomerativeClustering,"{'n_clusters': 38, 'linkage': 'single', 'metric': 'l1'}",-0.2947357703943874,3.0180105515175137,0.7231569686847563
AgglomerativeClustering,"{'n_clusters': 38, 'linkage': 'single', 'metric': 'l2'}",-0.36021680926281596,3.08020098679594,0.7475859795201142
AgglomerativeClustering,"{'n_clusters': 38, 'linkage': 'single', 'metric': 'manhattan'}",-0.2947357703943874,3.0180105515175137,0.7231569686847563
AgglomerativeClustering,"{'n_clusters': 38, 'linkage': 'single', 'metric': 'cosine'}",-0.4905407735583982,0.5446739324205516,1.861793656446235
AgglomerativeClustering,"{'n_clusters': 39, 'linkage': 'ward', 'metric': 'euclidean'}",0.23047194307963706,875.3465684826973,1.1204678206688996
AgglomerativeClustering,"{'n_clusters': 39, 'linkage': 'complete', 'metric': 'euclidean'}",0.1876627203808142,663.419334392093,1.152986734725782
AgglomerativeClustering,"{'n_clusters': 39, 'linkage': 'complete', 'metric': 'l1'}",0.21708152843583667,647.544180454937,1.127012158798776
AgglomerativeClustering,"{'n_clusters': 39, 'linkage': 'complete', 'metric': 'l2'}",0.1876627203808142,663.419334392093,1.152986734725782
AgglomerativeClustering,"{'n_clusters': 39, 'linkage': 'complete', 'metric': 'manhattan'}",0.21708152843583667,647.544180454937,1.127012158798776
AgglomerativeClustering,"{'n_clusters': 39, 'linkage': 'complete', 'metric': 'cosine'}",0.038116297422590664,317.0445344867823,1.5588419208534954
AgglomerativeClustering,"{'n_clusters': 39, 'linkage': 'average', 'metric': 'euclidean'}",0.2180689200071051,531.5739970507258,0.9703688257961302
AgglomerativeClustering,"{'n_clusters': 39, 'linkage': 'average', 'metric': 'l1'}",0.22954137253120832,450.30063008627127,0.9539344303926786
AgglomerativeClustering,"{'n_clusters': 39, 'linkage': 'average', 'metric': 'l2'}",0.2180689200071051,531.5739970507258,0.9703688257961302
AgglomerativeClustering,"{'n_clusters': 39, 'linkage': 'average', 'metric': 'manhattan'}",0.22954137253120832,450.30063008627127,0.9539344303926786
AgglomerativeClustering,"{'n_clusters': 39, 'linkage': 'average', 'metric': 'cosine'}",0.07828256289762273,268.76511448916125,1.2972843955865219
AgglomerativeClustering,"{'n_clusters': 39, 'linkage': 'single', 'metric': 'euclidean'}",-0.3600648968132041,3.0623270605104134,0.7523782977939575
AgglomerativeClustering,"{'n_clusters': 39, 'linkage': 'single', 'metric': 'l1'}",-0.29682949464696146,2.989224327891549,0.7215116729202229
AgglomerativeClustering,"{'n_clusters': 39, 'linkage': 'single', 'metric': 'l2'}",-0.3600648968132041,3.0623270605104134,0.7523782977939575
AgglomerativeClustering,"{'n_clusters': 39, 'linkage': 'single', 'metric': 'manhattan'}",-0.29682949464696146,2.989224327891549,0.7215116729202229
AgglomerativeClustering,"{'n_clusters': 39, 'linkage': 'single', 'metric': 'cosine'}",-0.4902664313952782,0.5352191568861141,1.8681288925252828
AgglomerativeClustering,"{'n_clusters': 40, 'linkage': 'ward', 'metric': 'euclidean'}",0.23150464320393924,868.55008082537,1.1119642429369967
AgglomerativeClustering,"{'n_clusters': 40, 'linkage': 'complete', 'metric': 'euclidean'}",0.18217831087233521,658.0408612170369,1.1478628556708774
AgglomerativeClustering,"{'n_clusters': 40, 'linkage': 'complete', 'metric': 'l1'}",0.21836615627971195,640.4183513549525,1.1237517191456985
AgglomerativeClustering,"{'n_clusters': 40, 'linkage': 'complete', 'metric': 'l2'}",0.18217831087233521,658.0408612170369,1.1478628556708774
AgglomerativeClustering,"{'n_clusters': 40, 'linkage': 'complete', 'metric': 'manhattan'}",0.21836615627971195,640.4183513549525,1.1237517191456985
AgglomerativeClustering,"{'n_clusters': 40, 'linkage': 'complete', 'metric': 'cosine'}",0.034271454561395534,308.99577064703266,1.542702010184345
AgglomerativeClustering,"{'n_clusters': 40, 'linkage': 'average', 'metric': 'euclidean'}",0.21731124944321484,519.8836959551151,0.9555149185759962
AgglomerativeClustering,"{'n_clusters': 40, 'linkage': 'average', 'metric': 'l1'}",0.21303209698997821,465.39527943080634,0.963737074271591
AgglomerativeClustering,"{'n_clusters': 40, 'linkage': 'average', 'metric': 'l2'}",0.21731124944321484,519.8836959551151,0.9555149185759962
AgglomerativeClustering,"{'n_clusters': 40, 'linkage': 'average', 'metric': 'manhattan'}",0.21303209698997821,465.39527943080634,0.963737074271591
AgglomerativeClustering,"{'n_clusters': 40, 'linkage': 'average', 'metric': 'cosine'}",0.07500296408204656,262.6975502512603,1.303899246134311
AgglomerativeClustering,"{'n_clusters': 40, 'linkage': 'single', 'metric': 'euclidean'}",-0.36150057794959645,3.070140555560268,0.7458580848485828
AgglomerativeClustering,"{'n_clusters': 40, 'linkage': 'single', 'metric': 'l1'}",-0.293818144451194,3.1599894525346994,0.7239754920465037
AgglomerativeClustering,"{'n_clusters': 40, 'linkage': 'single', 'metric': 'l2'}",-0.36150057794959645,3.070140555560268,0.7458580848485828
AgglomerativeClustering,"{'n_clusters': 40, 'linkage': 'single', 'metric': 'manhattan'}",-0.293818144451194,3.1599894525346994,0.7239754920465037
AgglomerativeClustering,"{'n_clusters': 40, 'linkage': 'single', 'metric': 'cosine'}",-0.4907322430981343,0.531302282282731,1.8585622479171433
AgglomerativeClustering,"{'n_clusters': 41, 'linkage': 'ward', 'metric': 'euclidean'}",0.22912110529174218,862.0920459165769,1.1354448318547006
AgglomerativeClustering,"{'n_clusters': 41, 'linkage': 'complete', 'metric': 'euclidean'}",0.1796128165135548,651.0249201973362,1.1498402526439833
AgglomerativeClustering,"{'n_clusters': 41, 'linkage': 'complete', 'metric': 'l1'}",0.22060876369714247,637.1987547573706,1.1163618078782367
AgglomerativeClustering,"{'n_clusters': 41, 'linkage': 'complete', 'metric': 'l2'}",0.1796128165135548,651.0249201973362,1.1498402526439833
AgglomerativeClustering,"{'n_clusters': 41, 'linkage': 'complete', 'metric': 'manhattan'}",0.22060876369714247,637.1987547573706,1.1163618078782367
AgglomerativeClustering,"{'n_clusters': 41, 'linkage': 'complete', 'metric': 'cosine'}",0.031697831394880666,303.51631275543804,1.5511651354713147
AgglomerativeClustering,"{'n_clusters': 41, 'linkage': 'average', 'metric': 'euclidean'}",0.21877695619459184,517.4330577026418,0.9577877474760922
AgglomerativeClustering,"{'n_clusters': 41, 'linkage': 'average', 'metric': 'l1'}",0.21020598118063769,456.92478189438316,0.9564432205342582
AgglomerativeClustering,"{'n_clusters': 41, 'linkage': 'average', 'metric': 'l2'}",0.21877695619459184,517.4330577026418,0.9577877474760922
AgglomerativeClustering,"{'n_clusters': 41, 'linkage': 'average', 'metric': 'manhattan'}",0.21020598118063769,456.92478189438316,0.9564432205342582
AgglomerativeClustering,"{'n_clusters': 41, 'linkage': 'average', 'metric': 'cosine'}",0.07409641463016657,256.4397263345342,1.3167917132018365
AgglomerativeClustering,"{'n_clusters': 41, 'linkage': 'single', 'metric': 'euclidean'}",-0.36047420352493875,3.2110663932650394,0.7389489285689247
AgglomerativeClustering,"{'n_clusters': 41, 'linkage': 'single', 'metric': 'l1'}",-0.29536542799441107,3.1597555311790386,0.7186789948364676
AgglomerativeClustering,"{'n_clusters': 41, 'linkage': 'single', 'metric': 'l2'}",-0.36047420352493875,3.2110663932650394,0.7389489285689247
AgglomerativeClustering,"{'n_clusters': 41, 'linkage': 'single', 'metric': 'manhattan'}",-0.29536542799441107,3.1597555311790386,0.7186789948364676
AgglomerativeClustering,"{'n_clusters': 41, 'linkage': 'single', 'metric': 'cosine'}",-0.4982401152768974,0.5250165677175638,1.8554278339047767
AgglomerativeClustering,"{'n_clusters': 42, 'linkage': 'ward', 'metric': 'euclidean'}",0.22938070747908615,855.3699074935987,1.1292685834760878
AgglomerativeClustering,"{'n_clusters': 42, 'linkage': 'complete', 'metric': 'euclidean'}",0.17985529580977647,642.6746675443222,1.1578756408078898
AgglomerativeClustering,"{'n_clusters': 42, 'linkage': 'complete', 'metric': 'l1'}",0.21540644385604774,627.9521207537126,1.1309742171991775
AgglomerativeClustering,"{'n_clusters': 42, 'linkage': 'complete', 'metric': 'l2'}",0.17985529580977647,642.6746675443222,1.1578756408078898
AgglomerativeClustering,"{'n_clusters': 42, 'linkage': 'complete', 'metric': 'manhattan'}",0.21540644385604774,627.9521207537126,1.1309742171991775
AgglomerativeClustering,"{'n_clusters': 42, 'linkage': 'complete', 'metric': 'cosine'}",0.03011758356484422,296.2551817487695,1.5471637712268114
AgglomerativeClustering,"{'n_clusters': 42, 'linkage': 'average', 'metric': 'euclidean'}",0.21710846736281406,506.06260354806767,0.9538407565670991
AgglomerativeClustering,"{'n_clusters': 42, 'linkage': 'average', 'metric': 'l1'}",0.20710584038873117,488.27426228045965,0.9689357840800407
AgglomerativeClustering,"{'n_clusters': 42, 'linkage': 'average', 'metric': 'l2'}",0.21710846736281406,506.06260354806767,0.9538407565670991
AgglomerativeClustering,"{'n_clusters': 42, 'linkage': 'average', 'metric': 'manhattan'}",0.20710584038873117,488.27426228045965,0.9689357840800407
AgglomerativeClustering,"{'n_clusters': 42, 'linkage': 'average', 'metric': 'cosine'}",0.07335067850900258,250.10974539043542,1.3038092366610392
AgglomerativeClustering,"{'n_clusters': 42, 'linkage': 'single', 'metric': 'euclidean'}",-0.3720462957140632,3.177549588873704,0.7597558215369365
AgglomerativeClustering,"{'n_clusters': 42, 'linkage': 'single', 'metric': 'l1'}",-0.29898952894053304,3.1111231561116575,0.7217991320645177
AgglomerativeClustering,"{'n_clusters': 42, 'linkage': 'single', 'metric': 'l2'}",-0.3720462957140632,3.177549588873704,0.7597558215369365
AgglomerativeClustering,"{'n_clusters': 42, 'linkage': 'single', 'metric': 'manhattan'}",-0.29898952894053304,3.1111231561116575,0.7217991320645177
AgglomerativeClustering,"{'n_clusters': 42, 'linkage': 'single', 'metric': 'cosine'}",-0.49869246681197177,0.5182158856665087,1.854990215249342
AgglomerativeClustering,"{'n_clusters': 43, 'linkage': 'ward', 'metric': 'euclidean'}",0.22612134711340234,848.7767956421026,1.1279525812296345
AgglomerativeClustering,"{'n_clusters': 43, 'linkage': 'complete', 'metric': 'euclidean'}",0.18011801409960307,630.42865880125,1.1476883299607517
AgglomerativeClustering,"{'n_clusters': 43, 'linkage': 'complete', 'metric': 'l1'}",0.21442858759275693,619.1948538963849,1.1294570661748666
AgglomerativeClustering,"{'n_clusters': 43, 'linkage': 'complete', 'metric': 'l2'}",0.18011801409960307,630.42865880125,1.1476883299607517
AgglomerativeClustering,"{'n_clusters': 43, 'linkage': 'complete', 'metric': 'manhattan'}",0.21442858759275693,619.1948538963849,1.1294570661748666
AgglomerativeClustering,"{'n_clusters': 43, 'linkage': 'complete', 'metric': 'cosine'}",0.0307283957758831,295.24041003222226,1.5626582773985054
AgglomerativeClustering,"{'n_clusters': 43, 'linkage': 'average', 'metric': 'euclidean'}",0.2159002435764224,494.71639908907986,0.9433473808403056
AgglomerativeClustering,"{'n_clusters': 43, 'linkage': 'average', 'metric': 'l1'}",0.20538549791030758,477.1687580453267,0.9570807752248469
AgglomerativeClustering,"{'n_clusters': 43, 'linkage': 'average', 'metric': 'l2'}",0.2159002435764224,494.71639908907986,0.9433473808403056
AgglomerativeClustering,"{'n_clusters': 43, 'linkage': 'average', 'metric': 'manhattan'}",0.20538549791030758,477.1687580453267,0.9570807752248469
AgglomerativeClustering,"{'n_clusters': 43, 'linkage': 'average', 'metric': 'cosine'}",0.07310792527400756,244.23176274467588,1.308555241320963
AgglomerativeClustering,"{'n_clusters': 43, 'linkage': 'single', 'metric': 'euclidean'}",-0.3867742688052395,3.148158901271784,0.7661757417307437
AgglomerativeClustering,"{'n_clusters': 43, 'linkage': 'single', 'metric': 'l1'}",-0.2998308359799419,3.1552264237243617,0.7142952988238132
AgglomerativeClustering,"{'n_clusters': 43, 'linkage': 'single', 'metric': 'l2'}",-0.3867742688052395,3.148158901271784,0.7661757417307437
AgglomerativeClustering,"{'n_clusters': 43, 'linkage': 'single', 'metric': 'manhattan'}",-0.2998308359799419,3.1552264237243617,0.7142952988238132
AgglomerativeClustering,"{'n_clusters': 43, 'linkage': 'single', 'metric': 'cosine'}",-0.4983293807686422,0.5165202493916535,1.8602302498057675
AgglomerativeClustering,"{'n_clusters': 44, 'linkage': 'ward', 'metric': 'euclidean'}",0.22668238577266586,842.4628595447415,1.1312196855671584
AgglomerativeClustering,"{'n_clusters': 44, 'linkage': 'complete', 'metric': 'euclidean'}",0.1815956266236881,622.2841377906451,1.1468776070661948
AgglomerativeClustering,"{'n_clusters': 44, 'linkage': 'complete', 'metric': 'l1'}",0.21016912720560074,609.5797345016399,1.1471001942547483
AgglomerativeClustering,"{'n_clusters': 44, 'linkage': 'complete', 'metric': 'l2'}",0.1815956266236881,622.2841377906451,1.1468776070661948
AgglomerativeClustering,"{'n_clusters': 44, 'linkage': 'complete', 'metric': 'manhattan'}",0.21016912720560074,609.5797345016399,1.1471001942547483
AgglomerativeClustering,"{'n_clusters': 44, 'linkage': 'complete', 'metric': 'cosine'}",0.030409602012881884,289.1875410900887,1.5637225727327788
AgglomerativeClustering,"{'n_clusters': 44, 'linkage': 'average', 'metric': 'euclidean'}",0.21643931232624183,488.99363996513057,0.940826818852011
AgglomerativeClustering,"{'n_clusters': 44, 'linkage': 'average', 'metric': 'l1'}",0.2057283388348329,471.79360236583364,0.9701275248762279
AgglomerativeClustering,"{'n_clusters': 44, 'linkage': 'average', 'metric': 'l2'}",0.21643931232624183,488.99363996513057,0.940826818852011
AgglomerativeClustering,"{'n_clusters': 44, 'linkage': 'average', 'metric': 'manhattan'}",0.2057283388348329,471.79360236583364,0.9701275248762279
AgglomerativeClustering,"{'n_clusters': 44, 'linkage': 'average', 'metric': 'cosine'}",0.06734417853431528,238.68606607274862,1.3297143829137135
AgglomerativeClustering,"{'n_clusters': 44, 'linkage': 'single', 'metric': 'euclidean'}",-0.38827264130866546,3.1485156793928297,0.7601539601036994
AgglomerativeClustering,"{'n_clusters': 44, 'linkage': 'single', 'metric': 'l1'}",-0.3002256078551435,3.1335971610609565,0.711947478875191
AgglomerativeClustering,"{'n_clusters': 44, 'linkage': 'single', 'metric': 'l2'}",-0.38827264130866546,3.1485156793928297,0.7601539601036994
AgglomerativeClustering,"{'n_clusters': 44, 'linkage': 'single', 'metric': 'manhattan'}",-0.3002256078551435,3.1335971610609565,0.711947478875191
AgglomerativeClustering,"{'n_clusters': 44, 'linkage': 'single', 'metric': 'cosine'}",-0.4997121546725968,0.5047729595192355,1.855122395998009
AgglomerativeClustering,"{'n_clusters': 45, 'linkage': 'ward', 'metric': 'euclidean'}",0.22736808060035593,836.7622700676156,1.126975821846267
AgglomerativeClustering,"{'n_clusters': 45, 'linkage': 'complete', 'metric': 'euclidean'}",0.1826065025261598,615.7016640134021,1.1189686893165909
AgglomerativeClustering,"{'n_clusters': 45, 'linkage': 'complete', 'metric': 'l1'}",0.21059877609647357,601.7065789224855,1.1473630837877868
AgglomerativeClustering,"{'n_clusters': 45, 'linkage': 'complete', 'metric': 'l2'}",0.1826065025261598,615.7016640134021,1.1189686893165909
AgglomerativeClustering,"{'n_clusters': 45, 'linkage': 'complete', 'metric': 'manhattan'}",0.21059877609647357,601.7065789224855,1.1473630837877868
AgglomerativeClustering,"{'n_clusters': 45, 'linkage': 'complete', 'metric': 'cosine'}",0.030374708549833495,283.7245500970573,1.5679733387214987
AgglomerativeClustering,"{'n_clusters': 45, 'linkage': 'average', 'metric': 'euclidean'}",0.20888083698083362,484.32099440994114,0.9382410821469696
AgglomerativeClustering,"{'n_clusters': 45, 'linkage': 'average', 'metric': 'l1'}",0.21057282342897338,481.57223922477846,0.9733550245729375
AgglomerativeClustering,"{'n_clusters': 45, 'linkage': 'average', 'metric': 'l2'}",0.20888083698083362,484.32099440994114,0.9382410821469696
AgglomerativeClustering,"{'n_clusters': 45, 'linkage': 'average', 'metric': 'manhattan'}",0.21057282342897338,481.57223922477846,0.9733550245729375
AgglomerativeClustering,"{'n_clusters': 45, 'linkage': 'average', 'metric': 'cosine'}",0.06496499105700038,239.3237941969175,1.3372870225782523
AgglomerativeClustering,"{'n_clusters': 45, 'linkage': 'single', 'metric': 'euclidean'}",-0.3969092831611017,3.114440917945911,0.7592326633555263
AgglomerativeClustering,"{'n_clusters': 45, 'linkage': 'single', 'metric': 'l1'}",-0.3014166925904911,3.1186643101419422,0.7089957049576334
AgglomerativeClustering,"{'n_clusters': 45, 'linkage': 'single', 'metric': 'l2'}",-0.3969092831611017,3.114440917945911,0.7592326633555263
AgglomerativeClustering,"{'n_clusters': 45, 'linkage': 'single', 'metric': 'manhattan'}",-0.3014166925904911,3.1186643101419422,0.7089957049576334
AgglomerativeClustering,"{'n_clusters': 45, 'linkage': 'single', 'metric': 'cosine'}",-0.504335168393004,0.5013585299620696,1.847833155218699
AgglomerativeClustering,"{'n_clusters': 46, 'linkage': 'ward', 'metric': 'euclidean'}",0.22960998438113084,831.3672861844269,1.1197156750056252
AgglomerativeClustering,"{'n_clusters': 46, 'linkage': 'complete', 'metric': 'euclidean'}",0.18181566626528955,605.420804058685,1.1362299914881642
AgglomerativeClustering,"{'n_clusters': 46, 'linkage': 'complete', 'metric': 'l1'}",0.2115025679210138,594.5182018843495,1.1437531088342816
AgglomerativeClustering,"{'n_clusters': 46, 'linkage': 'complete', 'metric': 'l2'}",0.18181566626528955,605.420804058685,1.1362299914881642
AgglomerativeClustering,"{'n_clusters': 46, 'linkage': 'complete', 'metric': 'manhattan'}",0.2115025679210138,594.5182018843495,1.1437531088342816
AgglomerativeClustering,"{'n_clusters': 46, 'linkage': 'complete', 'metric': 'cosine'}",0.03119763717332567,277.7515104434517,1.555913523923285
AgglomerativeClustering,"{'n_clusters': 46, 'linkage': 'average', 'metric': 'euclidean'}",0.2093982719507385,474.938470918138,0.9388633840548274
AgglomerativeClustering,"{'n_clusters': 46, 'linkage': 'average', 'metric': 'l1'}",0.20982907649535004,479.78416583911826,0.9693597843008612
AgglomerativeClustering,"{'n_clusters': 46, 'linkage': 'average', 'metric': 'l2'}",0.2093982719507385,474.938470918138,0.9388633840548274
AgglomerativeClustering,"{'n_clusters': 46, 'linkage': 'average', 'metric': 'manhattan'}",0.20982907649535004,479.78416583911826,0.9693597843008612
AgglomerativeClustering,"{'n_clusters': 46, 'linkage': 'average', 'metric': 'cosine'}",0.06594003567465756,260.55806718398605,1.3611823447258808
AgglomerativeClustering,"{'n_clusters': 46, 'linkage': 'single', 'metric': 'euclidean'}",-0.3987793793324163,3.1353118188247135,0.7523553075961561
AgglomerativeClustering,"{'n_clusters': 46, 'linkage': 'single', 'metric': 'l1'}",-0.3058180749122462,3.1070013622999095,0.7058857320060493
AgglomerativeClustering,"{'n_clusters': 46, 'linkage': 'single', 'metric': 'l2'}",-0.3987793793324163,3.1353118188247135,0.7523553075961561
AgglomerativeClustering,"{'n_clusters': 46, 'linkage': 'single', 'metric': 'manhattan'}",-0.3058180749122462,3.1070013622999095,0.7058857320060493
AgglomerativeClustering,"{'n_clusters': 46, 'linkage': 'single', 'metric': 'cosine'}",-0.5041143645505552,0.4971327551061168,1.859923780262373
AgglomerativeClustering,"{'n_clusters': 47, 'linkage': 'ward', 'metric': 'euclidean'}",0.23061893084506055,826.3245026573506,1.127936914606696
AgglomerativeClustering,"{'n_clusters': 47, 'linkage': 'complete', 'metric': 'euclidean'}",0.18505052216586657,607.1139257592894,1.1451890406290273
AgglomerativeClustering,"{'n_clusters': 47, 'linkage': 'complete', 'metric': 'l1'}",0.21130540522099725,583.1081631239398,1.1247128614629112
AgglomerativeClustering,"{'n_clusters': 47, 'linkage': 'complete', 'metric': 'l2'}",0.18505052216586657,607.1139257592894,1.1451890406290273
AgglomerativeClustering,"{'n_clusters': 47, 'linkage': 'complete', 'metric': 'manhattan'}",0.21130540522099725,583.1081631239398,1.1247128614629112
AgglomerativeClustering,"{'n_clusters': 47, 'linkage': 'complete', 'metric': 'cosine'}",0.030972679456285727,272.6461012385729,1.532223599389457
AgglomerativeClustering,"{'n_clusters': 47, 'linkage': 'average', 'metric': 'euclidean'}",0.2043765500146237,464.9891516487195,0.9279662840189787
AgglomerativeClustering,"{'n_clusters': 47, 'linkage': 'average', 'metric': 'l1'}",0.2090375134059058,470.62937728810994,0.9789357347855854
AgglomerativeClustering,"{'n_clusters': 47, 'linkage': 'average', 'metric': 'l2'}",0.2043765500146237,464.9891516487195,0.9279662840189787
AgglomerativeClustering,"{'n_clusters': 47, 'linkage': 'average', 'metric': 'manhattan'}",0.2090375134059058,470.62937728810994,0.9789357347855854
AgglomerativeClustering,"{'n_clusters': 47, 'linkage': 'average', 'metric': 'cosine'}",0.06383880348482568,254.81871977644832,1.3627284541962559
AgglomerativeClustering,"{'n_clusters': 47, 'linkage': 'single', 'metric': 'euclidean'}",-0.3957408366160598,3.3006687837697366,0.75422015382794
AgglomerativeClustering,"{'n_clusters': 47, 'linkage': 'single', 'metric': 'l1'}",-0.30593415087420717,3.0628147136088355,0.7095845892358145
AgglomerativeClustering,"{'n_clusters': 47, 'linkage': 'single', 'metric': 'l2'}",-0.3957408366160598,3.3006687837697366,0.75422015382794
AgglomerativeClustering,"{'n_clusters': 47, 'linkage': 'single', 'metric': 'manhattan'}",-0.30593415087420717,3.0628147136088355,0.7095845892358145
AgglomerativeClustering,"{'n_clusters': 47, 'linkage': 'single', 'metric': 'cosine'}",-0.5186470663599948,0.510106312131557,1.8395022671999373
AgglomerativeClustering,"{'n_clusters': 48, 'linkage': 'ward', 'metric': 'euclidean'}",0.2316156229381786,821.6612062753798,1.125830079013986
AgglomerativeClustering,"{'n_clusters': 48, 'linkage': 'complete', 'metric': 'euclidean'}",0.18715161035744426,609.3889012831551,1.1375454406377175
AgglomerativeClustering,"{'n_clusters': 48, 'linkage': 'complete', 'metric': 'l1'}",0.21414027842376274,590.894481116761,1.120631313054746
AgglomerativeClustering,"{'n_clusters': 48, 'linkage': 'complete', 'metric': 'l2'}",0.18715161035744426,609.3889012831551,1.1375454406377175
AgglomerativeClustering,"{'n_clusters': 48, 'linkage': 'complete', 'metric': 'manhattan'}",0.21414027842376274,590.894481116761,1.120631313054746
AgglomerativeClustering,"{'n_clusters': 48, 'linkage': 'complete', 'metric': 'cosine'}",0.030281813748280373,270.97713268306035,1.5314337960572473
AgglomerativeClustering,"{'n_clusters': 48, 'linkage': 'average', 'metric': 'euclidean'}",0.2017625128553222,457.3945285724279,0.9229243110488735
AgglomerativeClustering,"{'n_clusters': 48, 'linkage': 'average', 'metric': 'l1'}",0.20890416410572238,460.8984880320737,0.9696287093084996
AgglomerativeClustering,"{'n_clusters': 48, 'linkage': 'average', 'metric': 'l2'}",0.2017625128553222,457.3945285724279,0.9229243110488735
AgglomerativeClustering,"{'n_clusters': 48, 'linkage': 'average', 'metric': 'manhattan'}",0.20890416410572238,460.8984880320737,0.9696287093084996
AgglomerativeClustering,"{'n_clusters': 48, 'linkage': 'average', 'metric': 'cosine'}",0.057207144282370975,249.49928861722105,1.3527543716125414
AgglomerativeClustering,"{'n_clusters': 48, 'linkage': 'single', 'metric': 'euclidean'}",-0.396502677561518,3.2326903035504735,0.7562329381301679
AgglomerativeClustering,"{'n_clusters': 48, 'linkage': 'single', 'metric': 'l1'}",-0.3055151332889493,3.0815184727822063,0.7042597749195368
AgglomerativeClustering,"{'n_clusters': 48, 'linkage': 'single', 'metric': 'l2'}",-0.396502677561518,3.2326903035504735,0.7562329381301679
AgglomerativeClustering,"{'n_clusters': 48, 'linkage': 'single', 'metric': 'manhattan'}",-0.3055151332889493,3.0815184727822063,0.7042597749195368
AgglomerativeClustering,"{'n_clusters': 48, 'linkage': 'single', 'metric': 'cosine'}",-0.5238753015608352,0.5144874782882677,1.8364004095996111
AgglomerativeClustering,"{'n_clusters': 49, 'linkage': 'ward', 'metric': 'euclidean'}",0.23104489342802872,817.5249735699026,1.1133034413177259
AgglomerativeClustering,"{'n_clusters': 49, 'linkage': 'complete', 'metric': 'euclidean'}",0.1862793198571428,601.3325608559201,1.1325722600964307
AgglomerativeClustering,"{'n_clusters': 49, 'linkage': 'complete', 'metric': 'l1'}",0.21215831610726554,582.1135599984482,1.1055411178977625
AgglomerativeClustering,"{'n_clusters': 49, 'linkage': 'complete', 'metric': 'l2'}",0.1862793198571428,601.3325608559201,1.1325722600964307
AgglomerativeClustering,"{'n_clusters': 49, 'linkage': 'complete', 'metric': 'manhattan'}",0.21215831610726554,582.1135599984482,1.1055411178977625
AgglomerativeClustering,"{'n_clusters': 49, 'linkage': 'complete', 'metric': 'cosine'}",0.03349445323498589,267.63646965752383,1.5243835526533094
AgglomerativeClustering,"{'n_clusters': 49, 'linkage': 'average', 'metric': 'euclidean'}",0.19837698104141274,454.1287339715425,0.9178955078988387
AgglomerativeClustering,"{'n_clusters': 49, 'linkage': 'average', 'metric': 'l1'}",0.20921355622246332,459.1377987147129,0.9643591101509772
AgglomerativeClustering,"{'n_clusters': 49, 'linkage': 'average', 'metric': 'l2'}",0.19837698104141274,454.1287339715425,0.9178955078988387
AgglomerativeClustering,"{'n_clusters': 49, 'linkage': 'average', 'metric': 'manhattan'}",0.20921355622246332,459.1377987147129,0.9643591101509772
AgglomerativeClustering,"{'n_clusters': 49, 'linkage': 'average', 'metric': 'cosine'}",0.055916686780490346,245.32653410374968,1.3528075968471098
AgglomerativeClustering,"{'n_clusters': 49, 'linkage': 'single', 'metric': 'euclidean'}",-0.39813807834765613,3.186057371913778,0.7594327918096084
AgglomerativeClustering,"{'n_clusters': 49, 'linkage': 'single', 'metric': 'l1'}",-0.3035137296796892,3.1994693413286344,0.7010657185206691
AgglomerativeClustering,"{'n_clusters': 49, 'linkage': 'single', 'metric': 'l2'}",-0.39813807834765613,3.186057371913778,0.7594327918096084
AgglomerativeClustering,"{'n_clusters': 49, 'linkage': 'single', 'metric': 'manhattan'}",-0.3035137296796892,3.1994693413286344,0.7010657185206691
AgglomerativeClustering,"{'n_clusters': 49, 'linkage': 'single', 'metric': 'cosine'}",-0.524394860047041,0.5094833108563721,1.8430557589346457
SpectralClustering,"{'n_clusters': 5, 'affinity': 'rbf', 'assign_labels': 'kmeans', 'random_state': 42}",0.37638464746470174,1111.5369754107962,1.0773726681118652
SpectralClustering,"{'n_clusters': 5, 'affinity': 'rbf', 'assign_labels': 'kmeans', 'random_state': 123}",0.37638464746470174,1111.5369754107962,1.0773726681118652
SpectralClustering,"{'n_clusters': 5, 'affinity': 'rbf', 'assign_labels': 'kmeans', 'random_state': 456}",0.37638464746470174,1111.5369754107962,1.0773726681118652
SpectralClustering,"{'n_clusters': 5, 'affinity': 'rbf', 'assign_labels': 'kmeans', 'random_state': 789}",0.376299611437996,1110.9118249956505,1.077009824890366
SpectralClustering,"{'n_clusters': 5, 'affinity': 'rbf', 'assign_labels': 'kmeans', 'random_state': 1011}",0.376299611437996,1110.9118249956505,1.077009824890366
SpectralClustering,"{'n_clusters': 5, 'affinity': 'rbf', 'assign_labels': 'kmeans', 'random_state': 2022}",0.37630238215538186,1108.5782951442843,1.0649168786177226
SpectralClustering,"{'n_clusters': 5, 'affinity': 'rbf', 'assign_labels': 'kmeans', 'random_state': 3033}",0.376299611437996,1110.9118249956505,1.0770098248903661
SpectralClustering,"{'n_clusters': 5, 'affinity': 'rbf', 'assign_labels': 'kmeans', 'random_state': 4044}",0.376299611437996,1110.9118249956505,1.077009824890366
SpectralClustering,"{'n_clusters': 5, 'affinity': 'rbf', 'assign_labels': 'kmeans', 'random_state': 5055}",0.37638464746470174,1111.5369754107962,1.0773726681118652
SpectralClustering,"{'n_clusters': 5, 'affinity': 'rbf', 'assign_labels': 'kmeans', 'random_state': 6066}",0.376299611437996,1110.9118249956505,1.077009824890366
SpectralClustering,"{'n_clusters': 5, 'affinity': 'rbf', 'assign_labels': 'discretize', 'random_state': 42}",0.3192129954674185,1597.2926159645112,1.0829385067873942
SpectralClustering,"{'n_clusters': 5, 'affinity': 'rbf', 'assign_labels': 'discretize', 'random_state': 123}",0.31978393611277006,1593.7592122363978,1.0803735730687472
SpectralClustering,"{'n_clusters': 5, 'affinity': 'rbf', 'assign_labels': 'discretize', 'random_state': 456}",0.31978393611277006,1593.7592122363976,1.080373573068747
SpectralClustering,"{'n_clusters': 5, 'affinity': 'rbf', 'assign_labels': 'discretize', 'random_state': 789}",0.3197106383395187,1592.162216114929,1.0805626998814712
SpectralClustering,"{'n_clusters': 5, 'affinity': 'rbf', 'assign_labels': 'discretize', 'random_state': 1011}",0.31978393611277006,1593.7592122363976,1.0803735730687472
SpectralClustering,"{'n_clusters': 5, 'affinity': 'rbf', 'assign_labels': 'discretize', 'random_state': 2022}",0.31978393611277006,1593.7592122363976,1.0803735730687472
SpectralClustering,"{'n_clusters': 5, 'affinity': 'rbf', 'assign_labels': 'discretize', 'random_state': 3033}",0.3192129954674185,1597.2926159645112,1.0829385067873945
SpectralClustering,"{'n_clusters': 5, 'affinity': 'rbf', 'assign_labels': 'discretize', 'random_state': 4044}",0.3197106383395187,1592.1622161149285,1.0805626998814715
SpectralClustering,"{'n_clusters': 5, 'affinity': 'rbf', 'assign_labels': 'discretize', 'random_state': 5055}",0.3192129954674185,1597.2926159645115,1.0829385067873942
SpectralClustering,"{'n_clusters': 5, 'affinity': 'rbf', 'assign_labels': 'discretize', 'random_state': 6066}",0.31978393611277006,1593.7592122363976,1.0803735730687472
SpectralClustering,"{'n_clusters': 5, 'affinity': 'rbf', 'assign_labels': 'cluster_qr', 'random_state': 42}",0.2908149686800595,1207.9999484297987,1.3452033721204395
SpectralClustering,"{'n_clusters': 5, 'affinity': 'rbf', 'assign_labels': 'cluster_qr', 'random_state': 123}",0.2908149686800595,1207.9999484297987,1.3452033721204395
SpectralClustering,"{'n_clusters': 5, 'affinity': 'rbf', 'assign_labels': 'cluster_qr', 'random_state': 456}",0.2908149686800595,1207.9999484297987,1.3452033721204395
SpectralClustering,"{'n_clusters': 5, 'affinity': 'rbf', 'assign_labels': 'cluster_qr', 'random_state': 789}",0.2908149686800595,1207.9999484297987,1.3452033721204395
SpectralClustering,"{'n_clusters': 5, 'affinity': 'rbf', 'assign_labels': 'cluster_qr', 'random_state': 1011}",0.2908149686800595,1207.9999484297987,1.3452033721204395
SpectralClustering,"{'n_clusters': 5, 'affinity': 'rbf', 'assign_labels': 'cluster_qr', 'random_state': 2022}",0.2908149686800595,1207.9999484297987,1.3452033721204395
SpectralClustering,"{'n_clusters': 5, 'affinity': 'rbf', 'assign_labels': 'cluster_qr', 'random_state': 3033}",0.2908149686800595,1207.9999484297987,1.3452033721204395
SpectralClustering,"{'n_clusters': 5, 'affinity': 'rbf', 'assign_labels': 'cluster_qr', 'random_state': 4044}",0.2908149686800595,1207.9999484297987,1.3452033721204395
SpectralClustering,"{'n_clusters': 5, 'affinity': 'rbf', 'assign_labels': 'cluster_qr', 'random_state': 5055}",0.2908149686800595,1207.9999484297987,1.3452033721204395
SpectralClustering,"{'n_clusters': 5, 'affinity': 'rbf', 'assign_labels': 'cluster_qr', 'random_state': 6066}",0.2908149686800595,1207.9999484297987,1.3452033721204395
SpectralClustering,"{'n_clusters': 5, 'affinity': 'nearest_neighbors', 'assign_labels': 'kmeans', 'random_state': 42, 'n_neighbors': 5}",0.2635571397979775,1526.3580134327246,1.1528700562491414
SpectralClustering,"{'n_clusters': 5, 'affinity': 'nearest_neighbors', 'assign_labels': 'kmeans', 'random_state': 123, 'n_neighbors': 5}",0.2635571397979775,1526.3580134327246,1.1528700562491416
SpectralClustering,"{'n_clusters': 5, 'affinity': 'nearest_neighbors', 'assign_labels': 'kmeans', 'random_state': 456, 'n_neighbors': 5}",0.263472575838144,1526.4104052748276,1.153849690825416
SpectralClustering,"{'n_clusters': 5, 'affinity': 'nearest_neighbors', 'assign_labels': 'kmeans', 'random_state': 789, 'n_neighbors': 5}",0.2635571397979775,1526.3580134327244,1.1528700562491414
SpectralClustering,"{'n_clusters': 5, 'affinity': 'nearest_neighbors', 'assign_labels': 'kmeans', 'random_state': 1011, 'n_neighbors': 5}",0.2635571397979775,1526.3580134327246,1.1528700562491414
SpectralClustering,"{'n_clusters': 5, 'affinity': 'nearest_neighbors', 'assign_labels': 'kmeans', 'random_state': 2022, 'n_neighbors': 5}",0.2635571397979775,1526.3580134327244,1.1528700562491414
SpectralClustering,"{'n_clusters': 5, 'affinity': 'nearest_neighbors', 'assign_labels': 'kmeans', 'random_state': 3033, 'n_neighbors': 5}",0.2635571397979775,1526.3580134327244,1.1528700562491414
SpectralClustering,"{'n_clusters': 5, 'affinity': 'nearest_neighbors', 'assign_labels': 'kmeans', 'random_state': 4044, 'n_neighbors': 5}",0.2635571397979775,1526.3580134327246,1.1528700562491414
SpectralClustering,"{'n_clusters': 5, 'affinity': 'nearest_neighbors', 'assign_labels': 'kmeans', 'random_state': 5055, 'n_neighbors': 5}",0.2635571397979775,1526.3580134327244,1.1528700562491414
SpectralClustering,"{'n_clusters': 5, 'affinity': 'nearest_neighbors', 'assign_labels': 'kmeans', 'random_state': 6066, 'n_neighbors': 5}",0.2635571397979775,1526.358013432725,1.1528700562491414
SpectralClustering,"{'n_clusters': 5, 'affinity': 'nearest_neighbors', 'assign_labels': 'discretize', 'random_state': 42, 'n_neighbors': 5}",0.2831011722739857,1565.1251180893023,1.114232372447511
SpectralClustering,"{'n_clusters': 5, 'affinity': 'nearest_neighbors', 'assign_labels': 'discretize', 'random_state': 123, 'n_neighbors': 5}",0.2831011722739857,1565.1251180893023,1.1142323724475112
SpectralClustering,"{'n_clusters': 5, 'affinity': 'nearest_neighbors', 'assign_labels': 'discretize', 'random_state': 456, 'n_neighbors': 5}",0.2847051772638464,1550.2978440861486,1.110516382396065
SpectralClustering,"{'n_clusters': 5, 'affinity': 'nearest_neighbors', 'assign_labels': 'discretize', 'random_state': 789, 'n_neighbors': 5}",0.2831011722739857,1565.1251180893023,1.114232372447511
SpectralClustering,"{'n_clusters': 5, 'affinity': 'nearest_neighbors', 'assign_labels': 'discretize', 'random_state': 1011, 'n_neighbors': 5}",0.2831011722739857,1565.1251180893023,1.114232372447511
SpectralClustering,"{'n_clusters': 5, 'affinity': 'nearest_neighbors', 'assign_labels': 'discretize', 'random_state': 2022, 'n_neighbors': 5}",0.28329546702434105,1564.3816590190077,1.1154706436247834
SpectralClustering,"{'n_clusters': 5, 'affinity': 'nearest_neighbors', 'assign_labels': 'discretize', 'random_state': 3033, 'n_neighbors': 5}",0.27204626211050803,1538.3087667072405,1.022033053870628
SpectralClustering,"{'n_clusters': 5, 'affinity': 'nearest_neighbors', 'assign_labels': 'discretize', 'random_state': 4044, 'n_neighbors': 5}",0.28321289139299916,1565.6408816426347,1.1145237344063534
SpectralClustering,"{'n_clusters': 5, 'affinity': 'nearest_neighbors', 'assign_labels': 'discretize', 'random_state': 5055, 'n_neighbors': 5}",0.2831011722739857,1565.1251180893023,1.114232372447511
SpectralClustering,"{'n_clusters': 5, 'affinity': 'nearest_neighbors', 'assign_labels': 'discretize', 'random_state': 6066, 'n_neighbors': 5}",0.2673442802119329,1530.4797304873432,1.0878760538819132
SpectralClustering,"{'n_clusters': 5, 'affinity': 'nearest_neighbors', 'assign_labels': 'cluster_qr', 'random_state': 42, 'n_neighbors': 5}",0.27802780929876103,1401.3974947748386,1.8826505179388182
SpectralClustering,"{'n_clusters': 5, 'affinity': 'nearest_neighbors', 'assign_labels': 'cluster_qr', 'random_state': 123, 'n_neighbors': 5}",0.27802780929876103,1401.3974947748386,1.8826505179388182
SpectralClustering,"{'n_clusters': 5, 'affinity': 'nearest_neighbors', 'assign_labels': 'cluster_qr', 'random_state': 456, 'n_neighbors': 5}",0.27802780929876103,1401.3974947748386,1.8826505179388182
SpectralClustering,"{'n_clusters': 5, 'affinity': 'nearest_neighbors', 'assign_labels': 'cluster_qr', 'random_state': 789, 'n_neighbors': 5}",0.27802780929876103,1401.3974947748386,1.8826505179388182
SpectralClustering,"{'n_clusters': 5, 'affinity': 'nearest_neighbors', 'assign_labels': 'cluster_qr', 'random_state': 1011, 'n_neighbors': 5}",0.27802780929876103,1401.3974947748386,1.8826505179388182
SpectralClustering,"{'n_clusters': 5, 'affinity': 'nearest_neighbors', 'assign_labels': 'cluster_qr', 'random_state': 2022, 'n_neighbors': 5}",0.27802780929876103,1401.3974947748386,1.8826505179388182
SpectralClustering,"{'n_clusters': 5, 'affinity': 'nearest_neighbors', 'assign_labels': 'cluster_qr', 'random_state': 3033, 'n_neighbors': 5}",0.27802780929876103,1401.3974947748386,1.8826505179388182
SpectralClustering,"{'n_clusters': 5, 'affinity': 'nearest_neighbors', 'assign_labels': 'cluster_qr', 'random_state': 4044, 'n_neighbors': 5}",0.27802780929876103,1401.3974947748386,1.8826505179388182
SpectralClustering,"{'n_clusters': 5, 'affinity': 'nearest_neighbors', 'assign_labels': 'cluster_qr', 'random_state': 5055, 'n_neighbors': 5}",0.27802780929876103,1401.3974947748386,1.8826505179388182
SpectralClustering,"{'n_clusters': 5, 'affinity': 'nearest_neighbors', 'assign_labels': 'cluster_qr', 'random_state': 6066, 'n_neighbors': 5}",0.27802780929876103,1401.3974947748386,1.8826505179388182
SpectralClustering,"{'n_clusters': 5, 'affinity': 'nearest_neighbors', 'assign_labels': 'kmeans', 'random_state': 42, 'n_neighbors': 10}",0.2895822078098691,1622.5715858507187,1.1276782742272187
SpectralClustering,"{'n_clusters': 5, 'affinity': 'nearest_neighbors', 'assign_labels': 'kmeans', 'random_state': 123, 'n_neighbors': 10}",0.2895822078098691,1622.5715858507183,1.1276782742272187
SpectralClustering,"{'n_clusters': 5, 'affinity': 'nearest_neighbors', 'assign_labels': 'kmeans', 'random_state': 456, 'n_neighbors': 10}",0.2895822078098691,1622.5715858507185,1.1276782742272187
SpectralClustering,"{'n_clusters': 5, 'affinity': 'nearest_neighbors', 'assign_labels': 'kmeans', 'random_state': 789, 'n_neighbors': 10}",0.2897557085016399,1622.637855083141,1.1264842526054015
SpectralClustering,"{'n_clusters': 5, 'affinity': 'nearest_neighbors', 'assign_labels': 'kmeans', 'random_state': 1011, 'n_neighbors': 10}",0.2895822078098691,1622.5715858507185,1.1276782742272187
SpectralClustering,"{'n_clusters': 5, 'affinity': 'nearest_neighbors', 'assign_labels': 'kmeans', 'random_state': 2022, 'n_neighbors': 10}",0.28960394106075,1622.2675069787492,1.1271052827119479
SpectralClustering,"{'n_clusters': 5, 'affinity': 'nearest_neighbors', 'assign_labels': 'kmeans', 'random_state': 3033, 'n_neighbors': 10}",0.2895822078098691,1622.5715858507183,1.1276782742272187
SpectralClustering,"{'n_clusters': 5, 'affinity': 'nearest_neighbors', 'assign_labels': 'kmeans', 'random_state': 4044, 'n_neighbors': 10}",0.2895822078098691,1622.5715858507185,1.1276782742272187
SpectralClustering,"{'n_clusters': 5, 'affinity': 'nearest_neighbors', 'assign_labels': 'kmeans', 'random_state': 5055, 'n_neighbors': 10}",0.2895822078098691,1622.5715858507183,1.1276782742272187
SpectralClustering,"{'n_clusters': 5, 'affinity': 'nearest_neighbors', 'assign_labels': 'kmeans', 'random_state': 6066, 'n_neighbors': 10}",0.2895822078098691,1622.5715858507183,1.1276782742272187
SpectralClustering,"{'n_clusters': 5, 'affinity': 'nearest_neighbors', 'assign_labels': 'discretize', 'random_state': 42, 'n_neighbors': 10}",0.2972601015772864,1636.8454274491353,1.0883816215127187
SpectralClustering,"{'n_clusters': 5, 'affinity': 'nearest_neighbors', 'assign_labels': 'discretize', 'random_state': 123, 'n_neighbors': 10}",0.2972601015772864,1636.8454274491353,1.0883816215127184
SpectralClustering,"{'n_clusters': 5, 'affinity': 'nearest_neighbors', 'assign_labels': 'discretize', 'random_state': 456, 'n_neighbors': 10}",0.2972601015772864,1636.8454274491353,1.0883816215127187
SpectralClustering,"{'n_clusters': 5, 'affinity': 'nearest_neighbors', 'assign_labels': 'discretize', 'random_state': 789, 'n_neighbors': 10}",0.2972601015772864,1636.8454274491353,1.0883816215127184
SpectralClustering,"{'n_clusters': 5, 'affinity': 'nearest_neighbors', 'assign_labels': 'discretize', 'random_state': 1011, 'n_neighbors': 10}",0.2972601015772864,1636.8454274491355,1.0883816215127187
SpectralClustering,"{'n_clusters': 5, 'affinity': 'nearest_neighbors', 'assign_labels': 'discretize', 'random_state': 2022, 'n_neighbors': 10}",0.29712376767554255,1635.6325342196913,1.0878649942477154
SpectralClustering,"{'n_clusters': 5, 'affinity': 'nearest_neighbors', 'assign_labels': 'discretize', 'random_state': 3033, 'n_neighbors': 10}",0.29712376767554255,1635.6325342196915,1.0878649942477152
SpectralClustering,"{'n_clusters': 5, 'affinity': 'nearest_neighbors', 'assign_labels': 'discretize', 'random_state': 4044, 'n_neighbors': 10}",0.2972601015772864,1636.8454274491353,1.0883816215127187
SpectralClustering,"{'n_clusters': 5, 'affinity': 'nearest_neighbors', 'assign_labels': 'discretize', 'random_state': 5055, 'n_neighbors': 10}",0.29712376767554255,1635.6325342196917,1.087864994247715
SpectralClustering,"{'n_clusters': 5, 'affinity': 'nearest_neighbors', 'assign_labels': 'discretize', 'random_state': 6066, 'n_neighbors': 10}",0.28672428597939553,1641.5735926602051,1.015217191744709
SpectralClustering,"{'n_clusters': 5, 'affinity': 'nearest_neighbors', 'assign_labels': 'cluster_qr', 'random_state': 42, 'n_neighbors': 10}",0.27619238051052913,1586.744044650209,1.100382892628714
SpectralClustering,"{'n_clusters': 5, 'affinity': 'nearest_neighbors', 'assign_labels': 'cluster_qr', 'random_state': 123, 'n_neighbors': 10}",0.27619238051052913,1586.744044650209,1.100382892628714
SpectralClustering,"{'n_clusters': 5, 'affinity': 'nearest_neighbors', 'assign_labels': 'cluster_qr', 'random_state': 456, 'n_neighbors': 10}",0.27619238051052913,1586.744044650209,1.100382892628714
SpectralClustering,"{'n_clusters': 5, 'affinity': 'nearest_neighbors', 'assign_labels': 'cluster_qr', 'random_state': 789, 'n_neighbors': 10}",0.27619238051052913,1586.744044650209,1.100382892628714
SpectralClustering,"{'n_clusters': 5, 'affinity': 'nearest_neighbors', 'assign_labels': 'cluster_qr', 'random_state': 1011, 'n_neighbors': 10}",0.27619238051052913,1586.744044650209,1.100382892628714
SpectralClustering,"{'n_clusters': 5, 'affinity': 'nearest_neighbors', 'assign_labels': 'cluster_qr', 'random_state': 2022, 'n_neighbors': 10}",0.27619238051052913,1586.744044650209,1.100382892628714
SpectralClustering,"{'n_clusters': 5, 'affinity': 'nearest_neighbors', 'assign_labels': 'cluster_qr', 'random_state': 3033, 'n_neighbors': 10}",0.27619238051052913,1586.744044650209,1.100382892628714
SpectralClustering,"{'n_clusters': 5, 'affinity': 'nearest_neighbors', 'assign_labels': 'cluster_qr', 'random_state': 4044, 'n_neighbors': 10}",0.27619238051052913,1586.744044650209,1.100382892628714
SpectralClustering,"{'n_clusters': 5, 'affinity': 'nearest_neighbors', 'assign_labels': 'cluster_qr', 'random_state': 5055, 'n_neighbors': 10}",0.27619238051052913,1586.744044650209,1.100382892628714
SpectralClustering,"{'n_clusters': 5, 'affinity': 'nearest_neighbors', 'assign_labels': 'cluster_qr', 'random_state': 6066, 'n_neighbors': 10}",0.27619238051052913,1586.744044650209,1.100382892628714
SpectralClustering,"{'n_clusters': 5, 'affinity': 'nearest_neighbors', 'assign_labels': 'kmeans', 'random_state': 42, 'n_neighbors': 15}",0.2923084373426813,1630.899593658332,1.1122171370417318
SpectralClustering,"{'n_clusters': 5, 'affinity': 'nearest_neighbors', 'assign_labels': 'kmeans', 'random_state': 123, 'n_neighbors': 15}",0.2923084373426813,1630.899593658332,1.1122171370417318
SpectralClustering,"{'n_clusters': 5, 'affinity': 'nearest_neighbors', 'assign_labels': 'kmeans', 'random_state': 456, 'n_neighbors': 15}",0.2923084373426813,1630.899593658332,1.1122171370417318
SpectralClustering,"{'n_clusters': 5, 'affinity': 'nearest_neighbors', 'assign_labels': 'kmeans', 'random_state': 789, 'n_neighbors': 15}",0.2923084373426813,1630.8995936583317,1.1122171370417318
SpectralClustering,"{'n_clusters': 5, 'affinity': 'nearest_neighbors', 'assign_labels': 'kmeans', 'random_state': 1011, 'n_neighbors': 15}",0.2923084373426813,1630.8995936583322,1.1122171370417318
SpectralClustering,"{'n_clusters': 5, 'affinity': 'nearest_neighbors', 'assign_labels': 'kmeans', 'random_state': 2022, 'n_neighbors': 15}",0.2923084373426813,1630.899593658332,1.1122171370417318
SpectralClustering,"{'n_clusters': 5, 'affinity': 'nearest_neighbors', 'assign_labels': 'kmeans', 'random_state': 3033, 'n_neighbors': 15}",0.2923084373426813,1630.8995936583317,1.1122171370417318
SpectralClustering,"{'n_clusters': 5, 'affinity': 'nearest_neighbors', 'assign_labels': 'kmeans', 'random_state': 4044, 'n_neighbors': 15}",0.2923084373426813,1630.899593658332,1.1122171370417318
SpectralClustering,"{'n_clusters': 5, 'affinity': 'nearest_neighbors', 'assign_labels': 'kmeans', 'random_state': 5055, 'n_neighbors': 15}",0.2923084373426813,1630.8995936583317,1.1122171370417318
SpectralClustering,"{'n_clusters': 5, 'affinity': 'nearest_neighbors', 'assign_labels': 'kmeans', 'random_state': 6066, 'n_neighbors': 15}",0.2923084373426813,1630.899593658332,1.1122171370417318
SpectralClustering,"{'n_clusters': 5, 'affinity': 'nearest_neighbors', 'assign_labels': 'discretize', 'random_state': 42, 'n_neighbors': 15}",0.2966513648778851,1618.1789381955411,1.081661922013926
SpectralClustering,"{'n_clusters': 5, 'affinity': 'nearest_neighbors', 'assign_labels': 'discretize', 'random_state': 123, 'n_neighbors': 15}",0.2966513648778851,1618.1789381955411,1.081661922013926
SpectralClustering,"{'n_clusters': 5, 'affinity': 'nearest_neighbors', 'assign_labels': 'discretize', 'random_state': 456, 'n_neighbors': 15}",0.2963135785805981,1616.0380720869186,1.0812286549187105
SpectralClustering,"{'n_clusters': 5, 'affinity': 'nearest_neighbors', 'assign_labels': 'discretize', 'random_state': 789, 'n_neighbors': 15}",0.2963135785805981,1616.0380720869186,1.0812286549187102
SpectralClustering,"{'n_clusters': 5, 'affinity': 'nearest_neighbors', 'assign_labels': 'discretize', 'random_state': 1011, 'n_neighbors': 15}",0.2966513648778851,1618.1789381955414,1.081661922013926
SpectralClustering,"{'n_clusters': 5, 'affinity': 'nearest_neighbors', 'assign_labels': 'discretize', 'random_state': 2022, 'n_neighbors': 15}",0.2966513648778851,1618.1789381955411,1.081661922013926
SpectralClustering,"{'n_clusters': 5, 'affinity': 'nearest_neighbors', 'assign_labels': 'discretize', 'random_state': 3033, 'n_neighbors': 15}",0.2963135785805981,1616.0380720869186,1.0812286549187102
SpectralClustering,"{'n_clusters': 5, 'affinity': 'nearest_neighbors', 'assign_labels': 'discretize', 'random_state': 4044, 'n_neighbors': 15}",0.2966513648778851,1618.1789381955411,1.081661922013926
SpectralClustering,"{'n_clusters': 5, 'affinity': 'nearest_neighbors', 'assign_labels': 'discretize', 'random_state': 5055, 'n_neighbors': 15}",0.2963135785805981,1616.0380720869186,1.0812286549187102
SpectralClustering,"{'n_clusters': 5, 'affinity': 'nearest_neighbors', 'assign_labels': 'discretize', 'random_state': 6066, 'n_neighbors': 15}",0.28775734238419126,1647.5694925061546,1.010321692181974
SpectralClustering,"{'n_clusters': 5, 'affinity': 'nearest_neighbors', 'assign_labels': 'cluster_qr', 'random_state': 42, 'n_neighbors': 15}",0.27972349371531413,1600.6135878510952,1.1102598468606129
SpectralClustering,"{'n_clusters': 5, 'affinity': 'nearest_neighbors', 'assign_labels': 'cluster_qr', 'random_state': 123, 'n_neighbors': 15}",0.27972349371531413,1600.6135878510952,1.1102598468606129
SpectralClustering,"{'n_clusters': 5, 'affinity': 'nearest_neighbors', 'assign_labels': 'cluster_qr', 'random_state': 456, 'n_neighbors': 15}",0.27972349371531413,1600.6135878510952,1.1102598468606129
SpectralClustering,"{'n_clusters': 5, 'affinity': 'nearest_neighbors', 'assign_labels': 'cluster_qr', 'random_state': 789, 'n_neighbors': 15}",0.27972349371531413,1600.6135878510952,1.1102598468606129
SpectralClustering,"{'n_clusters': 5, 'affinity': 'nearest_neighbors', 'assign_labels': 'cluster_qr', 'random_state': 1011, 'n_neighbors': 15}",0.27972349371531413,1600.6135878510952,1.1102598468606129
SpectralClustering,"{'n_clusters': 5, 'affinity': 'nearest_neighbors', 'assign_labels': 'cluster_qr', 'random_state': 2022, 'n_neighbors': 15}",0.27972349371531413,1600.6135878510952,1.1102598468606129
SpectralClustering,"{'n_clusters': 5, 'affinity': 'nearest_neighbors', 'assign_labels': 'cluster_qr', 'random_state': 3033, 'n_neighbors': 15}",0.27972349371531413,1600.6135878510952,1.1102598468606129
SpectralClustering,"{'n_clusters': 5, 'affinity': 'nearest_neighbors', 'assign_labels': 'cluster_qr', 'random_state': 4044, 'n_neighbors': 15}",0.27972349371531413,1600.6135878510952,1.1102598468606129
SpectralClustering,"{'n_clusters': 5, 'affinity': 'nearest_neighbors', 'assign_labels': 'cluster_qr', 'random_state': 5055, 'n_neighbors': 15}",0.27972349371531413,1600.6135878510952,1.1102598468606129
SpectralClustering,"{'n_clusters': 5, 'affinity': 'nearest_neighbors', 'assign_labels': 'cluster_qr', 'random_state': 6066, 'n_neighbors': 15}",0.27972349371531413,1600.6135878510952,1.1102598468606129
SpectralClustering,"{'n_clusters': 5, 'affinity': 'nearest_neighbors', 'assign_labels': 'kmeans', 'random_state': 42, 'n_neighbors': 20}",0.29298715755342797,1633.279829854917,1.1069925080811314
SpectralClustering,"{'n_clusters': 5, 'affinity': 'nearest_neighbors', 'assign_labels': 'kmeans', 'random_state': 123, 'n_neighbors': 20}",0.29298715755342797,1633.2798298549167,1.1069925080811314
SpectralClustering,"{'n_clusters': 5, 'affinity': 'nearest_neighbors', 'assign_labels': 'kmeans', 'random_state': 456, 'n_neighbors': 20}",0.29298715755342797,1633.279829854917,1.1069925080811314
SpectralClustering,"{'n_clusters': 5, 'affinity': 'nearest_neighbors', 'assign_labels': 'kmeans', 'random_state': 789, 'n_neighbors': 20}",0.29298715755342797,1633.2798298549167,1.1069925080811316
SpectralClustering,"{'n_clusters': 5, 'affinity': 'nearest_neighbors', 'assign_labels': 'kmeans', 'random_state': 1011, 'n_neighbors': 20}",0.29298715755342797,1633.2798298549167,1.1069925080811314
SpectralClustering,"{'n_clusters': 5, 'affinity': 'nearest_neighbors', 'assign_labels': 'kmeans', 'random_state': 2022, 'n_neighbors': 20}",0.29302052112790544,1633.3836565328234,1.1066993531503078
SpectralClustering,"{'n_clusters': 5, 'affinity': 'nearest_neighbors', 'assign_labels': 'kmeans', 'random_state': 3033, 'n_neighbors': 20}",0.29298715755342797,1633.2798298549167,1.1069925080811316
SpectralClustering,"{'n_clusters': 5, 'affinity': 'nearest_neighbors', 'assign_labels': 'kmeans', 'random_state': 4044, 'n_neighbors': 20}",0.29298715755342797,1633.279829854917,1.1069925080811314
SpectralClustering,"{'n_clusters': 5, 'affinity': 'nearest_neighbors', 'assign_labels': 'kmeans', 'random_state': 5055, 'n_neighbors': 20}",0.29298715755342797,1633.279829854917,1.1069925080811316
SpectralClustering,"{'n_clusters': 5, 'affinity': 'nearest_neighbors', 'assign_labels': 'kmeans', 'random_state': 6066, 'n_neighbors': 20}",0.29343068753289575,1634.135367790693,1.1070159974941602
SpectralClustering,"{'n_clusters': 5, 'affinity': 'nearest_neighbors', 'assign_labels': 'discretize', 'random_state': 42, 'n_neighbors': 20}",0.29835702148012583,1634.0897113565745,1.080100301434645
SpectralClustering,"{'n_clusters': 5, 'affinity': 'nearest_neighbors', 'assign_labels': 'discretize', 'random_state': 123, 'n_neighbors': 20}",0.29813813352801594,1634.5533563483905,1.0803747286928698
SpectralClustering,"{'n_clusters': 5, 'affinity': 'nearest_neighbors', 'assign_labels': 'discretize', 'random_state': 456, 'n_neighbors': 20}",0.29835702148012583,1634.0897113565745,1.080100301434645
SpectralClustering,"{'n_clusters': 5, 'affinity': 'nearest_neighbors', 'assign_labels': 'discretize', 'random_state': 789, 'n_neighbors': 20}",0.29813813352801594,1634.55335634839,1.0803747286928698
SpectralClustering,"{'n_clusters': 5, 'affinity': 'nearest_neighbors', 'assign_labels': 'discretize', 'random_state': 1011, 'n_neighbors': 20}",0.29813813352801594,1634.5533563483905,1.0803747286928698
SpectralClustering,"{'n_clusters': 5, 'affinity': 'nearest_neighbors', 'assign_labels': 'discretize', 'random_state': 2022, 'n_neighbors': 20}",0.2870927451904751,1643.8555331140735,1.011319404223118
SpectralClustering,"{'n_clusters': 5, 'affinity': 'nearest_neighbors', 'assign_labels': 'discretize', 'random_state': 3033, 'n_neighbors': 20}",0.29835702148012583,1634.0897113565745,1.0801003014346453
SpectralClustering,"{'n_clusters': 5, 'affinity': 'nearest_neighbors', 'assign_labels': 'discretize', 'random_state': 4044, 'n_neighbors': 20}",0.2982369812350794,1634.7889811282328,1.0799740889828753
SpectralClustering,"{'n_clusters': 5, 'affinity': 'nearest_neighbors', 'assign_labels': 'discretize', 'random_state': 5055, 'n_neighbors': 20}",0.29835702148012583,1634.0897113565745,1.080100301434645
SpectralClustering,"{'n_clusters': 5, 'affinity': 'nearest_neighbors', 'assign_labels': 'discretize', 'random_state': 6066, 'n_neighbors': 20}",0.28711118072148484,1643.3607926286238,1.0104595020243594
SpectralClustering,"{'n_clusters': 5, 'affinity': 'nearest_neighbors', 'assign_labels': 'cluster_qr', 'random_state': 42, 'n_neighbors': 20}",0.2833921748137744,1608.9675145051244,1.0916682278777892
SpectralClustering,"{'n_clusters': 5, 'affinity': 'nearest_neighbors', 'assign_labels': 'cluster_qr', 'random_state': 123, 'n_neighbors': 20}",0.2833921748137744,1608.9675145051244,1.0916682278777892
SpectralClustering,"{'n_clusters': 5, 'affinity': 'nearest_neighbors', 'assign_labels': 'cluster_qr', 'random_state': 456, 'n_neighbors': 20}",0.2833921748137744,1608.9675145051244,1.0916682278777892
SpectralClustering,"{'n_clusters': 5, 'affinity': 'nearest_neighbors', 'assign_labels': 'cluster_qr', 'random_state': 789, 'n_neighbors': 20}",0.2833921748137744,1608.9675145051244,1.0916682278777892
SpectralClustering,"{'n_clusters': 5, 'affinity': 'nearest_neighbors', 'assign_labels': 'cluster_qr', 'random_state': 1011, 'n_neighbors': 20}",0.2833921748137744,1608.9675145051244,1.0916682278777892
SpectralClustering,"{'n_clusters': 5, 'affinity': 'nearest_neighbors', 'assign_labels': 'cluster_qr', 'random_state': 2022, 'n_neighbors': 20}",0.2833921748137744,1608.9675145051244,1.0916682278777892
SpectralClustering,"{'n_clusters': 5, 'affinity': 'nearest_neighbors', 'assign_labels': 'cluster_qr', 'random_state': 3033, 'n_neighbors': 20}",0.2833921748137744,1608.9675145051244,1.0916682278777892
SpectralClustering,"{'n_clusters': 5, 'affinity': 'nearest_neighbors', 'assign_labels': 'cluster_qr', 'random_state': 4044, 'n_neighbors': 20}",0.2833921748137744,1608.9675145051244,1.0916682278777892
SpectralClustering,"{'n_clusters': 5, 'affinity': 'nearest_neighbors', 'assign_labels': 'cluster_qr', 'random_state': 5055, 'n_neighbors': 20}",0.2833921748137744,1608.9675145051244,1.0916682278777892
SpectralClustering,"{'n_clusters': 5, 'affinity': 'nearest_neighbors', 'assign_labels': 'cluster_qr', 'random_state': 6066, 'n_neighbors': 20}",0.2833921748137744,1608.9675145051244,1.0916682278777892
SpectralClustering,"{'n_clusters': 5, 'affinity': 'nearest_neighbors', 'assign_labels': 'kmeans', 'random_state': 42, 'n_neighbors': 50}",0.3005121893446247,1674.1464368698842,1.1103884867258276
SpectralClustering,"{'n_clusters': 5, 'affinity': 'nearest_neighbors', 'assign_labels': 'kmeans', 'random_state': 123, 'n_neighbors': 50}",0.30053530195381734,1674.3623990292797,1.1101256050106847
SpectralClustering,"{'n_clusters': 5, 'affinity': 'nearest_neighbors', 'assign_labels': 'kmeans', 'random_state': 456, 'n_neighbors': 50}",0.300435850197526,1673.844192084041,1.1099419660340888
SpectralClustering,"{'n_clusters': 5, 'affinity': 'nearest_neighbors', 'assign_labels': 'kmeans', 'random_state': 789, 'n_neighbors': 50}",0.3005121893446247,1674.1464368698844,1.1103884867258274
SpectralClustering,"{'n_clusters': 5, 'affinity': 'nearest_neighbors', 'assign_labels': 'kmeans', 'random_state': 1011, 'n_neighbors': 50}",0.300435850197526,1673.844192084041,1.1099419660340888
SpectralClustering,"{'n_clusters': 5, 'affinity': 'nearest_neighbors', 'assign_labels': 'kmeans', 'random_state': 2022, 'n_neighbors': 50}",0.3005121893446247,1674.1464368698842,1.1103884867258276
SpectralClustering,"{'n_clusters': 5, 'affinity': 'nearest_neighbors', 'assign_labels': 'kmeans', 'random_state': 3033, 'n_neighbors': 50}",0.300435850197526,1673.8441920840414,1.1099419660340888
SpectralClustering,"{'n_clusters': 5, 'affinity': 'nearest_neighbors', 'assign_labels': 'kmeans', 'random_state': 4044, 'n_neighbors': 50}",0.30053530195381734,1674.3623990292797,1.1101256050106847
SpectralClustering,"{'n_clusters': 5, 'affinity': 'nearest_neighbors', 'assign_labels': 'kmeans', 'random_state': 5055, 'n_neighbors': 50}",0.30053530195381734,1674.3623990292797,1.1101256050106845
SpectralClustering,"{'n_clusters': 5, 'affinity': 'nearest_neighbors', 'assign_labels': 'kmeans', 'random_state': 6066, 'n_neighbors': 50}",0.300435850197526,1673.8441920840414,1.1099419660340888
SpectralClustering,"{'n_clusters': 5, 'affinity': 'nearest_neighbors', 'assign_labels': 'discretize', 'random_state': 42, 'n_neighbors': 50}",0.30223169259127214,1657.9274647130483,1.0747028097026021
SpectralClustering,"{'n_clusters': 5, 'affinity': 'nearest_neighbors', 'assign_labels': 'discretize', 'random_state': 123, 'n_neighbors': 50}",0.3020173167060357,1657.5494893671748,1.0762073347550491
SpectralClustering,"{'n_clusters': 5, 'affinity': 'nearest_neighbors', 'assign_labels': 'discretize', 'random_state': 456, 'n_neighbors': 50}",0.28775262973378,1649.0130283030614,1.0069494297826478
SpectralClustering,"{'n_clusters': 5, 'affinity': 'nearest_neighbors', 'assign_labels': 'discretize', 'random_state': 789, 'n_neighbors': 50}",0.3020173167060357,1657.5494893671748,1.0762073347550494
SpectralClustering,"{'n_clusters': 5, 'affinity': 'nearest_neighbors', 'assign_labels': 'discretize', 'random_state': 1011, 'n_neighbors': 50}",0.3020173167060357,1657.5494893671748,1.0762073347550491
SpectralClustering,"{'n_clusters': 5, 'affinity': 'nearest_neighbors', 'assign_labels': 'discretize', 'random_state': 2022, 'n_neighbors': 50}",0.28061018359495926,1625.1065369406058,1.0666276453566803
SpectralClustering,"{'n_clusters': 5, 'affinity': 'nearest_neighbors', 'assign_labels': 'discretize', 'random_state': 3033, 'n_neighbors': 50}",0.3022916272874324,1658.1374077850899,1.0782019459694174
SpectralClustering,"{'n_clusters': 5, 'affinity': 'nearest_neighbors', 'assign_labels': 'discretize', 'random_state': 4044, 'n_neighbors': 50}",0.30194988432327313,1657.2408809788478,1.0761014322126021
SpectralClustering,"{'n_clusters': 5, 'affinity': 'nearest_neighbors', 'assign_labels': 'discretize', 'random_state': 5055, 'n_neighbors': 50}",0.3020891100519208,1657.3391071291746,1.0759885670730742
SpectralClustering,"{'n_clusters': 5, 'affinity': 'nearest_neighbors', 'assign_labels': 'discretize', 'random_state': 6066, 'n_neighbors': 50}",0.2814125203191629,1629.8043215285031,1.0597033454742715
SpectralClustering,"{'n_clusters': 5, 'affinity': 'nearest_neighbors', 'assign_labels': 'cluster_qr', 'random_state': 42, 'n_neighbors': 50}",0.28711559863071734,1633.1872094964488,1.1021908584053959
SpectralClustering,"{'n_clusters': 5, 'affinity': 'nearest_neighbors', 'assign_labels': 'cluster_qr', 'random_state': 123, 'n_neighbors': 50}",0.28711559863071734,1633.1872094964488,1.1021908584053959
SpectralClustering,"{'n_clusters': 5, 'affinity': 'nearest_neighbors', 'assign_labels': 'cluster_qr', 'random_state': 456, 'n_neighbors': 50}",0.28711559863071734,1633.1872094964488,1.1021908584053959
SpectralClustering,"{'n_clusters': 5, 'affinity': 'nearest_neighbors', 'assign_labels': 'cluster_qr', 'random_state': 789, 'n_neighbors': 50}",0.28711559863071734,1633.1872094964488,1.1021908584053959
SpectralClustering,"{'n_clusters': 5, 'affinity': 'nearest_neighbors', 'assign_labels': 'cluster_qr', 'random_state': 1011, 'n_neighbors': 50}",0.28711559863071734,1633.1872094964488,1.1021908584053959
SpectralClustering,"{'n_clusters': 5, 'affinity': 'nearest_neighbors', 'assign_labels': 'cluster_qr', 'random_state': 2022, 'n_neighbors': 50}",0.28711559863071734,1633.1872094964488,1.1021908584053959
SpectralClustering,"{'n_clusters': 5, 'affinity': 'nearest_neighbors', 'assign_labels': 'cluster_qr', 'random_state': 3033, 'n_neighbors': 50}",0.28711559863071734,1633.1872094964488,1.1021908584053959
SpectralClustering,"{'n_clusters': 5, 'affinity': 'nearest_neighbors', 'assign_labels': 'cluster_qr', 'random_state': 4044, 'n_neighbors': 50}",0.28711559863071734,1633.1872094964488,1.1021908584053959
SpectralClustering,"{'n_clusters': 5, 'affinity': 'nearest_neighbors', 'assign_labels': 'cluster_qr', 'random_state': 5055, 'n_neighbors': 50}",0.28711559863071734,1633.1872094964488,1.1021908584053959
SpectralClustering,"{'n_clusters': 5, 'affinity': 'nearest_neighbors', 'assign_labels': 'cluster_qr', 'random_state': 6066, 'n_neighbors': 50}",0.28711559863071734,1633.1872094964488,1.1021908584053959
SpectralClustering,"{'n_clusters': 5, 'affinity': 'nearest_neighbors', 'assign_labels': 'kmeans', 'random_state': 42, 'n_neighbors': 100}",0.29828304842300035,1670.017595845824,1.1155024621561587
SpectralClustering,"{'n_clusters': 5, 'affinity': 'nearest_neighbors', 'assign_labels': 'kmeans', 'random_state': 123, 'n_neighbors': 100}",0.2980953126489196,1669.3707480531968,1.1156344130339035
SpectralClustering,"{'n_clusters': 5, 'affinity': 'nearest_neighbors', 'assign_labels': 'kmeans', 'random_state': 456, 'n_neighbors': 100}",0.2980953126489196,1669.3707480531968,1.1156344130339035
SpectralClustering,"{'n_clusters': 5, 'affinity': 'nearest_neighbors', 'assign_labels': 'kmeans', 'random_state': 789, 'n_neighbors': 100}",0.29828304842300035,1670.017595845824,1.1155024621561587
SpectralClustering,"{'n_clusters': 5, 'affinity': 'nearest_neighbors', 'assign_labels': 'kmeans', 'random_state': 1011, 'n_neighbors': 100}",0.2980953126489196,1669.3707480531968,1.1156344130339035
SpectralClustering,"{'n_clusters': 5, 'affinity': 'nearest_neighbors', 'assign_labels': 'kmeans', 'random_state': 2022, 'n_neighbors': 100}",0.2980953126489196,1669.3707480531968,1.1156344130339035
SpectralClustering,"{'n_clusters': 5, 'affinity': 'nearest_neighbors', 'assign_labels': 'kmeans', 'random_state': 3033, 'n_neighbors': 100}",0.29815279283859625,1669.4880325330882,1.1151768881249633
SpectralClustering,"{'n_clusters': 5, 'affinity': 'nearest_neighbors', 'assign_labels': 'kmeans', 'random_state': 4044, 'n_neighbors': 100}",0.29828304842300035,1670.017595845824,1.1155024621561587
SpectralClustering,"{'n_clusters': 5, 'affinity': 'nearest_neighbors', 'assign_labels': 'kmeans', 'random_state': 5055, 'n_neighbors': 100}",0.2980953126489196,1669.3707480531968,1.1156344130339035
SpectralClustering,"{'n_clusters': 5, 'affinity': 'nearest_neighbors', 'assign_labels': 'kmeans', 'random_state': 6066, 'n_neighbors': 100}",0.2980953126489196,1669.3707480531968,1.1156344130339035
SpectralClustering,"{'n_clusters': 5, 'affinity': 'nearest_neighbors', 'assign_labels': 'discretize', 'random_state': 42, 'n_neighbors': 100}",0.3057932065566265,1694.1920504131724,1.087901542918372
SpectralClustering,"{'n_clusters': 5, 'affinity': 'nearest_neighbors', 'assign_labels': 'discretize', 'random_state': 123, 'n_neighbors': 100}",0.3057932065566265,1694.1920504131724,1.087901542918372
SpectralClustering,"{'n_clusters': 5, 'affinity': 'nearest_neighbors', 'assign_labels': 'discretize', 'random_state': 456, 'n_neighbors': 100}",0.3057932065566265,1694.1920504131724,1.087901542918372
SpectralClustering,"{'n_clusters': 5, 'affinity': 'nearest_neighbors', 'assign_labels': 'discretize', 'random_state': 789, 'n_neighbors': 100}",0.3057932065566265,1694.1920504131724,1.087901542918372
SpectralClustering,"{'n_clusters': 5, 'affinity': 'nearest_neighbors', 'assign_labels': 'discretize', 'random_state': 1011, 'n_neighbors': 100}",0.3057932065566265,1694.1920504131724,1.087901542918372
SpectralClustering,"{'n_clusters': 5, 'affinity': 'nearest_neighbors', 'assign_labels': 'discretize', 'random_state': 2022, 'n_neighbors': 100}",0.3059970570866217,1695.24540001857,1.0882904822900161
SpectralClustering,"{'n_clusters': 5, 'affinity': 'nearest_neighbors', 'assign_labels': 'discretize', 'random_state': 3033, 'n_neighbors': 100}",0.3057932065566265,1694.1920504131724,1.087901542918372
SpectralClustering,"{'n_clusters': 5, 'affinity': 'nearest_neighbors', 'assign_labels': 'discretize', 'random_state': 4044, 'n_neighbors': 100}",0.3055905458759327,1693.1640832424825,1.0879906213950306
SpectralClustering,"{'n_clusters': 5, 'affinity': 'nearest_neighbors', 'assign_labels': 'discretize', 'random_state': 5055, 'n_neighbors': 100}",0.3057932065566265,1694.1920504131724,1.087901542918372
SpectralClustering,"{'n_clusters': 5, 'affinity': 'nearest_neighbors', 'assign_labels': 'discretize', 'random_state': 6066, 'n_neighbors': 100}",0.2864763396808371,1653.4715192646008,1.1048346356143308
SpectralClustering,"{'n_clusters': 5, 'affinity': 'nearest_neighbors', 'assign_labels': 'cluster_qr', 'random_state': 42, 'n_neighbors': 100}",0.29635659993548413,1665.2778430580834,1.0995598899760786
SpectralClustering,"{'n_clusters': 5, 'affinity': 'nearest_neighbors', 'assign_labels': 'cluster_qr', 'random_state': 123, 'n_neighbors': 100}",0.29635659993548413,1665.2778430580834,1.0995598899760786
SpectralClustering,"{'n_clusters': 5, 'affinity': 'nearest_neighbors', 'assign_labels': 'cluster_qr', 'random_state': 456, 'n_neighbors': 100}",0.29635659993548413,1665.2778430580834,1.0995598899760786
SpectralClustering,"{'n_clusters': 5, 'affinity': 'nearest_neighbors', 'assign_labels': 'cluster_qr', 'random_state': 789, 'n_neighbors': 100}",0.29635659993548413,1665.2778430580834,1.0995598899760786
SpectralClustering,"{'n_clusters': 5, 'affinity': 'nearest_neighbors', 'assign_labels': 'cluster_qr', 'random_state': 1011, 'n_neighbors': 100}",0.29635659993548413,1665.2778430580834,1.0995598899760786
SpectralClustering,"{'n_clusters': 5, 'affinity': 'nearest_neighbors', 'assign_labels': 'cluster_qr', 'random_state': 2022, 'n_neighbors': 100}",0.29635659993548413,1665.2778430580834,1.0995598899760786
SpectralClustering,"{'n_clusters': 5, 'affinity': 'nearest_neighbors', 'assign_labels': 'cluster_qr', 'random_state': 3033, 'n_neighbors': 100}",0.29635659993548413,1665.2778430580834,1.0995598899760786
SpectralClustering,"{'n_clusters': 5, 'affinity': 'nearest_neighbors', 'assign_labels': 'cluster_qr', 'random_state': 4044, 'n_neighbors': 100}",0.29635659993548413,1665.2778430580834,1.0995598899760786
SpectralClustering,"{'n_clusters': 5, 'affinity': 'nearest_neighbors', 'assign_labels': 'cluster_qr', 'random_state': 5055, 'n_neighbors': 100}",0.29635659993548413,1665.2778430580834,1.0995598899760786
SpectralClustering,"{'n_clusters': 5, 'affinity': 'nearest_neighbors', 'assign_labels': 'cluster_qr', 'random_state': 6066, 'n_neighbors': 100}",0.29635659993548413,1665.2778430580834,1.0995598899760786
SpectralClustering,"{'n_clusters': 5, 'affinity': 'polynomial', 'assign_labels': 'kmeans', 'random_state': 42}",0.03842745165898508,316.4115765551135,1.7121293862347362
SpectralClustering,"{'n_clusters': 5, 'affinity': 'polynomial', 'assign_labels': 'kmeans', 'random_state': 123}",0.03842745165898508,316.4115765551135,1.7121293862347362
SpectralClustering,"{'n_clusters': 5, 'affinity': 'polynomial', 'assign_labels': 'kmeans', 'random_state': 456}",0.03842745165898508,316.4115765551135,1.7121293862347362
SpectralClustering,"{'n_clusters': 5, 'affinity': 'polynomial', 'assign_labels': 'kmeans', 'random_state': 789}",0.03842745165898508,316.4115765551135,1.7121293862347362
SpectralClustering,"{'n_clusters': 5, 'affinity': 'polynomial', 'assign_labels': 'kmeans', 'random_state': 1011}",0.03842745165898508,316.4115765551135,1.7121293862347362
SpectralClustering,"{'n_clusters': 5, 'affinity': 'polynomial', 'assign_labels': 'kmeans', 'random_state': 2022}",0.03842745165898508,316.4115765551135,1.7121293862347362
SpectralClustering,"{'n_clusters': 5, 'affinity': 'polynomial', 'assign_labels': 'kmeans', 'random_state': 3033}",0.03842745165898508,316.4115765551135,1.7121293862347362
SpectralClustering,"{'n_clusters': 5, 'affinity': 'polynomial', 'assign_labels': 'kmeans', 'random_state': 4044}",0.03842745165898508,316.4115765551135,1.7121293862347362
SpectralClustering,"{'n_clusters': 5, 'affinity': 'polynomial', 'assign_labels': 'kmeans', 'random_state': 5055}",0.03842745165898508,316.4115765551135,1.7121293862347362
SpectralClustering,"{'n_clusters': 5, 'affinity': 'polynomial', 'assign_labels': 'kmeans', 'random_state': 6066}",0.03842745165898508,316.4115765551135,1.7121293862347362
SpectralClustering,"{'n_clusters': 5, 'affinity': 'polynomial', 'assign_labels': 'discretize', 'random_state': 42}",0.24987661501366518,1217.5854805517565,1.21860032545634
SpectralClustering,"{'n_clusters': 5, 'affinity': 'polynomial', 'assign_labels': 'discretize', 'random_state': 123}",0.24987661501366518,1217.5854805517563,1.21860032545634
SpectralClustering,"{'n_clusters': 5, 'affinity': 'polynomial', 'assign_labels': 'discretize', 'random_state': 456}",0.15060083542920594,654.3319414150061,1.2690037697049337
SpectralClustering,"{'n_clusters': 5, 'affinity': 'polynomial', 'assign_labels': 'discretize', 'random_state': 789}",0.24987661501366518,1217.5854805517565,1.21860032545634
SpectralClustering,"{'n_clusters': 5, 'affinity': 'polynomial', 'assign_labels': 'discretize', 'random_state': 1011}",0.25014390511437884,1217.763878866027,1.2182677202678271
SpectralClustering,"{'n_clusters': 5, 'affinity': 'polynomial', 'assign_labels': 'discretize', 'random_state': 2022}",0.24987661501366518,1217.5854805517567,1.21860032545634
SpectralClustering,"{'n_clusters': 5, 'affinity': 'polynomial', 'assign_labels': 'discretize', 'random_state': 3033}",0.1507636459056601,654.3937663341652,1.2688976959383362
SpectralClustering,"{'n_clusters': 5, 'affinity': 'polynomial', 'assign_labels': 'discretize', 'random_state': 4044}",0.24926228436876433,1217.471132751507,1.2197553566119066
SpectralClustering,"{'n_clusters': 5, 'affinity': 'polynomial', 'assign_labels': 'discretize', 'random_state': 5055}",0.25014390511437884,1217.7638788660274,1.2182677202678271
SpectralClustering,"{'n_clusters': 5, 'affinity': 'polynomial', 'assign_labels': 'discretize', 'random_state': 6066}",0.24987661501366518,1217.585480551757,1.21860032545634
SpectralClustering,"{'n_clusters': 5, 'affinity': 'polynomial', 'assign_labels': 'cluster_qr', 'random_state': 42}",0.2779260769921467,1343.6301601773287,1.4501240230885284
SpectralClustering,"{'n_clusters': 5, 'affinity': 'polynomial', 'assign_labels': 'cluster_qr', 'random_state': 123}",0.2779260769921467,1343.6301601773287,1.4501240230885284
SpectralClustering,"{'n_clusters': 5, 'affinity': 'polynomial', 'assign_labels': 'cluster_qr', 'random_state': 456}",0.2779260769921467,1343.6301601773287,1.4501240230885284
SpectralClustering,"{'n_clusters': 5, 'affinity': 'polynomial', 'assign_labels': 'cluster_qr', 'random_state': 789}",0.2779260769921467,1343.6301601773287,1.4501240230885284
SpectralClustering,"{'n_clusters': 5, 'affinity': 'polynomial', 'assign_labels': 'cluster_qr', 'random_state': 1011}",0.2779260769921467,1343.6301601773287,1.4501240230885284
SpectralClustering,"{'n_clusters': 5, 'affinity': 'polynomial', 'assign_labels': 'cluster_qr', 'random_state': 2022}",0.2779260769921467,1343.6301601773287,1.4501240230885284
SpectralClustering,"{'n_clusters': 5, 'affinity': 'polynomial', 'assign_labels': 'cluster_qr', 'random_state': 3033}",0.2779260769921467,1343.6301601773287,1.4501240230885284
SpectralClustering,"{'n_clusters': 5, 'affinity': 'polynomial', 'assign_labels': 'cluster_qr', 'random_state': 4044}",0.2779260769921467,1343.6301601773287,1.4501240230885284
SpectralClustering,"{'n_clusters': 5, 'affinity': 'polynomial', 'assign_labels': 'cluster_qr', 'random_state': 5055}",0.2779260769921467,1343.6301601773287,1.4501240230885284
SpectralClustering,"{'n_clusters': 5, 'affinity': 'polynomial', 'assign_labels': 'cluster_qr', 'random_state': 6066}",0.2779260769921467,1343.6301601773287,1.4501240230885284
SpectralClustering,"{'n_clusters': 5, 'affinity': 'poly', 'assign_labels': 'kmeans', 'random_state': 42}",0.03842745165898508,316.4115765551135,1.7121293862347362
SpectralClustering,"{'n_clusters': 5, 'affinity': 'poly', 'assign_labels': 'kmeans', 'random_state': 123}",0.03842745165898508,316.4115765551135,1.7121293862347362
SpectralClustering,"{'n_clusters': 5, 'affinity': 'poly', 'assign_labels': 'kmeans', 'random_state': 456}",0.03842745165898508,316.4115765551135,1.7121293862347362
SpectralClustering,"{'n_clusters': 5, 'affinity': 'poly', 'assign_labels': 'kmeans', 'random_state': 789}",0.03842745165898508,316.4115765551135,1.7121293862347362
SpectralClustering,"{'n_clusters': 5, 'affinity': 'poly', 'assign_labels': 'kmeans', 'random_state': 1011}",0.03842745165898508,316.4115765551135,1.7121293862347362
SpectralClustering,"{'n_clusters': 5, 'affinity': 'poly', 'assign_labels': 'kmeans', 'random_state': 2022}",0.03842745165898508,316.4115765551135,1.7121293862347362
SpectralClustering,"{'n_clusters': 5, 'affinity': 'poly', 'assign_labels': 'kmeans', 'random_state': 3033}",0.03842745165898508,316.4115765551135,1.7121293862347362
SpectralClustering,"{'n_clusters': 5, 'affinity': 'poly', 'assign_labels': 'kmeans', 'random_state': 4044}",0.03842745165898508,316.4115765551135,1.7121293862347362
SpectralClustering,"{'n_clusters': 5, 'affinity': 'poly', 'assign_labels': 'kmeans', 'random_state': 5055}",0.03842745165898508,316.4115765551135,1.7121293862347362
SpectralClustering,"{'n_clusters': 5, 'affinity': 'poly', 'assign_labels': 'kmeans', 'random_state': 6066}",0.03842745165898508,316.4115765551135,1.7121293862347362
SpectralClustering,"{'n_clusters': 5, 'affinity': 'poly', 'assign_labels': 'discretize', 'random_state': 42}",0.24987661501366518,1217.5854805517565,1.21860032545634
SpectralClustering,"{'n_clusters': 5, 'affinity': 'poly', 'assign_labels': 'discretize', 'random_state': 123}",0.24987661501366518,1217.5854805517563,1.21860032545634
SpectralClustering,"{'n_clusters': 5, 'affinity': 'poly', 'assign_labels': 'discretize', 'random_state': 456}",0.15060083542920594,654.3319414150061,1.2690037697049337
SpectralClustering,"{'n_clusters': 5, 'affinity': 'poly', 'assign_labels': 'discretize', 'random_state': 789}",0.24987661501366518,1217.5854805517565,1.21860032545634
SpectralClustering,"{'n_clusters': 5, 'affinity': 'poly', 'assign_labels': 'discretize', 'random_state': 1011}",0.25014390511437884,1217.763878866027,1.2182677202678271
SpectralClustering,"{'n_clusters': 5, 'affinity': 'poly', 'assign_labels': 'discretize', 'random_state': 2022}",0.24987661501366518,1217.5854805517567,1.21860032545634
SpectralClustering,"{'n_clusters': 5, 'affinity': 'poly', 'assign_labels': 'discretize', 'random_state': 3033}",0.1507636459056601,654.3937663341652,1.2688976959383362
SpectralClustering,"{'n_clusters': 5, 'affinity': 'poly', 'assign_labels': 'discretize', 'random_state': 4044}",0.24926228436876433,1217.471132751507,1.2197553566119066
SpectralClustering,"{'n_clusters': 5, 'affinity': 'poly', 'assign_labels': 'discretize', 'random_state': 5055}",0.25014390511437884,1217.7638788660274,1.2182677202678271
SpectralClustering,"{'n_clusters': 5, 'affinity': 'poly', 'assign_labels': 'discretize', 'random_state': 6066}",0.24987661501366518,1217.585480551757,1.21860032545634
SpectralClustering,"{'n_clusters': 5, 'affinity': 'poly', 'assign_labels': 'cluster_qr', 'random_state': 42}",0.2779260769921467,1343.6301601773287,1.4501240230885284
SpectralClustering,"{'n_clusters': 5, 'affinity': 'poly', 'assign_labels': 'cluster_qr', 'random_state': 123}",0.2779260769921467,1343.6301601773287,1.4501240230885284
SpectralClustering,"{'n_clusters': 5, 'affinity': 'poly', 'assign_labels': 'cluster_qr', 'random_state': 456}",0.2779260769921467,1343.6301601773287,1.4501240230885284
SpectralClustering,"{'n_clusters': 5, 'affinity': 'poly', 'assign_labels': 'cluster_qr', 'random_state': 789}",0.2779260769921467,1343.6301601773287,1.4501240230885284
SpectralClustering,"{'n_clusters': 5, 'affinity': 'poly', 'assign_labels': 'cluster_qr', 'random_state': 1011}",0.2779260769921467,1343.6301601773287,1.4501240230885284
SpectralClustering,"{'n_clusters': 5, 'affinity': 'poly', 'assign_labels': 'cluster_qr', 'random_state': 2022}",0.2779260769921467,1343.6301601773287,1.4501240230885284
SpectralClustering,"{'n_clusters': 5, 'affinity': 'poly', 'assign_labels': 'cluster_qr', 'random_state': 3033}",0.2779260769921467,1343.6301601773287,1.4501240230885284
SpectralClustering,"{'n_clusters': 5, 'affinity': 'poly', 'assign_labels': 'cluster_qr', 'random_state': 4044}",0.2779260769921467,1343.6301601773287,1.4501240230885284
SpectralClustering,"{'n_clusters': 5, 'affinity': 'poly', 'assign_labels': 'cluster_qr', 'random_state': 5055}",0.2779260769921467,1343.6301601773287,1.4501240230885284
SpectralClustering,"{'n_clusters': 5, 'affinity': 'poly', 'assign_labels': 'cluster_qr', 'random_state': 6066}",0.2779260769921467,1343.6301601773287,1.4501240230885284
SpectralClustering,"{'n_clusters': 5, 'affinity': 'sigmoid', 'assign_labels': 'kmeans', 'random_state': 42}",0.1533566102523862,577.8806462107784,1.867559130227458
SpectralClustering,"{'n_clusters': 5, 'affinity': 'sigmoid', 'assign_labels': 'kmeans', 'random_state': 123}",0.15098667661976847,571.6002892329461,1.8675069719529176
SpectralClustering,"{'n_clusters': 5, 'affinity': 'sigmoid', 'assign_labels': 'kmeans', 'random_state': 456}",0.15011514837617645,568.9874128011312,1.868447238394119
SpectralClustering,"{'n_clusters': 5, 'affinity': 'sigmoid', 'assign_labels': 'kmeans', 'random_state': 789}",0.1533566102523862,577.8806462107784,1.867559130227458
SpectralClustering,"{'n_clusters': 5, 'affinity': 'sigmoid', 'assign_labels': 'kmeans', 'random_state': 1011}",0.1533566102523862,577.8806462107784,1.867559130227458
SpectralClustering,"{'n_clusters': 5, 'affinity': 'sigmoid', 'assign_labels': 'kmeans', 'random_state': 2022}",0.15174978968466438,576.6095529034169,1.8684929886478456
SpectralClustering,"{'n_clusters': 5, 'affinity': 'sigmoid', 'assign_labels': 'kmeans', 'random_state': 3033}",0.15405558255505192,580.6826310465211,1.8663453733871367
SpectralClustering,"{'n_clusters': 5, 'affinity': 'sigmoid', 'assign_labels': 'kmeans', 'random_state': 4044}",0.15393839918485402,580.1649736764474,1.866896523800813
SpectralClustering,"{'n_clusters': 5, 'affinity': 'sigmoid', 'assign_labels': 'kmeans', 'random_state': 5055}",0.15024459986476313,569.2535949403947,1.8693782988610725
SpectralClustering,"{'n_clusters': 5, 'affinity': 'sigmoid', 'assign_labels': 'kmeans', 'random_state': 6066}",0.15216780865114418,573.6766531460563,1.867583555538042
SpectralClustering,"{'n_clusters': 5, 'affinity': 'sigmoid', 'assign_labels': 'discretize', 'random_state': 42}",0.13615707149932432,505.1136416754267,1.721422466146032
SpectralClustering,"{'n_clusters': 5, 'affinity': 'sigmoid', 'assign_labels': 'discretize', 'random_state': 123}",0.13303117759372018,527.2625314007672,1.7208293277787796
SpectralClustering,"{'n_clusters': 5, 'affinity': 'sigmoid', 'assign_labels': 'discretize', 'random_state': 456}",0.13708805868050034,512.4436375050177,1.7007771796195286
SpectralClustering,"{'n_clusters': 5, 'affinity': 'sigmoid', 'assign_labels': 'discretize', 'random_state': 789}",0.11062903713406966,477.0035102207263,1.8000224825999456
SpectralClustering,"{'n_clusters': 5, 'affinity': 'sigmoid', 'assign_labels': 'discretize', 'random_state': 1011}",0.13670293418147295,509.5518500462684,1.6528048576338854
SpectralClustering,"{'n_clusters': 5, 'affinity': 'sigmoid', 'assign_labels': 'discretize', 'random_state': 2022}",0.1371724400596961,515.4130457775741,1.695002363569873
SpectralClustering,"{'n_clusters': 5, 'affinity': 'sigmoid', 'assign_labels': 'discretize', 'random_state': 3033}",0.1398079522024031,522.1067818773531,1.6451890597778216
SpectralClustering,"{'n_clusters': 5, 'affinity': 'sigmoid', 'assign_labels': 'discretize', 'random_state': 4044}",0.13954128808712615,621.9896675230278,1.3284312747785891
SpectralClustering,"{'n_clusters': 5, 'affinity': 'sigmoid', 'assign_labels': 'discretize', 'random_state': 5055}",0.13923848857384166,519.8508323203259,1.6477087413899725
SpectralClustering,"{'n_clusters': 5, 'affinity': 'sigmoid', 'assign_labels': 'discretize', 'random_state': 6066}",0.13804333523018644,521.9542432936822,1.647808654714406
SpectralClustering,"{'n_clusters': 5, 'affinity': 'sigmoid', 'assign_labels': 'cluster_qr', 'random_state': 42}",0.08600811522894646,336.04150926561715,2.7155093546434372
SpectralClustering,"{'n_clusters': 5, 'affinity': 'sigmoid', 'assign_labels': 'cluster_qr', 'random_state': 123}",0.08600811522894646,336.04150926561715,2.7155093546434372
SpectralClustering,"{'n_clusters': 5, 'affinity': 'sigmoid', 'assign_labels': 'cluster_qr', 'random_state': 456}",0.08600811522894646,336.04150926561715,2.7155093546434372
SpectralClustering,"{'n_clusters': 5, 'affinity': 'sigmoid', 'assign_labels': 'cluster_qr', 'random_state': 789}",0.08600811522894646,336.04150926561715,2.7155093546434372
SpectralClustering,"{'n_clusters': 5, 'affinity': 'sigmoid', 'assign_labels': 'cluster_qr', 'random_state': 1011}",0.08600811522894646,336.04150926561715,2.7155093546434372
SpectralClustering,"{'n_clusters': 5, 'affinity': 'sigmoid', 'assign_labels': 'cluster_qr', 'random_state': 2022}",0.08600811522894646,336.04150926561715,2.7155093546434372
SpectralClustering,"{'n_clusters': 5, 'affinity': 'sigmoid', 'assign_labels': 'cluster_qr', 'random_state': 3033}",0.08600811522894646,336.04150926561715,2.7155093546434372
SpectralClustering,"{'n_clusters': 5, 'affinity': 'sigmoid', 'assign_labels': 'cluster_qr', 'random_state': 4044}",0.08600811522894646,336.04150926561715,2.7155093546434372
SpectralClustering,"{'n_clusters': 5, 'affinity': 'sigmoid', 'assign_labels': 'cluster_qr', 'random_state': 5055}",0.08600811522894646,336.04150926561715,2.7155093546434372
SpectralClustering,"{'n_clusters': 5, 'affinity': 'sigmoid', 'assign_labels': 'cluster_qr', 'random_state': 6066}",0.08600811522894646,336.04150926561715,2.7155093546434372
SpectralClustering,"{'n_clusters': 6, 'affinity': 'rbf', 'assign_labels': 'kmeans', 'random_state': 42}",0.3685691862180807,910.3177031770715,1.0126873757287196
SpectralClustering,"{'n_clusters': 6, 'affinity': 'rbf', 'assign_labels': 'kmeans', 'random_state': 123}",0.367409076179748,902.743515599769,1.011229717065388
SpectralClustering,"{'n_clusters': 6, 'affinity': 'rbf', 'assign_labels': 'kmeans', 'random_state': 456}",0.3685691862180807,910.3177031770718,1.0126873757287196
SpectralClustering,"{'n_clusters': 6, 'affinity': 'rbf', 'assign_labels': 'kmeans', 'random_state': 789}",0.3685691862180807,910.3177031770718,1.0126873757287196
SpectralClustering,"{'n_clusters': 6, 'affinity': 'rbf', 'assign_labels': 'kmeans', 'random_state': 1011}",0.3685691862180807,910.3177031770716,1.0126873757287196
SpectralClustering,"{'n_clusters': 6, 'affinity': 'rbf', 'assign_labels': 'kmeans', 'random_state': 2022}",0.3671704442857339,906.730861212656,1.0111524982476179
SpectralClustering,"{'n_clusters': 6, 'affinity': 'rbf', 'assign_labels': 'kmeans', 'random_state': 3033}",0.3671704442857339,906.7308612126561,1.0111524982476179
SpectralClustering,"{'n_clusters': 6, 'affinity': 'rbf', 'assign_labels': 'kmeans', 'random_state': 4044}",0.3671704442857339,906.7308612126559,1.0111524982476179
SpectralClustering,"{'n_clusters': 6, 'affinity': 'rbf', 'assign_labels': 'kmeans', 'random_state': 5055}",0.3671704442857339,906.730861212656,1.0111524982476179
SpectralClustering,"{'n_clusters': 6, 'affinity': 'rbf', 'assign_labels': 'kmeans', 'random_state': 6066}",0.3671704442857339,906.730861212656,1.0111524982476179
SpectralClustering,"{'n_clusters': 6, 'affinity': 'rbf', 'assign_labels': 'discretize', 'random_state': 42}",0.3043692279459188,1420.7852216496137,1.143103706329379
SpectralClustering,"{'n_clusters': 6, 'affinity': 'rbf', 'assign_labels': 'discretize', 'random_state': 123}",0.30477354701106457,1415.0385146140818,1.135928979185251
SpectralClustering,"{'n_clusters': 6, 'affinity': 'rbf', 'assign_labels': 'discretize', 'random_state': 456}",0.30472214344911946,1412.6023674111968,1.1343784258482992
SpectralClustering,"{'n_clusters': 6, 'affinity': 'rbf', 'assign_labels': 'discretize', 'random_state': 789}",0.3047463223372544,1414.0371561242803,1.1302966631517364
SpectralClustering,"{'n_clusters': 6, 'affinity': 'rbf', 'assign_labels': 'discretize', 'random_state': 1011}",0.30472214344911946,1412.6023674111968,1.1343784258482992
SpectralClustering,"{'n_clusters': 6, 'affinity': 'rbf', 'assign_labels': 'discretize', 'random_state': 2022}",0.30457420850227496,1416.9167300508868,1.135689253754983
SpectralClustering,"{'n_clusters': 6, 'affinity': 'rbf', 'assign_labels': 'discretize', 'random_state': 3033}",0.3041630492370721,1416.4981977397733,1.1352133091298715
SpectralClustering,"{'n_clusters': 6, 'affinity': 'rbf', 'assign_labels': 'discretize', 'random_state': 4044}",0.30413835608667805,1418.473882063187,1.140374021498596
SpectralClustering,"{'n_clusters': 6, 'affinity': 'rbf', 'assign_labels': 'discretize', 'random_state': 5055}",0.30478948601892325,1423.2164967003428,1.1441149851516002
SpectralClustering,"{'n_clusters': 6, 'affinity': 'rbf', 'assign_labels': 'discretize', 'random_state': 6066}",0.3041049968429844,1416.2286214008,1.1378369782212137
SpectralClustering,"{'n_clusters': 6, 'affinity': 'rbf', 'assign_labels': 'cluster_qr', 'random_state': 42}",0.2763625429869291,997.9658869222682,1.40317493052578
SpectralClustering,"{'n_clusters': 6, 'affinity': 'rbf', 'assign_labels': 'cluster_qr', 'random_state': 123}",0.2763625429869291,997.9658869222682,1.40317493052578
SpectralClustering,"{'n_clusters': 6, 'affinity': 'rbf', 'assign_labels': 'cluster_qr', 'random_state': 456}",0.2763625429869291,997.9658869222682,1.40317493052578
SpectralClustering,"{'n_clusters': 6, 'affinity': 'rbf', 'assign_labels': 'cluster_qr', 'random_state': 789}",0.2763625429869291,997.9658869222682,1.40317493052578
SpectralClustering,"{'n_clusters': 6, 'affinity': 'rbf', 'assign_labels': 'cluster_qr', 'random_state': 1011}",0.2763625429869291,997.9658869222682,1.40317493052578
SpectralClustering,"{'n_clusters': 6, 'affinity': 'rbf', 'assign_labels': 'cluster_qr', 'random_state': 2022}",0.2763625429869291,997.9658869222682,1.40317493052578
SpectralClustering,"{'n_clusters': 6, 'affinity': 'rbf', 'assign_labels': 'cluster_qr', 'random_state': 3033}",0.2763625429869291,997.9658869222682,1.40317493052578
SpectralClustering,"{'n_clusters': 6, 'affinity': 'rbf', 'assign_labels': 'cluster_qr', 'random_state': 4044}",0.2763625429869291,997.9658869222682,1.40317493052578
SpectralClustering,"{'n_clusters': 6, 'affinity': 'rbf', 'assign_labels': 'cluster_qr', 'random_state': 5055}",0.2763625429869291,997.9658869222682,1.40317493052578
SpectralClustering,"{'n_clusters': 6, 'affinity': 'rbf', 'assign_labels': 'cluster_qr', 'random_state': 6066}",0.2763625429869291,997.9658869222682,1.40317493052578
SpectralClustering,"{'n_clusters': 6, 'affinity': 'nearest_neighbors', 'assign_labels': 'kmeans', 'random_state': 42, 'n_neighbors': 5}",0.23887021037739897,1313.7762366003137,1.1081054592948791
SpectralClustering,"{'n_clusters': 6, 'affinity': 'nearest_neighbors', 'assign_labels': 'kmeans', 'random_state': 123, 'n_neighbors': 5}",0.23887021037739897,1313.7762366003137,1.108105459294879
SpectralClustering,"{'n_clusters': 6, 'affinity': 'nearest_neighbors', 'assign_labels': 'kmeans', 'random_state': 456, 'n_neighbors': 5}",0.23856330338602086,1310.8379243171769,1.1057031751371909
SpectralClustering,"{'n_clusters': 6, 'affinity': 'nearest_neighbors', 'assign_labels': 'kmeans', 'random_state': 789, 'n_neighbors': 5}",0.2385118334393467,1312.8078028337009,1.108243625602567
SpectralClustering,"{'n_clusters': 6, 'affinity': 'nearest_neighbors', 'assign_labels': 'kmeans', 'random_state': 1011, 'n_neighbors': 5}",0.23856330338602086,1310.8379243171769,1.1057031751371906
SpectralClustering,"{'n_clusters': 6, 'affinity': 'nearest_neighbors', 'assign_labels': 'kmeans', 'random_state': 2022, 'n_neighbors': 5}",0.23879339869601143,1313.5644979512256,1.1079605608940706
SpectralClustering,"{'n_clusters': 6, 'affinity': 'nearest_neighbors', 'assign_labels': 'kmeans', 'random_state': 3033, 'n_neighbors': 5}",0.23848637602166664,1310.624767374329,1.1055591357767265
SpectralClustering,"{'n_clusters': 6, 'affinity': 'nearest_neighbors', 'assign_labels': 'kmeans', 'random_state': 4044, 'n_neighbors': 5}",0.23879339869601143,1313.5644979512256,1.1079605608940704
SpectralClustering,"{'n_clusters': 6, 'affinity': 'nearest_neighbors', 'assign_labels': 'kmeans', 'random_state': 5055, 'n_neighbors': 5}",0.2385118334393467,1312.8078028337009,1.108243625602567
SpectralClustering,"{'n_clusters': 6, 'affinity': 'nearest_neighbors', 'assign_labels': 'kmeans', 'random_state': 6066, 'n_neighbors': 5}",0.2385118334393467,1312.8078028337009,1.108243625602567
SpectralClustering,"{'n_clusters': 6, 'affinity': 'nearest_neighbors', 'assign_labels': 'discretize', 'random_state': 42, 'n_neighbors': 5}",0.26495478637496483,1451.4624847367022,1.252067764093651
SpectralClustering,"{'n_clusters': 6, 'affinity': 'nearest_neighbors', 'assign_labels': 'discretize', 'random_state': 123, 'n_neighbors': 5}",0.2651138181716215,1451.7437770505117,1.2520882004559692
SpectralClustering,"{'n_clusters': 6, 'affinity': 'nearest_neighbors', 'assign_labels': 'discretize', 'random_state': 456, 'n_neighbors': 5}",0.2651138181716215,1451.7437770505112,1.252088200455969
SpectralClustering,"{'n_clusters': 6, 'affinity': 'nearest_neighbors', 'assign_labels': 'discretize', 'random_state': 789, 'n_neighbors': 5}",0.2651138181716215,1451.7437770505117,1.2520882004559692
SpectralClustering,"{'n_clusters': 6, 'affinity': 'nearest_neighbors', 'assign_labels': 'discretize', 'random_state': 1011, 'n_neighbors': 5}",0.26475639291677944,1450.842138458728,1.2521286889495828
SpectralClustering,"{'n_clusters': 6, 'affinity': 'nearest_neighbors', 'assign_labels': 'discretize', 'random_state': 2022, 'n_neighbors': 5}",0.26386701852240935,1449.771311378802,1.2526791322838084
SpectralClustering,"{'n_clusters': 6, 'affinity': 'nearest_neighbors', 'assign_labels': 'discretize', 'random_state': 3033, 'n_neighbors': 5}",0.2744752998504371,1489.4039009902015,1.2702900188116717
SpectralClustering,"{'n_clusters': 6, 'affinity': 'nearest_neighbors', 'assign_labels': 'discretize', 'random_state': 4044, 'n_neighbors': 5}",0.26475639291677944,1450.8421384587277,1.2521286889495828
SpectralClustering,"{'n_clusters': 6, 'affinity': 'nearest_neighbors', 'assign_labels': 'discretize', 'random_state': 5055, 'n_neighbors': 5}",0.26475639291677944,1450.842138458728,1.2521286889495828
SpectralClustering,"{'n_clusters': 6, 'affinity': 'nearest_neighbors', 'assign_labels': 'discretize', 'random_state': 6066, 'n_neighbors': 5}",0.2551018483087165,1459.687578096614,1.2563557968280394
SpectralClustering,"{'n_clusters': 6, 'affinity': 'nearest_neighbors', 'assign_labels': 'cluster_qr', 'random_state': 42, 'n_neighbors': 5}",0.2603808333145257,1298.5490990908975,1.8720220172888633
SpectralClustering,"{'n_clusters': 6, 'affinity': 'nearest_neighbors', 'assign_labels': 'cluster_qr', 'random_state': 123, 'n_neighbors': 5}",0.2603808333145257,1298.5490990908975,1.8720220172888633
SpectralClustering,"{'n_clusters': 6, 'affinity': 'nearest_neighbors', 'assign_labels': 'cluster_qr', 'random_state': 456, 'n_neighbors': 5}",0.2603808333145257,1298.5490990908975,1.8720220172888633
SpectralClustering,"{'n_clusters': 6, 'affinity': 'nearest_neighbors', 'assign_labels': 'cluster_qr', 'random_state': 789, 'n_neighbors': 5}",0.2603808333145257,1298.5490990908975,1.8720220172888633
SpectralClustering,"{'n_clusters': 6, 'affinity': 'nearest_neighbors', 'assign_labels': 'cluster_qr', 'random_state': 1011, 'n_neighbors': 5}",0.2603808333145257,1298.5490990908975,1.8720220172888633
SpectralClustering,"{'n_clusters': 6, 'affinity': 'nearest_neighbors', 'assign_labels': 'cluster_qr', 'random_state': 2022, 'n_neighbors': 5}",0.2603808333145257,1298.5490990908975,1.8720220172888633
SpectralClustering,"{'n_clusters': 6, 'affinity': 'nearest_neighbors', 'assign_labels': 'cluster_qr', 'random_state': 3033, 'n_neighbors': 5}",0.2603808333145257,1298.5490990908975,1.8720220172888633
SpectralClustering,"{'n_clusters': 6, 'affinity': 'nearest_neighbors', 'assign_labels': 'cluster_qr', 'random_state': 4044, 'n_neighbors': 5}",0.2603808333145257,1298.5490990908975,1.8720220172888633
SpectralClustering,"{'n_clusters': 6, 'affinity': 'nearest_neighbors', 'assign_labels': 'cluster_qr', 'random_state': 5055, 'n_neighbors': 5}",0.2603808333145257,1298.5490990908975,1.8720220172888633
SpectralClustering,"{'n_clusters': 6, 'affinity': 'nearest_neighbors', 'assign_labels': 'cluster_qr', 'random_state': 6066, 'n_neighbors': 5}",0.2603808333145257,1298.5490990908975,1.8720220172888633
SpectralClustering,"{'n_clusters': 6, 'affinity': 'nearest_neighbors', 'assign_labels': 'kmeans', 'random_state': 42, 'n_neighbors': 10}",0.2592453375593699,1413.2580728683374,1.2740474229626657
SpectralClustering,"{'n_clusters': 6, 'affinity': 'nearest_neighbors', 'assign_labels': 'kmeans', 'random_state': 123, 'n_neighbors': 10}",0.2592453375593699,1413.2580728683372,1.2740474229626657
SpectralClustering,"{'n_clusters': 6, 'affinity': 'nearest_neighbors', 'assign_labels': 'kmeans', 'random_state': 456, 'n_neighbors': 10}",0.2592453375593699,1413.2580728683374,1.274047422962666
SpectralClustering,"{'n_clusters': 6, 'affinity': 'nearest_neighbors', 'assign_labels': 'kmeans', 'random_state': 789, 'n_neighbors': 10}",0.2592453375593699,1413.2580728683374,1.274047422962666
SpectralClustering,"{'n_clusters': 6, 'affinity': 'nearest_neighbors', 'assign_labels': 'kmeans', 'random_state': 1011, 'n_neighbors': 10}",0.2592453375593699,1413.2580728683374,1.274047422962666
SpectralClustering,"{'n_clusters': 6, 'affinity': 'nearest_neighbors', 'assign_labels': 'kmeans', 'random_state': 2022, 'n_neighbors': 10}",0.2592453375593699,1413.2580728683372,1.274047422962666
SpectralClustering,"{'n_clusters': 6, 'affinity': 'nearest_neighbors', 'assign_labels': 'kmeans', 'random_state': 3033, 'n_neighbors': 10}",0.2592453375593699,1413.2580728683372,1.2740474229626657
SpectralClustering,"{'n_clusters': 6, 'affinity': 'nearest_neighbors', 'assign_labels': 'kmeans', 'random_state': 4044, 'n_neighbors': 10}",0.2592453375593699,1413.2580728683374,1.2740474229626657
SpectralClustering,"{'n_clusters': 6, 'affinity': 'nearest_neighbors', 'assign_labels': 'kmeans', 'random_state': 5055, 'n_neighbors': 10}",0.2592453375593699,1413.2580728683374,1.2740474229626657
SpectralClustering,"{'n_clusters': 6, 'affinity': 'nearest_neighbors', 'assign_labels': 'kmeans', 'random_state': 6066, 'n_neighbors': 10}",0.2592453375593699,1413.2580728683374,1.2740474229626657
SpectralClustering,"{'n_clusters': 6, 'affinity': 'nearest_neighbors', 'assign_labels': 'discretize', 'random_state': 42, 'n_neighbors': 10}",0.26565062865879935,1423.828185200065,1.2493101853939954
SpectralClustering,"{'n_clusters': 6, 'affinity': 'nearest_neighbors', 'assign_labels': 'discretize', 'random_state': 123, 'n_neighbors': 10}",0.26837996729901764,1451.812875063933,1.215681124770546
SpectralClustering,"{'n_clusters': 6, 'affinity': 'nearest_neighbors', 'assign_labels': 'discretize', 'random_state': 456, 'n_neighbors': 10}",0.26583524293480854,1426.2170566869195,1.2483777400308622
SpectralClustering,"{'n_clusters': 6, 'affinity': 'nearest_neighbors', 'assign_labels': 'discretize', 'random_state': 789, 'n_neighbors': 10}",0.2657000272474869,1425.801461542461,1.2486359301527
SpectralClustering,"{'n_clusters': 6, 'affinity': 'nearest_neighbors', 'assign_labels': 'discretize', 'random_state': 1011, 'n_neighbors': 10}",0.26565062865879935,1423.8281852000655,1.2493101853939954
SpectralClustering,"{'n_clusters': 6, 'affinity': 'nearest_neighbors', 'assign_labels': 'discretize', 'random_state': 2022, 'n_neighbors': 10}",0.26837996729901764,1451.8128750639323,1.215681124770546
SpectralClustering,"{'n_clusters': 6, 'affinity': 'nearest_neighbors', 'assign_labels': 'discretize', 'random_state': 3033, 'n_neighbors': 10}",0.26837996729901764,1451.8128750639328,1.215681124770546
SpectralClustering,"{'n_clusters': 6, 'affinity': 'nearest_neighbors', 'assign_labels': 'discretize', 'random_state': 4044, 'n_neighbors': 10}",0.2657000272474869,1425.801461542461,1.2486359301527
SpectralClustering,"{'n_clusters': 6, 'affinity': 'nearest_neighbors', 'assign_labels': 'discretize', 'random_state': 5055, 'n_neighbors': 10}",0.26837996729901764,1451.8128750639328,1.215681124770546
SpectralClustering,"{'n_clusters': 6, 'affinity': 'nearest_neighbors', 'assign_labels': 'discretize', 'random_state': 6066, 'n_neighbors': 10}",0.2647397908549636,1423.9647072537791,1.2551298982674788
SpectralClustering,"{'n_clusters': 6, 'affinity': 'nearest_neighbors', 'assign_labels': 'cluster_qr', 'random_state': 42, 'n_neighbors': 10}",0.2611910617591738,1400.739029917003,1.2495013739738192
SpectralClustering,"{'n_clusters': 6, 'affinity': 'nearest_neighbors', 'assign_labels': 'cluster_qr', 'random_state': 123, 'n_neighbors': 10}",0.2611910617591738,1400.739029917003,1.2495013739738192
SpectralClustering,"{'n_clusters': 6, 'affinity': 'nearest_neighbors', 'assign_labels': 'cluster_qr', 'random_state': 456, 'n_neighbors': 10}",0.2611910617591738,1400.739029917003,1.2495013739738192
SpectralClustering,"{'n_clusters': 6, 'affinity': 'nearest_neighbors', 'assign_labels': 'cluster_qr', 'random_state': 789, 'n_neighbors': 10}",0.2611910617591738,1400.739029917003,1.2495013739738192
SpectralClustering,"{'n_clusters': 6, 'affinity': 'nearest_neighbors', 'assign_labels': 'cluster_qr', 'random_state': 1011, 'n_neighbors': 10}",0.2611910617591738,1400.739029917003,1.2495013739738192
SpectralClustering,"{'n_clusters': 6, 'affinity': 'nearest_neighbors', 'assign_labels': 'cluster_qr', 'random_state': 2022, 'n_neighbors': 10}",0.2611910617591738,1400.739029917003,1.2495013739738192
SpectralClustering,"{'n_clusters': 6, 'affinity': 'nearest_neighbors', 'assign_labels': 'cluster_qr', 'random_state': 3033, 'n_neighbors': 10}",0.2611910617591738,1400.739029917003,1.2495013739738192
SpectralClustering,"{'n_clusters': 6, 'affinity': 'nearest_neighbors', 'assign_labels': 'cluster_qr', 'random_state': 4044, 'n_neighbors': 10}",0.2611910617591738,1400.739029917003,1.2495013739738192
SpectralClustering,"{'n_clusters': 6, 'affinity': 'nearest_neighbors', 'assign_labels': 'cluster_qr', 'random_state': 5055, 'n_neighbors': 10}",0.2611910617591738,1400.739029917003,1.2495013739738192
SpectralClustering,"{'n_clusters': 6, 'affinity': 'nearest_neighbors', 'assign_labels': 'cluster_qr', 'random_state': 6066, 'n_neighbors': 10}",0.2611910617591738,1400.739029917003,1.2495013739738192
SpectralClustering,"{'n_clusters': 6, 'affinity': 'nearest_neighbors', 'assign_labels': 'kmeans', 'random_state': 42, 'n_neighbors': 15}",0.2537771868756723,1374.4362647618727,1.269035178847642
SpectralClustering,"{'n_clusters': 6, 'affinity': 'nearest_neighbors', 'assign_labels': 'kmeans', 'random_state': 123, 'n_neighbors': 15}",0.2537771868756723,1374.4362647618725,1.2690351788476415
SpectralClustering,"{'n_clusters': 6, 'affinity': 'nearest_neighbors', 'assign_labels': 'kmeans', 'random_state': 456, 'n_neighbors': 15}",0.2537771868756723,1374.4362647618727,1.269035178847642
SpectralClustering,"{'n_clusters': 6, 'affinity': 'nearest_neighbors', 'assign_labels': 'kmeans', 'random_state': 789, 'n_neighbors': 15}",0.2537771868756723,1374.4362647618727,1.2690351788476415
SpectralClustering,"{'n_clusters': 6, 'affinity': 'nearest_neighbors', 'assign_labels': 'kmeans', 'random_state': 1011, 'n_neighbors': 15}",0.2537771868756723,1374.4362647618725,1.269035178847642
SpectralClustering,"{'n_clusters': 6, 'affinity': 'nearest_neighbors', 'assign_labels': 'kmeans', 'random_state': 2022, 'n_neighbors': 15}",0.2537771868756723,1374.4362647618723,1.2690351788476417
SpectralClustering,"{'n_clusters': 6, 'affinity': 'nearest_neighbors', 'assign_labels': 'kmeans', 'random_state': 3033, 'n_neighbors': 15}",0.2537771868756723,1374.4362647618725,1.269035178847642
SpectralClustering,"{'n_clusters': 6, 'affinity': 'nearest_neighbors', 'assign_labels': 'kmeans', 'random_state': 4044, 'n_neighbors': 15}",0.2537771868756723,1374.4362647618723,1.2690351788476415
SpectralClustering,"{'n_clusters': 6, 'affinity': 'nearest_neighbors', 'assign_labels': 'kmeans', 'random_state': 5055, 'n_neighbors': 15}",0.2537771868756723,1374.4362647618723,1.2690351788476417
SpectralClustering,"{'n_clusters': 6, 'affinity': 'nearest_neighbors', 'assign_labels': 'kmeans', 'random_state': 6066, 'n_neighbors': 15}",0.2537771868756723,1374.4362647618723,1.269035178847642
SpectralClustering,"{'n_clusters': 6, 'affinity': 'nearest_neighbors', 'assign_labels': 'discretize', 'random_state': 42, 'n_neighbors': 15}",0.2598495023017423,1374.2040286760127,1.25455215922885
SpectralClustering,"{'n_clusters': 6, 'affinity': 'nearest_neighbors', 'assign_labels': 'discretize', 'random_state': 123, 'n_neighbors': 15}",0.26054236297570954,1380.4979489577877,1.2552935571137334
SpectralClustering,"{'n_clusters': 6, 'affinity': 'nearest_neighbors', 'assign_labels': 'discretize', 'random_state': 456, 'n_neighbors': 15}",0.2607718568795429,1381.6229654570773,1.2557630373837034
SpectralClustering,"{'n_clusters': 6, 'affinity': 'nearest_neighbors', 'assign_labels': 'discretize', 'random_state': 789, 'n_neighbors': 15}",0.26057636829657194,1381.1538590392636,1.255873155947388
SpectralClustering,"{'n_clusters': 6, 'affinity': 'nearest_neighbors', 'assign_labels': 'discretize', 'random_state': 1011, 'n_neighbors': 15}",0.2598495023017423,1374.2040286760127,1.2545521592288502
SpectralClustering,"{'n_clusters': 6, 'affinity': 'nearest_neighbors', 'assign_labels': 'discretize', 'random_state': 2022, 'n_neighbors': 15}",0.2604306052480688,1379.7563550843347,1.2561496839290502
SpectralClustering,"{'n_clusters': 6, 'affinity': 'nearest_neighbors', 'assign_labels': 'discretize', 'random_state': 3033, 'n_neighbors': 15}",0.2631080303996647,1409.2089622606893,1.2378639801804767
SpectralClustering,"{'n_clusters': 6, 'affinity': 'nearest_neighbors', 'assign_labels': 'discretize', 'random_state': 4044, 'n_neighbors': 15}",0.26057636829657194,1381.153859039264,1.255873155947388
SpectralClustering,"{'n_clusters': 6, 'affinity': 'nearest_neighbors', 'assign_labels': 'discretize', 'random_state': 5055, 'n_neighbors': 15}",0.2598495023017423,1374.2040286760127,1.2545521592288502
SpectralClustering,"{'n_clusters': 6, 'affinity': 'nearest_neighbors', 'assign_labels': 'discretize', 'random_state': 6066, 'n_neighbors': 15}",0.25995216224094725,1376.90110150249,1.2586417503917413
SpectralClustering,"{'n_clusters': 6, 'affinity': 'nearest_neighbors', 'assign_labels': 'cluster_qr', 'random_state': 42, 'n_neighbors': 15}",0.2538527920217856,1371.2094601995934,1.225539721802068
SpectralClustering,"{'n_clusters': 6, 'affinity': 'nearest_neighbors', 'assign_labels': 'cluster_qr', 'random_state': 123, 'n_neighbors': 15}",0.2538527920217856,1371.2094601995934,1.225539721802068
SpectralClustering,"{'n_clusters': 6, 'affinity': 'nearest_neighbors', 'assign_labels': 'cluster_qr', 'random_state': 456, 'n_neighbors': 15}",0.2538527920217856,1371.2094601995934,1.225539721802068
SpectralClustering,"{'n_clusters': 6, 'affinity': 'nearest_neighbors', 'assign_labels': 'cluster_qr', 'random_state': 789, 'n_neighbors': 15}",0.2538527920217856,1371.2094601995934,1.225539721802068
SpectralClustering,"{'n_clusters': 6, 'affinity': 'nearest_neighbors', 'assign_labels': 'cluster_qr', 'random_state': 1011, 'n_neighbors': 15}",0.2538527920217856,1371.2094601995934,1.225539721802068
SpectralClustering,"{'n_clusters': 6, 'affinity': 'nearest_neighbors', 'assign_labels': 'cluster_qr', 'random_state': 2022, 'n_neighbors': 15}",0.2538527920217856,1371.2094601995934,1.225539721802068
SpectralClustering,"{'n_clusters': 6, 'affinity': 'nearest_neighbors', 'assign_labels': 'cluster_qr', 'random_state': 3033, 'n_neighbors': 15}",0.2538527920217856,1371.2094601995934,1.225539721802068
SpectralClustering,"{'n_clusters': 6, 'affinity': 'nearest_neighbors', 'assign_labels': 'cluster_qr', 'random_state': 4044, 'n_neighbors': 15}",0.2538527920217856,1371.2094601995934,1.225539721802068
SpectralClustering,"{'n_clusters': 6, 'affinity': 'nearest_neighbors', 'assign_labels': 'cluster_qr', 'random_state': 5055, 'n_neighbors': 15}",0.2538527920217856,1371.2094601995934,1.225539721802068
SpectralClustering,"{'n_clusters': 6, 'affinity': 'nearest_neighbors', 'assign_labels': 'cluster_qr', 'random_state': 6066, 'n_neighbors': 15}",0.2538527920217856,1371.2094601995934,1.225539721802068
SpectralClustering,"{'n_clusters': 6, 'affinity': 'nearest_neighbors', 'assign_labels': 'kmeans', 'random_state': 42, 'n_neighbors': 20}",0.25601602617836394,1415.4793525865425,1.2385598260126633
SpectralClustering,"{'n_clusters': 6, 'affinity': 'nearest_neighbors', 'assign_labels': 'kmeans', 'random_state': 123, 'n_neighbors': 20}",0.25601602617836394,1415.4793525865423,1.2385598260126633
SpectralClustering,"{'n_clusters': 6, 'affinity': 'nearest_neighbors', 'assign_labels': 'kmeans', 'random_state': 456, 'n_neighbors': 20}",0.25601602617836394,1415.4793525865423,1.2385598260126633
SpectralClustering,"{'n_clusters': 6, 'affinity': 'nearest_neighbors', 'assign_labels': 'kmeans', 'random_state': 789, 'n_neighbors': 20}",0.25601602617836394,1415.4793525865425,1.2385598260126633
SpectralClustering,"{'n_clusters': 6, 'affinity': 'nearest_neighbors', 'assign_labels': 'kmeans', 'random_state': 1011, 'n_neighbors': 20}",0.25601602617836394,1415.4793525865423,1.2385598260126633
SpectralClustering,"{'n_clusters': 6, 'affinity': 'nearest_neighbors', 'assign_labels': 'kmeans', 'random_state': 2022, 'n_neighbors': 20}",0.25603058875804807,1415.4939392191352,1.2387940063501581
SpectralClustering,"{'n_clusters': 6, 'affinity': 'nearest_neighbors', 'assign_labels': 'kmeans', 'random_state': 3033, 'n_neighbors': 20}",0.25601602617836394,1415.4793525865425,1.2385598260126633
SpectralClustering,"{'n_clusters': 6, 'affinity': 'nearest_neighbors', 'assign_labels': 'kmeans', 'random_state': 4044, 'n_neighbors': 20}",0.25601602617836394,1415.4793525865423,1.2385598260126633
SpectralClustering,"{'n_clusters': 6, 'affinity': 'nearest_neighbors', 'assign_labels': 'kmeans', 'random_state': 5055, 'n_neighbors': 20}",0.25601602617836394,1415.4793525865423,1.2385598260126633
SpectralClustering,"{'n_clusters': 6, 'affinity': 'nearest_neighbors', 'assign_labels': 'kmeans', 'random_state': 6066, 'n_neighbors': 20}",0.25601602617836394,1415.4793525865423,1.2385598260126633
SpectralClustering,"{'n_clusters': 6, 'affinity': 'nearest_neighbors', 'assign_labels': 'discretize', 'random_state': 42, 'n_neighbors': 20}",0.2645774742439677,1419.9486437172284,1.2345076780262785
SpectralClustering,"{'n_clusters': 6, 'affinity': 'nearest_neighbors', 'assign_labels': 'discretize', 'random_state': 123, 'n_neighbors': 20}",0.26486184502752286,1421.402308135048,1.2331974511689394
SpectralClustering,"{'n_clusters': 6, 'affinity': 'nearest_neighbors', 'assign_labels': 'discretize', 'random_state': 456, 'n_neighbors': 20}",0.2708437675276276,1419.5655360546216,1.2461480976678965
SpectralClustering,"{'n_clusters': 6, 'affinity': 'nearest_neighbors', 'assign_labels': 'discretize', 'random_state': 789, 'n_neighbors': 20}",0.27081213035298446,1420.0708775968997,1.2448254494325173
SpectralClustering,"{'n_clusters': 6, 'affinity': 'nearest_neighbors', 'assign_labels': 'discretize', 'random_state': 1011, 'n_neighbors': 20}",0.2667963637532247,1447.7485869083698,1.2129592200259156
SpectralClustering,"{'n_clusters': 6, 'affinity': 'nearest_neighbors', 'assign_labels': 'discretize', 'random_state': 2022, 'n_neighbors': 20}",0.27081213035298446,1420.0708775968997,1.2448254494325173
SpectralClustering,"{'n_clusters': 6, 'affinity': 'nearest_neighbors', 'assign_labels': 'discretize', 'random_state': 3033, 'n_neighbors': 20}",0.2647341702373916,1420.2622926067522,1.2344995539077368
SpectralClustering,"{'n_clusters': 6, 'affinity': 'nearest_neighbors', 'assign_labels': 'discretize', 'random_state': 4044, 'n_neighbors': 20}",0.27081213035298446,1420.0708775968997,1.2448254494325173
SpectralClustering,"{'n_clusters': 6, 'affinity': 'nearest_neighbors', 'assign_labels': 'discretize', 'random_state': 5055, 'n_neighbors': 20}",0.2708085158508224,1419.5946966839206,1.2460896381074331
SpectralClustering,"{'n_clusters': 6, 'affinity': 'nearest_neighbors', 'assign_labels': 'discretize', 'random_state': 6066, 'n_neighbors': 20}",0.2667963637532247,1447.7485869083696,1.2129592200259156
SpectralClustering,"{'n_clusters': 6, 'affinity': 'nearest_neighbors', 'assign_labels': 'cluster_qr', 'random_state': 42, 'n_neighbors': 20}",0.25821204699374034,1406.875888119082,1.2147864168671427
SpectralClustering,"{'n_clusters': 6, 'affinity': 'nearest_neighbors', 'assign_labels': 'cluster_qr', 'random_state': 123, 'n_neighbors': 20}",0.25821204699374034,1406.875888119082,1.2147864168671427
SpectralClustering,"{'n_clusters': 6, 'affinity': 'nearest_neighbors', 'assign_labels': 'cluster_qr', 'random_state': 456, 'n_neighbors': 20}",0.25821204699374034,1406.875888119082,1.2147864168671427
SpectralClustering,"{'n_clusters': 6, 'affinity': 'nearest_neighbors', 'assign_labels': 'cluster_qr', 'random_state': 789, 'n_neighbors': 20}",0.25821204699374034,1406.875888119082,1.2147864168671427
SpectralClustering,"{'n_clusters': 6, 'affinity': 'nearest_neighbors', 'assign_labels': 'cluster_qr', 'random_state': 1011, 'n_neighbors': 20}",0.25821204699374034,1406.875888119082,1.2147864168671427
SpectralClustering,"{'n_clusters': 6, 'affinity': 'nearest_neighbors', 'assign_labels': 'cluster_qr', 'random_state': 2022, 'n_neighbors': 20}",0.25821204699374034,1406.875888119082,1.2147864168671427
SpectralClustering,"{'n_clusters': 6, 'affinity': 'nearest_neighbors', 'assign_labels': 'cluster_qr', 'random_state': 3033, 'n_neighbors': 20}",0.25821204699374034,1406.875888119082,1.2147864168671427
SpectralClustering,"{'n_clusters': 6, 'affinity': 'nearest_neighbors', 'assign_labels': 'cluster_qr', 'random_state': 4044, 'n_neighbors': 20}",0.25821204699374034,1406.875888119082,1.2147864168671427
SpectralClustering,"{'n_clusters': 6, 'affinity': 'nearest_neighbors', 'assign_labels': 'cluster_qr', 'random_state': 5055, 'n_neighbors': 20}",0.25821204699374034,1406.875888119082,1.2147864168671427
SpectralClustering,"{'n_clusters': 6, 'affinity': 'nearest_neighbors', 'assign_labels': 'cluster_qr', 'random_state': 6066, 'n_neighbors': 20}",0.25821204699374034,1406.875888119082,1.2147864168671427
SpectralClustering,"{'n_clusters': 6, 'affinity': 'nearest_neighbors', 'assign_labels': 'kmeans', 'random_state': 42, 'n_neighbors': 50}",0.2670520611089631,1528.448821074874,1.1288569241655657
SpectralClustering,"{'n_clusters': 6, 'affinity': 'nearest_neighbors', 'assign_labels': 'kmeans', 'random_state': 123, 'n_neighbors': 50}",0.26704685071491446,1529.8624360238182,1.1264434016883185
SpectralClustering,"{'n_clusters': 6, 'affinity': 'nearest_neighbors', 'assign_labels': 'kmeans', 'random_state': 456, 'n_neighbors': 50}",0.26704685071491446,1529.8624360238186,1.1264434016883185
SpectralClustering,"{'n_clusters': 6, 'affinity': 'nearest_neighbors', 'assign_labels': 'kmeans', 'random_state': 789, 'n_neighbors': 50}",0.26711216946392674,1530.3109038400523,1.126651374817877
SpectralClustering,"{'n_clusters': 6, 'affinity': 'nearest_neighbors', 'assign_labels': 'kmeans', 'random_state': 1011, 'n_neighbors': 50}",0.26704685071491446,1529.8624360238184,1.1264434016883185
SpectralClustering,"{'n_clusters': 6, 'affinity': 'nearest_neighbors', 'assign_labels': 'kmeans', 'random_state': 2022, 'n_neighbors': 50}",0.26704685071491446,1529.8624360238186,1.1264434016883185
SpectralClustering,"{'n_clusters': 6, 'affinity': 'nearest_neighbors', 'assign_labels': 'kmeans', 'random_state': 3033, 'n_neighbors': 50}",0.26704685071491446,1529.8624360238184,1.1264434016883185
SpectralClustering,"{'n_clusters': 6, 'affinity': 'nearest_neighbors', 'assign_labels': 'kmeans', 'random_state': 4044, 'n_neighbors': 50}",0.26704685071491446,1529.8624360238184,1.1264434016883185
SpectralClustering,"{'n_clusters': 6, 'affinity': 'nearest_neighbors', 'assign_labels': 'kmeans', 'random_state': 5055, 'n_neighbors': 50}",0.26704685071491446,1529.8624360238184,1.1264434016883185
SpectralClustering,"{'n_clusters': 6, 'affinity': 'nearest_neighbors', 'assign_labels': 'kmeans', 'random_state': 6066, 'n_neighbors': 50}",0.26704685071491446,1529.8624360238186,1.1264434016883185
SpectralClustering,"{'n_clusters': 6, 'affinity': 'nearest_neighbors', 'assign_labels': 'discretize', 'random_state': 42, 'n_neighbors': 50}",0.27645164766309327,1514.3388380656972,1.176762152033356
SpectralClustering,"{'n_clusters': 6, 'affinity': 'nearest_neighbors', 'assign_labels': 'discretize', 'random_state': 123, 'n_neighbors': 50}",0.28280101795789137,1507.9568818557912,1.1877754357953354
SpectralClustering,"{'n_clusters': 6, 'affinity': 'nearest_neighbors', 'assign_labels': 'discretize', 'random_state': 456, 'n_neighbors': 50}",0.2661340588445829,1492.2500824088065,1.1798521085690938
SpectralClustering,"{'n_clusters': 6, 'affinity': 'nearest_neighbors', 'assign_labels': 'discretize', 'random_state': 789, 'n_neighbors': 50}",0.27369551961928834,1501.264344004914,1.1716480256304906
SpectralClustering,"{'n_clusters': 6, 'affinity': 'nearest_neighbors', 'assign_labels': 'discretize', 'random_state': 1011, 'n_neighbors': 50}",0.27354940555297547,1518.8572175631518,1.1470191820962268
SpectralClustering,"{'n_clusters': 6, 'affinity': 'nearest_neighbors', 'assign_labels': 'discretize', 'random_state': 2022, 'n_neighbors': 50}",0.2631260497609654,1481.331148921121,1.1902672443647961
SpectralClustering,"{'n_clusters': 6, 'affinity': 'nearest_neighbors', 'assign_labels': 'discretize', 'random_state': 3033, 'n_neighbors': 50}",0.27383409416485577,1518.3586471445296,1.148512919549001
SpectralClustering,"{'n_clusters': 6, 'affinity': 'nearest_neighbors', 'assign_labels': 'discretize', 'random_state': 4044, 'n_neighbors': 50}",0.2828613984360277,1508.0520788025804,1.1875950393911647
SpectralClustering,"{'n_clusters': 6, 'affinity': 'nearest_neighbors', 'assign_labels': 'discretize', 'random_state': 5055, 'n_neighbors': 50}",0.27804769473176355,1517.4828425114454,1.1755581610616166
SpectralClustering,"{'n_clusters': 6, 'affinity': 'nearest_neighbors', 'assign_labels': 'discretize', 'random_state': 6066, 'n_neighbors': 50}",0.27369064968389123,1518.742403728874,1.1489800048183205
SpectralClustering,"{'n_clusters': 6, 'affinity': 'nearest_neighbors', 'assign_labels': 'cluster_qr', 'random_state': 42, 'n_neighbors': 50}",0.26913296382536556,1490.1303916432312,1.1667068553578377
SpectralClustering,"{'n_clusters': 6, 'affinity': 'nearest_neighbors', 'assign_labels': 'cluster_qr', 'random_state': 123, 'n_neighbors': 50}",0.26913296382536556,1490.1303916432312,1.1667068553578377
SpectralClustering,"{'n_clusters': 6, 'affinity': 'nearest_neighbors', 'assign_labels': 'cluster_qr', 'random_state': 456, 'n_neighbors': 50}",0.26913296382536556,1490.1303916432312,1.1667068553578377
SpectralClustering,"{'n_clusters': 6, 'affinity': 'nearest_neighbors', 'assign_labels': 'cluster_qr', 'random_state': 789, 'n_neighbors': 50}",0.26913296382536556,1490.1303916432312,1.1667068553578377
SpectralClustering,"{'n_clusters': 6, 'affinity': 'nearest_neighbors', 'assign_labels': 'cluster_qr', 'random_state': 1011, 'n_neighbors': 50}",0.26913296382536556,1490.1303916432312,1.1667068553578377
SpectralClustering,"{'n_clusters': 6, 'affinity': 'nearest_neighbors', 'assign_labels': 'cluster_qr', 'random_state': 2022, 'n_neighbors': 50}",0.26913296382536556,1490.1303916432312,1.1667068553578377
SpectralClustering,"{'n_clusters': 6, 'affinity': 'nearest_neighbors', 'assign_labels': 'cluster_qr', 'random_state': 3033, 'n_neighbors': 50}",0.26913296382536556,1490.1303916432312,1.1667068553578377
SpectralClustering,"{'n_clusters': 6, 'affinity': 'nearest_neighbors', 'assign_labels': 'cluster_qr', 'random_state': 4044, 'n_neighbors': 50}",0.26913296382536556,1490.1303916432312,1.1667068553578377
SpectralClustering,"{'n_clusters': 6, 'affinity': 'nearest_neighbors', 'assign_labels': 'cluster_qr', 'random_state': 5055, 'n_neighbors': 50}",0.26913296382536556,1490.1303916432312,1.1667068553578377
SpectralClustering,"{'n_clusters': 6, 'affinity': 'nearest_neighbors', 'assign_labels': 'cluster_qr', 'random_state': 6066, 'n_neighbors': 50}",0.26913296382536556,1490.1303916432312,1.1667068553578377
SpectralClustering,"{'n_clusters': 6, 'affinity': 'nearest_neighbors', 'assign_labels': 'kmeans', 'random_state': 42, 'n_neighbors': 100}",0.28849046477809387,1542.335553384218,1.2198338932502255
SpectralClustering,"{'n_clusters': 6, 'affinity': 'nearest_neighbors', 'assign_labels': 'kmeans', 'random_state': 123, 'n_neighbors': 100}",0.28849046477809387,1542.3355533842184,1.2198338932502255
SpectralClustering,"{'n_clusters': 6, 'affinity': 'nearest_neighbors', 'assign_labels': 'kmeans', 'random_state': 456, 'n_neighbors': 100}",0.28849046477809387,1542.335553384218,1.2198338932502255
SpectralClustering,"{'n_clusters': 6, 'affinity': 'nearest_neighbors', 'assign_labels': 'kmeans', 'random_state': 789, 'n_neighbors': 100}",0.28849046477809387,1542.335553384218,1.2198338932502255
SpectralClustering,"{'n_clusters': 6, 'affinity': 'nearest_neighbors', 'assign_labels': 'kmeans', 'random_state': 1011, 'n_neighbors': 100}",0.28836289627378126,1541.7261218333094,1.2207202962618593
SpectralClustering,"{'n_clusters': 6, 'affinity': 'nearest_neighbors', 'assign_labels': 'kmeans', 'random_state': 2022, 'n_neighbors': 100}",0.28849046477809387,1542.335553384218,1.2198338932502255
SpectralClustering,"{'n_clusters': 6, 'affinity': 'nearest_neighbors', 'assign_labels': 'kmeans', 'random_state': 3033, 'n_neighbors': 100}",0.28849046477809387,1542.3355533842184,1.2198338932502255
SpectralClustering,"{'n_clusters': 6, 'affinity': 'nearest_neighbors', 'assign_labels': 'kmeans', 'random_state': 4044, 'n_neighbors': 100}",0.28849046477809387,1542.3355533842184,1.2198338932502255
SpectralClustering,"{'n_clusters': 6, 'affinity': 'nearest_neighbors', 'assign_labels': 'kmeans', 'random_state': 5055, 'n_neighbors': 100}",0.287990983482362,1539.8504377198262,1.222313557696429
SpectralClustering,"{'n_clusters': 6, 'affinity': 'nearest_neighbors', 'assign_labels': 'kmeans', 'random_state': 6066, 'n_neighbors': 100}",0.28849046477809387,1542.3355533842184,1.2198338932502255
SpectralClustering,"{'n_clusters': 6, 'affinity': 'nearest_neighbors', 'assign_labels': 'discretize', 'random_state': 42, 'n_neighbors': 100}",0.2897011542104999,1537.0490930941862,1.202549708391515
SpectralClustering,"{'n_clusters': 6, 'affinity': 'nearest_neighbors', 'assign_labels': 'discretize', 'random_state': 123, 'n_neighbors': 100}",0.2897011542104999,1537.0490930941858,1.2025497083915149
SpectralClustering,"{'n_clusters': 6, 'affinity': 'nearest_neighbors', 'assign_labels': 'discretize', 'random_state': 456, 'n_neighbors': 100}",0.2897011542104999,1537.0490930941858,1.202549708391515
SpectralClustering,"{'n_clusters': 6, 'affinity': 'nearest_neighbors', 'assign_labels': 'discretize', 'random_state': 789, 'n_neighbors': 100}",0.2897011542104999,1537.0490930941862,1.202549708391515
SpectralClustering,"{'n_clusters': 6, 'affinity': 'nearest_neighbors', 'assign_labels': 'discretize', 'random_state': 1011, 'n_neighbors': 100}",0.2897011542104999,1537.0490930941858,1.2025497083915149
SpectralClustering,"{'n_clusters': 6, 'affinity': 'nearest_neighbors', 'assign_labels': 'discretize', 'random_state': 2022, 'n_neighbors': 100}",0.26982787420824356,1510.2939589455627,1.1973758123428913
SpectralClustering,"{'n_clusters': 6, 'affinity': 'nearest_neighbors', 'assign_labels': 'discretize', 'random_state': 3033, 'n_neighbors': 100}",0.2748911706121349,1532.7249887401458,1.152929595485218
SpectralClustering,"{'n_clusters': 6, 'affinity': 'nearest_neighbors', 'assign_labels': 'discretize', 'random_state': 4044, 'n_neighbors': 100}",0.28967390807578364,1537.5205356577546,1.2023097836790144
SpectralClustering,"{'n_clusters': 6, 'affinity': 'nearest_neighbors', 'assign_labels': 'discretize', 'random_state': 5055, 'n_neighbors': 100}",0.2897011542104999,1537.0490930941858,1.202549708391515
SpectralClustering,"{'n_clusters': 6, 'affinity': 'nearest_neighbors', 'assign_labels': 'discretize', 'random_state': 6066, 'n_neighbors': 100}",0.27484152772431514,1532.5186610473265,1.1561319346392975
SpectralClustering,"{'n_clusters': 6, 'affinity': 'nearest_neighbors', 'assign_labels': 'cluster_qr', 'random_state': 42, 'n_neighbors': 100}",0.2771016274836826,1525.0847152974668,1.1859129429523874
SpectralClustering,"{'n_clusters': 6, 'affinity': 'nearest_neighbors', 'assign_labels': 'cluster_qr', 'random_state': 123, 'n_neighbors': 100}",0.2771016274836826,1525.0847152974668,1.1859129429523874
SpectralClustering,"{'n_clusters': 6, 'affinity': 'nearest_neighbors', 'assign_labels': 'cluster_qr', 'random_state': 456, 'n_neighbors': 100}",0.2771016274836826,1525.0847152974668,1.1859129429523874
SpectralClustering,"{'n_clusters': 6, 'affinity': 'nearest_neighbors', 'assign_labels': 'cluster_qr', 'random_state': 789, 'n_neighbors': 100}",0.2771016274836826,1525.0847152974668,1.1859129429523874
SpectralClustering,"{'n_clusters': 6, 'affinity': 'nearest_neighbors', 'assign_labels': 'cluster_qr', 'random_state': 1011, 'n_neighbors': 100}",0.2771016274836826,1525.0847152974668,1.1859129429523874
SpectralClustering,"{'n_clusters': 6, 'affinity': 'nearest_neighbors', 'assign_labels': 'cluster_qr', 'random_state': 2022, 'n_neighbors': 100}",0.2771016274836826,1525.0847152974668,1.1859129429523874
SpectralClustering,"{'n_clusters': 6, 'affinity': 'nearest_neighbors', 'assign_labels': 'cluster_qr', 'random_state': 3033, 'n_neighbors': 100}",0.2771016274836826,1525.0847152974668,1.1859129429523874
SpectralClustering,"{'n_clusters': 6, 'affinity': 'nearest_neighbors', 'assign_labels': 'cluster_qr', 'random_state': 4044, 'n_neighbors': 100}",0.2771016274836826,1525.0847152974668,1.1859129429523874
SpectralClustering,"{'n_clusters': 6, 'affinity': 'nearest_neighbors', 'assign_labels': 'cluster_qr', 'random_state': 5055, 'n_neighbors': 100}",0.2771016274836826,1525.0847152974668,1.1859129429523874
SpectralClustering,"{'n_clusters': 6, 'affinity': 'nearest_neighbors', 'assign_labels': 'cluster_qr', 'random_state': 6066, 'n_neighbors': 100}",0.2771016274836826,1525.0847152974668,1.1859129429523874
SpectralClustering,"{'n_clusters': 6, 'affinity': 'polynomial', 'assign_labels': 'kmeans', 'random_state': 42}",0.04318836875389086,275.1009814878691,1.357238031560125
SpectralClustering,"{'n_clusters': 6, 'affinity': 'polynomial', 'assign_labels': 'kmeans', 'random_state': 123}",0.042782605938305865,275.0224536075805,1.3624717840922542
SpectralClustering,"{'n_clusters': 6, 'affinity': 'polynomial', 'assign_labels': 'kmeans', 'random_state': 456}",0.04318836875389086,275.1009814878691,1.3572380315601247
SpectralClustering,"{'n_clusters': 6, 'affinity': 'polynomial', 'assign_labels': 'kmeans', 'random_state': 789}",0.042782605938305865,275.0224536075805,1.3624717840922544
SpectralClustering,"{'n_clusters': 6, 'affinity': 'polynomial', 'assign_labels': 'kmeans', 'random_state': 1011}",0.042782605938305865,275.0224536075805,1.3624717840922542
SpectralClustering,"{'n_clusters': 6, 'affinity': 'polynomial', 'assign_labels': 'kmeans', 'random_state': 2022}",0.04318836875389086,275.1009814878691,1.3572380315601247
SpectralClustering,"{'n_clusters': 6, 'affinity': 'polynomial', 'assign_labels': 'kmeans', 'random_state': 3033}",0.042782605938305865,275.0224536075804,1.3624717840922542
SpectralClustering,"{'n_clusters': 6, 'affinity': 'polynomial', 'assign_labels': 'kmeans', 'random_state': 4044}",0.042782605938305865,275.0224536075805,1.3624717840922542
SpectralClustering,"{'n_clusters': 6, 'affinity': 'polynomial', 'assign_labels': 'kmeans', 'random_state': 5055}",0.042782605938305865,275.0224536075804,1.3624717840922542
SpectralClustering,"{'n_clusters': 6, 'affinity': 'polynomial', 'assign_labels': 'kmeans', 'random_state': 6066}",0.042782605938305865,275.0224536075805,1.3624717840922542
SpectralClustering,"{'n_clusters': 6, 'affinity': 'polynomial', 'assign_labels': 'discretize', 'random_state': 42}",0.24081265994331869,1141.8010848563522,1.200162393947098
SpectralClustering,"{'n_clusters': 6, 'affinity': 'polynomial', 'assign_labels': 'discretize', 'random_state': 123}",0.23517574056308196,1169.3086727032514,1.1817853285781983
SpectralClustering,"{'n_clusters': 6, 'affinity': 'polynomial', 'assign_labels': 'discretize', 'random_state': 456}",0.23433831801878377,1160.831297788898,1.1628235547203312
SpectralClustering,"{'n_clusters': 6, 'affinity': 'polynomial', 'assign_labels': 'discretize', 'random_state': 789}",0.23430890971360163,1162.6395383912622,1.165579987751214
SpectralClustering,"{'n_clusters': 6, 'affinity': 'polynomial', 'assign_labels': 'discretize', 'random_state': 1011}",0.236508831157098,1161.0434698355427,1.1523360083923277
SpectralClustering,"{'n_clusters': 6, 'affinity': 'polynomial', 'assign_labels': 'discretize', 'random_state': 2022}",0.23433831801878377,1160.831297788898,1.1628235547203312
SpectralClustering,"{'n_clusters': 6, 'affinity': 'polynomial', 'assign_labels': 'discretize', 'random_state': 3033}",0.11352726771034607,522.3801405905759,1.1957762357579276
SpectralClustering,"{'n_clusters': 6, 'affinity': 'polynomial', 'assign_labels': 'discretize', 'random_state': 4044}",0.20866085471725038,1118.1071840972145,1.2568386181186222
SpectralClustering,"{'n_clusters': 6, 'affinity': 'polynomial', 'assign_labels': 'discretize', 'random_state': 5055}",0.23417823819305625,1167.8657572227207,1.183276185221067
SpectralClustering,"{'n_clusters': 6, 'affinity': 'polynomial', 'assign_labels': 'discretize', 'random_state': 6066}",0.235550047141038,1158.5436084528753,1.1567678532318748
SpectralClustering,"{'n_clusters': 6, 'affinity': 'polynomial', 'assign_labels': 'cluster_qr', 'random_state': 42}",0.23289442325436566,1214.851904806067,1.2870562138066206
SpectralClustering,"{'n_clusters': 6, 'affinity': 'polynomial', 'assign_labels': 'cluster_qr', 'random_state': 123}",0.23289442325436566,1214.851904806067,1.2870562138066206
SpectralClustering,"{'n_clusters': 6, 'affinity': 'polynomial', 'assign_labels': 'cluster_qr', 'random_state': 456}",0.23289442325436566,1214.851904806067,1.2870562138066206
SpectralClustering,"{'n_clusters': 6, 'affinity': 'polynomial', 'assign_labels': 'cluster_qr', 'random_state': 789}",0.23289442325436566,1214.851904806067,1.2870562138066206
SpectralClustering,"{'n_clusters': 6, 'affinity': 'polynomial', 'assign_labels': 'cluster_qr', 'random_state': 1011}",0.23289442325436566,1214.851904806067,1.2870562138066206
SpectralClustering,"{'n_clusters': 6, 'affinity': 'polynomial', 'assign_labels': 'cluster_qr', 'random_state': 2022}",0.23289442325436566,1214.851904806067,1.2870562138066206
SpectralClustering,"{'n_clusters': 6, 'affinity': 'polynomial', 'assign_labels': 'cluster_qr', 'random_state': 3033}",0.23289442325436566,1214.851904806067,1.2870562138066206
SpectralClustering,"{'n_clusters': 6, 'affinity': 'polynomial', 'assign_labels': 'cluster_qr', 'random_state': 4044}",0.23289442325436566,1214.851904806067,1.2870562138066206
SpectralClustering,"{'n_clusters': 6, 'affinity': 'polynomial', 'assign_labels': 'cluster_qr', 'random_state': 5055}",0.23289442325436566,1214.851904806067,1.2870562138066206
SpectralClustering,"{'n_clusters': 6, 'affinity': 'polynomial', 'assign_labels': 'cluster_qr', 'random_state': 6066}",0.23289442325436566,1214.851904806067,1.2870562138066206
SpectralClustering,"{'n_clusters': 6, 'affinity': 'poly', 'assign_labels': 'kmeans', 'random_state': 42}",0.04318836875389086,275.1009814878691,1.357238031560125
SpectralClustering,"{'n_clusters': 6, 'affinity': 'poly', 'assign_labels': 'kmeans', 'random_state': 123}",0.042782605938305865,275.0224536075805,1.3624717840922542
SpectralClustering,"{'n_clusters': 6, 'affinity': 'poly', 'assign_labels': 'kmeans', 'random_state': 456}",0.04318836875389086,275.1009814878691,1.3572380315601247
SpectralClustering,"{'n_clusters': 6, 'affinity': 'poly', 'assign_labels': 'kmeans', 'random_state': 789}",0.042782605938305865,275.0224536075805,1.3624717840922544
SpectralClustering,"{'n_clusters': 6, 'affinity': 'poly', 'assign_labels': 'kmeans', 'random_state': 1011}",0.042782605938305865,275.0224536075805,1.3624717840922542
SpectralClustering,"{'n_clusters': 6, 'affinity': 'poly', 'assign_labels': 'kmeans', 'random_state': 2022}",0.04318836875389086,275.1009814878691,1.3572380315601247
SpectralClustering,"{'n_clusters': 6, 'affinity': 'poly', 'assign_labels': 'kmeans', 'random_state': 3033}",0.042782605938305865,275.0224536075804,1.3624717840922542
SpectralClustering,"{'n_clusters': 6, 'affinity': 'poly', 'assign_labels': 'kmeans', 'random_state': 4044}",0.042782605938305865,275.0224536075805,1.3624717840922542
SpectralClustering,"{'n_clusters': 6, 'affinity': 'poly', 'assign_labels': 'kmeans', 'random_state': 5055}",0.042782605938305865,275.0224536075804,1.3624717840922542
SpectralClustering,"{'n_clusters': 6, 'affinity': 'poly', 'assign_labels': 'kmeans', 'random_state': 6066}",0.042782605938305865,275.0224536075805,1.3624717840922542
SpectralClustering,"{'n_clusters': 6, 'affinity': 'poly', 'assign_labels': 'discretize', 'random_state': 42}",0.24081265994331869,1141.8010848563522,1.200162393947098
SpectralClustering,"{'n_clusters': 6, 'affinity': 'poly', 'assign_labels': 'discretize', 'random_state': 123}",0.23517574056308196,1169.3086727032514,1.1817853285781983
SpectralClustering,"{'n_clusters': 6, 'affinity': 'poly', 'assign_labels': 'discretize', 'random_state': 456}",0.23433831801878377,1160.831297788898,1.1628235547203312
SpectralClustering,"{'n_clusters': 6, 'affinity': 'poly', 'assign_labels': 'discretize', 'random_state': 789}",0.23430890971360163,1162.6395383912622,1.165579987751214
SpectralClustering,"{'n_clusters': 6, 'affinity': 'poly', 'assign_labels': 'discretize', 'random_state': 1011}",0.236508831157098,1161.0434698355427,1.1523360083923277
SpectralClustering,"{'n_clusters': 6, 'affinity': 'poly', 'assign_labels': 'discretize', 'random_state': 2022}",0.23433831801878377,1160.831297788898,1.1628235547203312
SpectralClustering,"{'n_clusters': 6, 'affinity': 'poly', 'assign_labels': 'discretize', 'random_state': 3033}",0.11352726771034607,522.3801405905759,1.1957762357579276
SpectralClustering,"{'n_clusters': 6, 'affinity': 'poly', 'assign_labels': 'discretize', 'random_state': 4044}",0.20866085471725038,1118.1071840972145,1.2568386181186222
SpectralClustering,"{'n_clusters': 6, 'affinity': 'poly', 'assign_labels': 'discretize', 'random_state': 5055}",0.23417823819305625,1167.8657572227207,1.183276185221067
SpectralClustering,"{'n_clusters': 6, 'affinity': 'poly', 'assign_labels': 'discretize', 'random_state': 6066}",0.235550047141038,1158.5436084528753,1.1567678532318748
SpectralClustering,"{'n_clusters': 6, 'affinity': 'poly', 'assign_labels': 'cluster_qr', 'random_state': 42}",0.23289442325436566,1214.851904806067,1.2870562138066206
SpectralClustering,"{'n_clusters': 6, 'affinity': 'poly', 'assign_labels': 'cluster_qr', 'random_state': 123}",0.23289442325436566,1214.851904806067,1.2870562138066206
SpectralClustering,"{'n_clusters': 6, 'affinity': 'poly', 'assign_labels': 'cluster_qr', 'random_state': 456}",0.23289442325436566,1214.851904806067,1.2870562138066206
SpectralClustering,"{'n_clusters': 6, 'affinity': 'poly', 'assign_labels': 'cluster_qr', 'random_state': 789}",0.23289442325436566,1214.851904806067,1.2870562138066206
SpectralClustering,"{'n_clusters': 6, 'affinity': 'poly', 'assign_labels': 'cluster_qr', 'random_state': 1011}",0.23289442325436566,1214.851904806067,1.2870562138066206
SpectralClustering,"{'n_clusters': 6, 'affinity': 'poly', 'assign_labels': 'cluster_qr', 'random_state': 2022}",0.23289442325436566,1214.851904806067,1.2870562138066206
SpectralClustering,"{'n_clusters': 6, 'affinity': 'poly', 'assign_labels': 'cluster_qr', 'random_state': 3033}",0.23289442325436566,1214.851904806067,1.2870562138066206
SpectralClustering,"{'n_clusters': 6, 'affinity': 'poly', 'assign_labels': 'cluster_qr', 'random_state': 4044}",0.23289442325436566,1214.851904806067,1.2870562138066206
SpectralClustering,"{'n_clusters': 6, 'affinity': 'poly', 'assign_labels': 'cluster_qr', 'random_state': 5055}",0.23289442325436566,1214.851904806067,1.2870562138066206
SpectralClustering,"{'n_clusters': 6, 'affinity': 'poly', 'assign_labels': 'cluster_qr', 'random_state': 6066}",0.23289442325436566,1214.851904806067,1.2870562138066206
SpectralClustering,"{'n_clusters': 6, 'affinity': 'sigmoid', 'assign_labels': 'kmeans', 'random_state': 42}",0.112301639753118,406.2964512147792,2.80990270198896
SpectralClustering,"{'n_clusters': 6, 'affinity': 'sigmoid', 'assign_labels': 'kmeans', 'random_state': 123}",0.12620097118512894,418.054261655541,2.6117650475405094
SpectralClustering,"{'n_clusters': 6, 'affinity': 'sigmoid', 'assign_labels': 'kmeans', 'random_state': 456}",0.11121084583069747,405.61171647379615,2.8092425876111413
SpectralClustering,"{'n_clusters': 6, 'affinity': 'sigmoid', 'assign_labels': 'kmeans', 'random_state': 789}",0.12270138705181662,420.19519595921463,2.880166180080733
SpectralClustering,"{'n_clusters': 6, 'affinity': 'sigmoid', 'assign_labels': 'kmeans', 'random_state': 1011}",0.11836626315641664,407.0232992937177,2.769953155696925
SpectralClustering,"{'n_clusters': 6, 'affinity': 'sigmoid', 'assign_labels': 'kmeans', 'random_state': 2022}",0.11819558051876909,406.6544937245711,2.7786207486215635
SpectralClustering,"{'n_clusters': 6, 'affinity': 'sigmoid', 'assign_labels': 'kmeans', 'random_state': 3033}",0.11114159720349766,405.8128769334543,2.7832153157066197
SpectralClustering,"{'n_clusters': 6, 'affinity': 'sigmoid', 'assign_labels': 'kmeans', 'random_state': 4044}",0.12889816001456994,425.7586292225817,2.7496872271229087
SpectralClustering,"{'n_clusters': 6, 'affinity': 'sigmoid', 'assign_labels': 'kmeans', 'random_state': 5055}",0.13039231744130886,460.02206562599497,2.689564747939725
SpectralClustering,"{'n_clusters': 6, 'affinity': 'sigmoid', 'assign_labels': 'kmeans', 'random_state': 6066}",0.11803361071951059,405.7630326240923,2.768196690320224
SpectralClustering,"{'n_clusters': 6, 'affinity': 'sigmoid', 'assign_labels': 'discretize', 'random_state': 42}",0.12178679642757367,401.4254269055259,2.423532064256236
SpectralClustering,"{'n_clusters': 6, 'affinity': 'sigmoid', 'assign_labels': 'discretize', 'random_state': 123}",0.11319821839757446,432.2841153120779,2.257024217635084
SpectralClustering,"{'n_clusters': 6, 'affinity': 'sigmoid', 'assign_labels': 'discretize', 'random_state': 456}",0.12322542855416073,408.2010265094232,2.6547962180513327
SpectralClustering,"{'n_clusters': 6, 'affinity': 'sigmoid', 'assign_labels': 'discretize', 'random_state': 789}",0.0721293918679936,327.04974653786275,2.258156201216874
SpectralClustering,"{'n_clusters': 6, 'affinity': 'sigmoid', 'assign_labels': 'discretize', 'random_state': 1011}",0.12402127748388056,405.78106324047144,2.42759559378036
SpectralClustering,"{'n_clusters': 6, 'affinity': 'sigmoid', 'assign_labels': 'discretize', 'random_state': 2022}",0.09644638103125044,390.661075299444,2.6652581594080336
SpectralClustering,"{'n_clusters': 6, 'affinity': 'sigmoid', 'assign_labels': 'discretize', 'random_state': 3033}",0.06816728540231985,327.57764040089364,2.21859314215296
SpectralClustering,"{'n_clusters': 6, 'affinity': 'sigmoid', 'assign_labels': 'discretize', 'random_state': 4044}",0.12177749507761354,399.8076368748275,2.44903242227519
SpectralClustering,"{'n_clusters': 6, 'affinity': 'sigmoid', 'assign_labels': 'discretize', 'random_state': 5055}",0.12262156621290314,407.60916857360195,2.454840895169571
SpectralClustering,"{'n_clusters': 6, 'affinity': 'sigmoid', 'assign_labels': 'discretize', 'random_state': 6066}",0.06578970535401045,398.32088509563056,1.4953003183147893
SpectralClustering,"{'n_clusters': 6, 'affinity': 'sigmoid', 'assign_labels': 'cluster_qr', 'random_state': 42}",0.02552248230936655,262.4462541836891,2.8595015628784366
SpectralClustering,"{'n_clusters': 6, 'affinity': 'sigmoid', 'assign_labels': 'cluster_qr', 'random_state': 123}",0.02552248230936655,262.4462541836891,2.8595015628784366
SpectralClustering,"{'n_clusters': 6, 'affinity': 'sigmoid', 'assign_labels': 'cluster_qr', 'random_state': 456}",0.02552248230936655,262.4462541836891,2.8595015628784366
SpectralClustering,"{'n_clusters': 6, 'affinity': 'sigmoid', 'assign_labels': 'cluster_qr', 'random_state': 789}",0.02552248230936655,262.4462541836891,2.8595015628784366
SpectralClustering,"{'n_clusters': 6, 'affinity': 'sigmoid', 'assign_labels': 'cluster_qr', 'random_state': 1011}",0.02552248230936655,262.4462541836891,2.8595015628784366
SpectralClustering,"{'n_clusters': 6, 'affinity': 'sigmoid', 'assign_labels': 'cluster_qr', 'random_state': 2022}",0.02552248230936655,262.4462541836891,2.8595015628784366
SpectralClustering,"{'n_clusters': 6, 'affinity': 'sigmoid', 'assign_labels': 'cluster_qr', 'random_state': 3033}",0.02552248230936655,262.4462541836891,2.8595015628784366
SpectralClustering,"{'n_clusters': 6, 'affinity': 'sigmoid', 'assign_labels': 'cluster_qr', 'random_state': 4044}",0.02552248230936655,262.4462541836891,2.8595015628784366
SpectralClustering,"{'n_clusters': 6, 'affinity': 'sigmoid', 'assign_labels': 'cluster_qr', 'random_state': 5055}",0.02552248230936655,262.4462541836891,2.8595015628784366
SpectralClustering,"{'n_clusters': 6, 'affinity': 'sigmoid', 'assign_labels': 'cluster_qr', 'random_state': 6066}",0.02552248230936655,262.4462541836891,2.8595015628784366
SpectralClustering,"{'n_clusters': 7, 'affinity': 'rbf', 'assign_labels': 'kmeans', 'random_state': 42}",0.30912938015940294,427.53998711601884,1.049946589237566
SpectralClustering,"{'n_clusters': 7, 'affinity': 'rbf', 'assign_labels': 'kmeans', 'random_state': 123}",0.3092420691596834,428.48351341242915,1.0507664643164225
SpectralClustering,"{'n_clusters': 7, 'affinity': 'rbf', 'assign_labels': 'kmeans', 'random_state': 456}",0.3092420691596834,428.48351341242903,1.0507664643164225
SpectralClustering,"{'n_clusters': 7, 'affinity': 'rbf', 'assign_labels': 'kmeans', 'random_state': 789}",0.30912938015940294,427.53998711601884,1.049946589237566
SpectralClustering,"{'n_clusters': 7, 'affinity': 'rbf', 'assign_labels': 'kmeans', 'random_state': 1011}",0.3092420691596834,428.48351341242903,1.0507664643164225
SpectralClustering,"{'n_clusters': 7, 'affinity': 'rbf', 'assign_labels': 'kmeans', 'random_state': 2022}",0.33254391494936686,744.5732486177875,0.9576465188646875
SpectralClustering,"{'n_clusters': 7, 'affinity': 'rbf', 'assign_labels': 'kmeans', 'random_state': 3033}",0.2999263230031714,442.45433609284225,1.0567774572492026
SpectralClustering,"{'n_clusters': 7, 'affinity': 'rbf', 'assign_labels': 'kmeans', 'random_state': 4044}",0.3092420691596834,428.48351341242903,1.0507664643164225
SpectralClustering,"{'n_clusters': 7, 'affinity': 'rbf', 'assign_labels': 'kmeans', 'random_state': 5055}",0.3092420691596834,428.48351341242903,1.0507664643164225
SpectralClustering,"{'n_clusters': 7, 'affinity': 'rbf', 'assign_labels': 'kmeans', 'random_state': 6066}",0.3000609784716898,443.4229129761899,1.057597153312462
SpectralClustering,"{'n_clusters': 7, 'affinity': 'rbf', 'assign_labels': 'discretize', 'random_state': 42}",0.2823073693729526,1362.3409976527366,1.1211186391102852
SpectralClustering,"{'n_clusters': 7, 'affinity': 'rbf', 'assign_labels': 'discretize', 'random_state': 123}",0.2823073693729526,1362.3409976527364,1.121118639110285
SpectralClustering,"{'n_clusters': 7, 'affinity': 'rbf', 'assign_labels': 'discretize', 'random_state': 456}",0.2823945236392068,1362.3926172888,1.1212457789361443
SpectralClustering,"{'n_clusters': 7, 'affinity': 'rbf', 'assign_labels': 'discretize', 'random_state': 789}",0.28255716356581567,1364.315966227592,1.1213160804498745
SpectralClustering,"{'n_clusters': 7, 'affinity': 'rbf', 'assign_labels': 'discretize', 'random_state': 1011}",0.2827244543626905,1367.3209560616322,1.1240704957153633
SpectralClustering,"{'n_clusters': 7, 'affinity': 'rbf', 'assign_labels': 'discretize', 'random_state': 2022}",0.2823945236392068,1362.3926172887998,1.1212457789361443
SpectralClustering,"{'n_clusters': 7, 'affinity': 'rbf', 'assign_labels': 'discretize', 'random_state': 3033}",0.2823945236392068,1362.3926172888005,1.121245778936144
SpectralClustering,"{'n_clusters': 7, 'affinity': 'rbf', 'assign_labels': 'discretize', 'random_state': 4044}",0.2828104960116336,1367.3743743531713,1.1241945134023796
SpectralClustering,"{'n_clusters': 7, 'affinity': 'rbf', 'assign_labels': 'discretize', 'random_state': 5055}",0.28261333859599663,1364.662862533713,1.1214919938874253
SpectralClustering,"{'n_clusters': 7, 'affinity': 'rbf', 'assign_labels': 'discretize', 'random_state': 6066}",0.2823945236392068,1362.3926172888,1.121245778936144
SpectralClustering,"{'n_clusters': 7, 'affinity': 'rbf', 'assign_labels': 'cluster_qr', 'random_state': 42}",0.2869591240042145,1303.5912353367075,1.4923669032443931
SpectralClustering,"{'n_clusters': 7, 'affinity': 'rbf', 'assign_labels': 'cluster_qr', 'random_state': 123}",0.2869591240042145,1303.5912353367075,1.4923669032443931
SpectralClustering,"{'n_clusters': 7, 'affinity': 'rbf', 'assign_labels': 'cluster_qr', 'random_state': 456}",0.2869591240042145,1303.5912353367075,1.4923669032443931
SpectralClustering,"{'n_clusters': 7, 'affinity': 'rbf', 'assign_labels': 'cluster_qr', 'random_state': 789}",0.2869591240042145,1303.5912353367075,1.4923669032443931
SpectralClustering,"{'n_clusters': 7, 'affinity': 'rbf', 'assign_labels': 'cluster_qr', 'random_state': 1011}",0.2869591240042145,1303.5912353367075,1.4923669032443931
SpectralClustering,"{'n_clusters': 7, 'affinity': 'rbf', 'assign_labels': 'cluster_qr', 'random_state': 2022}",0.2869591240042145,1303.5912353367075,1.4923669032443931
SpectralClustering,"{'n_clusters': 7, 'affinity': 'rbf', 'assign_labels': 'cluster_qr', 'random_state': 3033}",0.2869591240042145,1303.5912353367075,1.4923669032443931
SpectralClustering,"{'n_clusters': 7, 'affinity': 'rbf', 'assign_labels': 'cluster_qr', 'random_state': 4044}",0.2869591240042145,1303.5912353367075,1.4923669032443931
SpectralClustering,"{'n_clusters': 7, 'affinity': 'rbf', 'assign_labels': 'cluster_qr', 'random_state': 5055}",0.2869591240042145,1303.5912353367075,1.4923669032443931
SpectralClustering,"{'n_clusters': 7, 'affinity': 'rbf', 'assign_labels': 'cluster_qr', 'random_state': 6066}",0.2869591240042145,1303.5912353367075,1.4923669032443931
SpectralClustering,"{'n_clusters': 7, 'affinity': 'nearest_neighbors', 'assign_labels': 'kmeans', 'random_state': 42, 'n_neighbors': 5}",0.2477892656149124,1239.4224501448302,1.1724481417121293
SpectralClustering,"{'n_clusters': 7, 'affinity': 'nearest_neighbors', 'assign_labels': 'kmeans', 'random_state': 123, 'n_neighbors': 5}",0.2531681892738885,1293.513368781665,1.1595289445810404
SpectralClustering,"{'n_clusters': 7, 'affinity': 'nearest_neighbors', 'assign_labels': 'kmeans', 'random_state': 456, 'n_neighbors': 5}",0.2476531448089081,1229.0384252809608,1.1740365327965019
SpectralClustering,"{'n_clusters': 7, 'affinity': 'nearest_neighbors', 'assign_labels': 'kmeans', 'random_state': 789, 'n_neighbors': 5}",0.2476531448089081,1229.0384252809606,1.1740365327965019
SpectralClustering,"{'n_clusters': 7, 'affinity': 'nearest_neighbors', 'assign_labels': 'kmeans', 'random_state': 1011, 'n_neighbors': 5}",0.2476916529956674,1230.0489535385034,1.1733209322952078
SpectralClustering,"{'n_clusters': 7, 'affinity': 'nearest_neighbors', 'assign_labels': 'kmeans', 'random_state': 2022, 'n_neighbors': 5}",0.2476531448089081,1229.0384252809606,1.1740365327965019
SpectralClustering,"{'n_clusters': 7, 'affinity': 'nearest_neighbors', 'assign_labels': 'kmeans', 'random_state': 3033, 'n_neighbors': 5}",0.2513249407340789,1279.3311666114448,1.1542813789723672
SpectralClustering,"{'n_clusters': 7, 'affinity': 'nearest_neighbors', 'assign_labels': 'kmeans', 'random_state': 4044, 'n_neighbors': 5}",0.24593979017569154,1223.6944258016313,1.1770749171154542
SpectralClustering,"{'n_clusters': 7, 'affinity': 'nearest_neighbors', 'assign_labels': 'kmeans', 'random_state': 5055, 'n_neighbors': 5}",0.2476531448089081,1229.0384252809606,1.1740365327965019
SpectralClustering,"{'n_clusters': 7, 'affinity': 'nearest_neighbors', 'assign_labels': 'kmeans', 'random_state': 6066, 'n_neighbors': 5}",0.2476531448089081,1229.0384252809608,1.1740365327965019
SpectralClustering,"{'n_clusters': 7, 'affinity': 'nearest_neighbors', 'assign_labels': 'discretize', 'random_state': 42, 'n_neighbors': 5}",0.2503987072063783,1280.2881057606342,1.266822058853394
SpectralClustering,"{'n_clusters': 7, 'affinity': 'nearest_neighbors', 'assign_labels': 'discretize', 'random_state': 123, 'n_neighbors': 5}",0.24752217109297683,1288.3814399607625,1.2416478983727
SpectralClustering,"{'n_clusters': 7, 'affinity': 'nearest_neighbors', 'assign_labels': 'discretize', 'random_state': 456, 'n_neighbors': 5}",0.25027198240891885,1278.3925049954787,1.2659686009211415
SpectralClustering,"{'n_clusters': 7, 'affinity': 'nearest_neighbors', 'assign_labels': 'discretize', 'random_state': 789, 'n_neighbors': 5}",0.24752217109297683,1288.381439960762,1.2416478983727004
SpectralClustering,"{'n_clusters': 7, 'affinity': 'nearest_neighbors', 'assign_labels': 'discretize', 'random_state': 1011, 'n_neighbors': 5}",0.24752217109297683,1288.3814399607625,1.2416478983727
SpectralClustering,"{'n_clusters': 7, 'affinity': 'nearest_neighbors', 'assign_labels': 'discretize', 'random_state': 2022, 'n_neighbors': 5}",0.24752217109297683,1288.3814399607622,1.2416478983727004
SpectralClustering,"{'n_clusters': 7, 'affinity': 'nearest_neighbors', 'assign_labels': 'discretize', 'random_state': 3033, 'n_neighbors': 5}",0.25020552040494104,1277.6069388298401,1.266252317074985
SpectralClustering,"{'n_clusters': 7, 'affinity': 'nearest_neighbors', 'assign_labels': 'discretize', 'random_state': 4044, 'n_neighbors': 5}",0.25027198240891885,1278.392504995479,1.2659686009211415
SpectralClustering,"{'n_clusters': 7, 'affinity': 'nearest_neighbors', 'assign_labels': 'discretize', 'random_state': 5055, 'n_neighbors': 5}",0.24752217109297683,1288.3814399607625,1.2416478983727004
SpectralClustering,"{'n_clusters': 7, 'affinity': 'nearest_neighbors', 'assign_labels': 'discretize', 'random_state': 6066, 'n_neighbors': 5}",0.2508075757505459,1281.3923390122266,1.2613861191425255
SpectralClustering,"{'n_clusters': 7, 'affinity': 'nearest_neighbors', 'assign_labels': 'cluster_qr', 'random_state': 42, 'n_neighbors': 5}",0.23676262216334418,1260.7119315043371,1.3896426405683207
SpectralClustering,"{'n_clusters': 7, 'affinity': 'nearest_neighbors', 'assign_labels': 'cluster_qr', 'random_state': 123, 'n_neighbors': 5}",0.23676262216334418,1260.7119315043371,1.3896426405683207
SpectralClustering,"{'n_clusters': 7, 'affinity': 'nearest_neighbors', 'assign_labels': 'cluster_qr', 'random_state': 456, 'n_neighbors': 5}",0.23676262216334418,1260.7119315043371,1.3896426405683207
SpectralClustering,"{'n_clusters': 7, 'affinity': 'nearest_neighbors', 'assign_labels': 'cluster_qr', 'random_state': 789, 'n_neighbors': 5}",0.23676262216334418,1260.7119315043371,1.3896426405683207
SpectralClustering,"{'n_clusters': 7, 'affinity': 'nearest_neighbors', 'assign_labels': 'cluster_qr', 'random_state': 1011, 'n_neighbors': 5}",0.23676262216334418,1260.7119315043371,1.3896426405683207
SpectralClustering,"{'n_clusters': 7, 'affinity': 'nearest_neighbors', 'assign_labels': 'cluster_qr', 'random_state': 2022, 'n_neighbors': 5}",0.23676262216334418,1260.7119315043371,1.3896426405683207
SpectralClustering,"{'n_clusters': 7, 'affinity': 'nearest_neighbors', 'assign_labels': 'cluster_qr', 'random_state': 3033, 'n_neighbors': 5}",0.23676262216334418,1260.7119315043371,1.3896426405683207
SpectralClustering,"{'n_clusters': 7, 'affinity': 'nearest_neighbors', 'assign_labels': 'cluster_qr', 'random_state': 4044, 'n_neighbors': 5}",0.23676262216334418,1260.7119315043371,1.3896426405683207
SpectralClustering,"{'n_clusters': 7, 'affinity': 'nearest_neighbors', 'assign_labels': 'cluster_qr', 'random_state': 5055, 'n_neighbors': 5}",0.23676262216334418,1260.7119315043371,1.3896426405683207
SpectralClustering,"{'n_clusters': 7, 'affinity': 'nearest_neighbors', 'assign_labels': 'cluster_qr', 'random_state': 6066, 'n_neighbors': 5}",0.23676262216334418,1260.7119315043371,1.3896426405683207
SpectralClustering,"{'n_clusters': 7, 'affinity': 'nearest_neighbors', 'assign_labels': 'kmeans', 'random_state': 42, 'n_neighbors': 10}",0.24550268238676654,1441.8913908580157,1.3100926210545596
SpectralClustering,"{'n_clusters': 7, 'affinity': 'nearest_neighbors', 'assign_labels': 'kmeans', 'random_state': 123, 'n_neighbors': 10}",0.24550268238676654,1441.8913908580157,1.3100926210545596
SpectralClustering,"{'n_clusters': 7, 'affinity': 'nearest_neighbors', 'assign_labels': 'kmeans', 'random_state': 456, 'n_neighbors': 10}",0.24550268238676654,1441.891390858016,1.3100926210545596
SpectralClustering,"{'n_clusters': 7, 'affinity': 'nearest_neighbors', 'assign_labels': 'kmeans', 'random_state': 789, 'n_neighbors': 10}",0.24551504111143008,1441.7231841341413,1.310330899835779
SpectralClustering,"{'n_clusters': 7, 'affinity': 'nearest_neighbors', 'assign_labels': 'kmeans', 'random_state': 1011, 'n_neighbors': 10}",0.24550268238676654,1441.8913908580157,1.3100926210545598
SpectralClustering,"{'n_clusters': 7, 'affinity': 'nearest_neighbors', 'assign_labels': 'kmeans', 'random_state': 2022, 'n_neighbors': 10}",0.24550268238676654,1441.8913908580157,1.3100926210545596
SpectralClustering,"{'n_clusters': 7, 'affinity': 'nearest_neighbors', 'assign_labels': 'kmeans', 'random_state': 3033, 'n_neighbors': 10}",0.24550268238676654,1441.8913908580157,1.3100926210545596
SpectralClustering,"{'n_clusters': 7, 'affinity': 'nearest_neighbors', 'assign_labels': 'kmeans', 'random_state': 4044, 'n_neighbors': 10}",0.2448488161992818,1439.817763077443,1.3112934653416843
SpectralClustering,"{'n_clusters': 7, 'affinity': 'nearest_neighbors', 'assign_labels': 'kmeans', 'random_state': 5055, 'n_neighbors': 10}",0.24494105310413208,1439.975280654758,1.3112077615295357
SpectralClustering,"{'n_clusters': 7, 'affinity': 'nearest_neighbors', 'assign_labels': 'kmeans', 'random_state': 6066, 'n_neighbors': 10}",0.24550268238676654,1441.891390858016,1.3100926210545596
SpectralClustering,"{'n_clusters': 7, 'affinity': 'nearest_neighbors', 'assign_labels': 'discretize', 'random_state': 42, 'n_neighbors': 10}",0.2513713612946895,1411.6319815074355,1.2861030608203488
SpectralClustering,"{'n_clusters': 7, 'affinity': 'nearest_neighbors', 'assign_labels': 'discretize', 'random_state': 123, 'n_neighbors': 10}",0.250408940992377,1405.8912175366538,1.2847040745155296
SpectralClustering,"{'n_clusters': 7, 'affinity': 'nearest_neighbors', 'assign_labels': 'discretize', 'random_state': 456, 'n_neighbors': 10}",0.250307084169258,1405.4893773266144,1.2851404769697452
SpectralClustering,"{'n_clusters': 7, 'affinity': 'nearest_neighbors', 'assign_labels': 'discretize', 'random_state': 789, 'n_neighbors': 10}",0.250408940992377,1405.8912175366536,1.2847040745155296
SpectralClustering,"{'n_clusters': 7, 'affinity': 'nearest_neighbors', 'assign_labels': 'discretize', 'random_state': 1011, 'n_neighbors': 10}",0.2513713612946895,1411.631981507436,1.2861030608203488
SpectralClustering,"{'n_clusters': 7, 'affinity': 'nearest_neighbors', 'assign_labels': 'discretize', 'random_state': 2022, 'n_neighbors': 10}",0.250307084169258,1405.4893773266144,1.2851404769697452
SpectralClustering,"{'n_clusters': 7, 'affinity': 'nearest_neighbors', 'assign_labels': 'discretize', 'random_state': 3033, 'n_neighbors': 10}",0.2513713612946895,1411.631981507435,1.2861030608203488
SpectralClustering,"{'n_clusters': 7, 'affinity': 'nearest_neighbors', 'assign_labels': 'discretize', 'random_state': 4044, 'n_neighbors': 10}",0.250408940992377,1405.8912175366534,1.2847040745155296
SpectralClustering,"{'n_clusters': 7, 'affinity': 'nearest_neighbors', 'assign_labels': 'discretize', 'random_state': 5055, 'n_neighbors': 10}",0.2512245283304429,1410.9313672996516,1.2868318651022608
SpectralClustering,"{'n_clusters': 7, 'affinity': 'nearest_neighbors', 'assign_labels': 'discretize', 'random_state': 6066, 'n_neighbors': 10}",0.24988678898219652,1404.8150866515641,1.2871265527159026
SpectralClustering,"{'n_clusters': 7, 'affinity': 'nearest_neighbors', 'assign_labels': 'cluster_qr', 'random_state': 42, 'n_neighbors': 10}",0.251101611732173,1417.7388193259064,1.2836025881982795
SpectralClustering,"{'n_clusters': 7, 'affinity': 'nearest_neighbors', 'assign_labels': 'cluster_qr', 'random_state': 123, 'n_neighbors': 10}",0.251101611732173,1417.7388193259064,1.2836025881982795
SpectralClustering,"{'n_clusters': 7, 'affinity': 'nearest_neighbors', 'assign_labels': 'cluster_qr', 'random_state': 456, 'n_neighbors': 10}",0.251101611732173,1417.7388193259064,1.2836025881982795
SpectralClustering,"{'n_clusters': 7, 'affinity': 'nearest_neighbors', 'assign_labels': 'cluster_qr', 'random_state': 789, 'n_neighbors': 10}",0.251101611732173,1417.7388193259064,1.2836025881982795
SpectralClustering,"{'n_clusters': 7, 'affinity': 'nearest_neighbors', 'assign_labels': 'cluster_qr', 'random_state': 1011, 'n_neighbors': 10}",0.251101611732173,1417.7388193259064,1.2836025881982795
SpectralClustering,"{'n_clusters': 7, 'affinity': 'nearest_neighbors', 'assign_labels': 'cluster_qr', 'random_state': 2022, 'n_neighbors': 10}",0.251101611732173,1417.7388193259064,1.2836025881982795
SpectralClustering,"{'n_clusters': 7, 'affinity': 'nearest_neighbors', 'assign_labels': 'cluster_qr', 'random_state': 3033, 'n_neighbors': 10}",0.251101611732173,1417.7388193259064,1.2836025881982795
SpectralClustering,"{'n_clusters': 7, 'affinity': 'nearest_neighbors', 'assign_labels': 'cluster_qr', 'random_state': 4044, 'n_neighbors': 10}",0.251101611732173,1417.7388193259064,1.2836025881982795
SpectralClustering,"{'n_clusters': 7, 'affinity': 'nearest_neighbors', 'assign_labels': 'cluster_qr', 'random_state': 5055, 'n_neighbors': 10}",0.251101611732173,1417.7388193259064,1.2836025881982795
SpectralClustering,"{'n_clusters': 7, 'affinity': 'nearest_neighbors', 'assign_labels': 'cluster_qr', 'random_state': 6066, 'n_neighbors': 10}",0.251101611732173,1417.7388193259064,1.2836025881982795
SpectralClustering,"{'n_clusters': 7, 'affinity': 'nearest_neighbors', 'assign_labels': 'kmeans', 'random_state': 42, 'n_neighbors': 15}",0.24871720249286164,1451.303679615489,1.303235833071572
SpectralClustering,"{'n_clusters': 7, 'affinity': 'nearest_neighbors', 'assign_labels': 'kmeans', 'random_state': 123, 'n_neighbors': 15}",0.24836275936021335,1450.5159643555864,1.303131513328372
SpectralClustering,"{'n_clusters': 7, 'affinity': 'nearest_neighbors', 'assign_labels': 'kmeans', 'random_state': 456, 'n_neighbors': 15}",0.24825673655773003,1449.8487671722323,1.3059509844984094
SpectralClustering,"{'n_clusters': 7, 'affinity': 'nearest_neighbors', 'assign_labels': 'kmeans', 'random_state': 789, 'n_neighbors': 15}",0.24836275936021335,1450.5159643555864,1.303131513328372
SpectralClustering,"{'n_clusters': 7, 'affinity': 'nearest_neighbors', 'assign_labels': 'kmeans', 'random_state': 1011, 'n_neighbors': 15}",0.2481317913106912,1449.8588245369774,1.3058282206124256
SpectralClustering,"{'n_clusters': 7, 'affinity': 'nearest_neighbors', 'assign_labels': 'kmeans', 'random_state': 2022, 'n_neighbors': 15}",0.24871720249286164,1451.303679615489,1.303235833071572
SpectralClustering,"{'n_clusters': 7, 'affinity': 'nearest_neighbors', 'assign_labels': 'kmeans', 'random_state': 3033, 'n_neighbors': 15}",0.24825673655773003,1449.8487671722326,1.3059509844984094
SpectralClustering,"{'n_clusters': 7, 'affinity': 'nearest_neighbors', 'assign_labels': 'kmeans', 'random_state': 4044, 'n_neighbors': 15}",0.2481317913106912,1449.8588245369774,1.3058282206124256
SpectralClustering,"{'n_clusters': 7, 'affinity': 'nearest_neighbors', 'assign_labels': 'kmeans', 'random_state': 5055, 'n_neighbors': 15}",0.24825673655773003,1449.8487671722323,1.3059509844984092
SpectralClustering,"{'n_clusters': 7, 'affinity': 'nearest_neighbors', 'assign_labels': 'kmeans', 'random_state': 6066, 'n_neighbors': 15}",0.24848922079886082,1450.5139441187723,1.3032502323971902
SpectralClustering,"{'n_clusters': 7, 'affinity': 'nearest_neighbors', 'assign_labels': 'discretize', 'random_state': 42, 'n_neighbors': 15}",0.2537410928495112,1415.7197566541802,1.2815881438866636
SpectralClustering,"{'n_clusters': 7, 'affinity': 'nearest_neighbors', 'assign_labels': 'discretize', 'random_state': 123, 'n_neighbors': 15}",0.2530431130634089,1412.4295165918904,1.2812779054889902
SpectralClustering,"{'n_clusters': 7, 'affinity': 'nearest_neighbors', 'assign_labels': 'discretize', 'random_state': 456, 'n_neighbors': 15}",0.252952105459835,1411.9186752007365,1.2815247826326759
SpectralClustering,"{'n_clusters': 7, 'affinity': 'nearest_neighbors', 'assign_labels': 'discretize', 'random_state': 789, 'n_neighbors': 15}",0.2500306042481617,1229.8182264279283,1.374837338599826
SpectralClustering,"{'n_clusters': 7, 'affinity': 'nearest_neighbors', 'assign_labels': 'discretize', 'random_state': 1011, 'n_neighbors': 15}",0.2537410928495112,1415.71975665418,1.2815881438866639
SpectralClustering,"{'n_clusters': 7, 'affinity': 'nearest_neighbors', 'assign_labels': 'discretize', 'random_state': 2022, 'n_neighbors': 15}",0.25354110384162953,1414.2158134531044,1.2816733766706172
SpectralClustering,"{'n_clusters': 7, 'affinity': 'nearest_neighbors', 'assign_labels': 'discretize', 'random_state': 3033, 'n_neighbors': 15}",0.2537410928495112,1415.71975665418,1.2815881438866639
SpectralClustering,"{'n_clusters': 7, 'affinity': 'nearest_neighbors', 'assign_labels': 'discretize', 'random_state': 4044, 'n_neighbors': 15}",0.2534310313735634,1413.6993674424955,1.2811656623971714
SpectralClustering,"{'n_clusters': 7, 'affinity': 'nearest_neighbors', 'assign_labels': 'discretize', 'random_state': 5055, 'n_neighbors': 15}",0.2537410928495112,1415.71975665418,1.2815881438866639
SpectralClustering,"{'n_clusters': 7, 'affinity': 'nearest_neighbors', 'assign_labels': 'discretize', 'random_state': 6066, 'n_neighbors': 15}",0.2537410928495112,1415.71975665418,1.2815881438866639
SpectralClustering,"{'n_clusters': 7, 'affinity': 'nearest_neighbors', 'assign_labels': 'cluster_qr', 'random_state': 42, 'n_neighbors': 15}",0.24982729407462415,1388.9389248708346,1.2949881404038117
SpectralClustering,"{'n_clusters': 7, 'affinity': 'nearest_neighbors', 'assign_labels': 'cluster_qr', 'random_state': 123, 'n_neighbors': 15}",0.24982729407462415,1388.9389248708346,1.2949881404038117
SpectralClustering,"{'n_clusters': 7, 'affinity': 'nearest_neighbors', 'assign_labels': 'cluster_qr', 'random_state': 456, 'n_neighbors': 15}",0.24982729407462415,1388.9389248708346,1.2949881404038117
SpectralClustering,"{'n_clusters': 7, 'affinity': 'nearest_neighbors', 'assign_labels': 'cluster_qr', 'random_state': 789, 'n_neighbors': 15}",0.24982729407462415,1388.9389248708346,1.2949881404038117
SpectralClustering,"{'n_clusters': 7, 'affinity': 'nearest_neighbors', 'assign_labels': 'cluster_qr', 'random_state': 1011, 'n_neighbors': 15}",0.24982729407462415,1388.9389248708346,1.2949881404038117
SpectralClustering,"{'n_clusters': 7, 'affinity': 'nearest_neighbors', 'assign_labels': 'cluster_qr', 'random_state': 2022, 'n_neighbors': 15}",0.24982729407462415,1388.9389248708346,1.2949881404038117
SpectralClustering,"{'n_clusters': 7, 'affinity': 'nearest_neighbors', 'assign_labels': 'cluster_qr', 'random_state': 3033, 'n_neighbors': 15}",0.24982729407462415,1388.9389248708346,1.2949881404038117
SpectralClustering,"{'n_clusters': 7, 'affinity': 'nearest_neighbors', 'assign_labels': 'cluster_qr', 'random_state': 4044, 'n_neighbors': 15}",0.24982729407462415,1388.9389248708346,1.2949881404038117
SpectralClustering,"{'n_clusters': 7, 'affinity': 'nearest_neighbors', 'assign_labels': 'cluster_qr', 'random_state': 5055, 'n_neighbors': 15}",0.24982729407462415,1388.9389248708346,1.2949881404038117
SpectralClustering,"{'n_clusters': 7, 'affinity': 'nearest_neighbors', 'assign_labels': 'cluster_qr', 'random_state': 6066, 'n_neighbors': 15}",0.24982729407462415,1388.9389248708346,1.2949881404038117
SpectralClustering,"{'n_clusters': 7, 'affinity': 'nearest_neighbors', 'assign_labels': 'kmeans', 'random_state': 42, 'n_neighbors': 20}",0.2502044827682577,1318.7451537416794,1.1685237874220122
SpectralClustering,"{'n_clusters': 7, 'affinity': 'nearest_neighbors', 'assign_labels': 'kmeans', 'random_state': 123, 'n_neighbors': 20}",0.2502044827682577,1318.7451537416794,1.1685237874220122
SpectralClustering,"{'n_clusters': 7, 'affinity': 'nearest_neighbors', 'assign_labels': 'kmeans', 'random_state': 456, 'n_neighbors': 20}",0.2502044827682577,1318.7451537416794,1.1685237874220122
SpectralClustering,"{'n_clusters': 7, 'affinity': 'nearest_neighbors', 'assign_labels': 'kmeans', 'random_state': 789, 'n_neighbors': 20}",0.2501874658972285,1318.8583290478568,1.1681443430306189
SpectralClustering,"{'n_clusters': 7, 'affinity': 'nearest_neighbors', 'assign_labels': 'kmeans', 'random_state': 1011, 'n_neighbors': 20}",0.2502044827682577,1318.7451537416794,1.1685237874220122
SpectralClustering,"{'n_clusters': 7, 'affinity': 'nearest_neighbors', 'assign_labels': 'kmeans', 'random_state': 2022, 'n_neighbors': 20}",0.2502044827682577,1318.7451537416791,1.1685237874220122
SpectralClustering,"{'n_clusters': 7, 'affinity': 'nearest_neighbors', 'assign_labels': 'kmeans', 'random_state': 3033, 'n_neighbors': 20}",0.2502044827682577,1318.7451537416796,1.1685237874220122
SpectralClustering,"{'n_clusters': 7, 'affinity': 'nearest_neighbors', 'assign_labels': 'kmeans', 'random_state': 4044, 'n_neighbors': 20}",0.2501874658972285,1318.8583290478568,1.1681443430306189
SpectralClustering,"{'n_clusters': 7, 'affinity': 'nearest_neighbors', 'assign_labels': 'kmeans', 'random_state': 5055, 'n_neighbors': 20}",0.2502044827682577,1318.7451537416794,1.1685237874220122
SpectralClustering,"{'n_clusters': 7, 'affinity': 'nearest_neighbors', 'assign_labels': 'kmeans', 'random_state': 6066, 'n_neighbors': 20}",0.2502044827682577,1318.7451537416791,1.1685237874220122
SpectralClustering,"{'n_clusters': 7, 'affinity': 'nearest_neighbors', 'assign_labels': 'discretize', 'random_state': 42, 'n_neighbors': 20}",0.2615893065375919,1334.6861123757578,1.1705714089031034
SpectralClustering,"{'n_clusters': 7, 'affinity': 'nearest_neighbors', 'assign_labels': 'discretize', 'random_state': 123, 'n_neighbors': 20}",0.26388963286135547,1351.9617616642406,1.1647739531769303
SpectralClustering,"{'n_clusters': 7, 'affinity': 'nearest_neighbors', 'assign_labels': 'discretize', 'random_state': 456, 'n_neighbors': 20}",0.2615893065375919,1334.686112375758,1.1705714089031034
SpectralClustering,"{'n_clusters': 7, 'affinity': 'nearest_neighbors', 'assign_labels': 'discretize', 'random_state': 789, 'n_neighbors': 20}",0.2636846004613653,1349.9041319737003,1.1638409536143357
SpectralClustering,"{'n_clusters': 7, 'affinity': 'nearest_neighbors', 'assign_labels': 'discretize', 'random_state': 1011, 'n_neighbors': 20}",0.2624387833750027,1335.9252733140215,1.1669828732026992
SpectralClustering,"{'n_clusters': 7, 'affinity': 'nearest_neighbors', 'assign_labels': 'discretize', 'random_state': 2022, 'n_neighbors': 20}",0.2615893065375919,1334.6861123757578,1.1705714089031036
SpectralClustering,"{'n_clusters': 7, 'affinity': 'nearest_neighbors', 'assign_labels': 'discretize', 'random_state': 3033, 'n_neighbors': 20}",0.26207034451860034,1334.8359671316196,1.166781551830947
SpectralClustering,"{'n_clusters': 7, 'affinity': 'nearest_neighbors', 'assign_labels': 'discretize', 'random_state': 4044, 'n_neighbors': 20}",0.2636400070828419,1351.4674735756148,1.164201581633737
SpectralClustering,"{'n_clusters': 7, 'affinity': 'nearest_neighbors', 'assign_labels': 'discretize', 'random_state': 5055, 'n_neighbors': 20}",0.2627644908436455,1349.2548331677476,1.1690737633466042
SpectralClustering,"{'n_clusters': 7, 'affinity': 'nearest_neighbors', 'assign_labels': 'discretize', 'random_state': 6066, 'n_neighbors': 20}",0.2636846004613653,1349.904131973701,1.163840953614336
SpectralClustering,"{'n_clusters': 7, 'affinity': 'nearest_neighbors', 'assign_labels': 'cluster_qr', 'random_state': 42, 'n_neighbors': 20}",0.23243754814547538,1213.9721481908275,1.1563738067539844
SpectralClustering,"{'n_clusters': 7, 'affinity': 'nearest_neighbors', 'assign_labels': 'cluster_qr', 'random_state': 123, 'n_neighbors': 20}",0.23243754814547538,1213.9721481908275,1.1563738067539844
SpectralClustering,"{'n_clusters': 7, 'affinity': 'nearest_neighbors', 'assign_labels': 'cluster_qr', 'random_state': 456, 'n_neighbors': 20}",0.23243754814547538,1213.9721481908275,1.1563738067539844
SpectralClustering,"{'n_clusters': 7, 'affinity': 'nearest_neighbors', 'assign_labels': 'cluster_qr', 'random_state': 789, 'n_neighbors': 20}",0.23243754814547538,1213.9721481908275,1.1563738067539844
SpectralClustering,"{'n_clusters': 7, 'affinity': 'nearest_neighbors', 'assign_labels': 'cluster_qr', 'random_state': 1011, 'n_neighbors': 20}",0.23243754814547538,1213.9721481908275,1.1563738067539844
SpectralClustering,"{'n_clusters': 7, 'affinity': 'nearest_neighbors', 'assign_labels': 'cluster_qr', 'random_state': 2022, 'n_neighbors': 20}",0.23243754814547538,1213.9721481908275,1.1563738067539844
SpectralClustering,"{'n_clusters': 7, 'affinity': 'nearest_neighbors', 'assign_labels': 'cluster_qr', 'random_state': 3033, 'n_neighbors': 20}",0.23243754814547538,1213.9721481908275,1.1563738067539844
SpectralClustering,"{'n_clusters': 7, 'affinity': 'nearest_neighbors', 'assign_labels': 'cluster_qr', 'random_state': 4044, 'n_neighbors': 20}",0.23243754814547538,1213.9721481908275,1.1563738067539844
SpectralClustering,"{'n_clusters': 7, 'affinity': 'nearest_neighbors', 'assign_labels': 'cluster_qr', 'random_state': 5055, 'n_neighbors': 20}",0.23243754814547538,1213.9721481908275,1.1563738067539844
SpectralClustering,"{'n_clusters': 7, 'affinity': 'nearest_neighbors', 'assign_labels': 'cluster_qr', 'random_state': 6066, 'n_neighbors': 20}",0.23243754814547538,1213.9721481908275,1.1563738067539844
SpectralClustering,"{'n_clusters': 7, 'affinity': 'nearest_neighbors', 'assign_labels': 'kmeans', 'random_state': 42, 'n_neighbors': 50}",0.2664399752215108,1407.484674898237,1.1250417167422881
SpectralClustering,"{'n_clusters': 7, 'affinity': 'nearest_neighbors', 'assign_labels': 'kmeans', 'random_state': 123, 'n_neighbors': 50}",0.26643442357998975,1407.3861805208494,1.1244767779094338
SpectralClustering,"{'n_clusters': 7, 'affinity': 'nearest_neighbors', 'assign_labels': 'kmeans', 'random_state': 456, 'n_neighbors': 50}",0.2661615725755822,1408.1719928654047,1.1265292540245637
SpectralClustering,"{'n_clusters': 7, 'affinity': 'nearest_neighbors', 'assign_labels': 'kmeans', 'random_state': 789, 'n_neighbors': 50}",0.2661615725755822,1408.1719928654047,1.126529254024564
SpectralClustering,"{'n_clusters': 7, 'affinity': 'nearest_neighbors', 'assign_labels': 'kmeans', 'random_state': 1011, 'n_neighbors': 50}",0.26636007256026645,1408.0589357622484,1.1250468700387035
SpectralClustering,"{'n_clusters': 7, 'affinity': 'nearest_neighbors', 'assign_labels': 'kmeans', 'random_state': 2022, 'n_neighbors': 50}",0.2661615725755822,1408.171992865405,1.1265292540245637
SpectralClustering,"{'n_clusters': 7, 'affinity': 'nearest_neighbors', 'assign_labels': 'kmeans', 'random_state': 3033, 'n_neighbors': 50}",0.266221154223168,1408.267960268271,1.1258470439762156
SpectralClustering,"{'n_clusters': 7, 'affinity': 'nearest_neighbors', 'assign_labels': 'kmeans', 'random_state': 4044, 'n_neighbors': 50}",0.2661615725755822,1408.1719928654047,1.126529254024564
SpectralClustering,"{'n_clusters': 7, 'affinity': 'nearest_neighbors', 'assign_labels': 'kmeans', 'random_state': 5055, 'n_neighbors': 50}",0.2661615725755822,1408.1719928654043,1.1265292540245637
SpectralClustering,"{'n_clusters': 7, 'affinity': 'nearest_neighbors', 'assign_labels': 'kmeans', 'random_state': 6066, 'n_neighbors': 50}",0.266221154223168,1408.2679602682715,1.1258470439762156
SpectralClustering,"{'n_clusters': 7, 'affinity': 'nearest_neighbors', 'assign_labels': 'discretize', 'random_state': 42, 'n_neighbors': 50}",0.27244824785414995,1413.0057285626078,1.1214026255239429
SpectralClustering,"{'n_clusters': 7, 'affinity': 'nearest_neighbors', 'assign_labels': 'discretize', 'random_state': 123, 'n_neighbors': 50}",0.2726443804302914,1413.3256603808102,1.1217426586418509
SpectralClustering,"{'n_clusters': 7, 'affinity': 'nearest_neighbors', 'assign_labels': 'discretize', 'random_state': 456, 'n_neighbors': 50}",0.27147371547806437,1413.4219221961328,1.1232232757508456
SpectralClustering,"{'n_clusters': 7, 'affinity': 'nearest_neighbors', 'assign_labels': 'discretize', 'random_state': 789, 'n_neighbors': 50}",0.27147371547806437,1413.421922196133,1.1232232757508458
SpectralClustering,"{'n_clusters': 7, 'affinity': 'nearest_neighbors', 'assign_labels': 'discretize', 'random_state': 1011, 'n_neighbors': 50}",0.27147371547806437,1413.4219221961325,1.1232232757508456
SpectralClustering,"{'n_clusters': 7, 'affinity': 'nearest_neighbors', 'assign_labels': 'discretize', 'random_state': 2022, 'n_neighbors': 50}",0.27147371547806437,1413.4219221961328,1.1232232757508458
SpectralClustering,"{'n_clusters': 7, 'affinity': 'nearest_neighbors', 'assign_labels': 'discretize', 'random_state': 3033, 'n_neighbors': 50}",0.27147371547806437,1413.4219221961328,1.1232232757508458
SpectralClustering,"{'n_clusters': 7, 'affinity': 'nearest_neighbors', 'assign_labels': 'discretize', 'random_state': 4044, 'n_neighbors': 50}",0.27147371547806437,1413.4219221961325,1.1232232757508456
SpectralClustering,"{'n_clusters': 7, 'affinity': 'nearest_neighbors', 'assign_labels': 'discretize', 'random_state': 5055, 'n_neighbors': 50}",0.2726443804302914,1413.3256603808104,1.1217426586418509
SpectralClustering,"{'n_clusters': 7, 'affinity': 'nearest_neighbors', 'assign_labels': 'discretize', 'random_state': 6066, 'n_neighbors': 50}",0.27217110054077015,1412.4042804124624,1.1217747218011098
SpectralClustering,"{'n_clusters': 7, 'affinity': 'nearest_neighbors', 'assign_labels': 'cluster_qr', 'random_state': 42, 'n_neighbors': 50}",0.2715545909040571,1408.7878267516562,1.1067589738203358
SpectralClustering,"{'n_clusters': 7, 'affinity': 'nearest_neighbors', 'assign_labels': 'cluster_qr', 'random_state': 123, 'n_neighbors': 50}",0.2715545909040571,1408.7878267516562,1.1067589738203358
SpectralClustering,"{'n_clusters': 7, 'affinity': 'nearest_neighbors', 'assign_labels': 'cluster_qr', 'random_state': 456, 'n_neighbors': 50}",0.2715545909040571,1408.7878267516562,1.1067589738203358
SpectralClustering,"{'n_clusters': 7, 'affinity': 'nearest_neighbors', 'assign_labels': 'cluster_qr', 'random_state': 789, 'n_neighbors': 50}",0.2715545909040571,1408.7878267516562,1.1067589738203358
SpectralClustering,"{'n_clusters': 7, 'affinity': 'nearest_neighbors', 'assign_labels': 'cluster_qr', 'random_state': 1011, 'n_neighbors': 50}",0.2715545909040571,1408.7878267516562,1.1067589738203358
SpectralClustering,"{'n_clusters': 7, 'affinity': 'nearest_neighbors', 'assign_labels': 'cluster_qr', 'random_state': 2022, 'n_neighbors': 50}",0.2715545909040571,1408.7878267516562,1.1067589738203358
SpectralClustering,"{'n_clusters': 7, 'affinity': 'nearest_neighbors', 'assign_labels': 'cluster_qr', 'random_state': 3033, 'n_neighbors': 50}",0.2715545909040571,1408.7878267516562,1.1067589738203358
SpectralClustering,"{'n_clusters': 7, 'affinity': 'nearest_neighbors', 'assign_labels': 'cluster_qr', 'random_state': 4044, 'n_neighbors': 50}",0.2715545909040571,1408.7878267516562,1.1067589738203358
SpectralClustering,"{'n_clusters': 7, 'affinity': 'nearest_neighbors', 'assign_labels': 'cluster_qr', 'random_state': 5055, 'n_neighbors': 50}",0.2715545909040571,1408.7878267516562,1.1067589738203358
SpectralClustering,"{'n_clusters': 7, 'affinity': 'nearest_neighbors', 'assign_labels': 'cluster_qr', 'random_state': 6066, 'n_neighbors': 50}",0.2715545909040571,1408.7878267516562,1.1067589738203358
SpectralClustering,"{'n_clusters': 7, 'affinity': 'nearest_neighbors', 'assign_labels': 'kmeans', 'random_state': 42, 'n_neighbors': 100}",0.27631593899867846,1418.0711310009733,1.1351112246225772
SpectralClustering,"{'n_clusters': 7, 'affinity': 'nearest_neighbors', 'assign_labels': 'kmeans', 'random_state': 123, 'n_neighbors': 100}",0.27631593899867846,1418.0711310009733,1.1351112246225772
SpectralClustering,"{'n_clusters': 7, 'affinity': 'nearest_neighbors', 'assign_labels': 'kmeans', 'random_state': 456, 'n_neighbors': 100}",0.27631593899867846,1418.071131000973,1.1351112246225772
SpectralClustering,"{'n_clusters': 7, 'affinity': 'nearest_neighbors', 'assign_labels': 'kmeans', 'random_state': 789, 'n_neighbors': 100}",0.27631593899867846,1418.071131000973,1.1351112246225772
SpectralClustering,"{'n_clusters': 7, 'affinity': 'nearest_neighbors', 'assign_labels': 'kmeans', 'random_state': 1011, 'n_neighbors': 100}",0.27631593899867846,1418.0711310009735,1.1351112246225772
SpectralClustering,"{'n_clusters': 7, 'affinity': 'nearest_neighbors', 'assign_labels': 'kmeans', 'random_state': 2022, 'n_neighbors': 100}",0.27631593899867846,1418.0711310009733,1.1351112246225772
SpectralClustering,"{'n_clusters': 7, 'affinity': 'nearest_neighbors', 'assign_labels': 'kmeans', 'random_state': 3033, 'n_neighbors': 100}",0.27632827403154114,1418.0627608093134,1.1349815710071434
SpectralClustering,"{'n_clusters': 7, 'affinity': 'nearest_neighbors', 'assign_labels': 'kmeans', 'random_state': 4044, 'n_neighbors': 100}",0.27629481784669363,1418.045328139678,1.1350049025016398
SpectralClustering,"{'n_clusters': 7, 'affinity': 'nearest_neighbors', 'assign_labels': 'kmeans', 'random_state': 5055, 'n_neighbors': 100}",0.2761739604922581,1417.9439550208829,1.134964556391855
SpectralClustering,"{'n_clusters': 7, 'affinity': 'nearest_neighbors', 'assign_labels': 'kmeans', 'random_state': 6066, 'n_neighbors': 100}",0.2761739604922581,1417.943955020883,1.1349645563918547
SpectralClustering,"{'n_clusters': 7, 'affinity': 'nearest_neighbors', 'assign_labels': 'discretize', 'random_state': 42, 'n_neighbors': 100}",0.27754988940273406,1418.2952337124548,1.1257652171382087
SpectralClustering,"{'n_clusters': 7, 'affinity': 'nearest_neighbors', 'assign_labels': 'discretize', 'random_state': 123, 'n_neighbors': 100}",0.27754988940273406,1418.2952337124548,1.1257652171382089
SpectralClustering,"{'n_clusters': 7, 'affinity': 'nearest_neighbors', 'assign_labels': 'discretize', 'random_state': 456, 'n_neighbors': 100}",0.2776321580128874,1418.3547748918756,1.1258513087031126
SpectralClustering,"{'n_clusters': 7, 'affinity': 'nearest_neighbors', 'assign_labels': 'discretize', 'random_state': 789, 'n_neighbors': 100}",0.2776321580128874,1418.3547748918752,1.1258513087031126
SpectralClustering,"{'n_clusters': 7, 'affinity': 'nearest_neighbors', 'assign_labels': 'discretize', 'random_state': 1011, 'n_neighbors': 100}",0.27754988940273406,1418.295233712455,1.1257652171382089
SpectralClustering,"{'n_clusters': 7, 'affinity': 'nearest_neighbors', 'assign_labels': 'discretize', 'random_state': 2022, 'n_neighbors': 100}",0.2776321580128874,1418.3547748918756,1.1258513087031126
SpectralClustering,"{'n_clusters': 7, 'affinity': 'nearest_neighbors', 'assign_labels': 'discretize', 'random_state': 3033, 'n_neighbors': 100}",0.2776321580128874,1418.3547748918752,1.1258513087031126
SpectralClustering,"{'n_clusters': 7, 'affinity': 'nearest_neighbors', 'assign_labels': 'discretize', 'random_state': 4044, 'n_neighbors': 100}",0.2776321580128874,1418.3547748918752,1.1258513087031126
SpectralClustering,"{'n_clusters': 7, 'affinity': 'nearest_neighbors', 'assign_labels': 'discretize', 'random_state': 5055, 'n_neighbors': 100}",0.2776321580128874,1418.3547748918756,1.1258513087031126
SpectralClustering,"{'n_clusters': 7, 'affinity': 'nearest_neighbors', 'assign_labels': 'discretize', 'random_state': 6066, 'n_neighbors': 100}",0.2776321580128874,1418.3547748918752,1.1258513087031126
SpectralClustering,"{'n_clusters': 7, 'affinity': 'nearest_neighbors', 'assign_labels': 'cluster_qr', 'random_state': 42, 'n_neighbors': 100}",0.2773459260697212,1417.3515313398555,1.1203690350676145
SpectralClustering,"{'n_clusters': 7, 'affinity': 'nearest_neighbors', 'assign_labels': 'cluster_qr', 'random_state': 123, 'n_neighbors': 100}",0.2773459260697212,1417.3515313398555,1.1203690350676145
SpectralClustering,"{'n_clusters': 7, 'affinity': 'nearest_neighbors', 'assign_labels': 'cluster_qr', 'random_state': 456, 'n_neighbors': 100}",0.2773459260697212,1417.3515313398555,1.1203690350676145
SpectralClustering,"{'n_clusters': 7, 'affinity': 'nearest_neighbors', 'assign_labels': 'cluster_qr', 'random_state': 789, 'n_neighbors': 100}",0.2773459260697212,1417.3515313398555,1.1203690350676145
SpectralClustering,"{'n_clusters': 7, 'affinity': 'nearest_neighbors', 'assign_labels': 'cluster_qr', 'random_state': 1011, 'n_neighbors': 100}",0.2773459260697212,1417.3515313398555,1.1203690350676145
SpectralClustering,"{'n_clusters': 7, 'affinity': 'nearest_neighbors', 'assign_labels': 'cluster_qr', 'random_state': 2022, 'n_neighbors': 100}",0.2773459260697212,1417.3515313398555,1.1203690350676145
SpectralClustering,"{'n_clusters': 7, 'affinity': 'nearest_neighbors', 'assign_labels': 'cluster_qr', 'random_state': 3033, 'n_neighbors': 100}",0.2773459260697212,1417.3515313398555,1.1203690350676145
SpectralClustering,"{'n_clusters': 7, 'affinity': 'nearest_neighbors', 'assign_labels': 'cluster_qr', 'random_state': 4044, 'n_neighbors': 100}",0.2773459260697212,1417.3515313398555,1.1203690350676145
SpectralClustering,"{'n_clusters': 7, 'affinity': 'nearest_neighbors', 'assign_labels': 'cluster_qr', 'random_state': 5055, 'n_neighbors': 100}",0.2773459260697212,1417.3515313398555,1.1203690350676145
SpectralClustering,"{'n_clusters': 7, 'affinity': 'nearest_neighbors', 'assign_labels': 'cluster_qr', 'random_state': 6066, 'n_neighbors': 100}",0.2773459260697212,1417.3515313398555,1.1203690350676145
SpectralClustering,"{'n_clusters': 7, 'affinity': 'polynomial', 'assign_labels': 'kmeans', 'random_state': 42}",0.03041977536501095,229.33608327694253,1.4449939104992098
SpectralClustering,"{'n_clusters': 7, 'affinity': 'polynomial', 'assign_labels': 'kmeans', 'random_state': 123}",0.03038065830753143,229.11605158039188,1.4425624391212477
SpectralClustering,"{'n_clusters': 7, 'affinity': 'polynomial', 'assign_labels': 'kmeans', 'random_state': 456}",0.03041977536501095,229.33608327694253,1.4449939104992098
SpectralClustering,"{'n_clusters': 7, 'affinity': 'polynomial', 'assign_labels': 'kmeans', 'random_state': 789}",0.03041977536501095,229.3360832769425,1.44499391049921
SpectralClustering,"{'n_clusters': 7, 'affinity': 'polynomial', 'assign_labels': 'kmeans', 'random_state': 1011}",0.030857834791736462,229.11128593691552,1.4355227478084873
SpectralClustering,"{'n_clusters': 7, 'affinity': 'polynomial', 'assign_labels': 'kmeans', 'random_state': 2022}",0.03041977536501095,229.3360832769425,1.44499391049921
SpectralClustering,"{'n_clusters': 7, 'affinity': 'polynomial', 'assign_labels': 'kmeans', 'random_state': 3033}",0.030702566624598276,229.1663657579827,1.4331956495736162
SpectralClustering,"{'n_clusters': 7, 'affinity': 'polynomial', 'assign_labels': 'kmeans', 'random_state': 4044}",0.03041977536501095,229.33608327694242,1.4449939104992098
SpectralClustering,"{'n_clusters': 7, 'affinity': 'polynomial', 'assign_labels': 'kmeans', 'random_state': 5055}",0.03041977536501095,229.33608327694253,1.44499391049921
SpectralClustering,"{'n_clusters': 7, 'affinity': 'polynomial', 'assign_labels': 'kmeans', 'random_state': 6066}",0.03041977536501095,229.3360832769425,1.44499391049921
SpectralClustering,"{'n_clusters': 7, 'affinity': 'polynomial', 'assign_labels': 'discretize', 'random_state': 42}",0.17248335413437732,972.1472404840017,1.3774362496161145
SpectralClustering,"{'n_clusters': 7, 'affinity': 'polynomial', 'assign_labels': 'discretize', 'random_state': 123}",0.21564255867776022,1040.7623405866323,1.2943598919077193
SpectralClustering,"{'n_clusters': 7, 'affinity': 'polynomial', 'assign_labels': 'discretize', 'random_state': 456}",0.031458748351756494,572.7674885866742,1.703083425922398
SpectralClustering,"{'n_clusters': 7, 'affinity': 'polynomial', 'assign_labels': 'discretize', 'random_state': 789}",0.2126455631372187,997.4118394837486,1.3198224930095823
SpectralClustering,"{'n_clusters': 7, 'affinity': 'polynomial', 'assign_labels': 'discretize', 'random_state': 1011}",0.19596659310087033,965.668599677821,1.1486311868169907
SpectralClustering,"{'n_clusters': 7, 'affinity': 'polynomial', 'assign_labels': 'discretize', 'random_state': 2022}",0.10496708739961634,616.7588416401621,1.6399707807376593
SpectralClustering,"{'n_clusters': 7, 'affinity': 'polynomial', 'assign_labels': 'discretize', 'random_state': 3033}",0.11334830948619959,668.1239994227261,1.6090996711479413
SpectralClustering,"{'n_clusters': 7, 'affinity': 'polynomial', 'assign_labels': 'discretize', 'random_state': 4044}",0.17186140532777253,975.3782377992615,1.3831915482527715
SpectralClustering,"{'n_clusters': 7, 'affinity': 'polynomial', 'assign_labels': 'discretize', 'random_state': 5055}",0.21827488723458402,1043.4164867998988,1.2905375417556042
SpectralClustering,"{'n_clusters': 7, 'affinity': 'polynomial', 'assign_labels': 'discretize', 'random_state': 6066}",0.21555318397935136,1040.7251478064293,1.2946344052417682
SpectralClustering,"{'n_clusters': 7, 'affinity': 'polynomial', 'assign_labels': 'cluster_qr', 'random_state': 42}",0.19264013374216465,979.4582624118084,1.4201752391750968
SpectralClustering,"{'n_clusters': 7, 'affinity': 'polynomial', 'assign_labels': 'cluster_qr', 'random_state': 123}",0.19264013374216465,979.4582624118084,1.4201752391750968
SpectralClustering,"{'n_clusters': 7, 'affinity': 'polynomial', 'assign_labels': 'cluster_qr', 'random_state': 456}",0.19264013374216465,979.4582624118084,1.4201752391750968
SpectralClustering,"{'n_clusters': 7, 'affinity': 'polynomial', 'assign_labels': 'cluster_qr', 'random_state': 789}",0.19264013374216465,979.4582624118084,1.4201752391750968
SpectralClustering,"{'n_clusters': 7, 'affinity': 'polynomial', 'assign_labels': 'cluster_qr', 'random_state': 1011}",0.19264013374216465,979.4582624118084,1.4201752391750968
SpectralClustering,"{'n_clusters': 7, 'affinity': 'polynomial', 'assign_labels': 'cluster_qr', 'random_state': 2022}",0.19264013374216465,979.4582624118084,1.4201752391750968
SpectralClustering,"{'n_clusters': 7, 'affinity': 'polynomial', 'assign_labels': 'cluster_qr', 'random_state': 3033}",0.19264013374216465,979.4582624118084,1.4201752391750968
SpectralClustering,"{'n_clusters': 7, 'affinity': 'polynomial', 'assign_labels': 'cluster_qr', 'random_state': 4044}",0.19264013374216465,979.4582624118084,1.4201752391750968
SpectralClustering,"{'n_clusters': 7, 'affinity': 'polynomial', 'assign_labels': 'cluster_qr', 'random_state': 5055}",0.19264013374216465,979.4582624118084,1.4201752391750968
SpectralClustering,"{'n_clusters': 7, 'affinity': 'polynomial', 'assign_labels': 'cluster_qr', 'random_state': 6066}",0.19264013374216465,979.4582624118084,1.4201752391750968
SpectralClustering,"{'n_clusters': 7, 'affinity': 'poly', 'assign_labels': 'kmeans', 'random_state': 42}",0.03041977536501095,229.33608327694253,1.4449939104992098
SpectralClustering,"{'n_clusters': 7, 'affinity': 'poly', 'assign_labels': 'kmeans', 'random_state': 123}",0.03038065830753143,229.11605158039188,1.4425624391212477
SpectralClustering,"{'n_clusters': 7, 'affinity': 'poly', 'assign_labels': 'kmeans', 'random_state': 456}",0.03041977536501095,229.33608327694253,1.4449939104992098
SpectralClustering,"{'n_clusters': 7, 'affinity': 'poly', 'assign_labels': 'kmeans', 'random_state': 789}",0.03041977536501095,229.3360832769425,1.44499391049921
SpectralClustering,"{'n_clusters': 7, 'affinity': 'poly', 'assign_labels': 'kmeans', 'random_state': 1011}",0.030857834791736462,229.11128593691552,1.4355227478084873
SpectralClustering,"{'n_clusters': 7, 'affinity': 'poly', 'assign_labels': 'kmeans', 'random_state': 2022}",0.03041977536501095,229.3360832769425,1.44499391049921
SpectralClustering,"{'n_clusters': 7, 'affinity': 'poly', 'assign_labels': 'kmeans', 'random_state': 3033}",0.030702566624598276,229.1663657579827,1.4331956495736162
SpectralClustering,"{'n_clusters': 7, 'affinity': 'poly', 'assign_labels': 'kmeans', 'random_state': 4044}",0.03041977536501095,229.33608327694242,1.4449939104992098
SpectralClustering,"{'n_clusters': 7, 'affinity': 'poly', 'assign_labels': 'kmeans', 'random_state': 5055}",0.03041977536501095,229.33608327694253,1.44499391049921
SpectralClustering,"{'n_clusters': 7, 'affinity': 'poly', 'assign_labels': 'kmeans', 'random_state': 6066}",0.03041977536501095,229.3360832769425,1.44499391049921
SpectralClustering,"{'n_clusters': 7, 'affinity': 'poly', 'assign_labels': 'discretize', 'random_state': 42}",0.17248335413437732,972.1472404840017,1.3774362496161145
SpectralClustering,"{'n_clusters': 7, 'affinity': 'poly', 'assign_labels': 'discretize', 'random_state': 123}",0.21564255867776022,1040.7623405866323,1.2943598919077193
SpectralClustering,"{'n_clusters': 7, 'affinity': 'poly', 'assign_labels': 'discretize', 'random_state': 456}",0.031458748351756494,572.7674885866742,1.703083425922398
SpectralClustering,"{'n_clusters': 7, 'affinity': 'poly', 'assign_labels': 'discretize', 'random_state': 789}",0.2126455631372187,997.4118394837486,1.3198224930095823
SpectralClustering,"{'n_clusters': 7, 'affinity': 'poly', 'assign_labels': 'discretize', 'random_state': 1011}",0.19596659310087033,965.668599677821,1.1486311868169907
SpectralClustering,"{'n_clusters': 7, 'affinity': 'poly', 'assign_labels': 'discretize', 'random_state': 2022}",0.10496708739961634,616.7588416401621,1.6399707807376593
SpectralClustering,"{'n_clusters': 7, 'affinity': 'poly', 'assign_labels': 'discretize', 'random_state': 3033}",0.11334830948619959,668.1239994227261,1.6090996711479413
SpectralClustering,"{'n_clusters': 7, 'affinity': 'poly', 'assign_labels': 'discretize', 'random_state': 4044}",0.17186140532777253,975.3782377992615,1.3831915482527715
SpectralClustering,"{'n_clusters': 7, 'affinity': 'poly', 'assign_labels': 'discretize', 'random_state': 5055}",0.21827488723458402,1043.4164867998988,1.2905375417556042
SpectralClustering,"{'n_clusters': 7, 'affinity': 'poly', 'assign_labels': 'discretize', 'random_state': 6066}",0.21555318397935136,1040.7251478064293,1.2946344052417682
SpectralClustering,"{'n_clusters': 7, 'affinity': 'poly', 'assign_labels': 'cluster_qr', 'random_state': 42}",0.19264013374216465,979.4582624118084,1.4201752391750968
SpectralClustering,"{'n_clusters': 7, 'affinity': 'poly', 'assign_labels': 'cluster_qr', 'random_state': 123}",0.19264013374216465,979.4582624118084,1.4201752391750968
SpectralClustering,"{'n_clusters': 7, 'affinity': 'poly', 'assign_labels': 'cluster_qr', 'random_state': 456}",0.19264013374216465,979.4582624118084,1.4201752391750968
SpectralClustering,"{'n_clusters': 7, 'affinity': 'poly', 'assign_labels': 'cluster_qr', 'random_state': 789}",0.19264013374216465,979.4582624118084,1.4201752391750968
SpectralClustering,"{'n_clusters': 7, 'affinity': 'poly', 'assign_labels': 'cluster_qr', 'random_state': 1011}",0.19264013374216465,979.4582624118084,1.4201752391750968
SpectralClustering,"{'n_clusters': 7, 'affinity': 'poly', 'assign_labels': 'cluster_qr', 'random_state': 2022}",0.19264013374216465,979.4582624118084,1.4201752391750968
SpectralClustering,"{'n_clusters': 7, 'affinity': 'poly', 'assign_labels': 'cluster_qr', 'random_state': 3033}",0.19264013374216465,979.4582624118084,1.4201752391750968
SpectralClustering,"{'n_clusters': 7, 'affinity': 'poly', 'assign_labels': 'cluster_qr', 'random_state': 4044}",0.19264013374216465,979.4582624118084,1.4201752391750968
SpectralClustering,"{'n_clusters': 7, 'affinity': 'poly', 'assign_labels': 'cluster_qr', 'random_state': 5055}",0.19264013374216465,979.4582624118084,1.4201752391750968
SpectralClustering,"{'n_clusters': 7, 'affinity': 'poly', 'assign_labels': 'cluster_qr', 'random_state': 6066}",0.19264013374216465,979.4582624118084,1.4201752391750968
SpectralClustering,"{'n_clusters': 7, 'affinity': 'sigmoid', 'assign_labels': 'kmeans', 'random_state': 42}",0.1175209414932242,620.785423292814,2.198516698962016
SpectralClustering,"{'n_clusters': 7, 'affinity': 'sigmoid', 'assign_labels': 'kmeans', 'random_state': 123}",0.0864707884177246,563.3834396743395,2.3605308812968033
SpectralClustering,"{'n_clusters': 7, 'affinity': 'sigmoid', 'assign_labels': 'kmeans', 'random_state': 456}",0.06415186495536414,375.61408350325155,2.871019222546233
SpectralClustering,"{'n_clusters': 7, 'affinity': 'sigmoid', 'assign_labels': 'kmeans', 'random_state': 789}",0.06382521738472928,373.28985180695554,2.870738509585887
SpectralClustering,"{'n_clusters': 7, 'affinity': 'sigmoid', 'assign_labels': 'kmeans', 'random_state': 1011}",0.11925257538790453,619.6406619915865,2.46961016918596
SpectralClustering,"{'n_clusters': 7, 'affinity': 'sigmoid', 'assign_labels': 'kmeans', 'random_state': 2022}",0.0972929001281767,540.7556511903931,2.2320481941667043
SpectralClustering,"{'n_clusters': 7, 'affinity': 'sigmoid', 'assign_labels': 'kmeans', 'random_state': 3033}",0.06362622564484588,372.78936090181475,2.8767537848372577
SpectralClustering,"{'n_clusters': 7, 'affinity': 'sigmoid', 'assign_labels': 'kmeans', 'random_state': 4044}",0.09039129315251929,562.6468031959828,2.2147569129659415
SpectralClustering,"{'n_clusters': 7, 'affinity': 'sigmoid', 'assign_labels': 'kmeans', 'random_state': 5055}",0.09436998245230975,531.8322345556345,2.364527797431438
SpectralClustering,"{'n_clusters': 7, 'affinity': 'sigmoid', 'assign_labels': 'kmeans', 'random_state': 6066}",0.09745978716681174,419.0815407292182,2.580142706835384
SpectralClustering,"{'n_clusters': 7, 'affinity': 'sigmoid', 'assign_labels': 'discretize', 'random_state': 42}",0.0564682380447502,298.7644692968051,3.897869092788647
SpectralClustering,"{'n_clusters': 7, 'affinity': 'sigmoid', 'assign_labels': 'discretize', 'random_state': 123}",0.0815946893036741,310.919516054548,2.639903541343222
SpectralClustering,"{'n_clusters': 7, 'affinity': 'sigmoid', 'assign_labels': 'discretize', 'random_state': 456}",0.04132469154887925,263.8806931434513,2.3043131373699137
SpectralClustering,"{'n_clusters': 7, 'affinity': 'sigmoid', 'assign_labels': 'discretize', 'random_state': 789}",0.08116697116769754,327.90375394530116,3.2672716364964356
SpectralClustering,"{'n_clusters': 7, 'affinity': 'sigmoid', 'assign_labels': 'discretize', 'random_state': 1011}",0.0903602913412099,315.31740034818887,3.181698032609265
SpectralClustering,"{'n_clusters': 7, 'affinity': 'sigmoid', 'assign_labels': 'discretize', 'random_state': 2022}",0.07901771688676328,329.4561642740966,2.915806047805993
SpectralClustering,"{'n_clusters': 7, 'affinity': 'sigmoid', 'assign_labels': 'discretize', 'random_state': 3033}",0.05710060839035833,303.54134675872405,3.4476779503068973
SpectralClustering,"{'n_clusters': 7, 'affinity': 'sigmoid', 'assign_labels': 'discretize', 'random_state': 4044}",0.03092206511117505,393.2068499861017,2.5347911978446556
SpectralClustering,"{'n_clusters': 7, 'affinity': 'sigmoid', 'assign_labels': 'discretize', 'random_state': 5055}",0.07091295281486426,308.4421690349134,3.6468723857592247
SpectralClustering,"{'n_clusters': 7, 'affinity': 'sigmoid', 'assign_labels': 'discretize', 'random_state': 6066}",0.06654293397905696,318.342027055842,3.320481287815202
SpectralClustering,"{'n_clusters': 7, 'affinity': 'sigmoid', 'assign_labels': 'cluster_qr', 'random_state': 42}",-0.014524483567688502,146.17766563312435,3.9659538769148144
SpectralClustering,"{'n_clusters': 7, 'affinity': 'sigmoid', 'assign_labels': 'cluster_qr', 'random_state': 123}",-0.014524483567688502,146.17766563312435,3.9659538769148144
SpectralClustering,"{'n_clusters': 7, 'affinity': 'sigmoid', 'assign_labels': 'cluster_qr', 'random_state': 456}",-0.014524483567688502,146.17766563312435,3.9659538769148144
SpectralClustering,"{'n_clusters': 7, 'affinity': 'sigmoid', 'assign_labels': 'cluster_qr', 'random_state': 789}",-0.014524483567688502,146.17766563312435,3.9659538769148144
SpectralClustering,"{'n_clusters': 7, 'affinity': 'sigmoid', 'assign_labels': 'cluster_qr', 'random_state': 1011}",-0.014524483567688502,146.17766563312435,3.9659538769148144
SpectralClustering,"{'n_clusters': 7, 'affinity': 'sigmoid', 'assign_labels': 'cluster_qr', 'random_state': 2022}",-0.014524483567688502,146.17766563312435,3.9659538769148144
SpectralClustering,"{'n_clusters': 7, 'affinity': 'sigmoid', 'assign_labels': 'cluster_qr', 'random_state': 3033}",-0.014524483567688502,146.17766563312435,3.9659538769148144
SpectralClustering,"{'n_clusters': 7, 'affinity': 'sigmoid', 'assign_labels': 'cluster_qr', 'random_state': 4044}",-0.014524483567688502,146.17766563312435,3.9659538769148144
SpectralClustering,"{'n_clusters': 7, 'affinity': 'sigmoid', 'assign_labels': 'cluster_qr', 'random_state': 5055}",-0.014524483567688502,146.17766563312435,3.9659538769148144
SpectralClustering,"{'n_clusters': 7, 'affinity': 'sigmoid', 'assign_labels': 'cluster_qr', 'random_state': 6066}",-0.014524483567688502,146.17766563312435,3.9659538769148144
SpectralClustering,"{'n_clusters': 8, 'affinity': 'rbf', 'assign_labels': 'kmeans', 'random_state': 42}",0.3431786986845476,739.1834239899293,0.9564914496614592
SpectralClustering,"{'n_clusters': 8, 'affinity': 'rbf', 'assign_labels': 'kmeans', 'random_state': 123}",0.34232769393516377,735.3724503431573,0.9565335857123005
SpectralClustering,"{'n_clusters': 8, 'affinity': 'rbf', 'assign_labels': 'kmeans', 'random_state': 456}",0.34209911924815845,732.2005209925422,0.9556044874031914
SpectralClustering,"{'n_clusters': 8, 'affinity': 'rbf', 'assign_labels': 'kmeans', 'random_state': 789}",0.3432775572968327,739.3017664772769,0.9567027680348855
SpectralClustering,"{'n_clusters': 8, 'affinity': 'rbf', 'assign_labels': 'kmeans', 'random_state': 1011}",0.34232769393516377,735.3724503431574,0.9565335857123005
SpectralClustering,"{'n_clusters': 8, 'affinity': 'rbf', 'assign_labels': 'kmeans', 'random_state': 2022}",0.34399439238566454,744.2858930947648,0.9573269338514667
SpectralClustering,"{'n_clusters': 8, 'affinity': 'rbf', 'assign_labels': 'kmeans', 'random_state': 3033}",0.34232769393516377,735.3724503431574,0.9565335857123005
SpectralClustering,"{'n_clusters': 8, 'affinity': 'rbf', 'assign_labels': 'kmeans', 'random_state': 4044}",0.34329121666171,741.0713450615369,0.957613388656068
SpectralClustering,"{'n_clusters': 8, 'affinity': 'rbf', 'assign_labels': 'kmeans', 'random_state': 5055}",0.343139555576164,740.4229918610346,0.957384435250807
SpectralClustering,"{'n_clusters': 8, 'affinity': 'rbf', 'assign_labels': 'kmeans', 'random_state': 6066}",0.34209911924815845,732.2005209925422,0.9556044874031913
SpectralClustering,"{'n_clusters': 8, 'affinity': 'rbf', 'assign_labels': 'discretize', 'random_state': 42}",0.28345369721414243,1244.6305931755664,1.1369055430330621
SpectralClustering,"{'n_clusters': 8, 'affinity': 'rbf', 'assign_labels': 'discretize', 'random_state': 123}",0.2854489218309596,1231.291563664761,1.1102492387984402
SpectralClustering,"{'n_clusters': 8, 'affinity': 'rbf', 'assign_labels': 'discretize', 'random_state': 456}",0.2812237003873419,1246.1281223041017,1.1243134635183232
SpectralClustering,"{'n_clusters': 8, 'affinity': 'rbf', 'assign_labels': 'discretize', 'random_state': 789}",0.2828768534572567,1237.9464883906544,1.1371922431772687
SpectralClustering,"{'n_clusters': 8, 'affinity': 'rbf', 'assign_labels': 'discretize', 'random_state': 1011}",0.2835234382698361,1245.216129310014,1.1378048923057165
SpectralClustering,"{'n_clusters': 8, 'affinity': 'rbf', 'assign_labels': 'discretize', 'random_state': 2022}",0.2835436368946121,1245.2795685801195,1.13793119292749
SpectralClustering,"{'n_clusters': 8, 'affinity': 'rbf', 'assign_labels': 'discretize', 'random_state': 3033}",0.28176364506906176,1351.8888397009266,1.1181088856790862
SpectralClustering,"{'n_clusters': 8, 'affinity': 'rbf', 'assign_labels': 'discretize', 'random_state': 4044}",0.28240074108814717,1233.5515185743627,1.1380220827844791
SpectralClustering,"{'n_clusters': 8, 'affinity': 'rbf', 'assign_labels': 'discretize', 'random_state': 5055}",0.2852022671594974,1230.3039194062294,1.1107021028810569
SpectralClustering,"{'n_clusters': 8, 'affinity': 'rbf', 'assign_labels': 'discretize', 'random_state': 6066}",0.28158898979759545,1247.1891841007662,1.1249386430156851
SpectralClustering,"{'n_clusters': 8, 'affinity': 'rbf', 'assign_labels': 'cluster_qr', 'random_state': 42}",0.28547335963630854,1231.660877830823,1.3207311210806942
SpectralClustering,"{'n_clusters': 8, 'affinity': 'rbf', 'assign_labels': 'cluster_qr', 'random_state': 123}",0.28547335963630854,1231.660877830823,1.3207311210806942
SpectralClustering,"{'n_clusters': 8, 'affinity': 'rbf', 'assign_labels': 'cluster_qr', 'random_state': 456}",0.28547335963630854,1231.660877830823,1.3207311210806942
SpectralClustering,"{'n_clusters': 8, 'affinity': 'rbf', 'assign_labels': 'cluster_qr', 'random_state': 789}",0.28547335963630854,1231.660877830823,1.3207311210806942
SpectralClustering,"{'n_clusters': 8, 'affinity': 'rbf', 'assign_labels': 'cluster_qr', 'random_state': 1011}",0.28547335963630854,1231.660877830823,1.3207311210806942
SpectralClustering,"{'n_clusters': 8, 'affinity': 'rbf', 'assign_labels': 'cluster_qr', 'random_state': 2022}",0.28547335963630854,1231.660877830823,1.3207311210806942
SpectralClustering,"{'n_clusters': 8, 'affinity': 'rbf', 'assign_labels': 'cluster_qr', 'random_state': 3033}",0.28547335963630854,1231.660877830823,1.3207311210806942
SpectralClustering,"{'n_clusters': 8, 'affinity': 'rbf', 'assign_labels': 'cluster_qr', 'random_state': 4044}",0.28547335963630854,1231.660877830823,1.3207311210806942
SpectralClustering,"{'n_clusters': 8, 'affinity': 'rbf', 'assign_labels': 'cluster_qr', 'random_state': 5055}",0.28547335963630854,1231.660877830823,1.3207311210806942
SpectralClustering,"{'n_clusters': 8, 'affinity': 'rbf', 'assign_labels': 'cluster_qr', 'random_state': 6066}",0.28547335963630854,1231.660877830823,1.3207311210806942
SpectralClustering,"{'n_clusters': 8, 'affinity': 'nearest_neighbors', 'assign_labels': 'kmeans', 'random_state': 42, 'n_neighbors': 5}",0.23863768513836064,1210.358347616442,1.1440416523082835
SpectralClustering,"{'n_clusters': 8, 'affinity': 'nearest_neighbors', 'assign_labels': 'kmeans', 'random_state': 123, 'n_neighbors': 5}",0.23884586193819854,1210.7216811264213,1.1442366893246119
SpectralClustering,"{'n_clusters': 8, 'affinity': 'nearest_neighbors', 'assign_labels': 'kmeans', 'random_state': 456, 'n_neighbors': 5}",0.23870820078408767,1210.4313726046892,1.1436104364943491
SpectralClustering,"{'n_clusters': 8, 'affinity': 'nearest_neighbors', 'assign_labels': 'kmeans', 'random_state': 789, 'n_neighbors': 5}",0.23850999162921346,1209.5479097335547,1.1437822493853735
SpectralClustering,"{'n_clusters': 8, 'affinity': 'nearest_neighbors', 'assign_labels': 'kmeans', 'random_state': 1011, 'n_neighbors': 5}",0.23870820078408767,1210.4313726046892,1.1436104364943491
SpectralClustering,"{'n_clusters': 8, 'affinity': 'nearest_neighbors', 'assign_labels': 'kmeans', 'random_state': 2022, 'n_neighbors': 5}",0.23872910156466967,1210.6628552916836,1.1440958313429297
SpectralClustering,"{'n_clusters': 8, 'affinity': 'nearest_neighbors', 'assign_labels': 'kmeans', 'random_state': 3033, 'n_neighbors': 5}",0.2387535057835889,1210.4159525125951,1.1441841696306385
SpectralClustering,"{'n_clusters': 8, 'affinity': 'nearest_neighbors', 'assign_labels': 'kmeans', 'random_state': 4044, 'n_neighbors': 5}",0.23884586193819854,1210.7216811264216,1.1442366893246116
SpectralClustering,"{'n_clusters': 8, 'affinity': 'nearest_neighbors', 'assign_labels': 'kmeans', 'random_state': 5055, 'n_neighbors': 5}",0.23872910156466967,1210.6628552916836,1.1440958313429295
SpectralClustering,"{'n_clusters': 8, 'affinity': 'nearest_neighbors', 'assign_labels': 'kmeans', 'random_state': 6066, 'n_neighbors': 5}",0.23888516067759355,1210.510304957525,1.144386210050711
SpectralClustering,"{'n_clusters': 8, 'affinity': 'nearest_neighbors', 'assign_labels': 'discretize', 'random_state': 42, 'n_neighbors': 5}",0.2470291083311933,1250.4664922592797,1.207339037454554
SpectralClustering,"{'n_clusters': 8, 'affinity': 'nearest_neighbors', 'assign_labels': 'discretize', 'random_state': 123, 'n_neighbors': 5}",0.2470291083311933,1250.46649225928,1.2073390374545538
SpectralClustering,"{'n_clusters': 8, 'affinity': 'nearest_neighbors', 'assign_labels': 'discretize', 'random_state': 456, 'n_neighbors': 5}",0.2470291083311933,1250.46649225928,1.2073390374545538
SpectralClustering,"{'n_clusters': 8, 'affinity': 'nearest_neighbors', 'assign_labels': 'discretize', 'random_state': 789, 'n_neighbors': 5}",0.2465286036088303,1249.793441238377,1.208020192450345
SpectralClustering,"{'n_clusters': 8, 'affinity': 'nearest_neighbors', 'assign_labels': 'discretize', 'random_state': 1011, 'n_neighbors': 5}",0.2470291083311933,1250.46649225928,1.2073390374545538
SpectralClustering,"{'n_clusters': 8, 'affinity': 'nearest_neighbors', 'assign_labels': 'discretize', 'random_state': 2022, 'n_neighbors': 5}",0.2469455581917806,1250.2617763634307,1.207628101891201
SpectralClustering,"{'n_clusters': 8, 'affinity': 'nearest_neighbors', 'assign_labels': 'discretize', 'random_state': 3033, 'n_neighbors': 5}",0.25001407909066914,1255.4452641316382,1.1933725981164351
SpectralClustering,"{'n_clusters': 8, 'affinity': 'nearest_neighbors', 'assign_labels': 'discretize', 'random_state': 4044, 'n_neighbors': 5}",0.24469486950303002,1287.7276272398913,1.2253966001147256
SpectralClustering,"{'n_clusters': 8, 'affinity': 'nearest_neighbors', 'assign_labels': 'discretize', 'random_state': 5055, 'n_neighbors': 5}",0.24950659264158184,1253.7015351973196,1.193776776230192
SpectralClustering,"{'n_clusters': 8, 'affinity': 'nearest_neighbors', 'assign_labels': 'discretize', 'random_state': 6066, 'n_neighbors': 5}",0.2465286036088303,1249.793441238377,1.208020192450345
SpectralClustering,"{'n_clusters': 8, 'affinity': 'nearest_neighbors', 'assign_labels': 'cluster_qr', 'random_state': 42, 'n_neighbors': 5}",0.24706627568748007,1252.8704035012727,1.1972298385036564
SpectralClustering,"{'n_clusters': 8, 'affinity': 'nearest_neighbors', 'assign_labels': 'cluster_qr', 'random_state': 123, 'n_neighbors': 5}",0.24706627568748007,1252.8704035012727,1.1972298385036564
SpectralClustering,"{'n_clusters': 8, 'affinity': 'nearest_neighbors', 'assign_labels': 'cluster_qr', 'random_state': 456, 'n_neighbors': 5}",0.24706627568748007,1252.8704035012727,1.1972298385036564
SpectralClustering,"{'n_clusters': 8, 'affinity': 'nearest_neighbors', 'assign_labels': 'cluster_qr', 'random_state': 789, 'n_neighbors': 5}",0.24706627568748007,1252.8704035012727,1.1972298385036564
SpectralClustering,"{'n_clusters': 8, 'affinity': 'nearest_neighbors', 'assign_labels': 'cluster_qr', 'random_state': 1011, 'n_neighbors': 5}",0.24706627568748007,1252.8704035012727,1.1972298385036564
SpectralClustering,"{'n_clusters': 8, 'affinity': 'nearest_neighbors', 'assign_labels': 'cluster_qr', 'random_state': 2022, 'n_neighbors': 5}",0.24706627568748007,1252.8704035012727,1.1972298385036564
SpectralClustering,"{'n_clusters': 8, 'affinity': 'nearest_neighbors', 'assign_labels': 'cluster_qr', 'random_state': 3033, 'n_neighbors': 5}",0.24706627568748007,1252.8704035012727,1.1972298385036564
SpectralClustering,"{'n_clusters': 8, 'affinity': 'nearest_neighbors', 'assign_labels': 'cluster_qr', 'random_state': 4044, 'n_neighbors': 5}",0.24706627568748007,1252.8704035012727,1.1972298385036564
SpectralClustering,"{'n_clusters': 8, 'affinity': 'nearest_neighbors', 'assign_labels': 'cluster_qr', 'random_state': 5055, 'n_neighbors': 5}",0.24706627568748007,1252.8704035012727,1.1972298385036564
SpectralClustering,"{'n_clusters': 8, 'affinity': 'nearest_neighbors', 'assign_labels': 'cluster_qr', 'random_state': 6066, 'n_neighbors': 5}",0.24706627568748007,1252.8704035012727,1.1972298385036564
SpectralClustering,"{'n_clusters': 8, 'affinity': 'nearest_neighbors', 'assign_labels': 'kmeans', 'random_state': 42, 'n_neighbors': 10}",0.23970005820790663,1345.7976242013026,1.2294891297393002
SpectralClustering,"{'n_clusters': 8, 'affinity': 'nearest_neighbors', 'assign_labels': 'kmeans', 'random_state': 123, 'n_neighbors': 10}",0.24067352643101497,1348.3848507216924,1.2248809364334674
SpectralClustering,"{'n_clusters': 8, 'affinity': 'nearest_neighbors', 'assign_labels': 'kmeans', 'random_state': 456, 'n_neighbors': 10}",0.24071164628318042,1348.3090581450415,1.2257931357627099
SpectralClustering,"{'n_clusters': 8, 'affinity': 'nearest_neighbors', 'assign_labels': 'kmeans', 'random_state': 789, 'n_neighbors': 10}",0.24071164628318042,1348.3090581450415,1.2257931357627099
SpectralClustering,"{'n_clusters': 8, 'affinity': 'nearest_neighbors', 'assign_labels': 'kmeans', 'random_state': 1011, 'n_neighbors': 10}",0.2408244936914922,1348.4779780824827,1.2261643572188499
SpectralClustering,"{'n_clusters': 8, 'affinity': 'nearest_neighbors', 'assign_labels': 'kmeans', 'random_state': 2022, 'n_neighbors': 10}",0.24079429884603762,1348.24810300626,1.2259053480624167
SpectralClustering,"{'n_clusters': 8, 'affinity': 'nearest_neighbors', 'assign_labels': 'kmeans', 'random_state': 3033, 'n_neighbors': 10}",0.24076101536073105,1348.4181121452943,1.2258893036310856
SpectralClustering,"{'n_clusters': 8, 'affinity': 'nearest_neighbors', 'assign_labels': 'kmeans', 'random_state': 4044, 'n_neighbors': 10}",0.2408075198822201,1348.3533627503032,1.225928262243568
SpectralClustering,"{'n_clusters': 8, 'affinity': 'nearest_neighbors', 'assign_labels': 'kmeans', 'random_state': 5055, 'n_neighbors': 10}",0.2407244603666811,1348.4143649625223,1.2258143038366
SpectralClustering,"{'n_clusters': 8, 'affinity': 'nearest_neighbors', 'assign_labels': 'kmeans', 'random_state': 6066, 'n_neighbors': 10}",0.23885676275969908,1343.1836247078752,1.2311327525420612
SpectralClustering,"{'n_clusters': 8, 'affinity': 'nearest_neighbors', 'assign_labels': 'discretize', 'random_state': 42, 'n_neighbors': 10}",0.2560694720163786,1387.4268531713715,1.2122431796692907
SpectralClustering,"{'n_clusters': 8, 'affinity': 'nearest_neighbors', 'assign_labels': 'discretize', 'random_state': 123, 'n_neighbors': 10}",0.25629002510379056,1388.0230328535865,1.2117377592740908
SpectralClustering,"{'n_clusters': 8, 'affinity': 'nearest_neighbors', 'assign_labels': 'discretize', 'random_state': 456, 'n_neighbors': 10}",0.25604464440391744,1388.2299289212372,1.2115619496882548
SpectralClustering,"{'n_clusters': 8, 'affinity': 'nearest_neighbors', 'assign_labels': 'discretize', 'random_state': 789, 'n_neighbors': 10}",0.25604464440391744,1388.2299289212372,1.2115619496882548
SpectralClustering,"{'n_clusters': 8, 'affinity': 'nearest_neighbors', 'assign_labels': 'discretize', 'random_state': 1011, 'n_neighbors': 10}",0.25582593476678295,1381.1615797080233,1.2195182141223717
SpectralClustering,"{'n_clusters': 8, 'affinity': 'nearest_neighbors', 'assign_labels': 'discretize', 'random_state': 2022, 'n_neighbors': 10}",0.2556616947035449,1387.4962087730917,1.2112101371066295
SpectralClustering,"{'n_clusters': 8, 'affinity': 'nearest_neighbors', 'assign_labels': 'discretize', 'random_state': 3033, 'n_neighbors': 10}",0.2558213566903017,1381.596955403555,1.2194381560948786
SpectralClustering,"{'n_clusters': 8, 'affinity': 'nearest_neighbors', 'assign_labels': 'discretize', 'random_state': 4044, 'n_neighbors': 10}",0.25589587454898083,1381.6969376070792,1.21937322218194
SpectralClustering,"{'n_clusters': 8, 'affinity': 'nearest_neighbors', 'assign_labels': 'discretize', 'random_state': 5055, 'n_neighbors': 10}",0.25579994412839313,1379.941736257581,1.220820853736162
SpectralClustering,"{'n_clusters': 8, 'affinity': 'nearest_neighbors', 'assign_labels': 'discretize', 'random_state': 6066, 'n_neighbors': 10}",0.2560942359484799,1384.655097930772,1.2127597434906776
SpectralClustering,"{'n_clusters': 8, 'affinity': 'nearest_neighbors', 'assign_labels': 'cluster_qr', 'random_state': 42, 'n_neighbors': 10}",0.23838653561633824,1340.6957445549697,1.2570865011457935
SpectralClustering,"{'n_clusters': 8, 'affinity': 'nearest_neighbors', 'assign_labels': 'cluster_qr', 'random_state': 123, 'n_neighbors': 10}",0.23838653561633824,1340.6957445549697,1.2570865011457935
SpectralClustering,"{'n_clusters': 8, 'affinity': 'nearest_neighbors', 'assign_labels': 'cluster_qr', 'random_state': 456, 'n_neighbors': 10}",0.23838653561633824,1340.6957445549697,1.2570865011457935
SpectralClustering,"{'n_clusters': 8, 'affinity': 'nearest_neighbors', 'assign_labels': 'cluster_qr', 'random_state': 789, 'n_neighbors': 10}",0.23838653561633824,1340.6957445549697,1.2570865011457935
SpectralClustering,"{'n_clusters': 8, 'affinity': 'nearest_neighbors', 'assign_labels': 'cluster_qr', 'random_state': 1011, 'n_neighbors': 10}",0.23838653561633824,1340.6957445549697,1.2570865011457935
SpectralClustering,"{'n_clusters': 8, 'affinity': 'nearest_neighbors', 'assign_labels': 'cluster_qr', 'random_state': 2022, 'n_neighbors': 10}",0.23838653561633824,1340.6957445549697,1.2570865011457935
SpectralClustering,"{'n_clusters': 8, 'affinity': 'nearest_neighbors', 'assign_labels': 'cluster_qr', 'random_state': 3033, 'n_neighbors': 10}",0.23838653561633824,1340.6957445549697,1.2570865011457935
SpectralClustering,"{'n_clusters': 8, 'affinity': 'nearest_neighbors', 'assign_labels': 'cluster_qr', 'random_state': 4044, 'n_neighbors': 10}",0.23838653561633824,1340.6957445549697,1.2570865011457935
SpectralClustering,"{'n_clusters': 8, 'affinity': 'nearest_neighbors', 'assign_labels': 'cluster_qr', 'random_state': 5055, 'n_neighbors': 10}",0.23838653561633824,1340.6957445549697,1.2570865011457935
SpectralClustering,"{'n_clusters': 8, 'affinity': 'nearest_neighbors', 'assign_labels': 'cluster_qr', 'random_state': 6066, 'n_neighbors': 10}",0.23838653561633824,1340.6957445549697,1.2570865011457935
SpectralClustering,"{'n_clusters': 8, 'affinity': 'nearest_neighbors', 'assign_labels': 'kmeans', 'random_state': 42, 'n_neighbors': 15}",0.2402108059260565,1342.146446779197,1.2149019096558504
SpectralClustering,"{'n_clusters': 8, 'affinity': 'nearest_neighbors', 'assign_labels': 'kmeans', 'random_state': 123, 'n_neighbors': 15}",0.24039389157172505,1345.2142494182006,1.216411418168382
SpectralClustering,"{'n_clusters': 8, 'affinity': 'nearest_neighbors', 'assign_labels': 'kmeans', 'random_state': 456, 'n_neighbors': 15}",0.24039389157172505,1345.2142494182006,1.2164114181683818
SpectralClustering,"{'n_clusters': 8, 'affinity': 'nearest_neighbors', 'assign_labels': 'kmeans', 'random_state': 789, 'n_neighbors': 15}",0.2402108059260565,1342.146446779197,1.2149019096558507
SpectralClustering,"{'n_clusters': 8, 'affinity': 'nearest_neighbors', 'assign_labels': 'kmeans', 'random_state': 1011, 'n_neighbors': 15}",0.24039389157172505,1345.2142494182008,1.2164114181683818
SpectralClustering,"{'n_clusters': 8, 'affinity': 'nearest_neighbors', 'assign_labels': 'kmeans', 'random_state': 2022, 'n_neighbors': 15}",0.2402108059260565,1342.1464467791968,1.2149019096558504
SpectralClustering,"{'n_clusters': 8, 'affinity': 'nearest_neighbors', 'assign_labels': 'kmeans', 'random_state': 3033, 'n_neighbors': 15}",0.24039389157172505,1345.2142494182006,1.216411418168382
SpectralClustering,"{'n_clusters': 8, 'affinity': 'nearest_neighbors', 'assign_labels': 'kmeans', 'random_state': 4044, 'n_neighbors': 15}",0.24039389157172505,1345.2142494182006,1.216411418168382
SpectralClustering,"{'n_clusters': 8, 'affinity': 'nearest_neighbors', 'assign_labels': 'kmeans', 'random_state': 5055, 'n_neighbors': 15}",0.24039389157172505,1345.2142494182006,1.2164114181683818
SpectralClustering,"{'n_clusters': 8, 'affinity': 'nearest_neighbors', 'assign_labels': 'kmeans', 'random_state': 6066, 'n_neighbors': 15}",0.24039389157172505,1345.2142494182006,1.216411418168382
SpectralClustering,"{'n_clusters': 8, 'affinity': 'nearest_neighbors', 'assign_labels': 'discretize', 'random_state': 42, 'n_neighbors': 15}",0.2577132186208325,1387.7328249724476,1.2165696565964907
SpectralClustering,"{'n_clusters': 8, 'affinity': 'nearest_neighbors', 'assign_labels': 'discretize', 'random_state': 123, 'n_neighbors': 15}",0.2577132186208325,1387.7328249724478,1.2165696565964905
SpectralClustering,"{'n_clusters': 8, 'affinity': 'nearest_neighbors', 'assign_labels': 'discretize', 'random_state': 456, 'n_neighbors': 15}",0.2577132186208325,1387.7328249724474,1.2165696565964905
SpectralClustering,"{'n_clusters': 8, 'affinity': 'nearest_neighbors', 'assign_labels': 'discretize', 'random_state': 789, 'n_neighbors': 15}",0.2567886721303999,1385.6177256842082,1.2160638463524687
SpectralClustering,"{'n_clusters': 8, 'affinity': 'nearest_neighbors', 'assign_labels': 'discretize', 'random_state': 1011, 'n_neighbors': 15}",0.2567886721303999,1385.6177256842077,1.2160638463524687
SpectralClustering,"{'n_clusters': 8, 'affinity': 'nearest_neighbors', 'assign_labels': 'discretize', 'random_state': 2022, 'n_neighbors': 15}",0.2563836964938666,1383.474528835666,1.2183326802472738
SpectralClustering,"{'n_clusters': 8, 'affinity': 'nearest_neighbors', 'assign_labels': 'discretize', 'random_state': 3033, 'n_neighbors': 15}",0.2577132186208325,1387.7328249724476,1.2165696565964907
SpectralClustering,"{'n_clusters': 8, 'affinity': 'nearest_neighbors', 'assign_labels': 'discretize', 'random_state': 4044, 'n_neighbors': 15}",0.2577132186208325,1387.732824972448,1.2165696565964905
SpectralClustering,"{'n_clusters': 8, 'affinity': 'nearest_neighbors', 'assign_labels': 'discretize', 'random_state': 5055, 'n_neighbors': 15}",0.2577132186208325,1387.7328249724476,1.2165696565964905
SpectralClustering,"{'n_clusters': 8, 'affinity': 'nearest_neighbors', 'assign_labels': 'discretize', 'random_state': 6066, 'n_neighbors': 15}",0.2577132186208325,1387.7328249724478,1.2165696565964907
SpectralClustering,"{'n_clusters': 8, 'affinity': 'nearest_neighbors', 'assign_labels': 'cluster_qr', 'random_state': 42, 'n_neighbors': 15}",0.23538852066252586,1352.602755350015,1.2112571323227883
SpectralClustering,"{'n_clusters': 8, 'affinity': 'nearest_neighbors', 'assign_labels': 'cluster_qr', 'random_state': 123, 'n_neighbors': 15}",0.23538852066252586,1352.602755350015,1.2112571323227883
SpectralClustering,"{'n_clusters': 8, 'affinity': 'nearest_neighbors', 'assign_labels': 'cluster_qr', 'random_state': 456, 'n_neighbors': 15}",0.23538852066252586,1352.602755350015,1.2112571323227883
SpectralClustering,"{'n_clusters': 8, 'affinity': 'nearest_neighbors', 'assign_labels': 'cluster_qr', 'random_state': 789, 'n_neighbors': 15}",0.23538852066252586,1352.602755350015,1.2112571323227883
SpectralClustering,"{'n_clusters': 8, 'affinity': 'nearest_neighbors', 'assign_labels': 'cluster_qr', 'random_state': 1011, 'n_neighbors': 15}",0.23538852066252586,1352.602755350015,1.2112571323227883
SpectralClustering,"{'n_clusters': 8, 'affinity': 'nearest_neighbors', 'assign_labels': 'cluster_qr', 'random_state': 2022, 'n_neighbors': 15}",0.23538852066252586,1352.602755350015,1.2112571323227883
SpectralClustering,"{'n_clusters': 8, 'affinity': 'nearest_neighbors', 'assign_labels': 'cluster_qr', 'random_state': 3033, 'n_neighbors': 15}",0.23538852066252586,1352.602755350015,1.2112571323227883
SpectralClustering,"{'n_clusters': 8, 'affinity': 'nearest_neighbors', 'assign_labels': 'cluster_qr', 'random_state': 4044, 'n_neighbors': 15}",0.23538852066252586,1352.602755350015,1.2112571323227883
SpectralClustering,"{'n_clusters': 8, 'affinity': 'nearest_neighbors', 'assign_labels': 'cluster_qr', 'random_state': 5055, 'n_neighbors': 15}",0.23538852066252586,1352.602755350015,1.2112571323227883
SpectralClustering,"{'n_clusters': 8, 'affinity': 'nearest_neighbors', 'assign_labels': 'cluster_qr', 'random_state': 6066, 'n_neighbors': 15}",0.23538852066252586,1352.602755350015,1.2112571323227883
SpectralClustering,"{'n_clusters': 8, 'affinity': 'nearest_neighbors', 'assign_labels': 'kmeans', 'random_state': 42, 'n_neighbors': 20}",0.24346959571078652,1353.8571218481661,1.2150371064820678
SpectralClustering,"{'n_clusters': 8, 'affinity': 'nearest_neighbors', 'assign_labels': 'kmeans', 'random_state': 123, 'n_neighbors': 20}",0.24346959571078652,1353.8571218481663,1.2150371064820678
SpectralClustering,"{'n_clusters': 8, 'affinity': 'nearest_neighbors', 'assign_labels': 'kmeans', 'random_state': 456, 'n_neighbors': 20}",0.24349524250676388,1353.7794638611292,1.2152239863304093
SpectralClustering,"{'n_clusters': 8, 'affinity': 'nearest_neighbors', 'assign_labels': 'kmeans', 'random_state': 789, 'n_neighbors': 20}",0.24349524250676388,1353.7794638611294,1.2152239863304093
SpectralClustering,"{'n_clusters': 8, 'affinity': 'nearest_neighbors', 'assign_labels': 'kmeans', 'random_state': 1011, 'n_neighbors': 20}",0.24349524250676388,1353.7794638611294,1.2152239863304093
SpectralClustering,"{'n_clusters': 8, 'affinity': 'nearest_neighbors', 'assign_labels': 'kmeans', 'random_state': 2022, 'n_neighbors': 20}",0.24349524250676388,1353.7794638611294,1.2152239863304093
SpectralClustering,"{'n_clusters': 8, 'affinity': 'nearest_neighbors', 'assign_labels': 'kmeans', 'random_state': 3033, 'n_neighbors': 20}",0.24349524250676388,1353.7794638611294,1.2152239863304093
SpectralClustering,"{'n_clusters': 8, 'affinity': 'nearest_neighbors', 'assign_labels': 'kmeans', 'random_state': 4044, 'n_neighbors': 20}",0.24349524250676388,1353.7794638611297,1.2152239863304093
SpectralClustering,"{'n_clusters': 8, 'affinity': 'nearest_neighbors', 'assign_labels': 'kmeans', 'random_state': 5055, 'n_neighbors': 20}",0.24349524250676388,1353.7794638611292,1.2152239863304093
SpectralClustering,"{'n_clusters': 8, 'affinity': 'nearest_neighbors', 'assign_labels': 'kmeans', 'random_state': 6066, 'n_neighbors': 20}",0.24349524250676388,1353.7794638611292,1.2152239863304093
SpectralClustering,"{'n_clusters': 8, 'affinity': 'nearest_neighbors', 'assign_labels': 'discretize', 'random_state': 42, 'n_neighbors': 20}",0.26022303585492856,1386.2504308458133,1.2115995428118542
SpectralClustering,"{'n_clusters': 8, 'affinity': 'nearest_neighbors', 'assign_labels': 'discretize', 'random_state': 123, 'n_neighbors': 20}",0.2599716694260777,1387.0079235066557,1.2117497424933883
SpectralClustering,"{'n_clusters': 8, 'affinity': 'nearest_neighbors', 'assign_labels': 'discretize', 'random_state': 456, 'n_neighbors': 20}",0.2595098385553498,1386.0204535013424,1.2126736218216467
SpectralClustering,"{'n_clusters': 8, 'affinity': 'nearest_neighbors', 'assign_labels': 'discretize', 'random_state': 789, 'n_neighbors': 20}",0.2589314213375126,1384.8197673805753,1.2128812772326578
SpectralClustering,"{'n_clusters': 8, 'affinity': 'nearest_neighbors', 'assign_labels': 'discretize', 'random_state': 1011, 'n_neighbors': 20}",0.26016568271107193,1386.1043844421872,1.2117349315913342
SpectralClustering,"{'n_clusters': 8, 'affinity': 'nearest_neighbors', 'assign_labels': 'discretize', 'random_state': 2022, 'n_neighbors': 20}",0.2592220798461833,1385.023511129286,1.213098677911241
SpectralClustering,"{'n_clusters': 8, 'affinity': 'nearest_neighbors', 'assign_labels': 'discretize', 'random_state': 3033, 'n_neighbors': 20}",0.2595098385553498,1386.0204535013424,1.2126736218216465
SpectralClustering,"{'n_clusters': 8, 'affinity': 'nearest_neighbors', 'assign_labels': 'discretize', 'random_state': 4044, 'n_neighbors': 20}",0.2599716694260777,1387.007923506656,1.2117497424933883
SpectralClustering,"{'n_clusters': 8, 'affinity': 'nearest_neighbors', 'assign_labels': 'discretize', 'random_state': 5055, 'n_neighbors': 20}",0.2586084317271224,1384.1116587999843,1.213553338210395
SpectralClustering,"{'n_clusters': 8, 'affinity': 'nearest_neighbors', 'assign_labels': 'discretize', 'random_state': 6066, 'n_neighbors': 20}",0.26022303585492856,1386.2504308458133,1.2115995428118542
SpectralClustering,"{'n_clusters': 8, 'affinity': 'nearest_neighbors', 'assign_labels': 'cluster_qr', 'random_state': 42, 'n_neighbors': 20}",0.23402578036548102,1350.0616980460138,1.2076636573064539
SpectralClustering,"{'n_clusters': 8, 'affinity': 'nearest_neighbors', 'assign_labels': 'cluster_qr', 'random_state': 123, 'n_neighbors': 20}",0.23402578036548102,1350.0616980460138,1.2076636573064539
SpectralClustering,"{'n_clusters': 8, 'affinity': 'nearest_neighbors', 'assign_labels': 'cluster_qr', 'random_state': 456, 'n_neighbors': 20}",0.23402578036548102,1350.0616980460138,1.2076636573064539
SpectralClustering,"{'n_clusters': 8, 'affinity': 'nearest_neighbors', 'assign_labels': 'cluster_qr', 'random_state': 789, 'n_neighbors': 20}",0.23402578036548102,1350.0616980460138,1.2076636573064539
SpectralClustering,"{'n_clusters': 8, 'affinity': 'nearest_neighbors', 'assign_labels': 'cluster_qr', 'random_state': 1011, 'n_neighbors': 20}",0.23402578036548102,1350.0616980460138,1.2076636573064539
SpectralClustering,"{'n_clusters': 8, 'affinity': 'nearest_neighbors', 'assign_labels': 'cluster_qr', 'random_state': 2022, 'n_neighbors': 20}",0.23402578036548102,1350.0616980460138,1.2076636573064539
SpectralClustering,"{'n_clusters': 8, 'affinity': 'nearest_neighbors', 'assign_labels': 'cluster_qr', 'random_state': 3033, 'n_neighbors': 20}",0.23402578036548102,1350.0616980460138,1.2076636573064539
SpectralClustering,"{'n_clusters': 8, 'affinity': 'nearest_neighbors', 'assign_labels': 'cluster_qr', 'random_state': 4044, 'n_neighbors': 20}",0.23402578036548102,1350.0616980460138,1.2076636573064539
SpectralClustering,"{'n_clusters': 8, 'affinity': 'nearest_neighbors', 'assign_labels': 'cluster_qr', 'random_state': 5055, 'n_neighbors': 20}",0.23402578036548102,1350.0616980460138,1.2076636573064539
SpectralClustering,"{'n_clusters': 8, 'affinity': 'nearest_neighbors', 'assign_labels': 'cluster_qr', 'random_state': 6066, 'n_neighbors': 20}",0.23402578036548102,1350.0616980460138,1.2076636573064539
SpectralClustering,"{'n_clusters': 8, 'affinity': 'nearest_neighbors', 'assign_labels': 'kmeans', 'random_state': 42, 'n_neighbors': 50}",0.24917005655869012,1365.6420929601047,1.2146983129293527
SpectralClustering,"{'n_clusters': 8, 'affinity': 'nearest_neighbors', 'assign_labels': 'kmeans', 'random_state': 123, 'n_neighbors': 50}",0.24911552281561924,1365.413365961123,1.2143973263438577
SpectralClustering,"{'n_clusters': 8, 'affinity': 'nearest_neighbors', 'assign_labels': 'kmeans', 'random_state': 456, 'n_neighbors': 50}",0.24910653113429973,1365.6336899916437,1.2146569449541231
SpectralClustering,"{'n_clusters': 8, 'affinity': 'nearest_neighbors', 'assign_labels': 'kmeans', 'random_state': 789, 'n_neighbors': 50}",0.24910653113429973,1365.6336899916437,1.2146569449541231
SpectralClustering,"{'n_clusters': 8, 'affinity': 'nearest_neighbors', 'assign_labels': 'kmeans', 'random_state': 1011, 'n_neighbors': 50}",0.2490527821233738,1365.9178537731639,1.2131904364333363
SpectralClustering,"{'n_clusters': 8, 'affinity': 'nearest_neighbors', 'assign_labels': 'kmeans', 'random_state': 2022, 'n_neighbors': 50}",0.24917005655869012,1365.6420929601047,1.2146983129293525
SpectralClustering,"{'n_clusters': 8, 'affinity': 'nearest_neighbors', 'assign_labels': 'kmeans', 'random_state': 3033, 'n_neighbors': 50}",0.24911552281561924,1365.4133659611227,1.2143973263438579
SpectralClustering,"{'n_clusters': 8, 'affinity': 'nearest_neighbors', 'assign_labels': 'kmeans', 'random_state': 4044, 'n_neighbors': 50}",0.24913223865189843,1365.5979670192553,1.213976326010172
SpectralClustering,"{'n_clusters': 8, 'affinity': 'nearest_neighbors', 'assign_labels': 'kmeans', 'random_state': 5055, 'n_neighbors': 50}",0.2491630864575693,1365.5413884116067,1.214181487337303
SpectralClustering,"{'n_clusters': 8, 'affinity': 'nearest_neighbors', 'assign_labels': 'kmeans', 'random_state': 6066, 'n_neighbors': 50}",0.24911552281561924,1365.4133659611227,1.2143973263438579
SpectralClustering,"{'n_clusters': 8, 'affinity': 'nearest_neighbors', 'assign_labels': 'discretize', 'random_state': 42, 'n_neighbors': 50}",0.2598766306255599,1380.02730271608,1.21008053988135
SpectralClustering,"{'n_clusters': 8, 'affinity': 'nearest_neighbors', 'assign_labels': 'discretize', 'random_state': 123, 'n_neighbors': 50}",0.2598638807423441,1379.9481185886311,1.2102185294633967
SpectralClustering,"{'n_clusters': 8, 'affinity': 'nearest_neighbors', 'assign_labels': 'discretize', 'random_state': 456, 'n_neighbors': 50}",0.25991579083391025,1380.0641079680195,1.2101050693571151
SpectralClustering,"{'n_clusters': 8, 'affinity': 'nearest_neighbors', 'assign_labels': 'discretize', 'random_state': 789, 'n_neighbors': 50}",0.25982472039523613,1379.9113181608368,1.2101939999876317
SpectralClustering,"{'n_clusters': 8, 'affinity': 'nearest_neighbors', 'assign_labels': 'discretize', 'random_state': 1011, 'n_neighbors': 50}",0.2598638807423441,1379.9481185886311,1.2102185294633965
SpectralClustering,"{'n_clusters': 8, 'affinity': 'nearest_neighbors', 'assign_labels': 'discretize', 'random_state': 2022, 'n_neighbors': 50}",0.25982472039523613,1379.911318160837,1.2101939999876317
SpectralClustering,"{'n_clusters': 8, 'affinity': 'nearest_neighbors', 'assign_labels': 'discretize', 'random_state': 3033, 'n_neighbors': 50}",0.25982472039523613,1379.9113181608373,1.2101939999876317
SpectralClustering,"{'n_clusters': 8, 'affinity': 'nearest_neighbors', 'assign_labels': 'discretize', 'random_state': 4044, 'n_neighbors': 50}",0.2598766306255599,1380.0273027160802,1.2100805398813501
SpectralClustering,"{'n_clusters': 8, 'affinity': 'nearest_neighbors', 'assign_labels': 'discretize', 'random_state': 5055, 'n_neighbors': 50}",0.2598638807423441,1379.9481185886311,1.2102185294633965
SpectralClustering,"{'n_clusters': 8, 'affinity': 'nearest_neighbors', 'assign_labels': 'discretize', 'random_state': 6066, 'n_neighbors': 50}",0.25982472039523613,1379.9113181608366,1.2101939999876317
SpectralClustering,"{'n_clusters': 8, 'affinity': 'nearest_neighbors', 'assign_labels': 'cluster_qr', 'random_state': 42, 'n_neighbors': 50}",0.2571385665073987,1352.49995241763,1.193938190468165
SpectralClustering,"{'n_clusters': 8, 'affinity': 'nearest_neighbors', 'assign_labels': 'cluster_qr', 'random_state': 123, 'n_neighbors': 50}",0.2571385665073987,1352.49995241763,1.193938190468165
SpectralClustering,"{'n_clusters': 8, 'affinity': 'nearest_neighbors', 'assign_labels': 'cluster_qr', 'random_state': 456, 'n_neighbors': 50}",0.2571385665073987,1352.49995241763,1.193938190468165
SpectralClustering,"{'n_clusters': 8, 'affinity': 'nearest_neighbors', 'assign_labels': 'cluster_qr', 'random_state': 789, 'n_neighbors': 50}",0.2571385665073987,1352.49995241763,1.193938190468165
SpectralClustering,"{'n_clusters': 8, 'affinity': 'nearest_neighbors', 'assign_labels': 'cluster_qr', 'random_state': 1011, 'n_neighbors': 50}",0.2571385665073987,1352.49995241763,1.193938190468165
SpectralClustering,"{'n_clusters': 8, 'affinity': 'nearest_neighbors', 'assign_labels': 'cluster_qr', 'random_state': 2022, 'n_neighbors': 50}",0.2571385665073987,1352.49995241763,1.193938190468165
SpectralClustering,"{'n_clusters': 8, 'affinity': 'nearest_neighbors', 'assign_labels': 'cluster_qr', 'random_state': 3033, 'n_neighbors': 50}",0.2571385665073987,1352.49995241763,1.193938190468165
SpectralClustering,"{'n_clusters': 8, 'affinity': 'nearest_neighbors', 'assign_labels': 'cluster_qr', 'random_state': 4044, 'n_neighbors': 50}",0.2571385665073987,1352.49995241763,1.193938190468165
SpectralClustering,"{'n_clusters': 8, 'affinity': 'nearest_neighbors', 'assign_labels': 'cluster_qr', 'random_state': 5055, 'n_neighbors': 50}",0.2571385665073987,1352.49995241763,1.193938190468165
SpectralClustering,"{'n_clusters': 8, 'affinity': 'nearest_neighbors', 'assign_labels': 'cluster_qr', 'random_state': 6066, 'n_neighbors': 50}",0.2571385665073987,1352.49995241763,1.193938190468165
SpectralClustering,"{'n_clusters': 8, 'affinity': 'nearest_neighbors', 'assign_labels': 'kmeans', 'random_state': 42, 'n_neighbors': 100}",0.2386147935444197,1094.1802050046435,1.1679114437174465
SpectralClustering,"{'n_clusters': 8, 'affinity': 'nearest_neighbors', 'assign_labels': 'kmeans', 'random_state': 123, 'n_neighbors': 100}",0.2386147935444197,1094.1802050046438,1.1679114437174465
SpectralClustering,"{'n_clusters': 8, 'affinity': 'nearest_neighbors', 'assign_labels': 'kmeans', 'random_state': 456, 'n_neighbors': 100}",0.2385581644522325,1094.4328115205406,1.1681098265239802
SpectralClustering,"{'n_clusters': 8, 'affinity': 'nearest_neighbors', 'assign_labels': 'kmeans', 'random_state': 789, 'n_neighbors': 100}",0.2386147935444197,1094.1802050046435,1.1679114437174463
SpectralClustering,"{'n_clusters': 8, 'affinity': 'nearest_neighbors', 'assign_labels': 'kmeans', 'random_state': 1011, 'n_neighbors': 100}",0.2385581644522325,1094.4328115205406,1.1681098265239802
SpectralClustering,"{'n_clusters': 8, 'affinity': 'nearest_neighbors', 'assign_labels': 'kmeans', 'random_state': 2022, 'n_neighbors': 100}",0.2386147935444197,1094.1802050046438,1.1679114437174463
SpectralClustering,"{'n_clusters': 8, 'affinity': 'nearest_neighbors', 'assign_labels': 'kmeans', 'random_state': 3033, 'n_neighbors': 100}",0.2386147935444197,1094.1802050046435,1.1679114437174463
SpectralClustering,"{'n_clusters': 8, 'affinity': 'nearest_neighbors', 'assign_labels': 'kmeans', 'random_state': 4044, 'n_neighbors': 100}",0.2386147935444197,1094.1802050046438,1.1679114437174465
SpectralClustering,"{'n_clusters': 8, 'affinity': 'nearest_neighbors', 'assign_labels': 'kmeans', 'random_state': 5055, 'n_neighbors': 100}",0.2385581644522325,1094.4328115205406,1.16810982652398
SpectralClustering,"{'n_clusters': 8, 'affinity': 'nearest_neighbors', 'assign_labels': 'kmeans', 'random_state': 6066, 'n_neighbors': 100}",0.2385581644522325,1094.4328115205403,1.1681098265239802
SpectralClustering,"{'n_clusters': 8, 'affinity': 'nearest_neighbors', 'assign_labels': 'discretize', 'random_state': 42, 'n_neighbors': 100}",0.2489735776839043,1167.3178557556594,1.1379942860632009
SpectralClustering,"{'n_clusters': 8, 'affinity': 'nearest_neighbors', 'assign_labels': 'discretize', 'random_state': 123, 'n_neighbors': 100}",0.24888051656624616,1167.1635040781753,1.1381787813122655
SpectralClustering,"{'n_clusters': 8, 'affinity': 'nearest_neighbors', 'assign_labels': 'discretize', 'random_state': 456, 'n_neighbors': 100}",0.24906408878240544,1167.4093097592076,1.138667035216978
SpectralClustering,"{'n_clusters': 8, 'affinity': 'nearest_neighbors', 'assign_labels': 'discretize', 'random_state': 789, 'n_neighbors': 100}",0.24910425038856365,1165.6955559608964,1.138711729624334
SpectralClustering,"{'n_clusters': 8, 'affinity': 'nearest_neighbors', 'assign_labels': 'discretize', 'random_state': 1011, 'n_neighbors': 100}",0.24897677096897913,1167.2113242492685,1.1382337427684575
SpectralClustering,"{'n_clusters': 8, 'affinity': 'nearest_neighbors', 'assign_labels': 'discretize', 'random_state': 2022, 'n_neighbors': 100}",0.24888051656624616,1167.1635040781753,1.1381787813122652
SpectralClustering,"{'n_clusters': 8, 'affinity': 'nearest_neighbors', 'assign_labels': 'discretize', 'random_state': 3033, 'n_neighbors': 100}",0.2489735776839043,1167.3178557556594,1.1379942860632009
SpectralClustering,"{'n_clusters': 8, 'affinity': 'nearest_neighbors', 'assign_labels': 'discretize', 'random_state': 4044, 'n_neighbors': 100}",0.24888051656624616,1167.1635040781753,1.1381787813122655
SpectralClustering,"{'n_clusters': 8, 'affinity': 'nearest_neighbors', 'assign_labels': 'discretize', 'random_state': 5055, 'n_neighbors': 100}",0.24910425038856365,1165.6955559608964,1.138711729624334
SpectralClustering,"{'n_clusters': 8, 'affinity': 'nearest_neighbors', 'assign_labels': 'discretize', 'random_state': 6066, 'n_neighbors': 100}",0.24888051656624616,1167.163504078175,1.1381787813122652
SpectralClustering,"{'n_clusters': 8, 'affinity': 'nearest_neighbors', 'assign_labels': 'cluster_qr', 'random_state': 42, 'n_neighbors': 100}",0.244647745193543,1109.6219668610622,1.1955879262733078
SpectralClustering,"{'n_clusters': 8, 'affinity': 'nearest_neighbors', 'assign_labels': 'cluster_qr', 'random_state': 123, 'n_neighbors': 100}",0.244647745193543,1109.6219668610622,1.1955879262733078
SpectralClustering,"{'n_clusters': 8, 'affinity': 'nearest_neighbors', 'assign_labels': 'cluster_qr', 'random_state': 456, 'n_neighbors': 100}",0.244647745193543,1109.6219668610622,1.1955879262733078
SpectralClustering,"{'n_clusters': 8, 'affinity': 'nearest_neighbors', 'assign_labels': 'cluster_qr', 'random_state': 789, 'n_neighbors': 100}",0.244647745193543,1109.6219668610622,1.1955879262733078
SpectralClustering,"{'n_clusters': 8, 'affinity': 'nearest_neighbors', 'assign_labels': 'cluster_qr', 'random_state': 1011, 'n_neighbors': 100}",0.244647745193543,1109.6219668610622,1.1955879262733078
SpectralClustering,"{'n_clusters': 8, 'affinity': 'nearest_neighbors', 'assign_labels': 'cluster_qr', 'random_state': 2022, 'n_neighbors': 100}",0.244647745193543,1109.6219668610622,1.1955879262733078
SpectralClustering,"{'n_clusters': 8, 'affinity': 'nearest_neighbors', 'assign_labels': 'cluster_qr', 'random_state': 3033, 'n_neighbors': 100}",0.244647745193543,1109.6219668610622,1.1955879262733078
SpectralClustering,"{'n_clusters': 8, 'affinity': 'nearest_neighbors', 'assign_labels': 'cluster_qr', 'random_state': 4044, 'n_neighbors': 100}",0.244647745193543,1109.6219668610622,1.1955879262733078
SpectralClustering,"{'n_clusters': 8, 'affinity': 'nearest_neighbors', 'assign_labels': 'cluster_qr', 'random_state': 5055, 'n_neighbors': 100}",0.244647745193543,1109.6219668610622,1.1955879262733078
SpectralClustering,"{'n_clusters': 8, 'affinity': 'nearest_neighbors', 'assign_labels': 'cluster_qr', 'random_state': 6066, 'n_neighbors': 100}",0.244647745193543,1109.6219668610622,1.1955879262733078
SpectralClustering,"{'n_clusters': 8, 'affinity': 'polynomial', 'assign_labels': 'kmeans', 'random_state': 42}",0.04201987338608789,199.01876031486003,1.2306763828189213
SpectralClustering,"{'n_clusters': 8, 'affinity': 'polynomial', 'assign_labels': 'kmeans', 'random_state': 123}",0.035523650003288276,209.2832067426638,1.3147644193833234
SpectralClustering,"{'n_clusters': 8, 'affinity': 'polynomial', 'assign_labels': 'kmeans', 'random_state': 456}",0.03617255802927674,209.19896660198273,1.3201350379780403
SpectralClustering,"{'n_clusters': 8, 'affinity': 'polynomial', 'assign_labels': 'kmeans', 'random_state': 789}",0.04482382030187926,199.70843290832158,1.2448779282747942
SpectralClustering,"{'n_clusters': 8, 'affinity': 'polynomial', 'assign_labels': 'kmeans', 'random_state': 1011}",0.04396065141488043,210.94963197898448,1.3270203185787768
SpectralClustering,"{'n_clusters': 8, 'affinity': 'polynomial', 'assign_labels': 'kmeans', 'random_state': 2022}",0.03599813242203449,209.40351149602282,1.3209715400275095
SpectralClustering,"{'n_clusters': 8, 'affinity': 'polynomial', 'assign_labels': 'kmeans', 'random_state': 3033}",0.04144464465035587,213.1850669425643,1.2647637114202728
SpectralClustering,"{'n_clusters': 8, 'affinity': 'polynomial', 'assign_labels': 'kmeans', 'random_state': 4044}",0.042222316892007,210.57620921813086,1.330163796054185
SpectralClustering,"{'n_clusters': 8, 'affinity': 'polynomial', 'assign_labels': 'kmeans', 'random_state': 5055}",0.04219342542844348,210.6049926039064,1.3013049887019452
SpectralClustering,"{'n_clusters': 8, 'affinity': 'polynomial', 'assign_labels': 'kmeans', 'random_state': 6066}",0.041608895237369437,210.34052839202894,1.3009969111488187
SpectralClustering,"{'n_clusters': 8, 'affinity': 'polynomial', 'assign_labels': 'discretize', 'random_state': 42}",0.21519991329442972,992.4076730557593,1.242872213634773
SpectralClustering,"{'n_clusters': 8, 'affinity': 'polynomial', 'assign_labels': 'discretize', 'random_state': 123}",0.2148837401855741,994.46976656601,1.2418082083541455
SpectralClustering,"{'n_clusters': 8, 'affinity': 'polynomial', 'assign_labels': 'discretize', 'random_state': 456}",0.20965283743686622,909.9534550422584,1.280802358631842
SpectralClustering,"{'n_clusters': 8, 'affinity': 'polynomial', 'assign_labels': 'discretize', 'random_state': 789}",0.21418995093221627,988.460312858821,1.2384042001417352
SpectralClustering,"{'n_clusters': 8, 'affinity': 'polynomial', 'assign_labels': 'discretize', 'random_state': 1011}",0.2135776741853546,1013.0020714046333,1.2110432353836809
SpectralClustering,"{'n_clusters': 8, 'affinity': 'polynomial', 'assign_labels': 'discretize', 'random_state': 2022}",0.2140418035448214,1012.2211117019932,1.2128053647344466
SpectralClustering,"{'n_clusters': 8, 'affinity': 'polynomial', 'assign_labels': 'discretize', 'random_state': 3033}",0.20085442805643067,882.7081516845685,1.1056620885325112
SpectralClustering,"{'n_clusters': 8, 'affinity': 'polynomial', 'assign_labels': 'discretize', 'random_state': 4044}",0.21219722540567415,1006.9462776845678,1.2366809892595376
SpectralClustering,"{'n_clusters': 8, 'affinity': 'polynomial', 'assign_labels': 'discretize', 'random_state': 5055}",0.21410360280507726,985.7494408743104,1.2406104233002058
SpectralClustering,"{'n_clusters': 8, 'affinity': 'polynomial', 'assign_labels': 'discretize', 'random_state': 6066}",0.21359609112757372,993.0906191469908,1.244648148405111
SpectralClustering,"{'n_clusters': 8, 'affinity': 'polynomial', 'assign_labels': 'cluster_qr', 'random_state': 42}",0.20540931258852035,926.3533943048168,1.3603311390490758
SpectralClustering,"{'n_clusters': 8, 'affinity': 'polynomial', 'assign_labels': 'cluster_qr', 'random_state': 123}",0.20540931258852035,926.3533943048168,1.3603311390490758
SpectralClustering,"{'n_clusters': 8, 'affinity': 'polynomial', 'assign_labels': 'cluster_qr', 'random_state': 456}",0.20540931258852035,926.3533943048168,1.3603311390490758
SpectralClustering,"{'n_clusters': 8, 'affinity': 'polynomial', 'assign_labels': 'cluster_qr', 'random_state': 789}",0.20540931258852035,926.3533943048168,1.3603311390490758
SpectralClustering,"{'n_clusters': 8, 'affinity': 'polynomial', 'assign_labels': 'cluster_qr', 'random_state': 1011}",0.20540931258852035,926.3533943048168,1.3603311390490758
SpectralClustering,"{'n_clusters': 8, 'affinity': 'polynomial', 'assign_labels': 'cluster_qr', 'random_state': 2022}",0.20540931258852035,926.3533943048168,1.3603311390490758
SpectralClustering,"{'n_clusters': 8, 'affinity': 'polynomial', 'assign_labels': 'cluster_qr', 'random_state': 3033}",0.20540931258852035,926.3533943048168,1.3603311390490758
SpectralClustering,"{'n_clusters': 8, 'affinity': 'polynomial', 'assign_labels': 'cluster_qr', 'random_state': 4044}",0.20540931258852035,926.3533943048168,1.3603311390490758
SpectralClustering,"{'n_clusters': 8, 'affinity': 'polynomial', 'assign_labels': 'cluster_qr', 'random_state': 5055}",0.20540931258852035,926.3533943048168,1.3603311390490758
SpectralClustering,"{'n_clusters': 8, 'affinity': 'polynomial', 'assign_labels': 'cluster_qr', 'random_state': 6066}",0.20540931258852035,926.3533943048168,1.3603311390490758
SpectralClustering,"{'n_clusters': 8, 'affinity': 'poly', 'assign_labels': 'kmeans', 'random_state': 42}",0.04201987338608789,199.01876031486003,1.2306763828189213
SpectralClustering,"{'n_clusters': 8, 'affinity': 'poly', 'assign_labels': 'kmeans', 'random_state': 123}",0.035523650003288276,209.2832067426638,1.3147644193833234
SpectralClustering,"{'n_clusters': 8, 'affinity': 'poly', 'assign_labels': 'kmeans', 'random_state': 456}",0.03617255802927674,209.19896660198273,1.3201350379780403
SpectralClustering,"{'n_clusters': 8, 'affinity': 'poly', 'assign_labels': 'kmeans', 'random_state': 789}",0.04482382030187926,199.70843290832158,1.2448779282747942
SpectralClustering,"{'n_clusters': 8, 'affinity': 'poly', 'assign_labels': 'kmeans', 'random_state': 1011}",0.04396065141488043,210.94963197898448,1.3270203185787768
SpectralClustering,"{'n_clusters': 8, 'affinity': 'poly', 'assign_labels': 'kmeans', 'random_state': 2022}",0.03599813242203449,209.40351149602282,1.3209715400275095
SpectralClustering,"{'n_clusters': 8, 'affinity': 'poly', 'assign_labels': 'kmeans', 'random_state': 3033}",0.04144464465035587,213.1850669425643,1.2647637114202728
SpectralClustering,"{'n_clusters': 8, 'affinity': 'poly', 'assign_labels': 'kmeans', 'random_state': 4044}",0.042222316892007,210.57620921813086,1.330163796054185
SpectralClustering,"{'n_clusters': 8, 'affinity': 'poly', 'assign_labels': 'kmeans', 'random_state': 5055}",0.04219342542844348,210.6049926039064,1.3013049887019452
SpectralClustering,"{'n_clusters': 8, 'affinity': 'poly', 'assign_labels': 'kmeans', 'random_state': 6066}",0.041608895237369437,210.34052839202894,1.3009969111488187
SpectralClustering,"{'n_clusters': 8, 'affinity': 'poly', 'assign_labels': 'discretize', 'random_state': 42}",0.21519991329442972,992.4076730557593,1.242872213634773
SpectralClustering,"{'n_clusters': 8, 'affinity': 'poly', 'assign_labels': 'discretize', 'random_state': 123}",0.2148837401855741,994.46976656601,1.2418082083541455
SpectralClustering,"{'n_clusters': 8, 'affinity': 'poly', 'assign_labels': 'discretize', 'random_state': 456}",0.20965283743686622,909.9534550422584,1.280802358631842
SpectralClustering,"{'n_clusters': 8, 'affinity': 'poly', 'assign_labels': 'discretize', 'random_state': 789}",0.21418995093221627,988.460312858821,1.2384042001417352
SpectralClustering,"{'n_clusters': 8, 'affinity': 'poly', 'assign_labels': 'discretize', 'random_state': 1011}",0.2135776741853546,1013.0020714046333,1.2110432353836809
SpectralClustering,"{'n_clusters': 8, 'affinity': 'poly', 'assign_labels': 'discretize', 'random_state': 2022}",0.2140418035448214,1012.2211117019932,1.2128053647344466
SpectralClustering,"{'n_clusters': 8, 'affinity': 'poly', 'assign_labels': 'discretize', 'random_state': 3033}",0.20085442805643067,882.7081516845685,1.1056620885325112
SpectralClustering,"{'n_clusters': 8, 'affinity': 'poly', 'assign_labels': 'discretize', 'random_state': 4044}",0.21219722540567415,1006.9462776845678,1.2366809892595376
SpectralClustering,"{'n_clusters': 8, 'affinity': 'poly', 'assign_labels': 'discretize', 'random_state': 5055}",0.21410360280507726,985.7494408743104,1.2406104233002058
SpectralClustering,"{'n_clusters': 8, 'affinity': 'poly', 'assign_labels': 'discretize', 'random_state': 6066}",0.21359609112757372,993.0906191469908,1.244648148405111
SpectralClustering,"{'n_clusters': 8, 'affinity': 'poly', 'assign_labels': 'cluster_qr', 'random_state': 42}",0.20540931258852035,926.3533943048168,1.3603311390490758
SpectralClustering,"{'n_clusters': 8, 'affinity': 'poly', 'assign_labels': 'cluster_qr', 'random_state': 123}",0.20540931258852035,926.3533943048168,1.3603311390490758
SpectralClustering,"{'n_clusters': 8, 'affinity': 'poly', 'assign_labels': 'cluster_qr', 'random_state': 456}",0.20540931258852035,926.3533943048168,1.3603311390490758
SpectralClustering,"{'n_clusters': 8, 'affinity': 'poly', 'assign_labels': 'cluster_qr', 'random_state': 789}",0.20540931258852035,926.3533943048168,1.3603311390490758
SpectralClustering,"{'n_clusters': 8, 'affinity': 'poly', 'assign_labels': 'cluster_qr', 'random_state': 1011}",0.20540931258852035,926.3533943048168,1.3603311390490758
SpectralClustering,"{'n_clusters': 8, 'affinity': 'poly', 'assign_labels': 'cluster_qr', 'random_state': 2022}",0.20540931258852035,926.3533943048168,1.3603311390490758
SpectralClustering,"{'n_clusters': 8, 'affinity': 'poly', 'assign_labels': 'cluster_qr', 'random_state': 3033}",0.20540931258852035,926.3533943048168,1.3603311390490758
SpectralClustering,"{'n_clusters': 8, 'affinity': 'poly', 'assign_labels': 'cluster_qr', 'random_state': 4044}",0.20540931258852035,926.3533943048168,1.3603311390490758
SpectralClustering,"{'n_clusters': 8, 'affinity': 'poly', 'assign_labels': 'cluster_qr', 'random_state': 5055}",0.20540931258852035,926.3533943048168,1.3603311390490758
SpectralClustering,"{'n_clusters': 8, 'affinity': 'poly', 'assign_labels': 'cluster_qr', 'random_state': 6066}",0.20540931258852035,926.3533943048168,1.3603311390490758
SpectralClustering,"{'n_clusters': 8, 'affinity': 'sigmoid', 'assign_labels': 'kmeans', 'random_state': 42}",0.04239331149792592,395.4764965227304,2.4317810070789303
SpectralClustering,"{'n_clusters': 8, 'affinity': 'sigmoid', 'assign_labels': 'kmeans', 'random_state': 123}",0.0776253662145834,361.38031805855843,2.994292986791325
SpectralClustering,"{'n_clusters': 8, 'affinity': 'sigmoid', 'assign_labels': 'kmeans', 'random_state': 456}",0.04072464395208782,387.8863319784021,2.4594414504096553
SpectralClustering,"{'n_clusters': 8, 'affinity': 'sigmoid', 'assign_labels': 'kmeans', 'random_state': 789}",0.040851490096317,392.398972568393,2.4725829695873034
SpectralClustering,"{'n_clusters': 8, 'affinity': 'sigmoid', 'assign_labels': 'kmeans', 'random_state': 1011}",0.042136279864369734,395.4826906228519,2.436546864253481
SpectralClustering,"{'n_clusters': 8, 'affinity': 'sigmoid', 'assign_labels': 'kmeans', 'random_state': 2022}",0.03533055579767445,380.442460071216,2.4932209186328347
SpectralClustering,"{'n_clusters': 8, 'affinity': 'sigmoid', 'assign_labels': 'kmeans', 'random_state': 3033}",0.03395499236799563,371.1405456198697,2.4966878737381473
SpectralClustering,"{'n_clusters': 8, 'affinity': 'sigmoid', 'assign_labels': 'kmeans', 'random_state': 4044}",0.04098286920109118,392.68323003714306,2.425786951638443
SpectralClustering,"{'n_clusters': 8, 'affinity': 'sigmoid', 'assign_labels': 'kmeans', 'random_state': 5055}",0.08160571730288836,358.6668327296295,2.3605842562128654
SpectralClustering,"{'n_clusters': 8, 'affinity': 'sigmoid', 'assign_labels': 'kmeans', 'random_state': 6066}",0.10972565390360035,371.0724557048714,2.931706150339206
SpectralClustering,"{'n_clusters': 8, 'affinity': 'sigmoid', 'assign_labels': 'discretize', 'random_state': 42}",0.051881530217399496,282.6137673962405,2.8947599229761956
SpectralClustering,"{'n_clusters': 8, 'affinity': 'sigmoid', 'assign_labels': 'discretize', 'random_state': 123}",0.05481912859882661,296.59824164943325,3.5843178373953783
SpectralClustering,"{'n_clusters': 8, 'affinity': 'sigmoid', 'assign_labels': 'discretize', 'random_state': 456}",0.05111802033059927,282.131765065134,3.3318284317880247
SpectralClustering,"{'n_clusters': 8, 'affinity': 'sigmoid', 'assign_labels': 'discretize', 'random_state': 789}",0.048294064898140525,315.50371415997023,3.1299232113047832
SpectralClustering,"{'n_clusters': 8, 'affinity': 'sigmoid', 'assign_labels': 'discretize', 'random_state': 1011}",0.055999506318289524,274.0881282057004,3.49962528654926
SpectralClustering,"{'n_clusters': 8, 'affinity': 'sigmoid', 'assign_labels': 'discretize', 'random_state': 2022}",0.07353493078904462,298.1790358083339,3.208840111321341
SpectralClustering,"{'n_clusters': 8, 'affinity': 'sigmoid', 'assign_labels': 'discretize', 'random_state': 3033}",0.05994709581860159,311.45932748082333,2.9913838159917883
SpectralClustering,"{'n_clusters': 8, 'affinity': 'sigmoid', 'assign_labels': 'discretize', 'random_state': 4044}",0.054402194458983415,301.6875744831089,3.3466130602140125
SpectralClustering,"{'n_clusters': 8, 'affinity': 'sigmoid', 'assign_labels': 'discretize', 'random_state': 5055}",0.05923443320594539,289.0197655686975,2.85952274006061
SpectralClustering,"{'n_clusters': 8, 'affinity': 'sigmoid', 'assign_labels': 'discretize', 'random_state': 6066}",0.05065991039231456,294.6178009767221,3.168014188712412
SpectralClustering,"{'n_clusters': 8, 'affinity': 'sigmoid', 'assign_labels': 'cluster_qr', 'random_state': 42}",-0.018727228106527032,106.43665381069306,5.771404250507974
SpectralClustering,"{'n_clusters': 8, 'affinity': 'sigmoid', 'assign_labels': 'cluster_qr', 'random_state': 123}",-0.018727228106527032,106.43665381069306,5.771404250507974
SpectralClustering,"{'n_clusters': 8, 'affinity': 'sigmoid', 'assign_labels': 'cluster_qr', 'random_state': 456}",-0.018727228106527032,106.43665381069306,5.771404250507974
SpectralClustering,"{'n_clusters': 8, 'affinity': 'sigmoid', 'assign_labels': 'cluster_qr', 'random_state': 789}",-0.018727228106527032,106.43665381069306,5.771404250507974
SpectralClustering,"{'n_clusters': 8, 'affinity': 'sigmoid', 'assign_labels': 'cluster_qr', 'random_state': 1011}",-0.018727228106527032,106.43665381069306,5.771404250507974
SpectralClustering,"{'n_clusters': 8, 'affinity': 'sigmoid', 'assign_labels': 'cluster_qr', 'random_state': 2022}",-0.018727228106527032,106.43665381069306,5.771404250507974
SpectralClustering,"{'n_clusters': 8, 'affinity': 'sigmoid', 'assign_labels': 'cluster_qr', 'random_state': 3033}",-0.018727228106527032,106.43665381069306,5.771404250507974
SpectralClustering,"{'n_clusters': 8, 'affinity': 'sigmoid', 'assign_labels': 'cluster_qr', 'random_state': 4044}",-0.018727228106527032,106.43665381069306,5.771404250507974
SpectralClustering,"{'n_clusters': 8, 'affinity': 'sigmoid', 'assign_labels': 'cluster_qr', 'random_state': 5055}",-0.018727228106527032,106.43665381069306,5.771404250507974
SpectralClustering,"{'n_clusters': 8, 'affinity': 'sigmoid', 'assign_labels': 'cluster_qr', 'random_state': 6066}",-0.018727228106527032,106.43665381069306,5.771404250507974
SpectralClustering,"{'n_clusters': 9, 'affinity': 'rbf', 'assign_labels': 'kmeans', 'random_state': 42}",0.25900815198279953,397.6318681258995,1.0898122145642826
SpectralClustering,"{'n_clusters': 9, 'affinity': 'rbf', 'assign_labels': 'kmeans', 'random_state': 123}",0.2616536641477155,395.6708853743525,1.0587027778672224
SpectralClustering,"{'n_clusters': 9, 'affinity': 'rbf', 'assign_labels': 'kmeans', 'random_state': 456}",0.2600165723100693,396.7188428419379,1.0602718152971624
SpectralClustering,"{'n_clusters': 9, 'affinity': 'rbf', 'assign_labels': 'kmeans', 'random_state': 789}",0.258820977302101,398.6181063919986,1.090230958675142
SpectralClustering,"{'n_clusters': 9, 'affinity': 'rbf', 'assign_labels': 'kmeans', 'random_state': 1011}",0.26194626532482834,394.750381509362,1.058865267854041
SpectralClustering,"{'n_clusters': 9, 'affinity': 'rbf', 'assign_labels': 'kmeans', 'random_state': 2022}",0.25869048604077916,397.5853583588968,1.0917179027656059
SpectralClustering,"{'n_clusters': 9, 'affinity': 'rbf', 'assign_labels': 'kmeans', 'random_state': 3033}",0.2600184736450036,397.73665180708963,1.0587637058379746
SpectralClustering,"{'n_clusters': 9, 'affinity': 'rbf', 'assign_labels': 'kmeans', 'random_state': 4044}",0.2594594412531132,397.7380347861349,1.0606089728022747
SpectralClustering,"{'n_clusters': 9, 'affinity': 'rbf', 'assign_labels': 'kmeans', 'random_state': 5055}",0.26220140168266326,394.60794631687423,1.058343976072884
SpectralClustering,"{'n_clusters': 9, 'affinity': 'rbf', 'assign_labels': 'kmeans', 'random_state': 6066}",0.3461125821571864,781.8952298709858,0.9787582944108174
SpectralClustering,"{'n_clusters': 9, 'affinity': 'rbf', 'assign_labels': 'discretize', 'random_state': 42}",0.294089855237169,1265.1605572587196,1.0720144359775003
SpectralClustering,"{'n_clusters': 9, 'affinity': 'rbf', 'assign_labels': 'discretize', 'random_state': 123}",0.29496395485079213,1269.063176496326,1.0682894514289334
SpectralClustering,"{'n_clusters': 9, 'affinity': 'rbf', 'assign_labels': 'discretize', 'random_state': 456}",0.294304562580107,1264.559727060482,1.0716636131043584
SpectralClustering,"{'n_clusters': 9, 'affinity': 'rbf', 'assign_labels': 'discretize', 'random_state': 789}",0.29421672679655564,1264.4028847803268,1.0718994042565597
SpectralClustering,"{'n_clusters': 9, 'affinity': 'rbf', 'assign_labels': 'discretize', 'random_state': 1011}",0.2942293027317726,1264.2136830487045,1.0715254855796996
SpectralClustering,"{'n_clusters': 9, 'affinity': 'rbf', 'assign_labels': 'discretize', 'random_state': 2022}",0.2940467017329489,1264.2059632731043,1.0727423748705915
SpectralClustering,"{'n_clusters': 9, 'affinity': 'rbf', 'assign_labels': 'discretize', 'random_state': 3033}",0.25729651191327696,1196.002739600485,1.0850501973685027
SpectralClustering,"{'n_clusters': 9, 'affinity': 'rbf', 'assign_labels': 'discretize', 'random_state': 4044}",0.2937597550731991,1261.8043998164985,1.074569488098833
SpectralClustering,"{'n_clusters': 9, 'affinity': 'rbf', 'assign_labels': 'discretize', 'random_state': 5055}",0.2944997925526444,1263.8398482492173,1.071876550971176
SpectralClustering,"{'n_clusters': 9, 'affinity': 'rbf', 'assign_labels': 'discretize', 'random_state': 6066}",0.2940467017329489,1264.2059632731039,1.0727423748705915
SpectralClustering,"{'n_clusters': 9, 'affinity': 'rbf', 'assign_labels': 'cluster_qr', 'random_state': 42}",0.2826471774630255,1141.1361921996681,1.8386883699395296
SpectralClustering,"{'n_clusters': 9, 'affinity': 'rbf', 'assign_labels': 'cluster_qr', 'random_state': 123}",0.2826471774630255,1141.1361921996681,1.8386883699395296
SpectralClustering,"{'n_clusters': 9, 'affinity': 'rbf', 'assign_labels': 'cluster_qr', 'random_state': 456}",0.2826471774630255,1141.1361921996681,1.8386883699395296
SpectralClustering,"{'n_clusters': 9, 'affinity': 'rbf', 'assign_labels': 'cluster_qr', 'random_state': 789}",0.2826471774630255,1141.1361921996681,1.8386883699395296
SpectralClustering,"{'n_clusters': 9, 'affinity': 'rbf', 'assign_labels': 'cluster_qr', 'random_state': 1011}",0.2826471774630255,1141.1361921996681,1.8386883699395296
SpectralClustering,"{'n_clusters': 9, 'affinity': 'rbf', 'assign_labels': 'cluster_qr', 'random_state': 2022}",0.2826471774630255,1141.1361921996681,1.8386883699395296
SpectralClustering,"{'n_clusters': 9, 'affinity': 'rbf', 'assign_labels': 'cluster_qr', 'random_state': 3033}",0.2826471774630255,1141.1361921996681,1.8386883699395296
SpectralClustering,"{'n_clusters': 9, 'affinity': 'rbf', 'assign_labels': 'cluster_qr', 'random_state': 4044}",0.2826471774630255,1141.1361921996681,1.8386883699395296
SpectralClustering,"{'n_clusters': 9, 'affinity': 'rbf', 'assign_labels': 'cluster_qr', 'random_state': 5055}",0.2826471774630255,1141.1361921996681,1.8386883699395296
SpectralClustering,"{'n_clusters': 9, 'affinity': 'rbf', 'assign_labels': 'cluster_qr', 'random_state': 6066}",0.2826471774630255,1141.1361921996681,1.8386883699395296
SpectralClustering,"{'n_clusters': 9, 'affinity': 'nearest_neighbors', 'assign_labels': 'kmeans', 'random_state': 42, 'n_neighbors': 5}",0.22474336565975261,1110.5927866641903,1.1606289289803688
SpectralClustering,"{'n_clusters': 9, 'affinity': 'nearest_neighbors', 'assign_labels': 'kmeans', 'random_state': 123, 'n_neighbors': 5}",0.23010448866904282,1149.1862902447479,1.147605513548402
SpectralClustering,"{'n_clusters': 9, 'affinity': 'nearest_neighbors', 'assign_labels': 'kmeans', 'random_state': 456, 'n_neighbors': 5}",0.23114775918104608,1155.863405310375,1.1445106963912064
SpectralClustering,"{'n_clusters': 9, 'affinity': 'nearest_neighbors', 'assign_labels': 'kmeans', 'random_state': 789, 'n_neighbors': 5}",0.22620972642024725,1113.2077634418804,1.1662672063849724
SpectralClustering,"{'n_clusters': 9, 'affinity': 'nearest_neighbors', 'assign_labels': 'kmeans', 'random_state': 1011, 'n_neighbors': 5}",0.22661643381083965,1102.9609624867253,1.1459548464268403
SpectralClustering,"{'n_clusters': 9, 'affinity': 'nearest_neighbors', 'assign_labels': 'kmeans', 'random_state': 2022, 'n_neighbors': 5}",0.22620972642024725,1113.2077634418806,1.1662672063849724
SpectralClustering,"{'n_clusters': 9, 'affinity': 'nearest_neighbors', 'assign_labels': 'kmeans', 'random_state': 3033, 'n_neighbors': 5}",0.225313671326114,1111.4744315846872,1.159629590946252
SpectralClustering,"{'n_clusters': 9, 'affinity': 'nearest_neighbors', 'assign_labels': 'kmeans', 'random_state': 4044, 'n_neighbors': 5}",0.22723923732262283,1114.0599284473303,1.1634613175657613
SpectralClustering,"{'n_clusters': 9, 'affinity': 'nearest_neighbors', 'assign_labels': 'kmeans', 'random_state': 5055, 'n_neighbors': 5}",0.22606075933580796,1113.1224757288435,1.1666571447720235
SpectralClustering,"{'n_clusters': 9, 'affinity': 'nearest_neighbors', 'assign_labels': 'kmeans', 'random_state': 6066, 'n_neighbors': 5}",0.22620972642024725,1113.2077634418808,1.1662672063849726
SpectralClustering,"{'n_clusters': 9, 'affinity': 'nearest_neighbors', 'assign_labels': 'discretize', 'random_state': 42, 'n_neighbors': 5}",0.2264881050227867,1166.5992255489325,1.2115184860263946
SpectralClustering,"{'n_clusters': 9, 'affinity': 'nearest_neighbors', 'assign_labels': 'discretize', 'random_state': 123, 'n_neighbors': 5}",0.24255582076469812,1166.6820044053306,1.161034788926112
SpectralClustering,"{'n_clusters': 9, 'affinity': 'nearest_neighbors', 'assign_labels': 'discretize', 'random_state': 456, 'n_neighbors': 5}",0.24287387726435605,1165.4629084725098,1.1593047492593431
SpectralClustering,"{'n_clusters': 9, 'affinity': 'nearest_neighbors', 'assign_labels': 'discretize', 'random_state': 789, 'n_neighbors': 5}",0.23484583329485648,1204.0561838865942,1.214415607592535
SpectralClustering,"{'n_clusters': 9, 'affinity': 'nearest_neighbors', 'assign_labels': 'discretize', 'random_state': 1011, 'n_neighbors': 5}",0.23757605665456602,1176.597401477143,1.1983365046969796
SpectralClustering,"{'n_clusters': 9, 'affinity': 'nearest_neighbors', 'assign_labels': 'discretize', 'random_state': 2022, 'n_neighbors': 5}",0.236342797999949,1228.2452936955563,1.22931702859464
SpectralClustering,"{'n_clusters': 9, 'affinity': 'nearest_neighbors', 'assign_labels': 'discretize', 'random_state': 3033, 'n_neighbors': 5}",0.2385232347607492,1240.654682834531,1.2269296434994497
SpectralClustering,"{'n_clusters': 9, 'affinity': 'nearest_neighbors', 'assign_labels': 'discretize', 'random_state': 4044, 'n_neighbors': 5}",0.2272508857052186,1171.574669146452,1.2083403742323224
SpectralClustering,"{'n_clusters': 9, 'affinity': 'nearest_neighbors', 'assign_labels': 'discretize', 'random_state': 5055, 'n_neighbors': 5}",0.24504389312400726,1182.3983935578472,1.172987188774453
SpectralClustering,"{'n_clusters': 9, 'affinity': 'nearest_neighbors', 'assign_labels': 'discretize', 'random_state': 6066, 'n_neighbors': 5}",0.1910385934980021,1124.64961992488,1.3570079654187612
SpectralClustering,"{'n_clusters': 9, 'affinity': 'nearest_neighbors', 'assign_labels': 'cluster_qr', 'random_state': 42, 'n_neighbors': 5}",0.19232806407168018,936.826996710398,1.5541079040675483
SpectralClustering,"{'n_clusters': 9, 'affinity': 'nearest_neighbors', 'assign_labels': 'cluster_qr', 'random_state': 123, 'n_neighbors': 5}",0.19232806407168018,936.826996710398,1.5541079040675483
SpectralClustering,"{'n_clusters': 9, 'affinity': 'nearest_neighbors', 'assign_labels': 'cluster_qr', 'random_state': 456, 'n_neighbors': 5}",0.19232806407168018,936.826996710398,1.5541079040675483
SpectralClustering,"{'n_clusters': 9, 'affinity': 'nearest_neighbors', 'assign_labels': 'cluster_qr', 'random_state': 789, 'n_neighbors': 5}",0.19232806407168018,936.826996710398,1.5541079040675483
SpectralClustering,"{'n_clusters': 9, 'affinity': 'nearest_neighbors', 'assign_labels': 'cluster_qr', 'random_state': 1011, 'n_neighbors': 5}",0.19232806407168018,936.826996710398,1.5541079040675483
SpectralClustering,"{'n_clusters': 9, 'affinity': 'nearest_neighbors', 'assign_labels': 'cluster_qr', 'random_state': 2022, 'n_neighbors': 5}",0.19232806407168018,936.826996710398,1.5541079040675483
SpectralClustering,"{'n_clusters': 9, 'affinity': 'nearest_neighbors', 'assign_labels': 'cluster_qr', 'random_state': 3033, 'n_neighbors': 5}",0.19232806407168018,936.826996710398,1.5541079040675483
SpectralClustering,"{'n_clusters': 9, 'affinity': 'nearest_neighbors', 'assign_labels': 'cluster_qr', 'random_state': 4044, 'n_neighbors': 5}",0.19232806407168018,936.826996710398,1.5541079040675483
SpectralClustering,"{'n_clusters': 9, 'affinity': 'nearest_neighbors', 'assign_labels': 'cluster_qr', 'random_state': 5055, 'n_neighbors': 5}",0.19232806407168018,936.826996710398,1.5541079040675483
SpectralClustering,"{'n_clusters': 9, 'affinity': 'nearest_neighbors', 'assign_labels': 'cluster_qr', 'random_state': 6066, 'n_neighbors': 5}",0.19232806407168018,936.826996710398,1.5541079040675483
SpectralClustering,"{'n_clusters': 9, 'affinity': 'nearest_neighbors', 'assign_labels': 'kmeans', 'random_state': 42, 'n_neighbors': 10}",0.22560340364669945,1251.3947007711583,1.2520898952602642
SpectralClustering,"{'n_clusters': 9, 'affinity': 'nearest_neighbors', 'assign_labels': 'kmeans', 'random_state': 123, 'n_neighbors': 10}",0.2280452897006988,1256.6158229287976,1.2461008596440863
SpectralClustering,"{'n_clusters': 9, 'affinity': 'nearest_neighbors', 'assign_labels': 'kmeans', 'random_state': 456, 'n_neighbors': 10}",0.22710140559028266,1255.4922130713774,1.2491434957870169
SpectralClustering,"{'n_clusters': 9, 'affinity': 'nearest_neighbors', 'assign_labels': 'kmeans', 'random_state': 789, 'n_neighbors': 10}",0.22560340364669945,1251.3947007711583,1.2520898952602642
SpectralClustering,"{'n_clusters': 9, 'affinity': 'nearest_neighbors', 'assign_labels': 'kmeans', 'random_state': 1011, 'n_neighbors': 10}",0.22710167809348777,1254.8203653269184,1.247620199686759
SpectralClustering,"{'n_clusters': 9, 'affinity': 'nearest_neighbors', 'assign_labels': 'kmeans', 'random_state': 2022, 'n_neighbors': 10}",0.2279782449382768,1255.8995252225322,1.245877835101751
SpectralClustering,"{'n_clusters': 9, 'affinity': 'nearest_neighbors', 'assign_labels': 'kmeans', 'random_state': 3033, 'n_neighbors': 10}",0.22703171449822526,1254.8654598984954,1.2475911001277704
SpectralClustering,"{'n_clusters': 9, 'affinity': 'nearest_neighbors', 'assign_labels': 'kmeans', 'random_state': 4044, 'n_neighbors': 10}",0.2270919430753683,1255.0588215938717,1.24744305519937
SpectralClustering,"{'n_clusters': 9, 'affinity': 'nearest_neighbors', 'assign_labels': 'kmeans', 'random_state': 5055, 'n_neighbors': 10}",0.22707105742809955,1255.3607973520807,1.2492200377882485
SpectralClustering,"{'n_clusters': 9, 'affinity': 'nearest_neighbors', 'assign_labels': 'kmeans', 'random_state': 6066, 'n_neighbors': 10}",0.2269915420154871,1255.477209261178,1.2492639426213386
SpectralClustering,"{'n_clusters': 9, 'affinity': 'nearest_neighbors', 'assign_labels': 'discretize', 'random_state': 42, 'n_neighbors': 10}",0.23971907052464345,1275.4828426850772,1.245326801591916
SpectralClustering,"{'n_clusters': 9, 'affinity': 'nearest_neighbors', 'assign_labels': 'discretize', 'random_state': 123, 'n_neighbors': 10}",0.23943448092655864,1273.4388494396323,1.2463857369570337
SpectralClustering,"{'n_clusters': 9, 'affinity': 'nearest_neighbors', 'assign_labels': 'discretize', 'random_state': 456, 'n_neighbors': 10}",0.23932993887989734,1273.3338667887847,1.2476380126899735
SpectralClustering,"{'n_clusters': 9, 'affinity': 'nearest_neighbors', 'assign_labels': 'discretize', 'random_state': 789, 'n_neighbors': 10}",0.23932993887989734,1273.3338667887842,1.247638012689973
SpectralClustering,"{'n_clusters': 9, 'affinity': 'nearest_neighbors', 'assign_labels': 'discretize', 'random_state': 1011, 'n_neighbors': 10}",0.23932993887989734,1273.333866788785,1.2476380126899733
SpectralClustering,"{'n_clusters': 9, 'affinity': 'nearest_neighbors', 'assign_labels': 'discretize', 'random_state': 2022, 'n_neighbors': 10}",0.23932993887989734,1273.3338667887847,1.2476380126899733
SpectralClustering,"{'n_clusters': 9, 'affinity': 'nearest_neighbors', 'assign_labels': 'discretize', 'random_state': 3033, 'n_neighbors': 10}",0.23743479921317884,1263.8604487380999,1.2205986471773567
SpectralClustering,"{'n_clusters': 9, 'affinity': 'nearest_neighbors', 'assign_labels': 'discretize', 'random_state': 4044, 'n_neighbors': 10}",0.23971907052464345,1275.4828426850775,1.245326801591916
SpectralClustering,"{'n_clusters': 9, 'affinity': 'nearest_neighbors', 'assign_labels': 'discretize', 'random_state': 5055, 'n_neighbors': 10}",0.237693270748846,1266.0430567539659,1.220922169361782
SpectralClustering,"{'n_clusters': 9, 'affinity': 'nearest_neighbors', 'assign_labels': 'discretize', 'random_state': 6066, 'n_neighbors': 10}",0.23943448092655864,1273.4388494396323,1.2463857369570337
SpectralClustering,"{'n_clusters': 9, 'affinity': 'nearest_neighbors', 'assign_labels': 'cluster_qr', 'random_state': 42, 'n_neighbors': 10}",0.23883476435906964,1275.5617529937567,1.2672563908356411
SpectralClustering,"{'n_clusters': 9, 'affinity': 'nearest_neighbors', 'assign_labels': 'cluster_qr', 'random_state': 123, 'n_neighbors': 10}",0.23883476435906964,1275.5617529937567,1.2672563908356411
SpectralClustering,"{'n_clusters': 9, 'affinity': 'nearest_neighbors', 'assign_labels': 'cluster_qr', 'random_state': 456, 'n_neighbors': 10}",0.23883476435906964,1275.5617529937567,1.2672563908356411
SpectralClustering,"{'n_clusters': 9, 'affinity': 'nearest_neighbors', 'assign_labels': 'cluster_qr', 'random_state': 789, 'n_neighbors': 10}",0.23883476435906964,1275.5617529937567,1.2672563908356411
SpectralClustering,"{'n_clusters': 9, 'affinity': 'nearest_neighbors', 'assign_labels': 'cluster_qr', 'random_state': 1011, 'n_neighbors': 10}",0.23883476435906964,1275.5617529937567,1.2672563908356411
SpectralClustering,"{'n_clusters': 9, 'affinity': 'nearest_neighbors', 'assign_labels': 'cluster_qr', 'random_state': 2022, 'n_neighbors': 10}",0.23883476435906964,1275.5617529937567,1.2672563908356411
SpectralClustering,"{'n_clusters': 9, 'affinity': 'nearest_neighbors', 'assign_labels': 'cluster_qr', 'random_state': 3033, 'n_neighbors': 10}",0.23883476435906964,1275.5617529937567,1.2672563908356411
SpectralClustering,"{'n_clusters': 9, 'affinity': 'nearest_neighbors', 'assign_labels': 'cluster_qr', 'random_state': 4044, 'n_neighbors': 10}",0.23883476435906964,1275.5617529937567,1.2672563908356411
SpectralClustering,"{'n_clusters': 9, 'affinity': 'nearest_neighbors', 'assign_labels': 'cluster_qr', 'random_state': 5055, 'n_neighbors': 10}",0.23883476435906964,1275.5617529937567,1.2672563908356411
SpectralClustering,"{'n_clusters': 9, 'affinity': 'nearest_neighbors', 'assign_labels': 'cluster_qr', 'random_state': 6066, 'n_neighbors': 10}",0.23883476435906964,1275.5617529937567,1.2672563908356411
SpectralClustering,"{'n_clusters': 9, 'affinity': 'nearest_neighbors', 'assign_labels': 'kmeans', 'random_state': 42, 'n_neighbors': 15}",0.22701049662555264,1240.2355859905786,1.2396936547264152
SpectralClustering,"{'n_clusters': 9, 'affinity': 'nearest_neighbors', 'assign_labels': 'kmeans', 'random_state': 123, 'n_neighbors': 15}",0.22699788694023032,1238.6039684095178,1.2386125149813125
SpectralClustering,"{'n_clusters': 9, 'affinity': 'nearest_neighbors', 'assign_labels': 'kmeans', 'random_state': 456, 'n_neighbors': 15}",0.22703098308984557,1240.3789274837002,1.2395252061981274
SpectralClustering,"{'n_clusters': 9, 'affinity': 'nearest_neighbors', 'assign_labels': 'kmeans', 'random_state': 789, 'n_neighbors': 15}",0.22647395536205603,1235.127139078366,1.2389728113331275
SpectralClustering,"{'n_clusters': 9, 'affinity': 'nearest_neighbors', 'assign_labels': 'kmeans', 'random_state': 1011, 'n_neighbors': 15}",0.22707822532838456,1238.9507663892516,1.2382490112789877
SpectralClustering,"{'n_clusters': 9, 'affinity': 'nearest_neighbors', 'assign_labels': 'kmeans', 'random_state': 2022, 'n_neighbors': 15}",0.2265522436988916,1236.4377328825199,1.2399305977844215
SpectralClustering,"{'n_clusters': 9, 'affinity': 'nearest_neighbors', 'assign_labels': 'kmeans', 'random_state': 3033, 'n_neighbors': 15}",0.22705773905066584,1238.8076836945825,1.2384174598072755
SpectralClustering,"{'n_clusters': 9, 'affinity': 'nearest_neighbors', 'assign_labels': 'kmeans', 'random_state': 4044, 'n_neighbors': 15}",0.22722319637650873,1238.992500191789,1.2380352028091703
SpectralClustering,"{'n_clusters': 9, 'affinity': 'nearest_neighbors', 'assign_labels': 'kmeans', 'random_state': 5055, 'n_neighbors': 15}",0.22701049662555264,1240.2355859905783,1.2396936547264152
SpectralClustering,"{'n_clusters': 9, 'affinity': 'nearest_neighbors', 'assign_labels': 'kmeans', 'random_state': 6066, 'n_neighbors': 15}",0.22701049662555264,1240.2355859905786,1.2396936547264152
SpectralClustering,"{'n_clusters': 9, 'affinity': 'nearest_neighbors', 'assign_labels': 'discretize', 'random_state': 42, 'n_neighbors': 15}",0.23913381895251706,1266.016790749338,1.210781767872984
SpectralClustering,"{'n_clusters': 9, 'affinity': 'nearest_neighbors', 'assign_labels': 'discretize', 'random_state': 123, 'n_neighbors': 15}",0.24086368655690707,1266.2613779359874,1.238288091939192
SpectralClustering,"{'n_clusters': 9, 'affinity': 'nearest_neighbors', 'assign_labels': 'discretize', 'random_state': 456, 'n_neighbors': 15}",0.24073175009246225,1265.6620501688349,1.2373305290427328
SpectralClustering,"{'n_clusters': 9, 'affinity': 'nearest_neighbors', 'assign_labels': 'discretize', 'random_state': 789, 'n_neighbors': 15}",0.2396693799750226,1267.067802099716,1.2113547946724341
SpectralClustering,"{'n_clusters': 9, 'affinity': 'nearest_neighbors', 'assign_labels': 'discretize', 'random_state': 1011, 'n_neighbors': 15}",0.24092561122685083,1266.507050516209,1.237673671069578
SpectralClustering,"{'n_clusters': 9, 'affinity': 'nearest_neighbors', 'assign_labels': 'discretize', 'random_state': 2022, 'n_neighbors': 15}",0.23949170095343209,1266.7477724991945,1.211496391571131
SpectralClustering,"{'n_clusters': 9, 'affinity': 'nearest_neighbors', 'assign_labels': 'discretize', 'random_state': 3033, 'n_neighbors': 15}",0.24096215870952642,1266.2558631830461,1.2388637798531146
SpectralClustering,"{'n_clusters': 9, 'affinity': 'nearest_neighbors', 'assign_labels': 'discretize', 'random_state': 4044, 'n_neighbors': 15}",0.2413725126776693,1272.7332028411467,1.2382903333159718
SpectralClustering,"{'n_clusters': 9, 'affinity': 'nearest_neighbors', 'assign_labels': 'discretize', 'random_state': 5055, 'n_neighbors': 15}",0.23807402457927368,1264.092482063539,1.2120497480842767
SpectralClustering,"{'n_clusters': 9, 'affinity': 'nearest_neighbors', 'assign_labels': 'discretize', 'random_state': 6066, 'n_neighbors': 15}",0.24086368655690707,1266.2613779359874,1.238288091939192
SpectralClustering,"{'n_clusters': 9, 'affinity': 'nearest_neighbors', 'assign_labels': 'cluster_qr', 'random_state': 42, 'n_neighbors': 15}",0.2396468656788401,1263.5670691029973,1.2301089275374748
SpectralClustering,"{'n_clusters': 9, 'affinity': 'nearest_neighbors', 'assign_labels': 'cluster_qr', 'random_state': 123, 'n_neighbors': 15}",0.2396468656788401,1263.5670691029973,1.2301089275374748
SpectralClustering,"{'n_clusters': 9, 'affinity': 'nearest_neighbors', 'assign_labels': 'cluster_qr', 'random_state': 456, 'n_neighbors': 15}",0.2396468656788401,1263.5670691029973,1.2301089275374748
SpectralClustering,"{'n_clusters': 9, 'affinity': 'nearest_neighbors', 'assign_labels': 'cluster_qr', 'random_state': 789, 'n_neighbors': 15}",0.2396468656788401,1263.5670691029973,1.2301089275374748
SpectralClustering,"{'n_clusters': 9, 'affinity': 'nearest_neighbors', 'assign_labels': 'cluster_qr', 'random_state': 1011, 'n_neighbors': 15}",0.2396468656788401,1263.5670691029973,1.2301089275374748
SpectralClustering,"{'n_clusters': 9, 'affinity': 'nearest_neighbors', 'assign_labels': 'cluster_qr', 'random_state': 2022, 'n_neighbors': 15}",0.2396468656788401,1263.5670691029973,1.2301089275374748
SpectralClustering,"{'n_clusters': 9, 'affinity': 'nearest_neighbors', 'assign_labels': 'cluster_qr', 'random_state': 3033, 'n_neighbors': 15}",0.2396468656788401,1263.5670691029973,1.2301089275374748
SpectralClustering,"{'n_clusters': 9, 'affinity': 'nearest_neighbors', 'assign_labels': 'cluster_qr', 'random_state': 4044, 'n_neighbors': 15}",0.2396468656788401,1263.5670691029973,1.2301089275374748
SpectralClustering,"{'n_clusters': 9, 'affinity': 'nearest_neighbors', 'assign_labels': 'cluster_qr', 'random_state': 5055, 'n_neighbors': 15}",0.2396468656788401,1263.5670691029973,1.2301089275374748
SpectralClustering,"{'n_clusters': 9, 'affinity': 'nearest_neighbors', 'assign_labels': 'cluster_qr', 'random_state': 6066, 'n_neighbors': 15}",0.2396468656788401,1263.5670691029973,1.2301089275374748
SpectralClustering,"{'n_clusters': 9, 'affinity': 'nearest_neighbors', 'assign_labels': 'kmeans', 'random_state': 42, 'n_neighbors': 20}",0.22939595597592852,1245.0728838062832,1.2314509480677631
SpectralClustering,"{'n_clusters': 9, 'affinity': 'nearest_neighbors', 'assign_labels': 'kmeans', 'random_state': 123, 'n_neighbors': 20}",0.22943129592446138,1244.993150810135,1.2310740954350485
SpectralClustering,"{'n_clusters': 9, 'affinity': 'nearest_neighbors', 'assign_labels': 'kmeans', 'random_state': 456, 'n_neighbors': 20}",0.22943129592446138,1244.9931508101354,1.2310740954350488
SpectralClustering,"{'n_clusters': 9, 'affinity': 'nearest_neighbors', 'assign_labels': 'kmeans', 'random_state': 789, 'n_neighbors': 20}",0.22943129592446138,1244.9931508101354,1.2310740954350488
SpectralClustering,"{'n_clusters': 9, 'affinity': 'nearest_neighbors', 'assign_labels': 'kmeans', 'random_state': 1011, 'n_neighbors': 20}",0.22939595597592852,1245.0728838062832,1.2314509480677631
SpectralClustering,"{'n_clusters': 9, 'affinity': 'nearest_neighbors', 'assign_labels': 'kmeans', 'random_state': 2022, 'n_neighbors': 20}",0.22943129592446138,1244.9931508101347,1.2310740954350488
SpectralClustering,"{'n_clusters': 9, 'affinity': 'nearest_neighbors', 'assign_labels': 'kmeans', 'random_state': 3033, 'n_neighbors': 20}",0.22943129592446138,1244.9931508101351,1.2310740954350488
SpectralClustering,"{'n_clusters': 9, 'affinity': 'nearest_neighbors', 'assign_labels': 'kmeans', 'random_state': 4044, 'n_neighbors': 20}",0.22939595597592852,1245.0728838062832,1.2314509480677631
SpectralClustering,"{'n_clusters': 9, 'affinity': 'nearest_neighbors', 'assign_labels': 'kmeans', 'random_state': 5055, 'n_neighbors': 20}",0.22943129592446138,1244.9931508101347,1.2310740954350488
SpectralClustering,"{'n_clusters': 9, 'affinity': 'nearest_neighbors', 'assign_labels': 'kmeans', 'random_state': 6066, 'n_neighbors': 20}",0.22943129592446138,1244.9931508101351,1.2310740954350488
SpectralClustering,"{'n_clusters': 9, 'affinity': 'nearest_neighbors', 'assign_labels': 'discretize', 'random_state': 42, 'n_neighbors': 20}",0.24056568501540002,1260.7807828471975,1.235642167820069
SpectralClustering,"{'n_clusters': 9, 'affinity': 'nearest_neighbors', 'assign_labels': 'discretize', 'random_state': 123, 'n_neighbors': 20}",0.2412539812687124,1260.6301300067773,1.2355534779901314
SpectralClustering,"{'n_clusters': 9, 'affinity': 'nearest_neighbors', 'assign_labels': 'discretize', 'random_state': 456, 'n_neighbors': 20}",0.2401013469500268,1266.6924967673217,1.2163905767312384
SpectralClustering,"{'n_clusters': 9, 'affinity': 'nearest_neighbors', 'assign_labels': 'discretize', 'random_state': 789, 'n_neighbors': 20}",0.24096264499624478,1260.7105820891124,1.2351993194803583
SpectralClustering,"{'n_clusters': 9, 'affinity': 'nearest_neighbors', 'assign_labels': 'discretize', 'random_state': 1011, 'n_neighbors': 20}",0.24056568501540002,1260.7807828471975,1.235642167820069
SpectralClustering,"{'n_clusters': 9, 'affinity': 'nearest_neighbors', 'assign_labels': 'discretize', 'random_state': 2022, 'n_neighbors': 20}",0.24096264499624478,1260.7105820891124,1.2351993194803583
SpectralClustering,"{'n_clusters': 9, 'affinity': 'nearest_neighbors', 'assign_labels': 'discretize', 'random_state': 3033, 'n_neighbors': 20}",0.24095894085956024,1260.8859685992013,1.2358125140194727
SpectralClustering,"{'n_clusters': 9, 'affinity': 'nearest_neighbors', 'assign_labels': 'discretize', 'random_state': 4044, 'n_neighbors': 20}",0.2412539812687124,1260.6301300067773,1.2355534779901314
SpectralClustering,"{'n_clusters': 9, 'affinity': 'nearest_neighbors', 'assign_labels': 'discretize', 'random_state': 5055, 'n_neighbors': 20}",0.2401013469500268,1266.6924967673222,1.2163905767312384
SpectralClustering,"{'n_clusters': 9, 'affinity': 'nearest_neighbors', 'assign_labels': 'discretize', 'random_state': 6066, 'n_neighbors': 20}",0.24095894085956024,1260.8859685992015,1.2358125140194727
SpectralClustering,"{'n_clusters': 9, 'affinity': 'nearest_neighbors', 'assign_labels': 'cluster_qr', 'random_state': 42, 'n_neighbors': 20}",0.23726741209300703,1257.4845293331641,1.2280331322707962
SpectralClustering,"{'n_clusters': 9, 'affinity': 'nearest_neighbors', 'assign_labels': 'cluster_qr', 'random_state': 123, 'n_neighbors': 20}",0.23726741209300703,1257.4845293331641,1.2280331322707962
SpectralClustering,"{'n_clusters': 9, 'affinity': 'nearest_neighbors', 'assign_labels': 'cluster_qr', 'random_state': 456, 'n_neighbors': 20}",0.23726741209300703,1257.4845293331641,1.2280331322707962
SpectralClustering,"{'n_clusters': 9, 'affinity': 'nearest_neighbors', 'assign_labels': 'cluster_qr', 'random_state': 789, 'n_neighbors': 20}",0.23726741209300703,1257.4845293331641,1.2280331322707962
SpectralClustering,"{'n_clusters': 9, 'affinity': 'nearest_neighbors', 'assign_labels': 'cluster_qr', 'random_state': 1011, 'n_neighbors': 20}",0.23726741209300703,1257.4845293331641,1.2280331322707962
SpectralClustering,"{'n_clusters': 9, 'affinity': 'nearest_neighbors', 'assign_labels': 'cluster_qr', 'random_state': 2022, 'n_neighbors': 20}",0.23726741209300703,1257.4845293331641,1.2280331322707962
SpectralClustering,"{'n_clusters': 9, 'affinity': 'nearest_neighbors', 'assign_labels': 'cluster_qr', 'random_state': 3033, 'n_neighbors': 20}",0.23726741209300703,1257.4845293331641,1.2280331322707962
SpectralClustering,"{'n_clusters': 9, 'affinity': 'nearest_neighbors', 'assign_labels': 'cluster_qr', 'random_state': 4044, 'n_neighbors': 20}",0.23726741209300703,1257.4845293331641,1.2280331322707962
SpectralClustering,"{'n_clusters': 9, 'affinity': 'nearest_neighbors', 'assign_labels': 'cluster_qr', 'random_state': 5055, 'n_neighbors': 20}",0.23726741209300703,1257.4845293331641,1.2280331322707962
SpectralClustering,"{'n_clusters': 9, 'affinity': 'nearest_neighbors', 'assign_labels': 'cluster_qr', 'random_state': 6066, 'n_neighbors': 20}",0.23726741209300703,1257.4845293331641,1.2280331322707962
SpectralClustering,"{'n_clusters': 9, 'affinity': 'nearest_neighbors', 'assign_labels': 'kmeans', 'random_state': 42, 'n_neighbors': 50}",0.2499017089468654,1306.7680483255929,1.1920501207298395
SpectralClustering,"{'n_clusters': 9, 'affinity': 'nearest_neighbors', 'assign_labels': 'kmeans', 'random_state': 123, 'n_neighbors': 50}",0.24954138465671732,1303.8810015146835,1.1916697672170486
SpectralClustering,"{'n_clusters': 9, 'affinity': 'nearest_neighbors', 'assign_labels': 'kmeans', 'random_state': 456, 'n_neighbors': 50}",0.2499017089468654,1306.768048325593,1.1920501207298395
SpectralClustering,"{'n_clusters': 9, 'affinity': 'nearest_neighbors', 'assign_labels': 'kmeans', 'random_state': 789, 'n_neighbors': 50}",0.24950574529669392,1303.861050567666,1.1918078289175582
SpectralClustering,"{'n_clusters': 9, 'affinity': 'nearest_neighbors', 'assign_labels': 'kmeans', 'random_state': 1011, 'n_neighbors': 50}",0.2499017089468654,1306.7680483255929,1.1920501207298395
SpectralClustering,"{'n_clusters': 9, 'affinity': 'nearest_neighbors', 'assign_labels': 'kmeans', 'random_state': 2022, 'n_neighbors': 50}",0.2499017089468654,1306.7680483255924,1.1920501207298395
SpectralClustering,"{'n_clusters': 9, 'affinity': 'nearest_neighbors', 'assign_labels': 'kmeans', 'random_state': 3033, 'n_neighbors': 50}",0.2495513991519619,1304.0489615479555,1.1915871370551576
SpectralClustering,"{'n_clusters': 9, 'affinity': 'nearest_neighbors', 'assign_labels': 'kmeans', 'random_state': 4044, 'n_neighbors': 50}",0.2498660460738531,1306.7480272775763,1.1921885116995528
SpectralClustering,"{'n_clusters': 9, 'affinity': 'nearest_neighbors', 'assign_labels': 'kmeans', 'random_state': 5055, 'n_neighbors': 50}",0.24954138465671732,1303.8810015146835,1.1916697672170486
SpectralClustering,"{'n_clusters': 9, 'affinity': 'nearest_neighbors', 'assign_labels': 'kmeans', 'random_state': 6066, 'n_neighbors': 50}",0.24905031864788818,1303.1995016501864,1.191691087038893
SpectralClustering,"{'n_clusters': 9, 'affinity': 'nearest_neighbors', 'assign_labels': 'discretize', 'random_state': 42, 'n_neighbors': 50}",0.2586115875169048,1316.0972246336755,1.1861563046823194
SpectralClustering,"{'n_clusters': 9, 'affinity': 'nearest_neighbors', 'assign_labels': 'discretize', 'random_state': 123, 'n_neighbors': 50}",0.25910036982168183,1307.602107485659,1.1890660834079567
SpectralClustering,"{'n_clusters': 9, 'affinity': 'nearest_neighbors', 'assign_labels': 'discretize', 'random_state': 456, 'n_neighbors': 50}",0.25910036982168183,1307.6021074856587,1.1890660834079565
SpectralClustering,"{'n_clusters': 9, 'affinity': 'nearest_neighbors', 'assign_labels': 'discretize', 'random_state': 789, 'n_neighbors': 50}",0.25852219803028714,1308.1916600605848,1.1885562899835274
SpectralClustering,"{'n_clusters': 9, 'affinity': 'nearest_neighbors', 'assign_labels': 'discretize', 'random_state': 1011, 'n_neighbors': 50}",0.2589230477097695,1307.3053568233354,1.1894578724474945
SpectralClustering,"{'n_clusters': 9, 'affinity': 'nearest_neighbors', 'assign_labels': 'discretize', 'random_state': 2022, 'n_neighbors': 50}",0.25852219803028714,1308.1916600605844,1.1885562899835271
SpectralClustering,"{'n_clusters': 9, 'affinity': 'nearest_neighbors', 'assign_labels': 'discretize', 'random_state': 3033, 'n_neighbors': 50}",0.25812759132011454,1309.987840876587,1.1874295356762825
SpectralClustering,"{'n_clusters': 9, 'affinity': 'nearest_neighbors', 'assign_labels': 'discretize', 'random_state': 4044, 'n_neighbors': 50}",0.25910036982168183,1307.6021074856587,1.1890660834079565
SpectralClustering,"{'n_clusters': 9, 'affinity': 'nearest_neighbors', 'assign_labels': 'discretize', 'random_state': 5055, 'n_neighbors': 50}",0.25860983056695563,1308.3412051163323,1.1886675441886232
SpectralClustering,"{'n_clusters': 9, 'affinity': 'nearest_neighbors', 'assign_labels': 'discretize', 'random_state': 6066, 'n_neighbors': 50}",0.25910036982168183,1307.6021074856587,1.1890660834079567
SpectralClustering,"{'n_clusters': 9, 'affinity': 'nearest_neighbors', 'assign_labels': 'cluster_qr', 'random_state': 42, 'n_neighbors': 50}",0.25850411760767245,1306.2697888020991,1.2124536312066891
SpectralClustering,"{'n_clusters': 9, 'affinity': 'nearest_neighbors', 'assign_labels': 'cluster_qr', 'random_state': 123, 'n_neighbors': 50}",0.25850411760767245,1306.2697888020991,1.2124536312066891
SpectralClustering,"{'n_clusters': 9, 'affinity': 'nearest_neighbors', 'assign_labels': 'cluster_qr', 'random_state': 456, 'n_neighbors': 50}",0.25850411760767245,1306.2697888020991,1.2124536312066891
SpectralClustering,"{'n_clusters': 9, 'affinity': 'nearest_neighbors', 'assign_labels': 'cluster_qr', 'random_state': 789, 'n_neighbors': 50}",0.25850411760767245,1306.2697888020991,1.2124536312066891
SpectralClustering,"{'n_clusters': 9, 'affinity': 'nearest_neighbors', 'assign_labels': 'cluster_qr', 'random_state': 1011, 'n_neighbors': 50}",0.25850411760767245,1306.2697888020991,1.2124536312066891
SpectralClustering,"{'n_clusters': 9, 'affinity': 'nearest_neighbors', 'assign_labels': 'cluster_qr', 'random_state': 2022, 'n_neighbors': 50}",0.25850411760767245,1306.2697888020991,1.2124536312066891
SpectralClustering,"{'n_clusters': 9, 'affinity': 'nearest_neighbors', 'assign_labels': 'cluster_qr', 'random_state': 3033, 'n_neighbors': 50}",0.25850411760767245,1306.2697888020991,1.2124536312066891
SpectralClustering,"{'n_clusters': 9, 'affinity': 'nearest_neighbors', 'assign_labels': 'cluster_qr', 'random_state': 4044, 'n_neighbors': 50}",0.25850411760767245,1306.2697888020991,1.2124536312066891
SpectralClustering,"{'n_clusters': 9, 'affinity': 'nearest_neighbors', 'assign_labels': 'cluster_qr', 'random_state': 5055, 'n_neighbors': 50}",0.25850411760767245,1306.2697888020991,1.2124536312066891
SpectralClustering,"{'n_clusters': 9, 'affinity': 'nearest_neighbors', 'assign_labels': 'cluster_qr', 'random_state': 6066, 'n_neighbors': 50}",0.25850411760767245,1306.2697888020991,1.2124536312066891
SpectralClustering,"{'n_clusters': 9, 'affinity': 'nearest_neighbors', 'assign_labels': 'kmeans', 'random_state': 42, 'n_neighbors': 100}",0.22667885018132128,997.1809243645022,1.1498615649815964
SpectralClustering,"{'n_clusters': 9, 'affinity': 'nearest_neighbors', 'assign_labels': 'kmeans', 'random_state': 123, 'n_neighbors': 100}",0.22667885018132128,997.1809243645022,1.1498615649815964
SpectralClustering,"{'n_clusters': 9, 'affinity': 'nearest_neighbors', 'assign_labels': 'kmeans', 'random_state': 456, 'n_neighbors': 100}",0.22677431475581591,997.3341859638268,1.149840021633805
SpectralClustering,"{'n_clusters': 9, 'affinity': 'nearest_neighbors', 'assign_labels': 'kmeans', 'random_state': 789, 'n_neighbors': 100}",0.22762477718845275,1000.8464582092647,1.1451487467170984
SpectralClustering,"{'n_clusters': 9, 'affinity': 'nearest_neighbors', 'assign_labels': 'kmeans', 'random_state': 1011, 'n_neighbors': 100}",0.22667885018132128,997.180924364502,1.1498615649815966
SpectralClustering,"{'n_clusters': 9, 'affinity': 'nearest_neighbors', 'assign_labels': 'kmeans', 'random_state': 2022, 'n_neighbors': 100}",0.22735516401146497,999.3585021953238,1.1454936978121149
SpectralClustering,"{'n_clusters': 9, 'affinity': 'nearest_neighbors', 'assign_labels': 'kmeans', 'random_state': 3033, 'n_neighbors': 100}",0.2273289883643085,1000.1079548527766,1.1454536149863297
SpectralClustering,"{'n_clusters': 9, 'affinity': 'nearest_neighbors', 'assign_labels': 'kmeans', 'random_state': 4044, 'n_neighbors': 100}",0.2273289883643085,1000.1079548527769,1.1454536149863297
SpectralClustering,"{'n_clusters': 9, 'affinity': 'nearest_neighbors', 'assign_labels': 'kmeans', 'random_state': 5055, 'n_neighbors': 100}",0.22613779325657468,996.6649037361782,1.1495436436195616
SpectralClustering,"{'n_clusters': 9, 'affinity': 'nearest_neighbors', 'assign_labels': 'kmeans', 'random_state': 6066, 'n_neighbors': 100}",0.2265393967139322,996.7119250664942,1.150199508486449
SpectralClustering,"{'n_clusters': 9, 'affinity': 'nearest_neighbors', 'assign_labels': 'discretize', 'random_state': 42, 'n_neighbors': 100}",0.23805423497276193,1075.0052365296904,1.1338035023628834
SpectralClustering,"{'n_clusters': 9, 'affinity': 'nearest_neighbors', 'assign_labels': 'discretize', 'random_state': 123, 'n_neighbors': 100}",0.2383345293465213,1077.7422553763502,1.133535771099758
SpectralClustering,"{'n_clusters': 9, 'affinity': 'nearest_neighbors', 'assign_labels': 'discretize', 'random_state': 456, 'n_neighbors': 100}",0.2403230988381845,1092.6828190021786,1.1307401938006771
SpectralClustering,"{'n_clusters': 9, 'affinity': 'nearest_neighbors', 'assign_labels': 'discretize', 'random_state': 789, 'n_neighbors': 100}",0.23805423497276193,1075.0052365296901,1.1338035023628836
SpectralClustering,"{'n_clusters': 9, 'affinity': 'nearest_neighbors', 'assign_labels': 'discretize', 'random_state': 1011, 'n_neighbors': 100}",0.23886732339420197,1074.8950087969783,1.1288898559967953
SpectralClustering,"{'n_clusters': 9, 'affinity': 'nearest_neighbors', 'assign_labels': 'discretize', 'random_state': 2022, 'n_neighbors': 100}",0.23961082676967324,1090.6528171558089,1.1309946828522723
SpectralClustering,"{'n_clusters': 9, 'affinity': 'nearest_neighbors', 'assign_labels': 'discretize', 'random_state': 3033, 'n_neighbors': 100}",0.23961082676967324,1090.6528171558089,1.1309946828522723
SpectralClustering,"{'n_clusters': 9, 'affinity': 'nearest_neighbors', 'assign_labels': 'discretize', 'random_state': 4044, 'n_neighbors': 100}",0.23918679132907303,1076.3526198307911,1.1347262975788066
SpectralClustering,"{'n_clusters': 9, 'affinity': 'nearest_neighbors', 'assign_labels': 'discretize', 'random_state': 5055, 'n_neighbors': 100}",0.23805423497276193,1075.0052365296904,1.1338035023628836
SpectralClustering,"{'n_clusters': 9, 'affinity': 'nearest_neighbors', 'assign_labels': 'discretize', 'random_state': 6066, 'n_neighbors': 100}",0.2392392195681925,1086.9770502801591,1.1319569461913053
SpectralClustering,"{'n_clusters': 9, 'affinity': 'nearest_neighbors', 'assign_labels': 'cluster_qr', 'random_state': 42, 'n_neighbors': 100}",0.23749519606643424,1036.1529565724672,1.1473365785511938
SpectralClustering,"{'n_clusters': 9, 'affinity': 'nearest_neighbors', 'assign_labels': 'cluster_qr', 'random_state': 123, 'n_neighbors': 100}",0.23749519606643424,1036.1529565724672,1.1473365785511938
SpectralClustering,"{'n_clusters': 9, 'affinity': 'nearest_neighbors', 'assign_labels': 'cluster_qr', 'random_state': 456, 'n_neighbors': 100}",0.23749519606643424,1036.1529565724672,1.1473365785511938
SpectralClustering,"{'n_clusters': 9, 'affinity': 'nearest_neighbors', 'assign_labels': 'cluster_qr', 'random_state': 789, 'n_neighbors': 100}",0.23749519606643424,1036.1529565724672,1.1473365785511938
SpectralClustering,"{'n_clusters': 9, 'affinity': 'nearest_neighbors', 'assign_labels': 'cluster_qr', 'random_state': 1011, 'n_neighbors': 100}",0.23749519606643424,1036.1529565724672,1.1473365785511938
SpectralClustering,"{'n_clusters': 9, 'affinity': 'nearest_neighbors', 'assign_labels': 'cluster_qr', 'random_state': 2022, 'n_neighbors': 100}",0.23749519606643424,1036.1529565724672,1.1473365785511938
SpectralClustering,"{'n_clusters': 9, 'affinity': 'nearest_neighbors', 'assign_labels': 'cluster_qr', 'random_state': 3033, 'n_neighbors': 100}",0.23749519606643424,1036.1529565724672,1.1473365785511938
SpectralClustering,"{'n_clusters': 9, 'affinity': 'nearest_neighbors', 'assign_labels': 'cluster_qr', 'random_state': 4044, 'n_neighbors': 100}",0.23749519606643424,1036.1529565724672,1.1473365785511938
SpectralClustering,"{'n_clusters': 9, 'affinity': 'nearest_neighbors', 'assign_labels': 'cluster_qr', 'random_state': 5055, 'n_neighbors': 100}",0.23749519606643424,1036.1529565724672,1.1473365785511938
SpectralClustering,"{'n_clusters': 9, 'affinity': 'nearest_neighbors', 'assign_labels': 'cluster_qr', 'random_state': 6066, 'n_neighbors': 100}",0.23749519606643424,1036.1529565724672,1.1473365785511938
SpectralClustering,"{'n_clusters': 9, 'affinity': 'polynomial', 'assign_labels': 'kmeans', 'random_state': 42}",0.023211023847166994,182.9772657311318,1.535230529420923
SpectralClustering,"{'n_clusters': 9, 'affinity': 'polynomial', 'assign_labels': 'kmeans', 'random_state': 123}",0.019651452741900482,178.94616810324382,1.872374875568054
SpectralClustering,"{'n_clusters': 9, 'affinity': 'polynomial', 'assign_labels': 'kmeans', 'random_state': 456}",0.01574192467981022,177.38833774037343,1.341060122485582
SpectralClustering,"{'n_clusters': 9, 'affinity': 'polynomial', 'assign_labels': 'kmeans', 'random_state': 789}",0.014511675625505488,185.4468699990402,1.6654168574555968
SpectralClustering,"{'n_clusters': 9, 'affinity': 'polynomial', 'assign_labels': 'kmeans', 'random_state': 1011}",0.015706791087115507,176.42455933112754,1.9021843792419497
SpectralClustering,"{'n_clusters': 9, 'affinity': 'polynomial', 'assign_labels': 'kmeans', 'random_state': 2022}",0.01697634805947986,176.73804104936443,1.975569654613337
SpectralClustering,"{'n_clusters': 9, 'affinity': 'polynomial', 'assign_labels': 'kmeans', 'random_state': 3033}",0.01686005830145286,176.75799423499058,1.9615253999513291
SpectralClustering,"{'n_clusters': 9, 'affinity': 'polynomial', 'assign_labels': 'kmeans', 'random_state': 4044}",0.014965877545067851,175.9162099781001,1.9800404444740245
SpectralClustering,"{'n_clusters': 9, 'affinity': 'polynomial', 'assign_labels': 'kmeans', 'random_state': 5055}",0.016482278478746094,176.21530557157257,1.9599603180933087
SpectralClustering,"{'n_clusters': 9, 'affinity': 'polynomial', 'assign_labels': 'kmeans', 'random_state': 6066}",0.016482278478746094,176.21530557157254,1.9599603180933087
SpectralClustering,"{'n_clusters': 9, 'affinity': 'polynomial', 'assign_labels': 'discretize', 'random_state': 42}",0.2106377227351696,882.988030671361,1.1702525777037096
SpectralClustering,"{'n_clusters': 9, 'affinity': 'polynomial', 'assign_labels': 'discretize', 'random_state': 123}",0.22033514255840753,911.9032985021205,1.1640307030546653
SpectralClustering,"{'n_clusters': 9, 'affinity': 'polynomial', 'assign_labels': 'discretize', 'random_state': 456}",0.21051646497170146,881.4508477590766,1.1700790517743114
SpectralClustering,"{'n_clusters': 9, 'affinity': 'polynomial', 'assign_labels': 'discretize', 'random_state': 789}",0.21066949700429558,885.8812886725588,1.1663198742420073
SpectralClustering,"{'n_clusters': 9, 'affinity': 'polynomial', 'assign_labels': 'discretize', 'random_state': 1011}",0.22258277144410496,823.2057844288785,1.1444265050387907
SpectralClustering,"{'n_clusters': 9, 'affinity': 'polynomial', 'assign_labels': 'discretize', 'random_state': 2022}",0.2211263378371067,910.9015100655324,1.153483647097647
SpectralClustering,"{'n_clusters': 9, 'affinity': 'polynomial', 'assign_labels': 'discretize', 'random_state': 3033}",0.09652881465890845,584.63383462479,1.4112104045959672
SpectralClustering,"{'n_clusters': 9, 'affinity': 'polynomial', 'assign_labels': 'discretize', 'random_state': 4044}",0.21051646497170146,881.4508477590767,1.1700790517743114
SpectralClustering,"{'n_clusters': 9, 'affinity': 'polynomial', 'assign_labels': 'discretize', 'random_state': 5055}",0.22122319899242995,910.9741440413544,1.1533247771520092
SpectralClustering,"{'n_clusters': 9, 'affinity': 'polynomial', 'assign_labels': 'discretize', 'random_state': 6066}",0.22136704082466446,903.1720283265678,1.1466460224217894
SpectralClustering,"{'n_clusters': 9, 'affinity': 'polynomial', 'assign_labels': 'cluster_qr', 'random_state': 42}",0.21845316185173771,1032.321828669428,1.2816333021476334
SpectralClustering,"{'n_clusters': 9, 'affinity': 'polynomial', 'assign_labels': 'cluster_qr', 'random_state': 123}",0.21845316185173771,1032.321828669428,1.2816333021476334
SpectralClustering,"{'n_clusters': 9, 'affinity': 'polynomial', 'assign_labels': 'cluster_qr', 'random_state': 456}",0.21845316185173771,1032.321828669428,1.2816333021476334
SpectralClustering,"{'n_clusters': 9, 'affinity': 'polynomial', 'assign_labels': 'cluster_qr', 'random_state': 789}",0.21845316185173771,1032.321828669428,1.2816333021476334
SpectralClustering,"{'n_clusters': 9, 'affinity': 'polynomial', 'assign_labels': 'cluster_qr', 'random_state': 1011}",0.21845316185173771,1032.321828669428,1.2816333021476334
SpectralClustering,"{'n_clusters': 9, 'affinity': 'polynomial', 'assign_labels': 'cluster_qr', 'random_state': 2022}",0.21845316185173771,1032.321828669428,1.2816333021476334
SpectralClustering,"{'n_clusters': 9, 'affinity': 'polynomial', 'assign_labels': 'cluster_qr', 'random_state': 3033}",0.21845316185173771,1032.321828669428,1.2816333021476334
SpectralClustering,"{'n_clusters': 9, 'affinity': 'polynomial', 'assign_labels': 'cluster_qr', 'random_state': 4044}",0.21845316185173771,1032.321828669428,1.2816333021476334
SpectralClustering,"{'n_clusters': 9, 'affinity': 'polynomial', 'assign_labels': 'cluster_qr', 'random_state': 5055}",0.21845316185173771,1032.321828669428,1.2816333021476334
SpectralClustering,"{'n_clusters': 9, 'affinity': 'polynomial', 'assign_labels': 'cluster_qr', 'random_state': 6066}",0.21845316185173771,1032.321828669428,1.2816333021476334
SpectralClustering,"{'n_clusters': 9, 'affinity': 'poly', 'assign_labels': 'kmeans', 'random_state': 42}",0.023211023847166994,182.9772657311318,1.535230529420923
SpectralClustering,"{'n_clusters': 9, 'affinity': 'poly', 'assign_labels': 'kmeans', 'random_state': 123}",0.019651452741900482,178.94616810324382,1.872374875568054
SpectralClustering,"{'n_clusters': 9, 'affinity': 'poly', 'assign_labels': 'kmeans', 'random_state': 456}",0.01574192467981022,177.38833774037343,1.341060122485582
SpectralClustering,"{'n_clusters': 9, 'affinity': 'poly', 'assign_labels': 'kmeans', 'random_state': 789}",0.014511675625505488,185.4468699990402,1.6654168574555968
SpectralClustering,"{'n_clusters': 9, 'affinity': 'poly', 'assign_labels': 'kmeans', 'random_state': 1011}",0.015706791087115507,176.42455933112754,1.9021843792419497
SpectralClustering,"{'n_clusters': 9, 'affinity': 'poly', 'assign_labels': 'kmeans', 'random_state': 2022}",0.01697634805947986,176.73804104936443,1.975569654613337
SpectralClustering,"{'n_clusters': 9, 'affinity': 'poly', 'assign_labels': 'kmeans', 'random_state': 3033}",0.01686005830145286,176.75799423499058,1.9615253999513291
SpectralClustering,"{'n_clusters': 9, 'affinity': 'poly', 'assign_labels': 'kmeans', 'random_state': 4044}",0.014965877545067851,175.9162099781001,1.9800404444740245
SpectralClustering,"{'n_clusters': 9, 'affinity': 'poly', 'assign_labels': 'kmeans', 'random_state': 5055}",0.016482278478746094,176.21530557157257,1.9599603180933087
SpectralClustering,"{'n_clusters': 9, 'affinity': 'poly', 'assign_labels': 'kmeans', 'random_state': 6066}",0.016482278478746094,176.21530557157254,1.9599603180933087
SpectralClustering,"{'n_clusters': 9, 'affinity': 'poly', 'assign_labels': 'discretize', 'random_state': 42}",0.2106377227351696,882.988030671361,1.1702525777037096
SpectralClustering,"{'n_clusters': 9, 'affinity': 'poly', 'assign_labels': 'discretize', 'random_state': 123}",0.22033514255840753,911.9032985021205,1.1640307030546653
SpectralClustering,"{'n_clusters': 9, 'affinity': 'poly', 'assign_labels': 'discretize', 'random_state': 456}",0.21051646497170146,881.4508477590766,1.1700790517743114
SpectralClustering,"{'n_clusters': 9, 'affinity': 'poly', 'assign_labels': 'discretize', 'random_state': 789}",0.21066949700429558,885.8812886725588,1.1663198742420073
SpectralClustering,"{'n_clusters': 9, 'affinity': 'poly', 'assign_labels': 'discretize', 'random_state': 1011}",0.22258277144410496,823.2057844288785,1.1444265050387907
SpectralClustering,"{'n_clusters': 9, 'affinity': 'poly', 'assign_labels': 'discretize', 'random_state': 2022}",0.2211263378371067,910.9015100655324,1.153483647097647
SpectralClustering,"{'n_clusters': 9, 'affinity': 'poly', 'assign_labels': 'discretize', 'random_state': 3033}",0.09652881465890845,584.63383462479,1.4112104045959672
SpectralClustering,"{'n_clusters': 9, 'affinity': 'poly', 'assign_labels': 'discretize', 'random_state': 4044}",0.21051646497170146,881.4508477590767,1.1700790517743114
SpectralClustering,"{'n_clusters': 9, 'affinity': 'poly', 'assign_labels': 'discretize', 'random_state': 5055}",0.22122319899242995,910.9741440413544,1.1533247771520092
SpectralClustering,"{'n_clusters': 9, 'affinity': 'poly', 'assign_labels': 'discretize', 'random_state': 6066}",0.22136704082466446,903.1720283265678,1.1466460224217894
SpectralClustering,"{'n_clusters': 9, 'affinity': 'poly', 'assign_labels': 'cluster_qr', 'random_state': 42}",0.21845316185173771,1032.321828669428,1.2816333021476334
SpectralClustering,"{'n_clusters': 9, 'affinity': 'poly', 'assign_labels': 'cluster_qr', 'random_state': 123}",0.21845316185173771,1032.321828669428,1.2816333021476334
SpectralClustering,"{'n_clusters': 9, 'affinity': 'poly', 'assign_labels': 'cluster_qr', 'random_state': 456}",0.21845316185173771,1032.321828669428,1.2816333021476334
SpectralClustering,"{'n_clusters': 9, 'affinity': 'poly', 'assign_labels': 'cluster_qr', 'random_state': 789}",0.21845316185173771,1032.321828669428,1.2816333021476334
SpectralClustering,"{'n_clusters': 9, 'affinity': 'poly', 'assign_labels': 'cluster_qr', 'random_state': 1011}",0.21845316185173771,1032.321828669428,1.2816333021476334
SpectralClustering,"{'n_clusters': 9, 'affinity': 'poly', 'assign_labels': 'cluster_qr', 'random_state': 2022}",0.21845316185173771,1032.321828669428,1.2816333021476334
SpectralClustering,"{'n_clusters': 9, 'affinity': 'poly', 'assign_labels': 'cluster_qr', 'random_state': 3033}",0.21845316185173771,1032.321828669428,1.2816333021476334
SpectralClustering,"{'n_clusters': 9, 'affinity': 'poly', 'assign_labels': 'cluster_qr', 'random_state': 4044}",0.21845316185173771,1032.321828669428,1.2816333021476334
SpectralClustering,"{'n_clusters': 9, 'affinity': 'poly', 'assign_labels': 'cluster_qr', 'random_state': 5055}",0.21845316185173771,1032.321828669428,1.2816333021476334
SpectralClustering,"{'n_clusters': 9, 'affinity': 'poly', 'assign_labels': 'cluster_qr', 'random_state': 6066}",0.21845316185173771,1032.321828669428,1.2816333021476334
SpectralClustering,"{'n_clusters': 9, 'affinity': 'sigmoid', 'assign_labels': 'kmeans', 'random_state': 42}",0.0953246330836276,366.45571205896914,2.1577716190144516
SpectralClustering,"{'n_clusters': 9, 'affinity': 'sigmoid', 'assign_labels': 'kmeans', 'random_state': 123}",0.0733625678327229,340.0565968699657,2.313135842906028
SpectralClustering,"{'n_clusters': 9, 'affinity': 'sigmoid', 'assign_labels': 'kmeans', 'random_state': 456}",0.07515911901714775,344.8411272301398,2.3071094692514307
SpectralClustering,"{'n_clusters': 9, 'affinity': 'sigmoid', 'assign_labels': 'kmeans', 'random_state': 789}",0.07340164121069631,340.66624101639155,2.323872375035025
SpectralClustering,"{'n_clusters': 9, 'affinity': 'sigmoid', 'assign_labels': 'kmeans', 'random_state': 1011}",0.05332703286287171,355.40258143641114,2.2212167676649845
SpectralClustering,"{'n_clusters': 9, 'affinity': 'sigmoid', 'assign_labels': 'kmeans', 'random_state': 2022}",0.056807490496276127,361.7104026002365,2.1983217315586643
SpectralClustering,"{'n_clusters': 9, 'affinity': 'sigmoid', 'assign_labels': 'kmeans', 'random_state': 3033}",0.0742283546184641,331.0981716831078,2.4105234425711437
SpectralClustering,"{'n_clusters': 9, 'affinity': 'sigmoid', 'assign_labels': 'kmeans', 'random_state': 4044}",0.09554011498369783,377.4567017191436,2.1108586020469664
SpectralClustering,"{'n_clusters': 9, 'affinity': 'sigmoid', 'assign_labels': 'kmeans', 'random_state': 5055}",0.05766018956175276,376.09475796455257,2.189037018508911
SpectralClustering,"{'n_clusters': 9, 'affinity': 'sigmoid', 'assign_labels': 'kmeans', 'random_state': 6066}",0.10282975675823018,323.3059854244007,2.794530921794286
SpectralClustering,"{'n_clusters': 9, 'affinity': 'sigmoid', 'assign_labels': 'discretize', 'random_state': 42}",0.03959076584106469,266.23925985984704,3.7703726970191394
SpectralClustering,"{'n_clusters': 9, 'affinity': 'sigmoid', 'assign_labels': 'discretize', 'random_state': 123}",0.047258195106086184,243.41139669268873,2.825131787067624
SpectralClustering,"{'n_clusters': 9, 'affinity': 'sigmoid', 'assign_labels': 'discretize', 'random_state': 456}",0.09778838037091936,375.3966381189042,2.5901651713825453
SpectralClustering,"{'n_clusters': 9, 'affinity': 'sigmoid', 'assign_labels': 'discretize', 'random_state': 789}",0.05583165155976687,272.0108283609411,4.07236674675497
SpectralClustering,"{'n_clusters': 9, 'affinity': 'sigmoid', 'assign_labels': 'discretize', 'random_state': 1011}",0.04174511296279879,248.79949159716836,4.437023684832652
SpectralClustering,"{'n_clusters': 9, 'affinity': 'sigmoid', 'assign_labels': 'discretize', 'random_state': 2022}",0.04185383010017136,270.3062385894743,3.6951354165149985
SpectralClustering,"{'n_clusters': 9, 'affinity': 'sigmoid', 'assign_labels': 'discretize', 'random_state': 3033}",0.03851376468299708,265.8761710763218,4.0119054988433005
SpectralClustering,"{'n_clusters': 9, 'affinity': 'sigmoid', 'assign_labels': 'discretize', 'random_state': 4044}",0.04783086701078386,270.36693131893645,3.739629611921531
SpectralClustering,"{'n_clusters': 9, 'affinity': 'sigmoid', 'assign_labels': 'discretize', 'random_state': 5055}",0.019323848803918214,260.67517318036687,4.153435488235691
SpectralClustering,"{'n_clusters': 9, 'affinity': 'sigmoid', 'assign_labels': 'discretize', 'random_state': 6066}",0.04704835791185682,274.6350237845778,3.8628653877803725
SpectralClustering,"{'n_clusters': 9, 'affinity': 'sigmoid', 'assign_labels': 'cluster_qr', 'random_state': 42}",-0.045841503881802456,78.46459193627463,13.452014076208892
SpectralClustering,"{'n_clusters': 9, 'affinity': 'sigmoid', 'assign_labels': 'cluster_qr', 'random_state': 123}",-0.045841503881802456,78.46459193627463,13.452014076208892
SpectralClustering,"{'n_clusters': 9, 'affinity': 'sigmoid', 'assign_labels': 'cluster_qr', 'random_state': 456}",-0.045841503881802456,78.46459193627463,13.452014076208892
SpectralClustering,"{'n_clusters': 9, 'affinity': 'sigmoid', 'assign_labels': 'cluster_qr', 'random_state': 789}",-0.045841503881802456,78.46459193627463,13.452014076208892
SpectralClustering,"{'n_clusters': 9, 'affinity': 'sigmoid', 'assign_labels': 'cluster_qr', 'random_state': 1011}",-0.045841503881802456,78.46459193627463,13.452014076208892
SpectralClustering,"{'n_clusters': 9, 'affinity': 'sigmoid', 'assign_labels': 'cluster_qr', 'random_state': 2022}",-0.045841503881802456,78.46459193627463,13.452014076208892
SpectralClustering,"{'n_clusters': 9, 'affinity': 'sigmoid', 'assign_labels': 'cluster_qr', 'random_state': 3033}",-0.045841503881802456,78.46459193627463,13.452014076208892
SpectralClustering,"{'n_clusters': 9, 'affinity': 'sigmoid', 'assign_labels': 'cluster_qr', 'random_state': 4044}",-0.045841503881802456,78.46459193627463,13.452014076208892
SpectralClustering,"{'n_clusters': 9, 'affinity': 'sigmoid', 'assign_labels': 'cluster_qr', 'random_state': 5055}",-0.045841503881802456,78.46459193627463,13.452014076208892
SpectralClustering,"{'n_clusters': 9, 'affinity': 'sigmoid', 'assign_labels': 'cluster_qr', 'random_state': 6066}",-0.045841503881802456,78.46459193627463,13.452014076208892
SpectralClustering,"{'n_clusters': 10, 'affinity': 'rbf', 'assign_labels': 'kmeans', 'random_state': 42}",0.3350235553867716,663.5443918405869,1.0184037617112442
SpectralClustering,"{'n_clusters': 10, 'affinity': 'rbf', 'assign_labels': 'kmeans', 'random_state': 123}",0.3343901330211127,664.9052161060667,1.0455462310635453
SpectralClustering,"{'n_clusters': 10, 'affinity': 'rbf', 'assign_labels': 'kmeans', 'random_state': 456}",0.3350235553867716,663.544391840587,1.0184037617112442
SpectralClustering,"{'n_clusters': 10, 'affinity': 'rbf', 'assign_labels': 'kmeans', 'random_state': 789}",0.33391530035837275,665.2106832979039,1.0433954356880863
SpectralClustering,"{'n_clusters': 10, 'affinity': 'rbf', 'assign_labels': 'kmeans', 'random_state': 1011}",0.3342201416631835,664.8112892338268,1.044539537284537
SpectralClustering,"{'n_clusters': 10, 'affinity': 'rbf', 'assign_labels': 'kmeans', 'random_state': 2022}",0.3350235553867716,663.5443918405869,1.0184037617112445
SpectralClustering,"{'n_clusters': 10, 'affinity': 'rbf', 'assign_labels': 'kmeans', 'random_state': 3033}",0.33142786530125523,651.747931601181,1.0197386057693125
SpectralClustering,"{'n_clusters': 10, 'affinity': 'rbf', 'assign_labels': 'kmeans', 'random_state': 4044}",0.3350235553867716,663.5443918405871,1.0184037617112445
SpectralClustering,"{'n_clusters': 10, 'affinity': 'rbf', 'assign_labels': 'kmeans', 'random_state': 5055}",0.3343901330211127,664.9052161060667,1.0455462310635448
SpectralClustering,"{'n_clusters': 10, 'affinity': 'rbf', 'assign_labels': 'kmeans', 'random_state': 6066}",0.33031901543672215,654.3262808822016,1.0423478447051604
SpectralClustering,"{'n_clusters': 10, 'affinity': 'rbf', 'assign_labels': 'discretize', 'random_state': 42}",0.2932887792090427,1258.8290261809623,1.0702206171497113
SpectralClustering,"{'n_clusters': 10, 'affinity': 'rbf', 'assign_labels': 'discretize', 'random_state': 123}",0.2938170961964139,1259.684468321875,1.0717456563131014
SpectralClustering,"{'n_clusters': 10, 'affinity': 'rbf', 'assign_labels': 'discretize', 'random_state': 456}",0.29177452890029953,1255.4407216713682,1.070295575826036
SpectralClustering,"{'n_clusters': 10, 'affinity': 'rbf', 'assign_labels': 'discretize', 'random_state': 789}",0.29352941304578334,1262.8995882284348,1.0703658577676158
SpectralClustering,"{'n_clusters': 10, 'affinity': 'rbf', 'assign_labels': 'discretize', 'random_state': 1011}",0.291478250119624,1259.9309084772146,1.0725508796857814
SpectralClustering,"{'n_clusters': 10, 'affinity': 'rbf', 'assign_labels': 'discretize', 'random_state': 2022}",0.2945510025045921,1257.864458663278,1.0679570538915937
SpectralClustering,"{'n_clusters': 10, 'affinity': 'rbf', 'assign_labels': 'discretize', 'random_state': 3033}",0.2913684937325621,1259.3531601174527,1.0724033703773137
SpectralClustering,"{'n_clusters': 10, 'affinity': 'rbf', 'assign_labels': 'discretize', 'random_state': 4044}",0.29216470202783007,1254.2783174254423,1.071078095754925
SpectralClustering,"{'n_clusters': 10, 'affinity': 'rbf', 'assign_labels': 'discretize', 'random_state': 5055}",0.29185753448153406,1252.4080611825661,1.0690832433922823
SpectralClustering,"{'n_clusters': 10, 'affinity': 'rbf', 'assign_labels': 'discretize', 'random_state': 6066}",0.29307331428449995,1258.6653292913709,1.0702508200896752
SpectralClustering,"{'n_clusters': 10, 'affinity': 'rbf', 'assign_labels': 'cluster_qr', 'random_state': 42}",0.22943742762323424,759.9339715498886,3.6224938553727144
SpectralClustering,"{'n_clusters': 10, 'affinity': 'rbf', 'assign_labels': 'cluster_qr', 'random_state': 123}",0.22943742762323424,759.9339715498886,3.6224938553727144
SpectralClustering,"{'n_clusters': 10, 'affinity': 'rbf', 'assign_labels': 'cluster_qr', 'random_state': 456}",0.22943742762323424,759.9339715498886,3.6224938553727144
SpectralClustering,"{'n_clusters': 10, 'affinity': 'rbf', 'assign_labels': 'cluster_qr', 'random_state': 789}",0.22943742762323424,759.9339715498886,3.6224938553727144
SpectralClustering,"{'n_clusters': 10, 'affinity': 'rbf', 'assign_labels': 'cluster_qr', 'random_state': 1011}",0.22943742762323424,759.9339715498886,3.6224938553727144
SpectralClustering,"{'n_clusters': 10, 'affinity': 'rbf', 'assign_labels': 'cluster_qr', 'random_state': 2022}",0.22943742762323424,759.9339715498886,3.6224938553727144
SpectralClustering,"{'n_clusters': 10, 'affinity': 'rbf', 'assign_labels': 'cluster_qr', 'random_state': 3033}",0.22943742762323424,759.9339715498886,3.6224938553727144
SpectralClustering,"{'n_clusters': 10, 'affinity': 'rbf', 'assign_labels': 'cluster_qr', 'random_state': 4044}",0.22943742762323424,759.9339715498886,3.6224938553727144
SpectralClustering,"{'n_clusters': 10, 'affinity': 'rbf', 'assign_labels': 'cluster_qr', 'random_state': 5055}",0.22943742762323424,759.9339715498886,3.6224938553727144
SpectralClustering,"{'n_clusters': 10, 'affinity': 'rbf', 'assign_labels': 'cluster_qr', 'random_state': 6066}",0.22943742762323424,759.9339715498886,3.6224938553727144
SpectralClustering,"{'n_clusters': 10, 'affinity': 'nearest_neighbors', 'assign_labels': 'kmeans', 'random_state': 42, 'n_neighbors': 5}",0.2293979721804167,1092.0826667137808,1.107109629312236
SpectralClustering,"{'n_clusters': 10, 'affinity': 'nearest_neighbors', 'assign_labels': 'kmeans', 'random_state': 123, 'n_neighbors': 5}",0.23068854677134118,1098.4067907812412,1.1046693883791452
SpectralClustering,"{'n_clusters': 10, 'affinity': 'nearest_neighbors', 'assign_labels': 'kmeans', 'random_state': 456, 'n_neighbors': 5}",0.23068854677134118,1098.4067907812414,1.1046693883791452
SpectralClustering,"{'n_clusters': 10, 'affinity': 'nearest_neighbors', 'assign_labels': 'kmeans', 'random_state': 789, 'n_neighbors': 5}",0.2293979721804167,1092.082666713781,1.107109629312236
SpectralClustering,"{'n_clusters': 10, 'affinity': 'nearest_neighbors', 'assign_labels': 'kmeans', 'random_state': 1011, 'n_neighbors': 5}",0.23007683727190928,1096.4661322114603,1.1061927231850497
SpectralClustering,"{'n_clusters': 10, 'affinity': 'nearest_neighbors', 'assign_labels': 'kmeans', 'random_state': 2022, 'n_neighbors': 5}",0.2293979721804167,1092.082666713781,1.107109629312236
SpectralClustering,"{'n_clusters': 10, 'affinity': 'nearest_neighbors', 'assign_labels': 'kmeans', 'random_state': 3033, 'n_neighbors': 5}",0.2293979721804167,1092.082666713781,1.107109629312236
SpectralClustering,"{'n_clusters': 10, 'affinity': 'nearest_neighbors', 'assign_labels': 'kmeans', 'random_state': 4044, 'n_neighbors': 5}",0.2293979721804167,1092.082666713781,1.107109629312236
SpectralClustering,"{'n_clusters': 10, 'affinity': 'nearest_neighbors', 'assign_labels': 'kmeans', 'random_state': 5055, 'n_neighbors': 5}",0.2293979721804167,1092.082666713781,1.1071096293122362
SpectralClustering,"{'n_clusters': 10, 'affinity': 'nearest_neighbors', 'assign_labels': 'kmeans', 'random_state': 6066, 'n_neighbors': 5}",0.2293979721804167,1092.082666713781,1.107109629312236
SpectralClustering,"{'n_clusters': 10, 'affinity': 'nearest_neighbors', 'assign_labels': 'discretize', 'random_state': 42, 'n_neighbors': 5}",0.23800132804722385,1156.712007502608,1.1620783574442013
SpectralClustering,"{'n_clusters': 10, 'affinity': 'nearest_neighbors', 'assign_labels': 'discretize', 'random_state': 123, 'n_neighbors': 5}",0.237766386847699,1156.1728185899426,1.162174025740019
SpectralClustering,"{'n_clusters': 10, 'affinity': 'nearest_neighbors', 'assign_labels': 'discretize', 'random_state': 456, 'n_neighbors': 5}",0.23792811359593952,1156.2070180925398,1.161843296034299
SpectralClustering,"{'n_clusters': 10, 'affinity': 'nearest_neighbors', 'assign_labels': 'discretize', 'random_state': 789, 'n_neighbors': 5}",0.23800132804722385,1156.7120075026078,1.1620783574442015
SpectralClustering,"{'n_clusters': 10, 'affinity': 'nearest_neighbors', 'assign_labels': 'discretize', 'random_state': 1011, 'n_neighbors': 5}",0.23792811359593952,1156.2070180925398,1.161843296034299
SpectralClustering,"{'n_clusters': 10, 'affinity': 'nearest_neighbors', 'assign_labels': 'discretize', 'random_state': 2022, 'n_neighbors': 5}",0.23407273483761395,1156.0022300804055,1.1809821674915733
SpectralClustering,"{'n_clusters': 10, 'affinity': 'nearest_neighbors', 'assign_labels': 'discretize', 'random_state': 3033, 'n_neighbors': 5}",0.23792811359593952,1156.2070180925398,1.161843296034299
SpectralClustering,"{'n_clusters': 10, 'affinity': 'nearest_neighbors', 'assign_labels': 'discretize', 'random_state': 4044, 'n_neighbors': 5}",0.2330088018682285,1161.842227214449,1.234190113054717
SpectralClustering,"{'n_clusters': 10, 'affinity': 'nearest_neighbors', 'assign_labels': 'discretize', 'random_state': 5055, 'n_neighbors': 5}",0.23792811359593952,1156.2070180925398,1.161843296034299
SpectralClustering,"{'n_clusters': 10, 'affinity': 'nearest_neighbors', 'assign_labels': 'discretize', 'random_state': 6066, 'n_neighbors': 5}",0.2330088018682285,1161.842227214449,1.234190113054717
SpectralClustering,"{'n_clusters': 10, 'affinity': 'nearest_neighbors', 'assign_labels': 'cluster_qr', 'random_state': 42, 'n_neighbors': 5}",0.23518082200821747,1141.8458990090503,1.2091303281006938
SpectralClustering,"{'n_clusters': 10, 'affinity': 'nearest_neighbors', 'assign_labels': 'cluster_qr', 'random_state': 123, 'n_neighbors': 5}",0.23518082200821747,1141.8458990090503,1.2091303281006938
SpectralClustering,"{'n_clusters': 10, 'affinity': 'nearest_neighbors', 'assign_labels': 'cluster_qr', 'random_state': 456, 'n_neighbors': 5}",0.23518082200821747,1141.8458990090503,1.2091303281006938
SpectralClustering,"{'n_clusters': 10, 'affinity': 'nearest_neighbors', 'assign_labels': 'cluster_qr', 'random_state': 789, 'n_neighbors': 5}",0.23518082200821747,1141.8458990090503,1.2091303281006938
SpectralClustering,"{'n_clusters': 10, 'affinity': 'nearest_neighbors', 'assign_labels': 'cluster_qr', 'random_state': 1011, 'n_neighbors': 5}",0.23518082200821747,1141.8458990090503,1.2091303281006938
SpectralClustering,"{'n_clusters': 10, 'affinity': 'nearest_neighbors', 'assign_labels': 'cluster_qr', 'random_state': 2022, 'n_neighbors': 5}",0.23518082200821747,1141.8458990090503,1.2091303281006938
SpectralClustering,"{'n_clusters': 10, 'affinity': 'nearest_neighbors', 'assign_labels': 'cluster_qr', 'random_state': 3033, 'n_neighbors': 5}",0.23518082200821747,1141.8458990090503,1.2091303281006938
SpectralClustering,"{'n_clusters': 10, 'affinity': 'nearest_neighbors', 'assign_labels': 'cluster_qr', 'random_state': 4044, 'n_neighbors': 5}",0.23518082200821747,1141.8458990090503,1.2091303281006938
SpectralClustering,"{'n_clusters': 10, 'affinity': 'nearest_neighbors', 'assign_labels': 'cluster_qr', 'random_state': 5055, 'n_neighbors': 5}",0.23518082200821747,1141.8458990090503,1.2091303281006938
SpectralClustering,"{'n_clusters': 10, 'affinity': 'nearest_neighbors', 'assign_labels': 'cluster_qr', 'random_state': 6066, 'n_neighbors': 5}",0.23518082200821747,1141.8458990090503,1.2091303281006938
SpectralClustering,"{'n_clusters': 10, 'affinity': 'nearest_neighbors', 'assign_labels': 'kmeans', 'random_state': 42, 'n_neighbors': 10}",0.2249332050852674,1188.7184509709691,1.2037604539038997
SpectralClustering,"{'n_clusters': 10, 'affinity': 'nearest_neighbors', 'assign_labels': 'kmeans', 'random_state': 123, 'n_neighbors': 10}",0.22496159271741317,1188.901548464547,1.2034937192608521
SpectralClustering,"{'n_clusters': 10, 'affinity': 'nearest_neighbors', 'assign_labels': 'kmeans', 'random_state': 456, 'n_neighbors': 10}",0.22556347472395952,1190.3076275260626,1.204681158519276
SpectralClustering,"{'n_clusters': 10, 'affinity': 'nearest_neighbors', 'assign_labels': 'kmeans', 'random_state': 789, 'n_neighbors': 10}",0.22496159271741317,1188.9015484645465,1.2034937192608521
SpectralClustering,"{'n_clusters': 10, 'affinity': 'nearest_neighbors', 'assign_labels': 'kmeans', 'random_state': 1011, 'n_neighbors': 10}",0.22493936602394202,1189.0017404003584,1.2036206272916232
SpectralClustering,"{'n_clusters': 10, 'affinity': 'nearest_neighbors', 'assign_labels': 'kmeans', 'random_state': 2022, 'n_neighbors': 10}",0.22556347472395952,1190.3076275260626,1.2046811585192763
SpectralClustering,"{'n_clusters': 10, 'affinity': 'nearest_neighbors', 'assign_labels': 'kmeans', 'random_state': 3033, 'n_neighbors': 10}",0.22556347472395952,1190.3076275260626,1.204681158519276
SpectralClustering,"{'n_clusters': 10, 'affinity': 'nearest_neighbors', 'assign_labels': 'kmeans', 'random_state': 4044, 'n_neighbors': 10}",0.22556347472395952,1190.3076275260626,1.204681158519276
SpectralClustering,"{'n_clusters': 10, 'affinity': 'nearest_neighbors', 'assign_labels': 'kmeans', 'random_state': 5055, 'n_neighbors': 10}",0.22556347472395952,1190.3076275260626,1.204681158519276
SpectralClustering,"{'n_clusters': 10, 'affinity': 'nearest_neighbors', 'assign_labels': 'kmeans', 'random_state': 6066, 'n_neighbors': 10}",0.22556347472395952,1190.3076275260626,1.204681158519276
SpectralClustering,"{'n_clusters': 10, 'affinity': 'nearest_neighbors', 'assign_labels': 'discretize', 'random_state': 42, 'n_neighbors': 10}",0.24556995038325583,1256.2196098799868,1.2085940489946267
SpectralClustering,"{'n_clusters': 10, 'affinity': 'nearest_neighbors', 'assign_labels': 'discretize', 'random_state': 123, 'n_neighbors': 10}",0.23987255926301398,1235.7480443589616,1.2068891880400852
SpectralClustering,"{'n_clusters': 10, 'affinity': 'nearest_neighbors', 'assign_labels': 'discretize', 'random_state': 456, 'n_neighbors': 10}",0.2416136908785851,1244.0116224961957,1.230269431142267
SpectralClustering,"{'n_clusters': 10, 'affinity': 'nearest_neighbors', 'assign_labels': 'discretize', 'random_state': 789, 'n_neighbors': 10}",0.23992056344580512,1238.8294043571143,1.205538617430376
SpectralClustering,"{'n_clusters': 10, 'affinity': 'nearest_neighbors', 'assign_labels': 'discretize', 'random_state': 1011, 'n_neighbors': 10}",0.23992056344580512,1238.829404357114,1.2055386174303757
SpectralClustering,"{'n_clusters': 10, 'affinity': 'nearest_neighbors', 'assign_labels': 'discretize', 'random_state': 2022, 'n_neighbors': 10}",0.2400392743671197,1239.2939702842816,1.205090365165298
SpectralClustering,"{'n_clusters': 10, 'affinity': 'nearest_neighbors', 'assign_labels': 'discretize', 'random_state': 3033, 'n_neighbors': 10}",0.23992056344580512,1238.8294043571143,1.2055386174303757
SpectralClustering,"{'n_clusters': 10, 'affinity': 'nearest_neighbors', 'assign_labels': 'discretize', 'random_state': 4044, 'n_neighbors': 10}",0.24193156052303202,1242.0592476846682,1.2272131408571283
SpectralClustering,"{'n_clusters': 10, 'affinity': 'nearest_neighbors', 'assign_labels': 'discretize', 'random_state': 5055, 'n_neighbors': 10}",0.24146119487535114,1243.4904806155678,1.2303908056473587
SpectralClustering,"{'n_clusters': 10, 'affinity': 'nearest_neighbors', 'assign_labels': 'discretize', 'random_state': 6066, 'n_neighbors': 10}",0.2418424208076414,1241.3914173679307,1.227010689652244
SpectralClustering,"{'n_clusters': 10, 'affinity': 'nearest_neighbors', 'assign_labels': 'cluster_qr', 'random_state': 42, 'n_neighbors': 10}",0.24090209567643237,1238.866930203411,1.2511759078613562
SpectralClustering,"{'n_clusters': 10, 'affinity': 'nearest_neighbors', 'assign_labels': 'cluster_qr', 'random_state': 123, 'n_neighbors': 10}",0.24090209567643237,1238.866930203411,1.2511759078613562
SpectralClustering,"{'n_clusters': 10, 'affinity': 'nearest_neighbors', 'assign_labels': 'cluster_qr', 'random_state': 456, 'n_neighbors': 10}",0.24090209567643237,1238.866930203411,1.2511759078613562
SpectralClustering,"{'n_clusters': 10, 'affinity': 'nearest_neighbors', 'assign_labels': 'cluster_qr', 'random_state': 789, 'n_neighbors': 10}",0.24090209567643237,1238.866930203411,1.2511759078613562
SpectralClustering,"{'n_clusters': 10, 'affinity': 'nearest_neighbors', 'assign_labels': 'cluster_qr', 'random_state': 1011, 'n_neighbors': 10}",0.24090209567643237,1238.866930203411,1.2511759078613562
SpectralClustering,"{'n_clusters': 10, 'affinity': 'nearest_neighbors', 'assign_labels': 'cluster_qr', 'random_state': 2022, 'n_neighbors': 10}",0.24090209567643237,1238.866930203411,1.2511759078613562
SpectralClustering,"{'n_clusters': 10, 'affinity': 'nearest_neighbors', 'assign_labels': 'cluster_qr', 'random_state': 3033, 'n_neighbors': 10}",0.24090209567643237,1238.866930203411,1.2511759078613562
SpectralClustering,"{'n_clusters': 10, 'affinity': 'nearest_neighbors', 'assign_labels': 'cluster_qr', 'random_state': 4044, 'n_neighbors': 10}",0.24090209567643237,1238.866930203411,1.2511759078613562
SpectralClustering,"{'n_clusters': 10, 'affinity': 'nearest_neighbors', 'assign_labels': 'cluster_qr', 'random_state': 5055, 'n_neighbors': 10}",0.24090209567643237,1238.866930203411,1.2511759078613562
SpectralClustering,"{'n_clusters': 10, 'affinity': 'nearest_neighbors', 'assign_labels': 'cluster_qr', 'random_state': 6066, 'n_neighbors': 10}",0.24090209567643237,1238.866930203411,1.2511759078613562
SpectralClustering,"{'n_clusters': 10, 'affinity': 'nearest_neighbors', 'assign_labels': 'kmeans', 'random_state': 42, 'n_neighbors': 15}",0.22638896902908603,1195.7189752276208,1.2249985392942508
SpectralClustering,"{'n_clusters': 10, 'affinity': 'nearest_neighbors', 'assign_labels': 'kmeans', 'random_state': 123, 'n_neighbors': 15}",0.22638898105749536,1196.4964080910604,1.2255276813080473
SpectralClustering,"{'n_clusters': 10, 'affinity': 'nearest_neighbors', 'assign_labels': 'kmeans', 'random_state': 456, 'n_neighbors': 15}",0.2276604616713401,1203.760784127586,1.2240949712556901
SpectralClustering,"{'n_clusters': 10, 'affinity': 'nearest_neighbors', 'assign_labels': 'kmeans', 'random_state': 789, 'n_neighbors': 15}",0.22638898105749536,1196.4964080910606,1.2255276813080473
SpectralClustering,"{'n_clusters': 10, 'affinity': 'nearest_neighbors', 'assign_labels': 'kmeans', 'random_state': 1011, 'n_neighbors': 15}",0.2276604616713401,1203.7607841275862,1.2240949712556906
SpectralClustering,"{'n_clusters': 10, 'affinity': 'nearest_neighbors', 'assign_labels': 'kmeans', 'random_state': 2022, 'n_neighbors': 15}",0.22638898105749536,1196.4964080910602,1.2255276813080473
SpectralClustering,"{'n_clusters': 10, 'affinity': 'nearest_neighbors', 'assign_labels': 'kmeans', 'random_state': 3033, 'n_neighbors': 15}",0.22645178794268317,1196.6659869674263,1.2253819873556464
SpectralClustering,"{'n_clusters': 10, 'affinity': 'nearest_neighbors', 'assign_labels': 'kmeans', 'random_state': 4044, 'n_neighbors': 15}",0.22632769513660453,1196.5225000059834,1.2258245172885973
SpectralClustering,"{'n_clusters': 10, 'affinity': 'nearest_neighbors', 'assign_labels': 'kmeans', 'random_state': 5055, 'n_neighbors': 15}",0.22632769513660453,1196.5225000059834,1.2258245172885975
SpectralClustering,"{'n_clusters': 10, 'affinity': 'nearest_neighbors', 'assign_labels': 'kmeans', 'random_state': 6066, 'n_neighbors': 15}",0.22642656426640578,1196.3634260370557,1.2253359832416912
SpectralClustering,"{'n_clusters': 10, 'affinity': 'nearest_neighbors', 'assign_labels': 'discretize', 'random_state': 42, 'n_neighbors': 15}",0.24108770539738447,1237.4541120804283,1.1922762188116915
SpectralClustering,"{'n_clusters': 10, 'affinity': 'nearest_neighbors', 'assign_labels': 'discretize', 'random_state': 123, 'n_neighbors': 15}",0.24113625292694668,1237.5064204510124,1.1921058766374009
SpectralClustering,"{'n_clusters': 10, 'affinity': 'nearest_neighbors', 'assign_labels': 'discretize', 'random_state': 456, 'n_neighbors': 15}",0.24058432624090928,1236.5523055081499,1.1925313686477046
SpectralClustering,"{'n_clusters': 10, 'affinity': 'nearest_neighbors', 'assign_labels': 'discretize', 'random_state': 789, 'n_neighbors': 15}",0.24276377041420266,1237.0421497089678,1.2169811164356716
SpectralClustering,"{'n_clusters': 10, 'affinity': 'nearest_neighbors', 'assign_labels': 'discretize', 'random_state': 1011, 'n_neighbors': 15}",0.2424177079432527,1236.030876335718,1.2169075692401405
SpectralClustering,"{'n_clusters': 10, 'affinity': 'nearest_neighbors', 'assign_labels': 'discretize', 'random_state': 2022, 'n_neighbors': 15}",0.2428025690574856,1237.224395053235,1.2178372488916804
SpectralClustering,"{'n_clusters': 10, 'affinity': 'nearest_neighbors', 'assign_labels': 'discretize', 'random_state': 3033, 'n_neighbors': 15}",0.24294270950505076,1237.2912179011016,1.2170793541903964
SpectralClustering,"{'n_clusters': 10, 'affinity': 'nearest_neighbors', 'assign_labels': 'discretize', 'random_state': 4044, 'n_neighbors': 15}",0.2429669006829735,1239.1378918930868,1.2181677042361476
SpectralClustering,"{'n_clusters': 10, 'affinity': 'nearest_neighbors', 'assign_labels': 'discretize', 'random_state': 5055, 'n_neighbors': 15}",0.24276377041420266,1237.042149708968,1.2169811164356716
SpectralClustering,"{'n_clusters': 10, 'affinity': 'nearest_neighbors', 'assign_labels': 'discretize', 'random_state': 6066, 'n_neighbors': 15}",0.24277534189357552,1236.888144720242,1.2167228822247391
SpectralClustering,"{'n_clusters': 10, 'affinity': 'nearest_neighbors', 'assign_labels': 'cluster_qr', 'random_state': 42, 'n_neighbors': 15}",0.24456742582546614,1238.5819618646458,1.2271391981686377
SpectralClustering,"{'n_clusters': 10, 'affinity': 'nearest_neighbors', 'assign_labels': 'cluster_qr', 'random_state': 123, 'n_neighbors': 15}",0.24456742582546614,1238.5819618646458,1.2271391981686377
SpectralClustering,"{'n_clusters': 10, 'affinity': 'nearest_neighbors', 'assign_labels': 'cluster_qr', 'random_state': 456, 'n_neighbors': 15}",0.24456742582546614,1238.5819618646458,1.2271391981686377
SpectralClustering,"{'n_clusters': 10, 'affinity': 'nearest_neighbors', 'assign_labels': 'cluster_qr', 'random_state': 789, 'n_neighbors': 15}",0.24456742582546614,1238.5819618646458,1.2271391981686377
SpectralClustering,"{'n_clusters': 10, 'affinity': 'nearest_neighbors', 'assign_labels': 'cluster_qr', 'random_state': 1011, 'n_neighbors': 15}",0.24456742582546614,1238.5819618646458,1.2271391981686377
SpectralClustering,"{'n_clusters': 10, 'affinity': 'nearest_neighbors', 'assign_labels': 'cluster_qr', 'random_state': 2022, 'n_neighbors': 15}",0.24456742582546614,1238.5819618646458,1.2271391981686377
SpectralClustering,"{'n_clusters': 10, 'affinity': 'nearest_neighbors', 'assign_labels': 'cluster_qr', 'random_state': 3033, 'n_neighbors': 15}",0.24456742582546614,1238.5819618646458,1.2271391981686377
SpectralClustering,"{'n_clusters': 10, 'affinity': 'nearest_neighbors', 'assign_labels': 'cluster_qr', 'random_state': 4044, 'n_neighbors': 15}",0.24456742582546614,1238.5819618646458,1.2271391981686377
SpectralClustering,"{'n_clusters': 10, 'affinity': 'nearest_neighbors', 'assign_labels': 'cluster_qr', 'random_state': 5055, 'n_neighbors': 15}",0.24456742582546614,1238.5819618646458,1.2271391981686377
SpectralClustering,"{'n_clusters': 10, 'affinity': 'nearest_neighbors', 'assign_labels': 'cluster_qr', 'random_state': 6066, 'n_neighbors': 15}",0.24456742582546614,1238.5819618646458,1.2271391981686377
SpectralClustering,"{'n_clusters': 10, 'affinity': 'nearest_neighbors', 'assign_labels': 'kmeans', 'random_state': 42, 'n_neighbors': 20}",0.23099035467952364,1206.7240828141437,1.2050840695194127
SpectralClustering,"{'n_clusters': 10, 'affinity': 'nearest_neighbors', 'assign_labels': 'kmeans', 'random_state': 123, 'n_neighbors': 20}",0.23099035467952364,1206.724082814144,1.205084069519413
SpectralClustering,"{'n_clusters': 10, 'affinity': 'nearest_neighbors', 'assign_labels': 'kmeans', 'random_state': 456, 'n_neighbors': 20}",0.23099035467952364,1206.7240828141437,1.205084069519413
SpectralClustering,"{'n_clusters': 10, 'affinity': 'nearest_neighbors', 'assign_labels': 'kmeans', 'random_state': 789, 'n_neighbors': 20}",0.23099035467952364,1206.7240828141437,1.205084069519413
SpectralClustering,"{'n_clusters': 10, 'affinity': 'nearest_neighbors', 'assign_labels': 'kmeans', 'random_state': 1011, 'n_neighbors': 20}",0.23099035467952364,1206.724082814144,1.2050840695194127
SpectralClustering,"{'n_clusters': 10, 'affinity': 'nearest_neighbors', 'assign_labels': 'kmeans', 'random_state': 2022, 'n_neighbors': 20}",0.23099035467952364,1206.724082814144,1.205084069519413
SpectralClustering,"{'n_clusters': 10, 'affinity': 'nearest_neighbors', 'assign_labels': 'kmeans', 'random_state': 3033, 'n_neighbors': 20}",0.23099035467952364,1206.724082814144,1.2050840695194127
SpectralClustering,"{'n_clusters': 10, 'affinity': 'nearest_neighbors', 'assign_labels': 'kmeans', 'random_state': 4044, 'n_neighbors': 20}",0.23099035467952364,1206.7240828141437,1.205084069519413
SpectralClustering,"{'n_clusters': 10, 'affinity': 'nearest_neighbors', 'assign_labels': 'kmeans', 'random_state': 5055, 'n_neighbors': 20}",0.23099035467952364,1206.724082814144,1.205084069519413
SpectralClustering,"{'n_clusters': 10, 'affinity': 'nearest_neighbors', 'assign_labels': 'kmeans', 'random_state': 6066, 'n_neighbors': 20}",0.23099035467952364,1206.724082814144,1.205084069519413
SpectralClustering,"{'n_clusters': 10, 'affinity': 'nearest_neighbors', 'assign_labels': 'discretize', 'random_state': 42, 'n_neighbors': 20}",0.2429595571684356,1229.4268492784418,1.2117756097849843
SpectralClustering,"{'n_clusters': 10, 'affinity': 'nearest_neighbors', 'assign_labels': 'discretize', 'random_state': 123, 'n_neighbors': 20}",0.24283652907298875,1225.0887674664903,1.207845076429712
SpectralClustering,"{'n_clusters': 10, 'affinity': 'nearest_neighbors', 'assign_labels': 'discretize', 'random_state': 456, 'n_neighbors': 20}",0.24158846934795003,1233.829828349006,1.1935170881277162
SpectralClustering,"{'n_clusters': 10, 'affinity': 'nearest_neighbors', 'assign_labels': 'discretize', 'random_state': 789, 'n_neighbors': 20}",0.24158846934795003,1233.8298283490062,1.1935170881277162
SpectralClustering,"{'n_clusters': 10, 'affinity': 'nearest_neighbors', 'assign_labels': 'discretize', 'random_state': 1011, 'n_neighbors': 20}",0.2428847666120252,1225.649439904547,1.2093539476980546
SpectralClustering,"{'n_clusters': 10, 'affinity': 'nearest_neighbors', 'assign_labels': 'discretize', 'random_state': 2022, 'n_neighbors': 20}",0.24283652907298875,1225.0887674664903,1.207845076429712
SpectralClustering,"{'n_clusters': 10, 'affinity': 'nearest_neighbors', 'assign_labels': 'discretize', 'random_state': 3033, 'n_neighbors': 20}",0.24158722300409505,1235.6307582688676,1.1944970953047338
SpectralClustering,"{'n_clusters': 10, 'affinity': 'nearest_neighbors', 'assign_labels': 'discretize', 'random_state': 4044, 'n_neighbors': 20}",0.24274457265518196,1224.9407319331863,1.207976468058852
SpectralClustering,"{'n_clusters': 10, 'affinity': 'nearest_neighbors', 'assign_labels': 'discretize', 'random_state': 5055, 'n_neighbors': 20}",0.24250677819091326,1227.424230549271,1.2111704675943453
SpectralClustering,"{'n_clusters': 10, 'affinity': 'nearest_neighbors', 'assign_labels': 'discretize', 'random_state': 6066, 'n_neighbors': 20}",0.24283652907298875,1225.0887674664903,1.207845076429712
SpectralClustering,"{'n_clusters': 10, 'affinity': 'nearest_neighbors', 'assign_labels': 'cluster_qr', 'random_state': 42, 'n_neighbors': 20}",0.2420860010406961,1227.7291675627316,1.2076534867894946
SpectralClustering,"{'n_clusters': 10, 'affinity': 'nearest_neighbors', 'assign_labels': 'cluster_qr', 'random_state': 123, 'n_neighbors': 20}",0.2420860010406961,1227.7291675627316,1.2076534867894946
SpectralClustering,"{'n_clusters': 10, 'affinity': 'nearest_neighbors', 'assign_labels': 'cluster_qr', 'random_state': 456, 'n_neighbors': 20}",0.2420860010406961,1227.7291675627316,1.2076534867894946
SpectralClustering,"{'n_clusters': 10, 'affinity': 'nearest_neighbors', 'assign_labels': 'cluster_qr', 'random_state': 789, 'n_neighbors': 20}",0.2420860010406961,1227.7291675627316,1.2076534867894946
SpectralClustering,"{'n_clusters': 10, 'affinity': 'nearest_neighbors', 'assign_labels': 'cluster_qr', 'random_state': 1011, 'n_neighbors': 20}",0.2420860010406961,1227.7291675627316,1.2076534867894946
SpectralClustering,"{'n_clusters': 10, 'affinity': 'nearest_neighbors', 'assign_labels': 'cluster_qr', 'random_state': 2022, 'n_neighbors': 20}",0.2420860010406961,1227.7291675627316,1.2076534867894946
SpectralClustering,"{'n_clusters': 10, 'affinity': 'nearest_neighbors', 'assign_labels': 'cluster_qr', 'random_state': 3033, 'n_neighbors': 20}",0.2420860010406961,1227.7291675627316,1.2076534867894946
SpectralClustering,"{'n_clusters': 10, 'affinity': 'nearest_neighbors', 'assign_labels': 'cluster_qr', 'random_state': 4044, 'n_neighbors': 20}",0.2420860010406961,1227.7291675627316,1.2076534867894946
SpectralClustering,"{'n_clusters': 10, 'affinity': 'nearest_neighbors', 'assign_labels': 'cluster_qr', 'random_state': 5055, 'n_neighbors': 20}",0.2420860010406961,1227.7291675627316,1.2076534867894946
SpectralClustering,"{'n_clusters': 10, 'affinity': 'nearest_neighbors', 'assign_labels': 'cluster_qr', 'random_state': 6066, 'n_neighbors': 20}",0.2420860010406961,1227.7291675627316,1.2076534867894946
SpectralClustering,"{'n_clusters': 10, 'affinity': 'nearest_neighbors', 'assign_labels': 'kmeans', 'random_state': 42, 'n_neighbors': 50}",0.22988815720496292,1205.7166722083577,1.185237924699821
SpectralClustering,"{'n_clusters': 10, 'affinity': 'nearest_neighbors', 'assign_labels': 'kmeans', 'random_state': 123, 'n_neighbors': 50}",0.22971076732733284,1205.0188238991825,1.1847807607692822
SpectralClustering,"{'n_clusters': 10, 'affinity': 'nearest_neighbors', 'assign_labels': 'kmeans', 'random_state': 456, 'n_neighbors': 50}",0.22985148334781608,1205.2391411274634,1.185770685723476
SpectralClustering,"{'n_clusters': 10, 'affinity': 'nearest_neighbors', 'assign_labels': 'kmeans', 'random_state': 789, 'n_neighbors': 50}",0.22985148334781608,1205.2391411274637,1.185770685723476
SpectralClustering,"{'n_clusters': 10, 'affinity': 'nearest_neighbors', 'assign_labels': 'kmeans', 'random_state': 1011, 'n_neighbors': 50}",0.22971076732733284,1205.0188238991825,1.1847807607692817
SpectralClustering,"{'n_clusters': 10, 'affinity': 'nearest_neighbors', 'assign_labels': 'kmeans', 'random_state': 2022, 'n_neighbors': 50}",0.22971076732733284,1205.0188238991825,1.1847807607692817
SpectralClustering,"{'n_clusters': 10, 'affinity': 'nearest_neighbors', 'assign_labels': 'kmeans', 'random_state': 3033, 'n_neighbors': 50}",0.22971076732733284,1205.0188238991825,1.184780760769282
SpectralClustering,"{'n_clusters': 10, 'affinity': 'nearest_neighbors', 'assign_labels': 'kmeans', 'random_state': 4044, 'n_neighbors': 50}",0.22971076732733284,1205.0188238991823,1.1847807607692817
SpectralClustering,"{'n_clusters': 10, 'affinity': 'nearest_neighbors', 'assign_labels': 'kmeans', 'random_state': 5055, 'n_neighbors': 50}",0.22971076732733284,1205.0188238991825,1.184780760769282
SpectralClustering,"{'n_clusters': 10, 'affinity': 'nearest_neighbors', 'assign_labels': 'kmeans', 'random_state': 6066, 'n_neighbors': 50}",0.22971076732733284,1205.0188238991825,1.184780760769282
SpectralClustering,"{'n_clusters': 10, 'affinity': 'nearest_neighbors', 'assign_labels': 'discretize', 'random_state': 42, 'n_neighbors': 50}",0.23814395145626352,1240.3168889277736,1.1949853701824877
SpectralClustering,"{'n_clusters': 10, 'affinity': 'nearest_neighbors', 'assign_labels': 'discretize', 'random_state': 123, 'n_neighbors': 50}",0.2381172460704394,1240.3792250997144,1.1963112503148934
SpectralClustering,"{'n_clusters': 10, 'affinity': 'nearest_neighbors', 'assign_labels': 'discretize', 'random_state': 456, 'n_neighbors': 50}",0.23733485395195333,1240.4323776660729,1.1998742199435655
SpectralClustering,"{'n_clusters': 10, 'affinity': 'nearest_neighbors', 'assign_labels': 'discretize', 'random_state': 789, 'n_neighbors': 50}",0.22095753482567262,1213.6439629983086,1.2300776154130428
SpectralClustering,"{'n_clusters': 10, 'affinity': 'nearest_neighbors', 'assign_labels': 'discretize', 'random_state': 1011, 'n_neighbors': 50}",0.2378226245624741,1241.4856723841958,1.1992211922653817
SpectralClustering,"{'n_clusters': 10, 'affinity': 'nearest_neighbors', 'assign_labels': 'discretize', 'random_state': 2022, 'n_neighbors': 50}",0.23793682061015603,1238.9332298148795,1.1931012556772527
SpectralClustering,"{'n_clusters': 10, 'affinity': 'nearest_neighbors', 'assign_labels': 'discretize', 'random_state': 3033, 'n_neighbors': 50}",0.2408397621613986,1243.620718126616,1.1952517509200968
SpectralClustering,"{'n_clusters': 10, 'affinity': 'nearest_neighbors', 'assign_labels': 'discretize', 'random_state': 4044, 'n_neighbors': 50}",0.23800842126880267,1239.1110040815984,1.1933105024855206
SpectralClustering,"{'n_clusters': 10, 'affinity': 'nearest_neighbors', 'assign_labels': 'discretize', 'random_state': 5055, 'n_neighbors': 50}",0.24070222029243266,1242.4096664529886,1.1935768832231297
SpectralClustering,"{'n_clusters': 10, 'affinity': 'nearest_neighbors', 'assign_labels': 'discretize', 'random_state': 6066, 'n_neighbors': 50}",0.23885030964159812,1246.3838287257536,1.2042272470845403
SpectralClustering,"{'n_clusters': 10, 'affinity': 'nearest_neighbors', 'assign_labels': 'cluster_qr', 'random_state': 42, 'n_neighbors': 50}",0.23604371423978554,1217.2249256261082,1.2747374702678989
SpectralClustering,"{'n_clusters': 10, 'affinity': 'nearest_neighbors', 'assign_labels': 'cluster_qr', 'random_state': 123, 'n_neighbors': 50}",0.23604371423978554,1217.2249256261082,1.2747374702678989
SpectralClustering,"{'n_clusters': 10, 'affinity': 'nearest_neighbors', 'assign_labels': 'cluster_qr', 'random_state': 456, 'n_neighbors': 50}",0.23604371423978554,1217.2249256261082,1.2747374702678989
SpectralClustering,"{'n_clusters': 10, 'affinity': 'nearest_neighbors', 'assign_labels': 'cluster_qr', 'random_state': 789, 'n_neighbors': 50}",0.23604371423978554,1217.2249256261082,1.2747374702678989
SpectralClustering,"{'n_clusters': 10, 'affinity': 'nearest_neighbors', 'assign_labels': 'cluster_qr', 'random_state': 1011, 'n_neighbors': 50}",0.23604371423978554,1217.2249256261082,1.2747374702678989
SpectralClustering,"{'n_clusters': 10, 'affinity': 'nearest_neighbors', 'assign_labels': 'cluster_qr', 'random_state': 2022, 'n_neighbors': 50}",0.23604371423978554,1217.2249256261082,1.2747374702678989
SpectralClustering,"{'n_clusters': 10, 'affinity': 'nearest_neighbors', 'assign_labels': 'cluster_qr', 'random_state': 3033, 'n_neighbors': 50}",0.23604371423978554,1217.2249256261082,1.2747374702678989
SpectralClustering,"{'n_clusters': 10, 'affinity': 'nearest_neighbors', 'assign_labels': 'cluster_qr', 'random_state': 4044, 'n_neighbors': 50}",0.23604371423978554,1217.2249256261082,1.2747374702678989
SpectralClustering,"{'n_clusters': 10, 'affinity': 'nearest_neighbors', 'assign_labels': 'cluster_qr', 'random_state': 5055, 'n_neighbors': 50}",0.23604371423978554,1217.2249256261082,1.2747374702678989
SpectralClustering,"{'n_clusters': 10, 'affinity': 'nearest_neighbors', 'assign_labels': 'cluster_qr', 'random_state': 6066, 'n_neighbors': 50}",0.23604371423978554,1217.2249256261082,1.2747374702678989
SpectralClustering,"{'n_clusters': 10, 'affinity': 'nearest_neighbors', 'assign_labels': 'kmeans', 'random_state': 42, 'n_neighbors': 100}",0.2475223357599954,1243.0320699086867,1.153751119272004
SpectralClustering,"{'n_clusters': 10, 'affinity': 'nearest_neighbors', 'assign_labels': 'kmeans', 'random_state': 123, 'n_neighbors': 100}",0.24762435464192908,1243.3362628377556,1.1542880195925986
SpectralClustering,"{'n_clusters': 10, 'affinity': 'nearest_neighbors', 'assign_labels': 'kmeans', 'random_state': 456, 'n_neighbors': 100}",0.24761827034840256,1243.2587424585438,1.1537307491864557
SpectralClustering,"{'n_clusters': 10, 'affinity': 'nearest_neighbors', 'assign_labels': 'kmeans', 'random_state': 789, 'n_neighbors': 100}",0.2475223357599954,1243.0320699086865,1.1537511192720038
SpectralClustering,"{'n_clusters': 10, 'affinity': 'nearest_neighbors', 'assign_labels': 'kmeans', 'random_state': 1011, 'n_neighbors': 100}",0.2475223357599954,1243.0320699086872,1.153751119272004
SpectralClustering,"{'n_clusters': 10, 'affinity': 'nearest_neighbors', 'assign_labels': 'kmeans', 'random_state': 2022, 'n_neighbors': 100}",0.24680041775181244,1241.4458148142933,1.1548400000246126
SpectralClustering,"{'n_clusters': 10, 'affinity': 'nearest_neighbors', 'assign_labels': 'kmeans', 'random_state': 3033, 'n_neighbors': 100}",0.24693933975397947,1241.8025008488642,1.1554352456522534
SpectralClustering,"{'n_clusters': 10, 'affinity': 'nearest_neighbors', 'assign_labels': 'kmeans', 'random_state': 4044, 'n_neighbors': 100}",0.2475223357599954,1243.0320699086867,1.153751119272004
SpectralClustering,"{'n_clusters': 10, 'affinity': 'nearest_neighbors', 'assign_labels': 'kmeans', 'random_state': 5055, 'n_neighbors': 100}",0.24752961155834896,1243.1095675592874,1.1543110970613628
SpectralClustering,"{'n_clusters': 10, 'affinity': 'nearest_neighbors', 'assign_labels': 'kmeans', 'random_state': 6066, 'n_neighbors': 100}",0.24767896759445374,1242.7022628828438,1.1560271641930298
SpectralClustering,"{'n_clusters': 10, 'affinity': 'nearest_neighbors', 'assign_labels': 'discretize', 'random_state': 42, 'n_neighbors': 100}",0.2497539429083297,1259.6714581868016,1.1654829423791204
SpectralClustering,"{'n_clusters': 10, 'affinity': 'nearest_neighbors', 'assign_labels': 'discretize', 'random_state': 123, 'n_neighbors': 100}",0.2503113850453467,1261.0759773009017,1.1644531870541601
SpectralClustering,"{'n_clusters': 10, 'affinity': 'nearest_neighbors', 'assign_labels': 'discretize', 'random_state': 456, 'n_neighbors': 100}",0.25057872808744786,1262.5609155557304,1.1653550268601611
SpectralClustering,"{'n_clusters': 10, 'affinity': 'nearest_neighbors', 'assign_labels': 'discretize', 'random_state': 789, 'n_neighbors': 100}",0.2497181745381846,1259.650464648339,1.1652982411609776
SpectralClustering,"{'n_clusters': 10, 'affinity': 'nearest_neighbors', 'assign_labels': 'discretize', 'random_state': 1011, 'n_neighbors': 100}",0.25054255701037176,1262.5398443042873,1.165170325642018
SpectralClustering,"{'n_clusters': 10, 'affinity': 'nearest_neighbors', 'assign_labels': 'discretize', 'random_state': 2022, 'n_neighbors': 100}",0.25054255701037176,1262.5398443042868,1.165170325642018
SpectralClustering,"{'n_clusters': 10, 'affinity': 'nearest_neighbors', 'assign_labels': 'discretize', 'random_state': 3033, 'n_neighbors': 100}",0.2497539429083297,1259.6714581868016,1.1654829423791206
SpectralClustering,"{'n_clusters': 10, 'affinity': 'nearest_neighbors', 'assign_labels': 'discretize', 'random_state': 4044, 'n_neighbors': 100}",0.25057872808744786,1262.5609155557304,1.1653550268601611
SpectralClustering,"{'n_clusters': 10, 'affinity': 'nearest_neighbors', 'assign_labels': 'discretize', 'random_state': 5055, 'n_neighbors': 100}",0.2497181745381846,1259.6504646483386,1.1652982411609776
SpectralClustering,"{'n_clusters': 10, 'affinity': 'nearest_neighbors', 'assign_labels': 'discretize', 'random_state': 6066, 'n_neighbors': 100}",0.2497539429083297,1259.6714581868016,1.1654829423791206
SpectralClustering,"{'n_clusters': 10, 'affinity': 'nearest_neighbors', 'assign_labels': 'cluster_qr', 'random_state': 42, 'n_neighbors': 100}",0.24317290177022627,1252.9566852489988,1.168129714520385
SpectralClustering,"{'n_clusters': 10, 'affinity': 'nearest_neighbors', 'assign_labels': 'cluster_qr', 'random_state': 123, 'n_neighbors': 100}",0.24317290177022627,1252.9566852489988,1.168129714520385
SpectralClustering,"{'n_clusters': 10, 'affinity': 'nearest_neighbors', 'assign_labels': 'cluster_qr', 'random_state': 456, 'n_neighbors': 100}",0.24317290177022627,1252.9566852489988,1.168129714520385
SpectralClustering,"{'n_clusters': 10, 'affinity': 'nearest_neighbors', 'assign_labels': 'cluster_qr', 'random_state': 789, 'n_neighbors': 100}",0.24317290177022627,1252.9566852489988,1.168129714520385
SpectralClustering,"{'n_clusters': 10, 'affinity': 'nearest_neighbors', 'assign_labels': 'cluster_qr', 'random_state': 1011, 'n_neighbors': 100}",0.24317290177022627,1252.9566852489988,1.168129714520385
SpectralClustering,"{'n_clusters': 10, 'affinity': 'nearest_neighbors', 'assign_labels': 'cluster_qr', 'random_state': 2022, 'n_neighbors': 100}",0.24317290177022627,1252.9566852489988,1.168129714520385
SpectralClustering,"{'n_clusters': 10, 'affinity': 'nearest_neighbors', 'assign_labels': 'cluster_qr', 'random_state': 3033, 'n_neighbors': 100}",0.24317290177022627,1252.9566852489988,1.168129714520385
SpectralClustering,"{'n_clusters': 10, 'affinity': 'nearest_neighbors', 'assign_labels': 'cluster_qr', 'random_state': 4044, 'n_neighbors': 100}",0.24317290177022627,1252.9566852489988,1.168129714520385
SpectralClustering,"{'n_clusters': 10, 'affinity': 'nearest_neighbors', 'assign_labels': 'cluster_qr', 'random_state': 5055, 'n_neighbors': 100}",0.24317290177022627,1252.9566852489988,1.168129714520385
SpectralClustering,"{'n_clusters': 10, 'affinity': 'nearest_neighbors', 'assign_labels': 'cluster_qr', 'random_state': 6066, 'n_neighbors': 100}",0.24317290177022627,1252.9566852489988,1.168129714520385
SpectralClustering,"{'n_clusters': 10, 'affinity': 'polynomial', 'assign_labels': 'kmeans', 'random_state': 42}",0.031356603007373106,162.37187404609037,1.2504303586124854
SpectralClustering,"{'n_clusters': 10, 'affinity': 'polynomial', 'assign_labels': 'kmeans', 'random_state': 123}",0.029351202136281902,160.0021756247831,1.2202315410135745
SpectralClustering,"{'n_clusters': 10, 'affinity': 'polynomial', 'assign_labels': 'kmeans', 'random_state': 456}",0.024607000187802444,163.7564135893974,1.2515665926532447
SpectralClustering,"{'n_clusters': 10, 'affinity': 'polynomial', 'assign_labels': 'kmeans', 'random_state': 789}",0.028796824534166342,160.19326607521742,1.2241347178945308
SpectralClustering,"{'n_clusters': 10, 'affinity': 'polynomial', 'assign_labels': 'kmeans', 'random_state': 1011}",0.028009023620730114,162.0272031345108,1.287833804207772
SpectralClustering,"{'n_clusters': 10, 'affinity': 'polynomial', 'assign_labels': 'kmeans', 'random_state': 2022}",0.028285379474818597,162.30349084791365,1.3284623657022998
SpectralClustering,"{'n_clusters': 10, 'affinity': 'polynomial', 'assign_labels': 'kmeans', 'random_state': 3033}",0.02975729077880756,159.9902021803902,1.211522700488723
SpectralClustering,"{'n_clusters': 10, 'affinity': 'polynomial', 'assign_labels': 'kmeans', 'random_state': 4044}",0.029469343259726027,160.23417110487944,1.2224235198422138
SpectralClustering,"{'n_clusters': 10, 'affinity': 'polynomial', 'assign_labels': 'kmeans', 'random_state': 5055}",0.03118335598248768,160.33926176580633,1.2037459938427992
SpectralClustering,"{'n_clusters': 10, 'affinity': 'polynomial', 'assign_labels': 'kmeans', 'random_state': 6066}",0.030699556425496686,161.50703012728638,1.247510421129381
SpectralClustering,"{'n_clusters': 10, 'affinity': 'polynomial', 'assign_labels': 'discretize', 'random_state': 42}",0.21711726707238432,875.7098215932195,1.1315846679294304
SpectralClustering,"{'n_clusters': 10, 'affinity': 'polynomial', 'assign_labels': 'discretize', 'random_state': 123}",0.1938992085309752,837.0925887439596,1.1304406476171418
SpectralClustering,"{'n_clusters': 10, 'affinity': 'polynomial', 'assign_labels': 'discretize', 'random_state': 456}",0.20949797914441604,877.5731460715682,1.1484200144670873
SpectralClustering,"{'n_clusters': 10, 'affinity': 'polynomial', 'assign_labels': 'discretize', 'random_state': 789}",0.19774798682645406,838.4155946945764,1.1642703156946352
SpectralClustering,"{'n_clusters': 10, 'affinity': 'polynomial', 'assign_labels': 'discretize', 'random_state': 1011}",0.2196078119415519,885.3162944873164,1.1233926224595356
SpectralClustering,"{'n_clusters': 10, 'affinity': 'polynomial', 'assign_labels': 'discretize', 'random_state': 2022}",0.20989924443163063,877.7716252350887,1.1480742168050042
SpectralClustering,"{'n_clusters': 10, 'affinity': 'polynomial', 'assign_labels': 'discretize', 'random_state': 3033}",0.21791154534758078,886.6020353183214,1.1334735383813839
SpectralClustering,"{'n_clusters': 10, 'affinity': 'polynomial', 'assign_labels': 'discretize', 'random_state': 4044}",0.21749148457486822,888.568639784635,1.1367473695310202
SpectralClustering,"{'n_clusters': 10, 'affinity': 'polynomial', 'assign_labels': 'discretize', 'random_state': 5055}",0.1938992085309752,837.0925887439596,1.1304406476171418
SpectralClustering,"{'n_clusters': 10, 'affinity': 'polynomial', 'assign_labels': 'discretize', 'random_state': 6066}",0.2020072363681024,784.7243003195003,1.1211462442538127
SpectralClustering,"{'n_clusters': 10, 'affinity': 'polynomial', 'assign_labels': 'cluster_qr', 'random_state': 42}",0.1938312415489183,931.626479319481,1.3401816077959794
SpectralClustering,"{'n_clusters': 10, 'affinity': 'polynomial', 'assign_labels': 'cluster_qr', 'random_state': 123}",0.1938312415489183,931.626479319481,1.3401816077959794
SpectralClustering,"{'n_clusters': 10, 'affinity': 'polynomial', 'assign_labels': 'cluster_qr', 'random_state': 456}",0.1938312415489183,931.626479319481,1.3401816077959794
SpectralClustering,"{'n_clusters': 10, 'affinity': 'polynomial', 'assign_labels': 'cluster_qr', 'random_state': 789}",0.1938312415489183,931.626479319481,1.3401816077959794
SpectralClustering,"{'n_clusters': 10, 'affinity': 'polynomial', 'assign_labels': 'cluster_qr', 'random_state': 1011}",0.1938312415489183,931.626479319481,1.3401816077959794
SpectralClustering,"{'n_clusters': 10, 'affinity': 'polynomial', 'assign_labels': 'cluster_qr', 'random_state': 2022}",0.1938312415489183,931.626479319481,1.3401816077959794
SpectralClustering,"{'n_clusters': 10, 'affinity': 'polynomial', 'assign_labels': 'cluster_qr', 'random_state': 3033}",0.1938312415489183,931.626479319481,1.3401816077959794
SpectralClustering,"{'n_clusters': 10, 'affinity': 'polynomial', 'assign_labels': 'cluster_qr', 'random_state': 4044}",0.1938312415489183,931.626479319481,1.3401816077959794
SpectralClustering,"{'n_clusters': 10, 'affinity': 'polynomial', 'assign_labels': 'cluster_qr', 'random_state': 5055}",0.1938312415489183,931.626479319481,1.3401816077959794
SpectralClustering,"{'n_clusters': 10, 'affinity': 'polynomial', 'assign_labels': 'cluster_qr', 'random_state': 6066}",0.1938312415489183,931.626479319481,1.3401816077959794
SpectralClustering,"{'n_clusters': 10, 'affinity': 'poly', 'assign_labels': 'kmeans', 'random_state': 42}",0.031356603007373106,162.37187404609037,1.2504303586124854
SpectralClustering,"{'n_clusters': 10, 'affinity': 'poly', 'assign_labels': 'kmeans', 'random_state': 123}",0.029351202136281902,160.0021756247831,1.2202315410135745
SpectralClustering,"{'n_clusters': 10, 'affinity': 'poly', 'assign_labels': 'kmeans', 'random_state': 456}",0.024607000187802444,163.7564135893974,1.2515665926532447
SpectralClustering,"{'n_clusters': 10, 'affinity': 'poly', 'assign_labels': 'kmeans', 'random_state': 789}",0.028796824534166342,160.19326607521742,1.2241347178945308
SpectralClustering,"{'n_clusters': 10, 'affinity': 'poly', 'assign_labels': 'kmeans', 'random_state': 1011}",0.028009023620730114,162.0272031345108,1.287833804207772
SpectralClustering,"{'n_clusters': 10, 'affinity': 'poly', 'assign_labels': 'kmeans', 'random_state': 2022}",0.028285379474818597,162.30349084791365,1.3284623657022998
SpectralClustering,"{'n_clusters': 10, 'affinity': 'poly', 'assign_labels': 'kmeans', 'random_state': 3033}",0.02975729077880756,159.9902021803902,1.211522700488723
SpectralClustering,"{'n_clusters': 10, 'affinity': 'poly', 'assign_labels': 'kmeans', 'random_state': 4044}",0.029469343259726027,160.23417110487944,1.2224235198422138
SpectralClustering,"{'n_clusters': 10, 'affinity': 'poly', 'assign_labels': 'kmeans', 'random_state': 5055}",0.03118335598248768,160.33926176580633,1.2037459938427992
SpectralClustering,"{'n_clusters': 10, 'affinity': 'poly', 'assign_labels': 'kmeans', 'random_state': 6066}",0.030699556425496686,161.50703012728638,1.247510421129381
SpectralClustering,"{'n_clusters': 10, 'affinity': 'poly', 'assign_labels': 'discretize', 'random_state': 42}",0.21711726707238432,875.7098215932195,1.1315846679294304
SpectralClustering,"{'n_clusters': 10, 'affinity': 'poly', 'assign_labels': 'discretize', 'random_state': 123}",0.1938992085309752,837.0925887439596,1.1304406476171418
SpectralClustering,"{'n_clusters': 10, 'affinity': 'poly', 'assign_labels': 'discretize', 'random_state': 456}",0.20949797914441604,877.5731460715682,1.1484200144670873
SpectralClustering,"{'n_clusters': 10, 'affinity': 'poly', 'assign_labels': 'discretize', 'random_state': 789}",0.19774798682645406,838.4155946945764,1.1642703156946352
SpectralClustering,"{'n_clusters': 10, 'affinity': 'poly', 'assign_labels': 'discretize', 'random_state': 1011}",0.2196078119415519,885.3162944873164,1.1233926224595356
SpectralClustering,"{'n_clusters': 10, 'affinity': 'poly', 'assign_labels': 'discretize', 'random_state': 2022}",0.20989924443163063,877.7716252350887,1.1480742168050042
SpectralClustering,"{'n_clusters': 10, 'affinity': 'poly', 'assign_labels': 'discretize', 'random_state': 3033}",0.21791154534758078,886.6020353183214,1.1334735383813839
SpectralClustering,"{'n_clusters': 10, 'affinity': 'poly', 'assign_labels': 'discretize', 'random_state': 4044}",0.21749148457486822,888.568639784635,1.1367473695310202
SpectralClustering,"{'n_clusters': 10, 'affinity': 'poly', 'assign_labels': 'discretize', 'random_state': 5055}",0.1938992085309752,837.0925887439596,1.1304406476171418
SpectralClustering,"{'n_clusters': 10, 'affinity': 'poly', 'assign_labels': 'discretize', 'random_state': 6066}",0.2020072363681024,784.7243003195003,1.1211462442538127
SpectralClustering,"{'n_clusters': 10, 'affinity': 'poly', 'assign_labels': 'cluster_qr', 'random_state': 42}",0.1938312415489183,931.626479319481,1.3401816077959794
SpectralClustering,"{'n_clusters': 10, 'affinity': 'poly', 'assign_labels': 'cluster_qr', 'random_state': 123}",0.1938312415489183,931.626479319481,1.3401816077959794
SpectralClustering,"{'n_clusters': 10, 'affinity': 'poly', 'assign_labels': 'cluster_qr', 'random_state': 456}",0.1938312415489183,931.626479319481,1.3401816077959794
SpectralClustering,"{'n_clusters': 10, 'affinity': 'poly', 'assign_labels': 'cluster_qr', 'random_state': 789}",0.1938312415489183,931.626479319481,1.3401816077959794
SpectralClustering,"{'n_clusters': 10, 'affinity': 'poly', 'assign_labels': 'cluster_qr', 'random_state': 1011}",0.1938312415489183,931.626479319481,1.3401816077959794
SpectralClustering,"{'n_clusters': 10, 'affinity': 'poly', 'assign_labels': 'cluster_qr', 'random_state': 2022}",0.1938312415489183,931.626479319481,1.3401816077959794
SpectralClustering,"{'n_clusters': 10, 'affinity': 'poly', 'assign_labels': 'cluster_qr', 'random_state': 3033}",0.1938312415489183,931.626479319481,1.3401816077959794
SpectralClustering,"{'n_clusters': 10, 'affinity': 'poly', 'assign_labels': 'cluster_qr', 'random_state': 4044}",0.1938312415489183,931.626479319481,1.3401816077959794
SpectralClustering,"{'n_clusters': 10, 'affinity': 'poly', 'assign_labels': 'cluster_qr', 'random_state': 5055}",0.1938312415489183,931.626479319481,1.3401816077959794
SpectralClustering,"{'n_clusters': 10, 'affinity': 'poly', 'assign_labels': 'cluster_qr', 'random_state': 6066}",0.1938312415489183,931.626479319481,1.3401816077959794
SpectralClustering,"{'n_clusters': 10, 'affinity': 'sigmoid', 'assign_labels': 'kmeans', 'random_state': 42}",0.10062963174945831,336.9150655678149,3.0210473226052805
SpectralClustering,"{'n_clusters': 10, 'affinity': 'sigmoid', 'assign_labels': 'kmeans', 'random_state': 123}",0.09792993026572426,333.75859391537716,3.019577935462459
SpectralClustering,"{'n_clusters': 10, 'affinity': 'sigmoid', 'assign_labels': 'kmeans', 'random_state': 456}",0.10049312194840476,283.77993444430143,4.968155511003789
SpectralClustering,"{'n_clusters': 10, 'affinity': 'sigmoid', 'assign_labels': 'kmeans', 'random_state': 789}",0.07337741484710704,303.84516706863906,2.6966274201158718
SpectralClustering,"{'n_clusters': 10, 'affinity': 'sigmoid', 'assign_labels': 'kmeans', 'random_state': 1011}",0.05343770824341357,326.58017668280894,2.991291091695254
SpectralClustering,"{'n_clusters': 10, 'affinity': 'sigmoid', 'assign_labels': 'kmeans', 'random_state': 2022}",0.05709152225337591,323.3232300524924,3.117096192117329
SpectralClustering,"{'n_clusters': 10, 'affinity': 'sigmoid', 'assign_labels': 'kmeans', 'random_state': 3033}",0.10035962502321288,334.32164349519263,3.02675757097968
SpectralClustering,"{'n_clusters': 10, 'affinity': 'sigmoid', 'assign_labels': 'kmeans', 'random_state': 4044}",0.05607375795596666,321.51156562388684,3.0126816526046865
SpectralClustering,"{'n_clusters': 10, 'affinity': 'sigmoid', 'assign_labels': 'kmeans', 'random_state': 5055}",0.09982049246485222,329.4811521308495,3.078847727459965
SpectralClustering,"{'n_clusters': 10, 'affinity': 'sigmoid', 'assign_labels': 'kmeans', 'random_state': 6066}",0.03495657366966598,288.55586753358756,2.6993222549905793
SpectralClustering,"{'n_clusters': 10, 'affinity': 'sigmoid', 'assign_labels': 'discretize', 'random_state': 42}",0.06351993510665369,261.16391596163584,6.010809922002868
SpectralClustering,"{'n_clusters': 10, 'affinity': 'sigmoid', 'assign_labels': 'discretize', 'random_state': 123}",0.044014076575040736,230.6370125008322,5.487625088825762
SpectralClustering,"{'n_clusters': 10, 'affinity': 'sigmoid', 'assign_labels': 'discretize', 'random_state': 456}",0.016892272539999247,209.78518043960912,3.669610519772206
SpectralClustering,"{'n_clusters': 10, 'affinity': 'sigmoid', 'assign_labels': 'discretize', 'random_state': 789}",0.0602786054605302,252.64269394964367,4.468394529190981
SpectralClustering,"{'n_clusters': 10, 'affinity': 'sigmoid', 'assign_labels': 'discretize', 'random_state': 1011}",0.05109679354441876,238.60982113775952,3.6858495921088172
SpectralClustering,"{'n_clusters': 10, 'affinity': 'sigmoid', 'assign_labels': 'discretize', 'random_state': 2022}",0.04710001395407591,235.15821206091235,4.487191245381036
SpectralClustering,"{'n_clusters': 10, 'affinity': 'sigmoid', 'assign_labels': 'discretize', 'random_state': 3033}",0.024761530230039262,212.75256208243925,3.2928972823614346
SpectralClustering,"{'n_clusters': 10, 'affinity': 'sigmoid', 'assign_labels': 'discretize', 'random_state': 4044}",0.04535441231730712,232.45130580376386,5.728383016275936
SpectralClustering,"{'n_clusters': 10, 'affinity': 'sigmoid', 'assign_labels': 'discretize', 'random_state': 5055}",0.06062315515522316,246.0407827361561,3.9937710837901093
SpectralClustering,"{'n_clusters': 10, 'affinity': 'sigmoid', 'assign_labels': 'discretize', 'random_state': 6066}",0.052855347810734046,260.22063905416763,3.952650250603483
SpectralClustering,"{'n_clusters': 10, 'affinity': 'sigmoid', 'assign_labels': 'cluster_qr', 'random_state': 42}",-0.04716719167632495,78.98289822802667,11.27370153212065
SpectralClustering,"{'n_clusters': 10, 'affinity': 'sigmoid', 'assign_labels': 'cluster_qr', 'random_state': 123}",-0.04716719167632495,78.98289822802667,11.27370153212065
SpectralClustering,"{'n_clusters': 10, 'affinity': 'sigmoid', 'assign_labels': 'cluster_qr', 'random_state': 456}",-0.04716719167632495,78.98289822802667,11.27370153212065
SpectralClustering,"{'n_clusters': 10, 'affinity': 'sigmoid', 'assign_labels': 'cluster_qr', 'random_state': 789}",-0.04716719167632495,78.98289822802667,11.27370153212065
SpectralClustering,"{'n_clusters': 10, 'affinity': 'sigmoid', 'assign_labels': 'cluster_qr', 'random_state': 1011}",-0.04716719167632495,78.98289822802667,11.27370153212065
SpectralClustering,"{'n_clusters': 10, 'affinity': 'sigmoid', 'assign_labels': 'cluster_qr', 'random_state': 2022}",-0.04716719167632495,78.98289822802667,11.27370153212065
SpectralClustering,"{'n_clusters': 10, 'affinity': 'sigmoid', 'assign_labels': 'cluster_qr', 'random_state': 3033}",-0.04716719167632495,78.98289822802667,11.27370153212065
SpectralClustering,"{'n_clusters': 10, 'affinity': 'sigmoid', 'assign_labels': 'cluster_qr', 'random_state': 4044}",-0.04716719167632495,78.98289822802667,11.27370153212065
SpectralClustering,"{'n_clusters': 10, 'affinity': 'sigmoid', 'assign_labels': 'cluster_qr', 'random_state': 5055}",-0.04716719167632495,78.98289822802667,11.27370153212065
SpectralClustering,"{'n_clusters': 10, 'affinity': 'sigmoid', 'assign_labels': 'cluster_qr', 'random_state': 6066}",-0.04716719167632495,78.98289822802667,11.27370153212065
SpectralClustering,"{'n_clusters': 11, 'affinity': 'rbf', 'assign_labels': 'kmeans', 'random_state': 42}",0.3181870586832027,631.5592500582926,0.9701658224140314
SpectralClustering,"{'n_clusters': 11, 'affinity': 'rbf', 'assign_labels': 'kmeans', 'random_state': 123}",0.31751402902688497,628.7025672157437,0.9692379088014662
SpectralClustering,"{'n_clusters': 11, 'affinity': 'rbf', 'assign_labels': 'kmeans', 'random_state': 456}",0.3181248668246242,631.5045779702859,0.9690151529801145
SpectralClustering,"{'n_clusters': 11, 'affinity': 'rbf', 'assign_labels': 'kmeans', 'random_state': 789}",0.31712391332802864,627.4983902650644,0.9698217763140827
SpectralClustering,"{'n_clusters': 11, 'affinity': 'rbf', 'assign_labels': 'kmeans', 'random_state': 1011}",0.3190760322574667,635.7032760881574,0.9709757829587798
SpectralClustering,"{'n_clusters': 11, 'affinity': 'rbf', 'assign_labels': 'kmeans', 'random_state': 2022}",0.3181307637438724,631.5083294607884,0.9693352068377729
SpectralClustering,"{'n_clusters': 11, 'affinity': 'rbf', 'assign_labels': 'kmeans', 'random_state': 3033}",0.31766464017705465,630.0461184688323,0.9701254438739667
SpectralClustering,"{'n_clusters': 11, 'affinity': 'rbf', 'assign_labels': 'kmeans', 'random_state': 4044}",0.3176934144808693,630.0762892016512,0.9697780902696063
SpectralClustering,"{'n_clusters': 11, 'affinity': 'rbf', 'assign_labels': 'kmeans', 'random_state': 5055}",0.31731672957901047,629.461588095657,0.9820360344765942
SpectralClustering,"{'n_clusters': 11, 'affinity': 'rbf', 'assign_labels': 'kmeans', 'random_state': 6066}",0.3173399940998559,629.2625805834311,0.9697448542293798
SpectralClustering,"{'n_clusters': 11, 'affinity': 'rbf', 'assign_labels': 'discretize', 'random_state': 42}",0.3002636044948752,1234.8523430864136,1.044624657150244
SpectralClustering,"{'n_clusters': 11, 'affinity': 'rbf', 'assign_labels': 'discretize', 'random_state': 123}",0.299183279351432,1233.4891606711021,1.0467696546811947
SpectralClustering,"{'n_clusters': 11, 'affinity': 'rbf', 'assign_labels': 'discretize', 'random_state': 456}",0.3000845236265401,1236.2599115747146,1.046156569551525
SpectralClustering,"{'n_clusters': 11, 'affinity': 'rbf', 'assign_labels': 'discretize', 'random_state': 789}",0.282454500727702,1156.2028908006582,1.0791573474215634
SpectralClustering,"{'n_clusters': 11, 'affinity': 'rbf', 'assign_labels': 'discretize', 'random_state': 1011}",0.2961326882252134,1285.9360015422235,1.0784356701196567
SpectralClustering,"{'n_clusters': 11, 'affinity': 'rbf', 'assign_labels': 'discretize', 'random_state': 2022}",0.30170024961954905,1236.8153262719534,1.0351237478365158
SpectralClustering,"{'n_clusters': 11, 'affinity': 'rbf', 'assign_labels': 'discretize', 'random_state': 3033}",0.2993902980791529,1234.875172272453,1.037852091854256
SpectralClustering,"{'n_clusters': 11, 'affinity': 'rbf', 'assign_labels': 'discretize', 'random_state': 4044}",0.30131742645292986,1238.3983219787992,1.0363939938042177
SpectralClustering,"{'n_clusters': 11, 'affinity': 'rbf', 'assign_labels': 'discretize', 'random_state': 5055}",0.30151647369759593,1239.2328121915616,1.0365143891064492
SpectralClustering,"{'n_clusters': 11, 'affinity': 'rbf', 'assign_labels': 'discretize', 'random_state': 6066}",0.28214944193017816,1150.4547018832775,1.0782173905380235
SpectralClustering,"{'n_clusters': 11, 'affinity': 'rbf', 'assign_labels': 'cluster_qr', 'random_state': 42}",0.28801016381653427,1167.5098465568876,1.0638088844985185
SpectralClustering,"{'n_clusters': 11, 'affinity': 'rbf', 'assign_labels': 'cluster_qr', 'random_state': 123}",0.28801016381653427,1167.5098465568876,1.0638088844985185
SpectralClustering,"{'n_clusters': 11, 'affinity': 'rbf', 'assign_labels': 'cluster_qr', 'random_state': 456}",0.28801016381653427,1167.5098465568876,1.0638088844985185
SpectralClustering,"{'n_clusters': 11, 'affinity': 'rbf', 'assign_labels': 'cluster_qr', 'random_state': 789}",0.28801016381653427,1167.5098465568876,1.0638088844985185
SpectralClustering,"{'n_clusters': 11, 'affinity': 'rbf', 'assign_labels': 'cluster_qr', 'random_state': 1011}",0.28801016381653427,1167.5098465568876,1.0638088844985185
SpectralClustering,"{'n_clusters': 11, 'affinity': 'rbf', 'assign_labels': 'cluster_qr', 'random_state': 2022}",0.28801016381653427,1167.5098465568876,1.0638088844985185
SpectralClustering,"{'n_clusters': 11, 'affinity': 'rbf', 'assign_labels': 'cluster_qr', 'random_state': 3033}",0.28801016381653427,1167.5098465568876,1.0638088844985185
SpectralClustering,"{'n_clusters': 11, 'affinity': 'rbf', 'assign_labels': 'cluster_qr', 'random_state': 4044}",0.28801016381653427,1167.5098465568876,1.0638088844985185
SpectralClustering,"{'n_clusters': 11, 'affinity': 'rbf', 'assign_labels': 'cluster_qr', 'random_state': 5055}",0.28801016381653427,1167.5098465568876,1.0638088844985185
SpectralClustering,"{'n_clusters': 11, 'affinity': 'rbf', 'assign_labels': 'cluster_qr', 'random_state': 6066}",0.28801016381653427,1167.5098465568876,1.0638088844985185
SpectralClustering,"{'n_clusters': 11, 'affinity': 'nearest_neighbors', 'assign_labels': 'kmeans', 'random_state': 42, 'n_neighbors': 5}",0.2305938005494853,1000.8624689101177,1.063613001039495
SpectralClustering,"{'n_clusters': 11, 'affinity': 'nearest_neighbors', 'assign_labels': 'kmeans', 'random_state': 123, 'n_neighbors': 5}",0.2321247148755879,1008.5360379002814,1.0613473559496158
SpectralClustering,"{'n_clusters': 11, 'affinity': 'nearest_neighbors', 'assign_labels': 'kmeans', 'random_state': 456, 'n_neighbors': 5}",0.22973582923555524,996.4707191594199,1.0650696790491105
SpectralClustering,"{'n_clusters': 11, 'affinity': 'nearest_neighbors', 'assign_labels': 'kmeans', 'random_state': 789, 'n_neighbors': 5}",0.23154442936512448,1004.7054175499036,1.0609510696513262
SpectralClustering,"{'n_clusters': 11, 'affinity': 'nearest_neighbors', 'assign_labels': 'kmeans', 'random_state': 1011, 'n_neighbors': 5}",0.23201199159013994,1009.2464219809202,1.061641122998723
SpectralClustering,"{'n_clusters': 11, 'affinity': 'nearest_neighbors', 'assign_labels': 'kmeans', 'random_state': 2022, 'n_neighbors': 5}",0.2305685976801384,1001.7278445063555,1.0642862962193371
SpectralClustering,"{'n_clusters': 11, 'affinity': 'nearest_neighbors', 'assign_labels': 'kmeans', 'random_state': 3033, 'n_neighbors': 5}",0.23201199159013994,1009.2464219809202,1.061641122998723
SpectralClustering,"{'n_clusters': 11, 'affinity': 'nearest_neighbors', 'assign_labels': 'kmeans', 'random_state': 4044, 'n_neighbors': 5}",0.2321247148755879,1008.5360379002814,1.0613473559496158
SpectralClustering,"{'n_clusters': 11, 'affinity': 'nearest_neighbors', 'assign_labels': 'kmeans', 'random_state': 5055, 'n_neighbors': 5}",0.23058293335842112,1002.4138737498854,1.0628053922945
SpectralClustering,"{'n_clusters': 11, 'affinity': 'nearest_neighbors', 'assign_labels': 'kmeans', 'random_state': 6066, 'n_neighbors': 5}",0.23031621526381538,998.9727316606483,1.0625696351491187
SpectralClustering,"{'n_clusters': 11, 'affinity': 'nearest_neighbors', 'assign_labels': 'discretize', 'random_state': 42, 'n_neighbors': 5}",0.23854756264726482,1061.674996506116,1.1407107488886332
SpectralClustering,"{'n_clusters': 11, 'affinity': 'nearest_neighbors', 'assign_labels': 'discretize', 'random_state': 123, 'n_neighbors': 5}",0.23854756264726482,1061.6749965061158,1.1407107488886332
SpectralClustering,"{'n_clusters': 11, 'affinity': 'nearest_neighbors', 'assign_labels': 'discretize', 'random_state': 456, 'n_neighbors': 5}",0.23769740214186152,1059.7799605460764,1.1416038469208842
SpectralClustering,"{'n_clusters': 11, 'affinity': 'nearest_neighbors', 'assign_labels': 'discretize', 'random_state': 789, 'n_neighbors': 5}",0.22998895220151605,1070.1253803803659,1.2360693580873814
SpectralClustering,"{'n_clusters': 11, 'affinity': 'nearest_neighbors', 'assign_labels': 'discretize', 'random_state': 1011, 'n_neighbors': 5}",0.23854756264726482,1061.6749965061158,1.1407107488886332
SpectralClustering,"{'n_clusters': 11, 'affinity': 'nearest_neighbors', 'assign_labels': 'discretize', 'random_state': 2022, 'n_neighbors': 5}",0.23336387710452017,1059.5394715452255,1.1692842147666533
SpectralClustering,"{'n_clusters': 11, 'affinity': 'nearest_neighbors', 'assign_labels': 'discretize', 'random_state': 3033, 'n_neighbors': 5}",0.23838426717222405,1063.1916824004777,1.1422123011479446
SpectralClustering,"{'n_clusters': 11, 'affinity': 'nearest_neighbors', 'assign_labels': 'discretize', 'random_state': 4044, 'n_neighbors': 5}",0.23769740214186152,1059.7799605460766,1.1416038469208842
SpectralClustering,"{'n_clusters': 11, 'affinity': 'nearest_neighbors', 'assign_labels': 'discretize', 'random_state': 5055, 'n_neighbors': 5}",0.2320176839583938,1056.987722556298,1.1710313887227348
SpectralClustering,"{'n_clusters': 11, 'affinity': 'nearest_neighbors', 'assign_labels': 'discretize', 'random_state': 6066, 'n_neighbors': 5}",0.23009028159944664,1087.0393650791902,1.2452094461718421
SpectralClustering,"{'n_clusters': 11, 'affinity': 'nearest_neighbors', 'assign_labels': 'cluster_qr', 'random_state': 42, 'n_neighbors': 5}",0.23824459206879464,1056.7704975721838,1.177162902522449
SpectralClustering,"{'n_clusters': 11, 'affinity': 'nearest_neighbors', 'assign_labels': 'cluster_qr', 'random_state': 123, 'n_neighbors': 5}",0.23824459206879464,1056.7704975721838,1.177162902522449
SpectralClustering,"{'n_clusters': 11, 'affinity': 'nearest_neighbors', 'assign_labels': 'cluster_qr', 'random_state': 456, 'n_neighbors': 5}",0.23824459206879464,1056.7704975721838,1.177162902522449
SpectralClustering,"{'n_clusters': 11, 'affinity': 'nearest_neighbors', 'assign_labels': 'cluster_qr', 'random_state': 789, 'n_neighbors': 5}",0.23824459206879464,1056.7704975721838,1.177162902522449
SpectralClustering,"{'n_clusters': 11, 'affinity': 'nearest_neighbors', 'assign_labels': 'cluster_qr', 'random_state': 1011, 'n_neighbors': 5}",0.23824459206879464,1056.7704975721838,1.177162902522449
SpectralClustering,"{'n_clusters': 11, 'affinity': 'nearest_neighbors', 'assign_labels': 'cluster_qr', 'random_state': 2022, 'n_neighbors': 5}",0.23824459206879464,1056.7704975721838,1.177162902522449
SpectralClustering,"{'n_clusters': 11, 'affinity': 'nearest_neighbors', 'assign_labels': 'cluster_qr', 'random_state': 3033, 'n_neighbors': 5}",0.23824459206879464,1056.7704975721838,1.177162902522449
SpectralClustering,"{'n_clusters': 11, 'affinity': 'nearest_neighbors', 'assign_labels': 'cluster_qr', 'random_state': 4044, 'n_neighbors': 5}",0.23824459206879464,1056.7704975721838,1.177162902522449
SpectralClustering,"{'n_clusters': 11, 'affinity': 'nearest_neighbors', 'assign_labels': 'cluster_qr', 'random_state': 5055, 'n_neighbors': 5}",0.23824459206879464,1056.7704975721838,1.177162902522449
SpectralClustering,"{'n_clusters': 11, 'affinity': 'nearest_neighbors', 'assign_labels': 'cluster_qr', 'random_state': 6066, 'n_neighbors': 5}",0.23824459206879464,1056.7704975721838,1.177162902522449
SpectralClustering,"{'n_clusters': 11, 'affinity': 'nearest_neighbors', 'assign_labels': 'kmeans', 'random_state': 42, 'n_neighbors': 10}",0.23380943942312093,1153.6151478833515,1.129125419048575
SpectralClustering,"{'n_clusters': 11, 'affinity': 'nearest_neighbors', 'assign_labels': 'kmeans', 'random_state': 123, 'n_neighbors': 10}",0.23348042914759767,1152.2460870881143,1.129560754972581
SpectralClustering,"{'n_clusters': 11, 'affinity': 'nearest_neighbors', 'assign_labels': 'kmeans', 'random_state': 456, 'n_neighbors': 10}",0.23356697122422537,1150.3804979623387,1.12751841305378
SpectralClustering,"{'n_clusters': 11, 'affinity': 'nearest_neighbors', 'assign_labels': 'kmeans', 'random_state': 789, 'n_neighbors': 10}",0.23328923748618582,1149.761349863935,1.1276334277151578
SpectralClustering,"{'n_clusters': 11, 'affinity': 'nearest_neighbors', 'assign_labels': 'kmeans', 'random_state': 1011, 'n_neighbors': 10}",0.23380936530926288,1154.3344445782436,1.1294814618225242
SpectralClustering,"{'n_clusters': 11, 'affinity': 'nearest_neighbors', 'assign_labels': 'kmeans', 'random_state': 2022, 'n_neighbors': 10}",0.2334184268048389,1150.4075008555553,1.126886910160337
SpectralClustering,"{'n_clusters': 11, 'affinity': 'nearest_neighbors', 'assign_labels': 'kmeans', 'random_state': 3033, 'n_neighbors': 10}",0.23381079972612337,1154.0755193758157,1.1284420293489055
SpectralClustering,"{'n_clusters': 11, 'affinity': 'nearest_neighbors', 'assign_labels': 'kmeans', 'random_state': 4044, 'n_neighbors': 10}",0.23336549383528557,1149.6474010368042,1.1272003948672624
SpectralClustering,"{'n_clusters': 11, 'affinity': 'nearest_neighbors', 'assign_labels': 'kmeans', 'random_state': 5055, 'n_neighbors': 10}",0.23335787017354936,1150.6121633539342,1.1270025375904191
SpectralClustering,"{'n_clusters': 11, 'affinity': 'nearest_neighbors', 'assign_labels': 'kmeans', 'random_state': 6066, 'n_neighbors': 10}",0.23380936530926288,1154.3344445782436,1.129481461822524
SpectralClustering,"{'n_clusters': 11, 'affinity': 'nearest_neighbors', 'assign_labels': 'discretize', 'random_state': 42, 'n_neighbors': 10}",0.23492346652605384,1162.4243363238354,1.1793386357886142
SpectralClustering,"{'n_clusters': 11, 'affinity': 'nearest_neighbors', 'assign_labels': 'discretize', 'random_state': 123, 'n_neighbors': 10}",0.23916167377248748,1174.7705667411324,1.140066439689759
SpectralClustering,"{'n_clusters': 11, 'affinity': 'nearest_neighbors', 'assign_labels': 'discretize', 'random_state': 456, 'n_neighbors': 10}",0.2389648267779432,1176.6389761900593,1.1427616543141872
SpectralClustering,"{'n_clusters': 11, 'affinity': 'nearest_neighbors', 'assign_labels': 'discretize', 'random_state': 789, 'n_neighbors': 10}",0.2368000155036208,1170.7428904468666,1.1428185601662313
SpectralClustering,"{'n_clusters': 11, 'affinity': 'nearest_neighbors', 'assign_labels': 'discretize', 'random_state': 1011, 'n_neighbors': 10}",0.23486098690117588,1164.946648652766,1.1796696617694262
SpectralClustering,"{'n_clusters': 11, 'affinity': 'nearest_neighbors', 'assign_labels': 'discretize', 'random_state': 2022, 'n_neighbors': 10}",0.22146346497592315,1139.5828826463724,1.1668698240807038
SpectralClustering,"{'n_clusters': 11, 'affinity': 'nearest_neighbors', 'assign_labels': 'discretize', 'random_state': 3033, 'n_neighbors': 10}",0.23875172443334486,1173.7372066466817,1.1387289666240745
SpectralClustering,"{'n_clusters': 11, 'affinity': 'nearest_neighbors', 'assign_labels': 'discretize', 'random_state': 4044, 'n_neighbors': 10}",0.2368000155036208,1170.7428904468666,1.1428185601662313
SpectralClustering,"{'n_clusters': 11, 'affinity': 'nearest_neighbors', 'assign_labels': 'discretize', 'random_state': 5055, 'n_neighbors': 10}",0.2346169022330132,1164.730555794557,1.1803365013178373
SpectralClustering,"{'n_clusters': 11, 'affinity': 'nearest_neighbors', 'assign_labels': 'discretize', 'random_state': 6066, 'n_neighbors': 10}",0.23460069395684627,1165.5826339821815,1.1848167270553003
SpectralClustering,"{'n_clusters': 11, 'affinity': 'nearest_neighbors', 'assign_labels': 'cluster_qr', 'random_state': 42, 'n_neighbors': 10}",0.22991840914657374,1148.5477954939631,1.1737529580148394
SpectralClustering,"{'n_clusters': 11, 'affinity': 'nearest_neighbors', 'assign_labels': 'cluster_qr', 'random_state': 123, 'n_neighbors': 10}",0.22991840914657374,1148.5477954939631,1.1737529580148394
SpectralClustering,"{'n_clusters': 11, 'affinity': 'nearest_neighbors', 'assign_labels': 'cluster_qr', 'random_state': 456, 'n_neighbors': 10}",0.22991840914657374,1148.5477954939631,1.1737529580148394
SpectralClustering,"{'n_clusters': 11, 'affinity': 'nearest_neighbors', 'assign_labels': 'cluster_qr', 'random_state': 789, 'n_neighbors': 10}",0.22991840914657374,1148.5477954939631,1.1737529580148394
SpectralClustering,"{'n_clusters': 11, 'affinity': 'nearest_neighbors', 'assign_labels': 'cluster_qr', 'random_state': 1011, 'n_neighbors': 10}",0.22991840914657374,1148.5477954939631,1.1737529580148394
SpectralClustering,"{'n_clusters': 11, 'affinity': 'nearest_neighbors', 'assign_labels': 'cluster_qr', 'random_state': 2022, 'n_neighbors': 10}",0.22991840914657374,1148.5477954939631,1.1737529580148394
SpectralClustering,"{'n_clusters': 11, 'affinity': 'nearest_neighbors', 'assign_labels': 'cluster_qr', 'random_state': 3033, 'n_neighbors': 10}",0.22991840914657374,1148.5477954939631,1.1737529580148394
SpectralClustering,"{'n_clusters': 11, 'affinity': 'nearest_neighbors', 'assign_labels': 'cluster_qr', 'random_state': 4044, 'n_neighbors': 10}",0.22991840914657374,1148.5477954939631,1.1737529580148394
SpectralClustering,"{'n_clusters': 11, 'affinity': 'nearest_neighbors', 'assign_labels': 'cluster_qr', 'random_state': 5055, 'n_neighbors': 10}",0.22991840914657374,1148.5477954939631,1.1737529580148394
SpectralClustering,"{'n_clusters': 11, 'affinity': 'nearest_neighbors', 'assign_labels': 'cluster_qr', 'random_state': 6066, 'n_neighbors': 10}",0.22991840914657374,1148.5477954939631,1.1737529580148394
SpectralClustering,"{'n_clusters': 11, 'affinity': 'nearest_neighbors', 'assign_labels': 'kmeans', 'random_state': 42, 'n_neighbors': 15}",0.24189424427882233,1180.8435528782695,1.1207076976699355
SpectralClustering,"{'n_clusters': 11, 'affinity': 'nearest_neighbors', 'assign_labels': 'kmeans', 'random_state': 123, 'n_neighbors': 15}",0.2413266896542904,1179.54543976813,1.1195138772502344
SpectralClustering,"{'n_clusters': 11, 'affinity': 'nearest_neighbors', 'assign_labels': 'kmeans', 'random_state': 456, 'n_neighbors': 15}",0.2415752071581085,1180.1490754182014,1.1194355027760297
SpectralClustering,"{'n_clusters': 11, 'affinity': 'nearest_neighbors', 'assign_labels': 'kmeans', 'random_state': 789, 'n_neighbors': 15}",0.24084584292428002,1175.1138484844507,1.1191904834576356
SpectralClustering,"{'n_clusters': 11, 'affinity': 'nearest_neighbors', 'assign_labels': 'kmeans', 'random_state': 1011, 'n_neighbors': 15}",0.2411919487643557,1178.2235007104275,1.1199323503383143
SpectralClustering,"{'n_clusters': 11, 'affinity': 'nearest_neighbors', 'assign_labels': 'kmeans', 'random_state': 2022, 'n_neighbors': 15}",0.24133526543779746,1177.3892035331023,1.1196074081164946
SpectralClustering,"{'n_clusters': 11, 'affinity': 'nearest_neighbors', 'assign_labels': 'kmeans', 'random_state': 3033, 'n_neighbors': 15}",0.2414801538899657,1177.744750924301,1.1184810657833189
SpectralClustering,"{'n_clusters': 11, 'affinity': 'nearest_neighbors', 'assign_labels': 'kmeans', 'random_state': 4044, 'n_neighbors': 15}",0.24220451044591637,1182.4075432657257,1.1211080875191046
SpectralClustering,"{'n_clusters': 11, 'affinity': 'nearest_neighbors', 'assign_labels': 'kmeans', 'random_state': 5055, 'n_neighbors': 15}",0.24097051950057238,1176.7226715468666,1.1216839015462303
SpectralClustering,"{'n_clusters': 11, 'affinity': 'nearest_neighbors', 'assign_labels': 'kmeans', 'random_state': 6066, 'n_neighbors': 15}",0.240968741667957,1175.8295608807236,1.1215408447020598
SpectralClustering,"{'n_clusters': 11, 'affinity': 'nearest_neighbors', 'assign_labels': 'discretize', 'random_state': 42, 'n_neighbors': 15}",0.24339413223853704,1192.1259684648724,1.1244919233025752
SpectralClustering,"{'n_clusters': 11, 'affinity': 'nearest_neighbors', 'assign_labels': 'discretize', 'random_state': 123, 'n_neighbors': 15}",0.24263648800604137,1187.8939631632427,1.1224091108513385
SpectralClustering,"{'n_clusters': 11, 'affinity': 'nearest_neighbors', 'assign_labels': 'discretize', 'random_state': 456, 'n_neighbors': 15}",0.24355332449083095,1192.3643474236142,1.124307627477928
SpectralClustering,"{'n_clusters': 11, 'affinity': 'nearest_neighbors', 'assign_labels': 'discretize', 'random_state': 789, 'n_neighbors': 15}",0.24305560208710875,1189.5067417721764,1.1254174061885642
SpectralClustering,"{'n_clusters': 11, 'affinity': 'nearest_neighbors', 'assign_labels': 'discretize', 'random_state': 1011, 'n_neighbors': 15}",0.24260586269018206,1187.5837872718907,1.1259812146160986
SpectralClustering,"{'n_clusters': 11, 'affinity': 'nearest_neighbors', 'assign_labels': 'discretize', 'random_state': 2022, 'n_neighbors': 15}",0.24355332449083095,1192.364347423614,1.124307627477928
SpectralClustering,"{'n_clusters': 11, 'affinity': 'nearest_neighbors', 'assign_labels': 'discretize', 'random_state': 3033, 'n_neighbors': 15}",0.24303215071116643,1189.4037029109465,1.1256747048711218
SpectralClustering,"{'n_clusters': 11, 'affinity': 'nearest_neighbors', 'assign_labels': 'discretize', 'random_state': 4044, 'n_neighbors': 15}",0.24145823541174755,1186.789537863797,1.1290216897041647
SpectralClustering,"{'n_clusters': 11, 'affinity': 'nearest_neighbors', 'assign_labels': 'discretize', 'random_state': 5055, 'n_neighbors': 15}",0.24355332449083095,1192.364347423614,1.1243076274779282
SpectralClustering,"{'n_clusters': 11, 'affinity': 'nearest_neighbors', 'assign_labels': 'discretize', 'random_state': 6066, 'n_neighbors': 15}",0.24260586269018206,1187.5837872718905,1.1259812146160986
SpectralClustering,"{'n_clusters': 11, 'affinity': 'nearest_neighbors', 'assign_labels': 'cluster_qr', 'random_state': 42, 'n_neighbors': 15}",0.23332386445208939,1160.241960518449,1.1593600987922044
SpectralClustering,"{'n_clusters': 11, 'affinity': 'nearest_neighbors', 'assign_labels': 'cluster_qr', 'random_state': 123, 'n_neighbors': 15}",0.23332386445208939,1160.241960518449,1.1593600987922044
SpectralClustering,"{'n_clusters': 11, 'affinity': 'nearest_neighbors', 'assign_labels': 'cluster_qr', 'random_state': 456, 'n_neighbors': 15}",0.23332386445208939,1160.241960518449,1.1593600987922044
SpectralClustering,"{'n_clusters': 11, 'affinity': 'nearest_neighbors', 'assign_labels': 'cluster_qr', 'random_state': 789, 'n_neighbors': 15}",0.23332386445208939,1160.241960518449,1.1593600987922044
SpectralClustering,"{'n_clusters': 11, 'affinity': 'nearest_neighbors', 'assign_labels': 'cluster_qr', 'random_state': 1011, 'n_neighbors': 15}",0.23332386445208939,1160.241960518449,1.1593600987922044
SpectralClustering,"{'n_clusters': 11, 'affinity': 'nearest_neighbors', 'assign_labels': 'cluster_qr', 'random_state': 2022, 'n_neighbors': 15}",0.23332386445208939,1160.241960518449,1.1593600987922044
SpectralClustering,"{'n_clusters': 11, 'affinity': 'nearest_neighbors', 'assign_labels': 'cluster_qr', 'random_state': 3033, 'n_neighbors': 15}",0.23332386445208939,1160.241960518449,1.1593600987922044
SpectralClustering,"{'n_clusters': 11, 'affinity': 'nearest_neighbors', 'assign_labels': 'cluster_qr', 'random_state': 4044, 'n_neighbors': 15}",0.23332386445208939,1160.241960518449,1.1593600987922044
SpectralClustering,"{'n_clusters': 11, 'affinity': 'nearest_neighbors', 'assign_labels': 'cluster_qr', 'random_state': 5055, 'n_neighbors': 15}",0.23332386445208939,1160.241960518449,1.1593600987922044
SpectralClustering,"{'n_clusters': 11, 'affinity': 'nearest_neighbors', 'assign_labels': 'cluster_qr', 'random_state': 6066, 'n_neighbors': 15}",0.23332386445208939,1160.241960518449,1.1593600987922044
SpectralClustering,"{'n_clusters': 11, 'affinity': 'nearest_neighbors', 'assign_labels': 'kmeans', 'random_state': 42, 'n_neighbors': 20}",0.24212644575136721,1176.8893167691542,1.1153446947844592
SpectralClustering,"{'n_clusters': 11, 'affinity': 'nearest_neighbors', 'assign_labels': 'kmeans', 'random_state': 123, 'n_neighbors': 20}",0.2424211604975365,1183.0888237458291,1.1233378801993892
SpectralClustering,"{'n_clusters': 11, 'affinity': 'nearest_neighbors', 'assign_labels': 'kmeans', 'random_state': 456, 'n_neighbors': 20}",0.2424211604975365,1183.0888237458294,1.1233378801993894
SpectralClustering,"{'n_clusters': 11, 'affinity': 'nearest_neighbors', 'assign_labels': 'kmeans', 'random_state': 789, 'n_neighbors': 20}",0.242471544127603,1183.28887013592,1.1225968654184397
SpectralClustering,"{'n_clusters': 11, 'affinity': 'nearest_neighbors', 'assign_labels': 'kmeans', 'random_state': 1011, 'n_neighbors': 20}",0.24263816759942006,1182.984971207889,1.1227163125620847
SpectralClustering,"{'n_clusters': 11, 'affinity': 'nearest_neighbors', 'assign_labels': 'kmeans', 'random_state': 2022, 'n_neighbors': 20}",0.24244814674259318,1183.1164845017852,1.122974022061502
SpectralClustering,"{'n_clusters': 11, 'affinity': 'nearest_neighbors', 'assign_labels': 'kmeans', 'random_state': 3033, 'n_neighbors': 20}",0.24236940011378183,1176.568884410784,1.1170215133262946
SpectralClustering,"{'n_clusters': 11, 'affinity': 'nearest_neighbors', 'assign_labels': 'kmeans', 'random_state': 4044, 'n_neighbors': 20}",0.24244814674259318,1183.116484501785,1.122974022061502
SpectralClustering,"{'n_clusters': 11, 'affinity': 'nearest_neighbors', 'assign_labels': 'kmeans', 'random_state': 5055, 'n_neighbors': 20}",0.24258492384773112,1180.8553387818527,1.1204652317264465
SpectralClustering,"{'n_clusters': 11, 'affinity': 'nearest_neighbors', 'assign_labels': 'kmeans', 'random_state': 6066, 'n_neighbors': 20}",0.242687683309368,1178.2683607598826,1.1169157753516101
SpectralClustering,"{'n_clusters': 11, 'affinity': 'nearest_neighbors', 'assign_labels': 'discretize', 'random_state': 42, 'n_neighbors': 20}",0.2432007009414309,1187.6112476674841,1.1203910186444768
SpectralClustering,"{'n_clusters': 11, 'affinity': 'nearest_neighbors', 'assign_labels': 'discretize', 'random_state': 123, 'n_neighbors': 20}",0.24370225486770689,1188.9747912090972,1.119768334618193
SpectralClustering,"{'n_clusters': 11, 'affinity': 'nearest_neighbors', 'assign_labels': 'discretize', 'random_state': 456, 'n_neighbors': 20}",0.2438887669920857,1190.4595782545812,1.1198293377468385
SpectralClustering,"{'n_clusters': 11, 'affinity': 'nearest_neighbors', 'assign_labels': 'discretize', 'random_state': 789, 'n_neighbors': 20}",0.2437794647479246,1189.8108074450279,1.1202192031536722
SpectralClustering,"{'n_clusters': 11, 'affinity': 'nearest_neighbors', 'assign_labels': 'discretize', 'random_state': 1011, 'n_neighbors': 20}",0.24370225486770689,1188.974791209097,1.119768334618193
SpectralClustering,"{'n_clusters': 11, 'affinity': 'nearest_neighbors', 'assign_labels': 'discretize', 'random_state': 2022, 'n_neighbors': 20}",0.24385043042748952,1190.50177841884,1.1193751488560055
SpectralClustering,"{'n_clusters': 11, 'affinity': 'nearest_neighbors', 'assign_labels': 'discretize', 'random_state': 3033, 'n_neighbors': 20}",0.24406238108758788,1190.5204936000155,1.1195421854218208
SpectralClustering,"{'n_clusters': 11, 'affinity': 'nearest_neighbors', 'assign_labels': 'discretize', 'random_state': 4044, 'n_neighbors': 20}",0.24397490831609156,1190.8637558198984,1.1191353629612613
SpectralClustering,"{'n_clusters': 11, 'affinity': 'nearest_neighbors', 'assign_labels': 'discretize', 'random_state': 5055, 'n_neighbors': 20}",0.24330080412722127,1187.7166346331328,1.120671855747989
SpectralClustering,"{'n_clusters': 11, 'affinity': 'nearest_neighbors', 'assign_labels': 'discretize', 'random_state': 6066, 'n_neighbors': 20}",0.2436021517652673,1188.8692225640582,1.1194874975146811
SpectralClustering,"{'n_clusters': 11, 'affinity': 'nearest_neighbors', 'assign_labels': 'cluster_qr', 'random_state': 42, 'n_neighbors': 20}",0.24147218404444046,1169.5582254189317,1.1329345654770926
SpectralClustering,"{'n_clusters': 11, 'affinity': 'nearest_neighbors', 'assign_labels': 'cluster_qr', 'random_state': 123, 'n_neighbors': 20}",0.24147218404444046,1169.5582254189317,1.1329345654770926
SpectralClustering,"{'n_clusters': 11, 'affinity': 'nearest_neighbors', 'assign_labels': 'cluster_qr', 'random_state': 456, 'n_neighbors': 20}",0.24147218404444046,1169.5582254189317,1.1329345654770926
SpectralClustering,"{'n_clusters': 11, 'affinity': 'nearest_neighbors', 'assign_labels': 'cluster_qr', 'random_state': 789, 'n_neighbors': 20}",0.24147218404444046,1169.5582254189317,1.1329345654770926
SpectralClustering,"{'n_clusters': 11, 'affinity': 'nearest_neighbors', 'assign_labels': 'cluster_qr', 'random_state': 1011, 'n_neighbors': 20}",0.24147218404444046,1169.5582254189317,1.1329345654770926
SpectralClustering,"{'n_clusters': 11, 'affinity': 'nearest_neighbors', 'assign_labels': 'cluster_qr', 'random_state': 2022, 'n_neighbors': 20}",0.24147218404444046,1169.5582254189317,1.1329345654770926
SpectralClustering,"{'n_clusters': 11, 'affinity': 'nearest_neighbors', 'assign_labels': 'cluster_qr', 'random_state': 3033, 'n_neighbors': 20}",0.24147218404444046,1169.5582254189317,1.1329345654770926
SpectralClustering,"{'n_clusters': 11, 'affinity': 'nearest_neighbors', 'assign_labels': 'cluster_qr', 'random_state': 4044, 'n_neighbors': 20}",0.24147218404444046,1169.5582254189317,1.1329345654770926
SpectralClustering,"{'n_clusters': 11, 'affinity': 'nearest_neighbors', 'assign_labels': 'cluster_qr', 'random_state': 5055, 'n_neighbors': 20}",0.24147218404444046,1169.5582254189317,1.1329345654770926
SpectralClustering,"{'n_clusters': 11, 'affinity': 'nearest_neighbors', 'assign_labels': 'cluster_qr', 'random_state': 6066, 'n_neighbors': 20}",0.24147218404444046,1169.5582254189317,1.1329345654770926
SpectralClustering,"{'n_clusters': 11, 'affinity': 'nearest_neighbors', 'assign_labels': 'kmeans', 'random_state': 42, 'n_neighbors': 50}",0.24204024314683523,1201.1819953379995,1.1085155156457114
SpectralClustering,"{'n_clusters': 11, 'affinity': 'nearest_neighbors', 'assign_labels': 'kmeans', 'random_state': 123, 'n_neighbors': 50}",0.24204024314683523,1201.181995338,1.1085155156457114
SpectralClustering,"{'n_clusters': 11, 'affinity': 'nearest_neighbors', 'assign_labels': 'kmeans', 'random_state': 456, 'n_neighbors': 50}",0.24204024314683523,1201.1819953380002,1.1085155156457112
SpectralClustering,"{'n_clusters': 11, 'affinity': 'nearest_neighbors', 'assign_labels': 'kmeans', 'random_state': 789, 'n_neighbors': 50}",0.24204024314683523,1201.181995338,1.1085155156457114
SpectralClustering,"{'n_clusters': 11, 'affinity': 'nearest_neighbors', 'assign_labels': 'kmeans', 'random_state': 1011, 'n_neighbors': 50}",0.24170707808683367,1200.303543630533,1.1085361626560897
SpectralClustering,"{'n_clusters': 11, 'affinity': 'nearest_neighbors', 'assign_labels': 'kmeans', 'random_state': 2022, 'n_neighbors': 50}",0.24204024314683523,1201.1819953380002,1.1085155156457114
SpectralClustering,"{'n_clusters': 11, 'affinity': 'nearest_neighbors', 'assign_labels': 'kmeans', 'random_state': 3033, 'n_neighbors': 50}",0.24204024314683523,1201.1819953379998,1.1085155156457114
SpectralClustering,"{'n_clusters': 11, 'affinity': 'nearest_neighbors', 'assign_labels': 'kmeans', 'random_state': 4044, 'n_neighbors': 50}",0.24204024314683523,1201.1819953379998,1.1085155156457114
SpectralClustering,"{'n_clusters': 11, 'affinity': 'nearest_neighbors', 'assign_labels': 'kmeans', 'random_state': 5055, 'n_neighbors': 50}",0.24204024314683523,1201.1819953379998,1.1085155156457114
SpectralClustering,"{'n_clusters': 11, 'affinity': 'nearest_neighbors', 'assign_labels': 'kmeans', 'random_state': 6066, 'n_neighbors': 50}",0.24204024314683523,1201.1819953379998,1.1085155156457112
SpectralClustering,"{'n_clusters': 11, 'affinity': 'nearest_neighbors', 'assign_labels': 'discretize', 'random_state': 42, 'n_neighbors': 50}",0.2440321955353686,1207.6530644804018,1.1137391659730027
SpectralClustering,"{'n_clusters': 11, 'affinity': 'nearest_neighbors', 'assign_labels': 'discretize', 'random_state': 123, 'n_neighbors': 50}",0.2443034666982461,1209.245441581412,1.1146564437221629
SpectralClustering,"{'n_clusters': 11, 'affinity': 'nearest_neighbors', 'assign_labels': 'discretize', 'random_state': 456, 'n_neighbors': 50}",0.2439276356510342,1208.654982359133,1.113148290209527
SpectralClustering,"{'n_clusters': 11, 'affinity': 'nearest_neighbors', 'assign_labels': 'discretize', 'random_state': 789, 'n_neighbors': 50}",0.24450593181970248,1208.0555913458477,1.1144236089985002
SpectralClustering,"{'n_clusters': 11, 'affinity': 'nearest_neighbors', 'assign_labels': 'discretize', 'random_state': 1011, 'n_neighbors': 50}",0.24410452548598754,1207.834959589845,1.1139392701119173
SpectralClustering,"{'n_clusters': 11, 'affinity': 'nearest_neighbors', 'assign_labels': 'discretize', 'random_state': 2022, 'n_neighbors': 50}",0.24437578270673724,1207.8075083052995,1.1142108047405859
SpectralClustering,"{'n_clusters': 11, 'affinity': 'nearest_neighbors', 'assign_labels': 'discretize', 'random_state': 3033, 'n_neighbors': 50}",0.2440774727566499,1207.684155802377,1.1141418723463818
SpectralClustering,"{'n_clusters': 11, 'affinity': 'nearest_neighbors', 'assign_labels': 'discretize', 'random_state': 4044, 'n_neighbors': 50}",0.24405846623395958,1207.6600122806612,1.1139204464264507
SpectralClustering,"{'n_clusters': 11, 'affinity': 'nearest_neighbors', 'assign_labels': 'discretize', 'random_state': 5055, 'n_neighbors': 50}",0.24440294660153794,1207.9583372298393,1.1140082025061213
SpectralClustering,"{'n_clusters': 11, 'affinity': 'nearest_neighbors', 'assign_labels': 'discretize', 'random_state': 6066, 'n_neighbors': 50}",0.24437578270673724,1207.8075083052995,1.1142108047405859
SpectralClustering,"{'n_clusters': 11, 'affinity': 'nearest_neighbors', 'assign_labels': 'cluster_qr', 'random_state': 42, 'n_neighbors': 50}",0.23991542290262324,1202.9231095915118,1.1327989379847645
SpectralClustering,"{'n_clusters': 11, 'affinity': 'nearest_neighbors', 'assign_labels': 'cluster_qr', 'random_state': 123, 'n_neighbors': 50}",0.23991542290262324,1202.9231095915118,1.1327989379847645
SpectralClustering,"{'n_clusters': 11, 'affinity': 'nearest_neighbors', 'assign_labels': 'cluster_qr', 'random_state': 456, 'n_neighbors': 50}",0.23991542290262324,1202.9231095915118,1.1327989379847645
SpectralClustering,"{'n_clusters': 11, 'affinity': 'nearest_neighbors', 'assign_labels': 'cluster_qr', 'random_state': 789, 'n_neighbors': 50}",0.23991542290262324,1202.9231095915118,1.1327989379847645
SpectralClustering,"{'n_clusters': 11, 'affinity': 'nearest_neighbors', 'assign_labels': 'cluster_qr', 'random_state': 1011, 'n_neighbors': 50}",0.23991542290262324,1202.9231095915118,1.1327989379847645
SpectralClustering,"{'n_clusters': 11, 'affinity': 'nearest_neighbors', 'assign_labels': 'cluster_qr', 'random_state': 2022, 'n_neighbors': 50}",0.23991542290262324,1202.9231095915118,1.1327989379847645
SpectralClustering,"{'n_clusters': 11, 'affinity': 'nearest_neighbors', 'assign_labels': 'cluster_qr', 'random_state': 3033, 'n_neighbors': 50}",0.23991542290262324,1202.9231095915118,1.1327989379847645
SpectralClustering,"{'n_clusters': 11, 'affinity': 'nearest_neighbors', 'assign_labels': 'cluster_qr', 'random_state': 4044, 'n_neighbors': 50}",0.23991542290262324,1202.9231095915118,1.1327989379847645
SpectralClustering,"{'n_clusters': 11, 'affinity': 'nearest_neighbors', 'assign_labels': 'cluster_qr', 'random_state': 5055, 'n_neighbors': 50}",0.23991542290262324,1202.9231095915118,1.1327989379847645
SpectralClustering,"{'n_clusters': 11, 'affinity': 'nearest_neighbors', 'assign_labels': 'cluster_qr', 'random_state': 6066, 'n_neighbors': 50}",0.23991542290262324,1202.9231095915118,1.1327989379847645
SpectralClustering,"{'n_clusters': 11, 'affinity': 'nearest_neighbors', 'assign_labels': 'kmeans', 'random_state': 42, 'n_neighbors': 100}",0.24549891761071982,1219.9959356289914,1.1170136529987766
SpectralClustering,"{'n_clusters': 11, 'affinity': 'nearest_neighbors', 'assign_labels': 'kmeans', 'random_state': 123, 'n_neighbors': 100}",0.24439911575540954,1219.783953977465,1.1193653256197549
SpectralClustering,"{'n_clusters': 11, 'affinity': 'nearest_neighbors', 'assign_labels': 'kmeans', 'random_state': 456, 'n_neighbors': 100}",0.24539002862935974,1220.1370559381255,1.1178106440526412
SpectralClustering,"{'n_clusters': 11, 'affinity': 'nearest_neighbors', 'assign_labels': 'kmeans', 'random_state': 789, 'n_neighbors': 100}",0.24497924700547424,1219.6524658016092,1.1171478629978
SpectralClustering,"{'n_clusters': 11, 'affinity': 'nearest_neighbors', 'assign_labels': 'kmeans', 'random_state': 1011, 'n_neighbors': 100}",0.24543406031041126,1219.9657223697277,1.1172740252092597
SpectralClustering,"{'n_clusters': 11, 'affinity': 'nearest_neighbors', 'assign_labels': 'kmeans', 'random_state': 2022, 'n_neighbors': 100}",0.24439911575540954,1219.783953977465,1.1193653256197549
SpectralClustering,"{'n_clusters': 11, 'affinity': 'nearest_neighbors', 'assign_labels': 'kmeans', 'random_state': 3033, 'n_neighbors': 100}",0.24462097220943102,1219.2603415935948,1.1174202241248479
SpectralClustering,"{'n_clusters': 11, 'affinity': 'nearest_neighbors', 'assign_labels': 'kmeans', 'random_state': 4044, 'n_neighbors': 100}",0.24430817015333212,1219.1056580636173,1.1180153124662346
SpectralClustering,"{'n_clusters': 11, 'affinity': 'nearest_neighbors', 'assign_labels': 'kmeans', 'random_state': 5055, 'n_neighbors': 100}",0.24439911575540954,1219.783953977465,1.1193653256197547
SpectralClustering,"{'n_clusters': 11, 'affinity': 'nearest_neighbors', 'assign_labels': 'kmeans', 'random_state': 6066, 'n_neighbors': 100}",0.24439911575540954,1219.7839539774648,1.1193653256197549
SpectralClustering,"{'n_clusters': 11, 'affinity': 'nearest_neighbors', 'assign_labels': 'discretize', 'random_state': 42, 'n_neighbors': 100}",0.24382561234170325,1222.1378346940007,1.1250597438519228
SpectralClustering,"{'n_clusters': 11, 'affinity': 'nearest_neighbors', 'assign_labels': 'discretize', 'random_state': 123, 'n_neighbors': 100}",0.24382442312204874,1222.4116308352857,1.1237196182593552
SpectralClustering,"{'n_clusters': 11, 'affinity': 'nearest_neighbors', 'assign_labels': 'discretize', 'random_state': 456, 'n_neighbors': 100}",0.24380456405105216,1221.4424452423823,1.1256884843271353
SpectralClustering,"{'n_clusters': 11, 'affinity': 'nearest_neighbors', 'assign_labels': 'discretize', 'random_state': 789, 'n_neighbors': 100}",0.24382561234170325,1222.1378346940005,1.1250597438519225
SpectralClustering,"{'n_clusters': 11, 'affinity': 'nearest_neighbors', 'assign_labels': 'discretize', 'random_state': 1011, 'n_neighbors': 100}",0.24395238948337425,1223.8716384465365,1.1124670560256886
SpectralClustering,"{'n_clusters': 11, 'affinity': 'nearest_neighbors', 'assign_labels': 'discretize', 'random_state': 2022, 'n_neighbors': 100}",0.24443707789089733,1223.7492365223798,1.1105547591223244
SpectralClustering,"{'n_clusters': 11, 'affinity': 'nearest_neighbors', 'assign_labels': 'discretize', 'random_state': 3033, 'n_neighbors': 100}",0.24382442312204874,1222.4116308352861,1.123719618259355
SpectralClustering,"{'n_clusters': 11, 'affinity': 'nearest_neighbors', 'assign_labels': 'discretize', 'random_state': 4044, 'n_neighbors': 100}",0.2441696475635264,1222.457823288248,1.1247596628728547
SpectralClustering,"{'n_clusters': 11, 'affinity': 'nearest_neighbors', 'assign_labels': 'discretize', 'random_state': 5055, 'n_neighbors': 100}",0.2438234186412684,1221.4217311302793,1.1254954033236593
SpectralClustering,"{'n_clusters': 11, 'affinity': 'nearest_neighbors', 'assign_labels': 'discretize', 'random_state': 6066, 'n_neighbors': 100}",0.24382442312204874,1222.4116308352857,1.123719618259355
SpectralClustering,"{'n_clusters': 11, 'affinity': 'nearest_neighbors', 'assign_labels': 'cluster_qr', 'random_state': 42, 'n_neighbors': 100}",0.23994012572980714,1205.4970303130763,1.1144067216973605
SpectralClustering,"{'n_clusters': 11, 'affinity': 'nearest_neighbors', 'assign_labels': 'cluster_qr', 'random_state': 123, 'n_neighbors': 100}",0.23994012572980714,1205.4970303130763,1.1144067216973605
SpectralClustering,"{'n_clusters': 11, 'affinity': 'nearest_neighbors', 'assign_labels': 'cluster_qr', 'random_state': 456, 'n_neighbors': 100}",0.23994012572980714,1205.4970303130763,1.1144067216973605
SpectralClustering,"{'n_clusters': 11, 'affinity': 'nearest_neighbors', 'assign_labels': 'cluster_qr', 'random_state': 789, 'n_neighbors': 100}",0.23994012572980714,1205.4970303130763,1.1144067216973605
SpectralClustering,"{'n_clusters': 11, 'affinity': 'nearest_neighbors', 'assign_labels': 'cluster_qr', 'random_state': 1011, 'n_neighbors': 100}",0.23994012572980714,1205.4970303130763,1.1144067216973605
SpectralClustering,"{'n_clusters': 11, 'affinity': 'nearest_neighbors', 'assign_labels': 'cluster_qr', 'random_state': 2022, 'n_neighbors': 100}",0.23994012572980714,1205.4970303130763,1.1144067216973605
SpectralClustering,"{'n_clusters': 11, 'affinity': 'nearest_neighbors', 'assign_labels': 'cluster_qr', 'random_state': 3033, 'n_neighbors': 100}",0.23994012572980714,1205.4970303130763,1.1144067216973605
SpectralClustering,"{'n_clusters': 11, 'affinity': 'nearest_neighbors', 'assign_labels': 'cluster_qr', 'random_state': 4044, 'n_neighbors': 100}",0.23994012572980714,1205.4970303130763,1.1144067216973605
SpectralClustering,"{'n_clusters': 11, 'affinity': 'nearest_neighbors', 'assign_labels': 'cluster_qr', 'random_state': 5055, 'n_neighbors': 100}",0.23994012572980714,1205.4970303130763,1.1144067216973605
SpectralClustering,"{'n_clusters': 11, 'affinity': 'nearest_neighbors', 'assign_labels': 'cluster_qr', 'random_state': 6066, 'n_neighbors': 100}",0.23994012572980714,1205.4970303130763,1.1144067216973605
SpectralClustering,"{'n_clusters': 11, 'affinity': 'polynomial', 'assign_labels': 'kmeans', 'random_state': 42}",0.03551600782454672,172.82020345504495,1.3813661717009855
SpectralClustering,"{'n_clusters': 11, 'affinity': 'polynomial', 'assign_labels': 'kmeans', 'random_state': 123}",0.033068535485895216,161.1291741874086,1.2440869013415277
SpectralClustering,"{'n_clusters': 11, 'affinity': 'polynomial', 'assign_labels': 'kmeans', 'random_state': 456}",0.031769785309662714,157.91556192081447,1.2311979296037923
SpectralClustering,"{'n_clusters': 11, 'affinity': 'polynomial', 'assign_labels': 'kmeans', 'random_state': 789}",0.03322867873225136,160.98428333438497,1.2406608891098874
SpectralClustering,"{'n_clusters': 11, 'affinity': 'polynomial', 'assign_labels': 'kmeans', 'random_state': 1011}",0.01713053803817153,143.78840710497096,1.2325089716032631
SpectralClustering,"{'n_clusters': 11, 'affinity': 'polynomial', 'assign_labels': 'kmeans', 'random_state': 2022}",0.034301628525073805,173.3735516641383,1.3841216709887354
SpectralClustering,"{'n_clusters': 11, 'affinity': 'polynomial', 'assign_labels': 'kmeans', 'random_state': 3033}",0.03477503409023628,168.32465378808874,1.4053696433362535
SpectralClustering,"{'n_clusters': 11, 'affinity': 'polynomial', 'assign_labels': 'kmeans', 'random_state': 4044}",0.033939809025015054,168.84019189016797,1.4063698874979034
SpectralClustering,"{'n_clusters': 11, 'affinity': 'polynomial', 'assign_labels': 'kmeans', 'random_state': 5055}",0.030432486965192976,161.22469649556737,1.2736017628838123
SpectralClustering,"{'n_clusters': 11, 'affinity': 'polynomial', 'assign_labels': 'kmeans', 'random_state': 6066}",0.033472059389465604,162.171382589817,1.2435695443324433
SpectralClustering,"{'n_clusters': 11, 'affinity': 'polynomial', 'assign_labels': 'discretize', 'random_state': 42}",0.23349516737164147,921.2202736544493,1.1160263609700116
SpectralClustering,"{'n_clusters': 11, 'affinity': 'polynomial', 'assign_labels': 'discretize', 'random_state': 123}",0.24016032412208796,932.4649326967108,1.124914136554108
SpectralClustering,"{'n_clusters': 11, 'affinity': 'polynomial', 'assign_labels': 'discretize', 'random_state': 456}",0.24087986671958078,939.2289174312205,1.1283237834984925
SpectralClustering,"{'n_clusters': 11, 'affinity': 'polynomial', 'assign_labels': 'discretize', 'random_state': 789}",0.23922852101884623,929.5989693232985,1.1245982492849629
SpectralClustering,"{'n_clusters': 11, 'affinity': 'polynomial', 'assign_labels': 'discretize', 'random_state': 1011}",0.20873783111671565,878.0782239042697,1.2292615038589862
SpectralClustering,"{'n_clusters': 11, 'affinity': 'polynomial', 'assign_labels': 'discretize', 'random_state': 2022}",0.24263426282658612,937.4363271621007,1.11838467667091
SpectralClustering,"{'n_clusters': 11, 'affinity': 'polynomial', 'assign_labels': 'discretize', 'random_state': 3033}",0.2002927043746071,844.6894547073792,1.171768819562033
SpectralClustering,"{'n_clusters': 11, 'affinity': 'polynomial', 'assign_labels': 'discretize', 'random_state': 4044}",0.24056212633288823,928.1628030473221,1.1191191541281222
SpectralClustering,"{'n_clusters': 11, 'affinity': 'polynomial', 'assign_labels': 'discretize', 'random_state': 5055}",0.23052943385536326,985.9361917313124,1.2522396652731018
SpectralClustering,"{'n_clusters': 11, 'affinity': 'polynomial', 'assign_labels': 'discretize', 'random_state': 6066}",0.2397707929959804,927.6220993795712,1.1188750131052922
SpectralClustering,"{'n_clusters': 11, 'affinity': 'polynomial', 'assign_labels': 'cluster_qr', 'random_state': 42}",0.16285917754391854,685.5549695579505,1.7011424438053773
SpectralClustering,"{'n_clusters': 11, 'affinity': 'polynomial', 'assign_labels': 'cluster_qr', 'random_state': 123}",0.16285917754391854,685.5549695579505,1.7011424438053773
SpectralClustering,"{'n_clusters': 11, 'affinity': 'polynomial', 'assign_labels': 'cluster_qr', 'random_state': 456}",0.16285917754391854,685.5549695579505,1.7011424438053773
SpectralClustering,"{'n_clusters': 11, 'affinity': 'polynomial', 'assign_labels': 'cluster_qr', 'random_state': 789}",0.16285917754391854,685.5549695579505,1.7011424438053773
SpectralClustering,"{'n_clusters': 11, 'affinity': 'polynomial', 'assign_labels': 'cluster_qr', 'random_state': 1011}",0.16285917754391854,685.5549695579505,1.7011424438053773
SpectralClustering,"{'n_clusters': 11, 'affinity': 'polynomial', 'assign_labels': 'cluster_qr', 'random_state': 2022}",0.16285917754391854,685.5549695579505,1.7011424438053773
SpectralClustering,"{'n_clusters': 11, 'affinity': 'polynomial', 'assign_labels': 'cluster_qr', 'random_state': 3033}",0.16285917754391854,685.5549695579505,1.7011424438053773
SpectralClustering,"{'n_clusters': 11, 'affinity': 'polynomial', 'assign_labels': 'cluster_qr', 'random_state': 4044}",0.16285917754391854,685.5549695579505,1.7011424438053773
SpectralClustering,"{'n_clusters': 11, 'affinity': 'polynomial', 'assign_labels': 'cluster_qr', 'random_state': 5055}",0.16285917754391854,685.5549695579505,1.7011424438053773
SpectralClustering,"{'n_clusters': 11, 'affinity': 'polynomial', 'assign_labels': 'cluster_qr', 'random_state': 6066}",0.16285917754391854,685.5549695579505,1.7011424438053773
SpectralClustering,"{'n_clusters': 11, 'affinity': 'poly', 'assign_labels': 'kmeans', 'random_state': 42}",0.03551600782454672,172.82020345504495,1.3813661717009855
SpectralClustering,"{'n_clusters': 11, 'affinity': 'poly', 'assign_labels': 'kmeans', 'random_state': 123}",0.033068535485895216,161.1291741874086,1.2440869013415277
SpectralClustering,"{'n_clusters': 11, 'affinity': 'poly', 'assign_labels': 'kmeans', 'random_state': 456}",0.031769785309662714,157.91556192081447,1.2311979296037923
SpectralClustering,"{'n_clusters': 11, 'affinity': 'poly', 'assign_labels': 'kmeans', 'random_state': 789}",0.03322867873225136,160.98428333438497,1.2406608891098874
SpectralClustering,"{'n_clusters': 11, 'affinity': 'poly', 'assign_labels': 'kmeans', 'random_state': 1011}",0.01713053803817153,143.78840710497096,1.2325089716032631
SpectralClustering,"{'n_clusters': 11, 'affinity': 'poly', 'assign_labels': 'kmeans', 'random_state': 2022}",0.034301628525073805,173.3735516641383,1.3841216709887354
SpectralClustering,"{'n_clusters': 11, 'affinity': 'poly', 'assign_labels': 'kmeans', 'random_state': 3033}",0.03477503409023628,168.32465378808874,1.4053696433362535
SpectralClustering,"{'n_clusters': 11, 'affinity': 'poly', 'assign_labels': 'kmeans', 'random_state': 4044}",0.033939809025015054,168.84019189016797,1.4063698874979034
SpectralClustering,"{'n_clusters': 11, 'affinity': 'poly', 'assign_labels': 'kmeans', 'random_state': 5055}",0.030432486965192976,161.22469649556737,1.2736017628838123
SpectralClustering,"{'n_clusters': 11, 'affinity': 'poly', 'assign_labels': 'kmeans', 'random_state': 6066}",0.033472059389465604,162.171382589817,1.2435695443324433
SpectralClustering,"{'n_clusters': 11, 'affinity': 'poly', 'assign_labels': 'discretize', 'random_state': 42}",0.23349516737164147,921.2202736544493,1.1160263609700116
SpectralClustering,"{'n_clusters': 11, 'affinity': 'poly', 'assign_labels': 'discretize', 'random_state': 123}",0.24016032412208796,932.4649326967108,1.124914136554108
SpectralClustering,"{'n_clusters': 11, 'affinity': 'poly', 'assign_labels': 'discretize', 'random_state': 456}",0.24087986671958078,939.2289174312205,1.1283237834984925
SpectralClustering,"{'n_clusters': 11, 'affinity': 'poly', 'assign_labels': 'discretize', 'random_state': 789}",0.23922852101884623,929.5989693232985,1.1245982492849629
SpectralClustering,"{'n_clusters': 11, 'affinity': 'poly', 'assign_labels': 'discretize', 'random_state': 1011}",0.20873783111671565,878.0782239042697,1.2292615038589862
SpectralClustering,"{'n_clusters': 11, 'affinity': 'poly', 'assign_labels': 'discretize', 'random_state': 2022}",0.24263426282658612,937.4363271621007,1.11838467667091
SpectralClustering,"{'n_clusters': 11, 'affinity': 'poly', 'assign_labels': 'discretize', 'random_state': 3033}",0.2002927043746071,844.6894547073792,1.171768819562033
SpectralClustering,"{'n_clusters': 11, 'affinity': 'poly', 'assign_labels': 'discretize', 'random_state': 4044}",0.24056212633288823,928.1628030473221,1.1191191541281222
SpectralClustering,"{'n_clusters': 11, 'affinity': 'poly', 'assign_labels': 'discretize', 'random_state': 5055}",0.23052943385536326,985.9361917313124,1.2522396652731018
SpectralClustering,"{'n_clusters': 11, 'affinity': 'poly', 'assign_labels': 'discretize', 'random_state': 6066}",0.2397707929959804,927.6220993795712,1.1188750131052922
SpectralClustering,"{'n_clusters': 11, 'affinity': 'poly', 'assign_labels': 'cluster_qr', 'random_state': 42}",0.16285917754391854,685.5549695579505,1.7011424438053773
SpectralClustering,"{'n_clusters': 11, 'affinity': 'poly', 'assign_labels': 'cluster_qr', 'random_state': 123}",0.16285917754391854,685.5549695579505,1.7011424438053773
SpectralClustering,"{'n_clusters': 11, 'affinity': 'poly', 'assign_labels': 'cluster_qr', 'random_state': 456}",0.16285917754391854,685.5549695579505,1.7011424438053773
SpectralClustering,"{'n_clusters': 11, 'affinity': 'poly', 'assign_labels': 'cluster_qr', 'random_state': 789}",0.16285917754391854,685.5549695579505,1.7011424438053773
SpectralClustering,"{'n_clusters': 11, 'affinity': 'poly', 'assign_labels': 'cluster_qr', 'random_state': 1011}",0.16285917754391854,685.5549695579505,1.7011424438053773
SpectralClustering,"{'n_clusters': 11, 'affinity': 'poly', 'assign_labels': 'cluster_qr', 'random_state': 2022}",0.16285917754391854,685.5549695579505,1.7011424438053773
SpectralClustering,"{'n_clusters': 11, 'affinity': 'poly', 'assign_labels': 'cluster_qr', 'random_state': 3033}",0.16285917754391854,685.5549695579505,1.7011424438053773
SpectralClustering,"{'n_clusters': 11, 'affinity': 'poly', 'assign_labels': 'cluster_qr', 'random_state': 4044}",0.16285917754391854,685.5549695579505,1.7011424438053773
SpectralClustering,"{'n_clusters': 11, 'affinity': 'poly', 'assign_labels': 'cluster_qr', 'random_state': 5055}",0.16285917754391854,685.5549695579505,1.7011424438053773
SpectralClustering,"{'n_clusters': 11, 'affinity': 'poly', 'assign_labels': 'cluster_qr', 'random_state': 6066}",0.16285917754391854,685.5549695579505,1.7011424438053773
SpectralClustering,"{'n_clusters': 11, 'affinity': 'sigmoid', 'assign_labels': 'kmeans', 'random_state': 42}",0.10447120572732858,328.83026876748835,2.8140485012021585
SpectralClustering,"{'n_clusters': 11, 'affinity': 'sigmoid', 'assign_labels': 'kmeans', 'random_state': 123}",0.06985508604716127,319.7142105779603,3.1693080608648043
SpectralClustering,"{'n_clusters': 11, 'affinity': 'sigmoid', 'assign_labels': 'kmeans', 'random_state': 456}",0.06890377788264195,310.5079505488094,2.8341801354607705
SpectralClustering,"{'n_clusters': 11, 'affinity': 'sigmoid', 'assign_labels': 'kmeans', 'random_state': 789}",0.09622137222666474,253.20262476784987,3.837856195913778
SpectralClustering,"{'n_clusters': 11, 'affinity': 'sigmoid', 'assign_labels': 'kmeans', 'random_state': 1011}",0.06559689979228109,292.3210424845291,2.847022449264912
SpectralClustering,"{'n_clusters': 11, 'affinity': 'sigmoid', 'assign_labels': 'kmeans', 'random_state': 2022}",0.1053945827099258,310.53211189427316,3.23634495063997
SpectralClustering,"{'n_clusters': 11, 'affinity': 'sigmoid', 'assign_labels': 'kmeans', 'random_state': 3033}",0.06201200155801724,311.476760704437,2.9925293807370257
SpectralClustering,"{'n_clusters': 11, 'affinity': 'sigmoid', 'assign_labels': 'kmeans', 'random_state': 4044}",0.1058362350308694,310.1649699776263,3.260955981870362
SpectralClustering,"{'n_clusters': 11, 'affinity': 'sigmoid', 'assign_labels': 'kmeans', 'random_state': 5055}",0.06728640144154725,286.58500614431483,3.3274263937686728
SpectralClustering,"{'n_clusters': 11, 'affinity': 'sigmoid', 'assign_labels': 'kmeans', 'random_state': 6066}",0.07601415133407367,251.518528817997,3.2959419232478595
SpectralClustering,"{'n_clusters': 11, 'affinity': 'sigmoid', 'assign_labels': 'discretize', 'random_state': 42}",0.03258493053076317,198.34593804830857,4.695045073935608
SpectralClustering,"{'n_clusters': 11, 'affinity': 'sigmoid', 'assign_labels': 'discretize', 'random_state': 123}",0.0174248204806188,203.89326794429923,4.59239705260271
SpectralClustering,"{'n_clusters': 11, 'affinity': 'sigmoid', 'assign_labels': 'discretize', 'random_state': 456}",0.026222857759478926,196.21818777343378,4.048434475746495
SpectralClustering,"{'n_clusters': 11, 'affinity': 'sigmoid', 'assign_labels': 'discretize', 'random_state': 789}",0.05555928867516511,240.35931012442677,3.8326389090581103
SpectralClustering,"{'n_clusters': 11, 'affinity': 'sigmoid', 'assign_labels': 'discretize', 'random_state': 1011}",0.04067864346288139,219.00650868058227,5.005263257789795
SpectralClustering,"{'n_clusters': 11, 'affinity': 'sigmoid', 'assign_labels': 'discretize', 'random_state': 2022}",0.0072626952126805715,219.04709010081845,5.183040953615174
SpectralClustering,"{'n_clusters': 11, 'affinity': 'sigmoid', 'assign_labels': 'discretize', 'random_state': 3033}",0.03868687536315522,201.09451001388956,3.982618650533958
SpectralClustering,"{'n_clusters': 11, 'affinity': 'sigmoid', 'assign_labels': 'discretize', 'random_state': 4044}",0.04520958444748184,232.7409781402752,4.891534149085687
SpectralClustering,"{'n_clusters': 11, 'affinity': 'sigmoid', 'assign_labels': 'discretize', 'random_state': 5055}",0.03558961519645469,202.11112404234083,4.039524000180055
SpectralClustering,"{'n_clusters': 11, 'affinity': 'sigmoid', 'assign_labels': 'discretize', 'random_state': 6066}",0.039123504004208984,232.7034315888469,3.966039608692889
SpectralClustering,"{'n_clusters': 11, 'affinity': 'sigmoid', 'assign_labels': 'cluster_qr', 'random_state': 42}",-0.06782068118036447,63.87913795858069,7.067237857516781
SpectralClustering,"{'n_clusters': 11, 'affinity': 'sigmoid', 'assign_labels': 'cluster_qr', 'random_state': 123}",-0.06782068118036447,63.87913795858069,7.067237857516781
SpectralClustering,"{'n_clusters': 11, 'affinity': 'sigmoid', 'assign_labels': 'cluster_qr', 'random_state': 456}",-0.06782068118036447,63.87913795858069,7.067237857516781
SpectralClustering,"{'n_clusters': 11, 'affinity': 'sigmoid', 'assign_labels': 'cluster_qr', 'random_state': 789}",-0.06782068118036447,63.87913795858069,7.067237857516781
SpectralClustering,"{'n_clusters': 11, 'affinity': 'sigmoid', 'assign_labels': 'cluster_qr', 'random_state': 1011}",-0.06782068118036447,63.87913795858069,7.067237857516781
SpectralClustering,"{'n_clusters': 11, 'affinity': 'sigmoid', 'assign_labels': 'cluster_qr', 'random_state': 2022}",-0.06782068118036447,63.87913795858069,7.067237857516781
SpectralClustering,"{'n_clusters': 11, 'affinity': 'sigmoid', 'assign_labels': 'cluster_qr', 'random_state': 3033}",-0.06782068118036447,63.87913795858069,7.067237857516781
SpectralClustering,"{'n_clusters': 11, 'affinity': 'sigmoid', 'assign_labels': 'cluster_qr', 'random_state': 4044}",-0.06782068118036447,63.87913795858069,7.067237857516781
SpectralClustering,"{'n_clusters': 11, 'affinity': 'sigmoid', 'assign_labels': 'cluster_qr', 'random_state': 5055}",-0.06782068118036447,63.87913795858069,7.067237857516781
SpectralClustering,"{'n_clusters': 11, 'affinity': 'sigmoid', 'assign_labels': 'cluster_qr', 'random_state': 6066}",-0.06782068118036447,63.87913795858069,7.067237857516781
SpectralClustering,"{'n_clusters': 12, 'affinity': 'rbf', 'assign_labels': 'kmeans', 'random_state': 42}",0.3163058021108633,570.7858782756856,0.9461504726111913
SpectralClustering,"{'n_clusters': 12, 'affinity': 'rbf', 'assign_labels': 'kmeans', 'random_state': 123}",0.31804475431316453,577.0870076070667,0.9456768186604089
SpectralClustering,"{'n_clusters': 12, 'affinity': 'rbf', 'assign_labels': 'kmeans', 'random_state': 456}",0.3186916572745548,576.9511119846487,0.9427584117040017
SpectralClustering,"{'n_clusters': 12, 'affinity': 'rbf', 'assign_labels': 'kmeans', 'random_state': 789}",0.31760055087639705,574.168197469127,0.9432959385685433
SpectralClustering,"{'n_clusters': 12, 'affinity': 'rbf', 'assign_labels': 'kmeans', 'random_state': 1011}",0.31803501119463584,577.2251252101279,0.9461430543140081
SpectralClustering,"{'n_clusters': 12, 'affinity': 'rbf', 'assign_labels': 'kmeans', 'random_state': 2022}",0.3177507199216231,576.3299617419963,0.9439781213746055
SpectralClustering,"{'n_clusters': 12, 'affinity': 'rbf', 'assign_labels': 'kmeans', 'random_state': 3033}",0.22335111370080454,312.63643672831654,0.9598427150085126
SpectralClustering,"{'n_clusters': 12, 'affinity': 'rbf', 'assign_labels': 'kmeans', 'random_state': 4044}",0.317637665077358,574.0443442063279,0.9411736382629111
SpectralClustering,"{'n_clusters': 12, 'affinity': 'rbf', 'assign_labels': 'kmeans', 'random_state': 5055}",0.3173861917047371,573.5654705307795,0.9461341872653558
SpectralClustering,"{'n_clusters': 12, 'affinity': 'rbf', 'assign_labels': 'kmeans', 'random_state': 6066}",0.3180802094738761,576.9710730089181,0.9432250563915283
SpectralClustering,"{'n_clusters': 12, 'affinity': 'rbf', 'assign_labels': 'discretize', 'random_state': 42}",0.29741290624206396,1131.4277176867356,1.0237860366199325
SpectralClustering,"{'n_clusters': 12, 'affinity': 'rbf', 'assign_labels': 'discretize', 'random_state': 123}",0.29977934715708343,1135.141434493852,1.020144337533215
SpectralClustering,"{'n_clusters': 12, 'affinity': 'rbf', 'assign_labels': 'discretize', 'random_state': 456}",0.29717330472601866,1131.3269374925824,1.0217509993171547
SpectralClustering,"{'n_clusters': 12, 'affinity': 'rbf', 'assign_labels': 'discretize', 'random_state': 789}",0.29837170082003645,1135.1061915246753,1.0158385472893332
SpectralClustering,"{'n_clusters': 12, 'affinity': 'rbf', 'assign_labels': 'discretize', 'random_state': 1011}",0.2999381508968477,1156.4314546086923,1.0199252391294003
SpectralClustering,"{'n_clusters': 12, 'affinity': 'rbf', 'assign_labels': 'discretize', 'random_state': 2022}",0.3022126558884935,1159.8334452587717,1.0156372474748951
SpectralClustering,"{'n_clusters': 12, 'affinity': 'rbf', 'assign_labels': 'discretize', 'random_state': 3033}",0.29975452270171354,1157.2831676523072,1.0209743318035198
SpectralClustering,"{'n_clusters': 12, 'affinity': 'rbf', 'assign_labels': 'discretize', 'random_state': 4044}",0.2984547329805174,1140.9085518007844,1.0710063792394475
SpectralClustering,"{'n_clusters': 12, 'affinity': 'rbf', 'assign_labels': 'discretize', 'random_state': 5055}",0.2912108842870214,1127.5741179158376,1.1068698657183316
SpectralClustering,"{'n_clusters': 12, 'affinity': 'rbf', 'assign_labels': 'discretize', 'random_state': 6066}",0.28237657669457933,1065.290433464578,1.0646340773783989
SpectralClustering,"{'n_clusters': 12, 'affinity': 'rbf', 'assign_labels': 'cluster_qr', 'random_state': 42}",0.28790617194905577,1088.6236875421955,1.105172790584962
SpectralClustering,"{'n_clusters': 12, 'affinity': 'rbf', 'assign_labels': 'cluster_qr', 'random_state': 123}",0.28790617194905577,1088.6236875421955,1.105172790584962
SpectralClustering,"{'n_clusters': 12, 'affinity': 'rbf', 'assign_labels': 'cluster_qr', 'random_state': 456}",0.28790617194905577,1088.6236875421955,1.105172790584962
SpectralClustering,"{'n_clusters': 12, 'affinity': 'rbf', 'assign_labels': 'cluster_qr', 'random_state': 789}",0.28790617194905577,1088.6236875421955,1.105172790584962
SpectralClustering,"{'n_clusters': 12, 'affinity': 'rbf', 'assign_labels': 'cluster_qr', 'random_state': 1011}",0.28790617194905577,1088.6236875421955,1.105172790584962
SpectralClustering,"{'n_clusters': 12, 'affinity': 'rbf', 'assign_labels': 'cluster_qr', 'random_state': 2022}",0.28790617194905577,1088.6236875421955,1.105172790584962
SpectralClustering,"{'n_clusters': 12, 'affinity': 'rbf', 'assign_labels': 'cluster_qr', 'random_state': 3033}",0.28790617194905577,1088.6236875421955,1.105172790584962
SpectralClustering,"{'n_clusters': 12, 'affinity': 'rbf', 'assign_labels': 'cluster_qr', 'random_state': 4044}",0.28790617194905577,1088.6236875421955,1.105172790584962
SpectralClustering,"{'n_clusters': 12, 'affinity': 'rbf', 'assign_labels': 'cluster_qr', 'random_state': 5055}",0.28790617194905577,1088.6236875421955,1.105172790584962
SpectralClustering,"{'n_clusters': 12, 'affinity': 'rbf', 'assign_labels': 'cluster_qr', 'random_state': 6066}",0.28790617194905577,1088.6236875421955,1.105172790584962
SpectralClustering,"{'n_clusters': 12, 'affinity': 'nearest_neighbors', 'assign_labels': 'kmeans', 'random_state': 42, 'n_neighbors': 5}",0.2215989288088945,1028.4185418084835,1.1762383932368081
SpectralClustering,"{'n_clusters': 12, 'affinity': 'nearest_neighbors', 'assign_labels': 'kmeans', 'random_state': 123, 'n_neighbors': 5}",0.22100252422571928,1028.4230543700057,1.1771103519109019
SpectralClustering,"{'n_clusters': 12, 'affinity': 'nearest_neighbors', 'assign_labels': 'kmeans', 'random_state': 456, 'n_neighbors': 5}",0.22099670082909686,1028.6130636669982,1.177503236823374
SpectralClustering,"{'n_clusters': 12, 'affinity': 'nearest_neighbors', 'assign_labels': 'kmeans', 'random_state': 789, 'n_neighbors': 5}",0.2216650433076428,1028.4755569631845,1.1762305309425927
SpectralClustering,"{'n_clusters': 12, 'affinity': 'nearest_neighbors', 'assign_labels': 'kmeans', 'random_state': 1011, 'n_neighbors': 5}",0.22163952758853211,1028.2734131021068,1.1757805288923302
SpectralClustering,"{'n_clusters': 12, 'affinity': 'nearest_neighbors', 'assign_labels': 'kmeans', 'random_state': 2022, 'n_neighbors': 5}",0.22163952758853211,1028.2734131021068,1.1757805288923304
SpectralClustering,"{'n_clusters': 12, 'affinity': 'nearest_neighbors', 'assign_labels': 'kmeans', 'random_state': 3033, 'n_neighbors': 5}",0.221192416029711,1028.0486587452021,1.1766013596307021
SpectralClustering,"{'n_clusters': 12, 'affinity': 'nearest_neighbors', 'assign_labels': 'kmeans', 'random_state': 4044, 'n_neighbors': 5}",0.22109501258356543,1025.5894080743524,1.1767486352089847
SpectralClustering,"{'n_clusters': 12, 'affinity': 'nearest_neighbors', 'assign_labels': 'kmeans', 'random_state': 5055, 'n_neighbors': 5}",0.22163952758853211,1028.2734131021066,1.1757805288923302
SpectralClustering,"{'n_clusters': 12, 'affinity': 'nearest_neighbors', 'assign_labels': 'kmeans', 'random_state': 6066, 'n_neighbors': 5}",0.2215989288088945,1028.4185418084835,1.1762383932368081
SpectralClustering,"{'n_clusters': 12, 'affinity': 'nearest_neighbors', 'assign_labels': 'discretize', 'random_state': 42, 'n_neighbors': 5}",0.2302221042744042,1078.9471969786716,1.2562472950397854
SpectralClustering,"{'n_clusters': 12, 'affinity': 'nearest_neighbors', 'assign_labels': 'discretize', 'random_state': 123, 'n_neighbors': 5}",0.2247614575279848,1058.2813729852217,1.2721068926547134
SpectralClustering,"{'n_clusters': 12, 'affinity': 'nearest_neighbors', 'assign_labels': 'discretize', 'random_state': 456, 'n_neighbors': 5}",0.22480372906681123,1078.4224919260937,1.2866214631613138
SpectralClustering,"{'n_clusters': 12, 'affinity': 'nearest_neighbors', 'assign_labels': 'discretize', 'random_state': 789, 'n_neighbors': 5}",0.23235557361200193,1086.206186149118,1.251584314313589
SpectralClustering,"{'n_clusters': 12, 'affinity': 'nearest_neighbors', 'assign_labels': 'discretize', 'random_state': 1011, 'n_neighbors': 5}",0.2322540396984287,1085.7226263318591,1.2516902167440678
SpectralClustering,"{'n_clusters': 12, 'affinity': 'nearest_neighbors', 'assign_labels': 'discretize', 'random_state': 2022, 'n_neighbors': 5}",0.2322540396984287,1085.7226263318591,1.2516902167440678
SpectralClustering,"{'n_clusters': 12, 'affinity': 'nearest_neighbors', 'assign_labels': 'discretize', 'random_state': 3033, 'n_neighbors': 5}",0.22920854272042132,1074.5918568593315,1.2577672126518686
SpectralClustering,"{'n_clusters': 12, 'affinity': 'nearest_neighbors', 'assign_labels': 'discretize', 'random_state': 4044, 'n_neighbors': 5}",0.2322540396984287,1085.7226263318587,1.2516902167440678
SpectralClustering,"{'n_clusters': 12, 'affinity': 'nearest_neighbors', 'assign_labels': 'discretize', 'random_state': 5055, 'n_neighbors': 5}",0.2322540396984287,1085.722626331859,1.2516902167440678
SpectralClustering,"{'n_clusters': 12, 'affinity': 'nearest_neighbors', 'assign_labels': 'discretize', 'random_state': 6066, 'n_neighbors': 5}",0.22480372906681123,1078.4224919260932,1.2866214631613138
SpectralClustering,"{'n_clusters': 12, 'affinity': 'nearest_neighbors', 'assign_labels': 'cluster_qr', 'random_state': 42, 'n_neighbors': 5}",0.23137651523384978,1079.8133630874038,1.273762006210879
SpectralClustering,"{'n_clusters': 12, 'affinity': 'nearest_neighbors', 'assign_labels': 'cluster_qr', 'random_state': 123, 'n_neighbors': 5}",0.23137651523384978,1079.8133630874038,1.273762006210879
SpectralClustering,"{'n_clusters': 12, 'affinity': 'nearest_neighbors', 'assign_labels': 'cluster_qr', 'random_state': 456, 'n_neighbors': 5}",0.23137651523384978,1079.8133630874038,1.273762006210879
SpectralClustering,"{'n_clusters': 12, 'affinity': 'nearest_neighbors', 'assign_labels': 'cluster_qr', 'random_state': 789, 'n_neighbors': 5}",0.23137651523384978,1079.8133630874038,1.273762006210879
SpectralClustering,"{'n_clusters': 12, 'affinity': 'nearest_neighbors', 'assign_labels': 'cluster_qr', 'random_state': 1011, 'n_neighbors': 5}",0.23137651523384978,1079.8133630874038,1.273762006210879
SpectralClustering,"{'n_clusters': 12, 'affinity': 'nearest_neighbors', 'assign_labels': 'cluster_qr', 'random_state': 2022, 'n_neighbors': 5}",0.23137651523384978,1079.8133630874038,1.273762006210879
SpectralClustering,"{'n_clusters': 12, 'affinity': 'nearest_neighbors', 'assign_labels': 'cluster_qr', 'random_state': 3033, 'n_neighbors': 5}",0.23137651523384978,1079.8133630874038,1.273762006210879
SpectralClustering,"{'n_clusters': 12, 'affinity': 'nearest_neighbors', 'assign_labels': 'cluster_qr', 'random_state': 4044, 'n_neighbors': 5}",0.23137651523384978,1079.8133630874038,1.273762006210879
SpectralClustering,"{'n_clusters': 12, 'affinity': 'nearest_neighbors', 'assign_labels': 'cluster_qr', 'random_state': 5055, 'n_neighbors': 5}",0.23137651523384978,1079.8133630874038,1.273762006210879
SpectralClustering,"{'n_clusters': 12, 'affinity': 'nearest_neighbors', 'assign_labels': 'cluster_qr', 'random_state': 6066, 'n_neighbors': 5}",0.23137651523384978,1079.8133630874038,1.273762006210879
SpectralClustering,"{'n_clusters': 12, 'affinity': 'nearest_neighbors', 'assign_labels': 'kmeans', 'random_state': 42, 'n_neighbors': 10}",0.22278688945433564,1077.21323749149,1.1425221917053399
SpectralClustering,"{'n_clusters': 12, 'affinity': 'nearest_neighbors', 'assign_labels': 'kmeans', 'random_state': 123, 'n_neighbors': 10}",0.22271251023854174,1076.9996431069512,1.1428739035541113
SpectralClustering,"{'n_clusters': 12, 'affinity': 'nearest_neighbors', 'assign_labels': 'kmeans', 'random_state': 456, 'n_neighbors': 10}",0.2220336665167483,1075.1561994279905,1.1417837586150188
SpectralClustering,"{'n_clusters': 12, 'affinity': 'nearest_neighbors', 'assign_labels': 'kmeans', 'random_state': 789, 'n_neighbors': 10}",0.22205916082772076,1075.1648487556972,1.141696348158945
SpectralClustering,"{'n_clusters': 12, 'affinity': 'nearest_neighbors', 'assign_labels': 'kmeans', 'random_state': 1011, 'n_neighbors': 10}",0.22228985488842906,1076.3937321675926,1.142659633371814
SpectralClustering,"{'n_clusters': 12, 'affinity': 'nearest_neighbors', 'assign_labels': 'kmeans', 'random_state': 2022, 'n_neighbors': 10}",0.22228985488842906,1076.3937321675926,1.142659633371814
SpectralClustering,"{'n_clusters': 12, 'affinity': 'nearest_neighbors', 'assign_labels': 'kmeans', 'random_state': 3033, 'n_neighbors': 10}",0.2220336665167483,1075.1561994279905,1.1417837586150184
SpectralClustering,"{'n_clusters': 12, 'affinity': 'nearest_neighbors', 'assign_labels': 'kmeans', 'random_state': 4044, 'n_neighbors': 10}",0.22200370398124225,1075.1649905574936,1.1418670214835256
SpectralClustering,"{'n_clusters': 12, 'affinity': 'nearest_neighbors', 'assign_labels': 'kmeans', 'random_state': 5055, 'n_neighbors': 10}",0.22292488413857148,1077.3027203378979,1.1419329059458625
SpectralClustering,"{'n_clusters': 12, 'affinity': 'nearest_neighbors', 'assign_labels': 'kmeans', 'random_state': 6066, 'n_neighbors': 10}",0.22228985488842906,1076.3937321675926,1.1426596333718138
SpectralClustering,"{'n_clusters': 12, 'affinity': 'nearest_neighbors', 'assign_labels': 'discretize', 'random_state': 42, 'n_neighbors': 10}",0.22949470873632033,1094.2742399084048,1.1220099460025887
SpectralClustering,"{'n_clusters': 12, 'affinity': 'nearest_neighbors', 'assign_labels': 'discretize', 'random_state': 123, 'n_neighbors': 10}",0.22591124733166315,1086.8880206261433,1.1714340873254285
SpectralClustering,"{'n_clusters': 12, 'affinity': 'nearest_neighbors', 'assign_labels': 'discretize', 'random_state': 456, 'n_neighbors': 10}",0.22853592671823275,1092.56665807601,1.1249599990729067
SpectralClustering,"{'n_clusters': 12, 'affinity': 'nearest_neighbors', 'assign_labels': 'discretize', 'random_state': 789, 'n_neighbors': 10}",0.22861863779035105,1092.7585431261205,1.1454980930797032
SpectralClustering,"{'n_clusters': 12, 'affinity': 'nearest_neighbors', 'assign_labels': 'discretize', 'random_state': 1011, 'n_neighbors': 10}",0.22955859446831664,1095.4986573427311,1.1221495602819853
SpectralClustering,"{'n_clusters': 12, 'affinity': 'nearest_neighbors', 'assign_labels': 'discretize', 'random_state': 2022, 'n_neighbors': 10}",0.22845929394969794,1092.2722723690838,1.1457744964078385
SpectralClustering,"{'n_clusters': 12, 'affinity': 'nearest_neighbors', 'assign_labels': 'discretize', 'random_state': 3033, 'n_neighbors': 10}",0.2293111278244009,1095.9079459200823,1.1223187346701293
SpectralClustering,"{'n_clusters': 12, 'affinity': 'nearest_neighbors', 'assign_labels': 'discretize', 'random_state': 4044, 'n_neighbors': 10}",0.22989587610033607,1100.3339334954444,1.1230904134861064
SpectralClustering,"{'n_clusters': 12, 'affinity': 'nearest_neighbors', 'assign_labels': 'discretize', 'random_state': 5055, 'n_neighbors': 10}",0.2293111278244009,1095.9079459200825,1.122318734670129
SpectralClustering,"{'n_clusters': 12, 'affinity': 'nearest_neighbors', 'assign_labels': 'discretize', 'random_state': 6066, 'n_neighbors': 10}",0.22870535287585472,1091.8651955548655,1.1456053220196947
SpectralClustering,"{'n_clusters': 12, 'affinity': 'nearest_neighbors', 'assign_labels': 'cluster_qr', 'random_state': 42, 'n_neighbors': 10}",0.22766858948468321,1086.4867486918558,1.1432301128459235
SpectralClustering,"{'n_clusters': 12, 'affinity': 'nearest_neighbors', 'assign_labels': 'cluster_qr', 'random_state': 123, 'n_neighbors': 10}",0.22766858948468321,1086.4867486918558,1.1432301128459235
SpectralClustering,"{'n_clusters': 12, 'affinity': 'nearest_neighbors', 'assign_labels': 'cluster_qr', 'random_state': 456, 'n_neighbors': 10}",0.22766858948468321,1086.4867486918558,1.1432301128459235
SpectralClustering,"{'n_clusters': 12, 'affinity': 'nearest_neighbors', 'assign_labels': 'cluster_qr', 'random_state': 789, 'n_neighbors': 10}",0.22766858948468321,1086.4867486918558,1.1432301128459235
SpectralClustering,"{'n_clusters': 12, 'affinity': 'nearest_neighbors', 'assign_labels': 'cluster_qr', 'random_state': 1011, 'n_neighbors': 10}",0.22766858948468321,1086.4867486918558,1.1432301128459235
SpectralClustering,"{'n_clusters': 12, 'affinity': 'nearest_neighbors', 'assign_labels': 'cluster_qr', 'random_state': 2022, 'n_neighbors': 10}",0.22766858948468321,1086.4867486918558,1.1432301128459235
SpectralClustering,"{'n_clusters': 12, 'affinity': 'nearest_neighbors', 'assign_labels': 'cluster_qr', 'random_state': 3033, 'n_neighbors': 10}",0.22766858948468321,1086.4867486918558,1.1432301128459235
SpectralClustering,"{'n_clusters': 12, 'affinity': 'nearest_neighbors', 'assign_labels': 'cluster_qr', 'random_state': 4044, 'n_neighbors': 10}",0.22766858948468321,1086.4867486918558,1.1432301128459235
SpectralClustering,"{'n_clusters': 12, 'affinity': 'nearest_neighbors', 'assign_labels': 'cluster_qr', 'random_state': 5055, 'n_neighbors': 10}",0.22766858948468321,1086.4867486918558,1.1432301128459235
SpectralClustering,"{'n_clusters': 12, 'affinity': 'nearest_neighbors', 'assign_labels': 'cluster_qr', 'random_state': 6066, 'n_neighbors': 10}",0.22766858948468321,1086.4867486918558,1.1432301128459235
SpectralClustering,"{'n_clusters': 12, 'affinity': 'nearest_neighbors', 'assign_labels': 'kmeans', 'random_state': 42, 'n_neighbors': 15}",0.22380879265132358,1061.2630419536044,1.1441873888298668
SpectralClustering,"{'n_clusters': 12, 'affinity': 'nearest_neighbors', 'assign_labels': 'kmeans', 'random_state': 123, 'n_neighbors': 15}",0.22375955142177745,1061.3999276292877,1.1444857351952191
SpectralClustering,"{'n_clusters': 12, 'affinity': 'nearest_neighbors', 'assign_labels': 'kmeans', 'random_state': 456, 'n_neighbors': 15}",0.22375793633222207,1064.2177809458174,1.1442268876855968
SpectralClustering,"{'n_clusters': 12, 'affinity': 'nearest_neighbors', 'assign_labels': 'kmeans', 'random_state': 789, 'n_neighbors': 15}",0.2236797805639546,1061.1293972098872,1.144412794447024
SpectralClustering,"{'n_clusters': 12, 'affinity': 'nearest_neighbors', 'assign_labels': 'kmeans', 'random_state': 1011, 'n_neighbors': 15}",0.2236797805639546,1061.129397209887,1.1444127944470237
SpectralClustering,"{'n_clusters': 12, 'affinity': 'nearest_neighbors', 'assign_labels': 'kmeans', 'random_state': 2022, 'n_neighbors': 15}",0.2237556540028002,1062.6039584912749,1.143725201763848
SpectralClustering,"{'n_clusters': 12, 'affinity': 'nearest_neighbors', 'assign_labels': 'kmeans', 'random_state': 3033, 'n_neighbors': 15}",0.22148661145698784,1068.2989834294194,1.1768314489044507
SpectralClustering,"{'n_clusters': 12, 'affinity': 'nearest_neighbors', 'assign_labels': 'kmeans', 'random_state': 4044, 'n_neighbors': 15}",0.2212565764661878,1068.6124799219278,1.1775140855481936
SpectralClustering,"{'n_clusters': 12, 'affinity': 'nearest_neighbors', 'assign_labels': 'kmeans', 'random_state': 5055, 'n_neighbors': 15}",0.22373742349594927,1064.0807106866478,1.1443712580040037
SpectralClustering,"{'n_clusters': 12, 'affinity': 'nearest_neighbors', 'assign_labels': 'kmeans', 'random_state': 6066, 'n_neighbors': 15}",0.22373742349594927,1064.0807106866478,1.1443712580040037
SpectralClustering,"{'n_clusters': 12, 'affinity': 'nearest_neighbors', 'assign_labels': 'discretize', 'random_state': 42, 'n_neighbors': 15}",0.225980962651362,1091.188461399511,1.1644043226150913
SpectralClustering,"{'n_clusters': 12, 'affinity': 'nearest_neighbors', 'assign_labels': 'discretize', 'random_state': 123, 'n_neighbors': 15}",0.23217896867882803,1107.061982875299,1.1119153563556745
SpectralClustering,"{'n_clusters': 12, 'affinity': 'nearest_neighbors', 'assign_labels': 'discretize', 'random_state': 456, 'n_neighbors': 15}",0.23171146350608568,1104.1482833743833,1.112384954268528
SpectralClustering,"{'n_clusters': 12, 'affinity': 'nearest_neighbors', 'assign_labels': 'discretize', 'random_state': 789, 'n_neighbors': 15}",0.225871188011958,1089.638713084491,1.1534065994077056
SpectralClustering,"{'n_clusters': 12, 'affinity': 'nearest_neighbors', 'assign_labels': 'discretize', 'random_state': 1011, 'n_neighbors': 15}",0.2260936456962464,1090.3658179402737,1.1635127630902258
SpectralClustering,"{'n_clusters': 12, 'affinity': 'nearest_neighbors', 'assign_labels': 'discretize', 'random_state': 2022, 'n_neighbors': 15}",0.2260936456962464,1090.3658179402732,1.163512763090226
SpectralClustering,"{'n_clusters': 12, 'affinity': 'nearest_neighbors', 'assign_labels': 'discretize', 'random_state': 3033, 'n_neighbors': 15}",0.23178853102398356,1105.7590773594038,1.1136503082654456
SpectralClustering,"{'n_clusters': 12, 'affinity': 'nearest_neighbors', 'assign_labels': 'discretize', 'random_state': 4044, 'n_neighbors': 15}",0.23077728202084163,1101.4178312771808,1.111181566329968
SpectralClustering,"{'n_clusters': 12, 'affinity': 'nearest_neighbors', 'assign_labels': 'discretize', 'random_state': 5055, 'n_neighbors': 15}",0.22202356863700168,1078.7909669014855,1.160709334536738
SpectralClustering,"{'n_clusters': 12, 'affinity': 'nearest_neighbors', 'assign_labels': 'discretize', 'random_state': 6066, 'n_neighbors': 15}",0.22637749870879242,1075.979896919125,1.1608313750086043
SpectralClustering,"{'n_clusters': 12, 'affinity': 'nearest_neighbors', 'assign_labels': 'cluster_qr', 'random_state': 42, 'n_neighbors': 15}",0.22930853299413936,1084.8520222220234,1.1954885802527677
SpectralClustering,"{'n_clusters': 12, 'affinity': 'nearest_neighbors', 'assign_labels': 'cluster_qr', 'random_state': 123, 'n_neighbors': 15}",0.22930853299413936,1084.8520222220234,1.1954885802527677
SpectralClustering,"{'n_clusters': 12, 'affinity': 'nearest_neighbors', 'assign_labels': 'cluster_qr', 'random_state': 456, 'n_neighbors': 15}",0.22930853299413936,1084.8520222220234,1.1954885802527677
SpectralClustering,"{'n_clusters': 12, 'affinity': 'nearest_neighbors', 'assign_labels': 'cluster_qr', 'random_state': 789, 'n_neighbors': 15}",0.22930853299413936,1084.8520222220234,1.1954885802527677
SpectralClustering,"{'n_clusters': 12, 'affinity': 'nearest_neighbors', 'assign_labels': 'cluster_qr', 'random_state': 1011, 'n_neighbors': 15}",0.22930853299413936,1084.8520222220234,1.1954885802527677
SpectralClustering,"{'n_clusters': 12, 'affinity': 'nearest_neighbors', 'assign_labels': 'cluster_qr', 'random_state': 2022, 'n_neighbors': 15}",0.22930853299413936,1084.8520222220234,1.1954885802527677
SpectralClustering,"{'n_clusters': 12, 'affinity': 'nearest_neighbors', 'assign_labels': 'cluster_qr', 'random_state': 3033, 'n_neighbors': 15}",0.22930853299413936,1084.8520222220234,1.1954885802527677
SpectralClustering,"{'n_clusters': 12, 'affinity': 'nearest_neighbors', 'assign_labels': 'cluster_qr', 'random_state': 4044, 'n_neighbors': 15}",0.22930853299413936,1084.8520222220234,1.1954885802527677
SpectralClustering,"{'n_clusters': 12, 'affinity': 'nearest_neighbors', 'assign_labels': 'cluster_qr', 'random_state': 5055, 'n_neighbors': 15}",0.22930853299413936,1084.8520222220234,1.1954885802527677
SpectralClustering,"{'n_clusters': 12, 'affinity': 'nearest_neighbors', 'assign_labels': 'cluster_qr', 'random_state': 6066, 'n_neighbors': 15}",0.22930853299413936,1084.8520222220234,1.1954885802527677
SpectralClustering,"{'n_clusters': 12, 'affinity': 'nearest_neighbors', 'assign_labels': 'kmeans', 'random_state': 42, 'n_neighbors': 20}",0.22547207353827023,1078.0611371735774,1.1206096305920001
SpectralClustering,"{'n_clusters': 12, 'affinity': 'nearest_neighbors', 'assign_labels': 'kmeans', 'random_state': 123, 'n_neighbors': 20}",0.2247803267694456,1066.9974301025052,1.1129201505966773
SpectralClustering,"{'n_clusters': 12, 'affinity': 'nearest_neighbors', 'assign_labels': 'kmeans', 'random_state': 456, 'n_neighbors': 20}",0.22119015421170748,1050.4629232588431,1.1415558943906476
SpectralClustering,"{'n_clusters': 12, 'affinity': 'nearest_neighbors', 'assign_labels': 'kmeans', 'random_state': 789, 'n_neighbors': 20}",0.2253345778844391,1076.8760183456534,1.1209964379762982
SpectralClustering,"{'n_clusters': 12, 'affinity': 'nearest_neighbors', 'assign_labels': 'kmeans', 'random_state': 1011, 'n_neighbors': 20}",0.2240111780709557,1064.1607411271339,1.1104916472720345
SpectralClustering,"{'n_clusters': 12, 'affinity': 'nearest_neighbors', 'assign_labels': 'kmeans', 'random_state': 2022, 'n_neighbors': 20}",0.22499944424363552,1067.6384880220612,1.1144791265095975
SpectralClustering,"{'n_clusters': 12, 'affinity': 'nearest_neighbors', 'assign_labels': 'kmeans', 'random_state': 3033, 'n_neighbors': 20}",0.2241427012927401,1065.6099239585017,1.1115918452734213
SpectralClustering,"{'n_clusters': 12, 'affinity': 'nearest_neighbors', 'assign_labels': 'kmeans', 'random_state': 4044, 'n_neighbors': 20}",0.22402727829546137,1063.945470020559,1.11236146734284
SpectralClustering,"{'n_clusters': 12, 'affinity': 'nearest_neighbors', 'assign_labels': 'kmeans', 'random_state': 5055, 'n_neighbors': 20}",0.22551699071805184,1077.0733328500178,1.1205695140838337
SpectralClustering,"{'n_clusters': 12, 'affinity': 'nearest_neighbors', 'assign_labels': 'kmeans', 'random_state': 6066, 'n_neighbors': 20}",0.2240111780709557,1064.1607411271339,1.1104916472720345
SpectralClustering,"{'n_clusters': 12, 'affinity': 'nearest_neighbors', 'assign_labels': 'discretize', 'random_state': 42, 'n_neighbors': 20}",0.22283576855767132,1075.4235806821387,1.1995458183581322
SpectralClustering,"{'n_clusters': 12, 'affinity': 'nearest_neighbors', 'assign_labels': 'discretize', 'random_state': 123, 'n_neighbors': 20}",0.2312109300670926,1102.689295343284,1.1085741329189276
SpectralClustering,"{'n_clusters': 12, 'affinity': 'nearest_neighbors', 'assign_labels': 'discretize', 'random_state': 456, 'n_neighbors': 20}",0.23097066726670343,1106.0126561883117,1.1085520399811486
SpectralClustering,"{'n_clusters': 12, 'affinity': 'nearest_neighbors', 'assign_labels': 'discretize', 'random_state': 789, 'n_neighbors': 20}",0.22145643528511164,1072.2726772788224,1.2113509834398728
SpectralClustering,"{'n_clusters': 12, 'affinity': 'nearest_neighbors', 'assign_labels': 'discretize', 'random_state': 1011, 'n_neighbors': 20}",0.22457486872994467,1083.2855109065524,1.1641774858552918
SpectralClustering,"{'n_clusters': 12, 'affinity': 'nearest_neighbors', 'assign_labels': 'discretize', 'random_state': 2022, 'n_neighbors': 20}",0.22498921446184983,1083.7588575024652,1.1630648909247825
SpectralClustering,"{'n_clusters': 12, 'affinity': 'nearest_neighbors', 'assign_labels': 'discretize', 'random_state': 3033, 'n_neighbors': 20}",0.23207416089011565,1109.2833415330842,1.1207123589483692
SpectralClustering,"{'n_clusters': 12, 'affinity': 'nearest_neighbors', 'assign_labels': 'discretize', 'random_state': 4044, 'n_neighbors': 20}",0.2317117561324958,1108.0633572891177,1.1103017799949024
SpectralClustering,"{'n_clusters': 12, 'affinity': 'nearest_neighbors', 'assign_labels': 'discretize', 'random_state': 5055, 'n_neighbors': 20}",0.22145643528511164,1072.2726772788224,1.2113509834398728
SpectralClustering,"{'n_clusters': 12, 'affinity': 'nearest_neighbors', 'assign_labels': 'discretize', 'random_state': 6066, 'n_neighbors': 20}",0.2315340992332711,1107.2701086146221,1.1098884793314123
SpectralClustering,"{'n_clusters': 12, 'affinity': 'nearest_neighbors', 'assign_labels': 'cluster_qr', 'random_state': 42, 'n_neighbors': 20}",0.2309484311024387,1091.206122905203,1.1381897366781681
SpectralClustering,"{'n_clusters': 12, 'affinity': 'nearest_neighbors', 'assign_labels': 'cluster_qr', 'random_state': 123, 'n_neighbors': 20}",0.2309484311024387,1091.206122905203,1.1381897366781681
SpectralClustering,"{'n_clusters': 12, 'affinity': 'nearest_neighbors', 'assign_labels': 'cluster_qr', 'random_state': 456, 'n_neighbors': 20}",0.2309484311024387,1091.206122905203,1.1381897366781681
SpectralClustering,"{'n_clusters': 12, 'affinity': 'nearest_neighbors', 'assign_labels': 'cluster_qr', 'random_state': 789, 'n_neighbors': 20}",0.2309484311024387,1091.206122905203,1.1381897366781681
SpectralClustering,"{'n_clusters': 12, 'affinity': 'nearest_neighbors', 'assign_labels': 'cluster_qr', 'random_state': 1011, 'n_neighbors': 20}",0.2309484311024387,1091.206122905203,1.1381897366781681
SpectralClustering,"{'n_clusters': 12, 'affinity': 'nearest_neighbors', 'assign_labels': 'cluster_qr', 'random_state': 2022, 'n_neighbors': 20}",0.2309484311024387,1091.206122905203,1.1381897366781681
SpectralClustering,"{'n_clusters': 12, 'affinity': 'nearest_neighbors', 'assign_labels': 'cluster_qr', 'random_state': 3033, 'n_neighbors': 20}",0.2309484311024387,1091.206122905203,1.1381897366781681
SpectralClustering,"{'n_clusters': 12, 'affinity': 'nearest_neighbors', 'assign_labels': 'cluster_qr', 'random_state': 4044, 'n_neighbors': 20}",0.2309484311024387,1091.206122905203,1.1381897366781681
SpectralClustering,"{'n_clusters': 12, 'affinity': 'nearest_neighbors', 'assign_labels': 'cluster_qr', 'random_state': 5055, 'n_neighbors': 20}",0.2309484311024387,1091.206122905203,1.1381897366781681
SpectralClustering,"{'n_clusters': 12, 'affinity': 'nearest_neighbors', 'assign_labels': 'cluster_qr', 'random_state': 6066, 'n_neighbors': 20}",0.2309484311024387,1091.206122905203,1.1381897366781681
SpectralClustering,"{'n_clusters': 12, 'affinity': 'nearest_neighbors', 'assign_labels': 'kmeans', 'random_state': 42, 'n_neighbors': 50}",0.2350920735233833,1123.9019401279984,1.1542571158255244
SpectralClustering,"{'n_clusters': 12, 'affinity': 'nearest_neighbors', 'assign_labels': 'kmeans', 'random_state': 123, 'n_neighbors': 50}",0.2350920735233833,1123.9019401279986,1.1542571158255244
SpectralClustering,"{'n_clusters': 12, 'affinity': 'nearest_neighbors', 'assign_labels': 'kmeans', 'random_state': 456, 'n_neighbors': 50}",0.235052521655511,1123.721926772144,1.1537268095843363
SpectralClustering,"{'n_clusters': 12, 'affinity': 'nearest_neighbors', 'assign_labels': 'kmeans', 'random_state': 789, 'n_neighbors': 50}",0.235052521655511,1123.721926772144,1.1537268095843363
SpectralClustering,"{'n_clusters': 12, 'affinity': 'nearest_neighbors', 'assign_labels': 'kmeans', 'random_state': 1011, 'n_neighbors': 50}",0.2348401785652358,1123.598647706987,1.1545443106848368
SpectralClustering,"{'n_clusters': 12, 'affinity': 'nearest_neighbors', 'assign_labels': 'kmeans', 'random_state': 2022, 'n_neighbors': 50}",0.2348797281392416,1123.7786286973587,1.1550746169260246
SpectralClustering,"{'n_clusters': 12, 'affinity': 'nearest_neighbors', 'assign_labels': 'kmeans', 'random_state': 3033, 'n_neighbors': 50}",0.2346182584541361,1122.8072141632804,1.154324620417972
SpectralClustering,"{'n_clusters': 12, 'affinity': 'nearest_neighbors', 'assign_labels': 'kmeans', 'random_state': 4044, 'n_neighbors': 50}",0.235052521655511,1123.721926772144,1.153726809584336
SpectralClustering,"{'n_clusters': 12, 'affinity': 'nearest_neighbors', 'assign_labels': 'kmeans', 'random_state': 5055, 'n_neighbors': 50}",0.23489048991865058,1123.7602377951323,1.1550822826709712
SpectralClustering,"{'n_clusters': 12, 'affinity': 'nearest_neighbors', 'assign_labels': 'kmeans', 'random_state': 6066, 'n_neighbors': 50}",0.2279070798013556,1100.2734520425508,1.1636769489269858
SpectralClustering,"{'n_clusters': 12, 'affinity': 'nearest_neighbors', 'assign_labels': 'discretize', 'random_state': 42, 'n_neighbors': 50}",0.23449563625636402,1129.9655822638326,1.1521709209345272
SpectralClustering,"{'n_clusters': 12, 'affinity': 'nearest_neighbors', 'assign_labels': 'discretize', 'random_state': 123, 'n_neighbors': 50}",0.23264976672616636,1129.6092204334925,1.1488648403059247
SpectralClustering,"{'n_clusters': 12, 'affinity': 'nearest_neighbors', 'assign_labels': 'discretize', 'random_state': 456, 'n_neighbors': 50}",0.23372062306412816,1129.5172150966416,1.1512533665419746
SpectralClustering,"{'n_clusters': 12, 'affinity': 'nearest_neighbors', 'assign_labels': 'discretize', 'random_state': 789, 'n_neighbors': 50}",0.23449563625636402,1129.9655822638329,1.1521709209345274
SpectralClustering,"{'n_clusters': 12, 'affinity': 'nearest_neighbors', 'assign_labels': 'discretize', 'random_state': 1011, 'n_neighbors': 50}",0.22225565252199947,1105.9385177230854,1.1691947845913482
SpectralClustering,"{'n_clusters': 12, 'affinity': 'nearest_neighbors', 'assign_labels': 'discretize', 'random_state': 2022, 'n_neighbors': 50}",0.2346695990170439,1131.0720232830136,1.1523201671012295
SpectralClustering,"{'n_clusters': 12, 'affinity': 'nearest_neighbors', 'assign_labels': 'discretize', 'random_state': 3033, 'n_neighbors': 50}",0.23382824560118617,1129.3536875258965,1.1514638558904664
SpectralClustering,"{'n_clusters': 12, 'affinity': 'nearest_neighbors', 'assign_labels': 'discretize', 'random_state': 4044, 'n_neighbors': 50}",0.23469511384493258,1130.1204873712331,1.1526278148868883
SpectralClustering,"{'n_clusters': 12, 'affinity': 'nearest_neighbors', 'assign_labels': 'discretize', 'random_state': 5055, 'n_neighbors': 50}",0.23478913497733736,1130.9304605490686,1.1528041597382888
SpectralClustering,"{'n_clusters': 12, 'affinity': 'nearest_neighbors', 'assign_labels': 'discretize', 'random_state': 6066, 'n_neighbors': 50}",0.2222632371853909,1103.4772453407131,1.167102238780083
SpectralClustering,"{'n_clusters': 12, 'affinity': 'nearest_neighbors', 'assign_labels': 'cluster_qr', 'random_state': 42, 'n_neighbors': 50}",0.20925441615465895,1069.097227411107,1.2379513268435889
SpectralClustering,"{'n_clusters': 12, 'affinity': 'nearest_neighbors', 'assign_labels': 'cluster_qr', 'random_state': 123, 'n_neighbors': 50}",0.20925441615465895,1069.097227411107,1.2379513268435889
SpectralClustering,"{'n_clusters': 12, 'affinity': 'nearest_neighbors', 'assign_labels': 'cluster_qr', 'random_state': 456, 'n_neighbors': 50}",0.20925441615465895,1069.097227411107,1.2379513268435889
SpectralClustering,"{'n_clusters': 12, 'affinity': 'nearest_neighbors', 'assign_labels': 'cluster_qr', 'random_state': 789, 'n_neighbors': 50}",0.20925441615465895,1069.097227411107,1.2379513268435889
SpectralClustering,"{'n_clusters': 12, 'affinity': 'nearest_neighbors', 'assign_labels': 'cluster_qr', 'random_state': 1011, 'n_neighbors': 50}",0.20925441615465895,1069.097227411107,1.2379513268435889
SpectralClustering,"{'n_clusters': 12, 'affinity': 'nearest_neighbors', 'assign_labels': 'cluster_qr', 'random_state': 2022, 'n_neighbors': 50}",0.20925441615465895,1069.097227411107,1.2379513268435889
SpectralClustering,"{'n_clusters': 12, 'affinity': 'nearest_neighbors', 'assign_labels': 'cluster_qr', 'random_state': 3033, 'n_neighbors': 50}",0.20925441615465895,1069.097227411107,1.2379513268435889
SpectralClustering,"{'n_clusters': 12, 'affinity': 'nearest_neighbors', 'assign_labels': 'cluster_qr', 'random_state': 4044, 'n_neighbors': 50}",0.20925441615465895,1069.097227411107,1.2379513268435889
SpectralClustering,"{'n_clusters': 12, 'affinity': 'nearest_neighbors', 'assign_labels': 'cluster_qr', 'random_state': 5055, 'n_neighbors': 50}",0.20925441615465895,1069.097227411107,1.2379513268435889
SpectralClustering,"{'n_clusters': 12, 'affinity': 'nearest_neighbors', 'assign_labels': 'cluster_qr', 'random_state': 6066, 'n_neighbors': 50}",0.20925441615465895,1069.097227411107,1.2379513268435889
SpectralClustering,"{'n_clusters': 12, 'affinity': 'nearest_neighbors', 'assign_labels': 'kmeans', 'random_state': 42, 'n_neighbors': 100}",0.2336534959528902,1127.995565045039,1.1442854190825058
SpectralClustering,"{'n_clusters': 12, 'affinity': 'nearest_neighbors', 'assign_labels': 'kmeans', 'random_state': 123, 'n_neighbors': 100}",0.23334825371975473,1126.8742861344017,1.1435519061109913
SpectralClustering,"{'n_clusters': 12, 'affinity': 'nearest_neighbors', 'assign_labels': 'kmeans', 'random_state': 456, 'n_neighbors': 100}",0.23313255003989702,1127.449019314291,1.1444789791787071
SpectralClustering,"{'n_clusters': 12, 'affinity': 'nearest_neighbors', 'assign_labels': 'kmeans', 'random_state': 789, 'n_neighbors': 100}",0.23306996553492712,1128.2583080207519,1.1462505152634672
SpectralClustering,"{'n_clusters': 12, 'affinity': 'nearest_neighbors', 'assign_labels': 'kmeans', 'random_state': 1011, 'n_neighbors': 100}",0.23317159301925353,1128.3851008720696,1.1465367690264605
SpectralClustering,"{'n_clusters': 12, 'affinity': 'nearest_neighbors', 'assign_labels': 'kmeans', 'random_state': 2022, 'n_neighbors': 100}",0.23334134131589282,1128.1125825138126,1.1452793519028512
SpectralClustering,"{'n_clusters': 12, 'affinity': 'nearest_neighbors', 'assign_labels': 'kmeans', 'random_state': 3033, 'n_neighbors': 100}",0.2334183069755172,1126.6008643515333,1.1436161867286678
SpectralClustering,"{'n_clusters': 12, 'affinity': 'nearest_neighbors', 'assign_labels': 'kmeans', 'random_state': 4044, 'n_neighbors': 100}",0.23317159301925353,1128.3851008720694,1.1465367690264605
SpectralClustering,"{'n_clusters': 12, 'affinity': 'nearest_neighbors', 'assign_labels': 'kmeans', 'random_state': 5055, 'n_neighbors': 100}",0.23313255003989702,1127.4490193142908,1.144478979178707
SpectralClustering,"{'n_clusters': 12, 'affinity': 'nearest_neighbors', 'assign_labels': 'kmeans', 'random_state': 6066, 'n_neighbors': 100}",0.2336534959528902,1127.995565045039,1.1442854190825056
SpectralClustering,"{'n_clusters': 12, 'affinity': 'nearest_neighbors', 'assign_labels': 'discretize', 'random_state': 42, 'n_neighbors': 100}",0.23686845687569172,1139.7407348201646,1.1386057141959365
SpectralClustering,"{'n_clusters': 12, 'affinity': 'nearest_neighbors', 'assign_labels': 'discretize', 'random_state': 123, 'n_neighbors': 100}",0.2363957374092461,1138.397989823575,1.1402363489605307
SpectralClustering,"{'n_clusters': 12, 'affinity': 'nearest_neighbors', 'assign_labels': 'discretize', 'random_state': 456, 'n_neighbors': 100}",0.23575634427590134,1138.2106573817182,1.1423334910577079
SpectralClustering,"{'n_clusters': 12, 'affinity': 'nearest_neighbors', 'assign_labels': 'discretize', 'random_state': 789, 'n_neighbors': 100}",0.23809226640909126,1140.6130353516298,1.1258554023647929
SpectralClustering,"{'n_clusters': 12, 'affinity': 'nearest_neighbors', 'assign_labels': 'discretize', 'random_state': 1011, 'n_neighbors': 100}",0.23809226640909126,1140.6130353516298,1.1258554023647929
SpectralClustering,"{'n_clusters': 12, 'affinity': 'nearest_neighbors', 'assign_labels': 'discretize', 'random_state': 2022, 'n_neighbors': 100}",0.23809226640909126,1140.6130353516298,1.1258554023647929
SpectralClustering,"{'n_clusters': 12, 'affinity': 'nearest_neighbors', 'assign_labels': 'discretize', 'random_state': 3033, 'n_neighbors': 100}",0.23601039068634969,1138.3928473206447,1.143071860958997
SpectralClustering,"{'n_clusters': 12, 'affinity': 'nearest_neighbors', 'assign_labels': 'discretize', 'random_state': 4044, 'n_neighbors': 100}",0.23280077832914753,1129.7130413872874,1.154712417426771
SpectralClustering,"{'n_clusters': 12, 'affinity': 'nearest_neighbors', 'assign_labels': 'discretize', 'random_state': 5055, 'n_neighbors': 100}",0.2331845163461814,1130.2874915342989,1.150076106753603
SpectralClustering,"{'n_clusters': 12, 'affinity': 'nearest_neighbors', 'assign_labels': 'discretize', 'random_state': 6066, 'n_neighbors': 100}",0.23809226640909126,1140.6130353516298,1.1258554023647929
SpectralClustering,"{'n_clusters': 12, 'affinity': 'nearest_neighbors', 'assign_labels': 'cluster_qr', 'random_state': 42, 'n_neighbors': 100}",0.23029668034942868,1098.030136121384,1.232891070119743
SpectralClustering,"{'n_clusters': 12, 'affinity': 'nearest_neighbors', 'assign_labels': 'cluster_qr', 'random_state': 123, 'n_neighbors': 100}",0.23029668034942868,1098.030136121384,1.232891070119743
SpectralClustering,"{'n_clusters': 12, 'affinity': 'nearest_neighbors', 'assign_labels': 'cluster_qr', 'random_state': 456, 'n_neighbors': 100}",0.23029668034942868,1098.030136121384,1.232891070119743
SpectralClustering,"{'n_clusters': 12, 'affinity': 'nearest_neighbors', 'assign_labels': 'cluster_qr', 'random_state': 789, 'n_neighbors': 100}",0.23029668034942868,1098.030136121384,1.232891070119743
SpectralClustering,"{'n_clusters': 12, 'affinity': 'nearest_neighbors', 'assign_labels': 'cluster_qr', 'random_state': 1011, 'n_neighbors': 100}",0.23029668034942868,1098.030136121384,1.232891070119743
SpectralClustering,"{'n_clusters': 12, 'affinity': 'nearest_neighbors', 'assign_labels': 'cluster_qr', 'random_state': 2022, 'n_neighbors': 100}",0.23029668034942868,1098.030136121384,1.232891070119743
SpectralClustering,"{'n_clusters': 12, 'affinity': 'nearest_neighbors', 'assign_labels': 'cluster_qr', 'random_state': 3033, 'n_neighbors': 100}",0.23029668034942868,1098.030136121384,1.232891070119743
SpectralClustering,"{'n_clusters': 12, 'affinity': 'nearest_neighbors', 'assign_labels': 'cluster_qr', 'random_state': 4044, 'n_neighbors': 100}",0.23029668034942868,1098.030136121384,1.232891070119743
SpectralClustering,"{'n_clusters': 12, 'affinity': 'nearest_neighbors', 'assign_labels': 'cluster_qr', 'random_state': 5055, 'n_neighbors': 100}",0.23029668034942868,1098.030136121384,1.232891070119743
SpectralClustering,"{'n_clusters': 12, 'affinity': 'nearest_neighbors', 'assign_labels': 'cluster_qr', 'random_state': 6066, 'n_neighbors': 100}",0.23029668034942868,1098.030136121384,1.232891070119743
SpectralClustering,"{'n_clusters': 12, 'affinity': 'polynomial', 'assign_labels': 'kmeans', 'random_state': 42}",0.02929766036612076,152.03330093744017,1.227724226269894
SpectralClustering,"{'n_clusters': 12, 'affinity': 'polynomial', 'assign_labels': 'kmeans', 'random_state': 123}",0.02613081301543047,154.7433098631525,1.2431703575481716
SpectralClustering,"{'n_clusters': 12, 'affinity': 'polynomial', 'assign_labels': 'kmeans', 'random_state': 456}",0.0305203581864095,154.88347877202662,1.254786870145745
SpectralClustering,"{'n_clusters': 12, 'affinity': 'polynomial', 'assign_labels': 'kmeans', 'random_state': 789}",0.03327641723887186,153.04019186221788,1.2393020956165817
SpectralClustering,"{'n_clusters': 12, 'affinity': 'polynomial', 'assign_labels': 'kmeans', 'random_state': 1011}",0.030358762438936017,150.79932288899383,1.2477710351778983
SpectralClustering,"{'n_clusters': 12, 'affinity': 'polynomial', 'assign_labels': 'kmeans', 'random_state': 2022}",0.03243810749259933,154.96767618556356,1.258299649010557
SpectralClustering,"{'n_clusters': 12, 'affinity': 'polynomial', 'assign_labels': 'kmeans', 'random_state': 3033}",0.03155212853733833,151.09635225511482,1.2308959373396078
SpectralClustering,"{'n_clusters': 12, 'affinity': 'polynomial', 'assign_labels': 'kmeans', 'random_state': 4044}",0.027823016300325413,157.14614014068925,1.2649401109188771
SpectralClustering,"{'n_clusters': 12, 'affinity': 'polynomial', 'assign_labels': 'kmeans', 'random_state': 5055}",0.0274527822096803,150.02646162866836,1.2696773912136512
SpectralClustering,"{'n_clusters': 12, 'affinity': 'polynomial', 'assign_labels': 'kmeans', 'random_state': 6066}",0.038173187975736565,158.85562779942762,1.3189715365595371
SpectralClustering,"{'n_clusters': 12, 'affinity': 'polynomial', 'assign_labels': 'discretize', 'random_state': 42}",0.2264260792710404,876.6496317084043,1.110490424502024
SpectralClustering,"{'n_clusters': 12, 'affinity': 'polynomial', 'assign_labels': 'discretize', 'random_state': 123}",0.2204070369052232,888.7242903137958,1.1324177847696408
SpectralClustering,"{'n_clusters': 12, 'affinity': 'polynomial', 'assign_labels': 'discretize', 'random_state': 456}",0.21267855754498619,866.5274039966605,1.1363420926746552
SpectralClustering,"{'n_clusters': 12, 'affinity': 'polynomial', 'assign_labels': 'discretize', 'random_state': 789}",0.18973167269995153,866.9497927464203,1.1659250972086685
SpectralClustering,"{'n_clusters': 12, 'affinity': 'polynomial', 'assign_labels': 'discretize', 'random_state': 1011}",0.22028602335877506,908.497452101583,1.1247787456456555
SpectralClustering,"{'n_clusters': 12, 'affinity': 'polynomial', 'assign_labels': 'discretize', 'random_state': 2022}",0.24284636660192538,945.4232186010333,1.1393609355271124
SpectralClustering,"{'n_clusters': 12, 'affinity': 'polynomial', 'assign_labels': 'discretize', 'random_state': 3033}",0.21196666820928806,904.3403324608189,1.1289825854127866
SpectralClustering,"{'n_clusters': 12, 'affinity': 'polynomial', 'assign_labels': 'discretize', 'random_state': 4044}",0.2325832984061341,924.5100660786222,1.1569528087291001
SpectralClustering,"{'n_clusters': 12, 'affinity': 'polynomial', 'assign_labels': 'discretize', 'random_state': 5055}",0.21245563755206714,905.5430436929033,1.129859901250737
SpectralClustering,"{'n_clusters': 12, 'affinity': 'polynomial', 'assign_labels': 'discretize', 'random_state': 6066}",0.22224755820636377,899.9421200257815,1.112407578796853
SpectralClustering,"{'n_clusters': 12, 'affinity': 'polynomial', 'assign_labels': 'cluster_qr', 'random_state': 42}",0.1862020948429654,801.4019874296902,1.242387565803327
SpectralClustering,"{'n_clusters': 12, 'affinity': 'polynomial', 'assign_labels': 'cluster_qr', 'random_state': 123}",0.1862020948429654,801.4019874296902,1.242387565803327
SpectralClustering,"{'n_clusters': 12, 'affinity': 'polynomial', 'assign_labels': 'cluster_qr', 'random_state': 456}",0.1862020948429654,801.4019874296902,1.242387565803327
SpectralClustering,"{'n_clusters': 12, 'affinity': 'polynomial', 'assign_labels': 'cluster_qr', 'random_state': 789}",0.1862020948429654,801.4019874296902,1.242387565803327
SpectralClustering,"{'n_clusters': 12, 'affinity': 'polynomial', 'assign_labels': 'cluster_qr', 'random_state': 1011}",0.1862020948429654,801.4019874296902,1.242387565803327
SpectralClustering,"{'n_clusters': 12, 'affinity': 'polynomial', 'assign_labels': 'cluster_qr', 'random_state': 2022}",0.1862020948429654,801.4019874296902,1.242387565803327
SpectralClustering,"{'n_clusters': 12, 'affinity': 'polynomial', 'assign_labels': 'cluster_qr', 'random_state': 3033}",0.1862020948429654,801.4019874296902,1.242387565803327
SpectralClustering,"{'n_clusters': 12, 'affinity': 'polynomial', 'assign_labels': 'cluster_qr', 'random_state': 4044}",0.1862020948429654,801.4019874296902,1.242387565803327
SpectralClustering,"{'n_clusters': 12, 'affinity': 'polynomial', 'assign_labels': 'cluster_qr', 'random_state': 5055}",0.1862020948429654,801.4019874296902,1.242387565803327
SpectralClustering,"{'n_clusters': 12, 'affinity': 'polynomial', 'assign_labels': 'cluster_qr', 'random_state': 6066}",0.1862020948429654,801.4019874296902,1.242387565803327
SpectralClustering,"{'n_clusters': 12, 'affinity': 'poly', 'assign_labels': 'kmeans', 'random_state': 42}",0.02929766036612076,152.03330093744017,1.227724226269894
SpectralClustering,"{'n_clusters': 12, 'affinity': 'poly', 'assign_labels': 'kmeans', 'random_state': 123}",0.02613081301543047,154.7433098631525,1.2431703575481716
SpectralClustering,"{'n_clusters': 12, 'affinity': 'poly', 'assign_labels': 'kmeans', 'random_state': 456}",0.0305203581864095,154.88347877202662,1.254786870145745
SpectralClustering,"{'n_clusters': 12, 'affinity': 'poly', 'assign_labels': 'kmeans', 'random_state': 789}",0.03327641723887186,153.04019186221788,1.2393020956165817
SpectralClustering,"{'n_clusters': 12, 'affinity': 'poly', 'assign_labels': 'kmeans', 'random_state': 1011}",0.030358762438936017,150.79932288899383,1.2477710351778983
SpectralClustering,"{'n_clusters': 12, 'affinity': 'poly', 'assign_labels': 'kmeans', 'random_state': 2022}",0.03243810749259933,154.96767618556356,1.258299649010557
SpectralClustering,"{'n_clusters': 12, 'affinity': 'poly', 'assign_labels': 'kmeans', 'random_state': 3033}",0.03155212853733833,151.09635225511482,1.2308959373396078
SpectralClustering,"{'n_clusters': 12, 'affinity': 'poly', 'assign_labels': 'kmeans', 'random_state': 4044}",0.027823016300325413,157.14614014068925,1.2649401109188771
SpectralClustering,"{'n_clusters': 12, 'affinity': 'poly', 'assign_labels': 'kmeans', 'random_state': 5055}",0.0274527822096803,150.02646162866836,1.2696773912136512
SpectralClustering,"{'n_clusters': 12, 'affinity': 'poly', 'assign_labels': 'kmeans', 'random_state': 6066}",0.038173187975736565,158.85562779942762,1.3189715365595371
SpectralClustering,"{'n_clusters': 12, 'affinity': 'poly', 'assign_labels': 'discretize', 'random_state': 42}",0.2264260792710404,876.6496317084043,1.110490424502024
SpectralClustering,"{'n_clusters': 12, 'affinity': 'poly', 'assign_labels': 'discretize', 'random_state': 123}",0.2204070369052232,888.7242903137958,1.1324177847696408
SpectralClustering,"{'n_clusters': 12, 'affinity': 'poly', 'assign_labels': 'discretize', 'random_state': 456}",0.21267855754498619,866.5274039966605,1.1363420926746552
SpectralClustering,"{'n_clusters': 12, 'affinity': 'poly', 'assign_labels': 'discretize', 'random_state': 789}",0.18973167269995153,866.9497927464203,1.1659250972086685
SpectralClustering,"{'n_clusters': 12, 'affinity': 'poly', 'assign_labels': 'discretize', 'random_state': 1011}",0.22028602335877506,908.497452101583,1.1247787456456555
SpectralClustering,"{'n_clusters': 12, 'affinity': 'poly', 'assign_labels': 'discretize', 'random_state': 2022}",0.24284636660192538,945.4232186010333,1.1393609355271124
SpectralClustering,"{'n_clusters': 12, 'affinity': 'poly', 'assign_labels': 'discretize', 'random_state': 3033}",0.21196666820928806,904.3403324608189,1.1289825854127866
SpectralClustering,"{'n_clusters': 12, 'affinity': 'poly', 'assign_labels': 'discretize', 'random_state': 4044}",0.2325832984061341,924.5100660786222,1.1569528087291001
SpectralClustering,"{'n_clusters': 12, 'affinity': 'poly', 'assign_labels': 'discretize', 'random_state': 5055}",0.21245563755206714,905.5430436929033,1.129859901250737
SpectralClustering,"{'n_clusters': 12, 'affinity': 'poly', 'assign_labels': 'discretize', 'random_state': 6066}",0.22224755820636377,899.9421200257815,1.112407578796853
SpectralClustering,"{'n_clusters': 12, 'affinity': 'poly', 'assign_labels': 'cluster_qr', 'random_state': 42}",0.1862020948429654,801.4019874296902,1.242387565803327
SpectralClustering,"{'n_clusters': 12, 'affinity': 'poly', 'assign_labels': 'cluster_qr', 'random_state': 123}",0.1862020948429654,801.4019874296902,1.242387565803327
SpectralClustering,"{'n_clusters': 12, 'affinity': 'poly', 'assign_labels': 'cluster_qr', 'random_state': 456}",0.1862020948429654,801.4019874296902,1.242387565803327
SpectralClustering,"{'n_clusters': 12, 'affinity': 'poly', 'assign_labels': 'cluster_qr', 'random_state': 789}",0.1862020948429654,801.4019874296902,1.242387565803327
SpectralClustering,"{'n_clusters': 12, 'affinity': 'poly', 'assign_labels': 'cluster_qr', 'random_state': 1011}",0.1862020948429654,801.4019874296902,1.242387565803327
SpectralClustering,"{'n_clusters': 12, 'affinity': 'poly', 'assign_labels': 'cluster_qr', 'random_state': 2022}",0.1862020948429654,801.4019874296902,1.242387565803327
SpectralClustering,"{'n_clusters': 12, 'affinity': 'poly', 'assign_labels': 'cluster_qr', 'random_state': 3033}",0.1862020948429654,801.4019874296902,1.242387565803327
SpectralClustering,"{'n_clusters': 12, 'affinity': 'poly', 'assign_labels': 'cluster_qr', 'random_state': 4044}",0.1862020948429654,801.4019874296902,1.242387565803327
SpectralClustering,"{'n_clusters': 12, 'affinity': 'poly', 'assign_labels': 'cluster_qr', 'random_state': 5055}",0.1862020948429654,801.4019874296902,1.242387565803327
SpectralClustering,"{'n_clusters': 12, 'affinity': 'poly', 'assign_labels': 'cluster_qr', 'random_state': 6066}",0.1862020948429654,801.4019874296902,1.242387565803327
SpectralClustering,"{'n_clusters': 12, 'affinity': 'sigmoid', 'assign_labels': 'kmeans', 'random_state': 42}",0.07136693999412541,307.63482751203935,3.314334091756441
SpectralClustering,"{'n_clusters': 12, 'affinity': 'sigmoid', 'assign_labels': 'kmeans', 'random_state': 123}",0.07438641169541399,272.44109315945474,3.728894501672279
SpectralClustering,"{'n_clusters': 12, 'affinity': 'sigmoid', 'assign_labels': 'kmeans', 'random_state': 456}",0.07255194990174804,276.0532966615496,4.733700480058437
SpectralClustering,"{'n_clusters': 12, 'affinity': 'sigmoid', 'assign_labels': 'kmeans', 'random_state': 789}",0.06686811050204719,273.80205113830635,4.124495411809016
SpectralClustering,"{'n_clusters': 12, 'affinity': 'sigmoid', 'assign_labels': 'kmeans', 'random_state': 1011}",0.0676436272915062,276.4995565258565,4.202485006912132
SpectralClustering,"{'n_clusters': 12, 'affinity': 'sigmoid', 'assign_labels': 'kmeans', 'random_state': 2022}",0.0758340467058675,328.17997027189523,2.3401906536243953
SpectralClustering,"{'n_clusters': 12, 'affinity': 'sigmoid', 'assign_labels': 'kmeans', 'random_state': 3033}",0.06696171128802739,283.81692683923006,4.140394322974937
SpectralClustering,"{'n_clusters': 12, 'affinity': 'sigmoid', 'assign_labels': 'kmeans', 'random_state': 4044}",0.071667001281297,282.65116337552274,4.215117110812663
SpectralClustering,"{'n_clusters': 12, 'affinity': 'sigmoid', 'assign_labels': 'kmeans', 'random_state': 5055}",0.07634138074973748,273.9403679528798,3.970014090786058
SpectralClustering,"{'n_clusters': 12, 'affinity': 'sigmoid', 'assign_labels': 'kmeans', 'random_state': 6066}",0.07192885396867991,311.33918817845426,3.7061612149148697
SpectralClustering,"{'n_clusters': 12, 'affinity': 'sigmoid', 'assign_labels': 'discretize', 'random_state': 42}",0.04278930758007866,219.2729730640517,5.459412443092834
SpectralClustering,"{'n_clusters': 12, 'affinity': 'sigmoid', 'assign_labels': 'discretize', 'random_state': 123}",0.006110307058753039,179.38099160408066,4.8034641949882735
SpectralClustering,"{'n_clusters': 12, 'affinity': 'sigmoid', 'assign_labels': 'discretize', 'random_state': 456}",0.029108732042979382,209.06744899632776,4.511725067834866
SpectralClustering,"{'n_clusters': 12, 'affinity': 'sigmoid', 'assign_labels': 'discretize', 'random_state': 789}",0.030141065030226132,191.73337517341196,3.759293335243108
SpectralClustering,"{'n_clusters': 12, 'affinity': 'sigmoid', 'assign_labels': 'discretize', 'random_state': 1011}",0.02390400211109498,207.62273234998662,5.308372753696633
SpectralClustering,"{'n_clusters': 12, 'affinity': 'sigmoid', 'assign_labels': 'discretize', 'random_state': 2022}",0.013537804032530269,189.06476702487805,5.8385412144156055
SpectralClustering,"{'n_clusters': 12, 'affinity': 'sigmoid', 'assign_labels': 'discretize', 'random_state': 3033}",0.03651647652491064,209.44843620190505,5.133468951415872
SpectralClustering,"{'n_clusters': 12, 'affinity': 'sigmoid', 'assign_labels': 'discretize', 'random_state': 4044}",0.0035244454184897717,186.3614590002187,4.8470200618284585
SpectralClustering,"{'n_clusters': 12, 'affinity': 'sigmoid', 'assign_labels': 'discretize', 'random_state': 5055}",0.02133653281512935,201.30480953471164,4.882389810889753
SpectralClustering,"{'n_clusters': 12, 'affinity': 'sigmoid', 'assign_labels': 'discretize', 'random_state': 6066}",0.03327485356041751,217.07032608872115,4.53062594196907
SpectralClustering,"{'n_clusters': 12, 'affinity': 'sigmoid', 'assign_labels': 'cluster_qr', 'random_state': 42}",-0.09660832327152592,62.000525389402945,6.483538384318863
SpectralClustering,"{'n_clusters': 12, 'affinity': 'sigmoid', 'assign_labels': 'cluster_qr', 'random_state': 123}",-0.09660832327152592,62.000525389402945,6.483538384318863
SpectralClustering,"{'n_clusters': 12, 'affinity': 'sigmoid', 'assign_labels': 'cluster_qr', 'random_state': 456}",-0.09660832327152592,62.000525389402945,6.483538384318863
SpectralClustering,"{'n_clusters': 12, 'affinity': 'sigmoid', 'assign_labels': 'cluster_qr', 'random_state': 789}",-0.09660832327152592,62.000525389402945,6.483538384318863
SpectralClustering,"{'n_clusters': 12, 'affinity': 'sigmoid', 'assign_labels': 'cluster_qr', 'random_state': 1011}",-0.09660832327152592,62.000525389402945,6.483538384318863
SpectralClustering,"{'n_clusters': 12, 'affinity': 'sigmoid', 'assign_labels': 'cluster_qr', 'random_state': 2022}",-0.09660832327152592,62.000525389402945,6.483538384318863
SpectralClustering,"{'n_clusters': 12, 'affinity': 'sigmoid', 'assign_labels': 'cluster_qr', 'random_state': 3033}",-0.09660832327152592,62.000525389402945,6.483538384318863
SpectralClustering,"{'n_clusters': 12, 'affinity': 'sigmoid', 'assign_labels': 'cluster_qr', 'random_state': 4044}",-0.09660832327152592,62.000525389402945,6.483538384318863
SpectralClustering,"{'n_clusters': 12, 'affinity': 'sigmoid', 'assign_labels': 'cluster_qr', 'random_state': 5055}",-0.09660832327152592,62.000525389402945,6.483538384318863
SpectralClustering,"{'n_clusters': 12, 'affinity': 'sigmoid', 'assign_labels': 'cluster_qr', 'random_state': 6066}",-0.09660832327152592,62.000525389402945,6.483538384318863
