algorithm,options,silhouette_score,calinski_harabasz_score,davies_bouldin_score
KMeans,"{'n_clusters': 5, 'init': 'k-means++', 'algorithm': 'lloyd', 'random_state': 42}",0.3153201587680116,1001.3190745131819,1.0798958178271778
KMeans,"{'n_clusters': 5, 'init': 'k-means++', 'algorithm': 'lloyd', 'random_state': 123}",0.3153201587680116,1001.3190745131819,1.0798958178271776
KMeans,"{'n_clusters': 5, 'init': 'k-means++', 'algorithm': 'lloyd', 'random_state': 456}",0.3153201587680116,1001.3190745131819,1.0798958178271778
KMeans,"{'n_clusters': 5, 'init': 'k-means++', 'algorithm': 'lloyd', 'random_state': 789}",0.3153201587680116,1001.3190745131818,1.0798958178271778
KMeans,"{'n_clusters': 5, 'init': 'k-means++', 'algorithm': 'lloyd', 'random_state': 1011}",0.3153201587680116,1001.3190745131818,1.0798958178271778
KMeans,"{'n_clusters': 5, 'init': 'k-means++', 'algorithm': 'lloyd', 'random_state': 2022}",0.3153201587680116,1001.3190745131818,1.0798958178271778
KMeans,"{'n_clusters': 5, 'init': 'k-means++', 'algorithm': 'lloyd', 'random_state': 3033}",0.33624310345099284,938.1704293632229,1.2383612400876856
KMeans,"{'n_clusters': 5, 'init': 'k-means++', 'algorithm': 'lloyd', 'random_state': 4044}",0.3153201587680116,1001.3190745131816,1.0798958178271778
KMeans,"{'n_clusters': 5, 'init': 'k-means++', 'algorithm': 'lloyd', 'random_state': 5055}",0.3153201587680116,1001.3190745131818,1.0798958178271778
KMeans,"{'n_clusters': 5, 'init': 'k-means++', 'algorithm': 'lloyd', 'random_state': 6066}",0.3153201587680116,1001.3190745131819,1.0798958178271778
KMeans,"{'n_clusters': 5, 'init': 'k-means++', 'algorithm': 'elkan', 'random_state': 42}",0.3153201587680116,1001.3190745131819,1.0798958178271778
KMeans,"{'n_clusters': 5, 'init': 'k-means++', 'algorithm': 'elkan', 'random_state': 123}",0.3153201587680116,1001.3190745131819,1.0798958178271776
KMeans,"{'n_clusters': 5, 'init': 'k-means++', 'algorithm': 'elkan', 'random_state': 456}",0.3153201587680116,1001.3190745131819,1.0798958178271778
KMeans,"{'n_clusters': 5, 'init': 'k-means++', 'algorithm': 'elkan', 'random_state': 789}",0.3153201587680116,1001.3190745131818,1.0798958178271778
KMeans,"{'n_clusters': 5, 'init': 'k-means++', 'algorithm': 'elkan', 'random_state': 1011}",0.3153201587680116,1001.3190745131818,1.0798958178271778
KMeans,"{'n_clusters': 5, 'init': 'k-means++', 'algorithm': 'elkan', 'random_state': 2022}",0.3153201587680116,1001.3190745131818,1.0798958178271778
KMeans,"{'n_clusters': 5, 'init': 'k-means++', 'algorithm': 'elkan', 'random_state': 3033}",0.33624310345099284,938.1704293632229,1.2383612400876856
KMeans,"{'n_clusters': 5, 'init': 'k-means++', 'algorithm': 'elkan', 'random_state': 4044}",0.3153201587680116,1001.3190745131816,1.0798958178271778
KMeans,"{'n_clusters': 5, 'init': 'k-means++', 'algorithm': 'elkan', 'random_state': 5055}",0.3153201587680116,1001.3190745131818,1.0798958178271778
KMeans,"{'n_clusters': 5, 'init': 'k-means++', 'algorithm': 'elkan', 'random_state': 6066}",0.3153201587680116,1001.3190745131819,1.0798958178271778
KMeans,"{'n_clusters': 5, 'init': 'random', 'algorithm': 'lloyd', 'random_state': 42}",0.3153201587680116,1001.3190745131818,1.0798958178271778
KMeans,"{'n_clusters': 5, 'init': 'random', 'algorithm': 'lloyd', 'random_state': 123}",0.3153201587680116,1001.3190745131818,1.0798958178271778
KMeans,"{'n_clusters': 5, 'init': 'random', 'algorithm': 'lloyd', 'random_state': 456}",0.3153201587680116,1001.3190745131818,1.0798958178271776
KMeans,"{'n_clusters': 5, 'init': 'random', 'algorithm': 'lloyd', 'random_state': 789}",0.3153201587680116,1001.3190745131818,1.0798958178271778
KMeans,"{'n_clusters': 5, 'init': 'random', 'algorithm': 'lloyd', 'random_state': 1011}",0.3153201587680116,1001.3190745131816,1.0798958178271776
KMeans,"{'n_clusters': 5, 'init': 'random', 'algorithm': 'lloyd', 'random_state': 2022}",0.3153201587680116,1001.3190745131819,1.0798958178271778
KMeans,"{'n_clusters': 5, 'init': 'random', 'algorithm': 'lloyd', 'random_state': 3033}",0.3153201587680116,1001.3190745131819,1.0798958178271778
KMeans,"{'n_clusters': 5, 'init': 'random', 'algorithm': 'lloyd', 'random_state': 4044}",0.3153201587680116,1001.3190745131818,1.0798958178271778
KMeans,"{'n_clusters': 5, 'init': 'random', 'algorithm': 'lloyd', 'random_state': 5055}",0.3153201587680116,1001.3190745131819,1.0798958178271778
KMeans,"{'n_clusters': 5, 'init': 'random', 'algorithm': 'lloyd', 'random_state': 6066}",0.3153201587680116,1001.3190745131818,1.0798958178271778
KMeans,"{'n_clusters': 5, 'init': 'random', 'algorithm': 'elkan', 'random_state': 42}",0.3153201587680116,1001.3190745131818,1.0798958178271778
KMeans,"{'n_clusters': 5, 'init': 'random', 'algorithm': 'elkan', 'random_state': 123}",0.3153201587680116,1001.3190745131818,1.0798958178271778
KMeans,"{'n_clusters': 5, 'init': 'random', 'algorithm': 'elkan', 'random_state': 456}",0.3153201587680116,1001.3190745131818,1.0798958178271776
KMeans,"{'n_clusters': 5, 'init': 'random', 'algorithm': 'elkan', 'random_state': 789}",0.3153201587680116,1001.3190745131818,1.0798958178271778
KMeans,"{'n_clusters': 5, 'init': 'random', 'algorithm': 'elkan', 'random_state': 1011}",0.3153201587680116,1001.3190745131816,1.0798958178271776
KMeans,"{'n_clusters': 5, 'init': 'random', 'algorithm': 'elkan', 'random_state': 2022}",0.3153201587680116,1001.3190745131819,1.0798958178271778
KMeans,"{'n_clusters': 5, 'init': 'random', 'algorithm': 'elkan', 'random_state': 3033}",0.3153201587680116,1001.3190745131819,1.0798958178271778
KMeans,"{'n_clusters': 5, 'init': 'random', 'algorithm': 'elkan', 'random_state': 4044}",0.3153201587680116,1001.3190745131818,1.0798958178271778
KMeans,"{'n_clusters': 5, 'init': 'random', 'algorithm': 'elkan', 'random_state': 5055}",0.3153201587680116,1001.3190745131819,1.0798958178271778
KMeans,"{'n_clusters': 5, 'init': 'random', 'algorithm': 'elkan', 'random_state': 6066}",0.3153201587680116,1001.3190745131818,1.0798958178271778
KMeans,"{'n_clusters': 6, 'init': 'k-means++', 'algorithm': 'lloyd', 'random_state': 42}",0.3254500160864375,938.6075879808395,1.1281698534072682
KMeans,"{'n_clusters': 6, 'init': 'k-means++', 'algorithm': 'lloyd', 'random_state': 123}",0.3255248810106596,938.6157883068496,1.1286238501434915
KMeans,"{'n_clusters': 6, 'init': 'k-means++', 'algorithm': 'lloyd', 'random_state': 456}",0.3275109157545067,973.4384377850633,1.1585920673002157
KMeans,"{'n_clusters': 6, 'init': 'k-means++', 'algorithm': 'lloyd', 'random_state': 789}",0.3273463872701553,973.5407115094497,1.1649829302339307
KMeans,"{'n_clusters': 6, 'init': 'k-means++', 'algorithm': 'lloyd', 'random_state': 1011}",0.3274246940101488,973.4700235119892,1.1607380260007503
KMeans,"{'n_clusters': 6, 'init': 'k-means++', 'algorithm': 'lloyd', 'random_state': 2022}",0.32554370267808475,938.616159627582,1.1285340818244323
KMeans,"{'n_clusters': 6, 'init': 'k-means++', 'algorithm': 'lloyd', 'random_state': 3033}",0.3273463872701553,973.5407115094496,1.1649829302339307
KMeans,"{'n_clusters': 6, 'init': 'k-means++', 'algorithm': 'lloyd', 'random_state': 4044}",0.3273463872701553,973.5407115094496,1.1649829302339307
KMeans,"{'n_clusters': 6, 'init': 'k-means++', 'algorithm': 'lloyd', 'random_state': 5055}",0.3273463872701553,973.5407115094496,1.1649829302339305
KMeans,"{'n_clusters': 6, 'init': 'k-means++', 'algorithm': 'lloyd', 'random_state': 6066}",0.3273463872701553,973.5407115094496,1.1649829302339307
KMeans,"{'n_clusters': 6, 'init': 'k-means++', 'algorithm': 'elkan', 'random_state': 42}",0.3254500160864375,938.6075879808395,1.1281698534072682
KMeans,"{'n_clusters': 6, 'init': 'k-means++', 'algorithm': 'elkan', 'random_state': 123}",0.3255248810106596,938.6157883068496,1.1286238501434915
KMeans,"{'n_clusters': 6, 'init': 'k-means++', 'algorithm': 'elkan', 'random_state': 456}",0.3275109157545067,973.4384377850633,1.1585920673002157
KMeans,"{'n_clusters': 6, 'init': 'k-means++', 'algorithm': 'elkan', 'random_state': 789}",0.3273463872701553,973.5407115094497,1.1649829302339307
KMeans,"{'n_clusters': 6, 'init': 'k-means++', 'algorithm': 'elkan', 'random_state': 1011}",0.3274246940101488,973.4700235119892,1.1607380260007503
KMeans,"{'n_clusters': 6, 'init': 'k-means++', 'algorithm': 'elkan', 'random_state': 2022}",0.32554370267808475,938.616159627582,1.1285340818244323
KMeans,"{'n_clusters': 6, 'init': 'k-means++', 'algorithm': 'elkan', 'random_state': 3033}",0.3273463872701553,973.5407115094496,1.1649829302339307
KMeans,"{'n_clusters': 6, 'init': 'k-means++', 'algorithm': 'elkan', 'random_state': 4044}",0.3273463872701553,973.5407115094496,1.1649829302339307
KMeans,"{'n_clusters': 6, 'init': 'k-means++', 'algorithm': 'elkan', 'random_state': 5055}",0.3273463872701553,973.5407115094496,1.1649829302339305
KMeans,"{'n_clusters': 6, 'init': 'k-means++', 'algorithm': 'elkan', 'random_state': 6066}",0.3273463872701553,973.5407115094496,1.1649829302339307
KMeans,"{'n_clusters': 6, 'init': 'random', 'algorithm': 'lloyd', 'random_state': 42}",0.3273463872701553,973.5407115094494,1.1649829302339307
KMeans,"{'n_clusters': 6, 'init': 'random', 'algorithm': 'lloyd', 'random_state': 123}",0.3273463872701553,973.5407115094495,1.1649829302339307
KMeans,"{'n_clusters': 6, 'init': 'random', 'algorithm': 'lloyd', 'random_state': 456}",0.3273463872701553,973.5407115094496,1.1649829302339307
KMeans,"{'n_clusters': 6, 'init': 'random', 'algorithm': 'lloyd', 'random_state': 789}",0.32554370267808475,938.6161596275821,1.1285340818244323
KMeans,"{'n_clusters': 6, 'init': 'random', 'algorithm': 'lloyd', 'random_state': 1011}",0.3255388261226557,938.6171148976586,1.1282026645037724
KMeans,"{'n_clusters': 6, 'init': 'random', 'algorithm': 'lloyd', 'random_state': 2022}",0.3273463872701553,973.5407115094495,1.1649829302339307
KMeans,"{'n_clusters': 6, 'init': 'random', 'algorithm': 'lloyd', 'random_state': 3033}",0.3274246940101488,973.4700235119891,1.1607380260007503
KMeans,"{'n_clusters': 6, 'init': 'random', 'algorithm': 'lloyd', 'random_state': 4044}",0.3273463872701553,973.5407115094495,1.1649829302339307
KMeans,"{'n_clusters': 6, 'init': 'random', 'algorithm': 'lloyd', 'random_state': 5055}",0.3273463872701553,973.5407115094495,1.1649829302339307
KMeans,"{'n_clusters': 6, 'init': 'random', 'algorithm': 'lloyd', 'random_state': 6066}",0.3255198679392586,938.6160236271846,1.1282934468035286
KMeans,"{'n_clusters': 6, 'init': 'random', 'algorithm': 'elkan', 'random_state': 42}",0.3273463872701553,973.5407115094494,1.1649829302339307
KMeans,"{'n_clusters': 6, 'init': 'random', 'algorithm': 'elkan', 'random_state': 123}",0.3273463872701553,973.5407115094495,1.1649829302339307
KMeans,"{'n_clusters': 6, 'init': 'random', 'algorithm': 'elkan', 'random_state': 456}",0.3273463872701553,973.5407115094496,1.1649829302339307
KMeans,"{'n_clusters': 6, 'init': 'random', 'algorithm': 'elkan', 'random_state': 789}",0.32554370267808475,938.6161596275821,1.1285340818244323
KMeans,"{'n_clusters': 6, 'init': 'random', 'algorithm': 'elkan', 'random_state': 1011}",0.3255388261226557,938.6171148976586,1.1282026645037724
KMeans,"{'n_clusters': 6, 'init': 'random', 'algorithm': 'elkan', 'random_state': 2022}",0.3273463872701553,973.5407115094495,1.1649829302339307
KMeans,"{'n_clusters': 6, 'init': 'random', 'algorithm': 'elkan', 'random_state': 3033}",0.3274246940101488,973.4700235119891,1.1607380260007503
KMeans,"{'n_clusters': 6, 'init': 'random', 'algorithm': 'elkan', 'random_state': 4044}",0.3273463872701553,973.5407115094495,1.1649829302339307
KMeans,"{'n_clusters': 6, 'init': 'random', 'algorithm': 'elkan', 'random_state': 5055}",0.3273463872701553,973.5407115094495,1.1649829302339307
KMeans,"{'n_clusters': 6, 'init': 'random', 'algorithm': 'elkan', 'random_state': 6066}",0.3255198679392586,938.6160236271846,1.1282934468035286
KMeans,"{'n_clusters': 7, 'init': 'k-means++', 'algorithm': 'lloyd', 'random_state': 42}",0.26775231563540564,858.8715636012253,1.1984814041750464
KMeans,"{'n_clusters': 7, 'init': 'k-means++', 'algorithm': 'lloyd', 'random_state': 123}",0.3355247487407286,941.3035675348463,1.182585407634633
KMeans,"{'n_clusters': 7, 'init': 'k-means++', 'algorithm': 'lloyd', 'random_state': 456}",0.33554314020652815,941.3265023763746,1.1812914757537516
KMeans,"{'n_clusters': 7, 'init': 'k-means++', 'algorithm': 'lloyd', 'random_state': 789}",0.3354384381516326,941.3056759150179,1.1859356568815527
KMeans,"{'n_clusters': 7, 'init': 'k-means++', 'algorithm': 'lloyd', 'random_state': 1011}",0.33554314020652815,941.3265023763746,1.1812914757537516
KMeans,"{'n_clusters': 7, 'init': 'k-means++', 'algorithm': 'lloyd', 'random_state': 2022}",0.2679276671418613,858.6948357630386,1.1916590271107173
KMeans,"{'n_clusters': 7, 'init': 'k-means++', 'algorithm': 'lloyd', 'random_state': 3033}",0.26911127904301174,895.1844898551587,1.232215403877823
KMeans,"{'n_clusters': 7, 'init': 'k-means++', 'algorithm': 'lloyd', 'random_state': 4044}",0.3354384381516326,941.3056759150179,1.1859356568815527
KMeans,"{'n_clusters': 7, 'init': 'k-means++', 'algorithm': 'lloyd', 'random_state': 5055}",0.26911127904301174,895.1844898551587,1.232215403877823
KMeans,"{'n_clusters': 7, 'init': 'k-means++', 'algorithm': 'lloyd', 'random_state': 6066}",0.33939782064418345,914.160393594195,1.1652949751422363
KMeans,"{'n_clusters': 7, 'init': 'k-means++', 'algorithm': 'elkan', 'random_state': 42}",0.26775231563540564,858.8715636012253,1.1984814041750464
KMeans,"{'n_clusters': 7, 'init': 'k-means++', 'algorithm': 'elkan', 'random_state': 123}",0.3355247487407286,941.3035675348463,1.182585407634633
KMeans,"{'n_clusters': 7, 'init': 'k-means++', 'algorithm': 'elkan', 'random_state': 456}",0.33554314020652815,941.3265023763746,1.1812914757537516
KMeans,"{'n_clusters': 7, 'init': 'k-means++', 'algorithm': 'elkan', 'random_state': 789}",0.3354384381516326,941.3056759150179,1.1859356568815527
KMeans,"{'n_clusters': 7, 'init': 'k-means++', 'algorithm': 'elkan', 'random_state': 1011}",0.33554314020652815,941.3265023763746,1.1812914757537516
KMeans,"{'n_clusters': 7, 'init': 'k-means++', 'algorithm': 'elkan', 'random_state': 2022}",0.2679276671418613,858.6948357630386,1.1916590271107173
KMeans,"{'n_clusters': 7, 'init': 'k-means++', 'algorithm': 'elkan', 'random_state': 3033}",0.26911127904301174,895.1844898551587,1.232215403877823
KMeans,"{'n_clusters': 7, 'init': 'k-means++', 'algorithm': 'elkan', 'random_state': 4044}",0.3354384381516326,941.3056759150179,1.1859356568815527
KMeans,"{'n_clusters': 7, 'init': 'k-means++', 'algorithm': 'elkan', 'random_state': 5055}",0.26911127904301174,895.1844898551587,1.232215403877823
KMeans,"{'n_clusters': 7, 'init': 'k-means++', 'algorithm': 'elkan', 'random_state': 6066}",0.33939782064418345,914.160393594195,1.1652949751422363
KMeans,"{'n_clusters': 7, 'init': 'random', 'algorithm': 'lloyd', 'random_state': 42}",0.3354776439820909,941.3497319775041,1.1839819677525931
KMeans,"{'n_clusters': 7, 'init': 'random', 'algorithm': 'lloyd', 'random_state': 123}",0.3354384381516326,941.3056759150181,1.1859356568815527
KMeans,"{'n_clusters': 7, 'init': 'random', 'algorithm': 'lloyd', 'random_state': 456}",0.335427562692584,941.2880942036954,1.1859841379188123
KMeans,"{'n_clusters': 7, 'init': 'random', 'algorithm': 'lloyd', 'random_state': 789}",0.3354776439820909,941.3497319775039,1.1839819677525927
KMeans,"{'n_clusters': 7, 'init': 'random', 'algorithm': 'lloyd', 'random_state': 1011}",0.3354776439820909,941.3497319775041,1.1839819677525931
KMeans,"{'n_clusters': 7, 'init': 'random', 'algorithm': 'lloyd', 'random_state': 2022}",0.33945912941448847,914.1651265361326,1.1653349718016197
KMeans,"{'n_clusters': 7, 'init': 'random', 'algorithm': 'lloyd', 'random_state': 3033}",0.3354776439820909,941.3497319775041,1.1839819677525931
KMeans,"{'n_clusters': 7, 'init': 'random', 'algorithm': 'lloyd', 'random_state': 4044}",0.3354776439820909,941.3497319775043,1.1839819677525927
KMeans,"{'n_clusters': 7, 'init': 'random', 'algorithm': 'lloyd', 'random_state': 5055}",0.3354384381516326,941.3056759150177,1.185935656881553
KMeans,"{'n_clusters': 7, 'init': 'random', 'algorithm': 'lloyd', 'random_state': 6066}",0.26588850566877753,895.174313495966,1.2339181819700005
KMeans,"{'n_clusters': 7, 'init': 'random', 'algorithm': 'elkan', 'random_state': 42}",0.3354776439820909,941.3497319775041,1.1839819677525931
KMeans,"{'n_clusters': 7, 'init': 'random', 'algorithm': 'elkan', 'random_state': 123}",0.3354384381516326,941.3056759150181,1.1859356568815527
KMeans,"{'n_clusters': 7, 'init': 'random', 'algorithm': 'elkan', 'random_state': 456}",0.335427562692584,941.2880942036954,1.1859841379188123
KMeans,"{'n_clusters': 7, 'init': 'random', 'algorithm': 'elkan', 'random_state': 789}",0.3354776439820909,941.3497319775039,1.1839819677525927
KMeans,"{'n_clusters': 7, 'init': 'random', 'algorithm': 'elkan', 'random_state': 1011}",0.3354776439820909,941.3497319775041,1.1839819677525931
KMeans,"{'n_clusters': 7, 'init': 'random', 'algorithm': 'elkan', 'random_state': 2022}",0.33945912941448847,914.1651265361326,1.1653349718016197
KMeans,"{'n_clusters': 7, 'init': 'random', 'algorithm': 'elkan', 'random_state': 3033}",0.3354776439820909,941.3497319775041,1.1839819677525931
KMeans,"{'n_clusters': 7, 'init': 'random', 'algorithm': 'elkan', 'random_state': 4044}",0.3354776439820909,941.3497319775043,1.1839819677525927
KMeans,"{'n_clusters': 7, 'init': 'random', 'algorithm': 'elkan', 'random_state': 5055}",0.3354384381516326,941.3056759150177,1.185935656881553
KMeans,"{'n_clusters': 7, 'init': 'random', 'algorithm': 'elkan', 'random_state': 6066}",0.26588850566877753,895.174313495966,1.2339181819700005
KMeans,"{'n_clusters': 8, 'init': 'k-means++', 'algorithm': 'lloyd', 'random_state': 42}",0.3347267677213327,859.0179686666523,1.2058275949082014
KMeans,"{'n_clusters': 8, 'init': 'k-means++', 'algorithm': 'lloyd', 'random_state': 123}",0.27857146727600884,891.2225481897516,1.235920277950147
KMeans,"{'n_clusters': 8, 'init': 'k-means++', 'algorithm': 'lloyd', 'random_state': 456}",0.3321292268649876,858.2275775519786,1.200129693431916
KMeans,"{'n_clusters': 8, 'init': 'k-means++', 'algorithm': 'lloyd', 'random_state': 789}",0.34809330362463714,908.7611408990552,1.1677571297213958
KMeans,"{'n_clusters': 8, 'init': 'k-means++', 'algorithm': 'lloyd', 'random_state': 1011}",0.28902340342788846,826.027495542987,1.170459260153942
KMeans,"{'n_clusters': 8, 'init': 'k-means++', 'algorithm': 'lloyd', 'random_state': 2022}",0.33751447389870814,872.8584218802569,1.2191017456197657
KMeans,"{'n_clusters': 8, 'init': 'k-means++', 'algorithm': 'lloyd', 'random_state': 3033}",0.3480074104122767,908.6898886579753,1.17151248476913
KMeans,"{'n_clusters': 8, 'init': 'k-means++', 'algorithm': 'lloyd', 'random_state': 4044}",0.278275937337908,891.2758521547405,1.2333127142077438
KMeans,"{'n_clusters': 8, 'init': 'k-means++', 'algorithm': 'lloyd', 'random_state': 5055}",0.27888364533001153,891.2363563886267,1.2365435592670302
KMeans,"{'n_clusters': 8, 'init': 'k-means++', 'algorithm': 'lloyd', 'random_state': 6066}",0.2790241418060176,891.2666358978889,1.2355201146611676
KMeans,"{'n_clusters': 8, 'init': 'k-means++', 'algorithm': 'elkan', 'random_state': 42}",0.3347267677213327,859.0179686666523,1.2058275949082014
KMeans,"{'n_clusters': 8, 'init': 'k-means++', 'algorithm': 'elkan', 'random_state': 123}",0.27857146727600884,891.2225481897516,1.235920277950147
KMeans,"{'n_clusters': 8, 'init': 'k-means++', 'algorithm': 'elkan', 'random_state': 456}",0.3321292268649876,858.2275775519786,1.200129693431916
KMeans,"{'n_clusters': 8, 'init': 'k-means++', 'algorithm': 'elkan', 'random_state': 789}",0.34809330362463714,908.7611408990552,1.1677571297213958
KMeans,"{'n_clusters': 8, 'init': 'k-means++', 'algorithm': 'elkan', 'random_state': 1011}",0.28902340342788846,826.027495542987,1.170459260153942
KMeans,"{'n_clusters': 8, 'init': 'k-means++', 'algorithm': 'elkan', 'random_state': 2022}",0.33751447389870814,872.8584218802569,1.2191017456197657
KMeans,"{'n_clusters': 8, 'init': 'k-means++', 'algorithm': 'elkan', 'random_state': 3033}",0.3480074104122767,908.6898886579753,1.17151248476913
KMeans,"{'n_clusters': 8, 'init': 'k-means++', 'algorithm': 'elkan', 'random_state': 4044}",0.278275937337908,891.2758521547405,1.2333127142077438
KMeans,"{'n_clusters': 8, 'init': 'k-means++', 'algorithm': 'elkan', 'random_state': 5055}",0.27888364533001153,891.2363563886267,1.2365435592670302
KMeans,"{'n_clusters': 8, 'init': 'k-means++', 'algorithm': 'elkan', 'random_state': 6066}",0.2790241418060176,891.2666358978889,1.2355201146611676
KMeans,"{'n_clusters': 8, 'init': 'random', 'algorithm': 'lloyd', 'random_state': 42}",0.3480345646435075,908.6909157506047,1.1717280056759558
KMeans,"{'n_clusters': 8, 'init': 'random', 'algorithm': 'lloyd', 'random_state': 123}",0.34815639032909673,908.8169393098085,1.1629887821439553
KMeans,"{'n_clusters': 8, 'init': 'random', 'algorithm': 'lloyd', 'random_state': 456}",0.348063361790737,908.7099762091822,1.1712476769272344
KMeans,"{'n_clusters': 8, 'init': 'random', 'algorithm': 'lloyd', 'random_state': 789}",0.2785141565425736,891.2707558568785,1.2362789527823317
KMeans,"{'n_clusters': 8, 'init': 'random', 'algorithm': 'lloyd', 'random_state': 1011}",0.3482008004188072,908.7540766618459,1.1635193401715342
KMeans,"{'n_clusters': 8, 'init': 'random', 'algorithm': 'lloyd', 'random_state': 2022}",0.3481298207723713,908.7121667822222,1.170366185985002
KMeans,"{'n_clusters': 8, 'init': 'random', 'algorithm': 'lloyd', 'random_state': 3033}",0.3482008004188072,908.7540766618464,1.1635193401715342
KMeans,"{'n_clusters': 8, 'init': 'random', 'algorithm': 'lloyd', 'random_state': 4044}",0.3480720762788147,908.7284456407234,1.1705009197765759
KMeans,"{'n_clusters': 8, 'init': 'random', 'algorithm': 'lloyd', 'random_state': 5055}",0.34810936116477853,908.7998861952892,1.1660095680040992
KMeans,"{'n_clusters': 8, 'init': 'random', 'algorithm': 'lloyd', 'random_state': 6066}",0.2790241418060176,891.2666358978889,1.2355201146611674
KMeans,"{'n_clusters': 8, 'init': 'random', 'algorithm': 'elkan', 'random_state': 42}",0.3480345646435075,908.6909157506047,1.1717280056759558
KMeans,"{'n_clusters': 8, 'init': 'random', 'algorithm': 'elkan', 'random_state': 123}",0.34815639032909673,908.8169393098085,1.1629887821439553
KMeans,"{'n_clusters': 8, 'init': 'random', 'algorithm': 'elkan', 'random_state': 456}",0.348063361790737,908.7099762091822,1.1712476769272344
KMeans,"{'n_clusters': 8, 'init': 'random', 'algorithm': 'elkan', 'random_state': 789}",0.2785141565425736,891.2707558568785,1.2362789527823317
KMeans,"{'n_clusters': 8, 'init': 'random', 'algorithm': 'elkan', 'random_state': 1011}",0.3482008004188072,908.7540766618459,1.1635193401715342
KMeans,"{'n_clusters': 8, 'init': 'random', 'algorithm': 'elkan', 'random_state': 2022}",0.3481298207723713,908.7121667822222,1.170366185985002
KMeans,"{'n_clusters': 8, 'init': 'random', 'algorithm': 'elkan', 'random_state': 3033}",0.3482008004188072,908.7540766618464,1.1635193401715342
KMeans,"{'n_clusters': 8, 'init': 'random', 'algorithm': 'elkan', 'random_state': 4044}",0.3480720762788147,908.7284456407234,1.1705009197765759
KMeans,"{'n_clusters': 8, 'init': 'random', 'algorithm': 'elkan', 'random_state': 5055}",0.34810936116477853,908.7998861952892,1.1660095680040992
KMeans,"{'n_clusters': 8, 'init': 'random', 'algorithm': 'elkan', 'random_state': 6066}",0.2790241418060176,891.2666358978889,1.2355201146611674
KMeans,"{'n_clusters': 9, 'init': 'k-means++', 'algorithm': 'lloyd', 'random_state': 42}",0.27848071153672516,832.3003340897607,1.2490715310596334
KMeans,"{'n_clusters': 9, 'init': 'k-means++', 'algorithm': 'lloyd', 'random_state': 123}",0.27544596609938415,826.2110199662907,1.2381775744122556
KMeans,"{'n_clusters': 9, 'init': 'k-means++', 'algorithm': 'lloyd', 'random_state': 456}",0.33414520006712206,813.7867543146232,1.2276113951375895
KMeans,"{'n_clusters': 9, 'init': 'k-means++', 'algorithm': 'lloyd', 'random_state': 789}",0.2761585194832607,798.9919197724738,1.3674553369196412
KMeans,"{'n_clusters': 9, 'init': 'k-means++', 'algorithm': 'lloyd', 'random_state': 1011}",0.3002491433452851,881.9677398190904,1.2035076340714577
KMeans,"{'n_clusters': 9, 'init': 'k-means++', 'algorithm': 'lloyd', 'random_state': 2022}",0.28140087251506385,846.2669708942944,1.2609455620094616
KMeans,"{'n_clusters': 9, 'init': 'k-means++', 'algorithm': 'lloyd', 'random_state': 3033}",0.3005989437978345,881.9459863320521,1.203400881534804
KMeans,"{'n_clusters': 9, 'init': 'k-means++', 'algorithm': 'lloyd', 'random_state': 4044}",0.3002870180593658,882.0401086902533,1.1993734787094468
KMeans,"{'n_clusters': 9, 'init': 'k-means++', 'algorithm': 'lloyd', 'random_state': 5055}",0.3005847115281315,881.9257365303531,1.203762971491049
KMeans,"{'n_clusters': 9, 'init': 'k-means++', 'algorithm': 'lloyd', 'random_state': 6066}",0.27848071153672516,832.3003340897607,1.2490715310596334
KMeans,"{'n_clusters': 9, 'init': 'k-means++', 'algorithm': 'elkan', 'random_state': 42}",0.27848071153672516,832.3003340897607,1.2490715310596334
KMeans,"{'n_clusters': 9, 'init': 'k-means++', 'algorithm': 'elkan', 'random_state': 123}",0.27544596609938415,826.2110199662907,1.2381775744122556
KMeans,"{'n_clusters': 9, 'init': 'k-means++', 'algorithm': 'elkan', 'random_state': 456}",0.33414520006712206,813.7867543146232,1.2276113951375895
KMeans,"{'n_clusters': 9, 'init': 'k-means++', 'algorithm': 'elkan', 'random_state': 789}",0.2761585194832607,798.9919197724738,1.3674553369196412
KMeans,"{'n_clusters': 9, 'init': 'k-means++', 'algorithm': 'elkan', 'random_state': 1011}",0.3002491433452851,881.9677398190904,1.2035076340714577
KMeans,"{'n_clusters': 9, 'init': 'k-means++', 'algorithm': 'elkan', 'random_state': 2022}",0.28140087251506385,846.2669708942944,1.2609455620094616
KMeans,"{'n_clusters': 9, 'init': 'k-means++', 'algorithm': 'elkan', 'random_state': 3033}",0.3005989437978345,881.9459863320521,1.203400881534804
KMeans,"{'n_clusters': 9, 'init': 'k-means++', 'algorithm': 'elkan', 'random_state': 4044}",0.3002870180593658,882.0401086902533,1.1993734787094468
KMeans,"{'n_clusters': 9, 'init': 'k-means++', 'algorithm': 'elkan', 'random_state': 5055}",0.3005847115281315,881.9257365303531,1.203762971491049
KMeans,"{'n_clusters': 9, 'init': 'k-means++', 'algorithm': 'elkan', 'random_state': 6066}",0.27848071153672516,832.3003340897607,1.2490715310596334
KMeans,"{'n_clusters': 9, 'init': 'random', 'algorithm': 'lloyd', 'random_state': 42}",0.3004439249402788,881.952466073344,1.2027507646815947
KMeans,"{'n_clusters': 9, 'init': 'random', 'algorithm': 'lloyd', 'random_state': 123}",0.30024728995857247,882.0168362076879,1.201381019819184
KMeans,"{'n_clusters': 9, 'init': 'random', 'algorithm': 'lloyd', 'random_state': 456}",0.3006585998102236,881.9593944946081,1.2020565544076223
KMeans,"{'n_clusters': 9, 'init': 'random', 'algorithm': 'lloyd', 'random_state': 789}",0.30071726536181365,882.0170802929724,1.1997447700216801
KMeans,"{'n_clusters': 9, 'init': 'random', 'algorithm': 'lloyd', 'random_state': 1011}",0.30085243936040335,882.005059095986,1.1978392049700144
KMeans,"{'n_clusters': 9, 'init': 'random', 'algorithm': 'lloyd', 'random_state': 2022}",0.3006227195279317,881.9565982865618,1.2016889757385787
KMeans,"{'n_clusters': 9, 'init': 'random', 'algorithm': 'lloyd', 'random_state': 3033}",0.3002870180593658,882.0401086902532,1.1993734787094468
KMeans,"{'n_clusters': 9, 'init': 'random', 'algorithm': 'lloyd', 'random_state': 4044}",0.3002494719170561,882.0389350715382,1.199575515756643
KMeans,"{'n_clusters': 9, 'init': 'random', 'algorithm': 'lloyd', 'random_state': 5055}",0.3003704405054356,881.9364648239928,1.2016686641288465
KMeans,"{'n_clusters': 9, 'init': 'random', 'algorithm': 'lloyd', 'random_state': 6066}",0.3003510187685149,882.015217647785,1.1998463936420594
KMeans,"{'n_clusters': 9, 'init': 'random', 'algorithm': 'elkan', 'random_state': 42}",0.3004439249402788,881.952466073344,1.2027507646815947
KMeans,"{'n_clusters': 9, 'init': 'random', 'algorithm': 'elkan', 'random_state': 123}",0.30024728995857247,882.0168362076879,1.201381019819184
KMeans,"{'n_clusters': 9, 'init': 'random', 'algorithm': 'elkan', 'random_state': 456}",0.3006585998102236,881.9593944946081,1.2020565544076223
KMeans,"{'n_clusters': 9, 'init': 'random', 'algorithm': 'elkan', 'random_state': 789}",0.30071726536181365,882.0170802929724,1.1997447700216801
KMeans,"{'n_clusters': 9, 'init': 'random', 'algorithm': 'elkan', 'random_state': 1011}",0.30085243936040335,882.005059095986,1.1978392049700144
KMeans,"{'n_clusters': 9, 'init': 'random', 'algorithm': 'elkan', 'random_state': 2022}",0.3006227195279317,881.9565982865618,1.2016889757385787
KMeans,"{'n_clusters': 9, 'init': 'random', 'algorithm': 'elkan', 'random_state': 3033}",0.3002870180593658,882.0401086902532,1.1993734787094468
KMeans,"{'n_clusters': 9, 'init': 'random', 'algorithm': 'elkan', 'random_state': 4044}",0.3002494719170561,882.0389350715382,1.199575515756643
KMeans,"{'n_clusters': 9, 'init': 'random', 'algorithm': 'elkan', 'random_state': 5055}",0.3003704405054356,881.9364648239928,1.2016686641288465
KMeans,"{'n_clusters': 9, 'init': 'random', 'algorithm': 'elkan', 'random_state': 6066}",0.3003510187685149,882.015217647785,1.1998463936420594
KMeans,"{'n_clusters': 10, 'init': 'k-means++', 'algorithm': 'lloyd', 'random_state': 42}",0.28391751888909667,799.5150048715792,1.2634370527965824
KMeans,"{'n_clusters': 10, 'init': 'k-means++', 'algorithm': 'lloyd', 'random_state': 123}",0.2778492395378106,798.4051388072977,1.2608937209856326
KMeans,"{'n_clusters': 10, 'init': 'k-means++', 'algorithm': 'lloyd', 'random_state': 456}",0.33679116651845686,768.02946911478,1.23332180224291
KMeans,"{'n_clusters': 10, 'init': 'k-means++', 'algorithm': 'lloyd', 'random_state': 789}",0.27834870159461267,753.7597010470521,1.3598467192867376
KMeans,"{'n_clusters': 10, 'init': 'k-means++', 'algorithm': 'lloyd', 'random_state': 1011}",0.2812383924080787,825.3566169600082,1.2166419566221731
KMeans,"{'n_clusters': 10, 'init': 'k-means++', 'algorithm': 'lloyd', 'random_state': 2022}",0.30353111569165253,853.338999086316,1.2268554054777934
KMeans,"{'n_clusters': 10, 'init': 'k-means++', 'algorithm': 'lloyd', 'random_state': 3033}",0.2939090971967789,831.756515838665,1.3423149542993162
KMeans,"{'n_clusters': 10, 'init': 'k-means++', 'algorithm': 'lloyd', 'random_state': 4044}",0.29814644243336413,807.6645474067643,1.2187471415772992
KMeans,"{'n_clusters': 10, 'init': 'k-means++', 'algorithm': 'lloyd', 'random_state': 5055}",0.28751061863769933,827.0515094727433,1.2241196272453476
KMeans,"{'n_clusters': 10, 'init': 'k-means++', 'algorithm': 'lloyd', 'random_state': 6066}",0.3004723360596036,839.7972666623533,1.2230776045358331
KMeans,"{'n_clusters': 10, 'init': 'k-means++', 'algorithm': 'elkan', 'random_state': 42}",0.28391751888909667,799.5150048715792,1.2634370527965824
KMeans,"{'n_clusters': 10, 'init': 'k-means++', 'algorithm': 'elkan', 'random_state': 123}",0.2778492395378106,798.4051388072977,1.2608937209856326
KMeans,"{'n_clusters': 10, 'init': 'k-means++', 'algorithm': 'elkan', 'random_state': 456}",0.33679116651845686,768.02946911478,1.23332180224291
KMeans,"{'n_clusters': 10, 'init': 'k-means++', 'algorithm': 'elkan', 'random_state': 789}",0.27834870159461267,753.7597010470521,1.3598467192867376
KMeans,"{'n_clusters': 10, 'init': 'k-means++', 'algorithm': 'elkan', 'random_state': 1011}",0.2812383924080787,825.3566169600082,1.2166419566221731
KMeans,"{'n_clusters': 10, 'init': 'k-means++', 'algorithm': 'elkan', 'random_state': 2022}",0.30353111569165253,853.338999086316,1.2268554054777934
KMeans,"{'n_clusters': 10, 'init': 'k-means++', 'algorithm': 'elkan', 'random_state': 3033}",0.2939090971967789,831.756515838665,1.3423149542993162
KMeans,"{'n_clusters': 10, 'init': 'k-means++', 'algorithm': 'elkan', 'random_state': 4044}",0.29814644243336413,807.6645474067643,1.2187471415772992
KMeans,"{'n_clusters': 10, 'init': 'k-means++', 'algorithm': 'elkan', 'random_state': 5055}",0.28751061863769933,827.0515094727433,1.2241196272453476
KMeans,"{'n_clusters': 10, 'init': 'k-means++', 'algorithm': 'elkan', 'random_state': 6066}",0.3004723360596036,839.7972666623533,1.2230776045358331
KMeans,"{'n_clusters': 10, 'init': 'random', 'algorithm': 'lloyd', 'random_state': 42}",0.30351665116148036,853.3248201405956,1.2262850696221488
KMeans,"{'n_clusters': 10, 'init': 'random', 'algorithm': 'lloyd', 'random_state': 123}",0.30317853392882776,853.3574747424714,1.227752759671564
KMeans,"{'n_clusters': 10, 'init': 'random', 'algorithm': 'lloyd', 'random_state': 456}",0.3017559276963225,831.4237200048847,1.1997261127019547
KMeans,"{'n_clusters': 10, 'init': 'random', 'algorithm': 'lloyd', 'random_state': 789}",0.30047202294570746,839.5717212560459,1.21935498697946
KMeans,"{'n_clusters': 10, 'init': 'random', 'algorithm': 'lloyd', 'random_state': 1011}",0.3004723360596036,839.7972666623533,1.2230776045358331
KMeans,"{'n_clusters': 10, 'init': 'random', 'algorithm': 'lloyd', 'random_state': 2022}",0.3036395465199707,853.3260025854224,1.226484630269832
KMeans,"{'n_clusters': 10, 'init': 'random', 'algorithm': 'lloyd', 'random_state': 3033}",0.30351665116148036,853.3248201405953,1.226285069622149
KMeans,"{'n_clusters': 10, 'init': 'random', 'algorithm': 'lloyd', 'random_state': 4044}",0.30012454832578617,839.8256955492612,1.2224961851648497
KMeans,"{'n_clusters': 10, 'init': 'random', 'algorithm': 'lloyd', 'random_state': 5055}",0.30004616091739283,833.1034735895473,1.2082578338597707
KMeans,"{'n_clusters': 10, 'init': 'random', 'algorithm': 'lloyd', 'random_state': 6066}",0.3018295902624369,831.4312747833131,1.1976576491876056
KMeans,"{'n_clusters': 10, 'init': 'random', 'algorithm': 'elkan', 'random_state': 42}",0.30351665116148036,853.3248201405956,1.2262850696221488
KMeans,"{'n_clusters': 10, 'init': 'random', 'algorithm': 'elkan', 'random_state': 123}",0.30317853392882776,853.3574747424714,1.227752759671564
KMeans,"{'n_clusters': 10, 'init': 'random', 'algorithm': 'elkan', 'random_state': 456}",0.3017559276963225,831.4237200048847,1.1997261127019547
KMeans,"{'n_clusters': 10, 'init': 'random', 'algorithm': 'elkan', 'random_state': 789}",0.30047202294570746,839.5717212560459,1.21935498697946
KMeans,"{'n_clusters': 10, 'init': 'random', 'algorithm': 'elkan', 'random_state': 1011}",0.3004723360596036,839.7972666623533,1.2230776045358331
KMeans,"{'n_clusters': 10, 'init': 'random', 'algorithm': 'elkan', 'random_state': 2022}",0.3036395465199707,853.3260025854224,1.226484630269832
KMeans,"{'n_clusters': 10, 'init': 'random', 'algorithm': 'elkan', 'random_state': 3033}",0.30351665116148036,853.3248201405953,1.226285069622149
KMeans,"{'n_clusters': 10, 'init': 'random', 'algorithm': 'elkan', 'random_state': 4044}",0.30012454832578617,839.8256955492612,1.2224961851648497
KMeans,"{'n_clusters': 10, 'init': 'random', 'algorithm': 'elkan', 'random_state': 5055}",0.30004616091739283,833.1034735895473,1.2082578338597707
KMeans,"{'n_clusters': 10, 'init': 'random', 'algorithm': 'elkan', 'random_state': 6066}",0.3018295902624369,831.4312747833131,1.1976576491876056
KMeans,"{'n_clusters': 11, 'init': 'k-means++', 'algorithm': 'lloyd', 'random_state': 42}",0.2839588490390257,763.5414951103753,1.2487470156515825
KMeans,"{'n_clusters': 11, 'init': 'k-means++', 'algorithm': 'lloyd', 'random_state': 123}",0.2715927178580208,748.9910174114775,1.320776706692144
KMeans,"{'n_clusters': 11, 'init': 'k-means++', 'algorithm': 'lloyd', 'random_state': 456}",0.28062969142952826,764.8059950484173,1.2642198404484981
KMeans,"{'n_clusters': 11, 'init': 'k-means++', 'algorithm': 'lloyd', 'random_state': 789}",0.30583751624840727,819.4524506029715,1.233300258839283
KMeans,"{'n_clusters': 11, 'init': 'k-means++', 'algorithm': 'lloyd', 'random_state': 1011}",0.2593131743958995,769.3253530139649,1.2641636535194234
KMeans,"{'n_clusters': 11, 'init': 'k-means++', 'algorithm': 'lloyd', 'random_state': 2022}",0.3026321153831747,817.9752675454419,1.2305660203788937
KMeans,"{'n_clusters': 11, 'init': 'k-means++', 'algorithm': 'lloyd', 'random_state': 3033}",0.2805896509220576,790.6819895175033,1.3441170678062806
KMeans,"{'n_clusters': 11, 'init': 'k-means++', 'algorithm': 'lloyd', 'random_state': 4044}",0.3013153732820357,792.07130281734,1.2443866765713816
KMeans,"{'n_clusters': 11, 'init': 'k-means++', 'algorithm': 'lloyd', 'random_state': 5055}",0.29054696338025787,811.8372238509578,1.2412389100973404
KMeans,"{'n_clusters': 11, 'init': 'k-means++', 'algorithm': 'lloyd', 'random_state': 6066}",0.2815839678491776,787.7124476495219,1.2472607929482165
KMeans,"{'n_clusters': 11, 'init': 'k-means++', 'algorithm': 'elkan', 'random_state': 42}",0.2839588490390257,763.5414951103753,1.2487470156515825
KMeans,"{'n_clusters': 11, 'init': 'k-means++', 'algorithm': 'elkan', 'random_state': 123}",0.2715927178580208,748.9910174114775,1.320776706692144
KMeans,"{'n_clusters': 11, 'init': 'k-means++', 'algorithm': 'elkan', 'random_state': 456}",0.28062969142952826,764.8059950484173,1.2642198404484981
KMeans,"{'n_clusters': 11, 'init': 'k-means++', 'algorithm': 'elkan', 'random_state': 789}",0.30583751624840727,819.4524506029715,1.233300258839283
KMeans,"{'n_clusters': 11, 'init': 'k-means++', 'algorithm': 'elkan', 'random_state': 1011}",0.2593131743958995,769.3253530139649,1.2641636535194234
KMeans,"{'n_clusters': 11, 'init': 'k-means++', 'algorithm': 'elkan', 'random_state': 2022}",0.3026321153831747,817.9752675454419,1.2305660203788937
KMeans,"{'n_clusters': 11, 'init': 'k-means++', 'algorithm': 'elkan', 'random_state': 3033}",0.2805896509220576,790.6819895175033,1.3441170678062806
KMeans,"{'n_clusters': 11, 'init': 'k-means++', 'algorithm': 'elkan', 'random_state': 4044}",0.3013153732820357,792.07130281734,1.2443866765713816
KMeans,"{'n_clusters': 11, 'init': 'k-means++', 'algorithm': 'elkan', 'random_state': 5055}",0.29054696338025787,811.8372238509578,1.2412389100973404
KMeans,"{'n_clusters': 11, 'init': 'k-means++', 'algorithm': 'elkan', 'random_state': 6066}",0.2815839678491776,787.7124476495219,1.2472607929482165
KMeans,"{'n_clusters': 11, 'init': 'random', 'algorithm': 'lloyd', 'random_state': 42}",0.2875196893159924,798.5961783345244,1.2431468950705877
KMeans,"{'n_clusters': 11, 'init': 'random', 'algorithm': 'lloyd', 'random_state': 123}",0.2813323763119707,787.1598108936495,1.2117770524709832
KMeans,"{'n_clusters': 11, 'init': 'random', 'algorithm': 'lloyd', 'random_state': 456}",0.3014563931767958,802.6402174760052,1.2141545556221383
KMeans,"{'n_clusters': 11, 'init': 'random', 'algorithm': 'lloyd', 'random_state': 789}",0.2878512855802216,798.4661697656451,1.2387281723383867
KMeans,"{'n_clusters': 11, 'init': 'random', 'algorithm': 'lloyd', 'random_state': 1011}",0.299061323274594,804.2839553128979,1.2255295286732755
KMeans,"{'n_clusters': 11, 'init': 'random', 'algorithm': 'lloyd', 'random_state': 2022}",0.2944181185355501,799.7427197077388,1.205733062124362
KMeans,"{'n_clusters': 11, 'init': 'random', 'algorithm': 'lloyd', 'random_state': 3033}",0.2822347602634441,796.740033190124,1.2300093381099308
KMeans,"{'n_clusters': 11, 'init': 'random', 'algorithm': 'lloyd', 'random_state': 4044}",0.2699013952880056,784.2945321659785,1.2418487618411804
KMeans,"{'n_clusters': 11, 'init': 'random', 'algorithm': 'lloyd', 'random_state': 5055}",0.2906028262711974,811.8019579077436,1.2404752349900514
KMeans,"{'n_clusters': 11, 'init': 'random', 'algorithm': 'lloyd', 'random_state': 6066}",0.28174083111287657,796.7176453312576,1.2306523602243606
KMeans,"{'n_clusters': 11, 'init': 'random', 'algorithm': 'elkan', 'random_state': 42}",0.2875196893159924,798.5961783345244,1.2431468950705877
KMeans,"{'n_clusters': 11, 'init': 'random', 'algorithm': 'elkan', 'random_state': 123}",0.2813323763119707,787.1598108936495,1.2117770524709832
KMeans,"{'n_clusters': 11, 'init': 'random', 'algorithm': 'elkan', 'random_state': 456}",0.3014563931767958,802.6402174760052,1.2141545556221383
KMeans,"{'n_clusters': 11, 'init': 'random', 'algorithm': 'elkan', 'random_state': 789}",0.2878512855802216,798.4661697656451,1.2387281723383867
KMeans,"{'n_clusters': 11, 'init': 'random', 'algorithm': 'elkan', 'random_state': 1011}",0.299061323274594,804.2839553128979,1.2255295286732755
KMeans,"{'n_clusters': 11, 'init': 'random', 'algorithm': 'elkan', 'random_state': 2022}",0.2944181185355501,799.7427197077388,1.205733062124362
KMeans,"{'n_clusters': 11, 'init': 'random', 'algorithm': 'elkan', 'random_state': 3033}",0.2822347602634441,796.740033190124,1.2300093381099308
KMeans,"{'n_clusters': 11, 'init': 'random', 'algorithm': 'elkan', 'random_state': 4044}",0.2699013952880056,784.2945321659785,1.2418487618411804
KMeans,"{'n_clusters': 11, 'init': 'random', 'algorithm': 'elkan', 'random_state': 5055}",0.2906028262711974,811.8019579077436,1.2404752349900514
KMeans,"{'n_clusters': 11, 'init': 'random', 'algorithm': 'elkan', 'random_state': 6066}",0.28174083111287657,796.7176453312576,1.2306523602243606
KMeans,"{'n_clusters': 12, 'init': 'k-means++', 'algorithm': 'lloyd', 'random_state': 42}",0.26593857358870043,729.7673512865616,1.2868233436315564
KMeans,"{'n_clusters': 12, 'init': 'k-means++', 'algorithm': 'lloyd', 'random_state': 123}",0.24360279652585923,712.6404977449155,1.3422759839606506
KMeans,"{'n_clusters': 12, 'init': 'k-means++', 'algorithm': 'lloyd', 'random_state': 456}",0.3036809772424319,795.043619413011,1.236545186327391
KMeans,"{'n_clusters': 12, 'init': 'k-means++', 'algorithm': 'lloyd', 'random_state': 789}",0.3037798845232665,794.8726260561994,1.2421593566658313
KMeans,"{'n_clusters': 12, 'init': 'k-means++', 'algorithm': 'lloyd', 'random_state': 1011}",0.24862458366782153,739.0873567531746,1.2762734986619668
KMeans,"{'n_clusters': 12, 'init': 'k-means++', 'algorithm': 'lloyd', 'random_state': 2022}",0.29612651414685365,777.30546565805,1.29215885157993
KMeans,"{'n_clusters': 12, 'init': 'k-means++', 'algorithm': 'lloyd', 'random_state': 3033}",0.2618017623006674,758.4157897399251,1.344308755869949
KMeans,"{'n_clusters': 12, 'init': 'k-means++', 'algorithm': 'lloyd', 'random_state': 4044}",0.29518124886963265,751.9055459213317,1.3049035064890482
KMeans,"{'n_clusters': 12, 'init': 'k-means++', 'algorithm': 'lloyd', 'random_state': 5055}",0.29318309678552384,788.7581656063506,1.245706134924707
KMeans,"{'n_clusters': 12, 'init': 'k-means++', 'algorithm': 'lloyd', 'random_state': 6066}",0.27195597862225257,736.3174544097307,1.330649678618
KMeans,"{'n_clusters': 12, 'init': 'k-means++', 'algorithm': 'elkan', 'random_state': 42}",0.26593857358870043,729.7673512865616,1.2868233436315564
KMeans,"{'n_clusters': 12, 'init': 'k-means++', 'algorithm': 'elkan', 'random_state': 123}",0.24360279652585923,712.6404977449155,1.3422759839606506
KMeans,"{'n_clusters': 12, 'init': 'k-means++', 'algorithm': 'elkan', 'random_state': 456}",0.3036809772424319,795.043619413011,1.236545186327391
KMeans,"{'n_clusters': 12, 'init': 'k-means++', 'algorithm': 'elkan', 'random_state': 789}",0.3037798845232665,794.8726260561994,1.2421593566658313
KMeans,"{'n_clusters': 12, 'init': 'k-means++', 'algorithm': 'elkan', 'random_state': 1011}",0.24862458366782153,739.0873567531746,1.2762734986619668
KMeans,"{'n_clusters': 12, 'init': 'k-means++', 'algorithm': 'elkan', 'random_state': 2022}",0.29612651414685365,777.30546565805,1.29215885157993
KMeans,"{'n_clusters': 12, 'init': 'k-means++', 'algorithm': 'elkan', 'random_state': 3033}",0.2618017623006674,758.4157897399251,1.344308755869949
KMeans,"{'n_clusters': 12, 'init': 'k-means++', 'algorithm': 'elkan', 'random_state': 4044}",0.29518124886963265,751.9055459213317,1.3049035064890482
KMeans,"{'n_clusters': 12, 'init': 'k-means++', 'algorithm': 'elkan', 'random_state': 5055}",0.29318309678552384,788.7581656063506,1.245706134924707
KMeans,"{'n_clusters': 12, 'init': 'k-means++', 'algorithm': 'elkan', 'random_state': 6066}",0.27195597862225257,736.3174544097307,1.330649678618
KMeans,"{'n_clusters': 12, 'init': 'random', 'algorithm': 'lloyd', 'random_state': 42}",0.26996030039507085,773.2547726130581,1.2638398474218784
KMeans,"{'n_clusters': 12, 'init': 'random', 'algorithm': 'lloyd', 'random_state': 123}",0.28708918429442476,787.1983857705839,1.2416844581779223
KMeans,"{'n_clusters': 12, 'init': 'random', 'algorithm': 'lloyd', 'random_state': 456}",0.27201880161926895,773.5160003143069,1.2647259099651345
KMeans,"{'n_clusters': 12, 'init': 'random', 'algorithm': 'lloyd', 'random_state': 789}",0.25904501746989733,753.8787508282128,1.257632747002307
KMeans,"{'n_clusters': 12, 'init': 'random', 'algorithm': 'lloyd', 'random_state': 1011}",0.27094892171607415,773.4544746395846,1.2673147338475337
KMeans,"{'n_clusters': 12, 'init': 'random', 'algorithm': 'lloyd', 'random_state': 2022}",0.2870448282106622,787.1924387664458,1.2414638204902322
KMeans,"{'n_clusters': 12, 'init': 'random', 'algorithm': 'lloyd', 'random_state': 3033}",0.2827078555739532,759.0922156017592,1.2319469000707066
KMeans,"{'n_clusters': 12, 'init': 'random', 'algorithm': 'lloyd', 'random_state': 4044}",0.2704550048433184,778.9713677838039,1.2504413442560656
KMeans,"{'n_clusters': 12, 'init': 'random', 'algorithm': 'lloyd', 'random_state': 5055}",0.2639674409976241,770.6070662227809,1.2607018627784226
KMeans,"{'n_clusters': 12, 'init': 'random', 'algorithm': 'lloyd', 'random_state': 6066}",0.25474065504667465,750.1231061599954,1.355526648840656
KMeans,"{'n_clusters': 12, 'init': 'random', 'algorithm': 'elkan', 'random_state': 42}",0.26996030039507085,773.2547726130581,1.2638398474218784
KMeans,"{'n_clusters': 12, 'init': 'random', 'algorithm': 'elkan', 'random_state': 123}",0.28708918429442476,787.1983857705839,1.2416844581779223
KMeans,"{'n_clusters': 12, 'init': 'random', 'algorithm': 'elkan', 'random_state': 456}",0.27201880161926895,773.5160003143069,1.2647259099651345
KMeans,"{'n_clusters': 12, 'init': 'random', 'algorithm': 'elkan', 'random_state': 789}",0.25904501746989733,753.8787508282128,1.257632747002307
KMeans,"{'n_clusters': 12, 'init': 'random', 'algorithm': 'elkan', 'random_state': 1011}",0.27094892171607415,773.4544746395846,1.2673147338475337
KMeans,"{'n_clusters': 12, 'init': 'random', 'algorithm': 'elkan', 'random_state': 2022}",0.2870448282106622,787.1924387664458,1.2414638204902322
KMeans,"{'n_clusters': 12, 'init': 'random', 'algorithm': 'elkan', 'random_state': 3033}",0.2827078555739532,759.0922156017592,1.2319469000707066
KMeans,"{'n_clusters': 12, 'init': 'random', 'algorithm': 'elkan', 'random_state': 4044}",0.2704550048433184,778.9713677838039,1.2504413442560656
KMeans,"{'n_clusters': 12, 'init': 'random', 'algorithm': 'elkan', 'random_state': 5055}",0.2639674409976241,770.6070662227809,1.2607018627784226
KMeans,"{'n_clusters': 12, 'init': 'random', 'algorithm': 'elkan', 'random_state': 6066}",0.25474065504667465,750.1231061599954,1.355526648840656
BisectingKMeans,"{'n_clusters': 5, 'init': 'k-means++', 'algorithm': 'lloyd', 'random_state': 42}",0.31168700960797313,948.6351896514686,1.134802232028408
BisectingKMeans,"{'n_clusters': 5, 'init': 'k-means++', 'algorithm': 'lloyd', 'random_state': 123}",0.3119757832933304,949.7949369046909,1.1331577387248957
BisectingKMeans,"{'n_clusters': 5, 'init': 'k-means++', 'algorithm': 'lloyd', 'random_state': 456}",0.29678672034047987,952.5045709957045,1.1212011943823745
BisectingKMeans,"{'n_clusters': 5, 'init': 'k-means++', 'algorithm': 'lloyd', 'random_state': 789}",0.3054167811749716,969.8744589462864,1.1133512311558191
BisectingKMeans,"{'n_clusters': 5, 'init': 'k-means++', 'algorithm': 'lloyd', 'random_state': 1011}",0.31197275724833623,949.8096378164602,1.1335526556896032
BisectingKMeans,"{'n_clusters': 5, 'init': 'k-means++', 'algorithm': 'lloyd', 'random_state': 2022}",0.3054167811749716,969.8744589462864,1.1133512311558191
BisectingKMeans,"{'n_clusters': 5, 'init': 'k-means++', 'algorithm': 'lloyd', 'random_state': 3033}",0.2880056312030828,808.5650506013861,1.343599282299377
BisectingKMeans,"{'n_clusters': 5, 'init': 'k-means++', 'algorithm': 'lloyd', 'random_state': 4044}",0.3120107046287999,949.7980802884651,1.1332054696459974
BisectingKMeans,"{'n_clusters': 5, 'init': 'k-means++', 'algorithm': 'lloyd', 'random_state': 5055}",0.29681176471314336,952.5993763389954,1.1211768191939642
BisectingKMeans,"{'n_clusters': 5, 'init': 'k-means++', 'algorithm': 'lloyd', 'random_state': 6066}",0.3054167811749716,969.8744589462865,1.1133512311558191
BisectingKMeans,"{'n_clusters': 5, 'init': 'k-means++', 'algorithm': 'elkan', 'random_state': 42}",0.31168700960797313,948.6351896514686,1.134802232028408
BisectingKMeans,"{'n_clusters': 5, 'init': 'k-means++', 'algorithm': 'elkan', 'random_state': 123}",0.3119757832933304,949.7949369046909,1.1331577387248957
BisectingKMeans,"{'n_clusters': 5, 'init': 'k-means++', 'algorithm': 'elkan', 'random_state': 456}",0.29678672034047987,952.5045709957045,1.1212011943823745
BisectingKMeans,"{'n_clusters': 5, 'init': 'k-means++', 'algorithm': 'elkan', 'random_state': 789}",0.3054167811749716,969.8744589462864,1.1133512311558191
BisectingKMeans,"{'n_clusters': 5, 'init': 'k-means++', 'algorithm': 'elkan', 'random_state': 1011}",0.31197275724833623,949.8096378164602,1.1335526556896032
BisectingKMeans,"{'n_clusters': 5, 'init': 'k-means++', 'algorithm': 'elkan', 'random_state': 2022}",0.3054167811749716,969.8744589462864,1.1133512311558191
BisectingKMeans,"{'n_clusters': 5, 'init': 'k-means++', 'algorithm': 'elkan', 'random_state': 3033}",0.2880056312030828,808.5650506013861,1.343599282299377
BisectingKMeans,"{'n_clusters': 5, 'init': 'k-means++', 'algorithm': 'elkan', 'random_state': 4044}",0.3120107046287999,949.7980802884651,1.1332054696459974
BisectingKMeans,"{'n_clusters': 5, 'init': 'k-means++', 'algorithm': 'elkan', 'random_state': 5055}",0.29681176471314336,952.5993763389954,1.1211768191939642
BisectingKMeans,"{'n_clusters': 5, 'init': 'k-means++', 'algorithm': 'elkan', 'random_state': 6066}",0.3054167811749716,969.8744589462865,1.1133512311558191
BisectingKMeans,"{'n_clusters': 5, 'init': 'random', 'algorithm': 'lloyd', 'random_state': 42}",0.30535923313905233,969.9109801466878,1.1128952306659272
BisectingKMeans,"{'n_clusters': 5, 'init': 'random', 'algorithm': 'lloyd', 'random_state': 123}",0.3119757832933304,949.7949369046909,1.1331577387248957
BisectingKMeans,"{'n_clusters': 5, 'init': 'random', 'algorithm': 'lloyd', 'random_state': 456}",0.30535923313905233,969.9109801466878,1.1128952306659272
BisectingKMeans,"{'n_clusters': 5, 'init': 'random', 'algorithm': 'lloyd', 'random_state': 789}",0.31270399917447017,955.828825403224,1.105757438263773
BisectingKMeans,"{'n_clusters': 5, 'init': 'random', 'algorithm': 'lloyd', 'random_state': 1011}",0.3119757832933304,949.7949369046909,1.1331577387248957
BisectingKMeans,"{'n_clusters': 5, 'init': 'random', 'algorithm': 'lloyd', 'random_state': 2022}",0.31200766043680966,949.8127812568465,1.1336003866107052
BisectingKMeans,"{'n_clusters': 5, 'init': 'random', 'algorithm': 'lloyd', 'random_state': 3033}",0.31259678632924104,955.7346275853455,1.106079203167185
BisectingKMeans,"{'n_clusters': 5, 'init': 'random', 'algorithm': 'lloyd', 'random_state': 4044}",0.30535923313905233,969.9109801466878,1.1128952306659272
BisectingKMeans,"{'n_clusters': 5, 'init': 'random', 'algorithm': 'lloyd', 'random_state': 5055}",0.3054400700317115,969.9112077812927,1.1124990785571165
BisectingKMeans,"{'n_clusters': 5, 'init': 'random', 'algorithm': 'lloyd', 'random_state': 6066}",0.3119757832933304,949.7949369046909,1.1331577387248957
BisectingKMeans,"{'n_clusters': 5, 'init': 'random', 'algorithm': 'elkan', 'random_state': 42}",0.30535923313905233,969.9109801466878,1.1128952306659272
BisectingKMeans,"{'n_clusters': 5, 'init': 'random', 'algorithm': 'elkan', 'random_state': 123}",0.3119757832933304,949.7949369046909,1.1331577387248957
BisectingKMeans,"{'n_clusters': 5, 'init': 'random', 'algorithm': 'elkan', 'random_state': 456}",0.30535923313905233,969.9109801466878,1.1128952306659272
BisectingKMeans,"{'n_clusters': 5, 'init': 'random', 'algorithm': 'elkan', 'random_state': 789}",0.31270399917447017,955.828825403224,1.105757438263773
BisectingKMeans,"{'n_clusters': 5, 'init': 'random', 'algorithm': 'elkan', 'random_state': 1011}",0.3119757832933304,949.7949369046909,1.1331577387248957
BisectingKMeans,"{'n_clusters': 5, 'init': 'random', 'algorithm': 'elkan', 'random_state': 2022}",0.31200766043680966,949.8127812568465,1.1336003866107052
BisectingKMeans,"{'n_clusters': 5, 'init': 'random', 'algorithm': 'elkan', 'random_state': 3033}",0.31259678632924104,955.7346275853455,1.106079203167185
BisectingKMeans,"{'n_clusters': 5, 'init': 'random', 'algorithm': 'elkan', 'random_state': 4044}",0.30535923313905233,969.9109801466878,1.1128952306659272
BisectingKMeans,"{'n_clusters': 5, 'init': 'random', 'algorithm': 'elkan', 'random_state': 5055}",0.3054400700317115,969.9112077812927,1.1124990785571165
BisectingKMeans,"{'n_clusters': 5, 'init': 'random', 'algorithm': 'elkan', 'random_state': 6066}",0.3119757832933304,949.7949369046909,1.1331577387248957
BisectingKMeans,"{'n_clusters': 6, 'init': 'k-means++', 'algorithm': 'lloyd', 'random_state': 42}",0.3172877122851251,893.0843870302979,1.2306521707756173
BisectingKMeans,"{'n_clusters': 6, 'init': 'k-means++', 'algorithm': 'lloyd', 'random_state': 123}",0.3156702595530012,869.3282270053456,1.3011411265545054
BisectingKMeans,"{'n_clusters': 6, 'init': 'k-means++', 'algorithm': 'lloyd', 'random_state': 456}",0.309249804569701,929.5415544621218,1.206713685018798
BisectingKMeans,"{'n_clusters': 6, 'init': 'k-means++', 'algorithm': 'lloyd', 'random_state': 789}",0.31119275293310006,913.7174855393786,1.2152740393350037
BisectingKMeans,"{'n_clusters': 6, 'init': 'k-means++', 'algorithm': 'lloyd', 'random_state': 1011}",0.31756820426267535,894.2272512467054,1.2289625580129024
BisectingKMeans,"{'n_clusters': 6, 'init': 'k-means++', 'algorithm': 'lloyd', 'random_state': 2022}",0.3112794534827465,913.7787105006298,1.2121280375680825
BisectingKMeans,"{'n_clusters': 6, 'init': 'k-means++', 'algorithm': 'lloyd', 'random_state': 3033}",0.30005540137336684,784.6299744221168,1.3677344747472435
BisectingKMeans,"{'n_clusters': 6, 'init': 'k-means++', 'algorithm': 'lloyd', 'random_state': 4044}",0.31790230000112346,895.9306890471628,1.2296988715421788
BisectingKMeans,"{'n_clusters': 6, 'init': 'k-means++', 'algorithm': 'lloyd', 'random_state': 5055}",0.3094508675041878,929.5476137362701,1.2004133330365365
BisectingKMeans,"{'n_clusters': 6, 'init': 'k-means++', 'algorithm': 'lloyd', 'random_state': 6066}",0.3112794534827465,913.7787105006297,1.2121280375680825
BisectingKMeans,"{'n_clusters': 6, 'init': 'k-means++', 'algorithm': 'elkan', 'random_state': 42}",0.3172877122851251,893.0843870302979,1.2306521707756173
BisectingKMeans,"{'n_clusters': 6, 'init': 'k-means++', 'algorithm': 'elkan', 'random_state': 123}",0.3156702595530012,869.3282270053456,1.3011411265545054
BisectingKMeans,"{'n_clusters': 6, 'init': 'k-means++', 'algorithm': 'elkan', 'random_state': 456}",0.309249804569701,929.5415544621218,1.206713685018798
BisectingKMeans,"{'n_clusters': 6, 'init': 'k-means++', 'algorithm': 'elkan', 'random_state': 789}",0.31119275293310006,913.7174855393786,1.2152740393350037
BisectingKMeans,"{'n_clusters': 6, 'init': 'k-means++', 'algorithm': 'elkan', 'random_state': 1011}",0.31756820426267535,894.2272512467054,1.2289625580129024
BisectingKMeans,"{'n_clusters': 6, 'init': 'k-means++', 'algorithm': 'elkan', 'random_state': 2022}",0.3112794534827465,913.7787105006298,1.2121280375680825
BisectingKMeans,"{'n_clusters': 6, 'init': 'k-means++', 'algorithm': 'elkan', 'random_state': 3033}",0.30005540137336684,784.6299744221168,1.3677344747472435
BisectingKMeans,"{'n_clusters': 6, 'init': 'k-means++', 'algorithm': 'elkan', 'random_state': 4044}",0.31790230000112346,895.9306890471628,1.2296988715421788
BisectingKMeans,"{'n_clusters': 6, 'init': 'k-means++', 'algorithm': 'elkan', 'random_state': 5055}",0.3094508675041878,929.5476137362701,1.2004133330365365
BisectingKMeans,"{'n_clusters': 6, 'init': 'k-means++', 'algorithm': 'elkan', 'random_state': 6066}",0.3112794534827465,913.7787105006297,1.2121280375680825
BisectingKMeans,"{'n_clusters': 6, 'init': 'random', 'algorithm': 'lloyd', 'random_state': 42}",0.31122047335296277,913.814342550888,1.2117480371598393
BisectingKMeans,"{'n_clusters': 6, 'init': 'random', 'algorithm': 'lloyd', 'random_state': 123}",0.31757079507724884,894.2129446323073,1.2286334605423128
BisectingKMeans,"{'n_clusters': 6, 'init': 'random', 'algorithm': 'lloyd', 'random_state': 456}",0.3092518050211661,888.2536608578316,1.2842557031720319
BisectingKMeans,"{'n_clusters': 6, 'init': 'random', 'algorithm': 'lloyd', 'random_state': 789}",0.32501944930189686,933.3936511136765,1.1730367622541868
BisectingKMeans,"{'n_clusters': 6, 'init': 'random', 'algorithm': 'lloyd', 'random_state': 1011}",0.31757079507724884,894.2129446323073,1.2286334605423128
BisectingKMeans,"{'n_clusters': 6, 'init': 'random', 'algorithm': 'lloyd', 'random_state': 2022}",0.31776525352219415,895.9258042492061,1.2325325215390455
BisectingKMeans,"{'n_clusters': 6, 'init': 'random', 'algorithm': 'lloyd', 'random_state': 3033}",0.32465160318396125,932.8309904696009,1.1802192306138286
BisectingKMeans,"{'n_clusters': 6, 'init': 'random', 'algorithm': 'lloyd', 'random_state': 4044}",0.31122047335296277,913.8143425508881,1.211748037159839
BisectingKMeans,"{'n_clusters': 6, 'init': 'random', 'algorithm': 'lloyd', 'random_state': 5055}",0.31121424834328115,913.7533366752247,1.2145639121694183
BisectingKMeans,"{'n_clusters': 6, 'init': 'random', 'algorithm': 'lloyd', 'random_state': 6066}",0.3178319949220776,894.1809226563387,1.2233204526925205
BisectingKMeans,"{'n_clusters': 6, 'init': 'random', 'algorithm': 'elkan', 'random_state': 42}",0.31122047335296277,913.814342550888,1.2117480371598393
BisectingKMeans,"{'n_clusters': 6, 'init': 'random', 'algorithm': 'elkan', 'random_state': 123}",0.31757079507724884,894.2129446323073,1.2286334605423128
BisectingKMeans,"{'n_clusters': 6, 'init': 'random', 'algorithm': 'elkan', 'random_state': 456}",0.3092518050211661,888.2536608578316,1.2842557031720319
BisectingKMeans,"{'n_clusters': 6, 'init': 'random', 'algorithm': 'elkan', 'random_state': 789}",0.32501944930189686,933.3936511136765,1.1730367622541868
BisectingKMeans,"{'n_clusters': 6, 'init': 'random', 'algorithm': 'elkan', 'random_state': 1011}",0.31757079507724884,894.2129446323073,1.2286334605423128
BisectingKMeans,"{'n_clusters': 6, 'init': 'random', 'algorithm': 'elkan', 'random_state': 2022}",0.31776525352219415,895.9258042492061,1.2325325215390455
BisectingKMeans,"{'n_clusters': 6, 'init': 'random', 'algorithm': 'elkan', 'random_state': 3033}",0.32465160318396125,932.8309904696009,1.1802192306138286
BisectingKMeans,"{'n_clusters': 6, 'init': 'random', 'algorithm': 'elkan', 'random_state': 4044}",0.31122047335296277,913.8143425508881,1.211748037159839
BisectingKMeans,"{'n_clusters': 6, 'init': 'random', 'algorithm': 'elkan', 'random_state': 5055}",0.31121424834328115,913.7533366752247,1.2145639121694183
BisectingKMeans,"{'n_clusters': 6, 'init': 'random', 'algorithm': 'elkan', 'random_state': 6066}",0.3178319949220776,894.1809226563387,1.2233204526925205
BisectingKMeans,"{'n_clusters': 7, 'init': 'k-means++', 'algorithm': 'lloyd', 'random_state': 42}",0.3227549199036023,855.3586742905429,1.2548972392409645
BisectingKMeans,"{'n_clusters': 7, 'init': 'k-means++', 'algorithm': 'lloyd', 'random_state': 123}",0.32136707718092156,833.1668149916417,1.322345143615657
BisectingKMeans,"{'n_clusters': 7, 'init': 'k-means++', 'algorithm': 'lloyd', 'random_state': 456}",0.23733726706218608,849.5727731152689,1.2833142353547962
BisectingKMeans,"{'n_clusters': 7, 'init': 'k-means++', 'algorithm': 'lloyd', 'random_state': 789}",0.31720034747522313,877.4253192020046,1.242473575364978
BisectingKMeans,"{'n_clusters': 7, 'init': 'k-means++', 'algorithm': 'lloyd', 'random_state': 1011}",0.32353950253461394,857.9608406782964,1.2540096475037514
BisectingKMeans,"{'n_clusters': 7, 'init': 'k-means++', 'algorithm': 'lloyd', 'random_state': 2022}",0.31729424652624094,877.4865415661909,1.2395800585510486
BisectingKMeans,"{'n_clusters': 7, 'init': 'k-means++', 'algorithm': 'lloyd', 'random_state': 3033}",0.31486555032762864,886.2557852025342,1.2011315625296999
BisectingKMeans,"{'n_clusters': 7, 'init': 'k-means++', 'algorithm': 'lloyd', 'random_state': 4044}",0.3237407427216855,858.96684335847,1.252722035880897
BisectingKMeans,"{'n_clusters': 7, 'init': 'k-means++', 'algorithm': 'lloyd', 'random_state': 5055}",0.23284551272720405,801.5436549619569,1.3271154216995413
BisectingKMeans,"{'n_clusters': 7, 'init': 'k-means++', 'algorithm': 'lloyd', 'random_state': 6066}",0.31729424652624094,877.4865415661911,1.2395800585510486
BisectingKMeans,"{'n_clusters': 7, 'init': 'k-means++', 'algorithm': 'elkan', 'random_state': 42}",0.3227549199036023,855.3586742905429,1.2548972392409645
BisectingKMeans,"{'n_clusters': 7, 'init': 'k-means++', 'algorithm': 'elkan', 'random_state': 123}",0.32136707718092156,833.1668149916417,1.322345143615657
BisectingKMeans,"{'n_clusters': 7, 'init': 'k-means++', 'algorithm': 'elkan', 'random_state': 456}",0.23733726706218608,849.5727731152689,1.2833142353547962
BisectingKMeans,"{'n_clusters': 7, 'init': 'k-means++', 'algorithm': 'elkan', 'random_state': 789}",0.31720034747522313,877.4253192020046,1.242473575364978
BisectingKMeans,"{'n_clusters': 7, 'init': 'k-means++', 'algorithm': 'elkan', 'random_state': 1011}",0.32353950253461394,857.9608406782964,1.2540096475037514
BisectingKMeans,"{'n_clusters': 7, 'init': 'k-means++', 'algorithm': 'elkan', 'random_state': 2022}",0.31729424652624094,877.4865415661909,1.2395800585510486
BisectingKMeans,"{'n_clusters': 7, 'init': 'k-means++', 'algorithm': 'elkan', 'random_state': 3033}",0.31486555032762864,886.2557852025342,1.2011315625296999
BisectingKMeans,"{'n_clusters': 7, 'init': 'k-means++', 'algorithm': 'elkan', 'random_state': 4044}",0.3237407427216855,858.96684335847,1.252722035880897
BisectingKMeans,"{'n_clusters': 7, 'init': 'k-means++', 'algorithm': 'elkan', 'random_state': 5055}",0.23284551272720405,801.5436549619569,1.3271154216995413
BisectingKMeans,"{'n_clusters': 7, 'init': 'k-means++', 'algorithm': 'elkan', 'random_state': 6066}",0.31729424652624094,877.4865415661911,1.2395800585510486
BisectingKMeans,"{'n_clusters': 7, 'init': 'random', 'algorithm': 'lloyd', 'random_state': 42}",0.3172296741530786,877.5221723310622,1.2392543439154113
BisectingKMeans,"{'n_clusters': 7, 'init': 'random', 'algorithm': 'lloyd', 'random_state': 123}",0.3235236096533876,857.9465712012922,1.2537275639575316
BisectingKMeans,"{'n_clusters': 7, 'init': 'random', 'algorithm': 'lloyd', 'random_state': 456}",0.31500433962863794,852.005078633786,1.3078719235735368
BisectingKMeans,"{'n_clusters': 7, 'init': 'random', 'algorithm': 'lloyd', 'random_state': 789}",0.33590002472050334,910.6237370798119,1.2092253274043017
BisectingKMeans,"{'n_clusters': 7, 'init': 'random', 'algorithm': 'lloyd', 'random_state': 1011}",0.3235236096533876,857.9465712012922,1.2537275639575316
BisectingKMeans,"{'n_clusters': 7, 'init': 'random', 'algorithm': 'lloyd', 'random_state': 2022}",0.3236113140416793,858.9619752899066,1.255018607176091
BisectingKMeans,"{'n_clusters': 7, 'init': 'random', 'algorithm': 'lloyd', 'random_state': 3033}",0.33558435052341257,910.4232849900679,1.2145413883538632
BisectingKMeans,"{'n_clusters': 7, 'init': 'random', 'algorithm': 'lloyd', 'random_state': 4044}",0.3172296741530786,877.5221723310622,1.2392543439154113
BisectingKMeans,"{'n_clusters': 7, 'init': 'random', 'algorithm': 'lloyd', 'random_state': 5055}",0.31720744710256965,877.4611687575156,1.2418648949373332
BisectingKMeans,"{'n_clusters': 7, 'init': 'random', 'algorithm': 'lloyd', 'random_state': 6066}",0.32381036182987255,857.9146324454082,1.2494871759913153
BisectingKMeans,"{'n_clusters': 7, 'init': 'random', 'algorithm': 'elkan', 'random_state': 42}",0.3172296741530786,877.5221723310622,1.2392543439154113
BisectingKMeans,"{'n_clusters': 7, 'init': 'random', 'algorithm': 'elkan', 'random_state': 123}",0.3235236096533876,857.9465712012922,1.2537275639575316
BisectingKMeans,"{'n_clusters': 7, 'init': 'random', 'algorithm': 'elkan', 'random_state': 456}",0.31500433962863794,852.005078633786,1.3078719235735368
BisectingKMeans,"{'n_clusters': 7, 'init': 'random', 'algorithm': 'elkan', 'random_state': 789}",0.33590002472050334,910.6237370798119,1.2092253274043017
BisectingKMeans,"{'n_clusters': 7, 'init': 'random', 'algorithm': 'elkan', 'random_state': 1011}",0.3235236096533876,857.9465712012922,1.2537275639575316
BisectingKMeans,"{'n_clusters': 7, 'init': 'random', 'algorithm': 'elkan', 'random_state': 2022}",0.3236113140416793,858.9619752899066,1.255018607176091
BisectingKMeans,"{'n_clusters': 7, 'init': 'random', 'algorithm': 'elkan', 'random_state': 3033}",0.33558435052341257,910.4232849900679,1.2145413883538632
BisectingKMeans,"{'n_clusters': 7, 'init': 'random', 'algorithm': 'elkan', 'random_state': 4044}",0.3172296741530786,877.5221723310622,1.2392543439154113
BisectingKMeans,"{'n_clusters': 7, 'init': 'random', 'algorithm': 'elkan', 'random_state': 5055}",0.31720744710256965,877.4611687575156,1.2418648949373332
BisectingKMeans,"{'n_clusters': 7, 'init': 'random', 'algorithm': 'elkan', 'random_state': 6066}",0.32381036182987255,857.9146324454082,1.2494871759913153
BisectingKMeans,"{'n_clusters': 8, 'init': 'k-means++', 'algorithm': 'lloyd', 'random_state': 42}",0.2490889300887315,807.7250810452194,1.3072712844888692
BisectingKMeans,"{'n_clusters': 8, 'init': 'k-means++', 'algorithm': 'lloyd', 'random_state': 123}",0.24761018614979255,785.9872070369031,1.3656959200926186
BisectingKMeans,"{'n_clusters': 8, 'init': 'k-means++', 'algorithm': 'lloyd', 'random_state': 456}",0.24241009463165628,825.8792426354852,1.2909849936644293
BisectingKMeans,"{'n_clusters': 8, 'init': 'k-means++', 'algorithm': 'lloyd', 'random_state': 789}",0.25539886702724973,828.4527293353236,1.3081975689518694
BisectingKMeans,"{'n_clusters': 8, 'init': 'k-means++', 'algorithm': 'lloyd', 'random_state': 1011}",0.27934161912137623,782.7172283525722,1.4021474027456786
BisectingKMeans,"{'n_clusters': 8, 'init': 'k-means++', 'algorithm': 'lloyd', 'random_state': 2022}",0.2953136044273141,777.1946794384187,1.3825361780339827
BisectingKMeans,"{'n_clusters': 8, 'init': 'k-means++', 'algorithm': 'lloyd', 'random_state': 3033}",0.24813838774936023,838.120142864195,1.2863702198522398
BisectingKMeans,"{'n_clusters': 8, 'init': 'k-means++', 'algorithm': 'lloyd', 'random_state': 4044}",0.2502537479973319,811.1113909891891,1.3068233328529593
BisectingKMeans,"{'n_clusters': 8, 'init': 'k-means++', 'algorithm': 'lloyd', 'random_state': 5055}",0.23673960773867508,777.354567817109,1.3299395772772973
BisectingKMeans,"{'n_clusters': 8, 'init': 'k-means++', 'algorithm': 'lloyd', 'random_state': 6066}",0.25548430597257027,828.5124677878335,1.305665741739681
BisectingKMeans,"{'n_clusters': 8, 'init': 'k-means++', 'algorithm': 'elkan', 'random_state': 42}",0.2490889300887315,807.7250810452194,1.3072712844888692
BisectingKMeans,"{'n_clusters': 8, 'init': 'k-means++', 'algorithm': 'elkan', 'random_state': 123}",0.24761018614979255,785.9872070369031,1.3656959200926186
BisectingKMeans,"{'n_clusters': 8, 'init': 'k-means++', 'algorithm': 'elkan', 'random_state': 456}",0.24241009463165628,825.8792426354852,1.2909849936644293
BisectingKMeans,"{'n_clusters': 8, 'init': 'k-means++', 'algorithm': 'elkan', 'random_state': 789}",0.25539886702724973,828.4527293353236,1.3081975689518694
BisectingKMeans,"{'n_clusters': 8, 'init': 'k-means++', 'algorithm': 'elkan', 'random_state': 1011}",0.27934161912137623,782.7172283525722,1.4021474027456786
BisectingKMeans,"{'n_clusters': 8, 'init': 'k-means++', 'algorithm': 'elkan', 'random_state': 2022}",0.2953136044273141,777.1946794384187,1.3825361780339827
BisectingKMeans,"{'n_clusters': 8, 'init': 'k-means++', 'algorithm': 'elkan', 'random_state': 3033}",0.24813838774936023,838.120142864195,1.2863702198522398
BisectingKMeans,"{'n_clusters': 8, 'init': 'k-means++', 'algorithm': 'elkan', 'random_state': 4044}",0.2502537479973319,811.1113909891891,1.3068233328529593
BisectingKMeans,"{'n_clusters': 8, 'init': 'k-means++', 'algorithm': 'elkan', 'random_state': 5055}",0.23673960773867508,777.354567817109,1.3299395772772973
BisectingKMeans,"{'n_clusters': 8, 'init': 'k-means++', 'algorithm': 'elkan', 'random_state': 6066}",0.25548430597257027,828.5124677878335,1.305665741739681
BisectingKMeans,"{'n_clusters': 8, 'init': 'random', 'algorithm': 'lloyd', 'random_state': 42}",0.25468424589392336,827.7272447200324,1.3045729079701633
BisectingKMeans,"{'n_clusters': 8, 'init': 'random', 'algorithm': 'lloyd', 'random_state': 123}",0.24976519683827664,810.1146646788337,1.305655537891759
BisectingKMeans,"{'n_clusters': 8, 'init': 'random', 'algorithm': 'lloyd', 'random_state': 456}",0.25229100897748424,802.88744455717,1.3661328739936693
BisectingKMeans,"{'n_clusters': 8, 'init': 'random', 'algorithm': 'lloyd', 'random_state': 789}",0.34428149577709516,894.9138013319296,1.1665918219260234
BisectingKMeans,"{'n_clusters': 8, 'init': 'random', 'algorithm': 'lloyd', 'random_state': 1011}",0.24976519683827664,810.1146646788337,1.305655537891759
BisectingKMeans,"{'n_clusters': 8, 'init': 'random', 'algorithm': 'lloyd', 'random_state': 2022}",0.25046291524700026,811.8450976876683,1.3058677490025354
BisectingKMeans,"{'n_clusters': 8, 'init': 'random', 'algorithm': 'lloyd', 'random_state': 3033}",0.3439777954959282,894.578832646685,1.1713517990751243
BisectingKMeans,"{'n_clusters': 8, 'init': 'random', 'algorithm': 'lloyd', 'random_state': 4044}",0.2545178050337467,827.7208583498943,1.3060924917928096
BisectingKMeans,"{'n_clusters': 8, 'init': 'random', 'algorithm': 'lloyd', 'random_state': 5055}",0.2546115893700145,827.701372980649,1.3072446070642032
BisectingKMeans,"{'n_clusters': 8, 'init': 'random', 'algorithm': 'lloyd', 'random_state': 6066}",0.2500432735929883,810.0835275844584,1.3019451984213195
BisectingKMeans,"{'n_clusters': 8, 'init': 'random', 'algorithm': 'elkan', 'random_state': 42}",0.25468424589392336,827.7272447200324,1.3045729079701633
BisectingKMeans,"{'n_clusters': 8, 'init': 'random', 'algorithm': 'elkan', 'random_state': 123}",0.24976519683827664,810.1146646788337,1.305655537891759
BisectingKMeans,"{'n_clusters': 8, 'init': 'random', 'algorithm': 'elkan', 'random_state': 456}",0.25229100897748424,802.88744455717,1.3661328739936693
BisectingKMeans,"{'n_clusters': 8, 'init': 'random', 'algorithm': 'elkan', 'random_state': 789}",0.34428149577709516,894.9138013319296,1.1665918219260234
BisectingKMeans,"{'n_clusters': 8, 'init': 'random', 'algorithm': 'elkan', 'random_state': 1011}",0.24976519683827664,810.1146646788337,1.305655537891759
BisectingKMeans,"{'n_clusters': 8, 'init': 'random', 'algorithm': 'elkan', 'random_state': 2022}",0.25046291524700026,811.8450976876683,1.3058677490025354
BisectingKMeans,"{'n_clusters': 8, 'init': 'random', 'algorithm': 'elkan', 'random_state': 3033}",0.3439777954959282,894.578832646685,1.1713517990751243
BisectingKMeans,"{'n_clusters': 8, 'init': 'random', 'algorithm': 'elkan', 'random_state': 4044}",0.2545178050337467,827.7208583498943,1.3060924917928096
BisectingKMeans,"{'n_clusters': 8, 'init': 'random', 'algorithm': 'elkan', 'random_state': 5055}",0.2546115893700145,827.701372980649,1.3072446070642032
BisectingKMeans,"{'n_clusters': 8, 'init': 'random', 'algorithm': 'elkan', 'random_state': 6066}",0.2500432735929883,810.0835275844584,1.3019451984213195
BisectingKMeans,"{'n_clusters': 9, 'init': 'k-means++', 'algorithm': 'lloyd', 'random_state': 42}",0.2755147469816955,812.7760604879373,1.266743474671256
BisectingKMeans,"{'n_clusters': 9, 'init': 'k-means++', 'algorithm': 'lloyd', 'random_state': 123}",0.2742446898898331,789.426629156807,1.318773207055099
BisectingKMeans,"{'n_clusters': 9, 'init': 'k-means++', 'algorithm': 'lloyd', 'random_state': 456}",0.2582854890721413,807.0969889714275,1.2600101234972065
BisectingKMeans,"{'n_clusters': 9, 'init': 'k-means++', 'algorithm': 'lloyd', 'random_state': 789}",0.2755067128704301,814.0743336106376,1.2678827797185812
BisectingKMeans,"{'n_clusters': 9, 'init': 'k-means++', 'algorithm': 'lloyd', 'random_state': 1011}",0.3026755680249551,785.9722425313003,1.3501947426966887
BisectingKMeans,"{'n_clusters': 9, 'init': 'k-means++', 'algorithm': 'lloyd', 'random_state': 2022}",0.23006120096722046,748.0570462525656,1.4117125741373242
BisectingKMeans,"{'n_clusters': 9, 'init': 'k-means++', 'algorithm': 'lloyd', 'random_state': 3033}",0.2696615451692618,826.7552665083689,1.246287012774176
BisectingKMeans,"{'n_clusters': 9, 'init': 'k-means++', 'algorithm': 'lloyd', 'random_state': 4044}",0.27664419593262374,816.0313472625772,1.2660088971624972
BisectingKMeans,"{'n_clusters': 9, 'init': 'k-means++', 'algorithm': 'lloyd', 'random_state': 5055}",0.20260139879050423,747.8955761843392,1.3580148716124096
BisectingKMeans,"{'n_clusters': 9, 'init': 'k-means++', 'algorithm': 'lloyd', 'random_state': 6066}",0.2757564605160082,814.1542350389053,1.268367763360427
BisectingKMeans,"{'n_clusters': 9, 'init': 'k-means++', 'algorithm': 'elkan', 'random_state': 42}",0.2755147469816955,812.7760604879373,1.266743474671256
BisectingKMeans,"{'n_clusters': 9, 'init': 'k-means++', 'algorithm': 'elkan', 'random_state': 123}",0.2742446898898331,789.426629156807,1.318773207055099
BisectingKMeans,"{'n_clusters': 9, 'init': 'k-means++', 'algorithm': 'elkan', 'random_state': 456}",0.2582854890721413,807.0969889714275,1.2600101234972065
BisectingKMeans,"{'n_clusters': 9, 'init': 'k-means++', 'algorithm': 'elkan', 'random_state': 789}",0.2755067128704301,814.0743336106376,1.2678827797185812
BisectingKMeans,"{'n_clusters': 9, 'init': 'k-means++', 'algorithm': 'elkan', 'random_state': 1011}",0.3026755680249551,785.9722425313003,1.3501947426966887
BisectingKMeans,"{'n_clusters': 9, 'init': 'k-means++', 'algorithm': 'elkan', 'random_state': 2022}",0.23006120096722046,748.0570462525656,1.4117125741373242
BisectingKMeans,"{'n_clusters': 9, 'init': 'k-means++', 'algorithm': 'elkan', 'random_state': 3033}",0.2696615451692618,826.7552665083689,1.246287012774176
BisectingKMeans,"{'n_clusters': 9, 'init': 'k-means++', 'algorithm': 'elkan', 'random_state': 4044}",0.27664419593262374,816.0313472625772,1.2660088971624972
BisectingKMeans,"{'n_clusters': 9, 'init': 'k-means++', 'algorithm': 'elkan', 'random_state': 5055}",0.20260139879050423,747.8955761843392,1.3580148716124096
BisectingKMeans,"{'n_clusters': 9, 'init': 'k-means++', 'algorithm': 'elkan', 'random_state': 6066}",0.2757564605160082,814.1542350389053,1.268367763360427
BisectingKMeans,"{'n_clusters': 9, 'init': 'random', 'algorithm': 'lloyd', 'random_state': 42}",0.2749684619917636,813.1874009853934,1.268429300516015
BisectingKMeans,"{'n_clusters': 9, 'init': 'random', 'algorithm': 'lloyd', 'random_state': 123}",0.27618546286820855,814.9737337269828,1.2654039784321125
BisectingKMeans,"{'n_clusters': 9, 'init': 'random', 'algorithm': 'lloyd', 'random_state': 456}",0.272816222118504,787.7120555449696,1.3230424467098605
BisectingKMeans,"{'n_clusters': 9, 'init': 'random', 'algorithm': 'lloyd', 'random_state': 789}",0.33682269133359505,827.791568304724,1.331358851745803
BisectingKMeans,"{'n_clusters': 9, 'init': 'random', 'algorithm': 'lloyd', 'random_state': 1011}",0.27618546286820855,814.9737337269826,1.2654039784321125
BisectingKMeans,"{'n_clusters': 9, 'init': 'random', 'algorithm': 'lloyd', 'random_state': 2022}",0.27690846134893543,816.8099878886021,1.2648929499402362
BisectingKMeans,"{'n_clusters': 9, 'init': 'random', 'algorithm': 'lloyd', 'random_state': 3033}",0.2846718300977199,860.4662098310961,1.2213668675451888
BisectingKMeans,"{'n_clusters': 9, 'init': 'random', 'algorithm': 'lloyd', 'random_state': 4044}",0.2747589131047819,813.180840024812,1.2696732180868744
BisectingKMeans,"{'n_clusters': 9, 'init': 'random', 'algorithm': 'lloyd', 'random_state': 5055}",0.2749209174589277,813.1608220006113,1.2708041441551616
BisectingKMeans,"{'n_clusters': 9, 'init': 'random', 'algorithm': 'lloyd', 'random_state': 6066}",0.27642895348403673,814.9406974236384,1.2621058989028333
BisectingKMeans,"{'n_clusters': 9, 'init': 'random', 'algorithm': 'elkan', 'random_state': 42}",0.2749684619917636,813.1874009853934,1.268429300516015
BisectingKMeans,"{'n_clusters': 9, 'init': 'random', 'algorithm': 'elkan', 'random_state': 123}",0.27618546286820855,814.9737337269828,1.2654039784321125
BisectingKMeans,"{'n_clusters': 9, 'init': 'random', 'algorithm': 'elkan', 'random_state': 456}",0.272816222118504,787.7120555449696,1.3230424467098605
BisectingKMeans,"{'n_clusters': 9, 'init': 'random', 'algorithm': 'elkan', 'random_state': 789}",0.33682269133359505,827.791568304724,1.331358851745803
BisectingKMeans,"{'n_clusters': 9, 'init': 'random', 'algorithm': 'elkan', 'random_state': 1011}",0.27618546286820855,814.9737337269826,1.2654039784321125
BisectingKMeans,"{'n_clusters': 9, 'init': 'random', 'algorithm': 'elkan', 'random_state': 2022}",0.27690846134893543,816.8099878886021,1.2648929499402362
BisectingKMeans,"{'n_clusters': 9, 'init': 'random', 'algorithm': 'elkan', 'random_state': 3033}",0.2846718300977199,860.4662098310961,1.2213668675451888
BisectingKMeans,"{'n_clusters': 9, 'init': 'random', 'algorithm': 'elkan', 'random_state': 4044}",0.2747589131047819,813.180840024812,1.2696732180868744
BisectingKMeans,"{'n_clusters': 9, 'init': 'random', 'algorithm': 'elkan', 'random_state': 5055}",0.2749209174589277,813.1608220006113,1.2708041441551616
BisectingKMeans,"{'n_clusters': 9, 'init': 'random', 'algorithm': 'elkan', 'random_state': 6066}",0.27642895348403673,814.9406974236384,1.2621058989028333
BisectingKMeans,"{'n_clusters': 10, 'init': 'k-means++', 'algorithm': 'lloyd', 'random_state': 42}",0.27582611547795344,777.2371015589009,1.2778818718391602
BisectingKMeans,"{'n_clusters': 10, 'init': 'k-means++', 'algorithm': 'lloyd', 'random_state': 123}",0.273662615640407,762.1125391153897,1.2814461057415203
BisectingKMeans,"{'n_clusters': 10, 'init': 'k-means++', 'algorithm': 'lloyd', 'random_state': 456}",0.2591562741124269,773.2773351185728,1.2804212748875148
BisectingKMeans,"{'n_clusters': 10, 'init': 'k-means++', 'algorithm': 'lloyd', 'random_state': 789}",0.27558009803346445,777.2875854505663,1.2736724625504559
BisectingKMeans,"{'n_clusters': 10, 'init': 'k-means++', 'algorithm': 'lloyd', 'random_state': 1011}",0.2943514039158494,734.5850957549012,1.4745842326134955
BisectingKMeans,"{'n_clusters': 10, 'init': 'k-means++', 'algorithm': 'lloyd', 'random_state': 2022}",0.25124384965329916,747.8762679070375,1.3703284772739397
BisectingKMeans,"{'n_clusters': 10, 'init': 'k-means++', 'algorithm': 'lloyd', 'random_state': 3033}",0.2706375411543312,792.7382281675556,1.2680704752367873
BisectingKMeans,"{'n_clusters': 10, 'init': 'k-means++', 'algorithm': 'lloyd', 'random_state': 4044}",0.2770141085833914,781.054489187399,1.2774088822634455
BisectingKMeans,"{'n_clusters': 10, 'init': 'k-means++', 'algorithm': 'lloyd', 'random_state': 5055}",0.22559656446376594,743.5370686675793,1.3226873180764633
BisectingKMeans,"{'n_clusters': 10, 'init': 'k-means++', 'algorithm': 'lloyd', 'random_state': 6066}",0.2676792252209737,761.5351435033996,1.3990101106360016
BisectingKMeans,"{'n_clusters': 10, 'init': 'k-means++', 'algorithm': 'elkan', 'random_state': 42}",0.27582611547795344,777.2371015589009,1.2778818718391602
BisectingKMeans,"{'n_clusters': 10, 'init': 'k-means++', 'algorithm': 'elkan', 'random_state': 123}",0.273662615640407,762.1125391153897,1.2814461057415203
BisectingKMeans,"{'n_clusters': 10, 'init': 'k-means++', 'algorithm': 'elkan', 'random_state': 456}",0.2591562741124269,773.2773351185728,1.2804212748875148
BisectingKMeans,"{'n_clusters': 10, 'init': 'k-means++', 'algorithm': 'elkan', 'random_state': 789}",0.27558009803346445,777.2875854505663,1.2736724625504559
BisectingKMeans,"{'n_clusters': 10, 'init': 'k-means++', 'algorithm': 'elkan', 'random_state': 1011}",0.2943514039158494,734.5850957549012,1.4745842326134955
BisectingKMeans,"{'n_clusters': 10, 'init': 'k-means++', 'algorithm': 'elkan', 'random_state': 2022}",0.25124384965329916,747.8762679070375,1.3703284772739397
BisectingKMeans,"{'n_clusters': 10, 'init': 'k-means++', 'algorithm': 'elkan', 'random_state': 3033}",0.2706375411543312,792.7382281675556,1.2680704752367873
BisectingKMeans,"{'n_clusters': 10, 'init': 'k-means++', 'algorithm': 'elkan', 'random_state': 4044}",0.2770141085833914,781.054489187399,1.2774088822634455
BisectingKMeans,"{'n_clusters': 10, 'init': 'k-means++', 'algorithm': 'elkan', 'random_state': 5055}",0.22559656446376594,743.5370686675793,1.3226873180764633
BisectingKMeans,"{'n_clusters': 10, 'init': 'k-means++', 'algorithm': 'elkan', 'random_state': 6066}",0.2676792252209737,761.5351435033996,1.3990101106360016
BisectingKMeans,"{'n_clusters': 10, 'init': 'random', 'algorithm': 'lloyd', 'random_state': 42}",0.2752906467852723,777.64291038168,1.2793991150994433
BisectingKMeans,"{'n_clusters': 10, 'init': 'random', 'algorithm': 'lloyd', 'random_state': 123}",0.27650395264913835,779.405400915924,1.276676325223931
BisectingKMeans,"{'n_clusters': 10, 'init': 'random', 'algorithm': 'lloyd', 'random_state': 456}",0.27223564952710716,760.399608263066,1.2852884214308056
BisectingKMeans,"{'n_clusters': 10, 'init': 'random', 'algorithm': 'lloyd', 'random_state': 789}",0.2796417312786497,810.8036524250035,1.3587902579363444
BisectingKMeans,"{'n_clusters': 10, 'init': 'random', 'algorithm': 'lloyd', 'random_state': 1011}",0.27650395264913835,779.4054009159237,1.2766763252239313
BisectingKMeans,"{'n_clusters': 10, 'init': 'random', 'algorithm': 'lloyd', 'random_state': 2022}",0.26878126541967756,763.6492237538872,1.3957831847012696
BisectingKMeans,"{'n_clusters': 10, 'init': 'random', 'algorithm': 'lloyd', 'random_state': 3033}",0.28575929639467235,826.1962657966947,1.2456423445306988
BisectingKMeans,"{'n_clusters': 10, 'init': 'random', 'algorithm': 'lloyd', 'random_state': 4044}",0.2750851867186056,777.6364375304505,1.2805186409132165
BisectingKMeans,"{'n_clusters': 10, 'init': 'random', 'algorithm': 'lloyd', 'random_state': 5055}",0.27498244716140186,776.3883541985753,1.2763016905433784
BisectingKMeans,"{'n_clusters': 10, 'init': 'random', 'algorithm': 'lloyd', 'random_state': 6066}",0.2681168159329612,762.2458360428873,1.4028825173961266
BisectingKMeans,"{'n_clusters': 10, 'init': 'random', 'algorithm': 'elkan', 'random_state': 42}",0.2752906467852723,777.64291038168,1.2793991150994433
BisectingKMeans,"{'n_clusters': 10, 'init': 'random', 'algorithm': 'elkan', 'random_state': 123}",0.27650395264913835,779.405400915924,1.276676325223931
BisectingKMeans,"{'n_clusters': 10, 'init': 'random', 'algorithm': 'elkan', 'random_state': 456}",0.27223564952710716,760.399608263066,1.2852884214308056
BisectingKMeans,"{'n_clusters': 10, 'init': 'random', 'algorithm': 'elkan', 'random_state': 789}",0.2796417312786497,810.8036524250035,1.3587902579363444
BisectingKMeans,"{'n_clusters': 10, 'init': 'random', 'algorithm': 'elkan', 'random_state': 1011}",0.27650395264913835,779.4054009159237,1.2766763252239313
BisectingKMeans,"{'n_clusters': 10, 'init': 'random', 'algorithm': 'elkan', 'random_state': 2022}",0.26878126541967756,763.6492237538872,1.3957831847012696
BisectingKMeans,"{'n_clusters': 10, 'init': 'random', 'algorithm': 'elkan', 'random_state': 3033}",0.28575929639467235,826.1962657966947,1.2456423445306988
BisectingKMeans,"{'n_clusters': 10, 'init': 'random', 'algorithm': 'elkan', 'random_state': 4044}",0.2750851867186056,777.6364375304505,1.2805186409132165
BisectingKMeans,"{'n_clusters': 10, 'init': 'random', 'algorithm': 'elkan', 'random_state': 5055}",0.27498244716140186,776.3883541985753,1.2763016905433784
BisectingKMeans,"{'n_clusters': 10, 'init': 'random', 'algorithm': 'elkan', 'random_state': 6066}",0.2681168159329612,762.2458360428873,1.4028825173961266
BisectingKMeans,"{'n_clusters': 11, 'init': 'k-means++', 'algorithm': 'lloyd', 'random_state': 42}",0.2577835440415261,731.0320744954536,1.355250151942072
BisectingKMeans,"{'n_clusters': 11, 'init': 'k-means++', 'algorithm': 'lloyd', 'random_state': 123}",0.2787051247982897,744.9523418129571,1.2685812390314977
BisectingKMeans,"{'n_clusters': 11, 'init': 'k-means++', 'algorithm': 'lloyd', 'random_state': 456}",0.2550550740882814,741.2456631985,1.2901365589222802
BisectingKMeans,"{'n_clusters': 11, 'init': 'k-means++', 'algorithm': 'lloyd', 'random_state': 789}",0.2575345781894237,731.7876531153338,1.3491056707619766
BisectingKMeans,"{'n_clusters': 11, 'init': 'k-means++', 'algorithm': 'lloyd', 'random_state': 1011}",0.2477974122341275,705.2014276140862,1.438839407468317
BisectingKMeans,"{'n_clusters': 11, 'init': 'k-means++', 'algorithm': 'lloyd', 'random_state': 2022}",0.25897611442013657,724.9357548180908,1.3488226418048554
BisectingKMeans,"{'n_clusters': 11, 'init': 'k-means++', 'algorithm': 'lloyd', 'random_state': 3033}",0.27337924464683555,759.8791739922997,1.2796115991891832
BisectingKMeans,"{'n_clusters': 11, 'init': 'k-means++', 'algorithm': 'lloyd', 'random_state': 4044}",0.2584667686630906,733.9241145042898,1.3553313707908188
BisectingKMeans,"{'n_clusters': 11, 'init': 'k-means++', 'algorithm': 'lloyd', 'random_state': 5055}",0.2183777216773204,708.8037259355241,1.4434051579753038
BisectingKMeans,"{'n_clusters': 11, 'init': 'k-means++', 'algorithm': 'lloyd', 'random_state': 6066}",0.2497237843697824,716.657015242728,1.4629819132598263
BisectingKMeans,"{'n_clusters': 11, 'init': 'k-means++', 'algorithm': 'elkan', 'random_state': 42}",0.2577835440415261,731.0320744954536,1.355250151942072
BisectingKMeans,"{'n_clusters': 11, 'init': 'k-means++', 'algorithm': 'elkan', 'random_state': 123}",0.2787051247982897,744.9523418129571,1.2685812390314977
BisectingKMeans,"{'n_clusters': 11, 'init': 'k-means++', 'algorithm': 'elkan', 'random_state': 456}",0.2550550740882814,741.2456631985,1.2901365589222802
BisectingKMeans,"{'n_clusters': 11, 'init': 'k-means++', 'algorithm': 'elkan', 'random_state': 789}",0.2575345781894237,731.7876531153338,1.3491056707619766
BisectingKMeans,"{'n_clusters': 11, 'init': 'k-means++', 'algorithm': 'elkan', 'random_state': 1011}",0.2477974122341275,705.2014276140862,1.438839407468317
BisectingKMeans,"{'n_clusters': 11, 'init': 'k-means++', 'algorithm': 'elkan', 'random_state': 2022}",0.25897611442013657,724.9357548180908,1.3488226418048554
BisectingKMeans,"{'n_clusters': 11, 'init': 'k-means++', 'algorithm': 'elkan', 'random_state': 3033}",0.27337924464683555,759.8791739922997,1.2796115991891832
BisectingKMeans,"{'n_clusters': 11, 'init': 'k-means++', 'algorithm': 'elkan', 'random_state': 4044}",0.2584667686630906,733.9241145042898,1.3553313707908188
BisectingKMeans,"{'n_clusters': 11, 'init': 'k-means++', 'algorithm': 'elkan', 'random_state': 5055}",0.2183777216773204,708.8037259355241,1.4434051579753038
BisectingKMeans,"{'n_clusters': 11, 'init': 'k-means++', 'algorithm': 'elkan', 'random_state': 6066}",0.2497237843697824,716.657015242728,1.4629819132598263
BisectingKMeans,"{'n_clusters': 11, 'init': 'random', 'algorithm': 'lloyd', 'random_state': 42}",0.2572862698845829,732.1290614425885,1.354977817753936
BisectingKMeans,"{'n_clusters': 11, 'init': 'random', 'algorithm': 'lloyd', 'random_state': 123}",0.2579366361020994,732.3440003889369,1.3552129414525054
BisectingKMeans,"{'n_clusters': 11, 'init': 'random', 'algorithm': 'lloyd', 'random_state': 456}",0.2772394426402181,743.2191076378155,1.2727236558063049
BisectingKMeans,"{'n_clusters': 11, 'init': 'random', 'algorithm': 'lloyd', 'random_state': 789}",0.28229802807267335,775.5850036087753,1.358715935937581
BisectingKMeans,"{'n_clusters': 11, 'init': 'random', 'algorithm': 'lloyd', 'random_state': 1011}",0.2579366361020994,732.3440003889368,1.3552129414525054
BisectingKMeans,"{'n_clusters': 11, 'init': 'random', 'algorithm': 'lloyd', 'random_state': 2022}",0.25031231408043747,715.0832702981429,1.445219967851035
BisectingKMeans,"{'n_clusters': 11, 'init': 'random', 'algorithm': 'lloyd', 'random_state': 3033}",0.28847407262140423,792.9464713819651,1.2592223894563757
BisectingKMeans,"{'n_clusters': 11, 'init': 'random', 'algorithm': 'lloyd', 'random_state': 4044}",0.257035263284145,732.2079453163477,1.3550876203978932
BisectingKMeans,"{'n_clusters': 11, 'init': 'random', 'algorithm': 'lloyd', 'random_state': 5055}",0.25681867307512907,730.8783065017332,1.3518128340928344
BisectingKMeans,"{'n_clusters': 11, 'init': 'random', 'algorithm': 'lloyd', 'random_state': 6066}",0.24971020244006165,713.7458359010155,1.4518671892313626
BisectingKMeans,"{'n_clusters': 11, 'init': 'random', 'algorithm': 'elkan', 'random_state': 42}",0.2572862698845829,732.1290614425885,1.354977817753936
BisectingKMeans,"{'n_clusters': 11, 'init': 'random', 'algorithm': 'elkan', 'random_state': 123}",0.2579366361020994,732.3440003889369,1.3552129414525054
BisectingKMeans,"{'n_clusters': 11, 'init': 'random', 'algorithm': 'elkan', 'random_state': 456}",0.2772394426402181,743.2191076378155,1.2727236558063049
BisectingKMeans,"{'n_clusters': 11, 'init': 'random', 'algorithm': 'elkan', 'random_state': 789}",0.28229802807267335,775.5850036087753,1.358715935937581
BisectingKMeans,"{'n_clusters': 11, 'init': 'random', 'algorithm': 'elkan', 'random_state': 1011}",0.2579366361020994,732.3440003889368,1.3552129414525054
BisectingKMeans,"{'n_clusters': 11, 'init': 'random', 'algorithm': 'elkan', 'random_state': 2022}",0.25031231408043747,715.0832702981429,1.445219967851035
BisectingKMeans,"{'n_clusters': 11, 'init': 'random', 'algorithm': 'elkan', 'random_state': 3033}",0.28847407262140423,792.9464713819651,1.2592223894563757
BisectingKMeans,"{'n_clusters': 11, 'init': 'random', 'algorithm': 'elkan', 'random_state': 4044}",0.257035263284145,732.2079453163477,1.3550876203978932
BisectingKMeans,"{'n_clusters': 11, 'init': 'random', 'algorithm': 'elkan', 'random_state': 5055}",0.25681867307512907,730.8783065017332,1.3518128340928344
BisectingKMeans,"{'n_clusters': 11, 'init': 'random', 'algorithm': 'elkan', 'random_state': 6066}",0.24971020244006165,713.7458359010155,1.4518671892313626
BisectingKMeans,"{'n_clusters': 12, 'init': 'k-means++', 'algorithm': 'lloyd', 'random_state': 42}",0.24591859738862293,698.4451206234867,1.3321699610175604
BisectingKMeans,"{'n_clusters': 12, 'init': 'k-means++', 'algorithm': 'lloyd', 'random_state': 123}",0.25972641120549106,707.8817125601621,1.3428656924736375
BisectingKMeans,"{'n_clusters': 12, 'init': 'k-means++', 'algorithm': 'lloyd', 'random_state': 456}",0.2578848287600045,718.5384067013287,1.2988770822381854
BisectingKMeans,"{'n_clusters': 12, 'init': 'k-means++', 'algorithm': 'lloyd', 'random_state': 789}",0.25896134487892686,704.4450218036305,1.3476300348752022
BisectingKMeans,"{'n_clusters': 12, 'init': 'k-means++', 'algorithm': 'lloyd', 'random_state': 1011}",0.23363102102254873,669.3532049408727,1.4857722698374733
BisectingKMeans,"{'n_clusters': 12, 'init': 'k-means++', 'algorithm': 'lloyd', 'random_state': 2022}",0.24215330745146207,689.9147610007434,1.4141945238357738
BisectingKMeans,"{'n_clusters': 12, 'init': 'k-means++', 'algorithm': 'lloyd', 'random_state': 3033}",0.27087263618155183,735.3515617459838,1.2932613566958635
BisectingKMeans,"{'n_clusters': 12, 'init': 'k-means++', 'algorithm': 'lloyd', 'random_state': 4044}",0.2600579999634209,706.9816977811766,1.3508086991619217
BisectingKMeans,"{'n_clusters': 12, 'init': 'k-means++', 'algorithm': 'lloyd', 'random_state': 5055}",0.21579701625612197,686.6813732960195,1.4404769257572239
BisectingKMeans,"{'n_clusters': 12, 'init': 'k-means++', 'algorithm': 'lloyd', 'random_state': 6066}",0.23664750298000412,684.1820622312671,1.4314091732911363
BisectingKMeans,"{'n_clusters': 12, 'init': 'k-means++', 'algorithm': 'elkan', 'random_state': 42}",0.24591859738862293,698.4451206234867,1.3321699610175604
BisectingKMeans,"{'n_clusters': 12, 'init': 'k-means++', 'algorithm': 'elkan', 'random_state': 123}",0.25972641120549106,707.8817125601621,1.3428656924736375
BisectingKMeans,"{'n_clusters': 12, 'init': 'k-means++', 'algorithm': 'elkan', 'random_state': 456}",0.2578848287600045,718.5384067013287,1.2988770822381854
BisectingKMeans,"{'n_clusters': 12, 'init': 'k-means++', 'algorithm': 'elkan', 'random_state': 789}",0.25896134487892686,704.4450218036305,1.3476300348752022
BisectingKMeans,"{'n_clusters': 12, 'init': 'k-means++', 'algorithm': 'elkan', 'random_state': 1011}",0.23363102102254873,669.3532049408727,1.4857722698374733
BisectingKMeans,"{'n_clusters': 12, 'init': 'k-means++', 'algorithm': 'elkan', 'random_state': 2022}",0.24215330745146207,689.9147610007434,1.4141945238357738
BisectingKMeans,"{'n_clusters': 12, 'init': 'k-means++', 'algorithm': 'elkan', 'random_state': 3033}",0.27087263618155183,735.3515617459838,1.2932613566958635
BisectingKMeans,"{'n_clusters': 12, 'init': 'k-means++', 'algorithm': 'elkan', 'random_state': 4044}",0.2600579999634209,706.9816977811766,1.3508086991619217
BisectingKMeans,"{'n_clusters': 12, 'init': 'k-means++', 'algorithm': 'elkan', 'random_state': 5055}",0.21579701625612197,686.6813732960195,1.4404769257572239
BisectingKMeans,"{'n_clusters': 12, 'init': 'k-means++', 'algorithm': 'elkan', 'random_state': 6066}",0.23664750298000412,684.1820622312671,1.4314091732911363
BisectingKMeans,"{'n_clusters': 12, 'init': 'random', 'algorithm': 'lloyd', 'random_state': 42}",0.2420750629571197,702.5942943020086,1.372820924213045
BisectingKMeans,"{'n_clusters': 12, 'init': 'random', 'algorithm': 'lloyd', 'random_state': 123}",0.2449295707451226,699.0115389613478,1.3357200241111895
BisectingKMeans,"{'n_clusters': 12, 'init': 'random', 'algorithm': 'lloyd', 'random_state': 456}",0.2593320346176824,707.7017083108557,1.3420829103101488
BisectingKMeans,"{'n_clusters': 12, 'init': 'random', 'algorithm': 'lloyd', 'random_state': 789}",0.2784257864703075,748.3505294187443,1.3556381802123534
BisectingKMeans,"{'n_clusters': 12, 'init': 'random', 'algorithm': 'lloyd', 'random_state': 1011}",0.2449295707451226,699.0115389613478,1.335720024111189
BisectingKMeans,"{'n_clusters': 12, 'init': 'random', 'algorithm': 'lloyd', 'random_state': 2022}",0.2524017823480138,688.5973525593411,1.4324552734145988
BisectingKMeans,"{'n_clusters': 12, 'init': 'random', 'algorithm': 'lloyd', 'random_state': 3033}",0.2827077012211891,744.3543617789992,1.3713649192511397
BisectingKMeans,"{'n_clusters': 12, 'init': 'random', 'algorithm': 'lloyd', 'random_state': 4044}",0.24182118221854426,702.6719526794343,1.3729215766366722
BisectingKMeans,"{'n_clusters': 12, 'init': 'random', 'algorithm': 'lloyd', 'random_state': 5055}",0.25824522350614926,703.5457386541168,1.3501116012618217
BisectingKMeans,"{'n_clusters': 12, 'init': 'random', 'algorithm': 'lloyd', 'random_state': 6066}",0.24060043397330858,680.8602632369231,1.428037320429926
BisectingKMeans,"{'n_clusters': 12, 'init': 'random', 'algorithm': 'elkan', 'random_state': 42}",0.2420750629571197,702.5942943020086,1.372820924213045
BisectingKMeans,"{'n_clusters': 12, 'init': 'random', 'algorithm': 'elkan', 'random_state': 123}",0.2449295707451226,699.0115389613478,1.3357200241111895
BisectingKMeans,"{'n_clusters': 12, 'init': 'random', 'algorithm': 'elkan', 'random_state': 456}",0.2593320346176824,707.7017083108557,1.3420829103101488
BisectingKMeans,"{'n_clusters': 12, 'init': 'random', 'algorithm': 'elkan', 'random_state': 789}",0.2784257864703075,748.3505294187443,1.3556381802123534
BisectingKMeans,"{'n_clusters': 12, 'init': 'random', 'algorithm': 'elkan', 'random_state': 1011}",0.2449295707451226,699.0115389613478,1.335720024111189
BisectingKMeans,"{'n_clusters': 12, 'init': 'random', 'algorithm': 'elkan', 'random_state': 2022}",0.2524017823480138,688.5973525593411,1.4324552734145988
BisectingKMeans,"{'n_clusters': 12, 'init': 'random', 'algorithm': 'elkan', 'random_state': 3033}",0.2827077012211891,744.3543617789992,1.3713649192511397
BisectingKMeans,"{'n_clusters': 12, 'init': 'random', 'algorithm': 'elkan', 'random_state': 4044}",0.24182118221854426,702.6719526794343,1.3729215766366722
BisectingKMeans,"{'n_clusters': 12, 'init': 'random', 'algorithm': 'elkan', 'random_state': 5055}",0.25824522350614926,703.5457386541168,1.3501116012618217
BisectingKMeans,"{'n_clusters': 12, 'init': 'random', 'algorithm': 'elkan', 'random_state': 6066}",0.24060043397330858,680.8602632369231,1.428037320429926
AgglomerativeClustering,"{'n_clusters': 5, 'linkage': 'ward', 'metric': 'euclidean'}",0.2988013511536612,955.3253369263782,1.0921609184689014
AgglomerativeClustering,"{'n_clusters': 5, 'linkage': 'complete', 'metric': 'euclidean'}",0.3241653744652892,326.4706283585769,1.3228145887301497
AgglomerativeClustering,"{'n_clusters': 5, 'linkage': 'complete', 'metric': 'l1'}",0.20287239633683138,476.2927746663966,1.510454723370462
AgglomerativeClustering,"{'n_clusters': 5, 'linkage': 'complete', 'metric': 'l2'}",0.3241653744652892,326.4706283585769,1.3228145887301497
AgglomerativeClustering,"{'n_clusters': 5, 'linkage': 'complete', 'metric': 'manhattan'}",0.20287239633683138,476.2927746663966,1.510454723370462
AgglomerativeClustering,"{'n_clusters': 5, 'linkage': 'complete', 'metric': 'cosine'}",-0.08415808781077155,227.17371424049122,1.8932289604555916
AgglomerativeClustering,"{'n_clusters': 5, 'linkage': 'average', 'metric': 'euclidean'}",0.3710848174863864,241.9753313618554,0.8739489752756466
AgglomerativeClustering,"{'n_clusters': 5, 'linkage': 'average', 'metric': 'l1'}",0.36734179632605324,301.68521085924215,1.186782905480756
AgglomerativeClustering,"{'n_clusters': 5, 'linkage': 'average', 'metric': 'l2'}",0.3710848174863864,241.9753313618554,0.8739489752756466
AgglomerativeClustering,"{'n_clusters': 5, 'linkage': 'average', 'metric': 'manhattan'}",0.36734179632605324,301.68521085924215,1.186782905480756
AgglomerativeClustering,"{'n_clusters': 5, 'linkage': 'average', 'metric': 'cosine'}",0.1363310872665966,416.98294622129555,1.4574835930861263
AgglomerativeClustering,"{'n_clusters': 5, 'linkage': 'single', 'metric': 'euclidean'}",0.42734586220162496,7.896471501348412,0.353353391402279
AgglomerativeClustering,"{'n_clusters': 5, 'linkage': 'single', 'metric': 'l1'}",0.42575296106921,7.9082602682368615,0.3525494464837333
AgglomerativeClustering,"{'n_clusters': 5, 'linkage': 'single', 'metric': 'l2'}",0.42734586220162496,7.896471501348412,0.353353391402279
AgglomerativeClustering,"{'n_clusters': 5, 'linkage': 'single', 'metric': 'manhattan'}",0.42575296106921,7.9082602682368615,0.3525494464837333
AgglomerativeClustering,"{'n_clusters': 5, 'linkage': 'single', 'metric': 'cosine'}",-0.3436679474726265,1.0334024717608432,1.717509104730702
AgglomerativeClustering,"{'n_clusters': 6, 'linkage': 'ward', 'metric': 'euclidean'}",0.3089542496677546,917.798855916204,1.2020074665347222
AgglomerativeClustering,"{'n_clusters': 6, 'linkage': 'complete', 'metric': 'euclidean'}",0.282760500888991,470.7574698529208,1.4455662500575963
AgglomerativeClustering,"{'n_clusters': 6, 'linkage': 'complete', 'metric': 'l1'}",0.20861754309920663,482.15900635602253,1.4631634605705999
AgglomerativeClustering,"{'n_clusters': 6, 'linkage': 'complete', 'metric': 'l2'}",0.282760500888991,470.7574698529208,1.4455662500575963
AgglomerativeClustering,"{'n_clusters': 6, 'linkage': 'complete', 'metric': 'manhattan'}",0.20861754309920663,482.15900635602253,1.4631634605705999
AgglomerativeClustering,"{'n_clusters': 6, 'linkage': 'complete', 'metric': 'cosine'}",-0.08346594044523373,199.12945378657133,1.89286209373879
AgglomerativeClustering,"{'n_clusters': 6, 'linkage': 'average', 'metric': 'euclidean'}",0.3651212416558009,201.1534106564871,0.9644044408534893
AgglomerativeClustering,"{'n_clusters': 6, 'linkage': 'average', 'metric': 'l1'}",0.35877085498822825,254.27773882001375,1.223803779313786
AgglomerativeClustering,"{'n_clusters': 6, 'linkage': 'average', 'metric': 'l2'}",0.3651212416558009,201.1534106564871,0.9644044408534893
AgglomerativeClustering,"{'n_clusters': 6, 'linkage': 'average', 'metric': 'manhattan'}",0.35877085498822825,254.27773882001375,1.223803779313786
AgglomerativeClustering,"{'n_clusters': 6, 'linkage': 'average', 'metric': 'cosine'}",0.20327974877711882,720.6039840690264,1.1786550864999294
AgglomerativeClustering,"{'n_clusters': 6, 'linkage': 'single', 'metric': 'euclidean'}",0.4213752870910472,9.298560828230498,0.4407569614164703
AgglomerativeClustering,"{'n_clusters': 6, 'linkage': 'single', 'metric': 'l1'}",0.4259715500186569,7.778302045114401,0.3503407255628879
AgglomerativeClustering,"{'n_clusters': 6, 'linkage': 'single', 'metric': 'l2'}",0.4213752870910472,9.298560828230498,0.4407569614164703
AgglomerativeClustering,"{'n_clusters': 6, 'linkage': 'single', 'metric': 'manhattan'}",0.4259715500186569,7.778302045114401,0.3503407255628879
AgglomerativeClustering,"{'n_clusters': 6, 'linkage': 'single', 'metric': 'cosine'}",-0.3506304092387367,0.8793936298980459,1.727541619726441
AgglomerativeClustering,"{'n_clusters': 7, 'linkage': 'ward', 'metric': 'euclidean'}",0.31332665705310003,871.5611544605583,1.2065911672109837
AgglomerativeClustering,"{'n_clusters': 7, 'linkage': 'complete', 'metric': 'euclidean'}",0.26902676763001127,402.29092318255476,1.6489174235162631
AgglomerativeClustering,"{'n_clusters': 7, 'linkage': 'complete', 'metric': 'l1'}",0.20836768016269383,409.14748574029335,1.492273905432644
AgglomerativeClustering,"{'n_clusters': 7, 'linkage': 'complete', 'metric': 'l2'}",0.26902676763001127,402.29092318255476,1.6489174235162631
AgglomerativeClustering,"{'n_clusters': 7, 'linkage': 'complete', 'metric': 'manhattan'}",0.20836768016269383,409.14748574029335,1.492273905432644
AgglomerativeClustering,"{'n_clusters': 7, 'linkage': 'complete', 'metric': 'cosine'}",-0.06672188343880722,187.14586956688365,1.861758184793125
AgglomerativeClustering,"{'n_clusters': 7, 'linkage': 'average', 'metric': 'euclidean'}",0.31552376771382706,179.30756791658544,1.004775883447659
AgglomerativeClustering,"{'n_clusters': 7, 'linkage': 'average', 'metric': 'l1'}",0.3562338820740084,212.33058805839912,1.1075745189680002
AgglomerativeClustering,"{'n_clusters': 7, 'linkage': 'average', 'metric': 'l2'}",0.31552376771382706,179.30756791658544,1.004775883447659
AgglomerativeClustering,"{'n_clusters': 7, 'linkage': 'average', 'metric': 'manhattan'}",0.3562338820740084,212.33058805839912,1.1075745189680002
AgglomerativeClustering,"{'n_clusters': 7, 'linkage': 'average', 'metric': 'cosine'}",0.06525481500314557,600.6836488337897,1.228115362736914
AgglomerativeClustering,"{'n_clusters': 7, 'linkage': 'single', 'metric': 'euclidean'}",0.39004550157397794,7.828814309220674,0.3955071273954541
AgglomerativeClustering,"{'n_clusters': 7, 'linkage': 'single', 'metric': 'l1'}",0.363216850573098,7.157750916033386,0.3714167407316823
AgglomerativeClustering,"{'n_clusters': 7, 'linkage': 'single', 'metric': 'l2'}",0.39004550157397794,7.828814309220674,0.3955071273954541
AgglomerativeClustering,"{'n_clusters': 7, 'linkage': 'single', 'metric': 'manhattan'}",0.363216850573098,7.157750916033386,0.3714167407316823
AgglomerativeClustering,"{'n_clusters': 7, 'linkage': 'single', 'metric': 'cosine'}",-0.36996493973139793,0.7671948028632939,1.7894821117472743
AgglomerativeClustering,"{'n_clusters': 8, 'linkage': 'ward', 'metric': 'euclidean'}",0.33491076593235625,854.6721350803576,1.1989395638621891
AgglomerativeClustering,"{'n_clusters': 8, 'linkage': 'complete', 'metric': 'euclidean'}",0.2684774381940775,353.9667600962926,1.504932031747996
AgglomerativeClustering,"{'n_clusters': 8, 'linkage': 'complete', 'metric': 'l1'}",0.19451818238496899,379.2073358989833,1.4082153881494976
AgglomerativeClustering,"{'n_clusters': 8, 'linkage': 'complete', 'metric': 'l2'}",0.2684774381940775,353.9667600962926,1.504932031747996
AgglomerativeClustering,"{'n_clusters': 8, 'linkage': 'complete', 'metric': 'manhattan'}",0.19451818238496899,379.2073358989833,1.4082153881494976
AgglomerativeClustering,"{'n_clusters': 8, 'linkage': 'complete', 'metric': 'cosine'}",-0.03815292243708396,211.30430717551397,1.7557855373765716
AgglomerativeClustering,"{'n_clusters': 8, 'linkage': 'average', 'metric': 'euclidean'}",0.31298837478692476,188.62701589608304,1.001239371645812
AgglomerativeClustering,"{'n_clusters': 8, 'linkage': 'average', 'metric': 'l1'}",0.34133444408404634,183.13452748670713,0.9930931647735426
AgglomerativeClustering,"{'n_clusters': 8, 'linkage': 'average', 'metric': 'l2'}",0.31298837478692476,188.62701589608304,1.001239371645812
AgglomerativeClustering,"{'n_clusters': 8, 'linkage': 'average', 'metric': 'manhattan'}",0.34133444408404634,183.13452748670713,0.9930931647735426
AgglomerativeClustering,"{'n_clusters': 8, 'linkage': 'average', 'metric': 'cosine'}",0.05536531750453475,527.0559194230091,1.201638720321723
AgglomerativeClustering,"{'n_clusters': 8, 'linkage': 'single', 'metric': 'euclidean'}",0.3250774905784965,7.192911631721029,0.40851309425797183
AgglomerativeClustering,"{'n_clusters': 8, 'linkage': 'single', 'metric': 'l1'}",0.3161363534302714,6.616368054309251,0.3930809879924386
AgglomerativeClustering,"{'n_clusters': 8, 'linkage': 'single', 'metric': 'l2'}",0.3250774905784965,7.192911631721029,0.40851309425797183
AgglomerativeClustering,"{'n_clusters': 8, 'linkage': 'single', 'metric': 'manhattan'}",0.3161363534302714,6.616368054309251,0.3930809879924386
AgglomerativeClustering,"{'n_clusters': 8, 'linkage': 'single', 'metric': 'cosine'}",-0.3759052981907659,0.7290763499819047,1.7271681720976582
AgglomerativeClustering,"{'n_clusters': 9, 'linkage': 'ward', 'metric': 'euclidean'}",0.33811711335037203,814.6462888079132,1.2318769621326602
AgglomerativeClustering,"{'n_clusters': 9, 'linkage': 'complete', 'metric': 'euclidean'}",0.20550139287855843,362.4815792241924,1.6076282537428892
AgglomerativeClustering,"{'n_clusters': 9, 'linkage': 'complete', 'metric': 'l1'}",0.1845000833376828,425.0423460906251,1.5075600119291697
AgglomerativeClustering,"{'n_clusters': 9, 'linkage': 'complete', 'metric': 'l2'}",0.20550139287855843,362.4815792241924,1.6076282537428892
AgglomerativeClustering,"{'n_clusters': 9, 'linkage': 'complete', 'metric': 'manhattan'}",0.1845000833376828,425.0423460906251,1.5075600119291697
AgglomerativeClustering,"{'n_clusters': 9, 'linkage': 'complete', 'metric': 'cosine'}",-0.02320641540456413,198.67374769866447,1.6703240332133684
AgglomerativeClustering,"{'n_clusters': 9, 'linkage': 'average', 'metric': 'euclidean'}",0.30194025976041755,165.6305760144781,0.9335815449500475
AgglomerativeClustering,"{'n_clusters': 9, 'linkage': 'average', 'metric': 'l1'}",0.3424745933531383,312.0599185084207,1.0362188426166579
AgglomerativeClustering,"{'n_clusters': 9, 'linkage': 'average', 'metric': 'l2'}",0.30194025976041755,165.6305760144781,0.9335815449500475
AgglomerativeClustering,"{'n_clusters': 9, 'linkage': 'average', 'metric': 'manhattan'}",0.3424745933531383,312.0599185084207,1.0362188426166579
AgglomerativeClustering,"{'n_clusters': 9, 'linkage': 'average', 'metric': 'cosine'}",0.06609721914920658,472.7398468825635,1.2281859601405987
AgglomerativeClustering,"{'n_clusters': 9, 'linkage': 'single', 'metric': 'euclidean'}",0.3230557549832728,6.915245750338921,0.40875945696390203
AgglomerativeClustering,"{'n_clusters': 9, 'linkage': 'single', 'metric': 'l1'}",0.3118477179861661,8.710976239442962,0.43025982533902896
AgglomerativeClustering,"{'n_clusters': 9, 'linkage': 'single', 'metric': 'l2'}",0.3230557549832728,6.915245750338921,0.40875945696390203
AgglomerativeClustering,"{'n_clusters': 9, 'linkage': 'single', 'metric': 'manhattan'}",0.3118477179861661,8.710976239442962,0.43025982533902896
AgglomerativeClustering,"{'n_clusters': 9, 'linkage': 'single', 'metric': 'cosine'}",-0.38493666396297316,0.665877392197666,1.749542218735844
AgglomerativeClustering,"{'n_clusters': 10, 'linkage': 'ward', 'metric': 'euclidean'}",0.31499363280491505,789.186489086734,1.2705557178673461
AgglomerativeClustering,"{'n_clusters': 10, 'linkage': 'complete', 'metric': 'euclidean'}",0.21032389480525443,336.6797498103164,1.5633905857728778
AgglomerativeClustering,"{'n_clusters': 10, 'linkage': 'complete', 'metric': 'l1'}",0.18741888934834083,398.11508094161877,1.4957972637501258
AgglomerativeClustering,"{'n_clusters': 10, 'linkage': 'complete', 'metric': 'l2'}",0.21032389480525443,336.6797498103164,1.5633905857728778
AgglomerativeClustering,"{'n_clusters': 10, 'linkage': 'complete', 'metric': 'manhattan'}",0.18741888934834083,398.11508094161877,1.4957972637501258
AgglomerativeClustering,"{'n_clusters': 10, 'linkage': 'complete', 'metric': 'cosine'}",0.009647896372351658,229.7040975342682,1.6057248150020527
AgglomerativeClustering,"{'n_clusters': 10, 'linkage': 'average', 'metric': 'euclidean'}",0.3311541798405702,287.07662121686764,0.9495640115348507
AgglomerativeClustering,"{'n_clusters': 10, 'linkage': 'average', 'metric': 'l1'}",0.3422192463078126,280.17252549688567,1.0825584529685743
AgglomerativeClustering,"{'n_clusters': 10, 'linkage': 'average', 'metric': 'l2'}",0.3311541798405702,287.07662121686764,0.9495640115348507
AgglomerativeClustering,"{'n_clusters': 10, 'linkage': 'average', 'metric': 'manhattan'}",0.3422192463078126,280.17252549688567,1.0825584529685743
AgglomerativeClustering,"{'n_clusters': 10, 'linkage': 'average', 'metric': 'cosine'}",0.07366086252536036,425.30219250685803,1.307144264172589
AgglomerativeClustering,"{'n_clusters': 10, 'linkage': 'single', 'metric': 'euclidean'}",0.32320370667373477,7.020786679417786,0.40038686794285283
AgglomerativeClustering,"{'n_clusters': 10, 'linkage': 'single', 'metric': 'l1'}",0.3120367632742965,8.626172848082748,0.419668323145829
AgglomerativeClustering,"{'n_clusters': 10, 'linkage': 'single', 'metric': 'l2'}",0.32320370667373477,7.020786679417786,0.40038686794285283
AgglomerativeClustering,"{'n_clusters': 10, 'linkage': 'single', 'metric': 'manhattan'}",0.3120367632742965,8.626172848082748,0.419668323145829
AgglomerativeClustering,"{'n_clusters': 10, 'linkage': 'single', 'metric': 'cosine'}",-0.38522655255984695,0.6180425284401794,1.7624948391607855
AgglomerativeClustering,"{'n_clusters': 11, 'linkage': 'ward', 'metric': 'euclidean'}",0.3186112392518573,761.2466038867542,1.257487389834627
AgglomerativeClustering,"{'n_clusters': 11, 'linkage': 'complete', 'metric': 'euclidean'}",0.2693743642200066,441.0697466383448,1.4936301373441816
AgglomerativeClustering,"{'n_clusters': 11, 'linkage': 'complete', 'metric': 'l1'}",0.18694046848597082,362.69134575468377,1.3837446342833675
AgglomerativeClustering,"{'n_clusters': 11, 'linkage': 'complete', 'metric': 'l2'}",0.2693743642200066,441.0697466383448,1.4936301373441816
AgglomerativeClustering,"{'n_clusters': 11, 'linkage': 'complete', 'metric': 'manhattan'}",0.18694046848597082,362.69134575468377,1.3837446342833675
AgglomerativeClustering,"{'n_clusters': 11, 'linkage': 'complete', 'metric': 'cosine'}",0.0005282707479584709,208.30822271196334,1.6353347306341548
AgglomerativeClustering,"{'n_clusters': 11, 'linkage': 'average', 'metric': 'euclidean'}",0.33147127014925803,268.73368763664246,0.9750697190374292
AgglomerativeClustering,"{'n_clusters': 11, 'linkage': 'average', 'metric': 'l1'}",0.3418280259735426,266.82228257335925,1.1522684938052778
AgglomerativeClustering,"{'n_clusters': 11, 'linkage': 'average', 'metric': 'l2'}",0.33147127014925803,268.73368763664246,0.9750697190374292
AgglomerativeClustering,"{'n_clusters': 11, 'linkage': 'average', 'metric': 'manhattan'}",0.3418280259735426,266.82228257335925,1.1522684938052778
AgglomerativeClustering,"{'n_clusters': 11, 'linkage': 'average', 'metric': 'cosine'}",0.07856491890703411,385.8831145929209,1.3228397341172216
AgglomerativeClustering,"{'n_clusters': 11, 'linkage': 'single', 'metric': 'euclidean'}",0.3133409449335333,6.730880245329943,0.4050896118218655
AgglomerativeClustering,"{'n_clusters': 11, 'linkage': 'single', 'metric': 'l1'}",0.30452633942355556,8.304732144453515,0.417465358524944
AgglomerativeClustering,"{'n_clusters': 11, 'linkage': 'single', 'metric': 'l2'}",0.3133409449335333,6.730880245329943,0.4050896118218655
AgglomerativeClustering,"{'n_clusters': 11, 'linkage': 'single', 'metric': 'manhattan'}",0.30452633942355556,8.304732144453515,0.417465358524944
AgglomerativeClustering,"{'n_clusters': 11, 'linkage': 'single', 'metric': 'cosine'}",-0.3943277105955447,0.5709987267054608,1.850259546051626
AgglomerativeClustering,"{'n_clusters': 12, 'linkage': 'ward', 'metric': 'euclidean'}",0.26966566553211313,735.8374647353844,1.258716733944422
AgglomerativeClustering,"{'n_clusters': 12, 'linkage': 'complete', 'metric': 'euclidean'}",0.2711440161638224,408.6052473697874,1.450762480712103
AgglomerativeClustering,"{'n_clusters': 12, 'linkage': 'complete', 'metric': 'l1'}",0.1830929693385411,334.31095384914585,1.4687672461294443
AgglomerativeClustering,"{'n_clusters': 12, 'linkage': 'complete', 'metric': 'l2'}",0.2711440161638224,408.6052473697874,1.450762480712103
AgglomerativeClustering,"{'n_clusters': 12, 'linkage': 'complete', 'metric': 'manhattan'}",0.1830929693385411,334.31095384914585,1.4687672461294443
AgglomerativeClustering,"{'n_clusters': 12, 'linkage': 'complete', 'metric': 'cosine'}",0.03823662341674105,241.0311646081984,1.6284888238207464
AgglomerativeClustering,"{'n_clusters': 12, 'linkage': 'average', 'metric': 'euclidean'}",0.3227827019946203,247.1644712117589,0.9747550728933296
AgglomerativeClustering,"{'n_clusters': 12, 'linkage': 'average', 'metric': 'l1'}",0.3410888642325587,244.15912508740553,1.1370342150566322
AgglomerativeClustering,"{'n_clusters': 12, 'linkage': 'average', 'metric': 'l2'}",0.3227827019946203,247.1644712117589,0.9747550728933296
AgglomerativeClustering,"{'n_clusters': 12, 'linkage': 'average', 'metric': 'manhattan'}",0.3410888642325587,244.15912508740553,1.1370342150566322
AgglomerativeClustering,"{'n_clusters': 12, 'linkage': 'average', 'metric': 'cosine'}",0.08076869176223153,368.5443352263151,1.363522704009512
AgglomerativeClustering,"{'n_clusters': 12, 'linkage': 'single', 'metric': 'euclidean'}",0.31149132828032633,6.622688066582749,0.40371765258792586
AgglomerativeClustering,"{'n_clusters': 12, 'linkage': 'single', 'metric': 'l1'}",0.3027016613291603,7.626270115300329,0.40376778113150363
AgglomerativeClustering,"{'n_clusters': 12, 'linkage': 'single', 'metric': 'l2'}",0.31149132828032633,6.622688066582749,0.40371765258792586
AgglomerativeClustering,"{'n_clusters': 12, 'linkage': 'single', 'metric': 'manhattan'}",0.3027016613291603,7.626270115300329,0.40376778113150363
AgglomerativeClustering,"{'n_clusters': 12, 'linkage': 'single', 'metric': 'cosine'}",-0.3957313973331209,0.5640631914952892,1.851354382225739
AgglomerativeClustering,"{'n_clusters': 13, 'linkage': 'ward', 'metric': 'euclidean'}",0.2679328640708596,711.3679970892532,1.2591954423386449
AgglomerativeClustering,"{'n_clusters': 13, 'linkage': 'complete', 'metric': 'euclidean'}",0.2551747307704039,390.59496586002984,1.419861305581583
AgglomerativeClustering,"{'n_clusters': 13, 'linkage': 'complete', 'metric': 'l1'}",0.18393238153153485,311.7245868441698,1.4278342459137312
AgglomerativeClustering,"{'n_clusters': 13, 'linkage': 'complete', 'metric': 'l2'}",0.2551747307704039,390.59496586002984,1.419861305581583
AgglomerativeClustering,"{'n_clusters': 13, 'linkage': 'complete', 'metric': 'manhattan'}",0.18393238153153485,311.7245868441698,1.4278342459137312
AgglomerativeClustering,"{'n_clusters': 13, 'linkage': 'complete', 'metric': 'cosine'}",0.06054892017804031,305.5069917447663,1.6496310024433463
AgglomerativeClustering,"{'n_clusters': 13, 'linkage': 'average', 'metric': 'euclidean'}",0.3215270331855053,227.77691186977222,0.9637419077744638
AgglomerativeClustering,"{'n_clusters': 13, 'linkage': 'average', 'metric': 'l1'}",0.304534031193221,270.70591453925243,1.1342290246540112
AgglomerativeClustering,"{'n_clusters': 13, 'linkage': 'average', 'metric': 'l2'}",0.3215270331855053,227.77691186977222,0.9637419077744638
AgglomerativeClustering,"{'n_clusters': 13, 'linkage': 'average', 'metric': 'manhattan'}",0.304534031193221,270.70591453925243,1.1342290246540112
AgglomerativeClustering,"{'n_clusters': 13, 'linkage': 'average', 'metric': 'cosine'}",0.08079956616363217,347.043447265392,1.3575580906167646
AgglomerativeClustering,"{'n_clusters': 13, 'linkage': 'single', 'metric': 'euclidean'}",0.2709365141019889,6.349346148527818,0.4113473332881844
AgglomerativeClustering,"{'n_clusters': 13, 'linkage': 'single', 'metric': 'l1'}",0.3018711162873822,7.508765693450306,0.40096440156613916
AgglomerativeClustering,"{'n_clusters': 13, 'linkage': 'single', 'metric': 'l2'}",0.2709365141019889,6.349346148527818,0.4113473332881844
AgglomerativeClustering,"{'n_clusters': 13, 'linkage': 'single', 'metric': 'manhattan'}",0.3018711162873822,7.508765693450306,0.40096440156613916
AgglomerativeClustering,"{'n_clusters': 13, 'linkage': 'single', 'metric': 'cosine'}",-0.39585504988048137,0.5505939996957147,1.819515509657039
AgglomerativeClustering,"{'n_clusters': 14, 'linkage': 'ward', 'metric': 'euclidean'}",0.2467325253701986,687.6708533661738,1.302954022157964
AgglomerativeClustering,"{'n_clusters': 14, 'linkage': 'complete', 'metric': 'euclidean'}",0.24616783859173977,419.3370664025967,1.3868387435757323
AgglomerativeClustering,"{'n_clusters': 14, 'linkage': 'complete', 'metric': 'l1'}",0.1626156044820746,291.28319402907283,1.558861323161278
AgglomerativeClustering,"{'n_clusters': 14, 'linkage': 'complete', 'metric': 'l2'}",0.24616783859173977,419.3370664025967,1.3868387435757323
AgglomerativeClustering,"{'n_clusters': 14, 'linkage': 'complete', 'metric': 'manhattan'}",0.1626156044820746,291.28319402907283,1.558861323161278
AgglomerativeClustering,"{'n_clusters': 14, 'linkage': 'complete', 'metric': 'cosine'}",0.061367166877205975,286.6184819024666,1.6378189208230574
AgglomerativeClustering,"{'n_clusters': 14, 'linkage': 'average', 'metric': 'euclidean'}",0.31752412720958,213.55254172120678,1.0191079511271313
AgglomerativeClustering,"{'n_clusters': 14, 'linkage': 'average', 'metric': 'l1'}",0.2997837546520348,250.64339044355742,1.1231005878625795
AgglomerativeClustering,"{'n_clusters': 14, 'linkage': 'average', 'metric': 'l2'}",0.31752412720958,213.55254172120678,1.0191079511271313
AgglomerativeClustering,"{'n_clusters': 14, 'linkage': 'average', 'metric': 'manhattan'}",0.2997837546520348,250.64339044355742,1.1231005878625795
AgglomerativeClustering,"{'n_clusters': 14, 'linkage': 'average', 'metric': 'cosine'}",0.07895279193715334,324.77734063047143,1.3714329261803224
AgglomerativeClustering,"{'n_clusters': 14, 'linkage': 'single', 'metric': 'euclidean'}",0.1411087457980401,5.9911412068780825,0.44452919358731446
AgglomerativeClustering,"{'n_clusters': 14, 'linkage': 'single', 'metric': 'l1'}",0.15180997717639544,7.062098720481199,0.4348353810771974
AgglomerativeClustering,"{'n_clusters': 14, 'linkage': 'single', 'metric': 'l2'}",0.1411087457980401,5.9911412068780825,0.44452919358731446
AgglomerativeClustering,"{'n_clusters': 14, 'linkage': 'single', 'metric': 'manhattan'}",0.15180997717639544,7.062098720481199,0.4348353810771974
AgglomerativeClustering,"{'n_clusters': 14, 'linkage': 'single', 'metric': 'cosine'}",-0.39746279927918504,0.5284676711021684,1.8164395727960145
AgglomerativeClustering,"{'n_clusters': 15, 'linkage': 'ward', 'metric': 'euclidean'}",0.2409159858824404,666.7481109721434,1.339611668570457
AgglomerativeClustering,"{'n_clusters': 15, 'linkage': 'complete', 'metric': 'euclidean'}",0.24527689658360022,390.63151621622666,1.3295825495677862
AgglomerativeClustering,"{'n_clusters': 15, 'linkage': 'complete', 'metric': 'l1'}",0.19649686958008614,383.2953484892868,1.4992998482159792
AgglomerativeClustering,"{'n_clusters': 15, 'linkage': 'complete', 'metric': 'l2'}",0.24527689658360022,390.63151621622666,1.3295825495677862
AgglomerativeClustering,"{'n_clusters': 15, 'linkage': 'complete', 'metric': 'manhattan'}",0.19649686958008614,383.2953484892868,1.4992998482159792
AgglomerativeClustering,"{'n_clusters': 15, 'linkage': 'complete', 'metric': 'cosine'}",0.058974058500071536,272.00866772806614,1.6199894937272696
AgglomerativeClustering,"{'n_clusters': 15, 'linkage': 'average', 'metric': 'euclidean'}",0.3146681941560526,199.38115302742662,1.0391174004608457
AgglomerativeClustering,"{'n_clusters': 15, 'linkage': 'average', 'metric': 'l1'}",0.2991562907480382,233.6837377238516,1.065874619793545
AgglomerativeClustering,"{'n_clusters': 15, 'linkage': 'average', 'metric': 'l2'}",0.3146681941560526,199.38115302742662,1.0391174004608457
AgglomerativeClustering,"{'n_clusters': 15, 'linkage': 'average', 'metric': 'manhattan'}",0.2991562907480382,233.6837377238516,1.065874619793545
AgglomerativeClustering,"{'n_clusters': 15, 'linkage': 'average', 'metric': 'cosine'}",0.0731327512802755,301.66653889688075,1.3329525614733926
AgglomerativeClustering,"{'n_clusters': 15, 'linkage': 'single', 'metric': 'euclidean'}",0.13702537943744378,5.751780983776023,0.45258148382114977
AgglomerativeClustering,"{'n_clusters': 15, 'linkage': 'single', 'metric': 'l1'}",0.12368473802634691,6.764230257060204,0.44198868902384253
AgglomerativeClustering,"{'n_clusters': 15, 'linkage': 'single', 'metric': 'l2'}",0.13702537943744378,5.751780983776023,0.45258148382114977
AgglomerativeClustering,"{'n_clusters': 15, 'linkage': 'single', 'metric': 'manhattan'}",0.12368473802634691,6.764230257060204,0.44198868902384253
AgglomerativeClustering,"{'n_clusters': 15, 'linkage': 'single', 'metric': 'cosine'}",-0.4006538395851336,0.5128247819613015,1.8045636365302244
AgglomerativeClustering,"{'n_clusters': 16, 'linkage': 'ward', 'metric': 'euclidean'}",0.22341941073339147,646.1596711990285,1.4008406142970307
AgglomerativeClustering,"{'n_clusters': 16, 'linkage': 'complete', 'metric': 'euclidean'}",0.24551685029615697,370.0509347625153,1.3389026139346618
AgglomerativeClustering,"{'n_clusters': 16, 'linkage': 'complete', 'metric': 'l1'}",0.20779083462188408,441.77071026641676,1.5063877836400814
AgglomerativeClustering,"{'n_clusters': 16, 'linkage': 'complete', 'metric': 'l2'}",0.24551685029615697,370.0509347625153,1.3389026139346618
AgglomerativeClustering,"{'n_clusters': 16, 'linkage': 'complete', 'metric': 'manhattan'}",0.20779083462188408,441.77071026641676,1.5063877836400814
AgglomerativeClustering,"{'n_clusters': 16, 'linkage': 'complete', 'metric': 'cosine'}",0.06706259060824264,267.9123588768358,1.59074388863879
AgglomerativeClustering,"{'n_clusters': 16, 'linkage': 'average', 'metric': 'euclidean'}",0.2739489115837948,187.8505067759315,1.0076840092667536
AgglomerativeClustering,"{'n_clusters': 16, 'linkage': 'average', 'metric': 'l1'}",0.2980744176752478,221.4752999051409,1.0676210505375008
AgglomerativeClustering,"{'n_clusters': 16, 'linkage': 'average', 'metric': 'l2'}",0.2739489115837948,187.8505067759315,1.0076840092667536
AgglomerativeClustering,"{'n_clusters': 16, 'linkage': 'average', 'metric': 'manhattan'}",0.2980744176752478,221.4752999051409,1.0676210505375008
AgglomerativeClustering,"{'n_clusters': 16, 'linkage': 'average', 'metric': 'cosine'}",0.07483715387746549,283.3466719103154,1.3207691074135122
AgglomerativeClustering,"{'n_clusters': 16, 'linkage': 'single', 'metric': 'euclidean'}",0.13929706309214213,6.68298740386082,0.45652600317761016
AgglomerativeClustering,"{'n_clusters': 16, 'linkage': 'single', 'metric': 'l1'}",0.11845698957681187,6.662409234388225,0.43939643248476595
AgglomerativeClustering,"{'n_clusters': 16, 'linkage': 'single', 'metric': 'l2'}",0.13929706309214213,6.68298740386082,0.45652600317761016
AgglomerativeClustering,"{'n_clusters': 16, 'linkage': 'single', 'metric': 'manhattan'}",0.11845698957681187,6.662409234388225,0.43939643248476595
AgglomerativeClustering,"{'n_clusters': 16, 'linkage': 'single', 'metric': 'cosine'}",-0.40042736195843465,0.5244651276042548,1.8164220495351957
AgglomerativeClustering,"{'n_clusters': 17, 'linkage': 'ward', 'metric': 'euclidean'}",0.19390522806199606,626.3772403951032,1.4388824135306462
AgglomerativeClustering,"{'n_clusters': 17, 'linkage': 'complete', 'metric': 'euclidean'}",0.2440062668246918,350.28777508953226,1.4128271600786804
AgglomerativeClustering,"{'n_clusters': 17, 'linkage': 'complete', 'metric': 'l1'}",0.20542820783056773,421.74032850939193,1.484713685982903
AgglomerativeClustering,"{'n_clusters': 17, 'linkage': 'complete', 'metric': 'l2'}",0.2440062668246918,350.28777508953226,1.4128271600786804
AgglomerativeClustering,"{'n_clusters': 17, 'linkage': 'complete', 'metric': 'manhattan'}",0.20542820783056773,421.74032850939193,1.484713685982903
AgglomerativeClustering,"{'n_clusters': 17, 'linkage': 'complete', 'metric': 'cosine'}",0.0580448591859762,252.31046358752607,1.5939192417970356
AgglomerativeClustering,"{'n_clusters': 17, 'linkage': 'average', 'metric': 'euclidean'}",0.27321226868618514,176.4007913636324,0.9706048428728612
AgglomerativeClustering,"{'n_clusters': 17, 'linkage': 'average', 'metric': 'l1'}",0.2889703823292362,237.53399066098592,1.0685259610799749
AgglomerativeClustering,"{'n_clusters': 17, 'linkage': 'average', 'metric': 'l2'}",0.27321226868618514,176.4007913636324,0.9706048428728612
AgglomerativeClustering,"{'n_clusters': 17, 'linkage': 'average', 'metric': 'manhattan'}",0.2889703823292362,237.53399066098592,1.0685259610799749
AgglomerativeClustering,"{'n_clusters': 17, 'linkage': 'average', 'metric': 'cosine'}",0.07366920891780895,265.7418521241012,1.322715070291296
AgglomerativeClustering,"{'n_clusters': 17, 'linkage': 'single', 'metric': 'euclidean'}",0.12096673705213083,6.447046963825009,0.4614660689722429
AgglomerativeClustering,"{'n_clusters': 17, 'linkage': 'single', 'metric': 'l1'}",0.09712976687183139,6.352902533206445,0.4549387059319983
AgglomerativeClustering,"{'n_clusters': 17, 'linkage': 'single', 'metric': 'l2'}",0.12096673705213083,6.447046963825009,0.4614660689722429
AgglomerativeClustering,"{'n_clusters': 17, 'linkage': 'single', 'metric': 'manhattan'}",0.09712976687183139,6.352902533206445,0.4549387059319983
AgglomerativeClustering,"{'n_clusters': 17, 'linkage': 'single', 'metric': 'cosine'}",-0.39996714903472086,0.5257252346828336,1.815187133643309
AgglomerativeClustering,"{'n_clusters': 18, 'linkage': 'ward', 'metric': 'euclidean'}",0.19530830589964496,608.532343895324,1.4442628406430837
AgglomerativeClustering,"{'n_clusters': 18, 'linkage': 'complete', 'metric': 'euclidean'}",0.23277174576118378,339.38253361934966,1.423875489979902
AgglomerativeClustering,"{'n_clusters': 18, 'linkage': 'complete', 'metric': 'l1'}",0.2043650859183896,400.3146718039623,1.5706862621551545
AgglomerativeClustering,"{'n_clusters': 18, 'linkage': 'complete', 'metric': 'l2'}",0.23277174576118378,339.38253361934966,1.423875489979902
AgglomerativeClustering,"{'n_clusters': 18, 'linkage': 'complete', 'metric': 'manhattan'}",0.2043650859183896,400.3146718039623,1.5706862621551545
AgglomerativeClustering,"{'n_clusters': 18, 'linkage': 'complete', 'metric': 'cosine'}",0.036960156254113426,237.5680402813389,1.5632684837239392
AgglomerativeClustering,"{'n_clusters': 18, 'linkage': 'average', 'metric': 'euclidean'}",0.28110177266810976,175.3408332693455,0.9855497735530617
AgglomerativeClustering,"{'n_clusters': 18, 'linkage': 'average', 'metric': 'l1'}",0.2775705422897375,227.38922751669313,1.0902809459383582
AgglomerativeClustering,"{'n_clusters': 18, 'linkage': 'average', 'metric': 'l2'}",0.28110177266810976,175.3408332693455,0.9855497735530617
AgglomerativeClustering,"{'n_clusters': 18, 'linkage': 'average', 'metric': 'manhattan'}",0.2775705422897375,227.38922751669313,1.0902809459383582
AgglomerativeClustering,"{'n_clusters': 18, 'linkage': 'average', 'metric': 'cosine'}",0.10041960743898366,277.71549238506617,1.3351141313141544
AgglomerativeClustering,"{'n_clusters': 18, 'linkage': 'single', 'metric': 'euclidean'}",0.12119889877323728,6.286386411453443,0.46228970158810195
AgglomerativeClustering,"{'n_clusters': 18, 'linkage': 'single', 'metric': 'l1'}",0.09733374263743588,6.312944676832095,0.45093938295791985
AgglomerativeClustering,"{'n_clusters': 18, 'linkage': 'single', 'metric': 'l2'}",0.12119889877323728,6.286386411453443,0.46228970158810195
AgglomerativeClustering,"{'n_clusters': 18, 'linkage': 'single', 'metric': 'manhattan'}",0.09733374263743588,6.312944676832095,0.45093938295791985
AgglomerativeClustering,"{'n_clusters': 18, 'linkage': 'single', 'metric': 'cosine'}",-0.40041917198243865,0.5076046181632794,1.8227365490975762
AgglomerativeClustering,"{'n_clusters': 19, 'linkage': 'ward', 'metric': 'euclidean'}",0.19705958802203255,592.8353389267168,1.413079092899876
AgglomerativeClustering,"{'n_clusters': 19, 'linkage': 'complete', 'metric': 'euclidean'}",0.2613586513332799,413.30438504436285,1.3898609563512772
AgglomerativeClustering,"{'n_clusters': 19, 'linkage': 'complete', 'metric': 'l1'}",0.20314074987066988,387.10777364817244,1.5605323448818507
AgglomerativeClustering,"{'n_clusters': 19, 'linkage': 'complete', 'metric': 'l2'}",0.2613586513332799,413.30438504436285,1.3898609563512772
AgglomerativeClustering,"{'n_clusters': 19, 'linkage': 'complete', 'metric': 'manhattan'}",0.20314074987066988,387.10777364817244,1.5605323448818507
AgglomerativeClustering,"{'n_clusters': 19, 'linkage': 'complete', 'metric': 'cosine'}",0.03838132288885043,225.41289862183768,1.5405049842223595
AgglomerativeClustering,"{'n_clusters': 19, 'linkage': 'average', 'metric': 'euclidean'}",0.28057677328880704,167.14153683294006,0.9973499623004871
AgglomerativeClustering,"{'n_clusters': 19, 'linkage': 'average', 'metric': 'l1'}",0.27763811624119866,217.98165660259585,1.0875996786346274
AgglomerativeClustering,"{'n_clusters': 19, 'linkage': 'average', 'metric': 'l2'}",0.28057677328880704,167.14153683294006,0.9973499623004871
AgglomerativeClustering,"{'n_clusters': 19, 'linkage': 'average', 'metric': 'manhattan'}",0.27763811624119866,217.98165660259585,1.0875996786346274
AgglomerativeClustering,"{'n_clusters': 19, 'linkage': 'average', 'metric': 'cosine'}",0.09792762727353177,263.1038298495191,1.3066230971749773
AgglomerativeClustering,"{'n_clusters': 19, 'linkage': 'single', 'metric': 'euclidean'}",0.20812221284870103,55.936363620462046,0.6947830521807313
AgglomerativeClustering,"{'n_clusters': 19, 'linkage': 'single', 'metric': 'l1'}",0.0958568399976294,6.218533253248292,0.4496978496533581
AgglomerativeClustering,"{'n_clusters': 19, 'linkage': 'single', 'metric': 'l2'}",0.20812221284870103,55.936363620462046,0.6947830521807313
AgglomerativeClustering,"{'n_clusters': 19, 'linkage': 'single', 'metric': 'manhattan'}",0.0958568399976294,6.218533253248292,0.4496978496533581
AgglomerativeClustering,"{'n_clusters': 19, 'linkage': 'single', 'metric': 'cosine'}",-0.40048203831278617,0.4915698230605194,1.8291403362683651
AgglomerativeClustering,"{'n_clusters': 20, 'linkage': 'ward', 'metric': 'euclidean'}",0.19918287134043447,579.4406361213288,1.407971338971897
AgglomerativeClustering,"{'n_clusters': 20, 'linkage': 'complete', 'metric': 'euclidean'}",0.2521890960332343,404.02552781559956,1.3829411820233595
AgglomerativeClustering,"{'n_clusters': 20, 'linkage': 'complete', 'metric': 'l1'}",0.20204462013734215,368.89417960696346,1.5730687463384843
AgglomerativeClustering,"{'n_clusters': 20, 'linkage': 'complete', 'metric': 'l2'}",0.2521890960332343,404.02552781559956,1.3829411820233595
AgglomerativeClustering,"{'n_clusters': 20, 'linkage': 'complete', 'metric': 'manhattan'}",0.20204462013734215,368.89417960696346,1.5730687463384843
AgglomerativeClustering,"{'n_clusters': 20, 'linkage': 'complete', 'metric': 'cosine'}",0.0363506521408954,214.92425972732525,1.5296403038465458
AgglomerativeClustering,"{'n_clusters': 20, 'linkage': 'average', 'metric': 'euclidean'}",0.2736216208587268,177.37033964143748,0.9853262615299923
AgglomerativeClustering,"{'n_clusters': 20, 'linkage': 'average', 'metric': 'l1'}",0.2754011888233092,207.05785354878046,1.0426847784341033
AgglomerativeClustering,"{'n_clusters': 20, 'linkage': 'average', 'metric': 'l2'}",0.2736216208587268,177.37033964143748,0.9853262615299923
AgglomerativeClustering,"{'n_clusters': 20, 'linkage': 'average', 'metric': 'manhattan'}",0.2754011888233092,207.05785354878046,1.0426847784341033
AgglomerativeClustering,"{'n_clusters': 20, 'linkage': 'average', 'metric': 'cosine'}",0.10295673505165108,251.12974065588054,1.3103741895339633
AgglomerativeClustering,"{'n_clusters': 20, 'linkage': 'single', 'metric': 'euclidean'}",0.18723665786720223,53.05136100403666,0.7144481506366496
AgglomerativeClustering,"{'n_clusters': 20, 'linkage': 'single', 'metric': 'l1'}",0.09863765583627473,7.155110592735204,0.4995395709286772
AgglomerativeClustering,"{'n_clusters': 20, 'linkage': 'single', 'metric': 'l2'}",0.18723665786720223,53.05136100403666,0.7144481506366496
AgglomerativeClustering,"{'n_clusters': 20, 'linkage': 'single', 'metric': 'manhattan'}",0.09863765583627473,7.155110592735204,0.4995395709286772
AgglomerativeClustering,"{'n_clusters': 20, 'linkage': 'single', 'metric': 'cosine'}",-0.40096256331290825,0.46559621448259486,1.8226854257045957
AgglomerativeClustering,"{'n_clusters': 21, 'linkage': 'ward', 'metric': 'euclidean'}",0.20102194603947343,567.380577311841,1.3852325320587842
AgglomerativeClustering,"{'n_clusters': 21, 'linkage': 'complete', 'metric': 'euclidean'}",0.2507760848532534,387.5549649740617,1.3750401833663701
AgglomerativeClustering,"{'n_clusters': 21, 'linkage': 'complete', 'metric': 'l1'}",0.20356520939829706,356.65974295883973,1.5806028880017675
AgglomerativeClustering,"{'n_clusters': 21, 'linkage': 'complete', 'metric': 'l2'}",0.2507760848532534,387.5549649740617,1.3750401833663701
AgglomerativeClustering,"{'n_clusters': 21, 'linkage': 'complete', 'metric': 'manhattan'}",0.20356520939829706,356.65974295883973,1.5806028880017675
AgglomerativeClustering,"{'n_clusters': 21, 'linkage': 'complete', 'metric': 'cosine'}",0.03843951938866028,205.44648028482666,1.5291641662971944
AgglomerativeClustering,"{'n_clusters': 21, 'linkage': 'average', 'metric': 'euclidean'}",0.27071600129841455,169.04438817144757,0.9723927190011902
AgglomerativeClustering,"{'n_clusters': 21, 'linkage': 'average', 'metric': 'l1'}",0.27385167960205054,196.96296615526026,0.9982399940802159
AgglomerativeClustering,"{'n_clusters': 21, 'linkage': 'average', 'metric': 'l2'}",0.27071600129841455,169.04438817144757,0.9723927190011902
AgglomerativeClustering,"{'n_clusters': 21, 'linkage': 'average', 'metric': 'manhattan'}",0.27385167960205054,196.96296615526026,0.9982399940802159
AgglomerativeClustering,"{'n_clusters': 21, 'linkage': 'average', 'metric': 'cosine'}",0.09854243905547704,238.50924833216965,1.2826235205716718
AgglomerativeClustering,"{'n_clusters': 21, 'linkage': 'single', 'metric': 'euclidean'}",0.186759578816234,50.66405682384453,0.7049472488418507
AgglomerativeClustering,"{'n_clusters': 21, 'linkage': 'single', 'metric': 'l1'}",0.0959982823367825,6.971444255586557,0.4993774111145939
AgglomerativeClustering,"{'n_clusters': 21, 'linkage': 'single', 'metric': 'l2'}",0.186759578816234,50.66405682384453,0.7049472488418507
AgglomerativeClustering,"{'n_clusters': 21, 'linkage': 'single', 'metric': 'manhattan'}",0.0959982823367825,6.971444255586557,0.4993774111145939
AgglomerativeClustering,"{'n_clusters': 21, 'linkage': 'single', 'metric': 'cosine'}",-0.4055938571815609,0.507956933121003,1.7737201862118894
AgglomerativeClustering,"{'n_clusters': 22, 'linkage': 'ward', 'metric': 'euclidean'}",0.19524445152201508,556.1360562364722,1.3675183202261811
AgglomerativeClustering,"{'n_clusters': 22, 'linkage': 'complete', 'metric': 'euclidean'}",0.25033454241505776,371.36425418791555,1.3727071450863229
AgglomerativeClustering,"{'n_clusters': 22, 'linkage': 'complete', 'metric': 'l1'}",0.22409464262494885,380.0244725977146,1.5540688703359806
AgglomerativeClustering,"{'n_clusters': 22, 'linkage': 'complete', 'metric': 'l2'}",0.25033454241505776,371.36425418791555,1.3727071450863229
AgglomerativeClustering,"{'n_clusters': 22, 'linkage': 'complete', 'metric': 'manhattan'}",0.22409464262494885,380.0244725977146,1.5540688703359806
AgglomerativeClustering,"{'n_clusters': 22, 'linkage': 'complete', 'metric': 'cosine'}",0.03331718278760959,195.7796506302968,1.5230222729999168
AgglomerativeClustering,"{'n_clusters': 22, 'linkage': 'average', 'metric': 'euclidean'}",0.24930594427295366,161.2081535551287,0.9518259823627558
AgglomerativeClustering,"{'n_clusters': 22, 'linkage': 'average', 'metric': 'l1'}",0.2734336559375538,188.70481121196715,1.0498124495810528
AgglomerativeClustering,"{'n_clusters': 22, 'linkage': 'average', 'metric': 'l2'}",0.24930594427295366,161.2081535551287,0.9518259823627558
AgglomerativeClustering,"{'n_clusters': 22, 'linkage': 'average', 'metric': 'manhattan'}",0.2734336559375538,188.70481121196715,1.0498124495810528
AgglomerativeClustering,"{'n_clusters': 22, 'linkage': 'average', 'metric': 'cosine'}",0.09830194829648303,228.0730948106129,1.2825931939199757
AgglomerativeClustering,"{'n_clusters': 22, 'linkage': 'single', 'metric': 'euclidean'}",0.1827985120616627,48.37711544390135,0.7073868861696501
AgglomerativeClustering,"{'n_clusters': 22, 'linkage': 'single', 'metric': 'l1'}",0.08820317237045233,6.7319599488040955,0.509513481590096
AgglomerativeClustering,"{'n_clusters': 22, 'linkage': 'single', 'metric': 'l2'}",0.1827985120616627,48.37711544390135,0.7073868861696501
AgglomerativeClustering,"{'n_clusters': 22, 'linkage': 'single', 'metric': 'manhattan'}",0.08820317237045233,6.7319599488040955,0.509513481590096
AgglomerativeClustering,"{'n_clusters': 22, 'linkage': 'single', 'metric': 'cosine'}",-0.3281382981517233,43.77742427175364,1.7303853206635225
AgglomerativeClustering,"{'n_clusters': 23, 'linkage': 'ward', 'metric': 'euclidean'}",0.19229879956098403,546.4404920477643,1.340023306663167
AgglomerativeClustering,"{'n_clusters': 23, 'linkage': 'complete', 'metric': 'euclidean'}",0.26882525799542883,388.06918208801045,1.3416651870885001
AgglomerativeClustering,"{'n_clusters': 23, 'linkage': 'complete', 'metric': 'l1'}",0.2174407574154894,378.9260502337531,1.5743335282483637
AgglomerativeClustering,"{'n_clusters': 23, 'linkage': 'complete', 'metric': 'l2'}",0.26882525799542883,388.06918208801045,1.3416651870885001
AgglomerativeClustering,"{'n_clusters': 23, 'linkage': 'complete', 'metric': 'manhattan'}",0.2174407574154894,378.9260502337531,1.5743335282483637
AgglomerativeClustering,"{'n_clusters': 23, 'linkage': 'complete', 'metric': 'cosine'}",0.07733715513177361,238.45959678631357,1.4922965759869349
AgglomerativeClustering,"{'n_clusters': 23, 'linkage': 'average', 'metric': 'euclidean'}",0.24901440765321836,155.34417604368298,0.9753432993169665
AgglomerativeClustering,"{'n_clusters': 23, 'linkage': 'average', 'metric': 'l1'}",0.27188187756264676,181.48675497817456,1.093020288245401
AgglomerativeClustering,"{'n_clusters': 23, 'linkage': 'average', 'metric': 'l2'}",0.24901440765321836,155.34417604368298,0.9753432993169665
AgglomerativeClustering,"{'n_clusters': 23, 'linkage': 'average', 'metric': 'manhattan'}",0.27188187756264676,181.48675497817456,1.093020288245401
AgglomerativeClustering,"{'n_clusters': 23, 'linkage': 'average', 'metric': 'cosine'}",0.09150912772126267,217.67580702029022,1.2628482568978594
AgglomerativeClustering,"{'n_clusters': 23, 'linkage': 'single', 'metric': 'euclidean'}",0.1645400538987351,46.346849039693026,0.6993801097610602
AgglomerativeClustering,"{'n_clusters': 23, 'linkage': 'single', 'metric': 'l1'}",0.08798814935398179,6.438120508998407,0.529958978729437
AgglomerativeClustering,"{'n_clusters': 23, 'linkage': 'single', 'metric': 'l2'}",0.1645400538987351,46.346849039693026,0.6993801097610602
AgglomerativeClustering,"{'n_clusters': 23, 'linkage': 'single', 'metric': 'manhattan'}",0.08798814935398179,6.438120508998407,0.529958978729437
AgglomerativeClustering,"{'n_clusters': 23, 'linkage': 'single', 'metric': 'cosine'}",-0.3323969395939873,41.81294441944549,1.702585538629536
AgglomerativeClustering,"{'n_clusters': 24, 'linkage': 'ward', 'metric': 'euclidean'}",0.1914098457956421,538.2892738084087,1.3286129452693325
AgglomerativeClustering,"{'n_clusters': 24, 'linkage': 'complete', 'metric': 'euclidean'}",0.2675824208107869,372.74085259902773,1.4395221209873224
AgglomerativeClustering,"{'n_clusters': 24, 'linkage': 'complete', 'metric': 'l1'}",0.2243900928006306,377.55856691408206,1.532436601055994
AgglomerativeClustering,"{'n_clusters': 24, 'linkage': 'complete', 'metric': 'l2'}",0.2675824208107869,372.74085259902773,1.4395221209873224
AgglomerativeClustering,"{'n_clusters': 24, 'linkage': 'complete', 'metric': 'manhattan'}",0.2243900928006306,377.55856691408206,1.532436601055994
AgglomerativeClustering,"{'n_clusters': 24, 'linkage': 'complete', 'metric': 'cosine'}",0.08101638043274027,235.6979191791597,1.496012573462161
AgglomerativeClustering,"{'n_clusters': 24, 'linkage': 'average', 'metric': 'euclidean'}",0.24726179285715946,148.8266754476701,0.946853548272793
AgglomerativeClustering,"{'n_clusters': 24, 'linkage': 'average', 'metric': 'l1'}",0.26573537320430435,175.07965243525277,1.0783285310372632
AgglomerativeClustering,"{'n_clusters': 24, 'linkage': 'average', 'metric': 'l2'}",0.24726179285715946,148.8266754476701,0.946853548272793
AgglomerativeClustering,"{'n_clusters': 24, 'linkage': 'average', 'metric': 'manhattan'}",0.26573537320430435,175.07965243525277,1.0783285310372632
AgglomerativeClustering,"{'n_clusters': 24, 'linkage': 'average', 'metric': 'cosine'}",0.11107715583553554,243.25327996851914,1.2612593549389264
AgglomerativeClustering,"{'n_clusters': 24, 'linkage': 'single', 'metric': 'euclidean'}",0.16496302671458904,44.604491715782395,0.7033901783005373
AgglomerativeClustering,"{'n_clusters': 24, 'linkage': 'single', 'metric': 'l1'}",0.0881489035858217,6.323864368816702,0.5276160467980419
AgglomerativeClustering,"{'n_clusters': 24, 'linkage': 'single', 'metric': 'l2'}",0.16496302671458904,44.604491715782395,0.7033901783005373
AgglomerativeClustering,"{'n_clusters': 24, 'linkage': 'single', 'metric': 'manhattan'}",0.0881489035858217,6.323864368816702,0.5276160467980419
AgglomerativeClustering,"{'n_clusters': 24, 'linkage': 'single', 'metric': 'cosine'}",-0.33236377548348833,39.99100166653657,1.718573683934877
AgglomerativeClustering,"{'n_clusters': 25, 'linkage': 'ward', 'metric': 'euclidean'}",0.19683689712711144,531.5509490669377,1.3200240168246473
AgglomerativeClustering,"{'n_clusters': 25, 'linkage': 'complete', 'metric': 'euclidean'}",0.2746892298309158,375.41923833771335,1.4244555308754412
AgglomerativeClustering,"{'n_clusters': 25, 'linkage': 'complete', 'metric': 'l1'}",0.22393896896480842,363.37123191483704,1.5042393325857717
AgglomerativeClustering,"{'n_clusters': 25, 'linkage': 'complete', 'metric': 'l2'}",0.2746892298309158,375.41923833771335,1.4244555308754412
AgglomerativeClustering,"{'n_clusters': 25, 'linkage': 'complete', 'metric': 'manhattan'}",0.22393896896480842,363.37123191483704,1.5042393325857717
AgglomerativeClustering,"{'n_clusters': 25, 'linkage': 'complete', 'metric': 'cosine'}",0.06772203881869582,239.0152106295595,1.475767091640826
AgglomerativeClustering,"{'n_clusters': 25, 'linkage': 'average', 'metric': 'euclidean'}",0.2469227798662968,143.4364231268375,0.9778701725205843
AgglomerativeClustering,"{'n_clusters': 25, 'linkage': 'average', 'metric': 'l1'}",0.2657154792722406,168.10864950569916,1.0589414151726133
AgglomerativeClustering,"{'n_clusters': 25, 'linkage': 'average', 'metric': 'l2'}",0.2469227798662968,143.4364231268375,0.9778701725205843
AgglomerativeClustering,"{'n_clusters': 25, 'linkage': 'average', 'metric': 'manhattan'}",0.2657154792722406,168.10864950569916,1.0589414151726133
AgglomerativeClustering,"{'n_clusters': 25, 'linkage': 'average', 'metric': 'cosine'}",0.11550552657715735,234.9995018999533,1.28176308101717
AgglomerativeClustering,"{'n_clusters': 25, 'linkage': 'single', 'metric': 'euclidean'}",0.16455418875350217,42.9024849432083,0.6998942082801913
AgglomerativeClustering,"{'n_clusters': 25, 'linkage': 'single', 'metric': 'l1'}",0.08848638803212462,6.103718363584617,0.5027385354706735
AgglomerativeClustering,"{'n_clusters': 25, 'linkage': 'single', 'metric': 'l2'}",0.16455418875350217,42.9024849432083,0.6998942082801913
AgglomerativeClustering,"{'n_clusters': 25, 'linkage': 'single', 'metric': 'manhattan'}",0.08848638803212462,6.103718363584617,0.5027385354706735
AgglomerativeClustering,"{'n_clusters': 25, 'linkage': 'single', 'metric': 'cosine'}",-0.33637716246433663,38.33096274628794,1.709202989747647
AgglomerativeClustering,"{'n_clusters': 26, 'linkage': 'ward', 'metric': 'euclidean'}",0.19130860825323695,525.1187068220593,1.3587771746923576
AgglomerativeClustering,"{'n_clusters': 26, 'linkage': 'complete', 'metric': 'euclidean'}",0.2866872524045873,396.00846264416646,1.4332080101220461
AgglomerativeClustering,"{'n_clusters': 26, 'linkage': 'complete', 'metric': 'l1'}",0.2227361371876838,350.8716866304526,1.5105386378514347
AgglomerativeClustering,"{'n_clusters': 26, 'linkage': 'complete', 'metric': 'l2'}",0.2866872524045873,396.00846264416646,1.4332080101220461
AgglomerativeClustering,"{'n_clusters': 26, 'linkage': 'complete', 'metric': 'manhattan'}",0.2227361371876838,350.8716866304526,1.5105386378514347
AgglomerativeClustering,"{'n_clusters': 26, 'linkage': 'complete', 'metric': 'cosine'}",0.06680285113021173,229.8277112754961,1.4479716641925755
AgglomerativeClustering,"{'n_clusters': 26, 'linkage': 'average', 'metric': 'euclidean'}",0.2965658726847241,218.76533135047475,0.9921476480461965
AgglomerativeClustering,"{'n_clusters': 26, 'linkage': 'average', 'metric': 'l1'}",0.26683376927912567,162.69591332046207,1.0379711246825367
AgglomerativeClustering,"{'n_clusters': 26, 'linkage': 'average', 'metric': 'l2'}",0.2965658726847241,218.76533135047475,0.9921476480461965
AgglomerativeClustering,"{'n_clusters': 26, 'linkage': 'average', 'metric': 'manhattan'}",0.26683376927912567,162.69591332046207,1.0379711246825367
AgglomerativeClustering,"{'n_clusters': 26, 'linkage': 'average', 'metric': 'cosine'}",0.11136982197788561,225.68068099244746,1.2707992749632504
AgglomerativeClustering,"{'n_clusters': 26, 'linkage': 'single', 'metric': 'euclidean'}",0.1793042531879178,48.01200791784692,0.7831948672743361
AgglomerativeClustering,"{'n_clusters': 26, 'linkage': 'single', 'metric': 'l1'}",0.0889832882187166,5.890124157528373,0.48719392582630083
AgglomerativeClustering,"{'n_clusters': 26, 'linkage': 'single', 'metric': 'l2'}",0.1793042531879178,48.01200791784692,0.7831948672743361
AgglomerativeClustering,"{'n_clusters': 26, 'linkage': 'single', 'metric': 'manhattan'}",0.0889832882187166,5.890124157528373,0.48719392582630083
AgglomerativeClustering,"{'n_clusters': 26, 'linkage': 'single', 'metric': 'cosine'}",-0.3368625184860001,36.79703750100667,1.713669134222988
AgglomerativeClustering,"{'n_clusters': 27, 'linkage': 'ward', 'metric': 'euclidean'}",0.1900669411248249,516.7252605760197,1.3550715347208888
AgglomerativeClustering,"{'n_clusters': 27, 'linkage': 'complete', 'metric': 'euclidean'}",0.2797700213797143,387.8946855919618,1.4358742028925622
AgglomerativeClustering,"{'n_clusters': 27, 'linkage': 'complete', 'metric': 'l1'}",0.22317155774548605,341.34970455304585,1.495298880992807
AgglomerativeClustering,"{'n_clusters': 27, 'linkage': 'complete', 'metric': 'l2'}",0.2797700213797143,387.8946855919618,1.4358742028925622
AgglomerativeClustering,"{'n_clusters': 27, 'linkage': 'complete', 'metric': 'manhattan'}",0.22317155774548605,341.34970455304585,1.495298880992807
AgglomerativeClustering,"{'n_clusters': 27, 'linkage': 'complete', 'metric': 'cosine'}",0.06661308894376844,221.1453940180419,1.4527629974839025
AgglomerativeClustering,"{'n_clusters': 27, 'linkage': 'average', 'metric': 'euclidean'}",0.2956981764124837,212.6943413085655,1.0013155867392491
AgglomerativeClustering,"{'n_clusters': 27, 'linkage': 'average', 'metric': 'l1'}",0.265590298218434,156.57516177712765,1.0224649071385108
AgglomerativeClustering,"{'n_clusters': 27, 'linkage': 'average', 'metric': 'l2'}",0.2956981764124837,212.6943413085655,1.0013155867392491
AgglomerativeClustering,"{'n_clusters': 27, 'linkage': 'average', 'metric': 'manhattan'}",0.265590298218434,156.57516177712765,1.0224649071385108
AgglomerativeClustering,"{'n_clusters': 27, 'linkage': 'average', 'metric': 'cosine'}",0.11511623628043655,218.01371331805046,1.2650843575066004
AgglomerativeClustering,"{'n_clusters': 27, 'linkage': 'single', 'metric': 'euclidean'}",0.1708896894720485,46.22277180236198,0.7841739585952098
AgglomerativeClustering,"{'n_clusters': 27, 'linkage': 'single', 'metric': 'l1'}",0.09033935211487575,6.151659837183942,0.48714765326423426
AgglomerativeClustering,"{'n_clusters': 27, 'linkage': 'single', 'metric': 'l2'}",0.1708896894720485,46.22277180236198,0.7841739585952098
AgglomerativeClustering,"{'n_clusters': 27, 'linkage': 'single', 'metric': 'manhattan'}",0.09033935211487575,6.151659837183942,0.48714765326423426
AgglomerativeClustering,"{'n_clusters': 27, 'linkage': 'single', 'metric': 'cosine'}",-0.3488385879176121,35.38319942002339,1.7130032828063912
AgglomerativeClustering,"{'n_clusters': 28, 'linkage': 'ward', 'metric': 'euclidean'}",0.1893702220727418,508.58905479684637,1.3707017011783889
AgglomerativeClustering,"{'n_clusters': 28, 'linkage': 'complete', 'metric': 'euclidean'}",0.27985151251984436,376.73828610349193,1.425040240434358
AgglomerativeClustering,"{'n_clusters': 28, 'linkage': 'complete', 'metric': 'l1'}",0.22329459769649285,331.0881583515573,1.472829634450702
AgglomerativeClustering,"{'n_clusters': 28, 'linkage': 'complete', 'metric': 'l2'}",0.27985151251984436,376.73828610349193,1.425040240434358
AgglomerativeClustering,"{'n_clusters': 28, 'linkage': 'complete', 'metric': 'manhattan'}",0.22329459769649285,331.0881583515573,1.472829634450702
AgglomerativeClustering,"{'n_clusters': 28, 'linkage': 'complete', 'metric': 'cosine'}",0.06949255187053056,213.75929706861174,1.455898126502587
AgglomerativeClustering,"{'n_clusters': 28, 'linkage': 'average', 'metric': 'euclidean'}",0.29521841101967006,205.29045235171455,0.9987722346512429
AgglomerativeClustering,"{'n_clusters': 28, 'linkage': 'average', 'metric': 'l1'}",0.2608424244492447,151.5116919629268,1.048599929923972
AgglomerativeClustering,"{'n_clusters': 28, 'linkage': 'average', 'metric': 'l2'}",0.29521841101967006,205.29045235171455,0.9987722346512429
AgglomerativeClustering,"{'n_clusters': 28, 'linkage': 'average', 'metric': 'manhattan'}",0.2608424244492447,151.5116919629268,1.048599929923972
AgglomerativeClustering,"{'n_clusters': 28, 'linkage': 'average', 'metric': 'cosine'}",0.11443606287185693,210.0686801746228,1.2736434308337883
AgglomerativeClustering,"{'n_clusters': 28, 'linkage': 'single', 'metric': 'euclidean'}",0.16985096026800459,44.64598194109173,0.7766223460311622
AgglomerativeClustering,"{'n_clusters': 28, 'linkage': 'single', 'metric': 'l1'}",0.0901543549693446,6.082517263496221,0.48566961107209494
AgglomerativeClustering,"{'n_clusters': 28, 'linkage': 'single', 'metric': 'l2'}",0.16985096026800459,44.64598194109173,0.7766223460311622
AgglomerativeClustering,"{'n_clusters': 28, 'linkage': 'single', 'metric': 'manhattan'}",0.0901543549693446,6.082517263496221,0.48566961107209494
AgglomerativeClustering,"{'n_clusters': 28, 'linkage': 'single', 'metric': 'cosine'}",-0.348693977190213,34.070041755577435,1.723468302636041
AgglomerativeClustering,"{'n_clusters': 29, 'linkage': 'ward', 'metric': 'euclidean'}",0.19162114467635774,501.28379929081717,1.3605571929049636
AgglomerativeClustering,"{'n_clusters': 29, 'linkage': 'complete', 'metric': 'euclidean'}",0.2796815476423485,364.56979508754523,1.4098209401510022
AgglomerativeClustering,"{'n_clusters': 29, 'linkage': 'complete', 'metric': 'l1'}",0.21549546737148653,323.02566019110054,1.477811597573804
AgglomerativeClustering,"{'n_clusters': 29, 'linkage': 'complete', 'metric': 'l2'}",0.2796815476423485,364.56979508754523,1.4098209401510022
AgglomerativeClustering,"{'n_clusters': 29, 'linkage': 'complete', 'metric': 'manhattan'}",0.21549546737148653,323.02566019110054,1.477811597573804
AgglomerativeClustering,"{'n_clusters': 29, 'linkage': 'complete', 'metric': 'cosine'}",0.07344451028194093,213.68549805583007,1.4402668693612468
AgglomerativeClustering,"{'n_clusters': 29, 'linkage': 'average', 'metric': 'euclidean'}",0.29564072018339466,221.96592031547704,1.0009838298091334
AgglomerativeClustering,"{'n_clusters': 29, 'linkage': 'average', 'metric': 'l1'}",0.2620604212683071,147.11335030848315,1.043908976195591
AgglomerativeClustering,"{'n_clusters': 29, 'linkage': 'average', 'metric': 'l2'}",0.29564072018339466,221.96592031547704,1.0009838298091334
AgglomerativeClustering,"{'n_clusters': 29, 'linkage': 'average', 'metric': 'manhattan'}",0.2620604212683071,147.11335030848315,1.043908976195591
AgglomerativeClustering,"{'n_clusters': 29, 'linkage': 'average', 'metric': 'cosine'}",0.12015249586330855,214.31264834809716,1.2626957949068904
AgglomerativeClustering,"{'n_clusters': 29, 'linkage': 'single', 'metric': 'euclidean'}",0.16948759791485563,43.20301526651603,0.7699760691046517
AgglomerativeClustering,"{'n_clusters': 29, 'linkage': 'single', 'metric': 'l1'}",0.09042646260919107,6.217000392959731,0.48597493543345194
AgglomerativeClustering,"{'n_clusters': 29, 'linkage': 'single', 'metric': 'l2'}",0.16948759791485563,43.20301526651603,0.7699760691046517
AgglomerativeClustering,"{'n_clusters': 29, 'linkage': 'single', 'metric': 'manhattan'}",0.09042646260919107,6.217000392959731,0.48597493543345194
AgglomerativeClustering,"{'n_clusters': 29, 'linkage': 'single', 'metric': 'cosine'}",-0.34927089300694375,32.841401353891776,1.7270905227643951
AgglomerativeClustering,"{'n_clusters': 30, 'linkage': 'ward', 'metric': 'euclidean'}",0.19456396778194032,494.32651190949997,1.3408126977680928
AgglomerativeClustering,"{'n_clusters': 30, 'linkage': 'complete', 'metric': 'euclidean'}",0.2777176326301668,355.2610549463216,1.4201189986218958
AgglomerativeClustering,"{'n_clusters': 30, 'linkage': 'complete', 'metric': 'l1'}",0.22463366492011988,343.868694384362,1.4740338634819448
AgglomerativeClustering,"{'n_clusters': 30, 'linkage': 'complete', 'metric': 'l2'}",0.2777176326301668,355.2610549463216,1.4201189986218958
AgglomerativeClustering,"{'n_clusters': 30, 'linkage': 'complete', 'metric': 'manhattan'}",0.22463366492011988,343.868694384362,1.4740338634819448
AgglomerativeClustering,"{'n_clusters': 30, 'linkage': 'complete', 'metric': 'cosine'}",0.07525210960750264,206.7646500390574,1.4725707534525923
AgglomerativeClustering,"{'n_clusters': 30, 'linkage': 'average', 'metric': 'euclidean'}",0.2941867446953901,214.54935331226253,0.9866607739120447
AgglomerativeClustering,"{'n_clusters': 30, 'linkage': 'average', 'metric': 'l1'}",0.2585937178968614,142.2218702850951,1.0250372372902465
AgglomerativeClustering,"{'n_clusters': 30, 'linkage': 'average', 'metric': 'l2'}",0.2941867446953901,214.54935331226253,0.9866607739120447
AgglomerativeClustering,"{'n_clusters': 30, 'linkage': 'average', 'metric': 'manhattan'}",0.2585937178968614,142.2218702850951,1.0250372372902465
AgglomerativeClustering,"{'n_clusters': 30, 'linkage': 'average', 'metric': 'cosine'}",0.11712191960838976,206.85398977193896,1.2434437709179422
AgglomerativeClustering,"{'n_clusters': 30, 'linkage': 'single', 'metric': 'euclidean'}",0.1657415117569012,41.787929034052475,0.7673539234849556
AgglomerativeClustering,"{'n_clusters': 30, 'linkage': 'single', 'metric': 'l1'}",0.09024150860304107,6.0993956007135735,0.4881912371519465
AgglomerativeClustering,"{'n_clusters': 30, 'linkage': 'single', 'metric': 'l2'}",0.1657415117569012,41.787929034052475,0.7673539234849556
AgglomerativeClustering,"{'n_clusters': 30, 'linkage': 'single', 'metric': 'manhattan'}",0.09024150860304107,6.0993956007135735,0.4881912371519465
AgglomerativeClustering,"{'n_clusters': 30, 'linkage': 'single', 'metric': 'cosine'}",-0.3490566336523784,31.708196103250348,1.7307468563850106
AgglomerativeClustering,"{'n_clusters': 31, 'linkage': 'ward', 'metric': 'euclidean'}",0.1956279514387802,488.1820449027958,1.3225413133023056
AgglomerativeClustering,"{'n_clusters': 31, 'linkage': 'complete', 'metric': 'euclidean'}",0.22719327682071774,377.91299108400796,1.439698539228937
AgglomerativeClustering,"{'n_clusters': 31, 'linkage': 'complete', 'metric': 'l1'}",0.22490060852697838,335.19407865203056,1.4378920867135974
AgglomerativeClustering,"{'n_clusters': 31, 'linkage': 'complete', 'metric': 'l2'}",0.22719327682071774,377.91299108400796,1.439698539228937
AgglomerativeClustering,"{'n_clusters': 31, 'linkage': 'complete', 'metric': 'manhattan'}",0.22490060852697838,335.19407865203056,1.4378920867135974
AgglomerativeClustering,"{'n_clusters': 31, 'linkage': 'complete', 'metric': 'cosine'}",0.06285445257868094,208.48130442285483,1.588392439526905
AgglomerativeClustering,"{'n_clusters': 31, 'linkage': 'average', 'metric': 'euclidean'}",0.2958921035151694,210.65014020916692,0.989430926982679
AgglomerativeClustering,"{'n_clusters': 31, 'linkage': 'average', 'metric': 'l1'}",0.2588721676612815,137.74872760514333,1.0156092406454846
AgglomerativeClustering,"{'n_clusters': 31, 'linkage': 'average', 'metric': 'l2'}",0.2958921035151694,210.65014020916692,0.989430926982679
AgglomerativeClustering,"{'n_clusters': 31, 'linkage': 'average', 'metric': 'manhattan'}",0.2588721676612815,137.74872760514333,1.0156092406454846
AgglomerativeClustering,"{'n_clusters': 31, 'linkage': 'average', 'metric': 'cosine'}",0.1160453734172236,201.05885027503214,1.2691645546984496
AgglomerativeClustering,"{'n_clusters': 31, 'linkage': 'single', 'metric': 'euclidean'}",0.16375889669815838,40.74578547840167,0.757104964020925
AgglomerativeClustering,"{'n_clusters': 31, 'linkage': 'single', 'metric': 'l1'}",0.09035046047948948,6.079948967970249,0.48497317100370296
AgglomerativeClustering,"{'n_clusters': 31, 'linkage': 'single', 'metric': 'l2'}",0.16375889669815838,40.74578547840167,0.757104964020925
AgglomerativeClustering,"{'n_clusters': 31, 'linkage': 'single', 'metric': 'manhattan'}",0.09035046047948948,6.079948967970249,0.48497317100370296
AgglomerativeClustering,"{'n_clusters': 31, 'linkage': 'single', 'metric': 'cosine'}",-0.3498117457838541,30.651047123456618,1.7327674269018154
AgglomerativeClustering,"{'n_clusters': 32, 'linkage': 'ward', 'metric': 'euclidean'}",0.19526492907204582,482.4930834144657,1.3252306818880575
AgglomerativeClustering,"{'n_clusters': 32, 'linkage': 'complete', 'metric': 'euclidean'}",0.23135581506944694,376.79308130794305,1.4085403639114584
AgglomerativeClustering,"{'n_clusters': 32, 'linkage': 'complete', 'metric': 'l1'}",0.22452300473240153,326.22659921790535,1.4097300360222245
AgglomerativeClustering,"{'n_clusters': 32, 'linkage': 'complete', 'metric': 'l2'}",0.23135581506944694,376.79308130794305,1.4085403639114584
AgglomerativeClustering,"{'n_clusters': 32, 'linkage': 'complete', 'metric': 'manhattan'}",0.22452300473240153,326.22659921790535,1.4097300360222245
AgglomerativeClustering,"{'n_clusters': 32, 'linkage': 'complete', 'metric': 'cosine'}",0.06346705191194592,206.60337393263464,1.6132464150896486
AgglomerativeClustering,"{'n_clusters': 32, 'linkage': 'average', 'metric': 'euclidean'}",0.2963712648982605,205.42750956608552,0.9923032796120506
AgglomerativeClustering,"{'n_clusters': 32, 'linkage': 'average', 'metric': 'l1'}",0.2975300764410053,201.61706860305807,1.0166289331795682
AgglomerativeClustering,"{'n_clusters': 32, 'linkage': 'average', 'metric': 'l2'}",0.2963712648982605,205.42750956608552,0.9923032796120506
AgglomerativeClustering,"{'n_clusters': 32, 'linkage': 'average', 'metric': 'manhattan'}",0.2975300764410053,201.61706860305807,1.0166289331795682
AgglomerativeClustering,"{'n_clusters': 32, 'linkage': 'average', 'metric': 'cosine'}",0.1237735961629877,195.6933650749392,1.2552461484513402
AgglomerativeClustering,"{'n_clusters': 32, 'linkage': 'single', 'metric': 'euclidean'}",0.16402368956710164,39.59869318487067,0.7509150290030975
AgglomerativeClustering,"{'n_clusters': 32, 'linkage': 'single', 'metric': 'l1'}",0.09166667035977066,6.230079380787508,0.48422536474020633
AgglomerativeClustering,"{'n_clusters': 32, 'linkage': 'single', 'metric': 'l2'}",0.16402368956710164,39.59869318487067,0.7509150290030975
AgglomerativeClustering,"{'n_clusters': 32, 'linkage': 'single', 'metric': 'manhattan'}",0.09166667035977066,6.230079380787508,0.48422536474020633
AgglomerativeClustering,"{'n_clusters': 32, 'linkage': 'single', 'metric': 'cosine'}",-0.3640772684410825,29.792588931406083,1.6986279253403365
AgglomerativeClustering,"{'n_clusters': 33, 'linkage': 'ward', 'metric': 'euclidean'}",0.19449591969740304,476.6465112364101,1.3201628489470973
AgglomerativeClustering,"{'n_clusters': 33, 'linkage': 'complete', 'metric': 'euclidean'}",0.23167380005686264,367.23408628792134,1.3909819145358726
AgglomerativeClustering,"{'n_clusters': 33, 'linkage': 'complete', 'metric': 'l1'}",0.2241770053895607,318.7710323998322,1.3882205330442803
AgglomerativeClustering,"{'n_clusters': 33, 'linkage': 'complete', 'metric': 'l2'}",0.23167380005686264,367.23408628792134,1.3909819145358726
AgglomerativeClustering,"{'n_clusters': 33, 'linkage': 'complete', 'metric': 'manhattan'}",0.2241770053895607,318.7710323998322,1.3882205330442803
AgglomerativeClustering,"{'n_clusters': 33, 'linkage': 'complete', 'metric': 'cosine'}",0.05898558281814968,200.13227882044723,1.5866786260085761
AgglomerativeClustering,"{'n_clusters': 33, 'linkage': 'average', 'metric': 'euclidean'}",0.2935609763678198,199.2413997134253,0.9749790091159918
AgglomerativeClustering,"{'n_clusters': 33, 'linkage': 'average', 'metric': 'l1'}",0.2966301479967834,195.70765523386316,1.0075791774097778
AgglomerativeClustering,"{'n_clusters': 33, 'linkage': 'average', 'metric': 'l2'}",0.2935609763678198,199.2413997134253,0.9749790091159918
AgglomerativeClustering,"{'n_clusters': 33, 'linkage': 'average', 'metric': 'manhattan'}",0.2966301479967834,195.70765523386316,1.0075791774097778
AgglomerativeClustering,"{'n_clusters': 33, 'linkage': 'average', 'metric': 'cosine'}",0.13620473471107233,235.08413064798992,1.2742248873762811
AgglomerativeClustering,"{'n_clusters': 33, 'linkage': 'single', 'metric': 'euclidean'}",0.16488705633396475,38.61589773753641,0.7655620426100271
AgglomerativeClustering,"{'n_clusters': 33, 'linkage': 'single', 'metric': 'l1'}",0.07924745943394376,6.092117254034803,0.4903505913152666
AgglomerativeClustering,"{'n_clusters': 33, 'linkage': 'single', 'metric': 'l2'}",0.16488705633396475,38.61589773753641,0.7655620426100271
AgglomerativeClustering,"{'n_clusters': 33, 'linkage': 'single', 'metric': 'manhattan'}",0.07924745943394376,6.092117254034803,0.4903505913152666
AgglomerativeClustering,"{'n_clusters': 33, 'linkage': 'single', 'metric': 'cosine'}",-0.3643040540958213,28.861733957064914,1.7004740675050876
AgglomerativeClustering,"{'n_clusters': 34, 'linkage': 'ward', 'metric': 'euclidean'}",0.19548912252824663,471.0515751897335,1.3319000532525174
AgglomerativeClustering,"{'n_clusters': 34, 'linkage': 'complete', 'metric': 'euclidean'}",0.2318600663052084,358.1859644206813,1.3684933768684329
AgglomerativeClustering,"{'n_clusters': 34, 'linkage': 'complete', 'metric': 'l1'}",0.2165241014596414,337.47325209857166,1.3884862358315797
AgglomerativeClustering,"{'n_clusters': 34, 'linkage': 'complete', 'metric': 'l2'}",0.2318600663052084,358.1859644206813,1.3684933768684329
AgglomerativeClustering,"{'n_clusters': 34, 'linkage': 'complete', 'metric': 'manhattan'}",0.2165241014596414,337.47325209857166,1.3884862358315797
AgglomerativeClustering,"{'n_clusters': 34, 'linkage': 'complete', 'metric': 'cosine'}",0.07312353209517046,233.01451842141293,1.5495901680833821
AgglomerativeClustering,"{'n_clusters': 34, 'linkage': 'average', 'metric': 'euclidean'}",0.28975770498983916,193.48804541102464,0.9583878168990639
AgglomerativeClustering,"{'n_clusters': 34, 'linkage': 'average', 'metric': 'l1'}",0.2959770135290535,189.9762500172532,0.9927153297672815
AgglomerativeClustering,"{'n_clusters': 34, 'linkage': 'average', 'metric': 'l2'}",0.28975770498983916,193.48804541102464,0.9583878168990639
AgglomerativeClustering,"{'n_clusters': 34, 'linkage': 'average', 'metric': 'manhattan'}",0.2959770135290535,189.9762500172532,0.9927153297672815
AgglomerativeClustering,"{'n_clusters': 34, 'linkage': 'average', 'metric': 'cosine'}",0.12274470461301185,238.7136855975211,1.270442113726898
AgglomerativeClustering,"{'n_clusters': 34, 'linkage': 'single', 'metric': 'euclidean'}",0.16607367524730512,37.80691176512293,0.7632829342654182
AgglomerativeClustering,"{'n_clusters': 34, 'linkage': 'single', 'metric': 'l1'}",0.07950837388682627,6.099569488060469,0.48653059810711263
AgglomerativeClustering,"{'n_clusters': 34, 'linkage': 'single', 'metric': 'l2'}",0.16607367524730512,37.80691176512293,0.7632829342654182
AgglomerativeClustering,"{'n_clusters': 34, 'linkage': 'single', 'metric': 'manhattan'}",0.07950837388682627,6.099569488060469,0.48653059810711263
AgglomerativeClustering,"{'n_clusters': 34, 'linkage': 'single', 'metric': 'cosine'}",-0.3631955138692864,27.997730562296034,1.7025046048149344
AgglomerativeClustering,"{'n_clusters': 35, 'linkage': 'ward', 'metric': 'euclidean'}",0.19739823473399337,465.86148531553465,1.3296067751513188
AgglomerativeClustering,"{'n_clusters': 35, 'linkage': 'complete', 'metric': 'euclidean'}",0.2316114582296215,349.15307573444784,1.3511960584078264
AgglomerativeClustering,"{'n_clusters': 35, 'linkage': 'complete', 'metric': 'l1'}",0.21695129314309525,329.7288424958801,1.3581782873497754
AgglomerativeClustering,"{'n_clusters': 35, 'linkage': 'complete', 'metric': 'l2'}",0.2316114582296215,349.15307573444784,1.3511960584078264
AgglomerativeClustering,"{'n_clusters': 35, 'linkage': 'complete', 'metric': 'manhattan'}",0.21695129314309525,329.7288424958801,1.3581782873497754
AgglomerativeClustering,"{'n_clusters': 35, 'linkage': 'complete', 'metric': 'cosine'}",0.07449767002045621,226.8542179497514,1.545669871292963
AgglomerativeClustering,"{'n_clusters': 35, 'linkage': 'average', 'metric': 'euclidean'}",0.2893912767335288,188.17964026945515,0.9446970489554655
AgglomerativeClustering,"{'n_clusters': 35, 'linkage': 'average', 'metric': 'l1'}",0.2946005980872467,184.54685169633416,0.9794015383728775
AgglomerativeClustering,"{'n_clusters': 35, 'linkage': 'average', 'metric': 'l2'}",0.2893912767335288,188.17964026945515,0.9446970489554655
AgglomerativeClustering,"{'n_clusters': 35, 'linkage': 'average', 'metric': 'manhattan'}",0.2946005980872467,184.54685169633416,0.9794015383728775
AgglomerativeClustering,"{'n_clusters': 35, 'linkage': 'average', 'metric': 'cosine'}",0.11769554542220655,231.6444345526802,1.2608402763114548
AgglomerativeClustering,"{'n_clusters': 35, 'linkage': 'single', 'metric': 'euclidean'}",0.16576747291583835,36.7217260862071,0.7749237649686905
AgglomerativeClustering,"{'n_clusters': 35, 'linkage': 'single', 'metric': 'l1'}",0.0798982650053071,6.0563630922787866,0.48481510998676997
AgglomerativeClustering,"{'n_clusters': 35, 'linkage': 'single', 'metric': 'l2'}",0.16576747291583835,36.7217260862071,0.7749237649686905
AgglomerativeClustering,"{'n_clusters': 35, 'linkage': 'single', 'metric': 'manhattan'}",0.0798982650053071,6.0563630922787866,0.48481510998676997
AgglomerativeClustering,"{'n_clusters': 35, 'linkage': 'single', 'metric': 'cosine'}",-0.36400337341148525,27.18748461069325,1.7070852638276828
AgglomerativeClustering,"{'n_clusters': 36, 'linkage': 'ward', 'metric': 'euclidean'}",0.19536352849170757,460.9867614043359,1.3444868307934503
AgglomerativeClustering,"{'n_clusters': 36, 'linkage': 'complete', 'metric': 'euclidean'}",0.23025926411882836,340.62916747382087,1.354357356635977
AgglomerativeClustering,"{'n_clusters': 36, 'linkage': 'complete', 'metric': 'l1'}",0.22177458880983028,333.02145107771366,1.3440046448321539
AgglomerativeClustering,"{'n_clusters': 36, 'linkage': 'complete', 'metric': 'l2'}",0.23025926411882836,340.62916747382087,1.354357356635977
AgglomerativeClustering,"{'n_clusters': 36, 'linkage': 'complete', 'metric': 'manhattan'}",0.22177458880983028,333.02145107771366,1.3440046448321539
AgglomerativeClustering,"{'n_clusters': 36, 'linkage': 'complete', 'metric': 'cosine'}",0.07429979035386636,221.6354561779973,1.5729451449235694
AgglomerativeClustering,"{'n_clusters': 36, 'linkage': 'average', 'metric': 'euclidean'}",0.2892792171907899,183.3774105383377,0.9522752014715993
AgglomerativeClustering,"{'n_clusters': 36, 'linkage': 'average', 'metric': 'l1'}",0.2856116459143419,180.49907030042738,0.9531311215060926
AgglomerativeClustering,"{'n_clusters': 36, 'linkage': 'average', 'metric': 'l2'}",0.2892792171907899,183.3774105383377,0.9522752014715993
AgglomerativeClustering,"{'n_clusters': 36, 'linkage': 'average', 'metric': 'manhattan'}",0.2856116459143419,180.49907030042738,0.9531311215060926
AgglomerativeClustering,"{'n_clusters': 36, 'linkage': 'average', 'metric': 'cosine'}",0.11871497172318098,229.34593779181344,1.2686500607124267
AgglomerativeClustering,"{'n_clusters': 36, 'linkage': 'single', 'metric': 'euclidean'}",0.15982603666109785,35.68977384041374,0.7910358354238852
AgglomerativeClustering,"{'n_clusters': 36, 'linkage': 'single', 'metric': 'l1'}",0.079589443894803,5.884809364492869,0.4728463595585796
AgglomerativeClustering,"{'n_clusters': 36, 'linkage': 'single', 'metric': 'l2'}",0.15982603666109785,35.68977384041374,0.7910358354238852
AgglomerativeClustering,"{'n_clusters': 36, 'linkage': 'single', 'metric': 'manhattan'}",0.079589443894803,5.884809364492869,0.4728463595585796
AgglomerativeClustering,"{'n_clusters': 36, 'linkage': 'single', 'metric': 'cosine'}",-0.3642309087324239,26.411390862370247,1.7072198837231198
AgglomerativeClustering,"{'n_clusters': 37, 'linkage': 'ward', 'metric': 'euclidean'}",0.19375981292804093,455.7973858620729,1.3654844466404317
AgglomerativeClustering,"{'n_clusters': 37, 'linkage': 'complete', 'metric': 'euclidean'}",0.23006704366035027,332.66414803303405,1.3398918452451012
AgglomerativeClustering,"{'n_clusters': 37, 'linkage': 'complete', 'metric': 'l1'}",0.21779932585322698,325.0160008518005,1.3336886061376452
AgglomerativeClustering,"{'n_clusters': 37, 'linkage': 'complete', 'metric': 'l2'}",0.23006704366035027,332.66414803303405,1.3398918452451012
AgglomerativeClustering,"{'n_clusters': 37, 'linkage': 'complete', 'metric': 'manhattan'}",0.21779932585322698,325.0160008518005,1.3336886061376452
AgglomerativeClustering,"{'n_clusters': 37, 'linkage': 'complete', 'metric': 'cosine'}",0.07298656498591272,215.87011689578088,1.5536086706527146
AgglomerativeClustering,"{'n_clusters': 37, 'linkage': 'average', 'metric': 'euclidean'}",0.2884653638207299,178.45674708533625,0.9378680242227206
AgglomerativeClustering,"{'n_clusters': 37, 'linkage': 'average', 'metric': 'l1'}",0.28508378540240387,175.77945243402144,0.9528981622150268
AgglomerativeClustering,"{'n_clusters': 37, 'linkage': 'average', 'metric': 'l2'}",0.2884653638207299,178.45674708533625,0.9378680242227206
AgglomerativeClustering,"{'n_clusters': 37, 'linkage': 'average', 'metric': 'manhattan'}",0.28508378540240387,175.77945243402144,0.9528981622150268
AgglomerativeClustering,"{'n_clusters': 37, 'linkage': 'average', 'metric': 'cosine'}",0.11735376786187121,223.80321713540076,1.2557272109068638
AgglomerativeClustering,"{'n_clusters': 37, 'linkage': 'single', 'metric': 'euclidean'}",0.15957190503600646,34.698487807356116,0.7817821748523723
AgglomerativeClustering,"{'n_clusters': 37, 'linkage': 'single', 'metric': 'l1'}",0.07971549291104355,5.919916710859187,0.4691413201293544
AgglomerativeClustering,"{'n_clusters': 37, 'linkage': 'single', 'metric': 'l2'}",0.15957190503600646,34.698487807356116,0.7817821748523723
AgglomerativeClustering,"{'n_clusters': 37, 'linkage': 'single', 'metric': 'manhattan'}",0.07971549291104355,5.919916710859187,0.4691413201293544
AgglomerativeClustering,"{'n_clusters': 37, 'linkage': 'single', 'metric': 'cosine'}",-0.3701561656369321,25.677786403292203,1.7089216513823156
AgglomerativeClustering,"{'n_clusters': 38, 'linkage': 'ward', 'metric': 'euclidean'}",0.19536541851241745,451.02014338460276,1.3908933365157887
AgglomerativeClustering,"{'n_clusters': 38, 'linkage': 'complete', 'metric': 'euclidean'}",0.23066112438836966,326.22312570693214,1.2907085882759537
AgglomerativeClustering,"{'n_clusters': 38, 'linkage': 'complete', 'metric': 'l1'}",0.21847566376666094,318.4609469296584,1.298231537019241
AgglomerativeClustering,"{'n_clusters': 38, 'linkage': 'complete', 'metric': 'l2'}",0.23066112438836966,326.22312570693214,1.2907085882759537
AgglomerativeClustering,"{'n_clusters': 38, 'linkage': 'complete', 'metric': 'manhattan'}",0.21847566376666094,318.4609469296584,1.298231537019241
AgglomerativeClustering,"{'n_clusters': 38, 'linkage': 'complete', 'metric': 'cosine'}",0.072907658173197,210.06435420924313,1.5560485500636776
AgglomerativeClustering,"{'n_clusters': 38, 'linkage': 'average', 'metric': 'euclidean'}",0.2885639825351872,173.95690803444657,0.9241916760623065
AgglomerativeClustering,"{'n_clusters': 38, 'linkage': 'average', 'metric': 'l1'}",0.29111568844014746,176.8702110308497,0.960298756207464
AgglomerativeClustering,"{'n_clusters': 38, 'linkage': 'average', 'metric': 'l2'}",0.2885639825351872,173.95690803444657,0.9241916760623065
AgglomerativeClustering,"{'n_clusters': 38, 'linkage': 'average', 'metric': 'manhattan'}",0.29111568844014746,176.8702110308497,0.960298756207464
AgglomerativeClustering,"{'n_clusters': 38, 'linkage': 'average', 'metric': 'cosine'}",0.1160484193286564,217.8298694105656,1.2731337656490527
AgglomerativeClustering,"{'n_clusters': 38, 'linkage': 'single', 'metric': 'euclidean'}",0.1595197245792589,33.876700829119734,0.7762211656232552
AgglomerativeClustering,"{'n_clusters': 38, 'linkage': 'single', 'metric': 'l1'}",0.0976061783480807,10.825551800748839,0.5427413303713969
AgglomerativeClustering,"{'n_clusters': 38, 'linkage': 'single', 'metric': 'l2'}",0.1595197245792589,33.876700829119734,0.7762211656232552
AgglomerativeClustering,"{'n_clusters': 38, 'linkage': 'single', 'metric': 'manhattan'}",0.0976061783480807,10.825551800748839,0.5427413303713969
AgglomerativeClustering,"{'n_clusters': 38, 'linkage': 'single', 'metric': 'cosine'}",-0.36993533903946646,24.983078838331863,1.712528331245266
AgglomerativeClustering,"{'n_clusters': 39, 'linkage': 'ward', 'metric': 'euclidean'}",0.19638148887561596,446.2689677822986,1.3933624558391047
AgglomerativeClustering,"{'n_clusters': 39, 'linkage': 'complete', 'metric': 'euclidean'}",0.2305658445849713,326.04618956054037,1.2918761665975451
AgglomerativeClustering,"{'n_clusters': 39, 'linkage': 'complete', 'metric': 'l1'}",0.2189023565571809,311.42926712220356,1.3156413152447421
AgglomerativeClustering,"{'n_clusters': 39, 'linkage': 'complete', 'metric': 'l2'}",0.2305658445849713,326.04618956054037,1.2918761665975451
AgglomerativeClustering,"{'n_clusters': 39, 'linkage': 'complete', 'metric': 'manhattan'}",0.2189023565571809,311.42926712220356,1.3156413152447421
AgglomerativeClustering,"{'n_clusters': 39, 'linkage': 'complete', 'metric': 'cosine'}",0.08965449141295415,221.18458864189307,1.5595813593521912
AgglomerativeClustering,"{'n_clusters': 39, 'linkage': 'average', 'metric': 'euclidean'}",0.28801902503317833,169.78710856682088,0.9214913132933193
AgglomerativeClustering,"{'n_clusters': 39, 'linkage': 'average', 'metric': 'l1'}",0.2850003636471659,178.23596922127214,0.9766241077441803
AgglomerativeClustering,"{'n_clusters': 39, 'linkage': 'average', 'metric': 'l2'}",0.28801902503317833,169.78710856682088,0.9214913132933193
AgglomerativeClustering,"{'n_clusters': 39, 'linkage': 'average', 'metric': 'manhattan'}",0.2850003636471659,178.23596922127214,0.9766241077441803
AgglomerativeClustering,"{'n_clusters': 39, 'linkage': 'average', 'metric': 'cosine'}",0.11405742158004181,212.0690286837523,1.2752913859424215
AgglomerativeClustering,"{'n_clusters': 39, 'linkage': 'single', 'metric': 'euclidean'}",0.15909567233831373,33.06306383377257,0.7720574704057941
AgglomerativeClustering,"{'n_clusters': 39, 'linkage': 'single', 'metric': 'l1'}",0.097700070730036,10.675479904291455,0.5399077471428889
AgglomerativeClustering,"{'n_clusters': 39, 'linkage': 'single', 'metric': 'l2'}",0.15909567233831373,33.06306383377257,0.7720574704057941
AgglomerativeClustering,"{'n_clusters': 39, 'linkage': 'single', 'metric': 'manhattan'}",0.097700070730036,10.675479904291455,0.5399077471428889
AgglomerativeClustering,"{'n_clusters': 39, 'linkage': 'single', 'metric': 'cosine'}",-0.3708027730086578,24.325535418724083,1.7143483150987073
AgglomerativeClustering,"{'n_clusters': 40, 'linkage': 'ward', 'metric': 'euclidean'}",0.19373264822021344,441.8280440762111,1.3907813041859527
AgglomerativeClustering,"{'n_clusters': 40, 'linkage': 'complete', 'metric': 'euclidean'}",0.22671554557997062,324.85657469790317,1.2922210970591483
AgglomerativeClustering,"{'n_clusters': 40, 'linkage': 'complete', 'metric': 'l1'}",0.21288008641092349,307.3909991007642,1.3143043999443158
AgglomerativeClustering,"{'n_clusters': 40, 'linkage': 'complete', 'metric': 'l2'}",0.22671554557997062,324.85657469790317,1.2922210970591483
AgglomerativeClustering,"{'n_clusters': 40, 'linkage': 'complete', 'metric': 'manhattan'}",0.21288008641092349,307.3909991007642,1.3143043999443158
AgglomerativeClustering,"{'n_clusters': 40, 'linkage': 'complete', 'metric': 'cosine'}",0.08684117079305789,215.44478592877252,1.5375709116918426
AgglomerativeClustering,"{'n_clusters': 40, 'linkage': 'average', 'metric': 'euclidean'}",0.2923061676548246,171.3727473284481,0.9337118129256556
AgglomerativeClustering,"{'n_clusters': 40, 'linkage': 'average', 'metric': 'l1'}",0.2823362469910073,173.78454625536574,0.9695000423315492
AgglomerativeClustering,"{'n_clusters': 40, 'linkage': 'average', 'metric': 'l2'}",0.2923061676548246,171.3727473284481,0.9337118129256556
AgglomerativeClustering,"{'n_clusters': 40, 'linkage': 'average', 'metric': 'manhattan'}",0.2823362469910073,173.78454625536574,0.9695000423315492
AgglomerativeClustering,"{'n_clusters': 40, 'linkage': 'average', 'metric': 'cosine'}",0.11007998896225439,206.57363480107983,1.2598637883573738
AgglomerativeClustering,"{'n_clusters': 40, 'linkage': 'single', 'metric': 'euclidean'}",0.15920395762395093,32.339513341697554,0.7732290178253483
AgglomerativeClustering,"{'n_clusters': 40, 'linkage': 'single', 'metric': 'l1'}",0.09802572640602253,10.580554841517477,0.5364648346866454
AgglomerativeClustering,"{'n_clusters': 40, 'linkage': 'single', 'metric': 'l2'}",0.15920395762395093,32.339513341697554,0.7732290178253483
AgglomerativeClustering,"{'n_clusters': 40, 'linkage': 'single', 'metric': 'manhattan'}",0.09802572640602253,10.580554841517477,0.5364648346866454
AgglomerativeClustering,"{'n_clusters': 40, 'linkage': 'single', 'metric': 'cosine'}",-0.37150989783960114,23.70071130744518,1.7189242572946035
AgglomerativeClustering,"{'n_clusters': 41, 'linkage': 'ward', 'metric': 'euclidean'}",0.19289573413725553,436.78051342649417,1.4156725554118763
AgglomerativeClustering,"{'n_clusters': 41, 'linkage': 'complete', 'metric': 'euclidean'}",0.22653692308114,319.02195085180335,1.2774819492249059
AgglomerativeClustering,"{'n_clusters': 41, 'linkage': 'complete', 'metric': 'l1'}",0.1832021827688062,310.2658215841139,1.3166112362211062
AgglomerativeClustering,"{'n_clusters': 41, 'linkage': 'complete', 'metric': 'l2'}",0.22653692308114,319.02195085180335,1.2774819492249059
AgglomerativeClustering,"{'n_clusters': 41, 'linkage': 'complete', 'metric': 'manhattan'}",0.1832021827688062,310.2658215841139,1.3166112362211062
AgglomerativeClustering,"{'n_clusters': 41, 'linkage': 'complete', 'metric': 'cosine'}",0.08617185921315307,210.19745489168423,1.5382028257928857
AgglomerativeClustering,"{'n_clusters': 41, 'linkage': 'average', 'metric': 'euclidean'}",0.29242251151829707,167.41632561805474,0.9231225654148596
AgglomerativeClustering,"{'n_clusters': 41, 'linkage': 'average', 'metric': 'l1'}",0.2824082165214062,170.0578374662358,0.9941120796099705
AgglomerativeClustering,"{'n_clusters': 41, 'linkage': 'average', 'metric': 'l2'}",0.29242251151829707,167.41632561805474,0.9231225654148596
AgglomerativeClustering,"{'n_clusters': 41, 'linkage': 'average', 'metric': 'manhattan'}",0.2824082165214062,170.0578374662358,0.9941120796099705
AgglomerativeClustering,"{'n_clusters': 41, 'linkage': 'average', 'metric': 'cosine'}",0.10881076183744573,201.42180982298905,1.2505514841989624
AgglomerativeClustering,"{'n_clusters': 41, 'linkage': 'single', 'metric': 'euclidean'}",0.11656960142636254,31.588247699857714,0.7709029599971293
AgglomerativeClustering,"{'n_clusters': 41, 'linkage': 'single', 'metric': 'l1'}",0.09006605207786683,10.383514071948781,0.5376247016980683
AgglomerativeClustering,"{'n_clusters': 41, 'linkage': 'single', 'metric': 'l2'}",0.11656960142636254,31.588247699857714,0.7709029599971293
AgglomerativeClustering,"{'n_clusters': 41, 'linkage': 'single', 'metric': 'manhattan'}",0.09006605207786683,10.383514071948781,0.5376247016980683
AgglomerativeClustering,"{'n_clusters': 41, 'linkage': 'single', 'metric': 'cosine'}",-0.37082528427790473,23.11234925923473,1.7284780590474624
AgglomerativeClustering,"{'n_clusters': 42, 'linkage': 'ward', 'metric': 'euclidean'}",0.19309224880505305,431.90189381580615,1.423967079700206
AgglomerativeClustering,"{'n_clusters': 42, 'linkage': 'complete', 'metric': 'euclidean'}",0.22244530762813863,313.84248895372656,1.2648974759267775
AgglomerativeClustering,"{'n_clusters': 42, 'linkage': 'complete', 'metric': 'l1'}",0.18123400339579915,303.7632891965233,1.3462181529311077
AgglomerativeClustering,"{'n_clusters': 42, 'linkage': 'complete', 'metric': 'l2'}",0.22244530762813863,313.84248895372656,1.2648974759267775
AgglomerativeClustering,"{'n_clusters': 42, 'linkage': 'complete', 'metric': 'manhattan'}",0.18123400339579915,303.7632891965233,1.3462181529311077
AgglomerativeClustering,"{'n_clusters': 42, 'linkage': 'complete', 'metric': 'cosine'}",0.08529308548386216,205.2231047402563,1.5473318461864911
AgglomerativeClustering,"{'n_clusters': 42, 'linkage': 'average', 'metric': 'euclidean'}",0.2877740880141253,164.31647232098652,0.9249391081847298
AgglomerativeClustering,"{'n_clusters': 42, 'linkage': 'average', 'metric': 'l1'}",0.28087452406396496,166.32435467840278,1.0002098713611016
AgglomerativeClustering,"{'n_clusters': 42, 'linkage': 'average', 'metric': 'l2'}",0.2877740880141253,164.31647232098652,0.9249391081847298
AgglomerativeClustering,"{'n_clusters': 42, 'linkage': 'average', 'metric': 'manhattan'}",0.28087452406396496,166.32435467840278,1.0002098713611016
AgglomerativeClustering,"{'n_clusters': 42, 'linkage': 'average', 'metric': 'cosine'}",0.11018600407937551,197.69256105320824,1.236630736133332
AgglomerativeClustering,"{'n_clusters': 42, 'linkage': 'single', 'metric': 'euclidean'}",0.11509737414421083,30.863183885179144,0.7695471274358732
AgglomerativeClustering,"{'n_clusters': 42, 'linkage': 'single', 'metric': 'l1'}",0.09202834416508897,10.575474175588433,0.5367606147399706
AgglomerativeClustering,"{'n_clusters': 42, 'linkage': 'single', 'metric': 'l2'}",0.11509737414421083,30.863183885179144,0.7695471274358732
AgglomerativeClustering,"{'n_clusters': 42, 'linkage': 'single', 'metric': 'manhattan'}",0.09202834416508897,10.575474175588433,0.5367606147399706
AgglomerativeClustering,"{'n_clusters': 42, 'linkage': 'single', 'metric': 'cosine'}",-0.2899324426445321,44.02795255723211,1.8775278345471584
AgglomerativeClustering,"{'n_clusters': 43, 'linkage': 'ward', 'metric': 'euclidean'}",0.19282493873141116,427.1498457259492,1.426764372120983
AgglomerativeClustering,"{'n_clusters': 43, 'linkage': 'complete', 'metric': 'euclidean'}",0.22143393181982274,307.0460924233852,1.2439385615439975
AgglomerativeClustering,"{'n_clusters': 43, 'linkage': 'complete', 'metric': 'l1'}",0.18070860563911775,297.70480507293604,1.3383753912624063
AgglomerativeClustering,"{'n_clusters': 43, 'linkage': 'complete', 'metric': 'l2'}",0.22143393181982274,307.0460924233852,1.2439385615439975
AgglomerativeClustering,"{'n_clusters': 43, 'linkage': 'complete', 'metric': 'manhattan'}",0.18070860563911775,297.70480507293604,1.3383753912624063
AgglomerativeClustering,"{'n_clusters': 43, 'linkage': 'complete', 'metric': 'cosine'}",0.08325196177447722,201.96608007677813,1.552415774078341
AgglomerativeClustering,"{'n_clusters': 43, 'linkage': 'average', 'metric': 'euclidean'}",0.2867237128945616,160.53183524428462,0.9145716838771286
AgglomerativeClustering,"{'n_clusters': 43, 'linkage': 'average', 'metric': 'l1'}",0.28083721865877326,162.65469240740347,0.9909828205533695
AgglomerativeClustering,"{'n_clusters': 43, 'linkage': 'average', 'metric': 'l2'}",0.2867237128945616,160.53183524428462,0.9145716838771286
AgglomerativeClustering,"{'n_clusters': 43, 'linkage': 'average', 'metric': 'manhattan'}",0.28083721865877326,162.65469240740347,0.9909828205533695
AgglomerativeClustering,"{'n_clusters': 43, 'linkage': 'average', 'metric': 'cosine'}",0.11190960107480367,193.6089488339116,1.2456151263657724
AgglomerativeClustering,"{'n_clusters': 43, 'linkage': 'single', 'metric': 'euclidean'}",0.18218452197909502,55.83311110627708,0.7942289601568586
AgglomerativeClustering,"{'n_clusters': 43, 'linkage': 'single', 'metric': 'l1'}",0.09266816275143439,10.522780582738045,0.5557344639354276
AgglomerativeClustering,"{'n_clusters': 43, 'linkage': 'single', 'metric': 'l2'}",0.18218452197909502,55.83311110627708,0.7942289601568586
AgglomerativeClustering,"{'n_clusters': 43, 'linkage': 'single', 'metric': 'manhattan'}",0.09266816275143439,10.522780582738045,0.5557344639354276
AgglomerativeClustering,"{'n_clusters': 43, 'linkage': 'single', 'metric': 'cosine'}",-0.29011412127313635,42.97008299023755,1.8809443284343936
AgglomerativeClustering,"{'n_clusters': 44, 'linkage': 'ward', 'metric': 'euclidean'}",0.19359168403212207,422.65824707585995,1.4107315661664324
AgglomerativeClustering,"{'n_clusters': 44, 'linkage': 'complete', 'metric': 'euclidean'}",0.2210695869903551,301.4896263113158,1.2305480439406729
AgglomerativeClustering,"{'n_clusters': 44, 'linkage': 'complete', 'metric': 'l1'}",0.18020638376406867,293.56857598535817,1.3281526340091256
AgglomerativeClustering,"{'n_clusters': 44, 'linkage': 'complete', 'metric': 'l2'}",0.2210695869903551,301.4896263113158,1.2305480439406729
AgglomerativeClustering,"{'n_clusters': 44, 'linkage': 'complete', 'metric': 'manhattan'}",0.18020638376406867,293.56857598535817,1.3281526340091256
AgglomerativeClustering,"{'n_clusters': 44, 'linkage': 'complete', 'metric': 'cosine'}",0.08358873457526782,198.5836619584647,1.5375448298686032
AgglomerativeClustering,"{'n_clusters': 44, 'linkage': 'average', 'metric': 'euclidean'}",0.2774769036646383,157.16715318361392,0.902700454325712
AgglomerativeClustering,"{'n_clusters': 44, 'linkage': 'average', 'metric': 'l1'}",0.2806976327258307,158.9587956416083,0.9746479557022648
AgglomerativeClustering,"{'n_clusters': 44, 'linkage': 'average', 'metric': 'l2'}",0.2774769036646383,157.16715318361392,0.902700454325712
AgglomerativeClustering,"{'n_clusters': 44, 'linkage': 'average', 'metric': 'manhattan'}",0.2806976327258307,158.9587956416083,0.9746479557022648
AgglomerativeClustering,"{'n_clusters': 44, 'linkage': 'average', 'metric': 'cosine'}",0.11407636436828873,205.5013978923609,1.2472033201158246
AgglomerativeClustering,"{'n_clusters': 44, 'linkage': 'single', 'metric': 'euclidean'}",0.18183896626667387,54.612465240708325,0.7912690027197329
AgglomerativeClustering,"{'n_clusters': 44, 'linkage': 'single', 'metric': 'l1'}",0.09179616693933829,10.368894545439673,0.5542072811782369
AgglomerativeClustering,"{'n_clusters': 44, 'linkage': 'single', 'metric': 'l2'}",0.18183896626667387,54.612465240708325,0.7912690027197329
AgglomerativeClustering,"{'n_clusters': 44, 'linkage': 'single', 'metric': 'manhattan'}",0.09179616693933829,10.368894545439673,0.5542072811782369
AgglomerativeClustering,"{'n_clusters': 44, 'linkage': 'single', 'metric': 'cosine'}",-0.2916929929598277,41.962875385231506,1.8794953774264933
AgglomerativeClustering,"{'n_clusters': 45, 'linkage': 'ward', 'metric': 'euclidean'}",0.19400858368388688,418.1360430836701,1.3930034021367017
AgglomerativeClustering,"{'n_clusters': 45, 'linkage': 'complete', 'metric': 'euclidean'}",0.22096077313299137,296.32386447643705,1.2153053236083324
AgglomerativeClustering,"{'n_clusters': 45, 'linkage': 'complete', 'metric': 'l1'}",0.17087428404040128,300.1387905598513,1.3290967327333696
AgglomerativeClustering,"{'n_clusters': 45, 'linkage': 'complete', 'metric': 'l2'}",0.22096077313299137,296.32386447643705,1.2153053236083324
AgglomerativeClustering,"{'n_clusters': 45, 'linkage': 'complete', 'metric': 'manhattan'}",0.17087428404040128,300.1387905598513,1.3290967327333696
AgglomerativeClustering,"{'n_clusters': 45, 'linkage': 'complete', 'metric': 'cosine'}",0.07683176871965286,198.98193728061796,1.545658033509722
AgglomerativeClustering,"{'n_clusters': 45, 'linkage': 'average', 'metric': 'euclidean'}",0.2752068329193982,156.50354602753725,0.9148800291263299
AgglomerativeClustering,"{'n_clusters': 45, 'linkage': 'average', 'metric': 'l1'}",0.2777783295689778,158.32290497754255,0.9829020628357269
AgglomerativeClustering,"{'n_clusters': 45, 'linkage': 'average', 'metric': 'l2'}",0.2752068329193982,156.50354602753725,0.9148800291263299
AgglomerativeClustering,"{'n_clusters': 45, 'linkage': 'average', 'metric': 'manhattan'}",0.2777783295689778,158.32290497754255,0.9829020628357269
AgglomerativeClustering,"{'n_clusters': 45, 'linkage': 'average', 'metric': 'cosine'}",0.11058235369957022,201.69540925327516,1.2219217966930245
AgglomerativeClustering,"{'n_clusters': 45, 'linkage': 'single', 'metric': 'euclidean'}",0.18184370641094952,53.484871695357356,0.78670494211177
AgglomerativeClustering,"{'n_clusters': 45, 'linkage': 'single', 'metric': 'l1'}",0.09042978244634267,10.20663831016563,0.5538147113510785
AgglomerativeClustering,"{'n_clusters': 45, 'linkage': 'single', 'metric': 'l2'}",0.18184370641094952,53.484871695357356,0.78670494211177
AgglomerativeClustering,"{'n_clusters': 45, 'linkage': 'single', 'metric': 'manhattan'}",0.09042978244634267,10.20663831016563,0.5538147113510785
AgglomerativeClustering,"{'n_clusters': 45, 'linkage': 'single', 'metric': 'cosine'}",-0.29294942204918145,41.128436465280835,1.8506823238657735
AgglomerativeClustering,"{'n_clusters': 46, 'linkage': 'ward', 'metric': 'euclidean'}",0.1941053311456748,413.72882217972057,1.3823350963753478
AgglomerativeClustering,"{'n_clusters': 46, 'linkage': 'complete', 'metric': 'euclidean'}",0.22041535926387912,292.3042467586057,1.2204567697559232
AgglomerativeClustering,"{'n_clusters': 46, 'linkage': 'complete', 'metric': 'l1'}",0.17050258416159328,295.0079914657912,1.3045648221724289
AgglomerativeClustering,"{'n_clusters': 46, 'linkage': 'complete', 'metric': 'l2'}",0.22041535926387912,292.3042467586057,1.2204567697559232
AgglomerativeClustering,"{'n_clusters': 46, 'linkage': 'complete', 'metric': 'manhattan'}",0.17050258416159328,295.0079914657912,1.3045648221724289
AgglomerativeClustering,"{'n_clusters': 46, 'linkage': 'complete', 'metric': 'cosine'}",0.07832625166263453,195.34060472177924,1.526925842051165
AgglomerativeClustering,"{'n_clusters': 46, 'linkage': 'average', 'metric': 'euclidean'}",0.2749774110002719,153.10975985325354,0.9007319617082671
AgglomerativeClustering,"{'n_clusters': 46, 'linkage': 'average', 'metric': 'l1'}",0.2773185384419241,155.09442298374677,0.9970731920915502
AgglomerativeClustering,"{'n_clusters': 46, 'linkage': 'average', 'metric': 'l2'}",0.2749774110002719,153.10975985325354,0.9007319617082671
AgglomerativeClustering,"{'n_clusters': 46, 'linkage': 'average', 'metric': 'manhattan'}",0.2773185384419241,155.09442298374677,0.9970731920915502
AgglomerativeClustering,"{'n_clusters': 46, 'linkage': 'average', 'metric': 'cosine'}",0.10822171093631767,198.7523940380297,1.2228715868802218
AgglomerativeClustering,"{'n_clusters': 46, 'linkage': 'single', 'metric': 'euclidean'}",0.19160303810763138,55.984185327454966,0.6868524715188229
AgglomerativeClustering,"{'n_clusters': 46, 'linkage': 'single', 'metric': 'l1'}",0.09033411624709535,10.092833087514624,0.5521546609695207
AgglomerativeClustering,"{'n_clusters': 46, 'linkage': 'single', 'metric': 'l2'}",0.19160303810763138,55.984185327454966,0.6868524715188229
AgglomerativeClustering,"{'n_clusters': 46, 'linkage': 'single', 'metric': 'manhattan'}",0.09033411624709535,10.092833087514624,0.5521546609695207
AgglomerativeClustering,"{'n_clusters': 46, 'linkage': 'single', 'metric': 'cosine'}",-0.2962446295028098,40.20936918828724,1.845048934339476
AgglomerativeClustering,"{'n_clusters': 47, 'linkage': 'ward', 'metric': 'euclidean'}",0.1913071462568654,409.6084917500146,1.3838511267248177
AgglomerativeClustering,"{'n_clusters': 47, 'linkage': 'complete', 'metric': 'euclidean'}",0.20371751919047681,288.91960299657256,1.2167409912785356
AgglomerativeClustering,"{'n_clusters': 47, 'linkage': 'complete', 'metric': 'l1'}",0.16615894588189592,290.6902434315925,1.3184951527034863
AgglomerativeClustering,"{'n_clusters': 47, 'linkage': 'complete', 'metric': 'l2'}",0.20371751919047681,288.91960299657256,1.2167409912785356
AgglomerativeClustering,"{'n_clusters': 47, 'linkage': 'complete', 'metric': 'manhattan'}",0.16615894588189592,290.6902434315925,1.3184951527034863
AgglomerativeClustering,"{'n_clusters': 47, 'linkage': 'complete', 'metric': 'cosine'}",0.07299622591271059,200.3605535407946,1.523797587965316
AgglomerativeClustering,"{'n_clusters': 47, 'linkage': 'average', 'metric': 'euclidean'}",0.26811772875137574,156.72434667246628,0.9109844556959162
AgglomerativeClustering,"{'n_clusters': 47, 'linkage': 'average', 'metric': 'l1'}",0.2771469131326853,151.85881860882415,0.9881134051537908
AgglomerativeClustering,"{'n_clusters': 47, 'linkage': 'average', 'metric': 'l2'}",0.26811772875137574,156.72434667246628,0.9109844556959162
AgglomerativeClustering,"{'n_clusters': 47, 'linkage': 'average', 'metric': 'manhattan'}",0.2771469131326853,151.85881860882415,0.9881134051537908
AgglomerativeClustering,"{'n_clusters': 47, 'linkage': 'average', 'metric': 'cosine'}",0.10652508773671535,194.36366252740433,1.2088568917344722
AgglomerativeClustering,"{'n_clusters': 47, 'linkage': 'single', 'metric': 'euclidean'}",0.19164185271022333,54.820960111329654,0.6828975350631586
AgglomerativeClustering,"{'n_clusters': 47, 'linkage': 'single', 'metric': 'l1'}",0.08726374075466528,9.930105837186098,0.5530638770027464
AgglomerativeClustering,"{'n_clusters': 47, 'linkage': 'single', 'metric': 'l2'}",0.19164185271022333,54.820960111329654,0.6828975350631586
AgglomerativeClustering,"{'n_clusters': 47, 'linkage': 'single', 'metric': 'manhattan'}",0.08726374075466528,9.930105837186098,0.5530638770027464
AgglomerativeClustering,"{'n_clusters': 47, 'linkage': 'single', 'metric': 'cosine'}",-0.2964955587895615,39.329782850477066,1.8398360561101343
AgglomerativeClustering,"{'n_clusters': 48, 'linkage': 'ward', 'metric': 'euclidean'}",0.18990553684207953,405.68347847195275,1.3955883401542168
AgglomerativeClustering,"{'n_clusters': 48, 'linkage': 'complete', 'metric': 'euclidean'}",0.20358541843783873,284.46554434222435,1.2134766114820685
AgglomerativeClustering,"{'n_clusters': 48, 'linkage': 'complete', 'metric': 'l1'}",0.164505803387061,287.5046419247859,1.3320455281950976
AgglomerativeClustering,"{'n_clusters': 48, 'linkage': 'complete', 'metric': 'l2'}",0.20358541843783873,284.46554434222435,1.2134766114820685
AgglomerativeClustering,"{'n_clusters': 48, 'linkage': 'complete', 'metric': 'manhattan'}",0.164505803387061,287.5046419247859,1.3320455281950976
AgglomerativeClustering,"{'n_clusters': 48, 'linkage': 'complete', 'metric': 'cosine'}",0.0797953007189526,203.83937729434444,1.5282122615869198
AgglomerativeClustering,"{'n_clusters': 48, 'linkage': 'average', 'metric': 'euclidean'}",0.267696701544014,153.66243379223795,0.904795467500329
AgglomerativeClustering,"{'n_clusters': 48, 'linkage': 'average', 'metric': 'l1'}",0.2770125994106073,148.82817056527574,0.986914255491047
AgglomerativeClustering,"{'n_clusters': 48, 'linkage': 'average', 'metric': 'l2'}",0.267696701544014,153.66243379223795,0.904795467500329
AgglomerativeClustering,"{'n_clusters': 48, 'linkage': 'average', 'metric': 'manhattan'}",0.2770125994106073,148.82817056527574,0.986914255491047
AgglomerativeClustering,"{'n_clusters': 48, 'linkage': 'average', 'metric': 'cosine'}",0.11410723446772542,200.8215670513578,1.2112994326343078
AgglomerativeClustering,"{'n_clusters': 48, 'linkage': 'single', 'metric': 'euclidean'}",0.19241858862839165,53.877810769971816,0.6850380494824698
AgglomerativeClustering,"{'n_clusters': 48, 'linkage': 'single', 'metric': 'l1'}",0.08804292408921008,9.9211781182714,0.5530720751673199
AgglomerativeClustering,"{'n_clusters': 48, 'linkage': 'single', 'metric': 'l2'}",0.19241858862839165,53.877810769971816,0.6850380494824698
AgglomerativeClustering,"{'n_clusters': 48, 'linkage': 'single', 'metric': 'manhattan'}",0.08804292408921008,9.9211781182714,0.5530720751673199
AgglomerativeClustering,"{'n_clusters': 48, 'linkage': 'single', 'metric': 'cosine'}",-0.3125746262343186,38.54196036149918,1.8260566297030334
AgglomerativeClustering,"{'n_clusters': 49, 'linkage': 'ward', 'metric': 'euclidean'}",0.1900873991722697,401.9362264602063,1.3955951775535045
AgglomerativeClustering,"{'n_clusters': 49, 'linkage': 'complete', 'metric': 'euclidean'}",0.20356170660018377,279.70492848822335,1.211010854034536
AgglomerativeClustering,"{'n_clusters': 49, 'linkage': 'complete', 'metric': 'l1'}",0.1647386439646483,282.8823646477064,1.3164544228973245
AgglomerativeClustering,"{'n_clusters': 49, 'linkage': 'complete', 'metric': 'l2'}",0.20356170660018377,279.70492848822335,1.211010854034536
AgglomerativeClustering,"{'n_clusters': 49, 'linkage': 'complete', 'metric': 'manhattan'}",0.1647386439646483,282.8823646477064,1.3164544228973245
AgglomerativeClustering,"{'n_clusters': 49, 'linkage': 'complete', 'metric': 'cosine'}",0.08277164056023967,204.77621304963796,1.507531251791525
AgglomerativeClustering,"{'n_clusters': 49, 'linkage': 'average', 'metric': 'euclidean'}",0.3035343926101852,208.03086279170464,0.9063782339075848
AgglomerativeClustering,"{'n_clusters': 49, 'linkage': 'average', 'metric': 'l1'}",0.277368488974552,146.06226035016937,0.968261354313311
AgglomerativeClustering,"{'n_clusters': 49, 'linkage': 'average', 'metric': 'l2'}",0.3035343926101852,208.03086279170464,0.9063782339075848
AgglomerativeClustering,"{'n_clusters': 49, 'linkage': 'average', 'metric': 'manhattan'}",0.277368488974552,146.06226035016937,0.968261354313311
AgglomerativeClustering,"{'n_clusters': 49, 'linkage': 'average', 'metric': 'cosine'}",0.11323399493937783,196.68506425535676,1.2348494992567831
AgglomerativeClustering,"{'n_clusters': 49, 'linkage': 'single', 'metric': 'euclidean'}",0.19174912231379965,52.75889116417208,0.6808996907562199
AgglomerativeClustering,"{'n_clusters': 49, 'linkage': 'single', 'metric': 'l1'}",0.08469708236727108,9.824596542772388,0.5503738874326526
AgglomerativeClustering,"{'n_clusters': 49, 'linkage': 'single', 'metric': 'l2'}",0.19174912231379965,52.75889116417208,0.6808996907562199
AgglomerativeClustering,"{'n_clusters': 49, 'linkage': 'single', 'metric': 'manhattan'}",0.08469708236727108,9.824596542772388,0.5503738874326526
AgglomerativeClustering,"{'n_clusters': 49, 'linkage': 'single', 'metric': 'cosine'}",-0.32410161204351284,37.79087405097913,1.807932167419101
Birch,"{'n_clusters': 5, 'threshold': 0.01, 'branching_factor': 10}",0.2988013511536612,955.3253369263782,1.0921609184689014
Birch,"{'n_clusters': 5, 'threshold': 0.01, 'branching_factor': 20}",0.2988013511536612,955.3253369263782,1.0921609184689014
Birch,"{'n_clusters': 5, 'threshold': 0.01, 'branching_factor': 30}",0.2988013511536612,955.3253369263782,1.0921609184689014
Birch,"{'n_clusters': 5, 'threshold': 0.01, 'branching_factor': 40}",0.2988013511536612,955.3253369263782,1.0921609184689014
Birch,"{'n_clusters': 5, 'threshold': 0.01, 'branching_factor': 50}",0.2988013511536612,955.3253369263782,1.0921609184689014
Birch,"{'n_clusters': 5, 'threshold': 0.01, 'branching_factor': 100}",0.2988013511536612,955.3253369263782,1.0921609184689014
Birch,"{'n_clusters': 5, 'threshold': 0.01, 'branching_factor': 200}",0.2988013511536612,955.3253369263782,1.0921609184689014
Birch,"{'n_clusters': 5, 'threshold': 0.01, 'branching_factor': 300}",0.2988013511536612,955.3253369263782,1.0921609184689014
Birch,"{'n_clusters': 5, 'threshold': 0.01, 'branching_factor': 400}",0.2988013511536612,955.3253369263782,1.0921609184689014
Birch,"{'n_clusters': 5, 'threshold': 0.01, 'branching_factor': 500}",0.2988013511536612,955.3253369263782,1.0921609184689014
Birch,"{'n_clusters': 5, 'threshold': 0.01, 'branching_factor': 1000}",0.2988013511536612,955.3253369263782,1.0921609184689014
Birch,"{'n_clusters': 5, 'threshold': 0.05, 'branching_factor': 10}",0.29989652011848955,956.4943859059877,1.0868191037320403
Birch,"{'n_clusters': 5, 'threshold': 0.05, 'branching_factor': 20}",0.2875627001587743,926.0094294142913,1.1085384802235638
Birch,"{'n_clusters': 5, 'threshold': 0.05, 'branching_factor': 30}",0.2994476445790792,954.9162768736467,1.0880777333727276
Birch,"{'n_clusters': 5, 'threshold': 0.05, 'branching_factor': 40}",0.29930172016396867,954.6682195913511,1.0888233880207143
Birch,"{'n_clusters': 5, 'threshold': 0.05, 'branching_factor': 50}",0.2875627001587743,926.0094294142913,1.1085384802235638
Birch,"{'n_clusters': 5, 'threshold': 0.05, 'branching_factor': 100}",0.28792949798656864,941.921482126741,1.1217898114636993
Birch,"{'n_clusters': 5, 'threshold': 0.05, 'branching_factor': 200}",0.2994476445790792,954.9162768736467,1.0880777333727276
Birch,"{'n_clusters': 5, 'threshold': 0.05, 'branching_factor': 300}",0.2994476445790792,954.9162768736467,1.0880777333727276
Birch,"{'n_clusters': 5, 'threshold': 0.05, 'branching_factor': 400}",0.2994476445790792,954.9162768736467,1.0880777333727276
Birch,"{'n_clusters': 5, 'threshold': 0.05, 'branching_factor': 500}",0.2994476445790792,954.9162768736467,1.0880777333727276
Birch,"{'n_clusters': 5, 'threshold': 0.05, 'branching_factor': 1000}",0.2994476445790792,954.9162768736467,1.0880777333727276
Birch,"{'n_clusters': 5, 'threshold': 0.1, 'branching_factor': 10}",0.3004798989675211,956.6074107448582,1.093970038695592
Birch,"{'n_clusters': 5, 'threshold': 0.1, 'branching_factor': 20}",0.30234913397470636,962.5654763749931,1.095108294317166
Birch,"{'n_clusters': 5, 'threshold': 0.1, 'branching_factor': 30}",0.29824156648815425,959.6457946643773,1.103960108326919
Birch,"{'n_clusters': 5, 'threshold': 0.1, 'branching_factor': 40}",0.3244489303933624,894.8124360952493,1.2651840463111905
Birch,"{'n_clusters': 5, 'threshold': 0.1, 'branching_factor': 50}",0.30460405535577895,971.2981923690359,1.0919037849559952
Birch,"{'n_clusters': 5, 'threshold': 0.1, 'branching_factor': 100}",0.30208447542251327,960.1321374524282,1.0905955479262268
Birch,"{'n_clusters': 5, 'threshold': 0.1, 'branching_factor': 200}",0.30209168695299926,962.8188999950546,1.0945316260637667
Birch,"{'n_clusters': 5, 'threshold': 0.1, 'branching_factor': 300}",0.30133414790461,961.7883489346046,1.0978011104387284
Birch,"{'n_clusters': 5, 'threshold': 0.1, 'branching_factor': 400}",0.30080144982825696,958.6353682585761,1.0914647940804225
Birch,"{'n_clusters': 5, 'threshold': 0.1, 'branching_factor': 500}",0.30133414790461,961.7883489346046,1.0978011104387284
Birch,"{'n_clusters': 5, 'threshold': 0.1, 'branching_factor': 1000}",0.32984987156649936,908.4365401912368,1.2656315574705845
Birch,"{'n_clusters': 5, 'threshold': 0.2, 'branching_factor': 10}",0.32679398685542627,896.6227960108934,1.2708397361519599
Birch,"{'n_clusters': 5, 'threshold': 0.2, 'branching_factor': 20}",0.3260617976329158,896.9650983200492,1.2934871503616954
Birch,"{'n_clusters': 5, 'threshold': 0.2, 'branching_factor': 30}",0.3223470801891627,886.3530791929936,1.261885166376213
Birch,"{'n_clusters': 5, 'threshold': 0.2, 'branching_factor': 40}",0.328846389643204,906.6820520259541,1.2672937827355202
Birch,"{'n_clusters': 5, 'threshold': 0.2, 'branching_factor': 50}",0.32795765193857435,904.4000562715147,1.2648456755924746
Birch,"{'n_clusters': 5, 'threshold': 0.2, 'branching_factor': 100}",0.3239921277761311,892.8996080823661,1.268878401250133
Birch,"{'n_clusters': 5, 'threshold': 0.2, 'branching_factor': 200}",0.29197694568785204,815.7153258857122,1.2707849055501907
Birch,"{'n_clusters': 5, 'threshold': 0.2, 'branching_factor': 300}",0.3195139595211808,883.0282883914036,1.2675675611222492
Birch,"{'n_clusters': 5, 'threshold': 0.2, 'branching_factor': 400}",0.3195139595211808,883.0282883914036,1.2675675611222492
Birch,"{'n_clusters': 5, 'threshold': 0.2, 'branching_factor': 500}",0.3272117680553171,902.5642743514303,1.2660231521113865
Birch,"{'n_clusters': 5, 'threshold': 0.2, 'branching_factor': 1000}",0.3255845904395291,899.2733405057096,1.262744404786779
Birch,"{'n_clusters': 5, 'threshold': 0.5, 'branching_factor': 10}",0.32000058192103764,857.3310584045215,1.2935535996561272
Birch,"{'n_clusters': 5, 'threshold': 0.5, 'branching_factor': 20}",0.3262984093931624,900.9714643450095,1.3090466091319815
Birch,"{'n_clusters': 5, 'threshold': 0.5, 'branching_factor': 30}",0.3284275334478905,903.799097438667,1.257695252181969
Birch,"{'n_clusters': 5, 'threshold': 0.5, 'branching_factor': 40}",0.22520343129488735,622.7167089726502,1.4167319166381078
Birch,"{'n_clusters': 5, 'threshold': 0.5, 'branching_factor': 50}",0.3212826067693932,878.842428429491,1.3427141988746931
Birch,"{'n_clusters': 5, 'threshold': 0.5, 'branching_factor': 100}",0.2836749319969623,696.1672809290402,1.3224610779832247
Birch,"{'n_clusters': 5, 'threshold': 0.5, 'branching_factor': 200}",0.32912679794458516,910.5975486027583,1.2829873883967085
Birch,"{'n_clusters': 5, 'threshold': 0.5, 'branching_factor': 300}",0.31016090930883394,578.9835110827765,1.4538646059562754
Birch,"{'n_clusters': 5, 'threshold': 0.5, 'branching_factor': 400}",0.31054651041912273,581.3199737477814,1.457291153415541
Birch,"{'n_clusters': 5, 'threshold': 0.5, 'branching_factor': 500}",0.30975739148943116,577.5769841085681,1.4453617737429663
Birch,"{'n_clusters': 5, 'threshold': 0.5, 'branching_factor': 1000}",0.30975739148943116,577.5769841085681,1.4453617737429663
Birch,"{'n_clusters': 5, 'threshold': 1, 'branching_factor': 10}",0.30780017972429285,568.2653289125865,1.4670452631997373
Birch,"{'n_clusters': 5, 'threshold': 1, 'branching_factor': 20}",0.33550186895130507,601.8139455669443,1.3789263321730452
Birch,"{'n_clusters': 5, 'threshold': 1, 'branching_factor': 30}",0.29567884535210825,564.2180681304118,1.5220261746778
Birch,"{'n_clusters': 5, 'threshold': 1, 'branching_factor': 40}",0.30171459117837157,570.5153627356099,1.4016992040324348
Birch,"{'n_clusters': 5, 'threshold': 1, 'branching_factor': 50}",0.36733734881982044,609.0972722742748,1.3582333654388752
Birch,"{'n_clusters': 5, 'threshold': 1, 'branching_factor': 100}",0.37252608447933855,609.9610272908617,1.271965084801786
Birch,"{'n_clusters': 5, 'threshold': 1, 'branching_factor': 200}",0.37128911243601215,603.9167124036157,1.3117095322642505
Birch,"{'n_clusters': 5, 'threshold': 1, 'branching_factor': 300}",0.37128911243601215,603.9167124036157,1.3117095322642505
Birch,"{'n_clusters': 5, 'threshold': 1, 'branching_factor': 400}",0.37128911243601215,603.9167124036157,1.3117095322642505
Birch,"{'n_clusters': 5, 'threshold': 1, 'branching_factor': 500}",0.37128911243601215,603.9167124036157,1.3117095322642505
Birch,"{'n_clusters': 5, 'threshold': 1, 'branching_factor': 1000}",0.37128911243601215,603.9167124036157,1.3117095322642505
Birch,"{'n_clusters': 5, 'threshold': 2, 'branching_factor': 10}",0.36911808573700844,626.4655096269471,1.2797362375074717
Birch,"{'n_clusters': 5, 'threshold': 2, 'branching_factor': 20}",0.3594945516563211,634.297329748323,1.3645136330670504
Birch,"{'n_clusters': 5, 'threshold': 2, 'branching_factor': 30}",0.3594945516563211,634.297329748323,1.3645136330670504
Birch,"{'n_clusters': 5, 'threshold': 2, 'branching_factor': 40}",0.3594945516563211,634.297329748323,1.3645136330670504
Birch,"{'n_clusters': 5, 'threshold': 2, 'branching_factor': 50}",0.3594945516563211,634.297329748323,1.3645136330670504
Birch,"{'n_clusters': 5, 'threshold': 2, 'branching_factor': 100}",0.3594945516563211,634.297329748323,1.3645136330670504
Birch,"{'n_clusters': 5, 'threshold': 2, 'branching_factor': 200}",0.3594945516563211,634.297329748323,1.3645136330670504
Birch,"{'n_clusters': 5, 'threshold': 2, 'branching_factor': 300}",0.3594945516563211,634.297329748323,1.3645136330670504
Birch,"{'n_clusters': 5, 'threshold': 2, 'branching_factor': 400}",0.3594945516563211,634.297329748323,1.3645136330670504
Birch,"{'n_clusters': 5, 'threshold': 2, 'branching_factor': 500}",0.3594945516563211,634.297329748323,1.3645136330670504
Birch,"{'n_clusters': 5, 'threshold': 2, 'branching_factor': 1000}",0.3594945516563211,634.297329748323,1.3645136330670504
Birch,"{'n_clusters': 6, 'threshold': 0.01, 'branching_factor': 10}",0.3089542496677546,917.798855916204,1.2020074665347222
Birch,"{'n_clusters': 6, 'threshold': 0.01, 'branching_factor': 20}",0.3089542496677546,917.798855916204,1.2020074665347222
Birch,"{'n_clusters': 6, 'threshold': 0.01, 'branching_factor': 30}",0.3089542496677546,917.798855916204,1.2020074665347222
Birch,"{'n_clusters': 6, 'threshold': 0.01, 'branching_factor': 40}",0.3089542496677546,917.798855916204,1.2020074665347222
Birch,"{'n_clusters': 6, 'threshold': 0.01, 'branching_factor': 50}",0.3089542496677546,917.798855916204,1.2020074665347222
Birch,"{'n_clusters': 6, 'threshold': 0.01, 'branching_factor': 100}",0.3089542496677546,917.798855916204,1.2020074665347222
Birch,"{'n_clusters': 6, 'threshold': 0.01, 'branching_factor': 200}",0.3089542496677546,917.798855916204,1.2020074665347222
Birch,"{'n_clusters': 6, 'threshold': 0.01, 'branching_factor': 300}",0.3089542496677546,917.798855916204,1.2020074665347222
Birch,"{'n_clusters': 6, 'threshold': 0.01, 'branching_factor': 400}",0.3089542496677546,917.798855916204,1.2020074665347222
Birch,"{'n_clusters': 6, 'threshold': 0.01, 'branching_factor': 500}",0.3089542496677546,917.798855916204,1.2020074665347222
Birch,"{'n_clusters': 6, 'threshold': 0.01, 'branching_factor': 1000}",0.3089542496677546,917.798855916204,1.2020074665347222
Birch,"{'n_clusters': 6, 'threshold': 0.05, 'branching_factor': 10}",0.310044033074604,918.9662923213637,1.1975559542540049
Birch,"{'n_clusters': 6, 'threshold': 0.05, 'branching_factor': 20}",0.2975614772525141,888.5872256788556,1.211639399519173
Birch,"{'n_clusters': 6, 'threshold': 0.05, 'branching_factor': 30}",0.30949735394430433,917.3904063252792,1.194588777143476
Birch,"{'n_clusters': 6, 'threshold': 0.05, 'branching_factor': 40}",0.3093506685375093,917.1427308982621,1.1952101560167983
Birch,"{'n_clusters': 6, 'threshold': 0.05, 'branching_factor': 50}",0.2975614772525141,888.5872256788556,1.211639399519173
Birch,"{'n_clusters': 6, 'threshold': 0.05, 'branching_factor': 100}",0.29794757713731357,904.4274593769404,1.2226821755526192
Birch,"{'n_clusters': 6, 'threshold': 0.05, 'branching_factor': 200}",0.30949735394430433,917.3904063252792,1.194588777143476
Birch,"{'n_clusters': 6, 'threshold': 0.05, 'branching_factor': 300}",0.30949735394430433,917.3904063252792,1.194588777143476
Birch,"{'n_clusters': 6, 'threshold': 0.05, 'branching_factor': 400}",0.30949735394430433,917.3904063252792,1.194588777143476
Birch,"{'n_clusters': 6, 'threshold': 0.05, 'branching_factor': 500}",0.30949735394430433,917.3904063252792,1.194588777143476
Birch,"{'n_clusters': 6, 'threshold': 0.05, 'branching_factor': 1000}",0.30949735394430433,917.3904063252792,1.194588777143476
Birch,"{'n_clusters': 6, 'threshold': 0.1, 'branching_factor': 10}",0.31050301756657095,919.0791716286843,1.1980192908017118
Birch,"{'n_clusters': 6, 'threshold': 0.1, 'branching_factor': 20}",0.3124700174505974,925.0321564947835,1.2036239560439626
Birch,"{'n_clusters': 6, 'threshold': 0.1, 'branching_factor': 30}",0.308340665029152,922.11432900114,1.2100285139251035
Birch,"{'n_clusters': 6, 'threshold': 0.1, 'branching_factor': 40}",0.29371004421512986,884.1076003136453,1.2131927300421674
Birch,"{'n_clusters': 6, 'threshold': 0.1, 'branching_factor': 50}",0.31470091739225,933.766624426484,1.1970745073950277
Birch,"{'n_clusters': 6, 'threshold': 0.1, 'branching_factor': 100}",0.3122002535229208,922.6002781186404,1.1994880929182563
Birch,"{'n_clusters': 6, 'threshold': 0.1, 'branching_factor': 200}",0.3122127398936662,925.28547680848,1.202768158032873
Birch,"{'n_clusters': 6, 'threshold': 0.1, 'branching_factor': 300}",0.3114516990992147,924.2554032560259,1.2054927283453412
Birch,"{'n_clusters': 6, 'threshold': 0.1, 'branching_factor': 400}",0.31092025900984327,921.1048288337104,1.2002124647134194
Birch,"{'n_clusters': 6, 'threshold': 0.1, 'branching_factor': 500}",0.3114516990992147,924.2554032560259,1.2054927283453412
Birch,"{'n_clusters': 6, 'threshold': 0.1, 'branching_factor': 1000}",0.30083527595567,901.0150859800968,1.2092176369039704
Birch,"{'n_clusters': 6, 'threshold': 0.2, 'branching_factor': 10}",0.31261363640873174,915.5466988493876,1.2306613097310364
Birch,"{'n_clusters': 6, 'threshold': 0.2, 'branching_factor': 20}",0.32479004892698715,814.3751911490439,1.3048308984731647
Birch,"{'n_clusters': 6, 'threshold': 0.2, 'branching_factor': 30}",0.32472099334150994,819.8707032005769,1.2990783508251484
Birch,"{'n_clusters': 6, 'threshold': 0.2, 'branching_factor': 40}",0.32843433008510836,825.8213658228157,1.282764149696826
Birch,"{'n_clusters': 6, 'threshold': 0.2, 'branching_factor': 50}",0.329498814622499,831.1842189123688,1.2901511960215981
Birch,"{'n_clusters': 6, 'threshold': 0.2, 'branching_factor': 100}",0.32561428292682065,821.9415012288856,1.2936715196589768
Birch,"{'n_clusters': 6, 'threshold': 0.2, 'branching_factor': 200}",0.31914995803320256,885.2219037700371,1.225310817754539
Birch,"{'n_clusters': 6, 'threshold': 0.2, 'branching_factor': 300}",0.3236266003126844,825.556281627675,1.2888728245257322
Birch,"{'n_clusters': 6, 'threshold': 0.2, 'branching_factor': 400}",0.3236266003126844,825.556281627675,1.2888728245257322
Birch,"{'n_clusters': 6, 'threshold': 0.2, 'branching_factor': 500}",0.3284233279536098,828.3759409400351,1.2895487921202917
Birch,"{'n_clusters': 6, 'threshold': 0.2, 'branching_factor': 1000}",0.32813072469176785,830.6893716872017,1.2919175729401104
Birch,"{'n_clusters': 6, 'threshold': 0.5, 'branching_factor': 10}",0.3184062833175712,725.6128425131495,1.2801363292519181
Birch,"{'n_clusters': 6, 'threshold': 0.5, 'branching_factor': 20}",0.3256741494131568,769.5852979658093,1.2891567921255305
Birch,"{'n_clusters': 6, 'threshold': 0.5, 'branching_factor': 30}",0.3298918646774787,780.6986158492817,1.300303691529723
Birch,"{'n_clusters': 6, 'threshold': 0.5, 'branching_factor': 40}",0.2724707556188365,758.1356563695828,1.3533349838091249
Birch,"{'n_clusters': 6, 'threshold': 0.5, 'branching_factor': 50}",0.3208280242015362,754.303324813769,1.3155041906362277
Birch,"{'n_clusters': 6, 'threshold': 0.5, 'branching_factor': 100}",0.2828802500974861,591.3661917403549,1.2969495180070088
Birch,"{'n_clusters': 6, 'threshold': 0.5, 'branching_factor': 200}",0.3279925685135558,772.4387496227221,1.2587880157472027
Birch,"{'n_clusters': 6, 'threshold': 0.5, 'branching_factor': 300}",0.2707241249614784,552.8034991277644,1.3996154316843477
Birch,"{'n_clusters': 6, 'threshold': 0.5, 'branching_factor': 400}",0.27101957425285894,555.0196752543777,1.4024708879004024
Birch,"{'n_clusters': 6, 'threshold': 0.5, 'branching_factor': 500}",0.2706527418043902,551.4697355752368,1.3925297381732566
Birch,"{'n_clusters': 6, 'threshold': 0.5, 'branching_factor': 1000}",0.2706527418043902,551.4697355752368,1.3925297381732566
Birch,"{'n_clusters': 6, 'threshold': 1, 'branching_factor': 10}",0.311690640641636,486.0513670689369,1.4386224718094665
Birch,"{'n_clusters': 6, 'threshold': 1, 'branching_factor': 20}",0.3357231262163867,509.041575785184,1.3262631318371179
Birch,"{'n_clusters': 6, 'threshold': 1, 'branching_factor': 30}",0.2958592791384366,476.073723341998,1.449646263787625
Birch,"{'n_clusters': 6, 'threshold': 1, 'branching_factor': 40}",0.30539539402904725,488.07277940258723,1.4080070941419907
Birch,"{'n_clusters': 6, 'threshold': 1, 'branching_factor': 50}",0.36603188126837166,519.2891737578681,1.339187092499713
Birch,"{'n_clusters': 6, 'threshold': 1, 'branching_factor': 100}",0.37088791475128574,522.874960852844,1.3173588912236989
Birch,"{'n_clusters': 6, 'threshold': 1, 'branching_factor': 200}",0.3709993494542807,503.10869696175234,1.2384212558105447
Birch,"{'n_clusters': 6, 'threshold': 1, 'branching_factor': 300}",0.3709993494542807,503.10869696175234,1.2384212558105447
Birch,"{'n_clusters': 6, 'threshold': 1, 'branching_factor': 400}",0.3709993494542807,503.10869696175234,1.2384212558105447
Birch,"{'n_clusters': 6, 'threshold': 1, 'branching_factor': 500}",0.3709993494542807,503.10869696175234,1.2384212558105447
Birch,"{'n_clusters': 6, 'threshold': 1, 'branching_factor': 1000}",0.3709993494542807,503.10869696175234,1.2384212558105447
Birch,"{'n_clusters': 6, 'threshold': 2, 'branching_factor': 10}",0.3150377438850029,602.770524046547,1.2471596042653124
Birch,"{'n_clusters': 6, 'threshold': 2, 'branching_factor': 20}",0.35797817250666086,511.166570294503,1.2656221347993457
Birch,"{'n_clusters': 6, 'threshold': 2, 'branching_factor': 30}",0.35797817250666086,511.166570294503,1.2656221347993457
Birch,"{'n_clusters': 6, 'threshold': 2, 'branching_factor': 40}",0.35797817250666086,511.166570294503,1.2656221347993457
Birch,"{'n_clusters': 6, 'threshold': 2, 'branching_factor': 50}",0.35797817250666086,511.166570294503,1.2656221347993457
Birch,"{'n_clusters': 6, 'threshold': 2, 'branching_factor': 100}",0.35797817250666086,511.166570294503,1.2656221347993457
Birch,"{'n_clusters': 6, 'threshold': 2, 'branching_factor': 200}",0.35797817250666086,511.166570294503,1.2656221347993457
Birch,"{'n_clusters': 6, 'threshold': 2, 'branching_factor': 300}",0.35797817250666086,511.166570294503,1.2656221347993457
Birch,"{'n_clusters': 6, 'threshold': 2, 'branching_factor': 400}",0.35797817250666086,511.166570294503,1.2656221347993457
Birch,"{'n_clusters': 6, 'threshold': 2, 'branching_factor': 500}",0.35797817250666086,511.166570294503,1.2656221347993457
Birch,"{'n_clusters': 6, 'threshold': 2, 'branching_factor': 1000}",0.35797817250666086,511.166570294503,1.2656221347993457
Birch,"{'n_clusters': 7, 'threshold': 0.01, 'branching_factor': 10}",0.31332665705310003,871.5611544605583,1.2065911672109837
Birch,"{'n_clusters': 7, 'threshold': 0.01, 'branching_factor': 20}",0.31332665705310003,871.5611544605583,1.2065911672109837
Birch,"{'n_clusters': 7, 'threshold': 0.01, 'branching_factor': 30}",0.31332665705310003,871.5611544605583,1.2065911672109837
Birch,"{'n_clusters': 7, 'threshold': 0.01, 'branching_factor': 40}",0.31332665705310003,871.5611544605583,1.2065911672109837
Birch,"{'n_clusters': 7, 'threshold': 0.01, 'branching_factor': 50}",0.31332665705310003,871.5611544605583,1.2065911672109837
Birch,"{'n_clusters': 7, 'threshold': 0.01, 'branching_factor': 100}",0.31332665705310003,871.5611544605583,1.2065911672109837
Birch,"{'n_clusters': 7, 'threshold': 0.01, 'branching_factor': 200}",0.31332665705310003,871.5611544605583,1.2065911672109837
Birch,"{'n_clusters': 7, 'threshold': 0.01, 'branching_factor': 300}",0.31332665705310003,871.5611544605583,1.2065911672109837
Birch,"{'n_clusters': 7, 'threshold': 0.01, 'branching_factor': 400}",0.31332665705310003,871.5611544605583,1.2065911672109837
Birch,"{'n_clusters': 7, 'threshold': 0.01, 'branching_factor': 500}",0.31332665705310003,871.5611544605583,1.2065911672109837
Birch,"{'n_clusters': 7, 'threshold': 0.01, 'branching_factor': 1000}",0.31332665705310003,871.5611544605583,1.2065911672109837
Birch,"{'n_clusters': 7, 'threshold': 0.05, 'branching_factor': 10}",0.3142995867579791,872.7119193333364,1.2027755852560829
Birch,"{'n_clusters': 7, 'threshold': 0.05, 'branching_factor': 20}",0.3031598363847741,848.3313228106231,1.2187780705449858
Birch,"{'n_clusters': 7, 'threshold': 0.05, 'branching_factor': 30}",0.3152580143212502,876.9147981460138,1.204163251365817
Birch,"{'n_clusters': 7, 'threshold': 0.05, 'branching_factor': 40}",0.31511112922354345,876.6685685415239,1.2046958618286645
Birch,"{'n_clusters': 7, 'threshold': 0.05, 'branching_factor': 50}",0.3031598363847741,848.3313228106231,1.2187780705449858
Birch,"{'n_clusters': 7, 'threshold': 0.05, 'branching_factor': 100}",0.30380111689671624,864.0378672412098,1.2282433071450825
Birch,"{'n_clusters': 7, 'threshold': 0.05, 'branching_factor': 200}",0.3152580143212502,876.9147981460138,1.204163251365817
Birch,"{'n_clusters': 7, 'threshold': 0.05, 'branching_factor': 300}",0.3152580143212502,876.9147981460138,1.204163251365817
Birch,"{'n_clusters': 7, 'threshold': 0.05, 'branching_factor': 400}",0.3152580143212502,876.9147981460138,1.204163251365817
Birch,"{'n_clusters': 7, 'threshold': 0.05, 'branching_factor': 500}",0.3152580143212502,876.9147981460138,1.204163251365817
Birch,"{'n_clusters': 7, 'threshold': 0.05, 'branching_factor': 1000}",0.3152580143212502,876.9147981460138,1.204163251365817
Birch,"{'n_clusters': 7, 'threshold': 0.1, 'branching_factor': 10}",0.31641492449196357,880.2032919249551,1.2144034307268863
Birch,"{'n_clusters': 7, 'threshold': 0.1, 'branching_factor': 20}",0.31635231918329004,878.1585514314617,1.2172282489935924
Birch,"{'n_clusters': 7, 'threshold': 0.1, 'branching_factor': 30}",0.3128077316548027,876.9605665806382,1.2237805285584868
Birch,"{'n_clusters': 7, 'threshold': 0.1, 'branching_factor': 40}",0.3024580902253878,856.3705973535668,1.246995999092888
Birch,"{'n_clusters': 7, 'threshold': 0.1, 'branching_factor': 50}",0.3204725736715945,893.255513627847,1.226504830492522
Birch,"{'n_clusters': 7, 'threshold': 0.1, 'branching_factor': 100}",0.3160834144385968,876.2095041333151,1.2144140241481434
Birch,"{'n_clusters': 7, 'threshold': 0.1, 'branching_factor': 200}",0.3162615549512949,878.8577818155547,1.2172255085321007
Birch,"{'n_clusters': 7, 'threshold': 0.1, 'branching_factor': 300}",0.31552055068434476,877.841770828112,1.219560854514216
Birch,"{'n_clusters': 7, 'threshold': 0.1, 'branching_factor': 400}",0.3147850125646478,874.7349864495112,1.215034914258283
Birch,"{'n_clusters': 7, 'threshold': 0.1, 'branching_factor': 500}",0.31552055068434476,877.841770828112,1.219560854514216
Birch,"{'n_clusters': 7, 'threshold': 0.1, 'branching_factor': 1000}",0.30609274630297434,859.5925040216224,1.2362455862359665
Birch,"{'n_clusters': 7, 'threshold': 0.2, 'branching_factor': 10}",0.3148578220957261,864.1445257599164,1.2486656380472247
Birch,"{'n_clusters': 7, 'threshold': 0.2, 'branching_factor': 20}",0.3111446445936976,753.8241261055977,1.2236012875452908
Birch,"{'n_clusters': 7, 'threshold': 0.2, 'branching_factor': 30}",0.3177065780008947,881.3417589328742,1.2288015648625483
Birch,"{'n_clusters': 7, 'threshold': 0.2, 'branching_factor': 40}",0.31801929522107725,888.0169651931502,1.2278519522258702
Birch,"{'n_clusters': 7, 'threshold': 0.2, 'branching_factor': 50}",0.3140738602887204,878.3208426758265,1.2262880450569174
Birch,"{'n_clusters': 7, 'threshold': 0.2, 'branching_factor': 100}",0.316639950370182,878.4995695131806,1.227584906943793
Birch,"{'n_clusters': 7, 'threshold': 0.2, 'branching_factor': 200}",0.3228109262072104,840.4686757023624,1.238946459856878
Birch,"{'n_clusters': 7, 'threshold': 0.2, 'branching_factor': 300}",0.31070996759883157,868.8950190850425,1.2230350489505866
Birch,"{'n_clusters': 7, 'threshold': 0.2, 'branching_factor': 400}",0.31070996759883157,868.8950190850425,1.2230350489505866
Birch,"{'n_clusters': 7, 'threshold': 0.2, 'branching_factor': 500}",0.31519199291265015,769.555844199661,1.2092014641046382
Birch,"{'n_clusters': 7, 'threshold': 0.2, 'branching_factor': 1000}",0.3156608091519615,771.7601685539694,1.2112840311487558
Birch,"{'n_clusters': 7, 'threshold': 0.5, 'branching_factor': 10}",0.32224963580033233,704.4480821393356,1.2731129706536248
Birch,"{'n_clusters': 7, 'threshold': 0.5, 'branching_factor': 20}",0.32783629529214997,738.2114746152994,1.3157243539001087
Birch,"{'n_clusters': 7, 'threshold': 0.5, 'branching_factor': 30}",0.3326474665026634,687.6318812850187,1.2671010108545926
Birch,"{'n_clusters': 7, 'threshold': 0.5, 'branching_factor': 40}",0.2726986634333985,677.6925721484596,1.373831428879143
Birch,"{'n_clusters': 7, 'threshold': 0.5, 'branching_factor': 50}",0.32005145234696,713.8390709032211,1.3308066646698804
Birch,"{'n_clusters': 7, 'threshold': 0.5, 'branching_factor': 100}",0.31056715606423646,691.2412426735416,1.2978871239062022
Birch,"{'n_clusters': 7, 'threshold': 0.5, 'branching_factor': 200}",0.3297765753966299,738.2030291449976,1.2881399518410106
Birch,"{'n_clusters': 7, 'threshold': 0.5, 'branching_factor': 300}",0.27498250090354537,492.76139383941177,1.3819433855161518
Birch,"{'n_clusters': 7, 'threshold': 0.5, 'branching_factor': 400}",0.3047978444534115,707.8932999125827,1.3457516421477576
Birch,"{'n_clusters': 7, 'threshold': 0.5, 'branching_factor': 500}",0.27552941088956123,493.2132956637717,1.3686465542350936
Birch,"{'n_clusters': 7, 'threshold': 0.5, 'branching_factor': 1000}",0.27552941088956123,493.2132956637717,1.3686465542350936
Birch,"{'n_clusters': 7, 'threshold': 1, 'branching_factor': 10}",0.2928725622228859,489.3800541380344,1.4007734700283376
Birch,"{'n_clusters': 7, 'threshold': 1, 'branching_factor': 20}",0.2971976277943178,494.76304626142115,1.2955246862581742
Birch,"{'n_clusters': 7, 'threshold': 1, 'branching_factor': 30}",0.26085432623227195,475.9708788967841,1.4147433251217232
Birch,"{'n_clusters': 7, 'threshold': 1, 'branching_factor': 40}",0.323468476925111,591.1107742732919,1.3108521697556346
Birch,"{'n_clusters': 7, 'threshold': 1, 'branching_factor': 50}",0.36281744299516744,438.1404647520023,1.3437795435953321
Birch,"{'n_clusters': 7, 'threshold': 1, 'branching_factor': 100}",0.36800294885009277,441.18114339796034,1.3246754392556184
Birch,"{'n_clusters': 7, 'threshold': 1, 'branching_factor': 200}",0.3554497428106228,429.5948501639286,1.3290381603567518
Birch,"{'n_clusters': 7, 'threshold': 1, 'branching_factor': 300}",0.3554497428106228,429.5948501639286,1.3290381603567518
Birch,"{'n_clusters': 7, 'threshold': 1, 'branching_factor': 400}",0.3554497428106228,429.5948501639286,1.3290381603567518
Birch,"{'n_clusters': 7, 'threshold': 1, 'branching_factor': 500}",0.3554497428106228,429.5948501639286,1.3290381603567518
Birch,"{'n_clusters': 7, 'threshold': 1, 'branching_factor': 1000}",0.3554497428106228,429.5948501639286,1.3290381603567518
Birch,"{'n_clusters': 7, 'threshold': 2, 'branching_factor': 10}",0.3157106169154694,529.7804762706367,1.2383350527943338
Birch,"{'n_clusters': 7, 'threshold': 2, 'branching_factor': 20}",0.3204125143337159,497.9042405117162,1.225624419851486
Birch,"{'n_clusters': 7, 'threshold': 2, 'branching_factor': 30}",0.3204125143337159,497.9042405117162,1.225624419851486
Birch,"{'n_clusters': 7, 'threshold': 2, 'branching_factor': 40}",0.3204125143337159,497.9042405117162,1.225624419851486
Birch,"{'n_clusters': 7, 'threshold': 2, 'branching_factor': 50}",0.3204125143337159,497.9042405117162,1.225624419851486
Birch,"{'n_clusters': 7, 'threshold': 2, 'branching_factor': 100}",0.3204125143337159,497.9042405117162,1.225624419851486
Birch,"{'n_clusters': 7, 'threshold': 2, 'branching_factor': 200}",0.3204125143337159,497.9042405117162,1.225624419851486
Birch,"{'n_clusters': 7, 'threshold': 2, 'branching_factor': 300}",0.3204125143337159,497.9042405117162,1.225624419851486
Birch,"{'n_clusters': 7, 'threshold': 2, 'branching_factor': 400}",0.3204125143337159,497.9042405117162,1.225624419851486
Birch,"{'n_clusters': 7, 'threshold': 2, 'branching_factor': 500}",0.3204125143337159,497.9042405117162,1.225624419851486
Birch,"{'n_clusters': 7, 'threshold': 2, 'branching_factor': 1000}",0.3204125143337159,497.9042405117162,1.225624419851486
Birch,"{'n_clusters': 8, 'threshold': 0.01, 'branching_factor': 10}",0.33491076593235625,854.6721350803576,1.1989395638621891
Birch,"{'n_clusters': 8, 'threshold': 0.01, 'branching_factor': 20}",0.33491076593235625,854.6721350803576,1.1989395638621891
Birch,"{'n_clusters': 8, 'threshold': 0.01, 'branching_factor': 30}",0.33491076593235625,854.6721350803576,1.1989395638621891
Birch,"{'n_clusters': 8, 'threshold': 0.01, 'branching_factor': 40}",0.33491076593235625,854.6721350803576,1.1989395638621891
Birch,"{'n_clusters': 8, 'threshold': 0.01, 'branching_factor': 50}",0.33491076593235625,854.6721350803576,1.1989395638621891
Birch,"{'n_clusters': 8, 'threshold': 0.01, 'branching_factor': 100}",0.33491076593235625,854.6721350803576,1.1989395638621891
Birch,"{'n_clusters': 8, 'threshold': 0.01, 'branching_factor': 200}",0.33491076593235625,854.6721350803576,1.1989395638621891
Birch,"{'n_clusters': 8, 'threshold': 0.01, 'branching_factor': 300}",0.33491076593235625,854.6721350803576,1.1989395638621891
Birch,"{'n_clusters': 8, 'threshold': 0.01, 'branching_factor': 400}",0.33491076593235625,854.6721350803576,1.1989395638621891
Birch,"{'n_clusters': 8, 'threshold': 0.01, 'branching_factor': 500}",0.33491076593235625,854.6721350803576,1.1989395638621891
Birch,"{'n_clusters': 8, 'threshold': 0.01, 'branching_factor': 1000}",0.33491076593235625,854.6721350803576,1.1989395638621891
Birch,"{'n_clusters': 8, 'threshold': 0.05, 'branching_factor': 10}",0.33577023496254027,855.8543418387043,1.1936460643850095
Birch,"{'n_clusters': 8, 'threshold': 0.05, 'branching_factor': 20}",0.3235501838686468,830.8491790077475,1.1975783245991434
Birch,"{'n_clusters': 8, 'threshold': 0.05, 'branching_factor': 30}",0.33692749122564475,860.1737093220198,1.1983489687811963
Birch,"{'n_clusters': 8, 'threshold': 0.05, 'branching_factor': 40}",0.33680515642490255,859.9205834297986,1.198904457171481
Birch,"{'n_clusters': 8, 'threshold': 0.05, 'branching_factor': 50}",0.3235501838686468,830.8491790077475,1.1975783245991436
Birch,"{'n_clusters': 8, 'threshold': 0.05, 'branching_factor': 100}",0.3255311882222617,846.9480878820683,1.2194040179690506
Birch,"{'n_clusters': 8, 'threshold': 0.05, 'branching_factor': 200}",0.33692749122564475,860.1737093220198,1.1983489687811963
Birch,"{'n_clusters': 8, 'threshold': 0.05, 'branching_factor': 300}",0.33692749122564475,860.1737093220198,1.1983489687811963
Birch,"{'n_clusters': 8, 'threshold': 0.05, 'branching_factor': 400}",0.33692749122564475,860.1737093220198,1.1983489687811963
Birch,"{'n_clusters': 8, 'threshold': 0.05, 'branching_factor': 500}",0.33692749122564475,860.1737093220198,1.1983489687811963
Birch,"{'n_clusters': 8, 'threshold': 0.05, 'branching_factor': 1000}",0.33692749122564475,860.1737093220198,1.1983489687811963
Birch,"{'n_clusters': 8, 'threshold': 0.1, 'branching_factor': 10}",0.33298179934067956,846.7708463189476,1.1898454804747627
Birch,"{'n_clusters': 8, 'threshold': 0.1, 'branching_factor': 20}",0.3325815870556238,844.7240163907363,1.191557236682924
Birch,"{'n_clusters': 8, 'threshold': 0.1, 'branching_factor': 30}",0.3291803212500567,843.5250430863355,1.1975030142429945
Birch,"{'n_clusters': 8, 'threshold': 0.1, 'branching_factor': 40}",0.3169578376342156,820.2534287583176,1.206510996410023
Birch,"{'n_clusters': 8, 'threshold': 0.1, 'branching_factor': 50}",0.33584022263426533,857.6085504954815,1.1967343330665665
Birch,"{'n_clusters': 8, 'threshold': 0.1, 'branching_factor': 100}",0.3323673786582346,842.7734497417085,1.1860026024640349
Birch,"{'n_clusters': 8, 'threshold': 0.1, 'branching_factor': 200}",0.33254678629122164,845.4239041955973,1.1915548387791184
Birch,"{'n_clusters': 8, 'threshold': 0.1, 'branching_factor': 300}",0.3317917223778194,844.4069574770253,1.1937768458565468
Birch,"{'n_clusters': 8, 'threshold': 0.1, 'branching_factor': 400}",0.33118230907634094,841.298088811817,1.1853413541886968
Birch,"{'n_clusters': 8, 'threshold': 0.1, 'branching_factor': 500}",0.3317917223778194,844.4069574770253,1.1937768458565468
Birch,"{'n_clusters': 8, 'threshold': 0.1, 'branching_factor': 1000}",0.3206012462165203,824.0414020684583,1.1957583876157156
Birch,"{'n_clusters': 8, 'threshold': 0.2, 'branching_factor': 10}",0.32994932784864905,831.7910967278762,1.2173183218138197
Birch,"{'n_clusters': 8, 'threshold': 0.2, 'branching_factor': 20}",0.31323396018816674,792.9962447455689,1.1836389862981718
Birch,"{'n_clusters': 8, 'threshold': 0.2, 'branching_factor': 30}",0.3327933872177499,843.7597796726111,1.201082287166097
Birch,"{'n_clusters': 8, 'threshold': 0.2, 'branching_factor': 40}",0.33350104629064725,854.6183470990687,1.1963680659675673
Birch,"{'n_clusters': 8, 'threshold': 0.2, 'branching_factor': 50}",0.32918109503588716,844.816183524235,1.1909814087156017
Birch,"{'n_clusters': 8, 'threshold': 0.2, 'branching_factor': 100}",0.33149535088255105,843.2720582574545,1.1879804384424446
Birch,"{'n_clusters': 8, 'threshold': 0.2, 'branching_factor': 200}",0.3232498268397353,813.8553020594368,1.1674083682541083
Birch,"{'n_clusters': 8, 'threshold': 0.2, 'branching_factor': 300}",0.3266725034946573,836.5475902170731,1.188971812862482
Birch,"{'n_clusters': 8, 'threshold': 0.2, 'branching_factor': 400}",0.3266725034946573,836.5475902170732,1.188971812862482
Birch,"{'n_clusters': 8, 'threshold': 0.2, 'branching_factor': 500}",0.32243542227903554,822.2958166538155,1.1918122304170808
Birch,"{'n_clusters': 8, 'threshold': 0.2, 'branching_factor': 1000}",0.324033347545688,851.0717616540061,1.214482073755404
Birch,"{'n_clusters': 8, 'threshold': 0.5, 'branching_factor': 10}",0.32632748016108126,647.8775226030632,1.300068741927571
Birch,"{'n_clusters': 8, 'threshold': 0.5, 'branching_factor': 20}",0.3316193620947356,673.9512050160326,1.3195513150621994
Birch,"{'n_clusters': 8, 'threshold': 0.5, 'branching_factor': 30}",0.33487697341862194,678.6946717019188,1.2950036759577666
Birch,"{'n_clusters': 8, 'threshold': 0.5, 'branching_factor': 40}",0.2753436405214757,611.6269151921567,1.3679036190116078
Birch,"{'n_clusters': 8, 'threshold': 0.5, 'branching_factor': 50}",0.3251827550035839,655.3011417306748,1.3205199292754939
Birch,"{'n_clusters': 8, 'threshold': 0.5, 'branching_factor': 100}",0.3153744010260266,635.2423965577523,1.3092369345526933
Birch,"{'n_clusters': 8, 'threshold': 0.5, 'branching_factor': 200}",0.3341448502395351,678.0789265592575,1.31281201022614
Birch,"{'n_clusters': 8, 'threshold': 0.5, 'branching_factor': 300}",0.30989728238645886,648.7997094592134,1.334879983280619
Birch,"{'n_clusters': 8, 'threshold': 0.5, 'branching_factor': 400}",0.30859588066234256,645.6356427602954,1.3455021219403913
Birch,"{'n_clusters': 8, 'threshold': 0.5, 'branching_factor': 500}",0.31032696130611226,649.4332687931652,1.3232452559096932
Birch,"{'n_clusters': 8, 'threshold': 0.5, 'branching_factor': 1000}",0.31032696130611226,649.4332687931652,1.3232452559096932
Birch,"{'n_clusters': 8, 'threshold': 1, 'branching_factor': 10}",0.28474666938200055,431.95824567515365,1.441285926060141
Birch,"{'n_clusters': 8, 'threshold': 1, 'branching_factor': 20}",0.2912955545530306,439.12451221496514,1.3938227752150427
Birch,"{'n_clusters': 8, 'threshold': 1, 'branching_factor': 30}",0.2582203063518218,423.75296927972937,1.4624305512816385
Birch,"{'n_clusters': 8, 'threshold': 1, 'branching_factor': 40}",0.3180569504734517,518.9677428315695,1.3411082050531817
Birch,"{'n_clusters': 8, 'threshold': 1, 'branching_factor': 50}",0.30916950151813627,446.65547510118733,1.3013856389978407
Birch,"{'n_clusters': 8, 'threshold': 1, 'branching_factor': 100}",0.33507797950370527,429.56584605857955,1.3002898108778838
Birch,"{'n_clusters': 8, 'threshold': 1, 'branching_factor': 200}",0.3214248776896877,418.2702706859248,1.3096037489723131
Birch,"{'n_clusters': 8, 'threshold': 1, 'branching_factor': 300}",0.3214248776896877,418.2702706859248,1.3096037489723131
Birch,"{'n_clusters': 8, 'threshold': 1, 'branching_factor': 400}",0.3214248776896877,418.2702706859248,1.3096037489723131
Birch,"{'n_clusters': 8, 'threshold': 1, 'branching_factor': 500}",0.3214248776896877,418.2702706859248,1.3096037489723131
Birch,"{'n_clusters': 8, 'threshold': 1, 'branching_factor': 1000}",0.3214248776896877,418.2702706859248,1.3096037489723131
Birch,"{'n_clusters': 8, 'threshold': 2, 'branching_factor': 10}",0.30958341550040414,455.8384063289458,1.2730990797925077
Birch,"{'n_clusters': 8, 'threshold': 2, 'branching_factor': 20}",0.30052374682620847,496.0953577987022,1.2165016497148557
Birch,"{'n_clusters': 8, 'threshold': 2, 'branching_factor': 30}",0.30052374682620847,496.0953577987022,1.2165016497148557
Birch,"{'n_clusters': 8, 'threshold': 2, 'branching_factor': 40}",0.30052374682620847,496.0953577987022,1.2165016497148557
Birch,"{'n_clusters': 8, 'threshold': 2, 'branching_factor': 50}",0.30052374682620847,496.0953577987022,1.2165016497148557
Birch,"{'n_clusters': 8, 'threshold': 2, 'branching_factor': 100}",0.30052374682620847,496.0953577987022,1.2165016497148557
Birch,"{'n_clusters': 8, 'threshold': 2, 'branching_factor': 200}",0.30052374682620847,496.0953577987022,1.2165016497148557
Birch,"{'n_clusters': 8, 'threshold': 2, 'branching_factor': 300}",0.30052374682620847,496.0953577987022,1.2165016497148557
Birch,"{'n_clusters': 8, 'threshold': 2, 'branching_factor': 400}",0.30052374682620847,496.0953577987022,1.2165016497148557
Birch,"{'n_clusters': 8, 'threshold': 2, 'branching_factor': 500}",0.30052374682620847,496.0953577987022,1.2165016497148557
Birch,"{'n_clusters': 8, 'threshold': 2, 'branching_factor': 1000}",0.30052374682620847,496.0953577987022,1.2165016497148557
Birch,"{'n_clusters': 9, 'threshold': 0.01, 'branching_factor': 10}",0.33811711335037203,814.6462888079132,1.2318769621326602
Birch,"{'n_clusters': 9, 'threshold': 0.01, 'branching_factor': 20}",0.33811711335037203,814.6462888079132,1.2318769621326602
Birch,"{'n_clusters': 9, 'threshold': 0.01, 'branching_factor': 30}",0.33811711335037203,814.6462888079132,1.2318769621326602
Birch,"{'n_clusters': 9, 'threshold': 0.01, 'branching_factor': 40}",0.33811711335037203,814.6462888079132,1.2318769621326602
Birch,"{'n_clusters': 9, 'threshold': 0.01, 'branching_factor': 50}",0.33811711335037203,814.6462888079132,1.2318769621326602
Birch,"{'n_clusters': 9, 'threshold': 0.01, 'branching_factor': 100}",0.33811711335037203,814.6462888079132,1.2318769621326602
Birch,"{'n_clusters': 9, 'threshold': 0.01, 'branching_factor': 200}",0.33811711335037203,814.6462888079132,1.2318769621326602
Birch,"{'n_clusters': 9, 'threshold': 0.01, 'branching_factor': 300}",0.33811711335037203,814.6462888079132,1.2318769621326602
Birch,"{'n_clusters': 9, 'threshold': 0.01, 'branching_factor': 400}",0.33811711335037203,814.6462888079132,1.2318769621326602
Birch,"{'n_clusters': 9, 'threshold': 0.01, 'branching_factor': 500}",0.33811711335037203,814.6462888079132,1.2318769621326602
Birch,"{'n_clusters': 9, 'threshold': 0.01, 'branching_factor': 1000}",0.33811711335037203,814.6462888079132,1.2318769621326602
Birch,"{'n_clusters': 9, 'threshold': 0.05, 'branching_factor': 10}",0.30036498422131697,819.8404582452844,1.2462955920271408
Birch,"{'n_clusters': 9, 'threshold': 0.05, 'branching_factor': 20}",0.3267454803501459,791.1888776710274,1.2306669716766194
Birch,"{'n_clusters': 9, 'threshold': 0.05, 'branching_factor': 30}",0.3401484706861163,820.0713155290572,1.2313519887273332
Birch,"{'n_clusters': 9, 'threshold': 0.05, 'branching_factor': 40}",0.3400248151084601,819.8216466669611,1.231845756185364
Birch,"{'n_clusters': 9, 'threshold': 0.05, 'branching_factor': 50}",0.2940725197807633,804.9513841232017,1.2923021478906696
Birch,"{'n_clusters': 9, 'threshold': 0.05, 'branching_factor': 100}",0.32872223278595014,807.034699278806,1.250067588005426
Birch,"{'n_clusters': 9, 'threshold': 0.05, 'branching_factor': 200}",0.3401484706861163,820.0713155290572,1.2313519887273332
Birch,"{'n_clusters': 9, 'threshold': 0.05, 'branching_factor': 300}",0.3401484706861163,820.0713155290572,1.2313519887273332
Birch,"{'n_clusters': 9, 'threshold': 0.05, 'branching_factor': 400}",0.3401484706861163,820.0713155290572,1.2313519887273332
Birch,"{'n_clusters': 9, 'threshold': 0.05, 'branching_factor': 500}",0.3401484706861163,820.0713155290572,1.2313519887273332
Birch,"{'n_clusters': 9, 'threshold': 0.05, 'branching_factor': 1000}",0.3401484706861163,820.0713155290572,1.2313519887273332
Birch,"{'n_clusters': 9, 'threshold': 0.1, 'branching_factor': 10}",0.3362573774157807,806.8601065744476,1.2237933324549477
Birch,"{'n_clusters': 9, 'threshold': 0.1, 'branching_factor': 20}",0.3358324812308852,804.8440883162062,1.2253148935288687
Birch,"{'n_clusters': 9, 'threshold': 0.1, 'branching_factor': 30}",0.3324364778683813,803.6633533274429,1.2306000291378205
Birch,"{'n_clusters': 9, 'threshold': 0.1, 'branching_factor': 40}",0.28059836169511315,800.4087442761677,1.282799264259167
Birch,"{'n_clusters': 9, 'threshold': 0.1, 'branching_factor': 50}",0.3391192364552021,817.5414797530906,1.2299167569809955
Birch,"{'n_clusters': 9, 'threshold': 0.1, 'branching_factor': 100}",0.33561596240741737,802.9232643911841,1.2203774408898562
Birch,"{'n_clusters': 9, 'threshold': 0.1, 'branching_factor': 200}",0.3358023256998061,805.5333944909007,1.2253127620588193
Birch,"{'n_clusters': 9, 'threshold': 0.1, 'branching_factor': 300}",0.3350442092961074,804.5318387480918,1.227287879460978
Birch,"{'n_clusters': 9, 'threshold': 0.1, 'branching_factor': 400}",0.33443666679999784,801.4706464872786,1.2197896646451114
Birch,"{'n_clusters': 9, 'threshold': 0.1, 'branching_factor': 500}",0.3350442092961074,804.5318387480918,1.227287879460978
Birch,"{'n_clusters': 9, 'threshold': 0.1, 'branching_factor': 1000}",0.28556358718215635,814.6213056149114,1.266893789985164
Birch,"{'n_clusters': 9, 'threshold': 0.2, 'branching_factor': 10}",0.3331171874979613,792.1152925319689,1.248213635867443
Birch,"{'n_clusters': 9, 'threshold': 0.2, 'branching_factor': 20}",0.31645726707174543,753.6274885583878,1.2096205265048146
Birch,"{'n_clusters': 9, 'threshold': 0.2, 'branching_factor': 30}",0.3360636649596003,803.8945081583506,1.2337816050694672
Birch,"{'n_clusters': 9, 'threshold': 0.2, 'branching_factor': 40}",0.33676858484807076,814.5932638125877,1.2295911862263298
Birch,"{'n_clusters': 9, 'threshold': 0.2, 'branching_factor': 50}",0.33244390429936765,804.9348592404643,1.2248030464468045
Birch,"{'n_clusters': 9, 'threshold': 0.2, 'branching_factor': 100}",0.33477671413857363,803.4142347112468,1.2221355173151094
Birch,"{'n_clusters': 9, 'threshold': 0.2, 'branching_factor': 200}",0.3263711520487512,774.489517551344,1.2038492327032548
Birch,"{'n_clusters': 9, 'threshold': 0.2, 'branching_factor': 300}",0.3299859652031721,796.7948188697977,1.2230167390218094
Birch,"{'n_clusters': 9, 'threshold': 0.2, 'branching_factor': 400}",0.3299859652031721,796.7948188697977,1.2230167390218094
Birch,"{'n_clusters': 9, 'threshold': 0.2, 'branching_factor': 500}",0.3256026522403645,782.7802435489075,1.2255415546258972
Birch,"{'n_clusters': 9, 'threshold': 0.2, 'branching_factor': 1000}",0.3273383490410986,811.0976102488454,1.2456925264821843
Birch,"{'n_clusters': 9, 'threshold': 0.5, 'branching_factor': 10}",0.31878602554910695,643.8283955818661,1.2485940319707671
Birch,"{'n_clusters': 9, 'threshold': 0.5, 'branching_factor': 20}",0.32026007077801755,658.8834589187762,1.2543677140927738
Birch,"{'n_clusters': 9, 'threshold': 0.5, 'branching_factor': 30}",0.32245524625099703,663.4157449992437,1.2323891296894232
Birch,"{'n_clusters': 9, 'threshold': 0.5, 'branching_factor': 40}",0.27633131697427016,597.6005106602751,1.3151859849702154
Birch,"{'n_clusters': 9, 'threshold': 0.5, 'branching_factor': 50}",0.31184084754333163,638.8123209698348,1.2598067274991431
Birch,"{'n_clusters': 9, 'threshold': 0.5, 'branching_factor': 100}",0.3055547119703647,619.002642841305,1.262964488436117
Birch,"{'n_clusters': 9, 'threshold': 0.5, 'branching_factor': 200}",0.3220060785761933,660.261433637573,1.2506295961434628
Birch,"{'n_clusters': 9, 'threshold': 0.5, 'branching_factor': 300}",0.30213402425334546,630.0903842578194,1.2829875198482763
Birch,"{'n_clusters': 9, 'threshold': 0.5, 'branching_factor': 400}",0.30086326961847765,626.9289189740443,1.292429420879185
Birch,"{'n_clusters': 9, 'threshold': 0.5, 'branching_factor': 500}",0.30256693391238026,630.7235822291618,1.2726455399630088
Birch,"{'n_clusters': 9, 'threshold': 0.5, 'branching_factor': 1000}",0.30256693391238026,630.7235822291618,1.2726455399630088
Birch,"{'n_clusters': 9, 'threshold': 1, 'branching_factor': 10}",0.28246829128670126,382.3631548796371,1.4845129701490907
Birch,"{'n_clusters': 9, 'threshold': 1, 'branching_factor': 20}",0.28939681935439204,388.5154703435728,1.4254615418768513
Birch,"{'n_clusters': 9, 'threshold': 1, 'branching_factor': 30}",0.25613860218083545,374.9532857143993,1.4569862672869163
Birch,"{'n_clusters': 9, 'threshold': 1, 'branching_factor': 40}",0.316073415078715,459.5529942039393,1.383713778268386
Birch,"{'n_clusters': 9, 'threshold': 1, 'branching_factor': 50}",0.3014381734894881,399.4823834477942,1.2876805478789255
Birch,"{'n_clusters': 9, 'threshold': 1, 'branching_factor': 100}",0.32951561859379414,589.9750203936895,1.3143957428671547
Birch,"{'n_clusters': 9, 'threshold': 1, 'branching_factor': 200}",0.31587372676718584,573.3727432384128,1.317788970390258
Birch,"{'n_clusters': 9, 'threshold': 1, 'branching_factor': 300}",0.31587372676718584,573.3727432384128,1.317788970390258
Birch,"{'n_clusters': 9, 'threshold': 1, 'branching_factor': 400}",0.31587372676718584,573.3727432384128,1.317788970390258
Birch,"{'n_clusters': 9, 'threshold': 1, 'branching_factor': 500}",0.31587372676718584,573.3727432384128,1.317788970390258
Birch,"{'n_clusters': 9, 'threshold': 1, 'branching_factor': 1000}",0.31587372676718584,573.3727432384128,1.317788970390258
Birch,"{'n_clusters': 9, 'threshold': 2, 'branching_factor': 10}",0.3036689384406664,408.6428529156083,1.3340203074380976
Birch,"{'n_clusters': 9, 'threshold': 2, 'branching_factor': 20}",0.30358224251628463,457.26066575252065,1.207023742791455
Birch,"{'n_clusters': 9, 'threshold': 2, 'branching_factor': 30}",0.30358224251628463,457.26066575252065,1.207023742791455
Birch,"{'n_clusters': 9, 'threshold': 2, 'branching_factor': 40}",0.30358224251628463,457.26066575252065,1.207023742791455
Birch,"{'n_clusters': 9, 'threshold': 2, 'branching_factor': 50}",0.30358224251628463,457.26066575252065,1.207023742791455
Birch,"{'n_clusters': 9, 'threshold': 2, 'branching_factor': 100}",0.30358224251628463,457.26066575252065,1.207023742791455
Birch,"{'n_clusters': 9, 'threshold': 2, 'branching_factor': 200}",0.30358224251628463,457.26066575252065,1.207023742791455
Birch,"{'n_clusters': 9, 'threshold': 2, 'branching_factor': 300}",0.30358224251628463,457.26066575252065,1.207023742791455
Birch,"{'n_clusters': 9, 'threshold': 2, 'branching_factor': 400}",0.30358224251628463,457.26066575252065,1.207023742791455
Birch,"{'n_clusters': 9, 'threshold': 2, 'branching_factor': 500}",0.30358224251628463,457.26066575252065,1.207023742791455
Birch,"{'n_clusters': 9, 'threshold': 2, 'branching_factor': 1000}",0.30358224251628463,457.26066575252065,1.207023742791455
Birch,"{'n_clusters': 10, 'threshold': 0.01, 'branching_factor': 10}",0.31499363280491505,789.186489086734,1.2705557178673461
Birch,"{'n_clusters': 10, 'threshold': 0.01, 'branching_factor': 20}",0.31499363280491505,789.186489086734,1.2705557178673461
Birch,"{'n_clusters': 10, 'threshold': 0.01, 'branching_factor': 30}",0.31499363280491505,789.186489086734,1.2705557178673461
Birch,"{'n_clusters': 10, 'threshold': 0.01, 'branching_factor': 40}",0.31499363280491505,789.186489086734,1.2705557178673461
Birch,"{'n_clusters': 10, 'threshold': 0.01, 'branching_factor': 50}",0.31499363280491505,789.186489086734,1.2705557178673461
Birch,"{'n_clusters': 10, 'threshold': 0.01, 'branching_factor': 100}",0.31499363280491505,789.186489086734,1.2705557178673461
Birch,"{'n_clusters': 10, 'threshold': 0.01, 'branching_factor': 200}",0.31499363280491505,789.186489086734,1.2705557178673461
Birch,"{'n_clusters': 10, 'threshold': 0.01, 'branching_factor': 300}",0.31499363280491505,789.186489086734,1.2705557178673461
Birch,"{'n_clusters': 10, 'threshold': 0.01, 'branching_factor': 400}",0.31499363280491505,789.186489086734,1.2705557178673461
Birch,"{'n_clusters': 10, 'threshold': 0.01, 'branching_factor': 500}",0.31499363280491505,789.186489086734,1.2705557178673461
Birch,"{'n_clusters': 10, 'threshold': 0.01, 'branching_factor': 1000}",0.31499363280491505,789.186489086734,1.2705557178673461
Birch,"{'n_clusters': 10, 'threshold': 0.05, 'branching_factor': 10}",0.3037777669466458,796.544324128184,1.2712036476540693
Birch,"{'n_clusters': 10, 'threshold': 0.05, 'branching_factor': 20}",0.2577488761249468,767.4240905123356,1.3499948758771279
Birch,"{'n_clusters': 10, 'threshold': 0.05, 'branching_factor': 30}",0.2903066499909617,789.1394382339298,1.3234517819752156
Birch,"{'n_clusters': 10, 'threshold': 0.05, 'branching_factor': 40}",0.3037998301843041,790.9686762421354,1.276659530851439
Birch,"{'n_clusters': 10, 'threshold': 0.05, 'branching_factor': 50}",0.2975343873584787,781.5233472988097,1.3126095479312454
Birch,"{'n_clusters': 10, 'threshold': 0.05, 'branching_factor': 100}",0.28874848685910776,776.1712551802683,1.31748711811357
Birch,"{'n_clusters': 10, 'threshold': 0.05, 'branching_factor': 200}",0.2899106697913139,789.7736978260082,1.3209997948597028
Birch,"{'n_clusters': 10, 'threshold': 0.05, 'branching_factor': 300}",0.2981306101350853,791.135317224311,1.3106262929241546
Birch,"{'n_clusters': 10, 'threshold': 0.05, 'branching_factor': 400}",0.2673835544093305,788.0250349236057,1.334823161499589
Birch,"{'n_clusters': 10, 'threshold': 0.05, 'branching_factor': 500}",0.28479534259931794,793.6769707946457,1.313811722165855
Birch,"{'n_clusters': 10, 'threshold': 0.05, 'branching_factor': 1000}",0.2872721863402865,786.6738604924662,1.3269762116581785
Birch,"{'n_clusters': 10, 'threshold': 0.1, 'branching_factor': 10}",0.281934189270442,785.02275590993,1.284032229901547
Birch,"{'n_clusters': 10, 'threshold': 0.1, 'branching_factor': 20}",0.3393673651945793,764.473698026304,1.2154638151267254
Birch,"{'n_clusters': 10, 'threshold': 0.1, 'branching_factor': 30}",0.33596714099804886,763.3204832080403,1.2202204371747822
Birch,"{'n_clusters': 10, 'threshold': 0.1, 'branching_factor': 40}",0.28415007726753055,776.9455217614369,1.3040569526628927
Birch,"{'n_clusters': 10, 'threshold': 0.1, 'branching_factor': 50}",0.3015834481319015,789.1191035842261,1.2710920265263006
Birch,"{'n_clusters': 10, 'threshold': 0.1, 'branching_factor': 100}",0.28811408630201407,788.606283606965,1.2765022867414229
Birch,"{'n_clusters': 10, 'threshold': 0.1, 'branching_factor': 200}",0.29765755688528206,785.0837270222446,1.2662737512495796
Birch,"{'n_clusters': 10, 'threshold': 0.1, 'branching_factor': 300}",0.3178359680094229,771.6272421763736,1.2691617246797946
Birch,"{'n_clusters': 10, 'threshold': 0.1, 'branching_factor': 400}",0.29465475467170493,785.9522971791628,1.2679114624931291
Birch,"{'n_clusters': 10, 'threshold': 0.1, 'branching_factor': 500}",0.2993679981961831,783.4531495256285,1.260873107906328
Birch,"{'n_clusters': 10, 'threshold': 0.1, 'branching_factor': 1000}",0.2891042095490254,791.2760408387367,1.2897420258162904
Birch,"{'n_clusters': 10, 'threshold': 0.2, 'branching_factor': 10}",0.33663571129798187,752.0476479319126,1.236072683231442
Birch,"{'n_clusters': 10, 'threshold': 0.2, 'branching_factor': 20}",0.3203902572987892,718.2427624765171,1.2014989693421931
Birch,"{'n_clusters': 10, 'threshold': 0.2, 'branching_factor': 30}",0.33948262581076716,763.5462412960469,1.2230838555132642
Birch,"{'n_clusters': 10, 'threshold': 0.2, 'branching_factor': 40}",0.3402595431178319,774.0000454712538,1.2193124785544402
Birch,"{'n_clusters': 10, 'threshold': 0.2, 'branching_factor': 50}",0.33590637192927786,764.5623580591075,1.2150031527528677
Birch,"{'n_clusters': 10, 'threshold': 0.2, 'branching_factor': 100}",0.33822848722295595,763.0771856735876,1.2126023765343423
Birch,"{'n_clusters': 10, 'threshold': 0.2, 'branching_factor': 200}",0.32991160414669285,734.8631461778405,1.1961447203836728
Birch,"{'n_clusters': 10, 'threshold': 0.2, 'branching_factor': 300}",0.3334278792603432,756.6143206695709,1.213395476070372
Birch,"{'n_clusters': 10, 'threshold': 0.2, 'branching_factor': 400}",0.3334278792603432,756.6143206695707,1.213395476070372
Birch,"{'n_clusters': 10, 'threshold': 0.2, 'branching_factor': 500}",0.3290810930132197,742.9431206325241,1.215667810114051
Birch,"{'n_clusters': 10, 'threshold': 0.2, 'branching_factor': 1000}",0.3308059372754233,770.5833854517813,1.2338036847847096
Birch,"{'n_clusters': 10, 'threshold': 0.5, 'branching_factor': 10}",0.3103835295293736,611.788571749958,1.2298496355638968
Birch,"{'n_clusters': 10, 'threshold': 0.5, 'branching_factor': 20}",0.3360354995325393,760.1534634995081,1.2255730126219293
Birch,"{'n_clusters': 10, 'threshold': 0.5, 'branching_factor': 30}",0.31843310809216535,607.6856811119596,1.2595926240533273
Birch,"{'n_clusters': 10, 'threshold': 0.5, 'branching_factor': 40}",0.30118742218621847,684.2486397227323,1.2447988913368655
Birch,"{'n_clusters': 10, 'threshold': 0.5, 'branching_factor': 50}",0.22210935028330114,641.5405592363993,1.4190410153577182
Birch,"{'n_clusters': 10, 'threshold': 0.5, 'branching_factor': 100}",0.2946800491072097,595.1099326318464,1.24959334214223
Birch,"{'n_clusters': 10, 'threshold': 0.5, 'branching_factor': 200}",0.34150175042345154,770.7966057151724,1.223393180682248
Birch,"{'n_clusters': 10, 'threshold': 0.5, 'branching_factor': 300}",0.32863592515665563,737.2091560705743,1.231008742486669
Birch,"{'n_clusters': 10, 'threshold': 0.5, 'branching_factor': 400}",0.3273955042051803,733.129244600366,1.2395064534144868
Birch,"{'n_clusters': 10, 'threshold': 0.5, 'branching_factor': 500}",0.32899307117454224,738.0269626614977,1.2217009605899283
Birch,"{'n_clusters': 10, 'threshold': 0.5, 'branching_factor': 1000}",0.32899307117454224,738.0269626614977,1.2217009605899283
Birch,"{'n_clusters': 10, 'threshold': 1, 'branching_factor': 10}",0.28294846809647,345.24855388960697,1.5156029229304644
Birch,"{'n_clusters': 10, 'threshold': 1, 'branching_factor': 20}",0.2679562314931582,478.23266698380297,1.4284209432983255
Birch,"{'n_clusters': 10, 'threshold': 1, 'branching_factor': 30}",0.2531230632845976,338.4765291018591,1.4526746764510896
Birch,"{'n_clusters': 10, 'threshold': 1, 'branching_factor': 40}",0.3245094048079017,536.4651490223406,1.3656896654800685
Birch,"{'n_clusters': 10, 'threshold': 1, 'branching_factor': 50}",0.2896364110746103,403.18545093335945,1.288251552296925
Birch,"{'n_clusters': 10, 'threshold': 1, 'branching_factor': 100}",0.3293329793214834,531.2299838953852,1.3149399954473515
Birch,"{'n_clusters': 10, 'threshold': 1, 'branching_factor': 200}",0.3140434469541637,515.8651449803348,1.3497819388071826
Birch,"{'n_clusters': 10, 'threshold': 1, 'branching_factor': 300}",0.3140434469541637,515.8651449803348,1.3497819388071826
Birch,"{'n_clusters': 10, 'threshold': 1, 'branching_factor': 400}",0.3140434469541637,515.8651449803348,1.3497819388071826
Birch,"{'n_clusters': 10, 'threshold': 1, 'branching_factor': 500}",0.3140434469541637,515.8651449803348,1.3497819388071826
Birch,"{'n_clusters': 10, 'threshold': 1, 'branching_factor': 1000}",0.3140434469541637,515.8651449803348,1.3497819388071826
Birch,"{'n_clusters': 10, 'threshold': 2, 'branching_factor': 10}",0.3030169950151662,366.9224969801823,1.315204232545325
Birch,"{'n_clusters': 10, 'threshold': 2, 'branching_factor': 20}",0.27953456956215095,533.164188309999,1.188668574559261
Birch,"{'n_clusters': 10, 'threshold': 2, 'branching_factor': 30}",0.27953456956215095,533.164188309999,1.188668574559261
Birch,"{'n_clusters': 10, 'threshold': 2, 'branching_factor': 40}",0.27953456956215095,533.164188309999,1.188668574559261
Birch,"{'n_clusters': 10, 'threshold': 2, 'branching_factor': 50}",0.27953456956215095,533.164188309999,1.188668574559261
Birch,"{'n_clusters': 10, 'threshold': 2, 'branching_factor': 100}",0.27953456956215095,533.164188309999,1.188668574559261
Birch,"{'n_clusters': 10, 'threshold': 2, 'branching_factor': 200}",0.27953456956215095,533.164188309999,1.188668574559261
Birch,"{'n_clusters': 10, 'threshold': 2, 'branching_factor': 300}",0.27953456956215095,533.164188309999,1.188668574559261
Birch,"{'n_clusters': 10, 'threshold': 2, 'branching_factor': 400}",0.27953456956215095,533.164188309999,1.188668574559261
Birch,"{'n_clusters': 10, 'threshold': 2, 'branching_factor': 500}",0.27953456956215095,533.164188309999,1.188668574559261
Birch,"{'n_clusters': 10, 'threshold': 2, 'branching_factor': 1000}",0.27953456956215095,533.164188309999,1.188668574559261
Birch,"{'n_clusters': 11, 'threshold': 0.01, 'branching_factor': 10}",0.3186112392518573,761.2466038867542,1.257487389834627
Birch,"{'n_clusters': 11, 'threshold': 0.01, 'branching_factor': 20}",0.3186112392518573,761.2466038867542,1.257487389834627
Birch,"{'n_clusters': 11, 'threshold': 0.01, 'branching_factor': 30}",0.3186112392518573,761.2466038867542,1.257487389834627
Birch,"{'n_clusters': 11, 'threshold': 0.01, 'branching_factor': 40}",0.3186112392518573,761.2466038867542,1.257487389834627
Birch,"{'n_clusters': 11, 'threshold': 0.01, 'branching_factor': 50}",0.3186112392518573,761.2466038867542,1.257487389834627
Birch,"{'n_clusters': 11, 'threshold': 0.01, 'branching_factor': 100}",0.3186112392518573,761.2466038867542,1.257487389834627
Birch,"{'n_clusters': 11, 'threshold': 0.01, 'branching_factor': 200}",0.3186112392518573,761.2466038867542,1.257487389834627
Birch,"{'n_clusters': 11, 'threshold': 0.01, 'branching_factor': 300}",0.3186112392518573,761.2466038867542,1.257487389834627
Birch,"{'n_clusters': 11, 'threshold': 0.01, 'branching_factor': 400}",0.3186112392518573,761.2466038867542,1.257487389834627
Birch,"{'n_clusters': 11, 'threshold': 0.01, 'branching_factor': 500}",0.3186112392518573,761.2466038867542,1.257487389834627
Birch,"{'n_clusters': 11, 'threshold': 0.01, 'branching_factor': 1000}",0.3186112392518573,761.2466038867542,1.257487389834627
Birch,"{'n_clusters': 11, 'threshold': 0.05, 'branching_factor': 10}",0.3073951343535279,768.5772536016532,1.2580764169134664
Birch,"{'n_clusters': 11, 'threshold': 0.05, 'branching_factor': 20}",0.2613173964851492,739.5947320333462,1.329704806207156
Birch,"{'n_clusters': 11, 'threshold': 0.05, 'branching_factor': 30}",0.29389927908991503,761.1997434513461,1.3055747208417812
Birch,"{'n_clusters': 11, 'threshold': 0.05, 'branching_factor': 40}",0.307388658679714,763.0217334976378,1.2630363107292568
Birch,"{'n_clusters': 11, 'threshold': 0.05, 'branching_factor': 50}",0.30109846297119836,753.6172500699093,1.2957181444381716
Birch,"{'n_clusters': 11, 'threshold': 0.05, 'branching_factor': 100}",0.29234357085589535,748.2920659473076,1.3001522991493761
Birch,"{'n_clusters': 11, 'threshold': 0.05, 'branching_factor': 200}",0.2935038616384083,761.8314538742446,1.3033456416458604
Birch,"{'n_clusters': 11, 'threshold': 0.05, 'branching_factor': 300}",0.30172956710966947,763.1877300222684,1.2939151853408164
Birch,"{'n_clusters': 11, 'threshold': 0.05, 'branching_factor': 400}",0.27095779543172405,760.0899117491947,1.3159123385912115
Birch,"{'n_clusters': 11, 'threshold': 0.05, 'branching_factor': 500}",0.2883837103112045,765.719881670657,1.2968110301059987
Birch,"{'n_clusters': 11, 'threshold': 0.05, 'branching_factor': 1000}",0.2908678107922432,758.7444386497352,1.3087787478262929
Birch,"{'n_clusters': 11, 'threshold': 0.1, 'branching_factor': 10}",0.28548567042475687,757.1005366428491,1.2697387644111733
Birch,"{'n_clusters': 11, 'threshold': 0.1, 'branching_factor': 20}",0.3065346446711592,745.5295576957149,1.258121410070756
Birch,"{'n_clusters': 11, 'threshold': 0.1, 'branching_factor': 30}",0.2587811515327563,744.2903445978199,1.3058323577220323
Birch,"{'n_clusters': 11, 'threshold': 0.1, 'branching_factor': 40}",0.2876013984522545,749.0622715375415,1.2879430578305786
Birch,"{'n_clusters': 11, 'threshold': 0.1, 'branching_factor': 50}",0.3051056268447784,761.1794911622623,1.2579749431609493
Birch,"{'n_clusters': 11, 'threshold': 0.1, 'branching_factor': 100}",0.2916890038019547,760.668761242723,1.2628933615383333
Birch,"{'n_clusters': 11, 'threshold': 0.1, 'branching_factor': 200}",0.30124083604503255,757.1612371734683,1.2535946929093849
Birch,"{'n_clusters': 11, 'threshold': 0.1, 'branching_factor': 300}",0.32141129127656015,743.7730331107903,1.2562201233004893
Birch,"{'n_clusters': 11, 'threshold': 0.1, 'branching_factor': 400}",0.2982373451755313,758.0259911100901,1.2550835213126115
Birch,"{'n_clusters': 11, 'threshold': 0.1, 'branching_factor': 500}",0.3029521805950159,755.5380176087999,1.2486850171427923
Birch,"{'n_clusters': 11, 'threshold': 0.1, 'branching_factor': 1000}",0.2926070486055883,763.3279114682219,1.2749294879700308
Birch,"{'n_clusters': 11, 'threshold': 0.2, 'branching_factor': 10}",0.2899746831371265,743.2278594089116,1.269890108555517
Birch,"{'n_clusters': 11, 'threshold': 0.2, 'branching_factor': 20}",0.3068116194622817,708.0007947646139,1.2374400430656765
Birch,"{'n_clusters': 11, 'threshold': 0.2, 'branching_factor': 30}",0.2898825841222248,752.1510447815303,1.2439079436355407
Birch,"{'n_clusters': 11, 'threshold': 0.2, 'branching_factor': 40}",0.28644608594801935,745.8681369129437,1.277950982070036
Birch,"{'n_clusters': 11, 'threshold': 0.2, 'branching_factor': 50}",0.3309908136243683,730.3946007043428,1.2013993847800248
Birch,"{'n_clusters': 11, 'threshold': 0.2, 'branching_factor': 100}",0.3043170398243334,760.1885940546022,1.271601012727785
Birch,"{'n_clusters': 11, 'threshold': 0.2, 'branching_factor': 200}",0.2717049903605608,731.0107977522078,1.2665248518492278
Birch,"{'n_clusters': 11, 'threshold': 0.2, 'branching_factor': 300}",0.30162722433700756,758.7988308000716,1.2438547037179934
Birch,"{'n_clusters': 11, 'threshold': 0.2, 'branching_factor': 400}",0.30275503809042176,761.609101533419,1.241961713531466
Birch,"{'n_clusters': 11, 'threshold': 0.2, 'branching_factor': 500}",0.2779263306869399,730.7326926046396,1.2675340090653833
Birch,"{'n_clusters': 11, 'threshold': 0.2, 'branching_factor': 1000}",0.3140294610057227,740.250289316291,1.2061137414350906
Birch,"{'n_clusters': 11, 'threshold': 0.5, 'branching_factor': 10}",0.3077199505139417,568.368444106338,1.2805111944252856
Birch,"{'n_clusters': 11, 'threshold': 0.5, 'branching_factor': 20}",0.3338836595485555,706.2629915845855,1.2457329455442372
Birch,"{'n_clusters': 11, 'threshold': 0.5, 'branching_factor': 30}",0.3212078904265988,704.2936446734745,1.2714110649347445
Birch,"{'n_clusters': 11, 'threshold': 0.5, 'branching_factor': 40}",0.2960975932421966,630.3881108357382,1.2619904232915347
Birch,"{'n_clusters': 11, 'threshold': 0.5, 'branching_factor': 50}",0.21774147003878652,598.1874302400612,1.4248846355910674
Birch,"{'n_clusters': 11, 'threshold': 0.5, 'branching_factor': 100}",0.2889170955119347,554.1221877241255,1.300935220261828
Birch,"{'n_clusters': 11, 'threshold': 0.5, 'branching_factor': 200}",0.33894507780167743,715.6242113053715,1.2609290020587485
Birch,"{'n_clusters': 11, 'threshold': 0.5, 'branching_factor': 300}",0.326862232885075,686.1587400791041,1.2398250935838726
Birch,"{'n_clusters': 11, 'threshold': 0.5, 'branching_factor': 400}",0.3258784263907853,682.3065707150264,1.2488476224815113
Birch,"{'n_clusters': 11, 'threshold': 0.5, 'branching_factor': 500}",0.32699734915333356,680.5558444821684,1.2234295821997987
Birch,"{'n_clusters': 11, 'threshold': 0.5, 'branching_factor': 1000}",0.32699734915333356,680.5558444821684,1.2234295821997987
Birch,"{'n_clusters': 11, 'threshold': 1, 'branching_factor': 10}",0.2837594815261169,315.21850276827297,1.4457927664986556
Birch,"{'n_clusters': 11, 'threshold': 1, 'branching_factor': 20}",0.26902896394678977,438.2420451258506,1.3550312396068478
Birch,"{'n_clusters': 11, 'threshold': 1, 'branching_factor': 30}",0.25306398817966835,307.1320696441714,1.3984184782893125
Birch,"{'n_clusters': 11, 'threshold': 1, 'branching_factor': 40}",0.3249888067886484,491.8178482392,1.3672043072861078
Birch,"{'n_clusters': 11, 'threshold': 1, 'branching_factor': 50}",0.2899318888214851,368.03953152850426,1.3662668051128493
Birch,"{'n_clusters': 11, 'threshold': 1, 'branching_factor': 100}",0.3215946400790692,489.3553031788089,1.3320895363268144
Birch,"{'n_clusters': 11, 'threshold': 1, 'branching_factor': 200}",0.3179401695656077,480.61992638650213,1.3903201149897018
Birch,"{'n_clusters': 11, 'threshold': 1, 'branching_factor': 300}",0.3179401695656077,480.61992638650213,1.3903201149897018
Birch,"{'n_clusters': 11, 'threshold': 1, 'branching_factor': 400}",0.3179401695656077,480.61992638650213,1.3903201149897018
Birch,"{'n_clusters': 11, 'threshold': 1, 'branching_factor': 500}",0.3179401695656077,480.61992638650213,1.3903201149897018
Birch,"{'n_clusters': 11, 'threshold': 1, 'branching_factor': 1000}",0.3179401695656077,480.61992638650213,1.3903201149897018
Birch,"{'n_clusters': 11, 'threshold': 2, 'branching_factor': 10}",0.29307296834560254,378.68090328514455,1.3184637395525447
Birch,"{'n_clusters': 11, 'threshold': 2, 'branching_factor': 20}",0.27885686913854496,487.1629985393974,1.2010571637567986
Birch,"{'n_clusters': 11, 'threshold': 2, 'branching_factor': 30}",0.27885686913854496,487.1629985393974,1.2010571637567986
Birch,"{'n_clusters': 11, 'threshold': 2, 'branching_factor': 40}",0.27885686913854496,487.1629985393974,1.2010571637567986
Birch,"{'n_clusters': 11, 'threshold': 2, 'branching_factor': 50}",0.27885686913854496,487.1629985393974,1.2010571637567986
Birch,"{'n_clusters': 11, 'threshold': 2, 'branching_factor': 100}",0.27885686913854496,487.1629985393974,1.2010571637567986
Birch,"{'n_clusters': 11, 'threshold': 2, 'branching_factor': 200}",0.27885686913854496,487.1629985393974,1.2010571637567986
Birch,"{'n_clusters': 11, 'threshold': 2, 'branching_factor': 300}",0.27885686913854496,487.1629985393974,1.2010571637567986
Birch,"{'n_clusters': 11, 'threshold': 2, 'branching_factor': 400}",0.27885686913854496,487.1629985393974,1.2010571637567986
Birch,"{'n_clusters': 11, 'threshold': 2, 'branching_factor': 500}",0.27885686913854496,487.1629985393974,1.2010571637567986
Birch,"{'n_clusters': 11, 'threshold': 2, 'branching_factor': 1000}",0.27885686913854496,487.1629985393974,1.2010571637567986
Birch,"{'n_clusters': 12, 'threshold': 0.01, 'branching_factor': 10}",0.26966566553211313,735.8374647353844,1.258716733944422
Birch,"{'n_clusters': 12, 'threshold': 0.01, 'branching_factor': 20}",0.26966566553211313,735.8374647353844,1.258716733944422
Birch,"{'n_clusters': 12, 'threshold': 0.01, 'branching_factor': 30}",0.26966566553211313,735.8374647353844,1.258716733944422
Birch,"{'n_clusters': 12, 'threshold': 0.01, 'branching_factor': 40}",0.26966566553211313,735.8374647353844,1.258716733944422
Birch,"{'n_clusters': 12, 'threshold': 0.01, 'branching_factor': 50}",0.26966566553211313,735.8374647353844,1.258716733944422
Birch,"{'n_clusters': 12, 'threshold': 0.01, 'branching_factor': 100}",0.26966566553211313,735.8374647353844,1.258716733944422
Birch,"{'n_clusters': 12, 'threshold': 0.01, 'branching_factor': 200}",0.26966566553211313,735.8374647353844,1.258716733944422
Birch,"{'n_clusters': 12, 'threshold': 0.01, 'branching_factor': 300}",0.26966566553211313,735.8374647353844,1.258716733944422
Birch,"{'n_clusters': 12, 'threshold': 0.01, 'branching_factor': 400}",0.26966566553211313,735.8374647353844,1.258716733944422
Birch,"{'n_clusters': 12, 'threshold': 0.01, 'branching_factor': 500}",0.26966566553211313,735.8374647353844,1.258716733944422
Birch,"{'n_clusters': 12, 'threshold': 0.01, 'branching_factor': 1000}",0.26966566553211313,735.8374647353844,1.258716733944422
Birch,"{'n_clusters': 12, 'threshold': 0.05, 'branching_factor': 10}",0.30204186181883536,735.8573574870393,1.2586483774264536
Birch,"{'n_clusters': 12, 'threshold': 0.05, 'branching_factor': 20}",0.2600562922965397,714.7130502465851,1.31712877034292
Birch,"{'n_clusters': 12, 'threshold': 0.05, 'branching_factor': 30}",0.29233411491994854,736.2289469379356,1.2950095254246599
Birch,"{'n_clusters': 12, 'threshold': 0.05, 'branching_factor': 40}",0.3052990227986457,738.0453692094133,1.2560159828215125
Birch,"{'n_clusters': 12, 'threshold': 0.05, 'branching_factor': 50}",0.2990274907537289,728.6728802713012,1.285974330388018
Birch,"{'n_clusters': 12, 'threshold': 0.05, 'branching_factor': 100}",0.29087160842424287,723.3693915712116,1.2900389722066217
Birch,"{'n_clusters': 12, 'threshold': 0.05, 'branching_factor': 200}",0.2919405043141369,736.8586925917176,1.292966202828399
Birch,"{'n_clusters': 12, 'threshold': 0.05, 'branching_factor': 300}",0.3002155673295374,738.2108735416886,1.2843216178821089
Birch,"{'n_clusters': 12, 'threshold': 0.05, 'branching_factor': 400}",0.2694601682936128,735.1226553375797,1.3044856750283043
Birch,"{'n_clusters': 12, 'threshold': 0.05, 'branching_factor': 500}",0.2868190871888674,740.7358292821375,1.2869761422501926
Birch,"{'n_clusters': 12, 'threshold': 0.05, 'branching_factor': 1000}",0.2893221533559566,733.7816248156626,1.2979465501604623
Birch,"{'n_clusters': 12, 'threshold': 0.1, 'branching_factor': 10}",0.28286836097610135,732.1433750948181,1.260327344188734
Birch,"{'n_clusters': 12, 'threshold': 0.1, 'branching_factor': 20}",0.2918389777419967,719.7791171109171,1.2976616997129842
Birch,"{'n_clusters': 12, 'threshold': 0.1, 'branching_factor': 30}",0.24498793871592384,718.301531970586,1.342820165326531
Birch,"{'n_clusters': 12, 'threshold': 0.1, 'branching_factor': 40}",0.28485495264706273,725.6776074085852,1.2686317616476332
Birch,"{'n_clusters': 12, 'threshold': 0.1, 'branching_factor': 50}",0.29935198778986555,730.0843350999448,1.2475028210646617
Birch,"{'n_clusters': 12, 'threshold': 0.1, 'branching_factor': 100}",0.2769155141266613,733.5808070908874,1.3057965694997553
Birch,"{'n_clusters': 12, 'threshold': 0.1, 'branching_factor': 200}",0.2952410442816925,724.6512267027816,1.25119257486899
Birch,"{'n_clusters': 12, 'threshold': 0.1, 'branching_factor': 300}",0.30839144757723447,718.37886399496,1.282973374253505
Birch,"{'n_clusters': 12, 'threshold': 0.1, 'branching_factor': 400}",0.2922962648359526,725.499741952504,1.2525573342386143
Birch,"{'n_clusters': 12, 'threshold': 0.1, 'branching_factor': 500}",0.29450551598110586,724.0005416381979,1.2697389331043594
Birch,"{'n_clusters': 12, 'threshold': 0.1, 'branching_factor': 1000}",0.28650684156119405,730.7033189450314,1.2649418742502176
Birch,"{'n_clusters': 12, 'threshold': 0.2, 'branching_factor': 10}",0.2797771046469113,717.4688773965065,1.2936812644876117
Birch,"{'n_clusters': 12, 'threshold': 0.2, 'branching_factor': 20}",0.29835026047750457,674.3740886264997,1.2272253662479187
Birch,"{'n_clusters': 12, 'threshold': 0.2, 'branching_factor': 30}",0.28397685978429654,723.547673468307,1.2446224103330858
Birch,"{'n_clusters': 12, 'threshold': 0.2, 'branching_factor': 40}",0.2828012773224788,710.6392674277913,1.2748396183630388
Birch,"{'n_clusters': 12, 'threshold': 0.2, 'branching_factor': 50}",0.3007342360380984,718.5779635057726,1.2107148610998382
Birch,"{'n_clusters': 12, 'threshold': 0.2, 'branching_factor': 100}",0.295736048096514,723.4411426367662,1.2708739075328679
Birch,"{'n_clusters': 12, 'threshold': 0.2, 'branching_factor': 200}",0.26411045592361965,696.3257101353217,1.2634716864630746
Birch,"{'n_clusters': 12, 'threshold': 0.2, 'branching_factor': 300}",0.2967289295229129,734.7329520891291,1.2531004353680713
Birch,"{'n_clusters': 12, 'threshold': 0.2, 'branching_factor': 400}",0.2968969370603007,734.6424548753351,1.252445583270249
Birch,"{'n_clusters': 12, 'threshold': 0.2, 'branching_factor': 500}",0.27262985818989244,702.6456065516381,1.2662527848580065
Birch,"{'n_clusters': 12, 'threshold': 0.2, 'branching_factor': 1000}",0.30401892403664504,701.5523649100558,1.2363193944834323
Birch,"{'n_clusters': 12, 'threshold': 0.5, 'branching_factor': 10}",0.24642212412049325,603.5647192485317,1.3784629156448809
Birch,"{'n_clusters': 12, 'threshold': 0.5, 'branching_factor': 20}",0.3319557902132251,654.4533494919,1.3163314211580428
Birch,"{'n_clusters': 12, 'threshold': 0.5, 'branching_factor': 30}",0.3228603768135209,653.892599507783,1.3050054668162097
Birch,"{'n_clusters': 12, 'threshold': 0.5, 'branching_factor': 40}",0.29053050917509254,647.3082930339311,1.260865550404304
Birch,"{'n_clusters': 12, 'threshold': 0.5, 'branching_factor': 50}",0.21731379998787925,564.8005146398979,1.4002889998536263
Birch,"{'n_clusters': 12, 'threshold': 0.5, 'branching_factor': 100}",0.319291319207973,660.0816634225189,1.2570138218414966
Birch,"{'n_clusters': 12, 'threshold': 0.5, 'branching_factor': 200}",0.33716104585609946,662.7104500070485,1.3250424520396011
Birch,"{'n_clusters': 12, 'threshold': 0.5, 'branching_factor': 300}",0.32722460522521346,637.5154871880962,1.2602148068022225
Birch,"{'n_clusters': 12, 'threshold': 0.5, 'branching_factor': 400}",0.3245970360628995,633.950597753821,1.2583547587048212
Birch,"{'n_clusters': 12, 'threshold': 0.5, 'branching_factor': 500}",0.32663167516623376,636.7016089625704,1.2611146678608969
Birch,"{'n_clusters': 12, 'threshold': 0.5, 'branching_factor': 1000}",0.32663167516623376,636.7016089625704,1.2611146678608969
Birch,"{'n_clusters': 12, 'threshold': 1, 'branching_factor': 10}",0.2801577112348397,305.31717573379774,1.3811368948298182
Birch,"{'n_clusters': 12, 'threshold': 1, 'branching_factor': 20}",0.27020668119712743,443.90098146302125,1.3173844421319252
Birch,"{'n_clusters': 12, 'threshold': 1, 'branching_factor': 30}",0.2534575295507101,284.25966038538985,1.4232887602163025
Birch,"{'n_clusters': 12, 'threshold': 1, 'branching_factor': 40}",0.32547955525045696,451.2428131997128,1.3105470317051013
Birch,"{'n_clusters': 12, 'threshold': 1, 'branching_factor': 50}",0.29012003302177725,338.3975448021383,1.3858737666110617
Birch,"{'n_clusters': 12, 'threshold': 1, 'branching_factor': 100}",0.3231930263465869,452.9542339794829,1.2890769148529313
Birch,"{'n_clusters': 12, 'threshold': 1, 'branching_factor': 200}",0.32364460167589587,454.6510480892471,1.368699328259807
Birch,"{'n_clusters': 12, 'threshold': 1, 'branching_factor': 300}",0.32364460167589587,454.6510480892471,1.368699328259807
Birch,"{'n_clusters': 12, 'threshold': 1, 'branching_factor': 400}",0.32364460167589587,454.6510480892471,1.368699328259807
Birch,"{'n_clusters': 12, 'threshold': 1, 'branching_factor': 500}",0.32364460167589587,454.6510480892471,1.368699328259807
Birch,"{'n_clusters': 12, 'threshold': 1, 'branching_factor': 1000}",0.32364460167589587,454.6510480892471,1.368699328259807
Birch,"{'n_clusters': 12, 'threshold': 2, 'branching_factor': 10}",0.29049878265628626,345.79415143937814,1.323669204132446
Birch,"{'n_clusters': 12, 'threshold': 2, 'branching_factor': 20}",0.3326613332658979,626.3082998898292,1.185378816668931
Birch,"{'n_clusters': 12, 'threshold': 2, 'branching_factor': 30}",0.3326613332658979,626.3082998898292,1.185378816668931
Birch,"{'n_clusters': 12, 'threshold': 2, 'branching_factor': 40}",0.3326613332658979,626.3082998898292,1.185378816668931
Birch,"{'n_clusters': 12, 'threshold': 2, 'branching_factor': 50}",0.3326613332658979,626.3082998898292,1.185378816668931
Birch,"{'n_clusters': 12, 'threshold': 2, 'branching_factor': 100}",0.3326613332658979,626.3082998898292,1.185378816668931
Birch,"{'n_clusters': 12, 'threshold': 2, 'branching_factor': 200}",0.3326613332658979,626.3082998898292,1.185378816668931
Birch,"{'n_clusters': 12, 'threshold': 2, 'branching_factor': 300}",0.3326613332658979,626.3082998898292,1.185378816668931
Birch,"{'n_clusters': 12, 'threshold': 2, 'branching_factor': 400}",0.3326613332658979,626.3082998898292,1.185378816668931
Birch,"{'n_clusters': 12, 'threshold': 2, 'branching_factor': 500}",0.3326613332658979,626.3082998898292,1.185378816668931
Birch,"{'n_clusters': 12, 'threshold': 2, 'branching_factor': 1000}",0.3326613332658979,626.3082998898292,1.185378816668931
SpectralClustering,"{'n_clusters': 5, 'affinity': 'rbf', 'assign_labels': 'kmeans', 'random_state': 42}",0.37969977650087433,286.49009471358823,1.2006104041358125
SpectralClustering,"{'n_clusters': 5, 'affinity': 'rbf', 'assign_labels': 'kmeans', 'random_state': 123}",0.37969977650087433,286.49009471358823,1.2006104041358123
SpectralClustering,"{'n_clusters': 5, 'affinity': 'rbf', 'assign_labels': 'kmeans', 'random_state': 456}",0.37969977650087433,286.49009471358823,1.2006104041358123
SpectralClustering,"{'n_clusters': 5, 'affinity': 'rbf', 'assign_labels': 'kmeans', 'random_state': 789}",0.37969977650087433,286.49009471358823,1.2006104041358123
SpectralClustering,"{'n_clusters': 5, 'affinity': 'rbf', 'assign_labels': 'kmeans', 'random_state': 1011}",0.37969977650087433,286.49009471358823,1.2006104041358123
SpectralClustering,"{'n_clusters': 5, 'affinity': 'rbf', 'assign_labels': 'kmeans', 'random_state': 2022}",0.37969977650087433,286.49009471358823,1.2006104041358123
SpectralClustering,"{'n_clusters': 5, 'affinity': 'rbf', 'assign_labels': 'kmeans', 'random_state': 3033}",0.37969977650087433,286.49009471358823,1.2006104041358123
SpectralClustering,"{'n_clusters': 5, 'affinity': 'rbf', 'assign_labels': 'kmeans', 'random_state': 4044}",0.37969977650087433,286.49009471358823,1.2006104041358125
SpectralClustering,"{'n_clusters': 5, 'affinity': 'rbf', 'assign_labels': 'kmeans', 'random_state': 5055}",0.37969977650087433,286.49009471358823,1.2006104041358123
SpectralClustering,"{'n_clusters': 5, 'affinity': 'rbf', 'assign_labels': 'kmeans', 'random_state': 6066}",0.37969977650087433,286.49009471358823,1.2006104041358123
SpectralClustering,"{'n_clusters': 5, 'affinity': 'rbf', 'assign_labels': 'discretize', 'random_state': 42}",0.3662807749708595,507.01902754901755,1.1435998021288707
SpectralClustering,"{'n_clusters': 5, 'affinity': 'rbf', 'assign_labels': 'discretize', 'random_state': 123}",0.3662807749708595,507.01902754901755,1.1435998021288707
SpectralClustering,"{'n_clusters': 5, 'affinity': 'rbf', 'assign_labels': 'discretize', 'random_state': 456}",0.3662807749708595,507.01902754901755,1.143599802128871
SpectralClustering,"{'n_clusters': 5, 'affinity': 'rbf', 'assign_labels': 'discretize', 'random_state': 789}",0.3662807749708595,507.01902754901755,1.1435998021288707
SpectralClustering,"{'n_clusters': 5, 'affinity': 'rbf', 'assign_labels': 'discretize', 'random_state': 1011}",0.3662807749708595,507.01902754901755,1.1435998021288707
SpectralClustering,"{'n_clusters': 5, 'affinity': 'rbf', 'assign_labels': 'discretize', 'random_state': 2022}",0.3662807749708595,507.01902754901766,1.1435998021288707
SpectralClustering,"{'n_clusters': 5, 'affinity': 'rbf', 'assign_labels': 'discretize', 'random_state': 3033}",0.3662807749708595,507.01902754901766,1.1435998021288707
SpectralClustering,"{'n_clusters': 5, 'affinity': 'rbf', 'assign_labels': 'discretize', 'random_state': 4044}",0.3662807749708595,507.01902754901755,1.1435998021288707
SpectralClustering,"{'n_clusters': 5, 'affinity': 'rbf', 'assign_labels': 'discretize', 'random_state': 5055}",0.3662807749708595,507.01902754901755,1.1435998021288707
SpectralClustering,"{'n_clusters': 5, 'affinity': 'rbf', 'assign_labels': 'discretize', 'random_state': 6066}",0.3662807749708595,507.01902754901755,1.1435998021288707
SpectralClustering,"{'n_clusters': 5, 'affinity': 'rbf', 'assign_labels': 'cluster_qr', 'random_state': 42}",0.3750021738657989,601.987846785074,1.33122918035337
SpectralClustering,"{'n_clusters': 5, 'affinity': 'rbf', 'assign_labels': 'cluster_qr', 'random_state': 123}",0.3750021738657989,601.987846785074,1.33122918035337
SpectralClustering,"{'n_clusters': 5, 'affinity': 'rbf', 'assign_labels': 'cluster_qr', 'random_state': 456}",0.3750021738657989,601.987846785074,1.33122918035337
SpectralClustering,"{'n_clusters': 5, 'affinity': 'rbf', 'assign_labels': 'cluster_qr', 'random_state': 789}",0.3750021738657989,601.987846785074,1.33122918035337
SpectralClustering,"{'n_clusters': 5, 'affinity': 'rbf', 'assign_labels': 'cluster_qr', 'random_state': 1011}",0.3750021738657989,601.987846785074,1.33122918035337
SpectralClustering,"{'n_clusters': 5, 'affinity': 'rbf', 'assign_labels': 'cluster_qr', 'random_state': 2022}",0.3750021738657989,601.987846785074,1.33122918035337
SpectralClustering,"{'n_clusters': 5, 'affinity': 'rbf', 'assign_labels': 'cluster_qr', 'random_state': 3033}",0.3750021738657989,601.987846785074,1.33122918035337
SpectralClustering,"{'n_clusters': 5, 'affinity': 'rbf', 'assign_labels': 'cluster_qr', 'random_state': 4044}",0.3750021738657989,601.987846785074,1.33122918035337
SpectralClustering,"{'n_clusters': 5, 'affinity': 'rbf', 'assign_labels': 'cluster_qr', 'random_state': 5055}",0.3750021738657989,601.987846785074,1.33122918035337
SpectralClustering,"{'n_clusters': 5, 'affinity': 'rbf', 'assign_labels': 'cluster_qr', 'random_state': 6066}",0.3750021738657989,601.987846785074,1.33122918035337
SpectralClustering,"{'n_clusters': 5, 'affinity': 'nearest_neighbors', 'assign_labels': 'kmeans', 'random_state': 42, 'n_neighbors': 5}",0.19367225943975144,430.8736816131752,1.5232210703618358
SpectralClustering,"{'n_clusters': 5, 'affinity': 'nearest_neighbors', 'assign_labels': 'kmeans', 'random_state': 123, 'n_neighbors': 5}",0.20940679731119677,573.7405661490124,1.519020243785546
SpectralClustering,"{'n_clusters': 5, 'affinity': 'nearest_neighbors', 'assign_labels': 'kmeans', 'random_state': 456, 'n_neighbors': 5}",0.21263191883429447,576.9552998713078,1.5186156087211473
SpectralClustering,"{'n_clusters': 5, 'affinity': 'nearest_neighbors', 'assign_labels': 'kmeans', 'random_state': 789, 'n_neighbors': 5}",0.26665202508501923,638.0284975665453,1.5020319372101907
SpectralClustering,"{'n_clusters': 5, 'affinity': 'nearest_neighbors', 'assign_labels': 'kmeans', 'random_state': 1011, 'n_neighbors': 5}",0.23344244484721588,559.3400917046565,1.6510170064067207
SpectralClustering,"{'n_clusters': 5, 'affinity': 'nearest_neighbors', 'assign_labels': 'kmeans', 'random_state': 2022, 'n_neighbors': 5}",0.21050621262150418,574.56658896969,1.5199440291286421
SpectralClustering,"{'n_clusters': 5, 'affinity': 'nearest_neighbors', 'assign_labels': 'kmeans', 'random_state': 3033, 'n_neighbors': 5}",0.19231706833054785,417.9856478473367,1.7844766428131944
SpectralClustering,"{'n_clusters': 5, 'affinity': 'nearest_neighbors', 'assign_labels': 'kmeans', 'random_state': 4044, 'n_neighbors': 5}",0.19843071118629368,518.1798234015179,1.6510720101400427
SpectralClustering,"{'n_clusters': 5, 'affinity': 'nearest_neighbors', 'assign_labels': 'kmeans', 'random_state': 5055, 'n_neighbors': 5}",0.26665202508501923,638.0284975665453,1.5020319372101905
SpectralClustering,"{'n_clusters': 5, 'affinity': 'nearest_neighbors', 'assign_labels': 'kmeans', 'random_state': 6066, 'n_neighbors': 5}",0.21160762472845276,576.3640646285013,1.5186668031609623
SpectralClustering,"{'n_clusters': 5, 'affinity': 'nearest_neighbors', 'assign_labels': 'discretize', 'random_state': 42, 'n_neighbors': 5}",0.20866393059523922,431.624813633485,1.636472851130899
SpectralClustering,"{'n_clusters': 5, 'affinity': 'nearest_neighbors', 'assign_labels': 'discretize', 'random_state': 123, 'n_neighbors': 5}",0.251169129747172,595.8343875044079,1.6390469462080017
SpectralClustering,"{'n_clusters': 5, 'affinity': 'nearest_neighbors', 'assign_labels': 'discretize', 'random_state': 456, 'n_neighbors': 5}",0.21904479539200927,476.715976403558,1.6350628077290892
SpectralClustering,"{'n_clusters': 5, 'affinity': 'nearest_neighbors', 'assign_labels': 'discretize', 'random_state': 789, 'n_neighbors': 5}",0.22955632119728706,448.731745714963,1.6591419660524014
SpectralClustering,"{'n_clusters': 5, 'affinity': 'nearest_neighbors', 'assign_labels': 'discretize', 'random_state': 1011, 'n_neighbors': 5}",0.20786652428219854,427.6387394358626,1.7897289233403029
SpectralClustering,"{'n_clusters': 5, 'affinity': 'nearest_neighbors', 'assign_labels': 'discretize', 'random_state': 2022, 'n_neighbors': 5}",0.20773526209941706,429.0682709050564,1.7852013959643678
SpectralClustering,"{'n_clusters': 5, 'affinity': 'nearest_neighbors', 'assign_labels': 'discretize', 'random_state': 3033, 'n_neighbors': 5}",0.20790153088376065,424.66205490850587,1.7860248967935903
SpectralClustering,"{'n_clusters': 5, 'affinity': 'nearest_neighbors', 'assign_labels': 'discretize', 'random_state': 4044, 'n_neighbors': 5}",0.19648047184759104,539.6701262660948,1.939844674254888
SpectralClustering,"{'n_clusters': 5, 'affinity': 'nearest_neighbors', 'assign_labels': 'discretize', 'random_state': 5055, 'n_neighbors': 5}",0.20516208767973357,431.83274234131665,1.786751847972162
SpectralClustering,"{'n_clusters': 5, 'affinity': 'nearest_neighbors', 'assign_labels': 'discretize', 'random_state': 6066, 'n_neighbors': 5}",0.223377471372816,452.2028442189053,2.010369288168806
SpectralClustering,"{'n_clusters': 5, 'affinity': 'nearest_neighbors', 'assign_labels': 'cluster_qr', 'random_state': 42, 'n_neighbors': 5}",0.19453319841278463,433.32906662354657,1.5195162311424528
SpectralClustering,"{'n_clusters': 5, 'affinity': 'nearest_neighbors', 'assign_labels': 'cluster_qr', 'random_state': 123, 'n_neighbors': 5}",0.1312021744834561,525.4833703383086,1.98620908606979
SpectralClustering,"{'n_clusters': 5, 'affinity': 'nearest_neighbors', 'assign_labels': 'cluster_qr', 'random_state': 456, 'n_neighbors': 5}",0.22191314542919682,511.05704895905205,1.7639692180722346
SpectralClustering,"{'n_clusters': 5, 'affinity': 'nearest_neighbors', 'assign_labels': 'cluster_qr', 'random_state': 789, 'n_neighbors': 5}",0.18379367262958252,546.7571310319315,1.9700478260018381
SpectralClustering,"{'n_clusters': 5, 'affinity': 'nearest_neighbors', 'assign_labels': 'cluster_qr', 'random_state': 1011, 'n_neighbors': 5}",0.22324998529469384,598.8001998639988,1.6291604348184066
SpectralClustering,"{'n_clusters': 5, 'affinity': 'nearest_neighbors', 'assign_labels': 'cluster_qr', 'random_state': 2022, 'n_neighbors': 5}",0.15193972084491575,407.276586732707,1.943864353045425
SpectralClustering,"{'n_clusters': 5, 'affinity': 'nearest_neighbors', 'assign_labels': 'cluster_qr', 'random_state': 3033, 'n_neighbors': 5}",0.1890996552297761,398.27391726853193,1.9979274460562877
SpectralClustering,"{'n_clusters': 5, 'affinity': 'nearest_neighbors', 'assign_labels': 'cluster_qr', 'random_state': 4044, 'n_neighbors': 5}",0.1938290765146014,424.15462890176656,1.917094266039161
SpectralClustering,"{'n_clusters': 5, 'affinity': 'nearest_neighbors', 'assign_labels': 'cluster_qr', 'random_state': 5055, 'n_neighbors': 5}",0.2485348856294248,575.4386657175348,1.9233405648295565
SpectralClustering,"{'n_clusters': 5, 'affinity': 'nearest_neighbors', 'assign_labels': 'cluster_qr', 'random_state': 6066, 'n_neighbors': 5}",0.241959743659986,638.3999966956354,1.58625639838793
SpectralClustering,"{'n_clusters': 5, 'affinity': 'nearest_neighbors', 'assign_labels': 'kmeans', 'random_state': 42, 'n_neighbors': 10}",0.24584034704803007,675.9266855957349,1.5095118017497888
SpectralClustering,"{'n_clusters': 5, 'affinity': 'nearest_neighbors', 'assign_labels': 'kmeans', 'random_state': 123, 'n_neighbors': 10}",0.24584034704803007,675.9266855957349,1.5095118017497893
SpectralClustering,"{'n_clusters': 5, 'affinity': 'nearest_neighbors', 'assign_labels': 'kmeans', 'random_state': 456, 'n_neighbors': 10}",0.24584034704803007,675.9266855957349,1.5095118017497888
SpectralClustering,"{'n_clusters': 5, 'affinity': 'nearest_neighbors', 'assign_labels': 'kmeans', 'random_state': 789, 'n_neighbors': 10}",0.24584034704803007,675.9266855957349,1.5095118017497888
SpectralClustering,"{'n_clusters': 5, 'affinity': 'nearest_neighbors', 'assign_labels': 'kmeans', 'random_state': 1011, 'n_neighbors': 10}",0.24584034704803007,675.9266855957349,1.5095118017497888
SpectralClustering,"{'n_clusters': 5, 'affinity': 'nearest_neighbors', 'assign_labels': 'kmeans', 'random_state': 2022, 'n_neighbors': 10}",0.24584034704803007,675.9266855957347,1.5095118017497893
SpectralClustering,"{'n_clusters': 5, 'affinity': 'nearest_neighbors', 'assign_labels': 'kmeans', 'random_state': 3033, 'n_neighbors': 10}",0.24584034704803007,675.9266855957349,1.5095118017497888
SpectralClustering,"{'n_clusters': 5, 'affinity': 'nearest_neighbors', 'assign_labels': 'kmeans', 'random_state': 4044, 'n_neighbors': 10}",0.24584034704803007,675.9266855957349,1.5095118017497888
SpectralClustering,"{'n_clusters': 5, 'affinity': 'nearest_neighbors', 'assign_labels': 'kmeans', 'random_state': 5055, 'n_neighbors': 10}",0.24584034704803007,675.9266855957349,1.5095118017497888
SpectralClustering,"{'n_clusters': 5, 'affinity': 'nearest_neighbors', 'assign_labels': 'kmeans', 'random_state': 6066, 'n_neighbors': 10}",0.24584034704803007,675.9266855957349,1.5095118017497888
SpectralClustering,"{'n_clusters': 5, 'affinity': 'nearest_neighbors', 'assign_labels': 'discretize', 'random_state': 42, 'n_neighbors': 10}",0.2604566434179747,678.070209795242,1.6023649696631548
SpectralClustering,"{'n_clusters': 5, 'affinity': 'nearest_neighbors', 'assign_labels': 'discretize', 'random_state': 123, 'n_neighbors': 10}",0.2604566434179747,678.0702097952419,1.6023649696631548
SpectralClustering,"{'n_clusters': 5, 'affinity': 'nearest_neighbors', 'assign_labels': 'discretize', 'random_state': 456, 'n_neighbors': 10}",0.2604566434179747,678.070209795242,1.6023649696631548
SpectralClustering,"{'n_clusters': 5, 'affinity': 'nearest_neighbors', 'assign_labels': 'discretize', 'random_state': 789, 'n_neighbors': 10}",0.2604566434179747,678.070209795242,1.6023649696631548
SpectralClustering,"{'n_clusters': 5, 'affinity': 'nearest_neighbors', 'assign_labels': 'discretize', 'random_state': 1011, 'n_neighbors': 10}",0.2605344383107907,678.6655478262813,1.6019359957118617
SpectralClustering,"{'n_clusters': 5, 'affinity': 'nearest_neighbors', 'assign_labels': 'discretize', 'random_state': 2022, 'n_neighbors': 10}",0.2605344383107907,678.6655478262813,1.6019359957118617
SpectralClustering,"{'n_clusters': 5, 'affinity': 'nearest_neighbors', 'assign_labels': 'discretize', 'random_state': 3033, 'n_neighbors': 10}",0.2605344383107907,678.6655478262813,1.6019359957118617
SpectralClustering,"{'n_clusters': 5, 'affinity': 'nearest_neighbors', 'assign_labels': 'discretize', 'random_state': 4044, 'n_neighbors': 10}",0.2604566434179747,678.0702097952419,1.6023649696631548
SpectralClustering,"{'n_clusters': 5, 'affinity': 'nearest_neighbors', 'assign_labels': 'discretize', 'random_state': 5055, 'n_neighbors': 10}",0.2604566434179747,678.070209795242,1.6023649696631548
SpectralClustering,"{'n_clusters': 5, 'affinity': 'nearest_neighbors', 'assign_labels': 'discretize', 'random_state': 6066, 'n_neighbors': 10}",0.2605344383107907,678.6655478262813,1.6019359957118617
SpectralClustering,"{'n_clusters': 5, 'affinity': 'nearest_neighbors', 'assign_labels': 'cluster_qr', 'random_state': 42, 'n_neighbors': 10}",0.2598212716005187,676.0864481785616,1.5839508773529944
SpectralClustering,"{'n_clusters': 5, 'affinity': 'nearest_neighbors', 'assign_labels': 'cluster_qr', 'random_state': 123, 'n_neighbors': 10}",0.2598212716005187,676.0864481785616,1.5839508773529944
SpectralClustering,"{'n_clusters': 5, 'affinity': 'nearest_neighbors', 'assign_labels': 'cluster_qr', 'random_state': 456, 'n_neighbors': 10}",0.2598212716005187,676.0864481785616,1.5839508773529944
SpectralClustering,"{'n_clusters': 5, 'affinity': 'nearest_neighbors', 'assign_labels': 'cluster_qr', 'random_state': 789, 'n_neighbors': 10}",0.2598212716005187,676.0864481785616,1.5839508773529944
SpectralClustering,"{'n_clusters': 5, 'affinity': 'nearest_neighbors', 'assign_labels': 'cluster_qr', 'random_state': 1011, 'n_neighbors': 10}",0.2598212716005187,676.0864481785616,1.5839508773529944
SpectralClustering,"{'n_clusters': 5, 'affinity': 'nearest_neighbors', 'assign_labels': 'cluster_qr', 'random_state': 2022, 'n_neighbors': 10}",0.2598212716005187,676.0864481785616,1.5839508773529944
SpectralClustering,"{'n_clusters': 5, 'affinity': 'nearest_neighbors', 'assign_labels': 'cluster_qr', 'random_state': 3033, 'n_neighbors': 10}",0.2598212716005187,676.0864481785616,1.5839508773529944
SpectralClustering,"{'n_clusters': 5, 'affinity': 'nearest_neighbors', 'assign_labels': 'cluster_qr', 'random_state': 4044, 'n_neighbors': 10}",0.2598212716005187,676.0864481785616,1.5839508773529944
SpectralClustering,"{'n_clusters': 5, 'affinity': 'nearest_neighbors', 'assign_labels': 'cluster_qr', 'random_state': 5055, 'n_neighbors': 10}",0.2598212716005187,676.0864481785616,1.5839508773529944
SpectralClustering,"{'n_clusters': 5, 'affinity': 'nearest_neighbors', 'assign_labels': 'cluster_qr', 'random_state': 6066, 'n_neighbors': 10}",0.2598212716005187,676.0864481785616,1.5839508773529944
SpectralClustering,"{'n_clusters': 5, 'affinity': 'nearest_neighbors', 'assign_labels': 'kmeans', 'random_state': 42, 'n_neighbors': 15}",0.2413195413379991,675.5582474277938,1.505688783009024
SpectralClustering,"{'n_clusters': 5, 'affinity': 'nearest_neighbors', 'assign_labels': 'kmeans', 'random_state': 123, 'n_neighbors': 15}",0.2413195413379991,675.5582474277938,1.505688783009024
SpectralClustering,"{'n_clusters': 5, 'affinity': 'nearest_neighbors', 'assign_labels': 'kmeans', 'random_state': 456, 'n_neighbors': 15}",0.2413195413379991,675.5582474277938,1.505688783009024
SpectralClustering,"{'n_clusters': 5, 'affinity': 'nearest_neighbors', 'assign_labels': 'kmeans', 'random_state': 789, 'n_neighbors': 15}",0.2413195413379991,675.5582474277938,1.505688783009024
SpectralClustering,"{'n_clusters': 5, 'affinity': 'nearest_neighbors', 'assign_labels': 'kmeans', 'random_state': 1011, 'n_neighbors': 15}",0.2413195413379991,675.5582474277937,1.505688783009024
SpectralClustering,"{'n_clusters': 5, 'affinity': 'nearest_neighbors', 'assign_labels': 'kmeans', 'random_state': 2022, 'n_neighbors': 15}",0.2413195413379991,675.5582474277938,1.505688783009024
SpectralClustering,"{'n_clusters': 5, 'affinity': 'nearest_neighbors', 'assign_labels': 'kmeans', 'random_state': 3033, 'n_neighbors': 15}",0.2413195413379991,675.5582474277938,1.505688783009024
SpectralClustering,"{'n_clusters': 5, 'affinity': 'nearest_neighbors', 'assign_labels': 'kmeans', 'random_state': 4044, 'n_neighbors': 15}",0.2413195413379991,675.5582474277938,1.505688783009024
SpectralClustering,"{'n_clusters': 5, 'affinity': 'nearest_neighbors', 'assign_labels': 'kmeans', 'random_state': 5055, 'n_neighbors': 15}",0.2413195413379991,675.5582474277937,1.505688783009024
SpectralClustering,"{'n_clusters': 5, 'affinity': 'nearest_neighbors', 'assign_labels': 'kmeans', 'random_state': 6066, 'n_neighbors': 15}",0.2413195413379991,675.5582474277938,1.505688783009024
SpectralClustering,"{'n_clusters': 5, 'affinity': 'nearest_neighbors', 'assign_labels': 'discretize', 'random_state': 42, 'n_neighbors': 15}",0.25427603315903047,677.8860225487851,1.5289105527029303
SpectralClustering,"{'n_clusters': 5, 'affinity': 'nearest_neighbors', 'assign_labels': 'discretize', 'random_state': 123, 'n_neighbors': 15}",0.25427603315903047,677.8860225487851,1.5289105527029303
SpectralClustering,"{'n_clusters': 5, 'affinity': 'nearest_neighbors', 'assign_labels': 'discretize', 'random_state': 456, 'n_neighbors': 15}",0.25427603315903047,677.8860225487851,1.5289105527029303
SpectralClustering,"{'n_clusters': 5, 'affinity': 'nearest_neighbors', 'assign_labels': 'discretize', 'random_state': 789, 'n_neighbors': 15}",0.25427603315903047,677.8860225487851,1.5289105527029303
SpectralClustering,"{'n_clusters': 5, 'affinity': 'nearest_neighbors', 'assign_labels': 'discretize', 'random_state': 1011, 'n_neighbors': 15}",0.25427603315903047,677.8860225487851,1.5289105527029303
SpectralClustering,"{'n_clusters': 5, 'affinity': 'nearest_neighbors', 'assign_labels': 'discretize', 'random_state': 2022, 'n_neighbors': 15}",0.25427603315903047,677.886022548785,1.5289105527029307
SpectralClustering,"{'n_clusters': 5, 'affinity': 'nearest_neighbors', 'assign_labels': 'discretize', 'random_state': 3033, 'n_neighbors': 15}",0.25427603315903047,677.886022548785,1.5289105527029307
SpectralClustering,"{'n_clusters': 5, 'affinity': 'nearest_neighbors', 'assign_labels': 'discretize', 'random_state': 4044, 'n_neighbors': 15}",0.25427603315903047,677.8860225487851,1.5289105527029303
SpectralClustering,"{'n_clusters': 5, 'affinity': 'nearest_neighbors', 'assign_labels': 'discretize', 'random_state': 5055, 'n_neighbors': 15}",0.25427603315903047,677.8860225487851,1.5289105527029303
SpectralClustering,"{'n_clusters': 5, 'affinity': 'nearest_neighbors', 'assign_labels': 'discretize', 'random_state': 6066, 'n_neighbors': 15}",0.25427603315903047,677.8860225487851,1.5289105527029303
SpectralClustering,"{'n_clusters': 5, 'affinity': 'nearest_neighbors', 'assign_labels': 'cluster_qr', 'random_state': 42, 'n_neighbors': 15}",0.25632739580338026,677.414203896072,1.5415817139286634
SpectralClustering,"{'n_clusters': 5, 'affinity': 'nearest_neighbors', 'assign_labels': 'cluster_qr', 'random_state': 123, 'n_neighbors': 15}",0.25632739580338026,677.414203896072,1.5415817139286634
SpectralClustering,"{'n_clusters': 5, 'affinity': 'nearest_neighbors', 'assign_labels': 'cluster_qr', 'random_state': 456, 'n_neighbors': 15}",0.25632739580338026,677.414203896072,1.5415817139286634
SpectralClustering,"{'n_clusters': 5, 'affinity': 'nearest_neighbors', 'assign_labels': 'cluster_qr', 'random_state': 789, 'n_neighbors': 15}",0.25632739580338026,677.414203896072,1.5415817139286634
SpectralClustering,"{'n_clusters': 5, 'affinity': 'nearest_neighbors', 'assign_labels': 'cluster_qr', 'random_state': 1011, 'n_neighbors': 15}",0.25632739580338026,677.414203896072,1.5415817139286634
SpectralClustering,"{'n_clusters': 5, 'affinity': 'nearest_neighbors', 'assign_labels': 'cluster_qr', 'random_state': 2022, 'n_neighbors': 15}",0.25632739580338026,677.414203896072,1.5415817139286634
SpectralClustering,"{'n_clusters': 5, 'affinity': 'nearest_neighbors', 'assign_labels': 'cluster_qr', 'random_state': 3033, 'n_neighbors': 15}",0.25632739580338026,677.414203896072,1.5415817139286634
SpectralClustering,"{'n_clusters': 5, 'affinity': 'nearest_neighbors', 'assign_labels': 'cluster_qr', 'random_state': 4044, 'n_neighbors': 15}",0.25632739580338026,677.414203896072,1.5415817139286634
SpectralClustering,"{'n_clusters': 5, 'affinity': 'nearest_neighbors', 'assign_labels': 'cluster_qr', 'random_state': 5055, 'n_neighbors': 15}",0.25632739580338026,677.414203896072,1.5415817139286634
SpectralClustering,"{'n_clusters': 5, 'affinity': 'nearest_neighbors', 'assign_labels': 'cluster_qr', 'random_state': 6066, 'n_neighbors': 15}",0.25632739580338026,677.414203896072,1.5415817139286634
SpectralClustering,"{'n_clusters': 5, 'affinity': 'nearest_neighbors', 'assign_labels': 'kmeans', 'random_state': 42, 'n_neighbors': 20}",0.2615442161917414,709.6268974080251,1.3638677475901275
SpectralClustering,"{'n_clusters': 5, 'affinity': 'nearest_neighbors', 'assign_labels': 'kmeans', 'random_state': 123, 'n_neighbors': 20}",0.2615442161917414,709.6268974080251,1.3638677475901275
SpectralClustering,"{'n_clusters': 5, 'affinity': 'nearest_neighbors', 'assign_labels': 'kmeans', 'random_state': 456, 'n_neighbors': 20}",0.2615442161917414,709.6268974080251,1.3638677475901275
SpectralClustering,"{'n_clusters': 5, 'affinity': 'nearest_neighbors', 'assign_labels': 'kmeans', 'random_state': 789, 'n_neighbors': 20}",0.2615442161917414,709.6268974080251,1.3638677475901275
SpectralClustering,"{'n_clusters': 5, 'affinity': 'nearest_neighbors', 'assign_labels': 'kmeans', 'random_state': 1011, 'n_neighbors': 20}",0.2615442161917414,709.6268974080251,1.3638677475901275
SpectralClustering,"{'n_clusters': 5, 'affinity': 'nearest_neighbors', 'assign_labels': 'kmeans', 'random_state': 2022, 'n_neighbors': 20}",0.2615442161917414,709.6268974080251,1.3638677475901273
SpectralClustering,"{'n_clusters': 5, 'affinity': 'nearest_neighbors', 'assign_labels': 'kmeans', 'random_state': 3033, 'n_neighbors': 20}",0.2615442161917414,709.6268974080251,1.3638677475901275
SpectralClustering,"{'n_clusters': 5, 'affinity': 'nearest_neighbors', 'assign_labels': 'kmeans', 'random_state': 4044, 'n_neighbors': 20}",0.2615442161917414,709.6268974080251,1.3638677475901275
SpectralClustering,"{'n_clusters': 5, 'affinity': 'nearest_neighbors', 'assign_labels': 'kmeans', 'random_state': 5055, 'n_neighbors': 20}",0.2615442161917414,709.6268974080251,1.3638677475901275
SpectralClustering,"{'n_clusters': 5, 'affinity': 'nearest_neighbors', 'assign_labels': 'kmeans', 'random_state': 6066, 'n_neighbors': 20}",0.2615442161917414,709.6268974080251,1.3638677475901275
SpectralClustering,"{'n_clusters': 5, 'affinity': 'nearest_neighbors', 'assign_labels': 'discretize', 'random_state': 42, 'n_neighbors': 20}",0.2875637805801828,800.2260278322187,1.2708981683761085
SpectralClustering,"{'n_clusters': 5, 'affinity': 'nearest_neighbors', 'assign_labels': 'discretize', 'random_state': 123, 'n_neighbors': 20}",0.2875637805801828,800.2260278322187,1.2708981683761085
SpectralClustering,"{'n_clusters': 5, 'affinity': 'nearest_neighbors', 'assign_labels': 'discretize', 'random_state': 456, 'n_neighbors': 20}",0.2875637805801828,800.2260278322187,1.2708981683761087
SpectralClustering,"{'n_clusters': 5, 'affinity': 'nearest_neighbors', 'assign_labels': 'discretize', 'random_state': 789, 'n_neighbors': 20}",0.2875637805801828,800.2260278322188,1.2708981683761087
SpectralClustering,"{'n_clusters': 5, 'affinity': 'nearest_neighbors', 'assign_labels': 'discretize', 'random_state': 1011, 'n_neighbors': 20}",0.2875637805801828,800.2260278322187,1.2708981683761087
SpectralClustering,"{'n_clusters': 5, 'affinity': 'nearest_neighbors', 'assign_labels': 'discretize', 'random_state': 2022, 'n_neighbors': 20}",0.2875637805801828,800.2260278322188,1.2708981683761087
SpectralClustering,"{'n_clusters': 5, 'affinity': 'nearest_neighbors', 'assign_labels': 'discretize', 'random_state': 3033, 'n_neighbors': 20}",0.2875637805801828,800.2260278322188,1.2708981683761087
SpectralClustering,"{'n_clusters': 5, 'affinity': 'nearest_neighbors', 'assign_labels': 'discretize', 'random_state': 4044, 'n_neighbors': 20}",0.2875637805801828,800.2260278322188,1.2708981683761085
SpectralClustering,"{'n_clusters': 5, 'affinity': 'nearest_neighbors', 'assign_labels': 'discretize', 'random_state': 5055, 'n_neighbors': 20}",0.2875637805801828,800.2260278322187,1.2708981683761085
SpectralClustering,"{'n_clusters': 5, 'affinity': 'nearest_neighbors', 'assign_labels': 'discretize', 'random_state': 6066, 'n_neighbors': 20}",0.2875637805801828,800.2260278322188,1.2708981683761085
SpectralClustering,"{'n_clusters': 5, 'affinity': 'nearest_neighbors', 'assign_labels': 'cluster_qr', 'random_state': 42, 'n_neighbors': 20}",0.28441393923767827,783.6465092549776,1.2952108039722892
SpectralClustering,"{'n_clusters': 5, 'affinity': 'nearest_neighbors', 'assign_labels': 'cluster_qr', 'random_state': 123, 'n_neighbors': 20}",0.28441393923767827,783.6465092549776,1.2952108039722892
SpectralClustering,"{'n_clusters': 5, 'affinity': 'nearest_neighbors', 'assign_labels': 'cluster_qr', 'random_state': 456, 'n_neighbors': 20}",0.28441393923767827,783.6465092549776,1.2952108039722892
SpectralClustering,"{'n_clusters': 5, 'affinity': 'nearest_neighbors', 'assign_labels': 'cluster_qr', 'random_state': 789, 'n_neighbors': 20}",0.28441393923767827,783.6465092549776,1.2952108039722892
SpectralClustering,"{'n_clusters': 5, 'affinity': 'nearest_neighbors', 'assign_labels': 'cluster_qr', 'random_state': 1011, 'n_neighbors': 20}",0.28441393923767827,783.6465092549776,1.2952108039722892
SpectralClustering,"{'n_clusters': 5, 'affinity': 'nearest_neighbors', 'assign_labels': 'cluster_qr', 'random_state': 2022, 'n_neighbors': 20}",0.28441393923767827,783.6465092549776,1.2952108039722892
SpectralClustering,"{'n_clusters': 5, 'affinity': 'nearest_neighbors', 'assign_labels': 'cluster_qr', 'random_state': 3033, 'n_neighbors': 20}",0.28441393923767827,783.6465092549776,1.2952108039722892
SpectralClustering,"{'n_clusters': 5, 'affinity': 'nearest_neighbors', 'assign_labels': 'cluster_qr', 'random_state': 4044, 'n_neighbors': 20}",0.28441393923767827,783.6465092549776,1.2952108039722892
SpectralClustering,"{'n_clusters': 5, 'affinity': 'nearest_neighbors', 'assign_labels': 'cluster_qr', 'random_state': 5055, 'n_neighbors': 20}",0.28441393923767827,783.6465092549776,1.2952108039722892
SpectralClustering,"{'n_clusters': 5, 'affinity': 'nearest_neighbors', 'assign_labels': 'cluster_qr', 'random_state': 6066, 'n_neighbors': 20}",0.28441393923767827,783.6465092549776,1.2952108039722892
SpectralClustering,"{'n_clusters': 5, 'affinity': 'nearest_neighbors', 'assign_labels': 'kmeans', 'random_state': 42, 'n_neighbors': 50}",0.2953853819635405,842.8845524482336,1.2090180840193072
SpectralClustering,"{'n_clusters': 5, 'affinity': 'nearest_neighbors', 'assign_labels': 'kmeans', 'random_state': 123, 'n_neighbors': 50}",0.2953853819635405,842.8845524482336,1.2090180840193074
SpectralClustering,"{'n_clusters': 5, 'affinity': 'nearest_neighbors', 'assign_labels': 'kmeans', 'random_state': 456, 'n_neighbors': 50}",0.2953853819635405,842.8845524482338,1.2090180840193074
SpectralClustering,"{'n_clusters': 5, 'affinity': 'nearest_neighbors', 'assign_labels': 'kmeans', 'random_state': 789, 'n_neighbors': 50}",0.2953853819635405,842.8845524482338,1.2090180840193072
SpectralClustering,"{'n_clusters': 5, 'affinity': 'nearest_neighbors', 'assign_labels': 'kmeans', 'random_state': 1011, 'n_neighbors': 50}",0.2953853819635405,842.8845524482336,1.2090180840193072
SpectralClustering,"{'n_clusters': 5, 'affinity': 'nearest_neighbors', 'assign_labels': 'kmeans', 'random_state': 2022, 'n_neighbors': 50}",0.2953853819635405,842.8845524482338,1.2090180840193074
SpectralClustering,"{'n_clusters': 5, 'affinity': 'nearest_neighbors', 'assign_labels': 'kmeans', 'random_state': 3033, 'n_neighbors': 50}",0.2953853819635405,842.8845524482336,1.2090180840193074
SpectralClustering,"{'n_clusters': 5, 'affinity': 'nearest_neighbors', 'assign_labels': 'kmeans', 'random_state': 4044, 'n_neighbors': 50}",0.2953853819635405,842.8845524482336,1.2090180840193074
SpectralClustering,"{'n_clusters': 5, 'affinity': 'nearest_neighbors', 'assign_labels': 'kmeans', 'random_state': 5055, 'n_neighbors': 50}",0.2953853819635405,842.8845524482336,1.2090180840193074
SpectralClustering,"{'n_clusters': 5, 'affinity': 'nearest_neighbors', 'assign_labels': 'kmeans', 'random_state': 6066, 'n_neighbors': 50}",0.2953853819635405,842.8845524482336,1.2090180840193074
SpectralClustering,"{'n_clusters': 5, 'affinity': 'nearest_neighbors', 'assign_labels': 'discretize', 'random_state': 42, 'n_neighbors': 50}",0.29433247786146427,843.6775489716333,1.2128769166748405
SpectralClustering,"{'n_clusters': 5, 'affinity': 'nearest_neighbors', 'assign_labels': 'discretize', 'random_state': 123, 'n_neighbors': 50}",0.29433247786146427,843.6775489716333,1.2128769166748405
SpectralClustering,"{'n_clusters': 5, 'affinity': 'nearest_neighbors', 'assign_labels': 'discretize', 'random_state': 456, 'n_neighbors': 50}",0.29433247786146427,843.6775489716333,1.2128769166748405
SpectralClustering,"{'n_clusters': 5, 'affinity': 'nearest_neighbors', 'assign_labels': 'discretize', 'random_state': 789, 'n_neighbors': 50}",0.29433247786146427,843.6775489716333,1.2128769166748405
SpectralClustering,"{'n_clusters': 5, 'affinity': 'nearest_neighbors', 'assign_labels': 'discretize', 'random_state': 1011, 'n_neighbors': 50}",0.29433247786146427,843.6775489716333,1.2128769166748405
SpectralClustering,"{'n_clusters': 5, 'affinity': 'nearest_neighbors', 'assign_labels': 'discretize', 'random_state': 2022, 'n_neighbors': 50}",0.29433247786146427,843.6775489716333,1.2128769166748405
SpectralClustering,"{'n_clusters': 5, 'affinity': 'nearest_neighbors', 'assign_labels': 'discretize', 'random_state': 3033, 'n_neighbors': 50}",0.29433247786146427,843.6775489716333,1.2128769166748405
SpectralClustering,"{'n_clusters': 5, 'affinity': 'nearest_neighbors', 'assign_labels': 'discretize', 'random_state': 4044, 'n_neighbors': 50}",0.29433247786146427,843.6775489716333,1.2128769166748405
SpectralClustering,"{'n_clusters': 5, 'affinity': 'nearest_neighbors', 'assign_labels': 'discretize', 'random_state': 5055, 'n_neighbors': 50}",0.29433247786146427,843.6775489716333,1.2128769166748405
SpectralClustering,"{'n_clusters': 5, 'affinity': 'nearest_neighbors', 'assign_labels': 'discretize', 'random_state': 6066, 'n_neighbors': 50}",0.29433247786146427,843.6775489716333,1.2128769166748405
SpectralClustering,"{'n_clusters': 5, 'affinity': 'nearest_neighbors', 'assign_labels': 'cluster_qr', 'random_state': 42, 'n_neighbors': 50}",0.29485365902639726,843.5462157390126,1.2093805511773836
SpectralClustering,"{'n_clusters': 5, 'affinity': 'nearest_neighbors', 'assign_labels': 'cluster_qr', 'random_state': 123, 'n_neighbors': 50}",0.29485365902639726,843.5462157390126,1.2093805511773836
SpectralClustering,"{'n_clusters': 5, 'affinity': 'nearest_neighbors', 'assign_labels': 'cluster_qr', 'random_state': 456, 'n_neighbors': 50}",0.29485365902639726,843.5462157390126,1.2093805511773836
SpectralClustering,"{'n_clusters': 5, 'affinity': 'nearest_neighbors', 'assign_labels': 'cluster_qr', 'random_state': 789, 'n_neighbors': 50}",0.29485365902639726,843.5462157390126,1.2093805511773836
SpectralClustering,"{'n_clusters': 5, 'affinity': 'nearest_neighbors', 'assign_labels': 'cluster_qr', 'random_state': 1011, 'n_neighbors': 50}",0.29485365902639726,843.5462157390126,1.2093805511773836
SpectralClustering,"{'n_clusters': 5, 'affinity': 'nearest_neighbors', 'assign_labels': 'cluster_qr', 'random_state': 2022, 'n_neighbors': 50}",0.29485365902639726,843.5462157390126,1.2093805511773836
SpectralClustering,"{'n_clusters': 5, 'affinity': 'nearest_neighbors', 'assign_labels': 'cluster_qr', 'random_state': 3033, 'n_neighbors': 50}",0.29485365902639726,843.5462157390126,1.2093805511773836
SpectralClustering,"{'n_clusters': 5, 'affinity': 'nearest_neighbors', 'assign_labels': 'cluster_qr', 'random_state': 4044, 'n_neighbors': 50}",0.29485365902639726,843.5462157390126,1.2093805511773836
SpectralClustering,"{'n_clusters': 5, 'affinity': 'nearest_neighbors', 'assign_labels': 'cluster_qr', 'random_state': 5055, 'n_neighbors': 50}",0.29485365902639726,843.5462157390126,1.2093805511773836
SpectralClustering,"{'n_clusters': 5, 'affinity': 'nearest_neighbors', 'assign_labels': 'cluster_qr', 'random_state': 6066, 'n_neighbors': 50}",0.29485365902639726,843.5462157390126,1.2093805511773836
SpectralClustering,"{'n_clusters': 5, 'affinity': 'nearest_neighbors', 'assign_labels': 'kmeans', 'random_state': 42, 'n_neighbors': 100}",0.30583220397409994,978.4271335290163,1.0750984846434697
SpectralClustering,"{'n_clusters': 5, 'affinity': 'nearest_neighbors', 'assign_labels': 'kmeans', 'random_state': 123, 'n_neighbors': 100}",0.30583220397409994,978.4271335290163,1.0750984846434697
SpectralClustering,"{'n_clusters': 5, 'affinity': 'nearest_neighbors', 'assign_labels': 'kmeans', 'random_state': 456, 'n_neighbors': 100}",0.30583220397409994,978.4271335290161,1.0750984846434697
SpectralClustering,"{'n_clusters': 5, 'affinity': 'nearest_neighbors', 'assign_labels': 'kmeans', 'random_state': 789, 'n_neighbors': 100}",0.30583220397409994,978.4271335290165,1.0750984846434697
SpectralClustering,"{'n_clusters': 5, 'affinity': 'nearest_neighbors', 'assign_labels': 'kmeans', 'random_state': 1011, 'n_neighbors': 100}",0.30583220397409994,978.4271335290161,1.0750984846434697
SpectralClustering,"{'n_clusters': 5, 'affinity': 'nearest_neighbors', 'assign_labels': 'kmeans', 'random_state': 2022, 'n_neighbors': 100}",0.30583220397409994,978.4271335290161,1.0750984846434697
SpectralClustering,"{'n_clusters': 5, 'affinity': 'nearest_neighbors', 'assign_labels': 'kmeans', 'random_state': 3033, 'n_neighbors': 100}",0.30583220397409994,978.4271335290163,1.0750984846434697
SpectralClustering,"{'n_clusters': 5, 'affinity': 'nearest_neighbors', 'assign_labels': 'kmeans', 'random_state': 4044, 'n_neighbors': 100}",0.30583220397409994,978.4271335290163,1.0750984846434697
SpectralClustering,"{'n_clusters': 5, 'affinity': 'nearest_neighbors', 'assign_labels': 'kmeans', 'random_state': 5055, 'n_neighbors': 100}",0.30583220397409994,978.4271335290161,1.0750984846434697
SpectralClustering,"{'n_clusters': 5, 'affinity': 'nearest_neighbors', 'assign_labels': 'kmeans', 'random_state': 6066, 'n_neighbors': 100}",0.30583220397409994,978.4271335290163,1.0750984846434697
SpectralClustering,"{'n_clusters': 5, 'affinity': 'nearest_neighbors', 'assign_labels': 'discretize', 'random_state': 42, 'n_neighbors': 100}",0.30416059997147693,971.6587946784488,1.0762190216629821
SpectralClustering,"{'n_clusters': 5, 'affinity': 'nearest_neighbors', 'assign_labels': 'discretize', 'random_state': 123, 'n_neighbors': 100}",0.30382484527618564,970.5543833430334,1.076739056220437
SpectralClustering,"{'n_clusters': 5, 'affinity': 'nearest_neighbors', 'assign_labels': 'discretize', 'random_state': 456, 'n_neighbors': 100}",0.30416059997147693,971.6587946784491,1.076219021662982
SpectralClustering,"{'n_clusters': 5, 'affinity': 'nearest_neighbors', 'assign_labels': 'discretize', 'random_state': 789, 'n_neighbors': 100}",0.30382484527618564,970.5543833430334,1.0767390562204369
SpectralClustering,"{'n_clusters': 5, 'affinity': 'nearest_neighbors', 'assign_labels': 'discretize', 'random_state': 1011, 'n_neighbors': 100}",0.30416059997147693,971.6587946784488,1.0762190216629821
SpectralClustering,"{'n_clusters': 5, 'affinity': 'nearest_neighbors', 'assign_labels': 'discretize', 'random_state': 2022, 'n_neighbors': 100}",0.30382484527618564,970.5543833430334,1.0767390562204369
SpectralClustering,"{'n_clusters': 5, 'affinity': 'nearest_neighbors', 'assign_labels': 'discretize', 'random_state': 3033, 'n_neighbors': 100}",0.30382484527618564,970.5543833430332,1.0767390562204369
SpectralClustering,"{'n_clusters': 5, 'affinity': 'nearest_neighbors', 'assign_labels': 'discretize', 'random_state': 4044, 'n_neighbors': 100}",0.30416059997147693,971.6587946784491,1.0762190216629821
SpectralClustering,"{'n_clusters': 5, 'affinity': 'nearest_neighbors', 'assign_labels': 'discretize', 'random_state': 5055, 'n_neighbors': 100}",0.30382484527618564,970.5543833430332,1.0767390562204369
SpectralClustering,"{'n_clusters': 5, 'affinity': 'nearest_neighbors', 'assign_labels': 'discretize', 'random_state': 6066, 'n_neighbors': 100}",0.30416059997147693,971.6587946784488,1.0762190216629821
SpectralClustering,"{'n_clusters': 5, 'affinity': 'nearest_neighbors', 'assign_labels': 'cluster_qr', 'random_state': 42, 'n_neighbors': 100}",0.3030386553897239,967.3624615751686,1.0776989709897196
SpectralClustering,"{'n_clusters': 5, 'affinity': 'nearest_neighbors', 'assign_labels': 'cluster_qr', 'random_state': 123, 'n_neighbors': 100}",0.3030386553897239,967.3624615751686,1.0776989709897196
SpectralClustering,"{'n_clusters': 5, 'affinity': 'nearest_neighbors', 'assign_labels': 'cluster_qr', 'random_state': 456, 'n_neighbors': 100}",0.3030386553897239,967.3624615751686,1.0776989709897196
SpectralClustering,"{'n_clusters': 5, 'affinity': 'nearest_neighbors', 'assign_labels': 'cluster_qr', 'random_state': 789, 'n_neighbors': 100}",0.3030386553897239,967.3624615751686,1.0776989709897196
SpectralClustering,"{'n_clusters': 5, 'affinity': 'nearest_neighbors', 'assign_labels': 'cluster_qr', 'random_state': 1011, 'n_neighbors': 100}",0.3030386553897239,967.3624615751686,1.0776989709897196
SpectralClustering,"{'n_clusters': 5, 'affinity': 'nearest_neighbors', 'assign_labels': 'cluster_qr', 'random_state': 2022, 'n_neighbors': 100}",0.3030386553897239,967.3624615751686,1.0776989709897196
SpectralClustering,"{'n_clusters': 5, 'affinity': 'nearest_neighbors', 'assign_labels': 'cluster_qr', 'random_state': 3033, 'n_neighbors': 100}",0.3030386553897239,967.3624615751686,1.0776989709897196
SpectralClustering,"{'n_clusters': 5, 'affinity': 'nearest_neighbors', 'assign_labels': 'cluster_qr', 'random_state': 4044, 'n_neighbors': 100}",0.3030386553897239,967.3624615751686,1.0776989709897196
SpectralClustering,"{'n_clusters': 5, 'affinity': 'nearest_neighbors', 'assign_labels': 'cluster_qr', 'random_state': 5055, 'n_neighbors': 100}",0.3030386553897239,967.3624615751686,1.0776989709897196
SpectralClustering,"{'n_clusters': 5, 'affinity': 'nearest_neighbors', 'assign_labels': 'cluster_qr', 'random_state': 6066, 'n_neighbors': 100}",0.3030386553897239,967.3624615751686,1.0776989709897196
SpectralClustering,"{'n_clusters': 5, 'affinity': 'polynomial', 'assign_labels': 'kmeans', 'random_state': 42}",-0.043953985435714285,182.30441540257283,2.910587120276934
SpectralClustering,"{'n_clusters': 5, 'affinity': 'polynomial', 'assign_labels': 'kmeans', 'random_state': 123}",-0.043506727377780996,182.8341122152565,2.9402862315362914
SpectralClustering,"{'n_clusters': 5, 'affinity': 'polynomial', 'assign_labels': 'kmeans', 'random_state': 456}",-0.043420589626915786,182.86374434146865,2.9076183097892567
SpectralClustering,"{'n_clusters': 5, 'affinity': 'polynomial', 'assign_labels': 'kmeans', 'random_state': 789}",-0.04371408849335214,182.47615751642167,2.9112602652159567
SpectralClustering,"{'n_clusters': 5, 'affinity': 'polynomial', 'assign_labels': 'kmeans', 'random_state': 1011}",-0.043420589626915786,182.86374434146865,2.9076183097892567
SpectralClustering,"{'n_clusters': 5, 'affinity': 'polynomial', 'assign_labels': 'kmeans', 'random_state': 2022}",-0.051898324698447476,175.8154186437984,2.9134003466977303
SpectralClustering,"{'n_clusters': 5, 'affinity': 'polynomial', 'assign_labels': 'kmeans', 'random_state': 3033}",-0.043506727377780996,182.8341122152565,2.9402862315362914
SpectralClustering,"{'n_clusters': 5, 'affinity': 'polynomial', 'assign_labels': 'kmeans', 'random_state': 4044}",-0.043506727377780996,182.83411221525654,2.940286231536292
SpectralClustering,"{'n_clusters': 5, 'affinity': 'polynomial', 'assign_labels': 'kmeans', 'random_state': 5055}",-0.043506727377780996,182.83411221525654,2.940286231536292
SpectralClustering,"{'n_clusters': 5, 'affinity': 'polynomial', 'assign_labels': 'kmeans', 'random_state': 6066}",-0.043506727377780996,182.8341122152565,2.940286231536292
SpectralClustering,"{'n_clusters': 5, 'affinity': 'polynomial', 'assign_labels': 'discretize', 'random_state': 42}",0.1313841458450023,583.9159064847669,1.432653878219539
SpectralClustering,"{'n_clusters': 5, 'affinity': 'polynomial', 'assign_labels': 'discretize', 'random_state': 123}",0.1313841458450023,583.9159064847669,1.432653878219539
SpectralClustering,"{'n_clusters': 5, 'affinity': 'polynomial', 'assign_labels': 'discretize', 'random_state': 456}",0.1313841458450023,583.9159064847668,1.4326538782195393
SpectralClustering,"{'n_clusters': 5, 'affinity': 'polynomial', 'assign_labels': 'discretize', 'random_state': 789}",0.14664146464822855,760.8802779238196,1.449931164087003
SpectralClustering,"{'n_clusters': 5, 'affinity': 'polynomial', 'assign_labels': 'discretize', 'random_state': 1011}",0.1313841458450023,583.9159064847669,1.432653878219539
SpectralClustering,"{'n_clusters': 5, 'affinity': 'polynomial', 'assign_labels': 'discretize', 'random_state': 2022}",0.1313841458450023,583.9159064847669,1.4326538782195395
SpectralClustering,"{'n_clusters': 5, 'affinity': 'polynomial', 'assign_labels': 'discretize', 'random_state': 3033}",0.1313841458450023,583.9159064847669,1.4326538782195395
SpectralClustering,"{'n_clusters': 5, 'affinity': 'polynomial', 'assign_labels': 'discretize', 'random_state': 4044}",0.1313841458450023,583.9159064847668,1.4326538782195395
SpectralClustering,"{'n_clusters': 5, 'affinity': 'polynomial', 'assign_labels': 'discretize', 'random_state': 5055}",0.1313841458450023,583.9159064847669,1.432653878219539
SpectralClustering,"{'n_clusters': 5, 'affinity': 'polynomial', 'assign_labels': 'discretize', 'random_state': 6066}",0.1313841458450023,583.9159064847669,1.4326538782195395
SpectralClustering,"{'n_clusters': 5, 'affinity': 'polynomial', 'assign_labels': 'cluster_qr', 'random_state': 42}",0.24650112638777724,862.0968661203714,1.1762223481999972
SpectralClustering,"{'n_clusters': 5, 'affinity': 'polynomial', 'assign_labels': 'cluster_qr', 'random_state': 123}",0.24650112638777724,862.0968661203714,1.1762223481999972
SpectralClustering,"{'n_clusters': 5, 'affinity': 'polynomial', 'assign_labels': 'cluster_qr', 'random_state': 456}",0.24650112638777724,862.0968661203714,1.1762223481999972
SpectralClustering,"{'n_clusters': 5, 'affinity': 'polynomial', 'assign_labels': 'cluster_qr', 'random_state': 789}",0.24650112638777724,862.0968661203714,1.1762223481999972
SpectralClustering,"{'n_clusters': 5, 'affinity': 'polynomial', 'assign_labels': 'cluster_qr', 'random_state': 1011}",0.24650112638777724,862.0968661203714,1.1762223481999972
SpectralClustering,"{'n_clusters': 5, 'affinity': 'polynomial', 'assign_labels': 'cluster_qr', 'random_state': 2022}",0.24650112638777724,862.0968661203714,1.1762223481999972
SpectralClustering,"{'n_clusters': 5, 'affinity': 'polynomial', 'assign_labels': 'cluster_qr', 'random_state': 3033}",0.24650112638777724,862.0968661203714,1.1762223481999972
SpectralClustering,"{'n_clusters': 5, 'affinity': 'polynomial', 'assign_labels': 'cluster_qr', 'random_state': 4044}",0.24650112638777724,862.0968661203714,1.1762223481999972
SpectralClustering,"{'n_clusters': 5, 'affinity': 'polynomial', 'assign_labels': 'cluster_qr', 'random_state': 5055}",0.24650112638777724,862.0968661203714,1.1762223481999972
SpectralClustering,"{'n_clusters': 5, 'affinity': 'polynomial', 'assign_labels': 'cluster_qr', 'random_state': 6066}",0.24650112638777724,862.0968661203714,1.1762223481999972
SpectralClustering,"{'n_clusters': 5, 'affinity': 'poly', 'assign_labels': 'kmeans', 'random_state': 42}",-0.043953985435714285,182.30441540257283,2.910587120276934
SpectralClustering,"{'n_clusters': 5, 'affinity': 'poly', 'assign_labels': 'kmeans', 'random_state': 123}",-0.043506727377780996,182.8341122152565,2.9402862315362914
SpectralClustering,"{'n_clusters': 5, 'affinity': 'poly', 'assign_labels': 'kmeans', 'random_state': 456}",-0.043420589626915786,182.86374434146865,2.9076183097892567
SpectralClustering,"{'n_clusters': 5, 'affinity': 'poly', 'assign_labels': 'kmeans', 'random_state': 789}",-0.04371408849335214,182.47615751642167,2.9112602652159567
SpectralClustering,"{'n_clusters': 5, 'affinity': 'poly', 'assign_labels': 'kmeans', 'random_state': 1011}",-0.043420589626915786,182.86374434146865,2.9076183097892567
SpectralClustering,"{'n_clusters': 5, 'affinity': 'poly', 'assign_labels': 'kmeans', 'random_state': 2022}",-0.051898324698447476,175.8154186437984,2.9134003466977303
SpectralClustering,"{'n_clusters': 5, 'affinity': 'poly', 'assign_labels': 'kmeans', 'random_state': 3033}",-0.043506727377780996,182.8341122152565,2.9402862315362914
SpectralClustering,"{'n_clusters': 5, 'affinity': 'poly', 'assign_labels': 'kmeans', 'random_state': 4044}",-0.043506727377780996,182.83411221525654,2.940286231536292
SpectralClustering,"{'n_clusters': 5, 'affinity': 'poly', 'assign_labels': 'kmeans', 'random_state': 5055}",-0.043506727377780996,182.83411221525654,2.940286231536292
SpectralClustering,"{'n_clusters': 5, 'affinity': 'poly', 'assign_labels': 'kmeans', 'random_state': 6066}",-0.043506727377780996,182.8341122152565,2.940286231536292
SpectralClustering,"{'n_clusters': 5, 'affinity': 'poly', 'assign_labels': 'discretize', 'random_state': 42}",0.1313841458450023,583.9159064847669,1.432653878219539
SpectralClustering,"{'n_clusters': 5, 'affinity': 'poly', 'assign_labels': 'discretize', 'random_state': 123}",0.1313841458450023,583.9159064847669,1.432653878219539
SpectralClustering,"{'n_clusters': 5, 'affinity': 'poly', 'assign_labels': 'discretize', 'random_state': 456}",0.1313841458450023,583.9159064847668,1.4326538782195393
SpectralClustering,"{'n_clusters': 5, 'affinity': 'poly', 'assign_labels': 'discretize', 'random_state': 789}",0.14664146464822855,760.8802779238196,1.449931164087003
SpectralClustering,"{'n_clusters': 5, 'affinity': 'poly', 'assign_labels': 'discretize', 'random_state': 1011}",0.1313841458450023,583.9159064847669,1.432653878219539
SpectralClustering,"{'n_clusters': 5, 'affinity': 'poly', 'assign_labels': 'discretize', 'random_state': 2022}",0.1313841458450023,583.9159064847669,1.4326538782195395
SpectralClustering,"{'n_clusters': 5, 'affinity': 'poly', 'assign_labels': 'discretize', 'random_state': 3033}",0.1313841458450023,583.9159064847669,1.4326538782195395
SpectralClustering,"{'n_clusters': 5, 'affinity': 'poly', 'assign_labels': 'discretize', 'random_state': 4044}",0.1313841458450023,583.9159064847668,1.4326538782195395
SpectralClustering,"{'n_clusters': 5, 'affinity': 'poly', 'assign_labels': 'discretize', 'random_state': 5055}",0.1313841458450023,583.9159064847669,1.432653878219539
SpectralClustering,"{'n_clusters': 5, 'affinity': 'poly', 'assign_labels': 'discretize', 'random_state': 6066}",0.1313841458450023,583.9159064847669,1.4326538782195395
SpectralClustering,"{'n_clusters': 5, 'affinity': 'poly', 'assign_labels': 'cluster_qr', 'random_state': 42}",0.24650112638777724,862.0968661203714,1.1762223481999972
SpectralClustering,"{'n_clusters': 5, 'affinity': 'poly', 'assign_labels': 'cluster_qr', 'random_state': 123}",0.24650112638777724,862.0968661203714,1.1762223481999972
SpectralClustering,"{'n_clusters': 5, 'affinity': 'poly', 'assign_labels': 'cluster_qr', 'random_state': 456}",0.24650112638777724,862.0968661203714,1.1762223481999972
SpectralClustering,"{'n_clusters': 5, 'affinity': 'poly', 'assign_labels': 'cluster_qr', 'random_state': 789}",0.24650112638777724,862.0968661203714,1.1762223481999972
SpectralClustering,"{'n_clusters': 5, 'affinity': 'poly', 'assign_labels': 'cluster_qr', 'random_state': 1011}",0.24650112638777724,862.0968661203714,1.1762223481999972
SpectralClustering,"{'n_clusters': 5, 'affinity': 'poly', 'assign_labels': 'cluster_qr', 'random_state': 2022}",0.24650112638777724,862.0968661203714,1.1762223481999972
SpectralClustering,"{'n_clusters': 5, 'affinity': 'poly', 'assign_labels': 'cluster_qr', 'random_state': 3033}",0.24650112638777724,862.0968661203714,1.1762223481999972
SpectralClustering,"{'n_clusters': 5, 'affinity': 'poly', 'assign_labels': 'cluster_qr', 'random_state': 4044}",0.24650112638777724,862.0968661203714,1.1762223481999972
SpectralClustering,"{'n_clusters': 5, 'affinity': 'poly', 'assign_labels': 'cluster_qr', 'random_state': 5055}",0.24650112638777724,862.0968661203714,1.1762223481999972
SpectralClustering,"{'n_clusters': 5, 'affinity': 'poly', 'assign_labels': 'cluster_qr', 'random_state': 6066}",0.24650112638777724,862.0968661203714,1.1762223481999972
SpectralClustering,"{'n_clusters': 5, 'affinity': 'sigmoid', 'assign_labels': 'kmeans', 'random_state': 42}",0.10373475754772121,389.950975645073,1.6283308500721865
SpectralClustering,"{'n_clusters': 5, 'affinity': 'sigmoid', 'assign_labels': 'kmeans', 'random_state': 123}",0.10301339652951343,390.1660358214595,1.627046837504204
SpectralClustering,"{'n_clusters': 5, 'affinity': 'sigmoid', 'assign_labels': 'kmeans', 'random_state': 456}",0.09996074862121272,385.9248346727203,1.645735692080733
SpectralClustering,"{'n_clusters': 5, 'affinity': 'sigmoid', 'assign_labels': 'kmeans', 'random_state': 789}",0.10195900288638325,386.27133856035186,1.6382749854010648
SpectralClustering,"{'n_clusters': 5, 'affinity': 'sigmoid', 'assign_labels': 'kmeans', 'random_state': 1011}",0.09976543975315776,385.96016772273293,1.6458412347068436
SpectralClustering,"{'n_clusters': 5, 'affinity': 'sigmoid', 'assign_labels': 'kmeans', 'random_state': 2022}",0.10065122638970393,386.0166738773158,1.6388020533767942
SpectralClustering,"{'n_clusters': 5, 'affinity': 'sigmoid', 'assign_labels': 'kmeans', 'random_state': 3033}",0.09967270948935239,386.90805476800307,1.6398680088845126
SpectralClustering,"{'n_clusters': 5, 'affinity': 'sigmoid', 'assign_labels': 'kmeans', 'random_state': 4044}",0.10304422730006552,387.7798384158978,1.6300764514476707
SpectralClustering,"{'n_clusters': 5, 'affinity': 'sigmoid', 'assign_labels': 'kmeans', 'random_state': 5055}",0.07303410378489396,337.3538417106548,1.8553874350523518
SpectralClustering,"{'n_clusters': 5, 'affinity': 'sigmoid', 'assign_labels': 'kmeans', 'random_state': 6066}",0.10403195679400071,388.7555634956403,1.6292568406396601
SpectralClustering,"{'n_clusters': 5, 'affinity': 'sigmoid', 'assign_labels': 'discretize', 'random_state': 42}",0.10652516901539365,371.2465683068032,1.6522281594954116
SpectralClustering,"{'n_clusters': 5, 'affinity': 'sigmoid', 'assign_labels': 'discretize', 'random_state': 123}",0.09594222219476121,347.0593409825557,1.7482486919588958
SpectralClustering,"{'n_clusters': 5, 'affinity': 'sigmoid', 'assign_labels': 'discretize', 'random_state': 456}",0.11983106081983788,398.7073414895753,1.6070253886395363
SpectralClustering,"{'n_clusters': 5, 'affinity': 'sigmoid', 'assign_labels': 'discretize', 'random_state': 789}",0.08023001671514295,332.0262120745334,1.8918842929944617
SpectralClustering,"{'n_clusters': 5, 'affinity': 'sigmoid', 'assign_labels': 'discretize', 'random_state': 1011}",0.08948707322571302,339.9032811239414,1.7634399470912885
SpectralClustering,"{'n_clusters': 5, 'affinity': 'sigmoid', 'assign_labels': 'discretize', 'random_state': 2022}",0.08676736984566534,327.71478691870107,1.8387807770249023
SpectralClustering,"{'n_clusters': 5, 'affinity': 'sigmoid', 'assign_labels': 'discretize', 'random_state': 3033}",0.08957928427201911,316.99371660072,2.00200927820423
SpectralClustering,"{'n_clusters': 5, 'affinity': 'sigmoid', 'assign_labels': 'discretize', 'random_state': 4044}",0.10168861284473713,334.96013133043044,1.9677200170877902
SpectralClustering,"{'n_clusters': 5, 'affinity': 'sigmoid', 'assign_labels': 'discretize', 'random_state': 5055}",0.09597109495753776,343.11586198970986,1.7769176034186198
SpectralClustering,"{'n_clusters': 5, 'affinity': 'sigmoid', 'assign_labels': 'discretize', 'random_state': 6066}",0.09050935496840257,316.31776191960967,1.9990051761786567
SpectralClustering,"{'n_clusters': 5, 'affinity': 'sigmoid', 'assign_labels': 'cluster_qr', 'random_state': 42}",0.06872704626975969,284.78304660651975,2.038440471864514
SpectralClustering,"{'n_clusters': 5, 'affinity': 'sigmoid', 'assign_labels': 'cluster_qr', 'random_state': 123}",0.06872704626975969,284.78304660651975,2.038440471864514
SpectralClustering,"{'n_clusters': 5, 'affinity': 'sigmoid', 'assign_labels': 'cluster_qr', 'random_state': 456}",0.06872704626975969,284.78304660651975,2.038440471864514
SpectralClustering,"{'n_clusters': 5, 'affinity': 'sigmoid', 'assign_labels': 'cluster_qr', 'random_state': 789}",0.06872704626975969,284.78304660651975,2.038440471864514
SpectralClustering,"{'n_clusters': 5, 'affinity': 'sigmoid', 'assign_labels': 'cluster_qr', 'random_state': 1011}",0.06872704626975969,284.78304660651975,2.038440471864514
SpectralClustering,"{'n_clusters': 5, 'affinity': 'sigmoid', 'assign_labels': 'cluster_qr', 'random_state': 2022}",0.06872704626975969,284.78304660651975,2.038440471864514
SpectralClustering,"{'n_clusters': 5, 'affinity': 'sigmoid', 'assign_labels': 'cluster_qr', 'random_state': 3033}",0.06872704626975969,284.78304660651975,2.038440471864514
SpectralClustering,"{'n_clusters': 5, 'affinity': 'sigmoid', 'assign_labels': 'cluster_qr', 'random_state': 4044}",0.06872704626975969,284.78304660651975,2.038440471864514
SpectralClustering,"{'n_clusters': 5, 'affinity': 'sigmoid', 'assign_labels': 'cluster_qr', 'random_state': 5055}",0.06872704626975969,284.78304660651975,2.038440471864514
SpectralClustering,"{'n_clusters': 5, 'affinity': 'sigmoid', 'assign_labels': 'cluster_qr', 'random_state': 6066}",0.06872704626975969,284.78304660651975,2.038440471864514
SpectralClustering,"{'n_clusters': 6, 'affinity': 'rbf', 'assign_labels': 'kmeans', 'random_state': 42}",0.3095385257994729,130.30139041691123,1.248211773364814
SpectralClustering,"{'n_clusters': 6, 'affinity': 'rbf', 'assign_labels': 'kmeans', 'random_state': 123}",0.3095385257994729,130.30139041691123,1.248211773364814
SpectralClustering,"{'n_clusters': 6, 'affinity': 'rbf', 'assign_labels': 'kmeans', 'random_state': 456}",0.3088355657195245,129.27958582616563,1.2491643144136273
SpectralClustering,"{'n_clusters': 6, 'affinity': 'rbf', 'assign_labels': 'kmeans', 'random_state': 789}",0.3095385257994729,130.30139041691123,1.248211773364814
SpectralClustering,"{'n_clusters': 6, 'affinity': 'rbf', 'assign_labels': 'kmeans', 'random_state': 1011}",0.3095385257994729,130.30139041691123,1.248211773364814
SpectralClustering,"{'n_clusters': 6, 'affinity': 'rbf', 'assign_labels': 'kmeans', 'random_state': 2022}",0.3095385257994729,130.30139041691123,1.248211773364814
SpectralClustering,"{'n_clusters': 6, 'affinity': 'rbf', 'assign_labels': 'kmeans', 'random_state': 3033}",0.3095385257994729,130.30139041691123,1.2482117733648141
SpectralClustering,"{'n_clusters': 6, 'affinity': 'rbf', 'assign_labels': 'kmeans', 'random_state': 4044}",0.3095385257994729,130.30139041691123,1.248211773364814
SpectralClustering,"{'n_clusters': 6, 'affinity': 'rbf', 'assign_labels': 'kmeans', 'random_state': 5055}",0.3088355657195245,129.27958582616563,1.249164314413627
SpectralClustering,"{'n_clusters': 6, 'affinity': 'rbf', 'assign_labels': 'kmeans', 'random_state': 6066}",0.3095385257994729,130.30139041691126,1.2482117733648141
SpectralClustering,"{'n_clusters': 6, 'affinity': 'rbf', 'assign_labels': 'discretize', 'random_state': 42}",0.3586478879215174,428.5414797959244,1.2780875553301236
SpectralClustering,"{'n_clusters': 6, 'affinity': 'rbf', 'assign_labels': 'discretize', 'random_state': 123}",0.3586478879215174,428.5414797959244,1.2780875553301236
SpectralClustering,"{'n_clusters': 6, 'affinity': 'rbf', 'assign_labels': 'discretize', 'random_state': 456}",0.36098685771395433,426.0304296491394,1.2538256396172043
SpectralClustering,"{'n_clusters': 6, 'affinity': 'rbf', 'assign_labels': 'discretize', 'random_state': 789}",0.36144272696903607,425.80677713594713,1.2593218681949996
SpectralClustering,"{'n_clusters': 6, 'affinity': 'rbf', 'assign_labels': 'discretize', 'random_state': 1011}",0.3586478879215174,428.5414797959244,1.2780875553301236
SpectralClustering,"{'n_clusters': 6, 'affinity': 'rbf', 'assign_labels': 'discretize', 'random_state': 2022}",0.36144272696903607,425.80677713594713,1.2593218681949996
SpectralClustering,"{'n_clusters': 6, 'affinity': 'rbf', 'assign_labels': 'discretize', 'random_state': 3033}",0.36144272696903607,425.80677713594713,1.2593218681949996
SpectralClustering,"{'n_clusters': 6, 'affinity': 'rbf', 'assign_labels': 'discretize', 'random_state': 4044}",0.3586478879215174,428.5414797959244,1.2780875553301236
SpectralClustering,"{'n_clusters': 6, 'affinity': 'rbf', 'assign_labels': 'discretize', 'random_state': 5055}",0.3586478879215174,428.5414797959244,1.2780875553301236
SpectralClustering,"{'n_clusters': 6, 'affinity': 'rbf', 'assign_labels': 'discretize', 'random_state': 6066}",0.36144272696903607,425.80677713594713,1.2593218681949996
SpectralClustering,"{'n_clusters': 6, 'affinity': 'rbf', 'assign_labels': 'cluster_qr', 'random_state': 42}",0.37094408448603766,497.86293995849184,1.3256800419745134
SpectralClustering,"{'n_clusters': 6, 'affinity': 'rbf', 'assign_labels': 'cluster_qr', 'random_state': 123}",0.37094408448603766,497.86293995849184,1.3256800419745134
SpectralClustering,"{'n_clusters': 6, 'affinity': 'rbf', 'assign_labels': 'cluster_qr', 'random_state': 456}",0.37094408448603766,497.86293995849184,1.3256800419745134
SpectralClustering,"{'n_clusters': 6, 'affinity': 'rbf', 'assign_labels': 'cluster_qr', 'random_state': 789}",0.37094408448603766,497.86293995849184,1.3256800419745134
SpectralClustering,"{'n_clusters': 6, 'affinity': 'rbf', 'assign_labels': 'cluster_qr', 'random_state': 1011}",0.37094408448603766,497.86293995849184,1.3256800419745134
SpectralClustering,"{'n_clusters': 6, 'affinity': 'rbf', 'assign_labels': 'cluster_qr', 'random_state': 2022}",0.37094408448603766,497.86293995849184,1.3256800419745134
SpectralClustering,"{'n_clusters': 6, 'affinity': 'rbf', 'assign_labels': 'cluster_qr', 'random_state': 3033}",0.37094408448603766,497.86293995849184,1.3256800419745134
SpectralClustering,"{'n_clusters': 6, 'affinity': 'rbf', 'assign_labels': 'cluster_qr', 'random_state': 4044}",0.37094408448603766,497.86293995849184,1.3256800419745134
SpectralClustering,"{'n_clusters': 6, 'affinity': 'rbf', 'assign_labels': 'cluster_qr', 'random_state': 5055}",0.37094408448603766,497.86293995849184,1.3256800419745134
SpectralClustering,"{'n_clusters': 6, 'affinity': 'rbf', 'assign_labels': 'cluster_qr', 'random_state': 6066}",0.37094408448603766,497.86293995849184,1.3256800419745134
SpectralClustering,"{'n_clusters': 6, 'affinity': 'nearest_neighbors', 'assign_labels': 'kmeans', 'random_state': 42, 'n_neighbors': 5}",0.236547801818107,497.05708770248367,1.4318074138096069
SpectralClustering,"{'n_clusters': 6, 'affinity': 'nearest_neighbors', 'assign_labels': 'kmeans', 'random_state': 123, 'n_neighbors': 5}",0.2663683029916384,655.5580282706999,1.4791338455055802
SpectralClustering,"{'n_clusters': 6, 'affinity': 'nearest_neighbors', 'assign_labels': 'kmeans', 'random_state': 456, 'n_neighbors': 5}",0.2663683029916384,655.5580282707,1.4791338455055802
SpectralClustering,"{'n_clusters': 6, 'affinity': 'nearest_neighbors', 'assign_labels': 'kmeans', 'random_state': 789, 'n_neighbors': 5}",0.26915233382185616,644.3363216549724,1.5217705665880334
SpectralClustering,"{'n_clusters': 6, 'affinity': 'nearest_neighbors', 'assign_labels': 'kmeans', 'random_state': 1011, 'n_neighbors': 5}",0.22620044621329957,485.5850766164469,1.649095991759281
SpectralClustering,"{'n_clusters': 6, 'affinity': 'nearest_neighbors', 'assign_labels': 'kmeans', 'random_state': 2022, 'n_neighbors': 5}",0.2262814164700616,486.0841294264445,1.6502064495914042
SpectralClustering,"{'n_clusters': 6, 'affinity': 'nearest_neighbors', 'assign_labels': 'kmeans', 'random_state': 3033, 'n_neighbors': 5}",0.22620044621329957,485.5850766164469,1.649095991759281
SpectralClustering,"{'n_clusters': 6, 'affinity': 'nearest_neighbors', 'assign_labels': 'kmeans', 'random_state': 4044, 'n_neighbors': 5}",0.23664576133265425,496.61727671638124,1.4341403283412684
SpectralClustering,"{'n_clusters': 6, 'affinity': 'nearest_neighbors', 'assign_labels': 'kmeans', 'random_state': 5055, 'n_neighbors': 5}",0.2663683029916384,655.5580282707,1.4791338455055802
SpectralClustering,"{'n_clusters': 6, 'affinity': 'nearest_neighbors', 'assign_labels': 'kmeans', 'random_state': 6066, 'n_neighbors': 5}",0.22620044621329957,485.5850766164469,1.649095991759281
SpectralClustering,"{'n_clusters': 6, 'affinity': 'nearest_neighbors', 'assign_labels': 'discretize', 'random_state': 42, 'n_neighbors': 5}",0.2389194817663223,498.78016878853634,1.435539075390338
SpectralClustering,"{'n_clusters': 6, 'affinity': 'nearest_neighbors', 'assign_labels': 'discretize', 'random_state': 123, 'n_neighbors': 5}",0.26259610853678794,542.7369232159865,1.5567698949287616
SpectralClustering,"{'n_clusters': 6, 'affinity': 'nearest_neighbors', 'assign_labels': 'discretize', 'random_state': 456, 'n_neighbors': 5}",0.256810265989092,505.7709006062269,1.386712427165791
SpectralClustering,"{'n_clusters': 6, 'affinity': 'nearest_neighbors', 'assign_labels': 'discretize', 'random_state': 789, 'n_neighbors': 5}",0.22625322723661864,489.61068178199275,1.652137667589568
SpectralClustering,"{'n_clusters': 6, 'affinity': 'nearest_neighbors', 'assign_labels': 'discretize', 'random_state': 1011, 'n_neighbors': 5}",0.22720028216763768,490.9895562985938,1.6528609491811939
SpectralClustering,"{'n_clusters': 6, 'affinity': 'nearest_neighbors', 'assign_labels': 'discretize', 'random_state': 2022, 'n_neighbors': 5}",0.2254624091250584,488.9674402261594,1.6533921596923147
SpectralClustering,"{'n_clusters': 6, 'affinity': 'nearest_neighbors', 'assign_labels': 'discretize', 'random_state': 3033, 'n_neighbors': 5}",0.22768235172309081,491.4648433423096,1.6508020758342832
SpectralClustering,"{'n_clusters': 6, 'affinity': 'nearest_neighbors', 'assign_labels': 'discretize', 'random_state': 4044, 'n_neighbors': 5}",0.255186511643492,556.6814217077034,1.4786716453334392
SpectralClustering,"{'n_clusters': 6, 'affinity': 'nearest_neighbors', 'assign_labels': 'discretize', 'random_state': 5055, 'n_neighbors': 5}",0.24757777703414996,547.0541082566318,1.4854075344297037
SpectralClustering,"{'n_clusters': 6, 'affinity': 'nearest_neighbors', 'assign_labels': 'discretize', 'random_state': 6066, 'n_neighbors': 5}",0.2636431066266342,518.5862158077578,1.849170849449701
SpectralClustering,"{'n_clusters': 6, 'affinity': 'nearest_neighbors', 'assign_labels': 'cluster_qr', 'random_state': 42, 'n_neighbors': 5}",0.23856755486727801,500.7153530863063,1.427534447343497
SpectralClustering,"{'n_clusters': 6, 'affinity': 'nearest_neighbors', 'assign_labels': 'cluster_qr', 'random_state': 123, 'n_neighbors': 5}",0.19727081569160812,573.817778559103,1.9756662775270577
SpectralClustering,"{'n_clusters': 6, 'affinity': 'nearest_neighbors', 'assign_labels': 'cluster_qr', 'random_state': 456, 'n_neighbors': 5}",0.2563266561528267,679.6312596703931,1.4532517429072833
SpectralClustering,"{'n_clusters': 6, 'affinity': 'nearest_neighbors', 'assign_labels': 'cluster_qr', 'random_state': 789, 'n_neighbors': 5}",0.23881736828233868,500.9155696982395,1.4275350085765017
SpectralClustering,"{'n_clusters': 6, 'affinity': 'nearest_neighbors', 'assign_labels': 'cluster_qr', 'random_state': 1011, 'n_neighbors': 5}",0.25615553012370634,646.768859885517,1.448411534928347
SpectralClustering,"{'n_clusters': 6, 'affinity': 'nearest_neighbors', 'assign_labels': 'cluster_qr', 'random_state': 2022, 'n_neighbors': 5}",0.23870300041274867,500.27489844454016,1.4279150629904773
SpectralClustering,"{'n_clusters': 6, 'affinity': 'nearest_neighbors', 'assign_labels': 'cluster_qr', 'random_state': 3033, 'n_neighbors': 5}",0.21315722067884907,477.6088936010325,1.8091058849132953
SpectralClustering,"{'n_clusters': 6, 'affinity': 'nearest_neighbors', 'assign_labels': 'cluster_qr', 'random_state': 4044, 'n_neighbors': 5}",0.3095275200164189,821.6543488433033,1.2783296623218503
SpectralClustering,"{'n_clusters': 6, 'affinity': 'nearest_neighbors', 'assign_labels': 'cluster_qr', 'random_state': 5055, 'n_neighbors': 5}",0.1953727013135571,571.3115443141317,1.9723712687679662
SpectralClustering,"{'n_clusters': 6, 'affinity': 'nearest_neighbors', 'assign_labels': 'cluster_qr', 'random_state': 6066, 'n_neighbors': 5}",0.2506863406159083,619.9529735644936,1.493424873928851
SpectralClustering,"{'n_clusters': 6, 'affinity': 'nearest_neighbors', 'assign_labels': 'kmeans', 'random_state': 42, 'n_neighbors': 10}",0.2722128098130246,660.1924712721337,1.4920080962338707
SpectralClustering,"{'n_clusters': 6, 'affinity': 'nearest_neighbors', 'assign_labels': 'kmeans', 'random_state': 123, 'n_neighbors': 10}",0.2722128098130246,660.1924712721337,1.4920080962338707
SpectralClustering,"{'n_clusters': 6, 'affinity': 'nearest_neighbors', 'assign_labels': 'kmeans', 'random_state': 456, 'n_neighbors': 10}",0.2722128098130246,660.192471272134,1.4920080962338707
SpectralClustering,"{'n_clusters': 6, 'affinity': 'nearest_neighbors', 'assign_labels': 'kmeans', 'random_state': 789, 'n_neighbors': 10}",0.2722128098130246,660.192471272134,1.4920080962338707
SpectralClustering,"{'n_clusters': 6, 'affinity': 'nearest_neighbors', 'assign_labels': 'kmeans', 'random_state': 1011, 'n_neighbors': 10}",0.2722128098130246,660.192471272134,1.4920080962338707
SpectralClustering,"{'n_clusters': 6, 'affinity': 'nearest_neighbors', 'assign_labels': 'kmeans', 'random_state': 2022, 'n_neighbors': 10}",0.2722128098130246,660.192471272134,1.4920080962338707
SpectralClustering,"{'n_clusters': 6, 'affinity': 'nearest_neighbors', 'assign_labels': 'kmeans', 'random_state': 3033, 'n_neighbors': 10}",0.2722128098130246,660.1924712721338,1.4920080962338707
SpectralClustering,"{'n_clusters': 6, 'affinity': 'nearest_neighbors', 'assign_labels': 'kmeans', 'random_state': 4044, 'n_neighbors': 10}",0.2722128098130246,660.192471272134,1.4920080962338707
SpectralClustering,"{'n_clusters': 6, 'affinity': 'nearest_neighbors', 'assign_labels': 'kmeans', 'random_state': 5055, 'n_neighbors': 10}",0.2722128098130246,660.1924712721338,1.4920080962338707
SpectralClustering,"{'n_clusters': 6, 'affinity': 'nearest_neighbors', 'assign_labels': 'kmeans', 'random_state': 6066, 'n_neighbors': 10}",0.2722128098130246,660.1924712721338,1.4920080962338707
SpectralClustering,"{'n_clusters': 6, 'affinity': 'nearest_neighbors', 'assign_labels': 'discretize', 'random_state': 42, 'n_neighbors': 10}",0.2781313772237699,662.1642715654382,1.5831991730630979
SpectralClustering,"{'n_clusters': 6, 'affinity': 'nearest_neighbors', 'assign_labels': 'discretize', 'random_state': 123, 'n_neighbors': 10}",0.2781313772237699,662.1642715654382,1.5831991730630979
SpectralClustering,"{'n_clusters': 6, 'affinity': 'nearest_neighbors', 'assign_labels': 'discretize', 'random_state': 456, 'n_neighbors': 10}",0.2781313772237699,662.1642715654381,1.5831991730630983
SpectralClustering,"{'n_clusters': 6, 'affinity': 'nearest_neighbors', 'assign_labels': 'discretize', 'random_state': 789, 'n_neighbors': 10}",0.2781824538366911,662.7510904799097,1.5829496099408127
SpectralClustering,"{'n_clusters': 6, 'affinity': 'nearest_neighbors', 'assign_labels': 'discretize', 'random_state': 1011, 'n_neighbors': 10}",0.2781824538366911,662.7510904799096,1.5829496099408127
SpectralClustering,"{'n_clusters': 6, 'affinity': 'nearest_neighbors', 'assign_labels': 'discretize', 'random_state': 2022, 'n_neighbors': 10}",0.2781824538366911,662.7510904799097,1.5829496099408127
SpectralClustering,"{'n_clusters': 6, 'affinity': 'nearest_neighbors', 'assign_labels': 'discretize', 'random_state': 3033, 'n_neighbors': 10}",0.2781824538366911,662.7510904799097,1.5829496099408127
SpectralClustering,"{'n_clusters': 6, 'affinity': 'nearest_neighbors', 'assign_labels': 'discretize', 'random_state': 4044, 'n_neighbors': 10}",0.2781313772237699,662.1642715654381,1.5831991730630979
SpectralClustering,"{'n_clusters': 6, 'affinity': 'nearest_neighbors', 'assign_labels': 'discretize', 'random_state': 5055, 'n_neighbors': 10}",0.2781313772237699,662.1642715654382,1.5831991730630979
SpectralClustering,"{'n_clusters': 6, 'affinity': 'nearest_neighbors', 'assign_labels': 'discretize', 'random_state': 6066, 'n_neighbors': 10}",0.2781824538366911,662.7510904799096,1.5829496099408127
SpectralClustering,"{'n_clusters': 6, 'affinity': 'nearest_neighbors', 'assign_labels': 'cluster_qr', 'random_state': 42, 'n_neighbors': 10}",0.27880472182536886,660.2383233018013,1.5724166979968743
SpectralClustering,"{'n_clusters': 6, 'affinity': 'nearest_neighbors', 'assign_labels': 'cluster_qr', 'random_state': 123, 'n_neighbors': 10}",0.27880472182536886,660.2383233018013,1.5724166979968743
SpectralClustering,"{'n_clusters': 6, 'affinity': 'nearest_neighbors', 'assign_labels': 'cluster_qr', 'random_state': 456, 'n_neighbors': 10}",0.27880472182536886,660.2383233018013,1.5724166979968743
SpectralClustering,"{'n_clusters': 6, 'affinity': 'nearest_neighbors', 'assign_labels': 'cluster_qr', 'random_state': 789, 'n_neighbors': 10}",0.27880472182536886,660.2383233018013,1.5724166979968743
SpectralClustering,"{'n_clusters': 6, 'affinity': 'nearest_neighbors', 'assign_labels': 'cluster_qr', 'random_state': 1011, 'n_neighbors': 10}",0.27880472182536886,660.2383233018013,1.5724166979968743
SpectralClustering,"{'n_clusters': 6, 'affinity': 'nearest_neighbors', 'assign_labels': 'cluster_qr', 'random_state': 2022, 'n_neighbors': 10}",0.27880472182536886,660.2383233018013,1.5724166979968743
SpectralClustering,"{'n_clusters': 6, 'affinity': 'nearest_neighbors', 'assign_labels': 'cluster_qr', 'random_state': 3033, 'n_neighbors': 10}",0.27880472182536886,660.2383233018013,1.5724166979968743
SpectralClustering,"{'n_clusters': 6, 'affinity': 'nearest_neighbors', 'assign_labels': 'cluster_qr', 'random_state': 4044, 'n_neighbors': 10}",0.27880472182536886,660.2383233018013,1.5724166979968743
SpectralClustering,"{'n_clusters': 6, 'affinity': 'nearest_neighbors', 'assign_labels': 'cluster_qr', 'random_state': 5055, 'n_neighbors': 10}",0.27880472182536886,660.2383233018013,1.5724166979968743
SpectralClustering,"{'n_clusters': 6, 'affinity': 'nearest_neighbors', 'assign_labels': 'cluster_qr', 'random_state': 6066, 'n_neighbors': 10}",0.27880472182536886,660.2383233018013,1.5724166979968743
SpectralClustering,"{'n_clusters': 6, 'affinity': 'nearest_neighbors', 'assign_labels': 'kmeans', 'random_state': 42, 'n_neighbors': 15}",0.268630965238193,659.4305532528276,1.4763542300161088
SpectralClustering,"{'n_clusters': 6, 'affinity': 'nearest_neighbors', 'assign_labels': 'kmeans', 'random_state': 123, 'n_neighbors': 15}",0.268630965238193,659.4305532528276,1.476354230016109
SpectralClustering,"{'n_clusters': 6, 'affinity': 'nearest_neighbors', 'assign_labels': 'kmeans', 'random_state': 456, 'n_neighbors': 15}",0.268630965238193,659.4305532528276,1.4763542300161088
SpectralClustering,"{'n_clusters': 6, 'affinity': 'nearest_neighbors', 'assign_labels': 'kmeans', 'random_state': 789, 'n_neighbors': 15}",0.268630965238193,659.4305532528275,1.476354230016109
SpectralClustering,"{'n_clusters': 6, 'affinity': 'nearest_neighbors', 'assign_labels': 'kmeans', 'random_state': 1011, 'n_neighbors': 15}",0.268630965238193,659.4305532528276,1.4763542300161088
SpectralClustering,"{'n_clusters': 6, 'affinity': 'nearest_neighbors', 'assign_labels': 'kmeans', 'random_state': 2022, 'n_neighbors': 15}",0.268630965238193,659.4305532528276,1.4763542300161088
SpectralClustering,"{'n_clusters': 6, 'affinity': 'nearest_neighbors', 'assign_labels': 'kmeans', 'random_state': 3033, 'n_neighbors': 15}",0.268630965238193,659.4305532528277,1.4763542300161088
SpectralClustering,"{'n_clusters': 6, 'affinity': 'nearest_neighbors', 'assign_labels': 'kmeans', 'random_state': 4044, 'n_neighbors': 15}",0.268630965238193,659.4305532528277,1.476354230016109
SpectralClustering,"{'n_clusters': 6, 'affinity': 'nearest_neighbors', 'assign_labels': 'kmeans', 'random_state': 5055, 'n_neighbors': 15}",0.268630965238193,659.4305532528276,1.4763542300161088
SpectralClustering,"{'n_clusters': 6, 'affinity': 'nearest_neighbors', 'assign_labels': 'kmeans', 'random_state': 6066, 'n_neighbors': 15}",0.268630965238193,659.4305532528276,1.4763542300161088
SpectralClustering,"{'n_clusters': 6, 'affinity': 'nearest_neighbors', 'assign_labels': 'discretize', 'random_state': 42, 'n_neighbors': 15}",0.27793014540354694,662.5180108802493,1.5185803688568456
SpectralClustering,"{'n_clusters': 6, 'affinity': 'nearest_neighbors', 'assign_labels': 'discretize', 'random_state': 123, 'n_neighbors': 15}",0.27793014540354694,662.5180108802493,1.5185803688568456
SpectralClustering,"{'n_clusters': 6, 'affinity': 'nearest_neighbors', 'assign_labels': 'discretize', 'random_state': 456, 'n_neighbors': 15}",0.27777289151213064,662.5273916739445,1.5183110501453108
SpectralClustering,"{'n_clusters': 6, 'affinity': 'nearest_neighbors', 'assign_labels': 'discretize', 'random_state': 789, 'n_neighbors': 15}",0.27777289151213064,662.5273916739445,1.5183110501453108
SpectralClustering,"{'n_clusters': 6, 'affinity': 'nearest_neighbors', 'assign_labels': 'discretize', 'random_state': 1011, 'n_neighbors': 15}",0.27793014540354694,662.5180108802493,1.5185803688568456
SpectralClustering,"{'n_clusters': 6, 'affinity': 'nearest_neighbors', 'assign_labels': 'discretize', 'random_state': 2022, 'n_neighbors': 15}",0.27793014540354694,662.5180108802493,1.5185803688568456
SpectralClustering,"{'n_clusters': 6, 'affinity': 'nearest_neighbors', 'assign_labels': 'discretize', 'random_state': 3033, 'n_neighbors': 15}",0.27793014540354694,662.5180108802492,1.5185803688568456
SpectralClustering,"{'n_clusters': 6, 'affinity': 'nearest_neighbors', 'assign_labels': 'discretize', 'random_state': 4044, 'n_neighbors': 15}",0.27793014540354694,662.5180108802493,1.5185803688568456
SpectralClustering,"{'n_clusters': 6, 'affinity': 'nearest_neighbors', 'assign_labels': 'discretize', 'random_state': 5055, 'n_neighbors': 15}",0.27793014540354694,662.5180108802493,1.5185803688568456
SpectralClustering,"{'n_clusters': 6, 'affinity': 'nearest_neighbors', 'assign_labels': 'discretize', 'random_state': 6066, 'n_neighbors': 15}",0.27777289151213064,662.5273916739444,1.5183110501453108
SpectralClustering,"{'n_clusters': 6, 'affinity': 'nearest_neighbors', 'assign_labels': 'cluster_qr', 'random_state': 42, 'n_neighbors': 15}",0.27880225603056374,661.6351790508002,1.5324337001353214
SpectralClustering,"{'n_clusters': 6, 'affinity': 'nearest_neighbors', 'assign_labels': 'cluster_qr', 'random_state': 123, 'n_neighbors': 15}",0.27880225603056374,661.6351790508002,1.5324337001353214
SpectralClustering,"{'n_clusters': 6, 'affinity': 'nearest_neighbors', 'assign_labels': 'cluster_qr', 'random_state': 456, 'n_neighbors': 15}",0.27880225603056374,661.6351790508002,1.5324337001353214
SpectralClustering,"{'n_clusters': 6, 'affinity': 'nearest_neighbors', 'assign_labels': 'cluster_qr', 'random_state': 789, 'n_neighbors': 15}",0.27880225603056374,661.6351790508002,1.5324337001353214
SpectralClustering,"{'n_clusters': 6, 'affinity': 'nearest_neighbors', 'assign_labels': 'cluster_qr', 'random_state': 1011, 'n_neighbors': 15}",0.27880225603056374,661.6351790508002,1.5324337001353214
SpectralClustering,"{'n_clusters': 6, 'affinity': 'nearest_neighbors', 'assign_labels': 'cluster_qr', 'random_state': 2022, 'n_neighbors': 15}",0.27880225603056374,661.6351790508002,1.5324337001353214
SpectralClustering,"{'n_clusters': 6, 'affinity': 'nearest_neighbors', 'assign_labels': 'cluster_qr', 'random_state': 3033, 'n_neighbors': 15}",0.27880225603056374,661.6351790508002,1.5324337001353214
SpectralClustering,"{'n_clusters': 6, 'affinity': 'nearest_neighbors', 'assign_labels': 'cluster_qr', 'random_state': 4044, 'n_neighbors': 15}",0.27880225603056374,661.6351790508002,1.5324337001353214
SpectralClustering,"{'n_clusters': 6, 'affinity': 'nearest_neighbors', 'assign_labels': 'cluster_qr', 'random_state': 5055, 'n_neighbors': 15}",0.27880225603056374,661.6351790508002,1.5324337001353214
SpectralClustering,"{'n_clusters': 6, 'affinity': 'nearest_neighbors', 'assign_labels': 'cluster_qr', 'random_state': 6066, 'n_neighbors': 15}",0.27880225603056374,661.6351790508002,1.5324337001353214
SpectralClustering,"{'n_clusters': 6, 'affinity': 'nearest_neighbors', 'assign_labels': 'kmeans', 'random_state': 42, 'n_neighbors': 20}",0.27570107964681406,591.880894274002,1.5151992280323754
SpectralClustering,"{'n_clusters': 6, 'affinity': 'nearest_neighbors', 'assign_labels': 'kmeans', 'random_state': 123, 'n_neighbors': 20}",0.26679113949335725,658.3719502883373,1.4705542930001752
SpectralClustering,"{'n_clusters': 6, 'affinity': 'nearest_neighbors', 'assign_labels': 'kmeans', 'random_state': 456, 'n_neighbors': 20}",0.27570107964681406,591.8808942740021,1.5151992280323754
SpectralClustering,"{'n_clusters': 6, 'affinity': 'nearest_neighbors', 'assign_labels': 'kmeans', 'random_state': 789, 'n_neighbors': 20}",0.2757222460604038,591.9365538483459,1.5144428520797988
SpectralClustering,"{'n_clusters': 6, 'affinity': 'nearest_neighbors', 'assign_labels': 'kmeans', 'random_state': 1011, 'n_neighbors': 20}",0.2668071933351065,658.5655961018786,1.469919647991788
SpectralClustering,"{'n_clusters': 6, 'affinity': 'nearest_neighbors', 'assign_labels': 'kmeans', 'random_state': 2022, 'n_neighbors': 20}",0.27570107964681406,591.8808942740021,1.5151992280323754
SpectralClustering,"{'n_clusters': 6, 'affinity': 'nearest_neighbors', 'assign_labels': 'kmeans', 'random_state': 3033, 'n_neighbors': 20}",0.2757515831747603,592.0537471474615,1.5151374972997516
SpectralClustering,"{'n_clusters': 6, 'affinity': 'nearest_neighbors', 'assign_labels': 'kmeans', 'random_state': 4044, 'n_neighbors': 20}",0.27567169441580797,591.7637365700725,1.514503388564252
SpectralClustering,"{'n_clusters': 6, 'affinity': 'nearest_neighbors', 'assign_labels': 'kmeans', 'random_state': 5055, 'n_neighbors': 20}",0.26679113949335725,658.3719502883371,1.4705542930001752
SpectralClustering,"{'n_clusters': 6, 'affinity': 'nearest_neighbors', 'assign_labels': 'kmeans', 'random_state': 6066, 'n_neighbors': 20}",0.2757515831747603,592.0537471474616,1.5151374972997516
SpectralClustering,"{'n_clusters': 6, 'affinity': 'nearest_neighbors', 'assign_labels': 'discretize', 'random_state': 42, 'n_neighbors': 20}",0.31146914004426784,828.4748632914573,1.2739202507691976
SpectralClustering,"{'n_clusters': 6, 'affinity': 'nearest_neighbors', 'assign_labels': 'discretize', 'random_state': 123, 'n_neighbors': 20}",0.27364387312891564,588.0306285301981,1.5153596840294734
SpectralClustering,"{'n_clusters': 6, 'affinity': 'nearest_neighbors', 'assign_labels': 'discretize', 'random_state': 456, 'n_neighbors': 20}",0.27364387312891564,588.0306285301978,1.5153596840294732
SpectralClustering,"{'n_clusters': 6, 'affinity': 'nearest_neighbors', 'assign_labels': 'discretize', 'random_state': 789, 'n_neighbors': 20}",0.27364387312891564,588.0306285301979,1.5153596840294734
SpectralClustering,"{'n_clusters': 6, 'affinity': 'nearest_neighbors', 'assign_labels': 'discretize', 'random_state': 1011, 'n_neighbors': 20}",0.27364387312891564,588.0306285301979,1.5153596840294734
SpectralClustering,"{'n_clusters': 6, 'affinity': 'nearest_neighbors', 'assign_labels': 'discretize', 'random_state': 2022, 'n_neighbors': 20}",0.31146914004426784,828.4748632914576,1.2739202507691976
SpectralClustering,"{'n_clusters': 6, 'affinity': 'nearest_neighbors', 'assign_labels': 'discretize', 'random_state': 3033, 'n_neighbors': 20}",0.31146914004426784,828.4748632914573,1.2739202507691978
SpectralClustering,"{'n_clusters': 6, 'affinity': 'nearest_neighbors', 'assign_labels': 'discretize', 'random_state': 4044, 'n_neighbors': 20}",0.31146914004426784,828.4748632914573,1.2739202507691978
SpectralClustering,"{'n_clusters': 6, 'affinity': 'nearest_neighbors', 'assign_labels': 'discretize', 'random_state': 5055, 'n_neighbors': 20}",0.31146914004426784,828.4748632914573,1.2739202507691978
SpectralClustering,"{'n_clusters': 6, 'affinity': 'nearest_neighbors', 'assign_labels': 'discretize', 'random_state': 6066, 'n_neighbors': 20}",0.27364387312891564,588.0306285301979,1.5153596840294734
SpectralClustering,"{'n_clusters': 6, 'affinity': 'nearest_neighbors', 'assign_labels': 'cluster_qr', 'random_state': 42, 'n_neighbors': 20}",0.2879302923828737,629.1640971219307,1.7539028717749183
SpectralClustering,"{'n_clusters': 6, 'affinity': 'nearest_neighbors', 'assign_labels': 'cluster_qr', 'random_state': 123, 'n_neighbors': 20}",0.2879302923828737,629.1640971219307,1.7539028717749183
SpectralClustering,"{'n_clusters': 6, 'affinity': 'nearest_neighbors', 'assign_labels': 'cluster_qr', 'random_state': 456, 'n_neighbors': 20}",0.2879302923828737,629.1640971219307,1.7539028717749183
SpectralClustering,"{'n_clusters': 6, 'affinity': 'nearest_neighbors', 'assign_labels': 'cluster_qr', 'random_state': 789, 'n_neighbors': 20}",0.2879302923828737,629.1640971219307,1.7539028717749183
SpectralClustering,"{'n_clusters': 6, 'affinity': 'nearest_neighbors', 'assign_labels': 'cluster_qr', 'random_state': 1011, 'n_neighbors': 20}",0.2879302923828737,629.1640971219307,1.7539028717749183
SpectralClustering,"{'n_clusters': 6, 'affinity': 'nearest_neighbors', 'assign_labels': 'cluster_qr', 'random_state': 2022, 'n_neighbors': 20}",0.2879302923828737,629.1640971219307,1.7539028717749183
SpectralClustering,"{'n_clusters': 6, 'affinity': 'nearest_neighbors', 'assign_labels': 'cluster_qr', 'random_state': 3033, 'n_neighbors': 20}",0.2879302923828737,629.1640971219307,1.7539028717749183
SpectralClustering,"{'n_clusters': 6, 'affinity': 'nearest_neighbors', 'assign_labels': 'cluster_qr', 'random_state': 4044, 'n_neighbors': 20}",0.2879302923828737,629.1640971219307,1.7539028717749183
SpectralClustering,"{'n_clusters': 6, 'affinity': 'nearest_neighbors', 'assign_labels': 'cluster_qr', 'random_state': 5055, 'n_neighbors': 20}",0.2879302923828737,629.1640971219307,1.7539028717749183
SpectralClustering,"{'n_clusters': 6, 'affinity': 'nearest_neighbors', 'assign_labels': 'cluster_qr', 'random_state': 6066, 'n_neighbors': 20}",0.2879302923828737,629.1640971219307,1.7539028717749183
SpectralClustering,"{'n_clusters': 6, 'affinity': 'nearest_neighbors', 'assign_labels': 'kmeans', 'random_state': 42, 'n_neighbors': 50}",0.3121809089816997,830.1042107439182,1.2671590965545656
SpectralClustering,"{'n_clusters': 6, 'affinity': 'nearest_neighbors', 'assign_labels': 'kmeans', 'random_state': 123, 'n_neighbors': 50}",0.3121809089816997,830.1042107439184,1.2671590965545656
SpectralClustering,"{'n_clusters': 6, 'affinity': 'nearest_neighbors', 'assign_labels': 'kmeans', 'random_state': 456, 'n_neighbors': 50}",0.3121809089816997,830.1042107439184,1.2671590965545656
SpectralClustering,"{'n_clusters': 6, 'affinity': 'nearest_neighbors', 'assign_labels': 'kmeans', 'random_state': 789, 'n_neighbors': 50}",0.3121809089816997,830.1042107439184,1.2671590965545656
SpectralClustering,"{'n_clusters': 6, 'affinity': 'nearest_neighbors', 'assign_labels': 'kmeans', 'random_state': 1011, 'n_neighbors': 50}",0.3121809089816997,830.1042107439183,1.2671590965545656
SpectralClustering,"{'n_clusters': 6, 'affinity': 'nearest_neighbors', 'assign_labels': 'kmeans', 'random_state': 2022, 'n_neighbors': 50}",0.3121809089816997,830.1042107439183,1.2671590965545656
SpectralClustering,"{'n_clusters': 6, 'affinity': 'nearest_neighbors', 'assign_labels': 'kmeans', 'random_state': 3033, 'n_neighbors': 50}",0.3121809089816997,830.1042107439183,1.2671590965545656
SpectralClustering,"{'n_clusters': 6, 'affinity': 'nearest_neighbors', 'assign_labels': 'kmeans', 'random_state': 4044, 'n_neighbors': 50}",0.3121809089816997,830.1042107439183,1.2671590965545656
SpectralClustering,"{'n_clusters': 6, 'affinity': 'nearest_neighbors', 'assign_labels': 'kmeans', 'random_state': 5055, 'n_neighbors': 50}",0.3121809089816997,830.1042107439183,1.2671590965545656
SpectralClustering,"{'n_clusters': 6, 'affinity': 'nearest_neighbors', 'assign_labels': 'kmeans', 'random_state': 6066, 'n_neighbors': 50}",0.3121809089816997,830.1042107439183,1.2671590965545656
SpectralClustering,"{'n_clusters': 6, 'affinity': 'nearest_neighbors', 'assign_labels': 'discretize', 'random_state': 42, 'n_neighbors': 50}",0.3091848553224059,825.1111465381949,1.2725759305907045
SpectralClustering,"{'n_clusters': 6, 'affinity': 'nearest_neighbors', 'assign_labels': 'discretize', 'random_state': 123, 'n_neighbors': 50}",0.3091848553224059,825.1111465381949,1.2725759305907045
SpectralClustering,"{'n_clusters': 6, 'affinity': 'nearest_neighbors', 'assign_labels': 'discretize', 'random_state': 456, 'n_neighbors': 50}",0.3091848553224059,825.1111465381948,1.2725759305907045
SpectralClustering,"{'n_clusters': 6, 'affinity': 'nearest_neighbors', 'assign_labels': 'discretize', 'random_state': 789, 'n_neighbors': 50}",0.3091848553224059,825.1111465381952,1.2725759305907045
SpectralClustering,"{'n_clusters': 6, 'affinity': 'nearest_neighbors', 'assign_labels': 'discretize', 'random_state': 1011, 'n_neighbors': 50}",0.3091848553224059,825.1111465381952,1.2725759305907045
SpectralClustering,"{'n_clusters': 6, 'affinity': 'nearest_neighbors', 'assign_labels': 'discretize', 'random_state': 2022, 'n_neighbors': 50}",0.3091848553224059,825.1111465381952,1.2725759305907045
SpectralClustering,"{'n_clusters': 6, 'affinity': 'nearest_neighbors', 'assign_labels': 'discretize', 'random_state': 3033, 'n_neighbors': 50}",0.3091848553224059,825.1111465381952,1.2725759305907045
SpectralClustering,"{'n_clusters': 6, 'affinity': 'nearest_neighbors', 'assign_labels': 'discretize', 'random_state': 4044, 'n_neighbors': 50}",0.3091848553224059,825.1111465381952,1.2725759305907045
SpectralClustering,"{'n_clusters': 6, 'affinity': 'nearest_neighbors', 'assign_labels': 'discretize', 'random_state': 5055, 'n_neighbors': 50}",0.3091848553224059,825.1111465381949,1.2725759305907045
SpectralClustering,"{'n_clusters': 6, 'affinity': 'nearest_neighbors', 'assign_labels': 'discretize', 'random_state': 6066, 'n_neighbors': 50}",0.3091848553224059,825.1111465381952,1.2725759305907045
SpectralClustering,"{'n_clusters': 6, 'affinity': 'nearest_neighbors', 'assign_labels': 'cluster_qr', 'random_state': 42, 'n_neighbors': 50}",0.3090996785084117,824.7687580971086,1.2725698386766824
SpectralClustering,"{'n_clusters': 6, 'affinity': 'nearest_neighbors', 'assign_labels': 'cluster_qr', 'random_state': 123, 'n_neighbors': 50}",0.3090996785084117,824.7687580971086,1.2725698386766824
SpectralClustering,"{'n_clusters': 6, 'affinity': 'nearest_neighbors', 'assign_labels': 'cluster_qr', 'random_state': 456, 'n_neighbors': 50}",0.3090996785084117,824.7687580971086,1.2725698386766824
SpectralClustering,"{'n_clusters': 6, 'affinity': 'nearest_neighbors', 'assign_labels': 'cluster_qr', 'random_state': 789, 'n_neighbors': 50}",0.3090996785084117,824.7687580971086,1.2725698386766824
SpectralClustering,"{'n_clusters': 6, 'affinity': 'nearest_neighbors', 'assign_labels': 'cluster_qr', 'random_state': 1011, 'n_neighbors': 50}",0.3090996785084117,824.7687580971086,1.2725698386766824
SpectralClustering,"{'n_clusters': 6, 'affinity': 'nearest_neighbors', 'assign_labels': 'cluster_qr', 'random_state': 2022, 'n_neighbors': 50}",0.3090996785084117,824.7687580971086,1.2725698386766824
SpectralClustering,"{'n_clusters': 6, 'affinity': 'nearest_neighbors', 'assign_labels': 'cluster_qr', 'random_state': 3033, 'n_neighbors': 50}",0.3090996785084117,824.7687580971086,1.2725698386766824
SpectralClustering,"{'n_clusters': 6, 'affinity': 'nearest_neighbors', 'assign_labels': 'cluster_qr', 'random_state': 4044, 'n_neighbors': 50}",0.3090996785084117,824.7687580971086,1.2725698386766824
SpectralClustering,"{'n_clusters': 6, 'affinity': 'nearest_neighbors', 'assign_labels': 'cluster_qr', 'random_state': 5055, 'n_neighbors': 50}",0.3090996785084117,824.7687580971086,1.2725698386766824
SpectralClustering,"{'n_clusters': 6, 'affinity': 'nearest_neighbors', 'assign_labels': 'cluster_qr', 'random_state': 6066, 'n_neighbors': 50}",0.3090996785084117,824.7687580971086,1.2725698386766824
SpectralClustering,"{'n_clusters': 6, 'affinity': 'nearest_neighbors', 'assign_labels': 'kmeans', 'random_state': 42, 'n_neighbors': 100}",0.3165515286462138,914.7938440085549,1.0946236735752575
SpectralClustering,"{'n_clusters': 6, 'affinity': 'nearest_neighbors', 'assign_labels': 'kmeans', 'random_state': 123, 'n_neighbors': 100}",0.3165515286462138,914.793844008555,1.0946236735752575
SpectralClustering,"{'n_clusters': 6, 'affinity': 'nearest_neighbors', 'assign_labels': 'kmeans', 'random_state': 456, 'n_neighbors': 100}",0.3165515286462138,914.793844008555,1.0946236735752575
SpectralClustering,"{'n_clusters': 6, 'affinity': 'nearest_neighbors', 'assign_labels': 'kmeans', 'random_state': 789, 'n_neighbors': 100}",0.3165515286462138,914.793844008555,1.0946236735752577
SpectralClustering,"{'n_clusters': 6, 'affinity': 'nearest_neighbors', 'assign_labels': 'kmeans', 'random_state': 1011, 'n_neighbors': 100}",0.3165515286462138,914.7938440085549,1.0946236735752577
SpectralClustering,"{'n_clusters': 6, 'affinity': 'nearest_neighbors', 'assign_labels': 'kmeans', 'random_state': 2022, 'n_neighbors': 100}",0.3165515286462138,914.7938440085551,1.0946236735752577
SpectralClustering,"{'n_clusters': 6, 'affinity': 'nearest_neighbors', 'assign_labels': 'kmeans', 'random_state': 3033, 'n_neighbors': 100}",0.3165515286462138,914.793844008555,1.0946236735752575
SpectralClustering,"{'n_clusters': 6, 'affinity': 'nearest_neighbors', 'assign_labels': 'kmeans', 'random_state': 4044, 'n_neighbors': 100}",0.3165515286462138,914.7938440085549,1.0946236735752575
SpectralClustering,"{'n_clusters': 6, 'affinity': 'nearest_neighbors', 'assign_labels': 'kmeans', 'random_state': 5055, 'n_neighbors': 100}",0.3165515286462138,914.7938440085549,1.0946236735752575
SpectralClustering,"{'n_clusters': 6, 'affinity': 'nearest_neighbors', 'assign_labels': 'kmeans', 'random_state': 6066, 'n_neighbors': 100}",0.3165515286462138,914.7938440085551,1.0946236735752575
SpectralClustering,"{'n_clusters': 6, 'affinity': 'nearest_neighbors', 'assign_labels': 'discretize', 'random_state': 42, 'n_neighbors': 100}",0.31515431784620923,915.2286567077545,1.1037113957758597
SpectralClustering,"{'n_clusters': 6, 'affinity': 'nearest_neighbors', 'assign_labels': 'discretize', 'random_state': 123, 'n_neighbors': 100}",0.3150788260971984,915.2195417870705,1.1042149583873397
SpectralClustering,"{'n_clusters': 6, 'affinity': 'nearest_neighbors', 'assign_labels': 'discretize', 'random_state': 456, 'n_neighbors': 100}",0.315315758744897,915.36972583383,1.1037745341380092
SpectralClustering,"{'n_clusters': 6, 'affinity': 'nearest_neighbors', 'assign_labels': 'discretize', 'random_state': 789, 'n_neighbors': 100}",0.31515431784620923,915.2286567077541,1.1037113957758597
SpectralClustering,"{'n_clusters': 6, 'affinity': 'nearest_neighbors', 'assign_labels': 'discretize', 'random_state': 1011, 'n_neighbors': 100}",0.31491775671517563,915.0793197717394,1.1041529752356578
SpectralClustering,"{'n_clusters': 6, 'affinity': 'nearest_neighbors', 'assign_labels': 'discretize', 'random_state': 2022, 'n_neighbors': 100}",0.315315758744897,915.36972583383,1.1037745341380092
SpectralClustering,"{'n_clusters': 6, 'affinity': 'nearest_neighbors', 'assign_labels': 'discretize', 'random_state': 3033, 'n_neighbors': 100}",0.315315758744897,915.3697258338301,1.1037745341380092
SpectralClustering,"{'n_clusters': 6, 'affinity': 'nearest_neighbors', 'assign_labels': 'discretize', 'random_state': 4044, 'n_neighbors': 100}",0.31515431784620923,915.2286567077541,1.1037113957758597
SpectralClustering,"{'n_clusters': 6, 'affinity': 'nearest_neighbors', 'assign_labels': 'discretize', 'random_state': 5055, 'n_neighbors': 100}",0.315315758744897,915.3697258338298,1.1037745341380092
SpectralClustering,"{'n_clusters': 6, 'affinity': 'nearest_neighbors', 'assign_labels': 'discretize', 'random_state': 6066, 'n_neighbors': 100}",0.315315758744897,915.3697258338301,1.1037745341380092
SpectralClustering,"{'n_clusters': 6, 'affinity': 'nearest_neighbors', 'assign_labels': 'cluster_qr', 'random_state': 42, 'n_neighbors': 100}",0.3162550976069335,914.6456711788632,1.1114945060384143
SpectralClustering,"{'n_clusters': 6, 'affinity': 'nearest_neighbors', 'assign_labels': 'cluster_qr', 'random_state': 123, 'n_neighbors': 100}",0.3162550976069335,914.6456711788632,1.1114945060384143
SpectralClustering,"{'n_clusters': 6, 'affinity': 'nearest_neighbors', 'assign_labels': 'cluster_qr', 'random_state': 456, 'n_neighbors': 100}",0.3162550976069335,914.6456711788632,1.1114945060384143
SpectralClustering,"{'n_clusters': 6, 'affinity': 'nearest_neighbors', 'assign_labels': 'cluster_qr', 'random_state': 789, 'n_neighbors': 100}",0.3162550976069335,914.6456711788632,1.1114945060384143
SpectralClustering,"{'n_clusters': 6, 'affinity': 'nearest_neighbors', 'assign_labels': 'cluster_qr', 'random_state': 1011, 'n_neighbors': 100}",0.3162550976069335,914.6456711788632,1.1114945060384143
SpectralClustering,"{'n_clusters': 6, 'affinity': 'nearest_neighbors', 'assign_labels': 'cluster_qr', 'random_state': 2022, 'n_neighbors': 100}",0.3162550976069335,914.6456711788632,1.1114945060384143
SpectralClustering,"{'n_clusters': 6, 'affinity': 'nearest_neighbors', 'assign_labels': 'cluster_qr', 'random_state': 3033, 'n_neighbors': 100}",0.3162550976069335,914.6456711788632,1.1114945060384143
SpectralClustering,"{'n_clusters': 6, 'affinity': 'nearest_neighbors', 'assign_labels': 'cluster_qr', 'random_state': 4044, 'n_neighbors': 100}",0.3162550976069335,914.6456711788632,1.1114945060384143
SpectralClustering,"{'n_clusters': 6, 'affinity': 'nearest_neighbors', 'assign_labels': 'cluster_qr', 'random_state': 5055, 'n_neighbors': 100}",0.3162550976069335,914.6456711788632,1.1114945060384143
SpectralClustering,"{'n_clusters': 6, 'affinity': 'nearest_neighbors', 'assign_labels': 'cluster_qr', 'random_state': 6066, 'n_neighbors': 100}",0.3162550976069335,914.6456711788632,1.1114945060384143
SpectralClustering,"{'n_clusters': 6, 'affinity': 'polynomial', 'assign_labels': 'kmeans', 'random_state': 42}",0.030127772343920462,287.3800732332859,2.713797296904184
SpectralClustering,"{'n_clusters': 6, 'affinity': 'polynomial', 'assign_labels': 'kmeans', 'random_state': 123}",0.030127772343920462,287.3800732332859,2.7137972969041844
SpectralClustering,"{'n_clusters': 6, 'affinity': 'polynomial', 'assign_labels': 'kmeans', 'random_state': 456}",0.030127772343920462,287.3800732332858,2.713797296904184
SpectralClustering,"{'n_clusters': 6, 'affinity': 'polynomial', 'assign_labels': 'kmeans', 'random_state': 789}",0.02978469386976135,286.90578734217496,2.713994423307996
SpectralClustering,"{'n_clusters': 6, 'affinity': 'polynomial', 'assign_labels': 'kmeans', 'random_state': 1011}",0.030127772343920462,287.3800732332859,2.713797296904184
SpectralClustering,"{'n_clusters': 6, 'affinity': 'polynomial', 'assign_labels': 'kmeans', 'random_state': 2022}",0.030127772343920462,287.3800732332858,2.713797296904184
SpectralClustering,"{'n_clusters': 6, 'affinity': 'polynomial', 'assign_labels': 'kmeans', 'random_state': 3033}",0.030127772343920462,287.3800732332859,2.7137972969041844
SpectralClustering,"{'n_clusters': 6, 'affinity': 'polynomial', 'assign_labels': 'kmeans', 'random_state': 4044}",0.030127772343920462,287.3800732332858,2.713797296904184
SpectralClustering,"{'n_clusters': 6, 'affinity': 'polynomial', 'assign_labels': 'kmeans', 'random_state': 5055}",0.030127772343920462,287.3800732332858,2.713797296904184
SpectralClustering,"{'n_clusters': 6, 'affinity': 'polynomial', 'assign_labels': 'kmeans', 'random_state': 6066}",0.030127772343920462,287.3800732332858,2.713797296904184
SpectralClustering,"{'n_clusters': 6, 'affinity': 'polynomial', 'assign_labels': 'discretize', 'random_state': 42}",0.14367094278241999,502.45424132232193,1.3802870593081744
SpectralClustering,"{'n_clusters': 6, 'affinity': 'polynomial', 'assign_labels': 'discretize', 'random_state': 123}",0.15958398422836176,651.5872347329653,1.460824020352584
SpectralClustering,"{'n_clusters': 6, 'affinity': 'polynomial', 'assign_labels': 'discretize', 'random_state': 456}",0.015687965684211637,531.5852188001501,1.5469788977059074
SpectralClustering,"{'n_clusters': 6, 'affinity': 'polynomial', 'assign_labels': 'discretize', 'random_state': 789}",-0.01194600492699831,421.6183907360058,1.5152110439817454
SpectralClustering,"{'n_clusters': 6, 'affinity': 'polynomial', 'assign_labels': 'discretize', 'random_state': 1011}",0.14353624126848133,501.9871928876798,1.3798341927067639
SpectralClustering,"{'n_clusters': 6, 'affinity': 'polynomial', 'assign_labels': 'discretize', 'random_state': 2022}",0.0630810302083612,490.38283412077146,1.3905512266762323
SpectralClustering,"{'n_clusters': 6, 'affinity': 'polynomial', 'assign_labels': 'discretize', 'random_state': 3033}",0.015687965684211637,531.5852188001501,1.5469788977059071
SpectralClustering,"{'n_clusters': 6, 'affinity': 'polynomial', 'assign_labels': 'discretize', 'random_state': 4044}",0.15597573250035388,530.7451361640968,1.576688891050532
SpectralClustering,"{'n_clusters': 6, 'affinity': 'polynomial', 'assign_labels': 'discretize', 'random_state': 5055}",0.14367094278241999,502.45424132232193,1.3802870593081744
SpectralClustering,"{'n_clusters': 6, 'affinity': 'polynomial', 'assign_labels': 'discretize', 'random_state': 6066}",0.0630810302083612,490.38283412077146,1.3905512266762319
SpectralClustering,"{'n_clusters': 6, 'affinity': 'polynomial', 'assign_labels': 'cluster_qr', 'random_state': 42}",0.2555078408242406,679.0808404723823,1.6341414482685013
SpectralClustering,"{'n_clusters': 6, 'affinity': 'polynomial', 'assign_labels': 'cluster_qr', 'random_state': 123}",0.2555078408242406,679.0808404723823,1.6341414482685013
SpectralClustering,"{'n_clusters': 6, 'affinity': 'polynomial', 'assign_labels': 'cluster_qr', 'random_state': 456}",0.2555078408242406,679.0808404723823,1.6341414482685013
SpectralClustering,"{'n_clusters': 6, 'affinity': 'polynomial', 'assign_labels': 'cluster_qr', 'random_state': 789}",0.2555078408242406,679.0808404723823,1.6341414482685013
SpectralClustering,"{'n_clusters': 6, 'affinity': 'polynomial', 'assign_labels': 'cluster_qr', 'random_state': 1011}",0.2555078408242406,679.0808404723823,1.6341414482685013
SpectralClustering,"{'n_clusters': 6, 'affinity': 'polynomial', 'assign_labels': 'cluster_qr', 'random_state': 2022}",0.2555078408242406,679.0808404723823,1.6341414482685013
SpectralClustering,"{'n_clusters': 6, 'affinity': 'polynomial', 'assign_labels': 'cluster_qr', 'random_state': 3033}",0.2555078408242406,679.0808404723823,1.6341414482685013
SpectralClustering,"{'n_clusters': 6, 'affinity': 'polynomial', 'assign_labels': 'cluster_qr', 'random_state': 4044}",0.2555078408242406,679.0808404723823,1.6341414482685013
SpectralClustering,"{'n_clusters': 6, 'affinity': 'polynomial', 'assign_labels': 'cluster_qr', 'random_state': 5055}",0.2555078408242406,679.0808404723823,1.6341414482685013
SpectralClustering,"{'n_clusters': 6, 'affinity': 'polynomial', 'assign_labels': 'cluster_qr', 'random_state': 6066}",0.2555078408242406,679.0808404723823,1.6341414482685013
SpectralClustering,"{'n_clusters': 6, 'affinity': 'poly', 'assign_labels': 'kmeans', 'random_state': 42}",0.030127772343920462,287.3800732332859,2.713797296904184
SpectralClustering,"{'n_clusters': 6, 'affinity': 'poly', 'assign_labels': 'kmeans', 'random_state': 123}",0.030127772343920462,287.3800732332859,2.7137972969041844
SpectralClustering,"{'n_clusters': 6, 'affinity': 'poly', 'assign_labels': 'kmeans', 'random_state': 456}",0.030127772343920462,287.3800732332858,2.713797296904184
SpectralClustering,"{'n_clusters': 6, 'affinity': 'poly', 'assign_labels': 'kmeans', 'random_state': 789}",0.02978469386976135,286.90578734217496,2.713994423307996
SpectralClustering,"{'n_clusters': 6, 'affinity': 'poly', 'assign_labels': 'kmeans', 'random_state': 1011}",0.030127772343920462,287.3800732332859,2.713797296904184
SpectralClustering,"{'n_clusters': 6, 'affinity': 'poly', 'assign_labels': 'kmeans', 'random_state': 2022}",0.030127772343920462,287.3800732332858,2.713797296904184
SpectralClustering,"{'n_clusters': 6, 'affinity': 'poly', 'assign_labels': 'kmeans', 'random_state': 3033}",0.030127772343920462,287.3800732332859,2.7137972969041844
SpectralClustering,"{'n_clusters': 6, 'affinity': 'poly', 'assign_labels': 'kmeans', 'random_state': 4044}",0.030127772343920462,287.3800732332858,2.713797296904184
SpectralClustering,"{'n_clusters': 6, 'affinity': 'poly', 'assign_labels': 'kmeans', 'random_state': 5055}",0.030127772343920462,287.3800732332858,2.713797296904184
SpectralClustering,"{'n_clusters': 6, 'affinity': 'poly', 'assign_labels': 'kmeans', 'random_state': 6066}",0.030127772343920462,287.3800732332858,2.713797296904184
SpectralClustering,"{'n_clusters': 6, 'affinity': 'poly', 'assign_labels': 'discretize', 'random_state': 42}",0.14367094278241999,502.45424132232193,1.3802870593081744
SpectralClustering,"{'n_clusters': 6, 'affinity': 'poly', 'assign_labels': 'discretize', 'random_state': 123}",0.15958398422836176,651.5872347329653,1.460824020352584
SpectralClustering,"{'n_clusters': 6, 'affinity': 'poly', 'assign_labels': 'discretize', 'random_state': 456}",0.015687965684211637,531.5852188001501,1.5469788977059074
SpectralClustering,"{'n_clusters': 6, 'affinity': 'poly', 'assign_labels': 'discretize', 'random_state': 789}",-0.01194600492699831,421.6183907360058,1.5152110439817454
SpectralClustering,"{'n_clusters': 6, 'affinity': 'poly', 'assign_labels': 'discretize', 'random_state': 1011}",0.14353624126848133,501.9871928876798,1.3798341927067639
SpectralClustering,"{'n_clusters': 6, 'affinity': 'poly', 'assign_labels': 'discretize', 'random_state': 2022}",0.0630810302083612,490.38283412077146,1.3905512266762323
SpectralClustering,"{'n_clusters': 6, 'affinity': 'poly', 'assign_labels': 'discretize', 'random_state': 3033}",0.015687965684211637,531.5852188001501,1.5469788977059071
SpectralClustering,"{'n_clusters': 6, 'affinity': 'poly', 'assign_labels': 'discretize', 'random_state': 4044}",0.15597573250035388,530.7451361640968,1.576688891050532
SpectralClustering,"{'n_clusters': 6, 'affinity': 'poly', 'assign_labels': 'discretize', 'random_state': 5055}",0.14367094278241999,502.45424132232193,1.3802870593081744
SpectralClustering,"{'n_clusters': 6, 'affinity': 'poly', 'assign_labels': 'discretize', 'random_state': 6066}",0.0630810302083612,490.38283412077146,1.3905512266762319
SpectralClustering,"{'n_clusters': 6, 'affinity': 'poly', 'assign_labels': 'cluster_qr', 'random_state': 42}",0.2555078408242406,679.0808404723823,1.6341414482685013
SpectralClustering,"{'n_clusters': 6, 'affinity': 'poly', 'assign_labels': 'cluster_qr', 'random_state': 123}",0.2555078408242406,679.0808404723823,1.6341414482685013
SpectralClustering,"{'n_clusters': 6, 'affinity': 'poly', 'assign_labels': 'cluster_qr', 'random_state': 456}",0.2555078408242406,679.0808404723823,1.6341414482685013
SpectralClustering,"{'n_clusters': 6, 'affinity': 'poly', 'assign_labels': 'cluster_qr', 'random_state': 789}",0.2555078408242406,679.0808404723823,1.6341414482685013
SpectralClustering,"{'n_clusters': 6, 'affinity': 'poly', 'assign_labels': 'cluster_qr', 'random_state': 1011}",0.2555078408242406,679.0808404723823,1.6341414482685013
SpectralClustering,"{'n_clusters': 6, 'affinity': 'poly', 'assign_labels': 'cluster_qr', 'random_state': 2022}",0.2555078408242406,679.0808404723823,1.6341414482685013
SpectralClustering,"{'n_clusters': 6, 'affinity': 'poly', 'assign_labels': 'cluster_qr', 'random_state': 3033}",0.2555078408242406,679.0808404723823,1.6341414482685013
SpectralClustering,"{'n_clusters': 6, 'affinity': 'poly', 'assign_labels': 'cluster_qr', 'random_state': 4044}",0.2555078408242406,679.0808404723823,1.6341414482685013
SpectralClustering,"{'n_clusters': 6, 'affinity': 'poly', 'assign_labels': 'cluster_qr', 'random_state': 5055}",0.2555078408242406,679.0808404723823,1.6341414482685013
SpectralClustering,"{'n_clusters': 6, 'affinity': 'poly', 'assign_labels': 'cluster_qr', 'random_state': 6066}",0.2555078408242406,679.0808404723823,1.6341414482685013
SpectralClustering,"{'n_clusters': 6, 'affinity': 'sigmoid', 'assign_labels': 'kmeans', 'random_state': 42}",0.141760089817021,561.4626890564897,1.2797839874343468
SpectralClustering,"{'n_clusters': 6, 'affinity': 'sigmoid', 'assign_labels': 'kmeans', 'random_state': 123}",0.1319642570722657,546.7951667033761,1.2955281569232715
SpectralClustering,"{'n_clusters': 6, 'affinity': 'sigmoid', 'assign_labels': 'kmeans', 'random_state': 456}",0.14302926939877722,559.6164847535287,1.2812042227025595
SpectralClustering,"{'n_clusters': 6, 'affinity': 'sigmoid', 'assign_labels': 'kmeans', 'random_state': 789}",0.11165348109887202,499.3339847562202,1.492962659690546
SpectralClustering,"{'n_clusters': 6, 'affinity': 'sigmoid', 'assign_labels': 'kmeans', 'random_state': 1011}",0.1427839952223397,565.3116701970181,1.2752716221241163
SpectralClustering,"{'n_clusters': 6, 'affinity': 'sigmoid', 'assign_labels': 'kmeans', 'random_state': 2022}",0.1377124073564495,553.2628989404925,1.287547092394666
SpectralClustering,"{'n_clusters': 6, 'affinity': 'sigmoid', 'assign_labels': 'kmeans', 'random_state': 3033}",0.14162312919627584,553.2472961640595,1.2907808568455243
SpectralClustering,"{'n_clusters': 6, 'affinity': 'sigmoid', 'assign_labels': 'kmeans', 'random_state': 4044}",0.13741760377941203,552.4159912654005,1.2912959413925873
SpectralClustering,"{'n_clusters': 6, 'affinity': 'sigmoid', 'assign_labels': 'kmeans', 'random_state': 5055}",0.11520758915920302,515.0094667195988,1.4412300729167906
SpectralClustering,"{'n_clusters': 6, 'affinity': 'sigmoid', 'assign_labels': 'kmeans', 'random_state': 6066}",0.13200571657142943,546.942028708527,1.2950910871321957
SpectralClustering,"{'n_clusters': 6, 'affinity': 'sigmoid', 'assign_labels': 'discretize', 'random_state': 42}",0.13694014648943473,560.3330853038716,1.3737632852255708
SpectralClustering,"{'n_clusters': 6, 'affinity': 'sigmoid', 'assign_labels': 'discretize', 'random_state': 123}",0.14699986737788956,567.3925484936548,1.3432078127300597
SpectralClustering,"{'n_clusters': 6, 'affinity': 'sigmoid', 'assign_labels': 'discretize', 'random_state': 456}",0.14001875336132574,550.2640556018657,1.4102015331565745
SpectralClustering,"{'n_clusters': 6, 'affinity': 'sigmoid', 'assign_labels': 'discretize', 'random_state': 789}",0.1306734156232785,533.8262013679957,1.516547010109189
SpectralClustering,"{'n_clusters': 6, 'affinity': 'sigmoid', 'assign_labels': 'discretize', 'random_state': 1011}",0.14892343772206929,570.3778492546129,1.34203093210942
SpectralClustering,"{'n_clusters': 6, 'affinity': 'sigmoid', 'assign_labels': 'discretize', 'random_state': 2022}",0.14788755206748166,568.3054012646211,1.3533681243503681
SpectralClustering,"{'n_clusters': 6, 'affinity': 'sigmoid', 'assign_labels': 'discretize', 'random_state': 3033}",0.16175022631523014,570.3077947068379,1.4452678032063506
SpectralClustering,"{'n_clusters': 6, 'affinity': 'sigmoid', 'assign_labels': 'discretize', 'random_state': 4044}",0.14793386524665222,564.7527457513178,1.341045771286403
SpectralClustering,"{'n_clusters': 6, 'affinity': 'sigmoid', 'assign_labels': 'discretize', 'random_state': 5055}",0.15775465392911422,558.4746081166227,1.499414130446972
SpectralClustering,"{'n_clusters': 6, 'affinity': 'sigmoid', 'assign_labels': 'discretize', 'random_state': 6066}",0.1380997394457364,559.9317864361533,1.3725007185985962
SpectralClustering,"{'n_clusters': 6, 'affinity': 'sigmoid', 'assign_labels': 'cluster_qr', 'random_state': 42}",0.10425131347748674,449.24763528444805,1.6019796298234226
SpectralClustering,"{'n_clusters': 6, 'affinity': 'sigmoid', 'assign_labels': 'cluster_qr', 'random_state': 123}",0.10425131347748674,449.24763528444805,1.6019796298234226
SpectralClustering,"{'n_clusters': 6, 'affinity': 'sigmoid', 'assign_labels': 'cluster_qr', 'random_state': 456}",0.10425131347748674,449.24763528444805,1.6019796298234226
SpectralClustering,"{'n_clusters': 6, 'affinity': 'sigmoid', 'assign_labels': 'cluster_qr', 'random_state': 789}",0.10425131347748674,449.24763528444805,1.6019796298234226
SpectralClustering,"{'n_clusters': 6, 'affinity': 'sigmoid', 'assign_labels': 'cluster_qr', 'random_state': 1011}",0.10425131347748674,449.24763528444805,1.6019796298234226
SpectralClustering,"{'n_clusters': 6, 'affinity': 'sigmoid', 'assign_labels': 'cluster_qr', 'random_state': 2022}",0.10425131347748674,449.24763528444805,1.6019796298234226
SpectralClustering,"{'n_clusters': 6, 'affinity': 'sigmoid', 'assign_labels': 'cluster_qr', 'random_state': 3033}",0.10425131347748674,449.24763528444805,1.6019796298234226
SpectralClustering,"{'n_clusters': 6, 'affinity': 'sigmoid', 'assign_labels': 'cluster_qr', 'random_state': 4044}",0.10425131347748674,449.24763528444805,1.6019796298234226
SpectralClustering,"{'n_clusters': 6, 'affinity': 'sigmoid', 'assign_labels': 'cluster_qr', 'random_state': 5055}",0.10425131347748674,449.24763528444805,1.6019796298234226
SpectralClustering,"{'n_clusters': 6, 'affinity': 'sigmoid', 'assign_labels': 'cluster_qr', 'random_state': 6066}",0.10425131347748674,449.24763528444805,1.6019796298234226
SpectralClustering,"{'n_clusters': 7, 'affinity': 'rbf', 'assign_labels': 'kmeans', 'random_state': 42}",0.3380442646790099,223.91249866165245,1.274261905969587
SpectralClustering,"{'n_clusters': 7, 'affinity': 'rbf', 'assign_labels': 'kmeans', 'random_state': 123}",0.3380442646790099,223.91249866165242,1.274261905969587
SpectralClustering,"{'n_clusters': 7, 'affinity': 'rbf', 'assign_labels': 'kmeans', 'random_state': 456}",0.3380442646790099,223.91249866165245,1.274261905969587
SpectralClustering,"{'n_clusters': 7, 'affinity': 'rbf', 'assign_labels': 'kmeans', 'random_state': 789}",0.3380442646790099,223.91249866165242,1.274261905969587
SpectralClustering,"{'n_clusters': 7, 'affinity': 'rbf', 'assign_labels': 'kmeans', 'random_state': 1011}",0.3380442646790099,223.91249866165245,1.274261905969587
SpectralClustering,"{'n_clusters': 7, 'affinity': 'rbf', 'assign_labels': 'kmeans', 'random_state': 2022}",0.3380442646790099,223.91249866165245,1.274261905969587
SpectralClustering,"{'n_clusters': 7, 'affinity': 'rbf', 'assign_labels': 'kmeans', 'random_state': 3033}",0.3380442646790099,223.91249866165245,1.274261905969587
SpectralClustering,"{'n_clusters': 7, 'affinity': 'rbf', 'assign_labels': 'kmeans', 'random_state': 4044}",0.3380442646790099,223.91249866165245,1.274261905969587
SpectralClustering,"{'n_clusters': 7, 'affinity': 'rbf', 'assign_labels': 'kmeans', 'random_state': 5055}",0.3380442646790099,223.91249866165248,1.274261905969587
SpectralClustering,"{'n_clusters': 7, 'affinity': 'rbf', 'assign_labels': 'kmeans', 'random_state': 6066}",0.3380442646790099,223.9124986616525,1.274261905969587
SpectralClustering,"{'n_clusters': 7, 'affinity': 'rbf', 'assign_labels': 'discretize', 'random_state': 42}",0.3563538152849028,386.81532744103555,1.256145397886333
SpectralClustering,"{'n_clusters': 7, 'affinity': 'rbf', 'assign_labels': 'discretize', 'random_state': 123}",0.3563538152849028,386.81532744103555,1.256145397886333
SpectralClustering,"{'n_clusters': 7, 'affinity': 'rbf', 'assign_labels': 'discretize', 'random_state': 456}",0.3563538152849028,386.81532744103555,1.256145397886333
SpectralClustering,"{'n_clusters': 7, 'affinity': 'rbf', 'assign_labels': 'discretize', 'random_state': 789}",0.3561160227130907,386.20361541389775,1.2559237469912474
SpectralClustering,"{'n_clusters': 7, 'affinity': 'rbf', 'assign_labels': 'discretize', 'random_state': 1011}",0.3563538152849028,386.81532744103555,1.256145397886333
SpectralClustering,"{'n_clusters': 7, 'affinity': 'rbf', 'assign_labels': 'discretize', 'random_state': 2022}",0.3561160227130907,386.20361541389775,1.2559237469912474
SpectralClustering,"{'n_clusters': 7, 'affinity': 'rbf', 'assign_labels': 'discretize', 'random_state': 3033}",0.3561160227130907,386.20361541389775,1.2559237469912474
SpectralClustering,"{'n_clusters': 7, 'affinity': 'rbf', 'assign_labels': 'discretize', 'random_state': 4044}",0.3563538152849028,386.81532744103555,1.256145397886333
SpectralClustering,"{'n_clusters': 7, 'affinity': 'rbf', 'assign_labels': 'discretize', 'random_state': 5055}",0.3563538152849028,386.81532744103555,1.256145397886333
SpectralClustering,"{'n_clusters': 7, 'affinity': 'rbf', 'assign_labels': 'discretize', 'random_state': 6066}",0.3563538152849028,386.81532744103555,1.256145397886333
SpectralClustering,"{'n_clusters': 7, 'affinity': 'rbf', 'assign_labels': 'cluster_qr', 'random_state': 42}",0.37442116680436416,449.84027155402276,1.3136503312259344
SpectralClustering,"{'n_clusters': 7, 'affinity': 'rbf', 'assign_labels': 'cluster_qr', 'random_state': 123}",0.37442116680436416,449.84027155402276,1.3136503312259344
SpectralClustering,"{'n_clusters': 7, 'affinity': 'rbf', 'assign_labels': 'cluster_qr', 'random_state': 456}",0.37442116680436416,449.84027155402276,1.3136503312259344
SpectralClustering,"{'n_clusters': 7, 'affinity': 'rbf', 'assign_labels': 'cluster_qr', 'random_state': 789}",0.37442116680436416,449.84027155402276,1.3136503312259344
SpectralClustering,"{'n_clusters': 7, 'affinity': 'rbf', 'assign_labels': 'cluster_qr', 'random_state': 1011}",0.37442116680436416,449.84027155402276,1.3136503312259344
SpectralClustering,"{'n_clusters': 7, 'affinity': 'rbf', 'assign_labels': 'cluster_qr', 'random_state': 2022}",0.37442116680436416,449.84027155402276,1.3136503312259344
SpectralClustering,"{'n_clusters': 7, 'affinity': 'rbf', 'assign_labels': 'cluster_qr', 'random_state': 3033}",0.37442116680436416,449.84027155402276,1.3136503312259344
SpectralClustering,"{'n_clusters': 7, 'affinity': 'rbf', 'assign_labels': 'cluster_qr', 'random_state': 4044}",0.37442116680436416,449.84027155402276,1.3136503312259344
SpectralClustering,"{'n_clusters': 7, 'affinity': 'rbf', 'assign_labels': 'cluster_qr', 'random_state': 5055}",0.37442116680436416,449.84027155402276,1.3136503312259344
SpectralClustering,"{'n_clusters': 7, 'affinity': 'rbf', 'assign_labels': 'cluster_qr', 'random_state': 6066}",0.37442116680436416,449.84027155402276,1.3136503312259344
SpectralClustering,"{'n_clusters': 7, 'affinity': 'nearest_neighbors', 'assign_labels': 'kmeans', 'random_state': 42, 'n_neighbors': 5}",0.25171537115325293,503.02704744383556,1.2303279905132294
SpectralClustering,"{'n_clusters': 7, 'affinity': 'nearest_neighbors', 'assign_labels': 'kmeans', 'random_state': 123, 'n_neighbors': 5}",0.26464423205084464,693.0368832527244,1.2790438418149055
SpectralClustering,"{'n_clusters': 7, 'affinity': 'nearest_neighbors', 'assign_labels': 'kmeans', 'random_state': 456, 'n_neighbors': 5}",0.31760167079860796,797.3575064371055,1.3968829042204651
SpectralClustering,"{'n_clusters': 7, 'affinity': 'nearest_neighbors', 'assign_labels': 'kmeans', 'random_state': 789, 'n_neighbors': 5}",0.31760167079860796,797.3575064371055,1.396882904220465
SpectralClustering,"{'n_clusters': 7, 'affinity': 'nearest_neighbors', 'assign_labels': 'kmeans', 'random_state': 1011, 'n_neighbors': 5}",0.31760167079860796,797.3575064371055,1.3968829042204651
SpectralClustering,"{'n_clusters': 7, 'affinity': 'nearest_neighbors', 'assign_labels': 'kmeans', 'random_state': 2022, 'n_neighbors': 5}",0.31760167079860796,797.3575064371053,1.396882904220465
SpectralClustering,"{'n_clusters': 7, 'affinity': 'nearest_neighbors', 'assign_labels': 'kmeans', 'random_state': 3033, 'n_neighbors': 5}",0.24587703939951058,493.03749179999954,1.480767502322194
SpectralClustering,"{'n_clusters': 7, 'affinity': 'nearest_neighbors', 'assign_labels': 'kmeans', 'random_state': 4044, 'n_neighbors': 5}",0.2516997751274616,502.5818261317501,1.2318947060867025
SpectralClustering,"{'n_clusters': 7, 'affinity': 'nearest_neighbors', 'assign_labels': 'kmeans', 'random_state': 5055, 'n_neighbors': 5}",0.2457284394524347,492.86273214627136,1.480901346805921
SpectralClustering,"{'n_clusters': 7, 'affinity': 'nearest_neighbors', 'assign_labels': 'kmeans', 'random_state': 6066, 'n_neighbors': 5}",0.24597873899176165,493.28924053881383,1.4809460284037639
SpectralClustering,"{'n_clusters': 7, 'affinity': 'nearest_neighbors', 'assign_labels': 'discretize', 'random_state': 42, 'n_neighbors': 5}",0.25282431669655975,502.67959734857214,1.244975370489934
SpectralClustering,"{'n_clusters': 7, 'affinity': 'nearest_neighbors', 'assign_labels': 'discretize', 'random_state': 123, 'n_neighbors': 5}",0.24900208303938934,602.4102389812156,1.5816411438762832
SpectralClustering,"{'n_clusters': 7, 'affinity': 'nearest_neighbors', 'assign_labels': 'discretize', 'random_state': 456, 'n_neighbors': 5}",0.2997595297775453,766.0372448594754,1.3716078500156872
SpectralClustering,"{'n_clusters': 7, 'affinity': 'nearest_neighbors', 'assign_labels': 'discretize', 'random_state': 789, 'n_neighbors': 5}",0.3152761406787652,795.7180750101072,1.3901911279916788
SpectralClustering,"{'n_clusters': 7, 'affinity': 'nearest_neighbors', 'assign_labels': 'discretize', 'random_state': 1011, 'n_neighbors': 5}",0.3031531708178057,671.9398053258559,1.497019970693501
SpectralClustering,"{'n_clusters': 7, 'affinity': 'nearest_neighbors', 'assign_labels': 'discretize', 'random_state': 2022, 'n_neighbors': 5}",0.24436983525719175,495.5520496181544,1.5048286402728692
SpectralClustering,"{'n_clusters': 7, 'affinity': 'nearest_neighbors', 'assign_labels': 'discretize', 'random_state': 3033, 'n_neighbors': 5}",0.24692177173749827,497.5165564923405,1.5026536271474409
SpectralClustering,"{'n_clusters': 7, 'affinity': 'nearest_neighbors', 'assign_labels': 'discretize', 'random_state': 4044, 'n_neighbors': 5}",0.27278913927116144,559.9780257901201,1.3464366099596954
SpectralClustering,"{'n_clusters': 7, 'affinity': 'nearest_neighbors', 'assign_labels': 'discretize', 'random_state': 5055, 'n_neighbors': 5}",0.24739887489854884,498.9157371987317,1.5031921940937016
SpectralClustering,"{'n_clusters': 7, 'affinity': 'nearest_neighbors', 'assign_labels': 'discretize', 'random_state': 6066, 'n_neighbors': 5}",0.28579937723333215,544.9018093413911,1.6991728781653879
SpectralClustering,"{'n_clusters': 7, 'affinity': 'nearest_neighbors', 'assign_labels': 'cluster_qr', 'random_state': 42, 'n_neighbors': 5}",0.32913164110605586,837.3526662601935,1.1089170793910104
SpectralClustering,"{'n_clusters': 7, 'affinity': 'nearest_neighbors', 'assign_labels': 'cluster_qr', 'random_state': 123, 'n_neighbors': 5}",0.16471227425024706,521.2485399615495,1.7737679082446303
SpectralClustering,"{'n_clusters': 7, 'affinity': 'nearest_neighbors', 'assign_labels': 'cluster_qr', 'random_state': 456, 'n_neighbors': 5}",0.27332480188733693,714.5261096756192,1.2910620048496984
SpectralClustering,"{'n_clusters': 7, 'affinity': 'nearest_neighbors', 'assign_labels': 'cluster_qr', 'random_state': 789, 'n_neighbors': 5}",0.16471210550162066,441.34109205074867,1.7220961865883078
SpectralClustering,"{'n_clusters': 7, 'affinity': 'nearest_neighbors', 'assign_labels': 'cluster_qr', 'random_state': 1011, 'n_neighbors': 5}",0.24861174932769148,492.4565175503919,1.2597559884810672
SpectralClustering,"{'n_clusters': 7, 'affinity': 'nearest_neighbors', 'assign_labels': 'cluster_qr', 'random_state': 2022, 'n_neighbors': 5}",0.2528395022432115,503.9199683051238,1.2390091213885595
SpectralClustering,"{'n_clusters': 7, 'affinity': 'nearest_neighbors', 'assign_labels': 'cluster_qr', 'random_state': 3033, 'n_neighbors': 5}",0.23292906157889592,451.0056858513826,1.660868379455508
SpectralClustering,"{'n_clusters': 7, 'affinity': 'nearest_neighbors', 'assign_labels': 'cluster_qr', 'random_state': 4044, 'n_neighbors': 5}",0.3259345730037998,814.9111936658477,1.1198716537257782
SpectralClustering,"{'n_clusters': 7, 'affinity': 'nearest_neighbors', 'assign_labels': 'cluster_qr', 'random_state': 5055, 'n_neighbors': 5}",0.23724618625145352,487.27990641610273,1.9062575694829111
SpectralClustering,"{'n_clusters': 7, 'affinity': 'nearest_neighbors', 'assign_labels': 'cluster_qr', 'random_state': 6066, 'n_neighbors': 5}",0.2656839877432115,674.6593442265133,1.951923250667152
SpectralClustering,"{'n_clusters': 7, 'affinity': 'nearest_neighbors', 'assign_labels': 'kmeans', 'random_state': 42, 'n_neighbors': 10}",0.320474072540462,809.0455913623866,1.3816600606782963
SpectralClustering,"{'n_clusters': 7, 'affinity': 'nearest_neighbors', 'assign_labels': 'kmeans', 'random_state': 123, 'n_neighbors': 10}",0.320474072540462,809.0455913623866,1.3816600606782963
SpectralClustering,"{'n_clusters': 7, 'affinity': 'nearest_neighbors', 'assign_labels': 'kmeans', 'random_state': 456, 'n_neighbors': 10}",0.320474072540462,809.0455913623867,1.3816600606782963
SpectralClustering,"{'n_clusters': 7, 'affinity': 'nearest_neighbors', 'assign_labels': 'kmeans', 'random_state': 789, 'n_neighbors': 10}",0.320474072540462,809.0455913623866,1.3816600606782965
SpectralClustering,"{'n_clusters': 7, 'affinity': 'nearest_neighbors', 'assign_labels': 'kmeans', 'random_state': 1011, 'n_neighbors': 10}",0.320474072540462,809.0455913623867,1.3816600606782963
SpectralClustering,"{'n_clusters': 7, 'affinity': 'nearest_neighbors', 'assign_labels': 'kmeans', 'random_state': 2022, 'n_neighbors': 10}",0.320474072540462,809.0455913623866,1.3816600606782963
SpectralClustering,"{'n_clusters': 7, 'affinity': 'nearest_neighbors', 'assign_labels': 'kmeans', 'random_state': 3033, 'n_neighbors': 10}",0.320474072540462,809.0455913623866,1.3816600606782963
SpectralClustering,"{'n_clusters': 7, 'affinity': 'nearest_neighbors', 'assign_labels': 'kmeans', 'random_state': 4044, 'n_neighbors': 10}",0.320474072540462,809.0455913623866,1.3816600606782963
SpectralClustering,"{'n_clusters': 7, 'affinity': 'nearest_neighbors', 'assign_labels': 'kmeans', 'random_state': 5055, 'n_neighbors': 10}",0.320474072540462,809.0455913623864,1.3816600606782963
SpectralClustering,"{'n_clusters': 7, 'affinity': 'nearest_neighbors', 'assign_labels': 'kmeans', 'random_state': 6066, 'n_neighbors': 10}",0.320474072540462,809.0455913623866,1.3816600606782963
SpectralClustering,"{'n_clusters': 7, 'affinity': 'nearest_neighbors', 'assign_labels': 'discretize', 'random_state': 42, 'n_neighbors': 10}",0.31762365059233355,802.7160811175219,1.3841102338740363
SpectralClustering,"{'n_clusters': 7, 'affinity': 'nearest_neighbors', 'assign_labels': 'discretize', 'random_state': 123, 'n_neighbors': 10}",0.31771801808026706,803.1583495311133,1.3833461461768277
SpectralClustering,"{'n_clusters': 7, 'affinity': 'nearest_neighbors', 'assign_labels': 'discretize', 'random_state': 456, 'n_neighbors': 10}",0.31762365059233355,802.7160811175219,1.3841102338740363
SpectralClustering,"{'n_clusters': 7, 'affinity': 'nearest_neighbors', 'assign_labels': 'discretize', 'random_state': 789, 'n_neighbors': 10}",0.31762365059233355,802.7160811175215,1.3841102338740363
SpectralClustering,"{'n_clusters': 7, 'affinity': 'nearest_neighbors', 'assign_labels': 'discretize', 'random_state': 1011, 'n_neighbors': 10}",0.31762365059233355,802.7160811175219,1.3841102338740363
SpectralClustering,"{'n_clusters': 7, 'affinity': 'nearest_neighbors', 'assign_labels': 'discretize', 'random_state': 2022, 'n_neighbors': 10}",0.31771801808026706,803.1583495311136,1.3833461461768277
SpectralClustering,"{'n_clusters': 7, 'affinity': 'nearest_neighbors', 'assign_labels': 'discretize', 'random_state': 3033, 'n_neighbors': 10}",0.31771801808026706,803.1583495311133,1.3833461461768277
SpectralClustering,"{'n_clusters': 7, 'affinity': 'nearest_neighbors', 'assign_labels': 'discretize', 'random_state': 4044, 'n_neighbors': 10}",0.31762365059233355,802.7160811175219,1.3841102338740363
SpectralClustering,"{'n_clusters': 7, 'affinity': 'nearest_neighbors', 'assign_labels': 'discretize', 'random_state': 5055, 'n_neighbors': 10}",0.31762365059233355,802.7160811175219,1.3841102338740363
SpectralClustering,"{'n_clusters': 7, 'affinity': 'nearest_neighbors', 'assign_labels': 'discretize', 'random_state': 6066, 'n_neighbors': 10}",0.31771801808026706,803.1583495311133,1.3833461461768277
SpectralClustering,"{'n_clusters': 7, 'affinity': 'nearest_neighbors', 'assign_labels': 'cluster_qr', 'random_state': 42, 'n_neighbors': 10}",0.3175227527602218,802.346430801151,1.384075609261756
SpectralClustering,"{'n_clusters': 7, 'affinity': 'nearest_neighbors', 'assign_labels': 'cluster_qr', 'random_state': 123, 'n_neighbors': 10}",0.3175227527602218,802.346430801151,1.384075609261756
SpectralClustering,"{'n_clusters': 7, 'affinity': 'nearest_neighbors', 'assign_labels': 'cluster_qr', 'random_state': 456, 'n_neighbors': 10}",0.3175227527602218,802.346430801151,1.384075609261756
SpectralClustering,"{'n_clusters': 7, 'affinity': 'nearest_neighbors', 'assign_labels': 'cluster_qr', 'random_state': 789, 'n_neighbors': 10}",0.3175227527602218,802.346430801151,1.384075609261756
SpectralClustering,"{'n_clusters': 7, 'affinity': 'nearest_neighbors', 'assign_labels': 'cluster_qr', 'random_state': 1011, 'n_neighbors': 10}",0.3175227527602218,802.346430801151,1.384075609261756
SpectralClustering,"{'n_clusters': 7, 'affinity': 'nearest_neighbors', 'assign_labels': 'cluster_qr', 'random_state': 2022, 'n_neighbors': 10}",0.3175227527602218,802.346430801151,1.384075609261756
SpectralClustering,"{'n_clusters': 7, 'affinity': 'nearest_neighbors', 'assign_labels': 'cluster_qr', 'random_state': 3033, 'n_neighbors': 10}",0.3175227527602218,802.346430801151,1.384075609261756
SpectralClustering,"{'n_clusters': 7, 'affinity': 'nearest_neighbors', 'assign_labels': 'cluster_qr', 'random_state': 4044, 'n_neighbors': 10}",0.3175227527602218,802.346430801151,1.384075609261756
SpectralClustering,"{'n_clusters': 7, 'affinity': 'nearest_neighbors', 'assign_labels': 'cluster_qr', 'random_state': 5055, 'n_neighbors': 10}",0.3175227527602218,802.346430801151,1.384075609261756
SpectralClustering,"{'n_clusters': 7, 'affinity': 'nearest_neighbors', 'assign_labels': 'cluster_qr', 'random_state': 6066, 'n_neighbors': 10}",0.3175227527602218,802.346430801151,1.384075609261756
SpectralClustering,"{'n_clusters': 7, 'affinity': 'nearest_neighbors', 'assign_labels': 'kmeans', 'random_state': 42, 'n_neighbors': 15}",0.3200400565747014,808.2214136315785,1.3807903919709295
SpectralClustering,"{'n_clusters': 7, 'affinity': 'nearest_neighbors', 'assign_labels': 'kmeans', 'random_state': 123, 'n_neighbors': 15}",0.3200400565747014,808.2214136315785,1.3807903919709295
SpectralClustering,"{'n_clusters': 7, 'affinity': 'nearest_neighbors', 'assign_labels': 'kmeans', 'random_state': 456, 'n_neighbors': 15}",0.3200400565747014,808.2214136315783,1.3807903919709297
SpectralClustering,"{'n_clusters': 7, 'affinity': 'nearest_neighbors', 'assign_labels': 'kmeans', 'random_state': 789, 'n_neighbors': 15}",0.3200400565747014,808.2214136315785,1.3807903919709297
SpectralClustering,"{'n_clusters': 7, 'affinity': 'nearest_neighbors', 'assign_labels': 'kmeans', 'random_state': 1011, 'n_neighbors': 15}",0.3200400565747014,808.2214136315783,1.3807903919709295
SpectralClustering,"{'n_clusters': 7, 'affinity': 'nearest_neighbors', 'assign_labels': 'kmeans', 'random_state': 2022, 'n_neighbors': 15}",0.3200400565747014,808.2214136315783,1.3807903919709295
SpectralClustering,"{'n_clusters': 7, 'affinity': 'nearest_neighbors', 'assign_labels': 'kmeans', 'random_state': 3033, 'n_neighbors': 15}",0.3200400565747014,808.2214136315785,1.3807903919709297
SpectralClustering,"{'n_clusters': 7, 'affinity': 'nearest_neighbors', 'assign_labels': 'kmeans', 'random_state': 4044, 'n_neighbors': 15}",0.3200400565747014,808.2214136315783,1.3807903919709295
SpectralClustering,"{'n_clusters': 7, 'affinity': 'nearest_neighbors', 'assign_labels': 'kmeans', 'random_state': 5055, 'n_neighbors': 15}",0.3200400565747014,808.2214136315785,1.3807903919709297
SpectralClustering,"{'n_clusters': 7, 'affinity': 'nearest_neighbors', 'assign_labels': 'kmeans', 'random_state': 6066, 'n_neighbors': 15}",0.3200400565747014,808.2214136315783,1.3807903919709297
SpectralClustering,"{'n_clusters': 7, 'affinity': 'nearest_neighbors', 'assign_labels': 'discretize', 'random_state': 42, 'n_neighbors': 15}",0.31814533856714367,804.1486494554389,1.3817464134733208
SpectralClustering,"{'n_clusters': 7, 'affinity': 'nearest_neighbors', 'assign_labels': 'discretize', 'random_state': 123, 'n_neighbors': 15}",0.31814533856714367,804.1486494554389,1.3817464134733208
SpectralClustering,"{'n_clusters': 7, 'affinity': 'nearest_neighbors', 'assign_labels': 'discretize', 'random_state': 456, 'n_neighbors': 15}",0.31814533856714367,804.1486494554389,1.3817464134733208
SpectralClustering,"{'n_clusters': 7, 'affinity': 'nearest_neighbors', 'assign_labels': 'discretize', 'random_state': 789, 'n_neighbors': 15}",0.31814533856714367,804.1486494554389,1.3817464134733208
SpectralClustering,"{'n_clusters': 7, 'affinity': 'nearest_neighbors', 'assign_labels': 'discretize', 'random_state': 1011, 'n_neighbors': 15}",0.31814533856714367,804.1486494554389,1.3817464134733208
SpectralClustering,"{'n_clusters': 7, 'affinity': 'nearest_neighbors', 'assign_labels': 'discretize', 'random_state': 2022, 'n_neighbors': 15}",0.31814533856714367,804.1486494554391,1.3817464134733206
SpectralClustering,"{'n_clusters': 7, 'affinity': 'nearest_neighbors', 'assign_labels': 'discretize', 'random_state': 3033, 'n_neighbors': 15}",0.31814533856714367,804.1486494554389,1.3817464134733208
SpectralClustering,"{'n_clusters': 7, 'affinity': 'nearest_neighbors', 'assign_labels': 'discretize', 'random_state': 4044, 'n_neighbors': 15}",0.31814533856714367,804.1486494554389,1.3817464134733208
SpectralClustering,"{'n_clusters': 7, 'affinity': 'nearest_neighbors', 'assign_labels': 'discretize', 'random_state': 5055, 'n_neighbors': 15}",0.31814533856714367,804.1486494554389,1.3817464134733208
SpectralClustering,"{'n_clusters': 7, 'affinity': 'nearest_neighbors', 'assign_labels': 'discretize', 'random_state': 6066, 'n_neighbors': 15}",0.31814533856714367,804.1486494554389,1.3817464134733206
SpectralClustering,"{'n_clusters': 7, 'affinity': 'nearest_neighbors', 'assign_labels': 'cluster_qr', 'random_state': 42, 'n_neighbors': 15}",0.3179374134947698,803.4642208370552,1.381988879419115
SpectralClustering,"{'n_clusters': 7, 'affinity': 'nearest_neighbors', 'assign_labels': 'cluster_qr', 'random_state': 123, 'n_neighbors': 15}",0.3179374134947698,803.4642208370552,1.381988879419115
SpectralClustering,"{'n_clusters': 7, 'affinity': 'nearest_neighbors', 'assign_labels': 'cluster_qr', 'random_state': 456, 'n_neighbors': 15}",0.3179374134947698,803.4642208370552,1.381988879419115
SpectralClustering,"{'n_clusters': 7, 'affinity': 'nearest_neighbors', 'assign_labels': 'cluster_qr', 'random_state': 789, 'n_neighbors': 15}",0.3179374134947698,803.4642208370552,1.381988879419115
SpectralClustering,"{'n_clusters': 7, 'affinity': 'nearest_neighbors', 'assign_labels': 'cluster_qr', 'random_state': 1011, 'n_neighbors': 15}",0.3179374134947698,803.4642208370552,1.381988879419115
SpectralClustering,"{'n_clusters': 7, 'affinity': 'nearest_neighbors', 'assign_labels': 'cluster_qr', 'random_state': 2022, 'n_neighbors': 15}",0.3179374134947698,803.4642208370552,1.381988879419115
SpectralClustering,"{'n_clusters': 7, 'affinity': 'nearest_neighbors', 'assign_labels': 'cluster_qr', 'random_state': 3033, 'n_neighbors': 15}",0.3179374134947698,803.4642208370552,1.381988879419115
SpectralClustering,"{'n_clusters': 7, 'affinity': 'nearest_neighbors', 'assign_labels': 'cluster_qr', 'random_state': 4044, 'n_neighbors': 15}",0.3179374134947698,803.4642208370552,1.381988879419115
SpectralClustering,"{'n_clusters': 7, 'affinity': 'nearest_neighbors', 'assign_labels': 'cluster_qr', 'random_state': 5055, 'n_neighbors': 15}",0.3179374134947698,803.4642208370552,1.381988879419115
SpectralClustering,"{'n_clusters': 7, 'affinity': 'nearest_neighbors', 'assign_labels': 'cluster_qr', 'random_state': 6066, 'n_neighbors': 15}",0.3179374134947698,803.4642208370552,1.381988879419115
SpectralClustering,"{'n_clusters': 7, 'affinity': 'nearest_neighbors', 'assign_labels': 'kmeans', 'random_state': 42, 'n_neighbors': 20}",0.3204838586302865,808.9799356805349,1.3808469143479827
SpectralClustering,"{'n_clusters': 7, 'affinity': 'nearest_neighbors', 'assign_labels': 'kmeans', 'random_state': 123, 'n_neighbors': 20}",0.3204838586302865,808.9799356805348,1.3808469143479827
SpectralClustering,"{'n_clusters': 7, 'affinity': 'nearest_neighbors', 'assign_labels': 'kmeans', 'random_state': 456, 'n_neighbors': 20}",0.3204838586302865,808.9799356805348,1.3808469143479827
SpectralClustering,"{'n_clusters': 7, 'affinity': 'nearest_neighbors', 'assign_labels': 'kmeans', 'random_state': 789, 'n_neighbors': 20}",0.3204838586302865,808.9799356805348,1.3808469143479827
SpectralClustering,"{'n_clusters': 7, 'affinity': 'nearest_neighbors', 'assign_labels': 'kmeans', 'random_state': 1011, 'n_neighbors': 20}",0.3204838586302865,808.9799356805348,1.3808469143479827
SpectralClustering,"{'n_clusters': 7, 'affinity': 'nearest_neighbors', 'assign_labels': 'kmeans', 'random_state': 2022, 'n_neighbors': 20}",0.3204838586302865,808.9799356805348,1.3808469143479827
SpectralClustering,"{'n_clusters': 7, 'affinity': 'nearest_neighbors', 'assign_labels': 'kmeans', 'random_state': 3033, 'n_neighbors': 20}",0.3204838586302865,808.9799356805349,1.3808469143479827
SpectralClustering,"{'n_clusters': 7, 'affinity': 'nearest_neighbors', 'assign_labels': 'kmeans', 'random_state': 4044, 'n_neighbors': 20}",0.3204838586302865,808.9799356805348,1.3808469143479827
SpectralClustering,"{'n_clusters': 7, 'affinity': 'nearest_neighbors', 'assign_labels': 'kmeans', 'random_state': 5055, 'n_neighbors': 20}",0.3204838586302865,808.9799356805348,1.3808469143479827
SpectralClustering,"{'n_clusters': 7, 'affinity': 'nearest_neighbors', 'assign_labels': 'kmeans', 'random_state': 6066, 'n_neighbors': 20}",0.3204838586302865,808.9799356805349,1.380846914347983
SpectralClustering,"{'n_clusters': 7, 'affinity': 'nearest_neighbors', 'assign_labels': 'discretize', 'random_state': 42, 'n_neighbors': 20}",0.31803810828464657,804.5582044225453,1.3820435428919762
SpectralClustering,"{'n_clusters': 7, 'affinity': 'nearest_neighbors', 'assign_labels': 'discretize', 'random_state': 123, 'n_neighbors': 20}",0.31803810828464657,804.5582044225451,1.3820435428919762
SpectralClustering,"{'n_clusters': 7, 'affinity': 'nearest_neighbors', 'assign_labels': 'discretize', 'random_state': 456, 'n_neighbors': 20}",0.31803810828464657,804.5582044225451,1.3820435428919762
SpectralClustering,"{'n_clusters': 7, 'affinity': 'nearest_neighbors', 'assign_labels': 'discretize', 'random_state': 789, 'n_neighbors': 20}",0.31803810828464657,804.5582044225451,1.3820435428919762
SpectralClustering,"{'n_clusters': 7, 'affinity': 'nearest_neighbors', 'assign_labels': 'discretize', 'random_state': 1011, 'n_neighbors': 20}",0.31803810828464657,804.5582044225451,1.3820435428919762
SpectralClustering,"{'n_clusters': 7, 'affinity': 'nearest_neighbors', 'assign_labels': 'discretize', 'random_state': 2022, 'n_neighbors': 20}",0.31803810828464657,804.5582044225451,1.3820435428919762
SpectralClustering,"{'n_clusters': 7, 'affinity': 'nearest_neighbors', 'assign_labels': 'discretize', 'random_state': 3033, 'n_neighbors': 20}",0.31803810828464657,804.5582044225451,1.3820435428919762
SpectralClustering,"{'n_clusters': 7, 'affinity': 'nearest_neighbors', 'assign_labels': 'discretize', 'random_state': 4044, 'n_neighbors': 20}",0.31803810828464657,804.5582044225451,1.3820435428919762
SpectralClustering,"{'n_clusters': 7, 'affinity': 'nearest_neighbors', 'assign_labels': 'discretize', 'random_state': 5055, 'n_neighbors': 20}",0.31803810828464657,804.5582044225451,1.3820435428919762
SpectralClustering,"{'n_clusters': 7, 'affinity': 'nearest_neighbors', 'assign_labels': 'discretize', 'random_state': 6066, 'n_neighbors': 20}",0.31803810828464657,804.5582044225451,1.3820435428919762
SpectralClustering,"{'n_clusters': 7, 'affinity': 'nearest_neighbors', 'assign_labels': 'cluster_qr', 'random_state': 42, 'n_neighbors': 20}",0.31769138270405356,803.8187397420137,1.382589253602731
SpectralClustering,"{'n_clusters': 7, 'affinity': 'nearest_neighbors', 'assign_labels': 'cluster_qr', 'random_state': 123, 'n_neighbors': 20}",0.31769138270405356,803.8187397420137,1.382589253602731
SpectralClustering,"{'n_clusters': 7, 'affinity': 'nearest_neighbors', 'assign_labels': 'cluster_qr', 'random_state': 456, 'n_neighbors': 20}",0.31769138270405356,803.8187397420137,1.382589253602731
SpectralClustering,"{'n_clusters': 7, 'affinity': 'nearest_neighbors', 'assign_labels': 'cluster_qr', 'random_state': 789, 'n_neighbors': 20}",0.31769138270405356,803.8187397420137,1.382589253602731
SpectralClustering,"{'n_clusters': 7, 'affinity': 'nearest_neighbors', 'assign_labels': 'cluster_qr', 'random_state': 1011, 'n_neighbors': 20}",0.31769138270405356,803.8187397420137,1.382589253602731
SpectralClustering,"{'n_clusters': 7, 'affinity': 'nearest_neighbors', 'assign_labels': 'cluster_qr', 'random_state': 2022, 'n_neighbors': 20}",0.31769138270405356,803.8187397420137,1.382589253602731
SpectralClustering,"{'n_clusters': 7, 'affinity': 'nearest_neighbors', 'assign_labels': 'cluster_qr', 'random_state': 3033, 'n_neighbors': 20}",0.31769138270405356,803.8187397420137,1.382589253602731
SpectralClustering,"{'n_clusters': 7, 'affinity': 'nearest_neighbors', 'assign_labels': 'cluster_qr', 'random_state': 4044, 'n_neighbors': 20}",0.31769138270405356,803.8187397420137,1.382589253602731
SpectralClustering,"{'n_clusters': 7, 'affinity': 'nearest_neighbors', 'assign_labels': 'cluster_qr', 'random_state': 5055, 'n_neighbors': 20}",0.31769138270405356,803.8187397420137,1.382589253602731
SpectralClustering,"{'n_clusters': 7, 'affinity': 'nearest_neighbors', 'assign_labels': 'cluster_qr', 'random_state': 6066, 'n_neighbors': 20}",0.31769138270405356,803.8187397420137,1.382589253602731
SpectralClustering,"{'n_clusters': 7, 'affinity': 'nearest_neighbors', 'assign_labels': 'kmeans', 'random_state': 42, 'n_neighbors': 50}",0.3330067926860772,847.2533941342552,1.081342023492871
SpectralClustering,"{'n_clusters': 7, 'affinity': 'nearest_neighbors', 'assign_labels': 'kmeans', 'random_state': 123, 'n_neighbors': 50}",0.3330067926860772,847.2533941342556,1.081342023492871
SpectralClustering,"{'n_clusters': 7, 'affinity': 'nearest_neighbors', 'assign_labels': 'kmeans', 'random_state': 456, 'n_neighbors': 50}",0.3330067926860772,847.2533941342552,1.081342023492871
SpectralClustering,"{'n_clusters': 7, 'affinity': 'nearest_neighbors', 'assign_labels': 'kmeans', 'random_state': 789, 'n_neighbors': 50}",0.3330067926860772,847.2533941342554,1.0813420234928712
SpectralClustering,"{'n_clusters': 7, 'affinity': 'nearest_neighbors', 'assign_labels': 'kmeans', 'random_state': 1011, 'n_neighbors': 50}",0.3330067926860772,847.2533941342554,1.081342023492871
SpectralClustering,"{'n_clusters': 7, 'affinity': 'nearest_neighbors', 'assign_labels': 'kmeans', 'random_state': 2022, 'n_neighbors': 50}",0.3330067926860772,847.2533941342555,1.081342023492871
SpectralClustering,"{'n_clusters': 7, 'affinity': 'nearest_neighbors', 'assign_labels': 'kmeans', 'random_state': 3033, 'n_neighbors': 50}",0.3330067926860772,847.2533941342554,1.081342023492871
SpectralClustering,"{'n_clusters': 7, 'affinity': 'nearest_neighbors', 'assign_labels': 'kmeans', 'random_state': 4044, 'n_neighbors': 50}",0.3330067926860772,847.2533941342554,1.081342023492871
SpectralClustering,"{'n_clusters': 7, 'affinity': 'nearest_neighbors', 'assign_labels': 'kmeans', 'random_state': 5055, 'n_neighbors': 50}",0.3330067926860772,847.2533941342551,1.081342023492871
SpectralClustering,"{'n_clusters': 7, 'affinity': 'nearest_neighbors', 'assign_labels': 'kmeans', 'random_state': 6066, 'n_neighbors': 50}",0.3330067926860772,847.2533941342555,1.081342023492871
SpectralClustering,"{'n_clusters': 7, 'affinity': 'nearest_neighbors', 'assign_labels': 'discretize', 'random_state': 42, 'n_neighbors': 50}",0.32929186621205586,841.8909477651547,1.0909436654103954
SpectralClustering,"{'n_clusters': 7, 'affinity': 'nearest_neighbors', 'assign_labels': 'discretize', 'random_state': 123, 'n_neighbors': 50}",0.32929186621205586,841.8909477651549,1.0909436654103954
SpectralClustering,"{'n_clusters': 7, 'affinity': 'nearest_neighbors', 'assign_labels': 'discretize', 'random_state': 456, 'n_neighbors': 50}",0.32918927437644646,841.5233314810945,1.0907553285347407
SpectralClustering,"{'n_clusters': 7, 'affinity': 'nearest_neighbors', 'assign_labels': 'discretize', 'random_state': 789, 'n_neighbors': 50}",0.3292712859071093,841.7924653817392,1.0910914635854196
SpectralClustering,"{'n_clusters': 7, 'affinity': 'nearest_neighbors', 'assign_labels': 'discretize', 'random_state': 1011, 'n_neighbors': 50}",0.32918927437644646,841.5233314810945,1.0907553285347407
SpectralClustering,"{'n_clusters': 7, 'affinity': 'nearest_neighbors', 'assign_labels': 'discretize', 'random_state': 2022, 'n_neighbors': 50}",0.32929186621205586,841.8909477651549,1.0909436654103957
SpectralClustering,"{'n_clusters': 7, 'affinity': 'nearest_neighbors', 'assign_labels': 'discretize', 'random_state': 3033, 'n_neighbors': 50}",0.3292712859071093,841.7924653817392,1.0910914635854199
SpectralClustering,"{'n_clusters': 7, 'affinity': 'nearest_neighbors', 'assign_labels': 'discretize', 'random_state': 4044, 'n_neighbors': 50}",0.3291688646177035,841.4249049263891,1.090904843695
SpectralClustering,"{'n_clusters': 7, 'affinity': 'nearest_neighbors', 'assign_labels': 'discretize', 'random_state': 5055, 'n_neighbors': 50}",0.32929186621205586,841.8909477651548,1.0909436654103954
SpectralClustering,"{'n_clusters': 7, 'affinity': 'nearest_neighbors', 'assign_labels': 'discretize', 'random_state': 6066, 'n_neighbors': 50}",0.3292712859071093,841.7924653817392,1.0910914635854199
SpectralClustering,"{'n_clusters': 7, 'affinity': 'nearest_neighbors', 'assign_labels': 'cluster_qr', 'random_state': 42, 'n_neighbors': 50}",0.32917104597905406,842.3336266331745,1.092383501178792
SpectralClustering,"{'n_clusters': 7, 'affinity': 'nearest_neighbors', 'assign_labels': 'cluster_qr', 'random_state': 123, 'n_neighbors': 50}",0.32917104597905406,842.3336266331745,1.092383501178792
SpectralClustering,"{'n_clusters': 7, 'affinity': 'nearest_neighbors', 'assign_labels': 'cluster_qr', 'random_state': 456, 'n_neighbors': 50}",0.32917104597905406,842.3336266331745,1.092383501178792
SpectralClustering,"{'n_clusters': 7, 'affinity': 'nearest_neighbors', 'assign_labels': 'cluster_qr', 'random_state': 789, 'n_neighbors': 50}",0.32917104597905406,842.3336266331745,1.092383501178792
SpectralClustering,"{'n_clusters': 7, 'affinity': 'nearest_neighbors', 'assign_labels': 'cluster_qr', 'random_state': 1011, 'n_neighbors': 50}",0.32917104597905406,842.3336266331745,1.092383501178792
SpectralClustering,"{'n_clusters': 7, 'affinity': 'nearest_neighbors', 'assign_labels': 'cluster_qr', 'random_state': 2022, 'n_neighbors': 50}",0.32917104597905406,842.3336266331745,1.092383501178792
SpectralClustering,"{'n_clusters': 7, 'affinity': 'nearest_neighbors', 'assign_labels': 'cluster_qr', 'random_state': 3033, 'n_neighbors': 50}",0.32917104597905406,842.3336266331745,1.092383501178792
SpectralClustering,"{'n_clusters': 7, 'affinity': 'nearest_neighbors', 'assign_labels': 'cluster_qr', 'random_state': 4044, 'n_neighbors': 50}",0.32917104597905406,842.3336266331745,1.092383501178792
SpectralClustering,"{'n_clusters': 7, 'affinity': 'nearest_neighbors', 'assign_labels': 'cluster_qr', 'random_state': 5055, 'n_neighbors': 50}",0.32917104597905406,842.3336266331745,1.092383501178792
SpectralClustering,"{'n_clusters': 7, 'affinity': 'nearest_neighbors', 'assign_labels': 'cluster_qr', 'random_state': 6066, 'n_neighbors': 50}",0.32917104597905406,842.3336266331745,1.092383501178792
SpectralClustering,"{'n_clusters': 7, 'affinity': 'nearest_neighbors', 'assign_labels': 'kmeans', 'random_state': 42, 'n_neighbors': 100}",0.2528293099623629,833.7188363153854,1.1720099236586474
SpectralClustering,"{'n_clusters': 7, 'affinity': 'nearest_neighbors', 'assign_labels': 'kmeans', 'random_state': 123, 'n_neighbors': 100}",0.2528293099623629,833.7188363153858,1.1720099236586474
SpectralClustering,"{'n_clusters': 7, 'affinity': 'nearest_neighbors', 'assign_labels': 'kmeans', 'random_state': 456, 'n_neighbors': 100}",0.2528293099623629,833.7188363153856,1.1720099236586474
SpectralClustering,"{'n_clusters': 7, 'affinity': 'nearest_neighbors', 'assign_labels': 'kmeans', 'random_state': 789, 'n_neighbors': 100}",0.2528293099623629,833.7188363153854,1.1720099236586474
SpectralClustering,"{'n_clusters': 7, 'affinity': 'nearest_neighbors', 'assign_labels': 'kmeans', 'random_state': 1011, 'n_neighbors': 100}",0.2528293099623629,833.7188363153856,1.1720099236586474
SpectralClustering,"{'n_clusters': 7, 'affinity': 'nearest_neighbors', 'assign_labels': 'kmeans', 'random_state': 2022, 'n_neighbors': 100}",0.2528293099623629,833.7188363153854,1.1720099236586474
SpectralClustering,"{'n_clusters': 7, 'affinity': 'nearest_neighbors', 'assign_labels': 'kmeans', 'random_state': 3033, 'n_neighbors': 100}",0.2528293099623629,833.7188363153856,1.1720099236586476
SpectralClustering,"{'n_clusters': 7, 'affinity': 'nearest_neighbors', 'assign_labels': 'kmeans', 'random_state': 4044, 'n_neighbors': 100}",0.2528293099623629,833.7188363153858,1.1720099236586474
SpectralClustering,"{'n_clusters': 7, 'affinity': 'nearest_neighbors', 'assign_labels': 'kmeans', 'random_state': 5055, 'n_neighbors': 100}",0.2528293099623629,833.7188363153858,1.1720099236586474
SpectralClustering,"{'n_clusters': 7, 'affinity': 'nearest_neighbors', 'assign_labels': 'kmeans', 'random_state': 6066, 'n_neighbors': 100}",0.2528293099623629,833.7188363153854,1.1720099236586476
SpectralClustering,"{'n_clusters': 7, 'affinity': 'nearest_neighbors', 'assign_labels': 'discretize', 'random_state': 42, 'n_neighbors': 100}",0.2517456064824041,836.2100725324442,1.178477399244544
SpectralClustering,"{'n_clusters': 7, 'affinity': 'nearest_neighbors', 'assign_labels': 'discretize', 'random_state': 123, 'n_neighbors': 100}",0.2517456064824041,836.210072532444,1.1784773992445439
SpectralClustering,"{'n_clusters': 7, 'affinity': 'nearest_neighbors', 'assign_labels': 'discretize', 'random_state': 456, 'n_neighbors': 100}",0.2517456064824041,836.2100725324439,1.178477399244544
SpectralClustering,"{'n_clusters': 7, 'affinity': 'nearest_neighbors', 'assign_labels': 'discretize', 'random_state': 789, 'n_neighbors': 100}",0.251842357274874,836.2291827052478,1.1785503077489996
SpectralClustering,"{'n_clusters': 7, 'affinity': 'nearest_neighbors', 'assign_labels': 'discretize', 'random_state': 1011, 'n_neighbors': 100}",0.2517456064824041,836.210072532444,1.1784773992445439
SpectralClustering,"{'n_clusters': 7, 'affinity': 'nearest_neighbors', 'assign_labels': 'discretize', 'random_state': 2022, 'n_neighbors': 100}",0.2517456064824041,836.2100725324442,1.178477399244544
SpectralClustering,"{'n_clusters': 7, 'affinity': 'nearest_neighbors', 'assign_labels': 'discretize', 'random_state': 3033, 'n_neighbors': 100}",0.251842357274874,836.2291827052476,1.1785503077489998
SpectralClustering,"{'n_clusters': 7, 'affinity': 'nearest_neighbors', 'assign_labels': 'discretize', 'random_state': 4044, 'n_neighbors': 100}",0.2517456064824041,836.210072532444,1.178477399244544
SpectralClustering,"{'n_clusters': 7, 'affinity': 'nearest_neighbors', 'assign_labels': 'discretize', 'random_state': 5055, 'n_neighbors': 100}",0.251842357274874,836.2291827052478,1.1785503077489996
SpectralClustering,"{'n_clusters': 7, 'affinity': 'nearest_neighbors', 'assign_labels': 'discretize', 'random_state': 6066, 'n_neighbors': 100}",0.2517456064824041,836.2100725324442,1.178477399244544
SpectralClustering,"{'n_clusters': 7, 'affinity': 'nearest_neighbors', 'assign_labels': 'cluster_qr', 'random_state': 42, 'n_neighbors': 100}",0.25207074005412566,837.4404115094461,1.186527425622853
SpectralClustering,"{'n_clusters': 7, 'affinity': 'nearest_neighbors', 'assign_labels': 'cluster_qr', 'random_state': 123, 'n_neighbors': 100}",0.25207074005412566,837.4404115094461,1.186527425622853
SpectralClustering,"{'n_clusters': 7, 'affinity': 'nearest_neighbors', 'assign_labels': 'cluster_qr', 'random_state': 456, 'n_neighbors': 100}",0.25207074005412566,837.4404115094461,1.186527425622853
SpectralClustering,"{'n_clusters': 7, 'affinity': 'nearest_neighbors', 'assign_labels': 'cluster_qr', 'random_state': 789, 'n_neighbors': 100}",0.25207074005412566,837.4404115094461,1.186527425622853
SpectralClustering,"{'n_clusters': 7, 'affinity': 'nearest_neighbors', 'assign_labels': 'cluster_qr', 'random_state': 1011, 'n_neighbors': 100}",0.25207074005412566,837.4404115094461,1.186527425622853
SpectralClustering,"{'n_clusters': 7, 'affinity': 'nearest_neighbors', 'assign_labels': 'cluster_qr', 'random_state': 2022, 'n_neighbors': 100}",0.25207074005412566,837.4404115094461,1.186527425622853
SpectralClustering,"{'n_clusters': 7, 'affinity': 'nearest_neighbors', 'assign_labels': 'cluster_qr', 'random_state': 3033, 'n_neighbors': 100}",0.25207074005412566,837.4404115094461,1.186527425622853
SpectralClustering,"{'n_clusters': 7, 'affinity': 'nearest_neighbors', 'assign_labels': 'cluster_qr', 'random_state': 4044, 'n_neighbors': 100}",0.25207074005412566,837.4404115094461,1.186527425622853
SpectralClustering,"{'n_clusters': 7, 'affinity': 'nearest_neighbors', 'assign_labels': 'cluster_qr', 'random_state': 5055, 'n_neighbors': 100}",0.25207074005412566,837.4404115094461,1.186527425622853
SpectralClustering,"{'n_clusters': 7, 'affinity': 'nearest_neighbors', 'assign_labels': 'cluster_qr', 'random_state': 6066, 'n_neighbors': 100}",0.25207074005412566,837.4404115094461,1.186527425622853
SpectralClustering,"{'n_clusters': 7, 'affinity': 'polynomial', 'assign_labels': 'kmeans', 'random_state': 42}",-0.038334722725316066,142.18311806651556,2.003997414965445
SpectralClustering,"{'n_clusters': 7, 'affinity': 'polynomial', 'assign_labels': 'kmeans', 'random_state': 123}",-0.03811144814328342,142.3861131111422,1.9928777281349788
SpectralClustering,"{'n_clusters': 7, 'affinity': 'polynomial', 'assign_labels': 'kmeans', 'random_state': 456}",-0.03762164345178707,142.20887475947143,1.9964887898376105
SpectralClustering,"{'n_clusters': 7, 'affinity': 'polynomial', 'assign_labels': 'kmeans', 'random_state': 789}",-0.038106906797546906,141.85172879741688,1.9970018411675297
SpectralClustering,"{'n_clusters': 7, 'affinity': 'polynomial', 'assign_labels': 'kmeans', 'random_state': 1011}",-0.038106906797546906,141.85172879741685,1.9970018411675297
SpectralClustering,"{'n_clusters': 7, 'affinity': 'polynomial', 'assign_labels': 'kmeans', 'random_state': 2022}",-0.03827453355248352,142.20286318582507,1.9929124800684384
SpectralClustering,"{'n_clusters': 7, 'affinity': 'polynomial', 'assign_labels': 'kmeans', 'random_state': 3033}",-0.038334722725316066,142.18311806651556,2.0039974149654447
SpectralClustering,"{'n_clusters': 7, 'affinity': 'polynomial', 'assign_labels': 'kmeans', 'random_state': 4044}",-0.038118466075744165,142.37607969450684,2.0037416427053847
SpectralClustering,"{'n_clusters': 7, 'affinity': 'polynomial', 'assign_labels': 'kmeans', 'random_state': 5055}",-0.039525127293229274,141.6116021296862,1.8601775907296516
SpectralClustering,"{'n_clusters': 7, 'affinity': 'polynomial', 'assign_labels': 'kmeans', 'random_state': 6066}",-0.038118466075744165,142.37607969450684,2.0037416427053847
SpectralClustering,"{'n_clusters': 7, 'affinity': 'polynomial', 'assign_labels': 'discretize', 'random_state': 42}",0.10537138855763294,528.7293485153689,1.4543572104742757
SpectralClustering,"{'n_clusters': 7, 'affinity': 'polynomial', 'assign_labels': 'discretize', 'random_state': 123}",0.10716980016698377,620.8758561350015,1.5780067604609609
SpectralClustering,"{'n_clusters': 7, 'affinity': 'polynomial', 'assign_labels': 'discretize', 'random_state': 456}",0.10539901774186643,528.4421823666069,1.4539363353157984
SpectralClustering,"{'n_clusters': 7, 'affinity': 'polynomial', 'assign_labels': 'discretize', 'random_state': 789}",0.10537138855763294,528.7293485153689,1.4543572104742757
SpectralClustering,"{'n_clusters': 7, 'affinity': 'polynomial', 'assign_labels': 'discretize', 'random_state': 1011}",0.10525104667947482,528.0456064643101,1.4533889459109957
SpectralClustering,"{'n_clusters': 7, 'affinity': 'polynomial', 'assign_labels': 'discretize', 'random_state': 2022}",0.10525104667947482,528.0456064643101,1.453388945910996
SpectralClustering,"{'n_clusters': 7, 'affinity': 'polynomial', 'assign_labels': 'discretize', 'random_state': 3033}",0.09844506475475524,526.0404914832525,1.451876494760609
SpectralClustering,"{'n_clusters': 7, 'affinity': 'polynomial', 'assign_labels': 'discretize', 'random_state': 4044}",0.10537138855763294,528.7293485153689,1.4543572104742757
SpectralClustering,"{'n_clusters': 7, 'affinity': 'polynomial', 'assign_labels': 'discretize', 'random_state': 5055}",0.10537138855763294,528.7293485153689,1.4543572104742757
SpectralClustering,"{'n_clusters': 7, 'affinity': 'polynomial', 'assign_labels': 'discretize', 'random_state': 6066}",0.10741250189417831,636.1200702455801,1.5932778247047588
SpectralClustering,"{'n_clusters': 7, 'affinity': 'polynomial', 'assign_labels': 'cluster_qr', 'random_state': 42}",0.21391925939136183,665.9363324970062,1.319985927821055
SpectralClustering,"{'n_clusters': 7, 'affinity': 'polynomial', 'assign_labels': 'cluster_qr', 'random_state': 123}",0.21391925939136183,665.9363324970062,1.319985927821055
SpectralClustering,"{'n_clusters': 7, 'affinity': 'polynomial', 'assign_labels': 'cluster_qr', 'random_state': 456}",0.21391925939136183,665.9363324970062,1.319985927821055
SpectralClustering,"{'n_clusters': 7, 'affinity': 'polynomial', 'assign_labels': 'cluster_qr', 'random_state': 789}",0.21391925939136183,665.9363324970062,1.319985927821055
SpectralClustering,"{'n_clusters': 7, 'affinity': 'polynomial', 'assign_labels': 'cluster_qr', 'random_state': 1011}",0.21391925939136183,665.9363324970062,1.319985927821055
SpectralClustering,"{'n_clusters': 7, 'affinity': 'polynomial', 'assign_labels': 'cluster_qr', 'random_state': 2022}",0.21391925939136183,665.9363324970062,1.319985927821055
SpectralClustering,"{'n_clusters': 7, 'affinity': 'polynomial', 'assign_labels': 'cluster_qr', 'random_state': 3033}",0.21391925939136183,665.9363324970062,1.319985927821055
SpectralClustering,"{'n_clusters': 7, 'affinity': 'polynomial', 'assign_labels': 'cluster_qr', 'random_state': 4044}",0.21391925939136183,665.9363324970062,1.319985927821055
SpectralClustering,"{'n_clusters': 7, 'affinity': 'polynomial', 'assign_labels': 'cluster_qr', 'random_state': 5055}",0.21391925939136183,665.9363324970062,1.319985927821055
SpectralClustering,"{'n_clusters': 7, 'affinity': 'polynomial', 'assign_labels': 'cluster_qr', 'random_state': 6066}",0.21391925939136183,665.9363324970062,1.319985927821055
SpectralClustering,"{'n_clusters': 7, 'affinity': 'poly', 'assign_labels': 'kmeans', 'random_state': 42}",-0.038334722725316066,142.18311806651556,2.003997414965445
SpectralClustering,"{'n_clusters': 7, 'affinity': 'poly', 'assign_labels': 'kmeans', 'random_state': 123}",-0.03811144814328342,142.3861131111422,1.9928777281349788
SpectralClustering,"{'n_clusters': 7, 'affinity': 'poly', 'assign_labels': 'kmeans', 'random_state': 456}",-0.03762164345178707,142.20887475947143,1.9964887898376105
SpectralClustering,"{'n_clusters': 7, 'affinity': 'poly', 'assign_labels': 'kmeans', 'random_state': 789}",-0.038106906797546906,141.85172879741688,1.9970018411675297
SpectralClustering,"{'n_clusters': 7, 'affinity': 'poly', 'assign_labels': 'kmeans', 'random_state': 1011}",-0.038106906797546906,141.85172879741685,1.9970018411675297
SpectralClustering,"{'n_clusters': 7, 'affinity': 'poly', 'assign_labels': 'kmeans', 'random_state': 2022}",-0.03827453355248352,142.20286318582507,1.9929124800684384
SpectralClustering,"{'n_clusters': 7, 'affinity': 'poly', 'assign_labels': 'kmeans', 'random_state': 3033}",-0.038334722725316066,142.18311806651556,2.0039974149654447
SpectralClustering,"{'n_clusters': 7, 'affinity': 'poly', 'assign_labels': 'kmeans', 'random_state': 4044}",-0.038118466075744165,142.37607969450684,2.0037416427053847
SpectralClustering,"{'n_clusters': 7, 'affinity': 'poly', 'assign_labels': 'kmeans', 'random_state': 5055}",-0.039525127293229274,141.6116021296862,1.8601775907296516
SpectralClustering,"{'n_clusters': 7, 'affinity': 'poly', 'assign_labels': 'kmeans', 'random_state': 6066}",-0.038118466075744165,142.37607969450684,2.0037416427053847
SpectralClustering,"{'n_clusters': 7, 'affinity': 'poly', 'assign_labels': 'discretize', 'random_state': 42}",0.10537138855763294,528.7293485153689,1.4543572104742757
SpectralClustering,"{'n_clusters': 7, 'affinity': 'poly', 'assign_labels': 'discretize', 'random_state': 123}",0.10716980016698377,620.8758561350015,1.5780067604609609
SpectralClustering,"{'n_clusters': 7, 'affinity': 'poly', 'assign_labels': 'discretize', 'random_state': 456}",0.10539901774186643,528.4421823666069,1.4539363353157984
SpectralClustering,"{'n_clusters': 7, 'affinity': 'poly', 'assign_labels': 'discretize', 'random_state': 789}",0.10537138855763294,528.7293485153689,1.4543572104742757
SpectralClustering,"{'n_clusters': 7, 'affinity': 'poly', 'assign_labels': 'discretize', 'random_state': 1011}",0.10525104667947482,528.0456064643101,1.4533889459109957
SpectralClustering,"{'n_clusters': 7, 'affinity': 'poly', 'assign_labels': 'discretize', 'random_state': 2022}",0.10525104667947482,528.0456064643101,1.453388945910996
SpectralClustering,"{'n_clusters': 7, 'affinity': 'poly', 'assign_labels': 'discretize', 'random_state': 3033}",0.09844506475475524,526.0404914832525,1.451876494760609
SpectralClustering,"{'n_clusters': 7, 'affinity': 'poly', 'assign_labels': 'discretize', 'random_state': 4044}",0.10537138855763294,528.7293485153689,1.4543572104742757
SpectralClustering,"{'n_clusters': 7, 'affinity': 'poly', 'assign_labels': 'discretize', 'random_state': 5055}",0.10537138855763294,528.7293485153689,1.4543572104742757
SpectralClustering,"{'n_clusters': 7, 'affinity': 'poly', 'assign_labels': 'discretize', 'random_state': 6066}",0.10741250189417831,636.1200702455801,1.5932778247047588
SpectralClustering,"{'n_clusters': 7, 'affinity': 'poly', 'assign_labels': 'cluster_qr', 'random_state': 42}",0.21391925939136183,665.9363324970062,1.319985927821055
SpectralClustering,"{'n_clusters': 7, 'affinity': 'poly', 'assign_labels': 'cluster_qr', 'random_state': 123}",0.21391925939136183,665.9363324970062,1.319985927821055
SpectralClustering,"{'n_clusters': 7, 'affinity': 'poly', 'assign_labels': 'cluster_qr', 'random_state': 456}",0.21391925939136183,665.9363324970062,1.319985927821055
SpectralClustering,"{'n_clusters': 7, 'affinity': 'poly', 'assign_labels': 'cluster_qr', 'random_state': 789}",0.21391925939136183,665.9363324970062,1.319985927821055
SpectralClustering,"{'n_clusters': 7, 'affinity': 'poly', 'assign_labels': 'cluster_qr', 'random_state': 1011}",0.21391925939136183,665.9363324970062,1.319985927821055
SpectralClustering,"{'n_clusters': 7, 'affinity': 'poly', 'assign_labels': 'cluster_qr', 'random_state': 2022}",0.21391925939136183,665.9363324970062,1.319985927821055
SpectralClustering,"{'n_clusters': 7, 'affinity': 'poly', 'assign_labels': 'cluster_qr', 'random_state': 3033}",0.21391925939136183,665.9363324970062,1.319985927821055
SpectralClustering,"{'n_clusters': 7, 'affinity': 'poly', 'assign_labels': 'cluster_qr', 'random_state': 4044}",0.21391925939136183,665.9363324970062,1.319985927821055
SpectralClustering,"{'n_clusters': 7, 'affinity': 'poly', 'assign_labels': 'cluster_qr', 'random_state': 5055}",0.21391925939136183,665.9363324970062,1.319985927821055
SpectralClustering,"{'n_clusters': 7, 'affinity': 'poly', 'assign_labels': 'cluster_qr', 'random_state': 6066}",0.21391925939136183,665.9363324970062,1.319985927821055
SpectralClustering,"{'n_clusters': 7, 'affinity': 'sigmoid', 'assign_labels': 'kmeans', 'random_state': 42}",0.05491126910176177,391.9048398294196,1.6855324989671752
SpectralClustering,"{'n_clusters': 7, 'affinity': 'sigmoid', 'assign_labels': 'kmeans', 'random_state': 123}",0.0577491908741359,367.8992154950092,1.7723372323841835
SpectralClustering,"{'n_clusters': 7, 'affinity': 'sigmoid', 'assign_labels': 'kmeans', 'random_state': 456}",0.07784158502597263,417.2292867435836,1.6542655563690534
SpectralClustering,"{'n_clusters': 7, 'affinity': 'sigmoid', 'assign_labels': 'kmeans', 'random_state': 789}",0.05893756782371835,371.4399962256272,1.762409110718996
SpectralClustering,"{'n_clusters': 7, 'affinity': 'sigmoid', 'assign_labels': 'kmeans', 'random_state': 1011}",0.05817107209470853,370.43176708066306,1.771264583118374
SpectralClustering,"{'n_clusters': 7, 'affinity': 'sigmoid', 'assign_labels': 'kmeans', 'random_state': 2022}",0.06497729726962381,383.4147183164213,1.7295540327015595
SpectralClustering,"{'n_clusters': 7, 'affinity': 'sigmoid', 'assign_labels': 'kmeans', 'random_state': 3033}",0.05896170076617197,370.6925161976672,1.7671435195268457
SpectralClustering,"{'n_clusters': 7, 'affinity': 'sigmoid', 'assign_labels': 'kmeans', 'random_state': 4044}",0.06129910578856772,374.02525109517984,1.7597921636593483
SpectralClustering,"{'n_clusters': 7, 'affinity': 'sigmoid', 'assign_labels': 'kmeans', 'random_state': 5055}",0.055249380443363826,365.92691841187803,1.7751895160603162
SpectralClustering,"{'n_clusters': 7, 'affinity': 'sigmoid', 'assign_labels': 'kmeans', 'random_state': 6066}",0.0662692567544166,381.2693131745269,1.7288206762615457
SpectralClustering,"{'n_clusters': 7, 'affinity': 'sigmoid', 'assign_labels': 'discretize', 'random_state': 42}",0.09003420258456456,442.7227190199581,1.653480517015844
SpectralClustering,"{'n_clusters': 7, 'affinity': 'sigmoid', 'assign_labels': 'discretize', 'random_state': 123}",0.09211515318032981,443.4761723251063,1.630707133429502
SpectralClustering,"{'n_clusters': 7, 'affinity': 'sigmoid', 'assign_labels': 'discretize', 'random_state': 456}",0.0816517018823631,435.4185770727188,1.5070424654162813
SpectralClustering,"{'n_clusters': 7, 'affinity': 'sigmoid', 'assign_labels': 'discretize', 'random_state': 789}",0.081686026139934,430.92496198071433,1.712459871918543
SpectralClustering,"{'n_clusters': 7, 'affinity': 'sigmoid', 'assign_labels': 'discretize', 'random_state': 1011}",0.0773599496809869,422.79011633588306,1.7551882578439062
SpectralClustering,"{'n_clusters': 7, 'affinity': 'sigmoid', 'assign_labels': 'discretize', 'random_state': 2022}",0.08744573831015462,439.4335166433699,1.680635901292526
SpectralClustering,"{'n_clusters': 7, 'affinity': 'sigmoid', 'assign_labels': 'discretize', 'random_state': 3033}",0.10096807878925342,462.3883089810478,1.5872502210253387
SpectralClustering,"{'n_clusters': 7, 'affinity': 'sigmoid', 'assign_labels': 'discretize', 'random_state': 4044}",0.0855406080461018,434.1239084489371,1.6788409101597128
SpectralClustering,"{'n_clusters': 7, 'affinity': 'sigmoid', 'assign_labels': 'discretize', 'random_state': 5055}",0.07423075585500438,421.0322465640287,1.7696758219625284
SpectralClustering,"{'n_clusters': 7, 'affinity': 'sigmoid', 'assign_labels': 'discretize', 'random_state': 6066}",0.09446459580041695,457.6338337699766,1.5751155634924126
SpectralClustering,"{'n_clusters': 7, 'affinity': 'sigmoid', 'assign_labels': 'cluster_qr', 'random_state': 42}",0.04197240678091968,215.7516348194065,2.744260836942859
SpectralClustering,"{'n_clusters': 7, 'affinity': 'sigmoid', 'assign_labels': 'cluster_qr', 'random_state': 123}",0.04197240678091968,215.7516348194065,2.744260836942859
SpectralClustering,"{'n_clusters': 7, 'affinity': 'sigmoid', 'assign_labels': 'cluster_qr', 'random_state': 456}",0.04197240678091968,215.7516348194065,2.744260836942859
SpectralClustering,"{'n_clusters': 7, 'affinity': 'sigmoid', 'assign_labels': 'cluster_qr', 'random_state': 789}",0.04197240678091968,215.7516348194065,2.744260836942859
SpectralClustering,"{'n_clusters': 7, 'affinity': 'sigmoid', 'assign_labels': 'cluster_qr', 'random_state': 1011}",0.04197240678091968,215.7516348194065,2.744260836942859
SpectralClustering,"{'n_clusters': 7, 'affinity': 'sigmoid', 'assign_labels': 'cluster_qr', 'random_state': 2022}",0.04197240678091968,215.7516348194065,2.744260836942859
SpectralClustering,"{'n_clusters': 7, 'affinity': 'sigmoid', 'assign_labels': 'cluster_qr', 'random_state': 3033}",0.04197240678091968,215.7516348194065,2.744260836942859
SpectralClustering,"{'n_clusters': 7, 'affinity': 'sigmoid', 'assign_labels': 'cluster_qr', 'random_state': 4044}",0.04197240678091968,215.7516348194065,2.744260836942859
SpectralClustering,"{'n_clusters': 7, 'affinity': 'sigmoid', 'assign_labels': 'cluster_qr', 'random_state': 5055}",0.04197240678091968,215.7516348194065,2.744260836942859
SpectralClustering,"{'n_clusters': 7, 'affinity': 'sigmoid', 'assign_labels': 'cluster_qr', 'random_state': 6066}",0.04197240678091968,215.7516348194065,2.744260836942859
SpectralClustering,"{'n_clusters': 8, 'affinity': 'rbf', 'assign_labels': 'kmeans', 'random_state': 42}",0.33875540747781935,290.62729746146965,1.2235823380572028
SpectralClustering,"{'n_clusters': 8, 'affinity': 'rbf', 'assign_labels': 'kmeans', 'random_state': 123}",0.33875540747781935,290.62729746146965,1.2235823380572028
SpectralClustering,"{'n_clusters': 8, 'affinity': 'rbf', 'assign_labels': 'kmeans', 'random_state': 456}",0.33875540747781935,290.62729746146965,1.2235823380572028
SpectralClustering,"{'n_clusters': 8, 'affinity': 'rbf', 'assign_labels': 'kmeans', 'random_state': 789}",0.33875540747781935,290.6272974614696,1.223582338057203
SpectralClustering,"{'n_clusters': 8, 'affinity': 'rbf', 'assign_labels': 'kmeans', 'random_state': 1011}",0.33875540747781935,290.62729746146954,1.223582338057203
SpectralClustering,"{'n_clusters': 8, 'affinity': 'rbf', 'assign_labels': 'kmeans', 'random_state': 2022}",0.33875540747781935,290.62729746146965,1.2235823380572028
SpectralClustering,"{'n_clusters': 8, 'affinity': 'rbf', 'assign_labels': 'kmeans', 'random_state': 3033}",0.3388702207065425,291.1568292593299,1.2228290599460392
SpectralClustering,"{'n_clusters': 8, 'affinity': 'rbf', 'assign_labels': 'kmeans', 'random_state': 4044}",0.33875540747781935,290.6272974614697,1.2235823380572028
SpectralClustering,"{'n_clusters': 8, 'affinity': 'rbf', 'assign_labels': 'kmeans', 'random_state': 5055}",0.33875540747781935,290.62729746146965,1.2235823380572028
SpectralClustering,"{'n_clusters': 8, 'affinity': 'rbf', 'assign_labels': 'kmeans', 'random_state': 6066}",0.33875540747781935,290.62729746146965,1.2235823380572028
SpectralClustering,"{'n_clusters': 8, 'affinity': 'rbf', 'assign_labels': 'discretize', 'random_state': 42}",0.2909535526414989,472.0432527958468,1.2785106557699888
SpectralClustering,"{'n_clusters': 8, 'affinity': 'rbf', 'assign_labels': 'discretize', 'random_state': 123}",0.3766362980822839,444.844202101547,1.2700691073585895
SpectralClustering,"{'n_clusters': 8, 'affinity': 'rbf', 'assign_labels': 'discretize', 'random_state': 456}",0.3015133201738687,507.9916820592608,1.2757610763897536
SpectralClustering,"{'n_clusters': 8, 'affinity': 'rbf', 'assign_labels': 'discretize', 'random_state': 789}",0.29078704644333647,472.1935717025782,1.2790369474249275
SpectralClustering,"{'n_clusters': 8, 'affinity': 'rbf', 'assign_labels': 'discretize', 'random_state': 1011}",0.3766362980822839,444.8442021015469,1.2700691073585895
SpectralClustering,"{'n_clusters': 8, 'affinity': 'rbf', 'assign_labels': 'discretize', 'random_state': 2022}",0.29078704644333647,472.1935717025782,1.2790369474249275
SpectralClustering,"{'n_clusters': 8, 'affinity': 'rbf', 'assign_labels': 'discretize', 'random_state': 3033}",0.3488354504833255,434.62890550391353,1.2529523043360649
SpectralClustering,"{'n_clusters': 8, 'affinity': 'rbf', 'assign_labels': 'discretize', 'random_state': 4044}",0.3766362980822839,444.8442021015469,1.2700691073585895
SpectralClustering,"{'n_clusters': 8, 'affinity': 'rbf', 'assign_labels': 'discretize', 'random_state': 5055}",0.2909535526414989,472.0432527958468,1.2785106557699888
SpectralClustering,"{'n_clusters': 8, 'affinity': 'rbf', 'assign_labels': 'discretize', 'random_state': 6066}",0.29078704644333647,472.1935717025782,1.2790369474249275
SpectralClustering,"{'n_clusters': 8, 'affinity': 'rbf', 'assign_labels': 'cluster_qr', 'random_state': 42}",0.291150990173676,474.5788956295782,1.2911113111371684
SpectralClustering,"{'n_clusters': 8, 'affinity': 'rbf', 'assign_labels': 'cluster_qr', 'random_state': 123}",0.291150990173676,474.5788956295782,1.2911113111371684
SpectralClustering,"{'n_clusters': 8, 'affinity': 'rbf', 'assign_labels': 'cluster_qr', 'random_state': 456}",0.291150990173676,474.5788956295782,1.2911113111371684
SpectralClustering,"{'n_clusters': 8, 'affinity': 'rbf', 'assign_labels': 'cluster_qr', 'random_state': 789}",0.291150990173676,474.5788956295782,1.2911113111371684
SpectralClustering,"{'n_clusters': 8, 'affinity': 'rbf', 'assign_labels': 'cluster_qr', 'random_state': 1011}",0.291150990173676,474.5788956295782,1.2911113111371684
SpectralClustering,"{'n_clusters': 8, 'affinity': 'rbf', 'assign_labels': 'cluster_qr', 'random_state': 2022}",0.291150990173676,474.5788956295782,1.2911113111371684
SpectralClustering,"{'n_clusters': 8, 'affinity': 'rbf', 'assign_labels': 'cluster_qr', 'random_state': 3033}",0.291150990173676,474.5788956295782,1.2911113111371684
SpectralClustering,"{'n_clusters': 8, 'affinity': 'rbf', 'assign_labels': 'cluster_qr', 'random_state': 4044}",0.291150990173676,474.5788956295782,1.2911113111371684
SpectralClustering,"{'n_clusters': 8, 'affinity': 'rbf', 'assign_labels': 'cluster_qr', 'random_state': 5055}",0.291150990173676,474.5788956295782,1.2911113111371684
SpectralClustering,"{'n_clusters': 8, 'affinity': 'rbf', 'assign_labels': 'cluster_qr', 'random_state': 6066}",0.291150990173676,474.5788956295782,1.2911113111371684
SpectralClustering,"{'n_clusters': 8, 'affinity': 'nearest_neighbors', 'assign_labels': 'kmeans', 'random_state': 42, 'n_neighbors': 5}",0.3402004278291471,850.7606556716747,1.2375360390538714
SpectralClustering,"{'n_clusters': 8, 'affinity': 'nearest_neighbors', 'assign_labels': 'kmeans', 'random_state': 123, 'n_neighbors': 5}",0.3401661807545324,850.5454033696432,1.237264941960319
SpectralClustering,"{'n_clusters': 8, 'affinity': 'nearest_neighbors', 'assign_labels': 'kmeans', 'random_state': 456, 'n_neighbors': 5}",0.34025035919027613,850.823760878782,1.2375316278126447
SpectralClustering,"{'n_clusters': 8, 'affinity': 'nearest_neighbors', 'assign_labels': 'kmeans', 'random_state': 789, 'n_neighbors': 5}",0.34025035919027613,850.8237608787817,1.2375316278126447
SpectralClustering,"{'n_clusters': 8, 'affinity': 'nearest_neighbors', 'assign_labels': 'kmeans', 'random_state': 1011, 'n_neighbors': 5}",0.3401160846056886,850.481310135814,1.237270024755144
SpectralClustering,"{'n_clusters': 8, 'affinity': 'nearest_neighbors', 'assign_labels': 'kmeans', 'random_state': 2022, 'n_neighbors': 5}",0.3401160846056886,850.481310135814,1.2372700247551442
SpectralClustering,"{'n_clusters': 8, 'affinity': 'nearest_neighbors', 'assign_labels': 'kmeans', 'random_state': 3033, 'n_neighbors': 5}",0.1851983389537314,459.98025740138473,1.4847360465589203
SpectralClustering,"{'n_clusters': 8, 'affinity': 'nearest_neighbors', 'assign_labels': 'kmeans', 'random_state': 4044, 'n_neighbors': 5}",0.18529219025297478,460.15417563184684,1.485203691253926
SpectralClustering,"{'n_clusters': 8, 'affinity': 'nearest_neighbors', 'assign_labels': 'kmeans', 'random_state': 5055, 'n_neighbors': 5}",0.3402004278291471,850.7606556716747,1.2375360390538717
SpectralClustering,"{'n_clusters': 8, 'affinity': 'nearest_neighbors', 'assign_labels': 'kmeans', 'random_state': 6066, 'n_neighbors': 5}",0.18529219025297478,460.15417563184684,1.485203691253926
SpectralClustering,"{'n_clusters': 8, 'affinity': 'nearest_neighbors', 'assign_labels': 'discretize', 'random_state': 42, 'n_neighbors': 5}",0.22688533833676197,525.6573937509223,1.3801210601940919
SpectralClustering,"{'n_clusters': 8, 'affinity': 'nearest_neighbors', 'assign_labels': 'discretize', 'random_state': 123, 'n_neighbors': 5}",0.2355912575960866,734.4572513475044,1.3470104450562135
SpectralClustering,"{'n_clusters': 8, 'affinity': 'nearest_neighbors', 'assign_labels': 'discretize', 'random_state': 456, 'n_neighbors': 5}",0.22871861416666378,552.1805172283631,1.3643385265910632
SpectralClustering,"{'n_clusters': 8, 'affinity': 'nearest_neighbors', 'assign_labels': 'discretize', 'random_state': 789, 'n_neighbors': 5}",0.24251591192322577,621.1506433384611,1.496804927007219
SpectralClustering,"{'n_clusters': 8, 'affinity': 'nearest_neighbors', 'assign_labels': 'discretize', 'random_state': 1011, 'n_neighbors': 5}",0.25709283207981887,712.4112664591892,1.3829234198428833
SpectralClustering,"{'n_clusters': 8, 'affinity': 'nearest_neighbors', 'assign_labels': 'discretize', 'random_state': 2022, 'n_neighbors': 5}",0.2552454904147902,749.9638265482315,1.336664113487151
SpectralClustering,"{'n_clusters': 8, 'affinity': 'nearest_neighbors', 'assign_labels': 'discretize', 'random_state': 3033, 'n_neighbors': 5}",0.18449876571701185,462.47574794451475,1.4974085128058292
SpectralClustering,"{'n_clusters': 8, 'affinity': 'nearest_neighbors', 'assign_labels': 'discretize', 'random_state': 4044, 'n_neighbors': 5}",0.18477414510262255,463.4514837191706,1.5021924189937217
SpectralClustering,"{'n_clusters': 8, 'affinity': 'nearest_neighbors', 'assign_labels': 'discretize', 'random_state': 5055, 'n_neighbors': 5}",0.22797160169273242,526.5704897941678,1.381187541446295
SpectralClustering,"{'n_clusters': 8, 'affinity': 'nearest_neighbors', 'assign_labels': 'discretize', 'random_state': 6066, 'n_neighbors': 5}",0.23566906623285988,583.5982272190491,1.5417887526077374
SpectralClustering,"{'n_clusters': 8, 'affinity': 'nearest_neighbors', 'assign_labels': 'cluster_qr', 'random_state': 42, 'n_neighbors': 5}",0.18811011668031197,615.6151578897602,1.5513903557175235
SpectralClustering,"{'n_clusters': 8, 'affinity': 'nearest_neighbors', 'assign_labels': 'cluster_qr', 'random_state': 123, 'n_neighbors': 5}",0.18660931901025932,613.3924601731541,1.5609466310712081
SpectralClustering,"{'n_clusters': 8, 'affinity': 'nearest_neighbors', 'assign_labels': 'cluster_qr', 'random_state': 456, 'n_neighbors': 5}",0.16972020421088338,423.7211176083771,1.6203729876120385
SpectralClustering,"{'n_clusters': 8, 'affinity': 'nearest_neighbors', 'assign_labels': 'cluster_qr', 'random_state': 789, 'n_neighbors': 5}",0.19531742701133065,472.0653480101694,1.5159920830161213
SpectralClustering,"{'n_clusters': 8, 'affinity': 'nearest_neighbors', 'assign_labels': 'cluster_qr', 'random_state': 1011, 'n_neighbors': 5}",0.19854901668130853,600.3299446304889,1.830608499705324
SpectralClustering,"{'n_clusters': 8, 'affinity': 'nearest_neighbors', 'assign_labels': 'cluster_qr', 'random_state': 2022, 'n_neighbors': 5}",0.20479013426794038,634.8591146115444,1.910294788078591
SpectralClustering,"{'n_clusters': 8, 'affinity': 'nearest_neighbors', 'assign_labels': 'cluster_qr', 'random_state': 3033, 'n_neighbors': 5}",0.1831346560059604,462.8468345785348,1.4926891764652213
SpectralClustering,"{'n_clusters': 8, 'affinity': 'nearest_neighbors', 'assign_labels': 'cluster_qr', 'random_state': 4044, 'n_neighbors': 5}",0.20486656795194214,634.5117907852934,1.9150281915139218
SpectralClustering,"{'n_clusters': 8, 'affinity': 'nearest_neighbors', 'assign_labels': 'cluster_qr', 'random_state': 5055, 'n_neighbors': 5}",0.18762866204615697,615.0212526300561,1.554594115740664
SpectralClustering,"{'n_clusters': 8, 'affinity': 'nearest_neighbors', 'assign_labels': 'cluster_qr', 'random_state': 6066, 'n_neighbors': 5}",0.1846987360257458,502.98160040032155,1.898897458950782
SpectralClustering,"{'n_clusters': 8, 'affinity': 'nearest_neighbors', 'assign_labels': 'kmeans', 'random_state': 42, 'n_neighbors': 10}",0.3424976861405016,858.6193172359393,1.233778713336579
SpectralClustering,"{'n_clusters': 8, 'affinity': 'nearest_neighbors', 'assign_labels': 'kmeans', 'random_state': 123, 'n_neighbors': 10}",0.3424976861405016,858.6193172359394,1.233778713336579
SpectralClustering,"{'n_clusters': 8, 'affinity': 'nearest_neighbors', 'assign_labels': 'kmeans', 'random_state': 456, 'n_neighbors': 10}",0.3424976861405016,858.6193172359391,1.233778713336579
SpectralClustering,"{'n_clusters': 8, 'affinity': 'nearest_neighbors', 'assign_labels': 'kmeans', 'random_state': 789, 'n_neighbors': 10}",0.3424976861405016,858.6193172359395,1.233778713336579
SpectralClustering,"{'n_clusters': 8, 'affinity': 'nearest_neighbors', 'assign_labels': 'kmeans', 'random_state': 1011, 'n_neighbors': 10}",0.3424976861405016,858.6193172359392,1.233778713336579
SpectralClustering,"{'n_clusters': 8, 'affinity': 'nearest_neighbors', 'assign_labels': 'kmeans', 'random_state': 2022, 'n_neighbors': 10}",0.34237834151952756,858.3663911359114,1.234249960137435
SpectralClustering,"{'n_clusters': 8, 'affinity': 'nearest_neighbors', 'assign_labels': 'kmeans', 'random_state': 3033, 'n_neighbors': 10}",0.3424976861405016,858.6193172359394,1.233778713336579
SpectralClustering,"{'n_clusters': 8, 'affinity': 'nearest_neighbors', 'assign_labels': 'kmeans', 'random_state': 4044, 'n_neighbors': 10}",0.3424976861405016,858.6193172359393,1.233778713336579
SpectralClustering,"{'n_clusters': 8, 'affinity': 'nearest_neighbors', 'assign_labels': 'kmeans', 'random_state': 5055, 'n_neighbors': 10}",0.3424976861405016,858.6193172359391,1.233778713336579
SpectralClustering,"{'n_clusters': 8, 'affinity': 'nearest_neighbors', 'assign_labels': 'kmeans', 'random_state': 6066, 'n_neighbors': 10}",0.3424976861405016,858.6193172359392,1.233778713336579
SpectralClustering,"{'n_clusters': 8, 'affinity': 'nearest_neighbors', 'assign_labels': 'discretize', 'random_state': 42, 'n_neighbors': 10}",0.3392069340365021,851.6007382654007,1.2314782720603876
SpectralClustering,"{'n_clusters': 8, 'affinity': 'nearest_neighbors', 'assign_labels': 'discretize', 'random_state': 123, 'n_neighbors': 10}",0.33933782864247714,852.1036931250478,1.2314563187920025
SpectralClustering,"{'n_clusters': 8, 'affinity': 'nearest_neighbors', 'assign_labels': 'discretize', 'random_state': 456, 'n_neighbors': 10}",0.3391363176805115,850.9014333615718,1.231411325855973
SpectralClustering,"{'n_clusters': 8, 'affinity': 'nearest_neighbors', 'assign_labels': 'discretize', 'random_state': 789, 'n_neighbors': 10}",0.33933782864247714,852.1036931250476,1.2314563187920027
SpectralClustering,"{'n_clusters': 8, 'affinity': 'nearest_neighbors', 'assign_labels': 'discretize', 'random_state': 1011, 'n_neighbors': 10}",0.33900334407481614,850.3994517000506,1.2314237872992955
SpectralClustering,"{'n_clusters': 8, 'affinity': 'nearest_neighbors', 'assign_labels': 'discretize', 'random_state': 2022, 'n_neighbors': 10}",0.3391363176805115,850.9014333615717,1.231411325855973
SpectralClustering,"{'n_clusters': 8, 'affinity': 'nearest_neighbors', 'assign_labels': 'discretize', 'random_state': 3033, 'n_neighbors': 10}",0.3391363176805115,850.9014333615718,1.231411325855973
SpectralClustering,"{'n_clusters': 8, 'affinity': 'nearest_neighbors', 'assign_labels': 'discretize', 'random_state': 4044, 'n_neighbors': 10}",0.3392069340365021,851.6007382654005,1.2314782720603876
SpectralClustering,"{'n_clusters': 8, 'affinity': 'nearest_neighbors', 'assign_labels': 'discretize', 'random_state': 5055, 'n_neighbors': 10}",0.33933782864247714,852.1036931250476,1.2314563187920027
SpectralClustering,"{'n_clusters': 8, 'affinity': 'nearest_neighbors', 'assign_labels': 'discretize', 'random_state': 6066, 'n_neighbors': 10}",0.3391363176805115,850.9014333615718,1.231411325855973
SpectralClustering,"{'n_clusters': 8, 'affinity': 'nearest_neighbors', 'assign_labels': 'cluster_qr', 'random_state': 42, 'n_neighbors': 10}",0.3388850593466031,850.6870622155014,1.2318265612371402
SpectralClustering,"{'n_clusters': 8, 'affinity': 'nearest_neighbors', 'assign_labels': 'cluster_qr', 'random_state': 123, 'n_neighbors': 10}",0.3388850593466031,850.6870622155014,1.2318265612371402
SpectralClustering,"{'n_clusters': 8, 'affinity': 'nearest_neighbors', 'assign_labels': 'cluster_qr', 'random_state': 456, 'n_neighbors': 10}",0.3388850593466031,850.6870622155014,1.2318265612371402
SpectralClustering,"{'n_clusters': 8, 'affinity': 'nearest_neighbors', 'assign_labels': 'cluster_qr', 'random_state': 789, 'n_neighbors': 10}",0.3388850593466031,850.6870622155014,1.2318265612371402
SpectralClustering,"{'n_clusters': 8, 'affinity': 'nearest_neighbors', 'assign_labels': 'cluster_qr', 'random_state': 1011, 'n_neighbors': 10}",0.3388850593466031,850.6870622155014,1.2318265612371402
SpectralClustering,"{'n_clusters': 8, 'affinity': 'nearest_neighbors', 'assign_labels': 'cluster_qr', 'random_state': 2022, 'n_neighbors': 10}",0.3388850593466031,850.6870622155014,1.2318265612371402
SpectralClustering,"{'n_clusters': 8, 'affinity': 'nearest_neighbors', 'assign_labels': 'cluster_qr', 'random_state': 3033, 'n_neighbors': 10}",0.3388850593466031,850.6870622155014,1.2318265612371402
SpectralClustering,"{'n_clusters': 8, 'affinity': 'nearest_neighbors', 'assign_labels': 'cluster_qr', 'random_state': 4044, 'n_neighbors': 10}",0.3388850593466031,850.6870622155014,1.2318265612371402
SpectralClustering,"{'n_clusters': 8, 'affinity': 'nearest_neighbors', 'assign_labels': 'cluster_qr', 'random_state': 5055, 'n_neighbors': 10}",0.3388850593466031,850.6870622155014,1.2318265612371402
SpectralClustering,"{'n_clusters': 8, 'affinity': 'nearest_neighbors', 'assign_labels': 'cluster_qr', 'random_state': 6066, 'n_neighbors': 10}",0.3388850593466031,850.6870622155014,1.2318265612371402
SpectralClustering,"{'n_clusters': 8, 'affinity': 'nearest_neighbors', 'assign_labels': 'kmeans', 'random_state': 42, 'n_neighbors': 15}",0.3418038669968665,857.9496979276768,1.2309972045725108
SpectralClustering,"{'n_clusters': 8, 'affinity': 'nearest_neighbors', 'assign_labels': 'kmeans', 'random_state': 123, 'n_neighbors': 15}",0.3418038669968665,857.9496979276767,1.2309972045725108
SpectralClustering,"{'n_clusters': 8, 'affinity': 'nearest_neighbors', 'assign_labels': 'kmeans', 'random_state': 456, 'n_neighbors': 15}",0.3418038669968665,857.9496979276767,1.2309972045725108
SpectralClustering,"{'n_clusters': 8, 'affinity': 'nearest_neighbors', 'assign_labels': 'kmeans', 'random_state': 789, 'n_neighbors': 15}",0.3418038669968665,857.9496979276764,1.2309972045725108
SpectralClustering,"{'n_clusters': 8, 'affinity': 'nearest_neighbors', 'assign_labels': 'kmeans', 'random_state': 1011, 'n_neighbors': 15}",0.3418038669968665,857.9496979276764,1.2309972045725108
SpectralClustering,"{'n_clusters': 8, 'affinity': 'nearest_neighbors', 'assign_labels': 'kmeans', 'random_state': 2022, 'n_neighbors': 15}",0.3418038669968665,857.9496979276767,1.2309972045725108
SpectralClustering,"{'n_clusters': 8, 'affinity': 'nearest_neighbors', 'assign_labels': 'kmeans', 'random_state': 3033, 'n_neighbors': 15}",0.3418038669968665,857.9496979276767,1.2309972045725108
SpectralClustering,"{'n_clusters': 8, 'affinity': 'nearest_neighbors', 'assign_labels': 'kmeans', 'random_state': 4044, 'n_neighbors': 15}",0.3418038669968665,857.9496979276764,1.2309972045725108
SpectralClustering,"{'n_clusters': 8, 'affinity': 'nearest_neighbors', 'assign_labels': 'kmeans', 'random_state': 5055, 'n_neighbors': 15}",0.3418038669968665,857.9496979276765,1.2309972045725108
SpectralClustering,"{'n_clusters': 8, 'affinity': 'nearest_neighbors', 'assign_labels': 'kmeans', 'random_state': 6066, 'n_neighbors': 15}",0.3418038669968665,857.9496979276764,1.2309972045725108
SpectralClustering,"{'n_clusters': 8, 'affinity': 'nearest_neighbors', 'assign_labels': 'discretize', 'random_state': 42, 'n_neighbors': 15}",0.33953891109654816,852.1322199044988,1.2296890268172538
SpectralClustering,"{'n_clusters': 8, 'affinity': 'nearest_neighbors', 'assign_labels': 'discretize', 'random_state': 123, 'n_neighbors': 15}",0.33953891109654816,852.1322199044988,1.2296890268172538
SpectralClustering,"{'n_clusters': 8, 'affinity': 'nearest_neighbors', 'assign_labels': 'discretize', 'random_state': 456, 'n_neighbors': 15}",0.33953891109654816,852.1322199044989,1.2296890268172538
SpectralClustering,"{'n_clusters': 8, 'affinity': 'nearest_neighbors', 'assign_labels': 'discretize', 'random_state': 789, 'n_neighbors': 15}",0.33953891109654816,852.1322199044988,1.2296890268172538
SpectralClustering,"{'n_clusters': 8, 'affinity': 'nearest_neighbors', 'assign_labels': 'discretize', 'random_state': 1011, 'n_neighbors': 15}",0.33953891109654816,852.1322199044989,1.2296890268172538
SpectralClustering,"{'n_clusters': 8, 'affinity': 'nearest_neighbors', 'assign_labels': 'discretize', 'random_state': 2022, 'n_neighbors': 15}",0.33953891109654816,852.1322199044989,1.2296890268172538
SpectralClustering,"{'n_clusters': 8, 'affinity': 'nearest_neighbors', 'assign_labels': 'discretize', 'random_state': 3033, 'n_neighbors': 15}",0.33953891109654816,852.1322199044987,1.2296890268172538
SpectralClustering,"{'n_clusters': 8, 'affinity': 'nearest_neighbors', 'assign_labels': 'discretize', 'random_state': 4044, 'n_neighbors': 15}",0.33953891109654816,852.1322199044988,1.2296890268172538
SpectralClustering,"{'n_clusters': 8, 'affinity': 'nearest_neighbors', 'assign_labels': 'discretize', 'random_state': 5055, 'n_neighbors': 15}",0.33953891109654816,852.1322199044989,1.2296890268172538
SpectralClustering,"{'n_clusters': 8, 'affinity': 'nearest_neighbors', 'assign_labels': 'discretize', 'random_state': 6066, 'n_neighbors': 15}",0.33953891109654816,852.1322199044989,1.2296890268172538
SpectralClustering,"{'n_clusters': 8, 'affinity': 'nearest_neighbors', 'assign_labels': 'cluster_qr', 'random_state': 42, 'n_neighbors': 15}",0.3391955405260351,851.0183593901291,1.2297285562613618
SpectralClustering,"{'n_clusters': 8, 'affinity': 'nearest_neighbors', 'assign_labels': 'cluster_qr', 'random_state': 123, 'n_neighbors': 15}",0.3391955405260351,851.0183593901291,1.2297285562613618
SpectralClustering,"{'n_clusters': 8, 'affinity': 'nearest_neighbors', 'assign_labels': 'cluster_qr', 'random_state': 456, 'n_neighbors': 15}",0.3391955405260351,851.0183593901291,1.2297285562613618
SpectralClustering,"{'n_clusters': 8, 'affinity': 'nearest_neighbors', 'assign_labels': 'cluster_qr', 'random_state': 789, 'n_neighbors': 15}",0.3391955405260351,851.0183593901291,1.2297285562613618
SpectralClustering,"{'n_clusters': 8, 'affinity': 'nearest_neighbors', 'assign_labels': 'cluster_qr', 'random_state': 1011, 'n_neighbors': 15}",0.3391955405260351,851.0183593901291,1.2297285562613618
SpectralClustering,"{'n_clusters': 8, 'affinity': 'nearest_neighbors', 'assign_labels': 'cluster_qr', 'random_state': 2022, 'n_neighbors': 15}",0.3391955405260351,851.0183593901291,1.2297285562613618
SpectralClustering,"{'n_clusters': 8, 'affinity': 'nearest_neighbors', 'assign_labels': 'cluster_qr', 'random_state': 3033, 'n_neighbors': 15}",0.3391955405260351,851.0183593901291,1.2297285562613618
SpectralClustering,"{'n_clusters': 8, 'affinity': 'nearest_neighbors', 'assign_labels': 'cluster_qr', 'random_state': 4044, 'n_neighbors': 15}",0.3391955405260351,851.0183593901291,1.2297285562613618
SpectralClustering,"{'n_clusters': 8, 'affinity': 'nearest_neighbors', 'assign_labels': 'cluster_qr', 'random_state': 5055, 'n_neighbors': 15}",0.3391955405260351,851.0183593901291,1.2297285562613618
SpectralClustering,"{'n_clusters': 8, 'affinity': 'nearest_neighbors', 'assign_labels': 'cluster_qr', 'random_state': 6066, 'n_neighbors': 15}",0.3391955405260351,851.0183593901291,1.2297285562613618
SpectralClustering,"{'n_clusters': 8, 'affinity': 'nearest_neighbors', 'assign_labels': 'kmeans', 'random_state': 42, 'n_neighbors': 20}",0.34240981699576206,859.2516193952424,1.2316337173339504
SpectralClustering,"{'n_clusters': 8, 'affinity': 'nearest_neighbors', 'assign_labels': 'kmeans', 'random_state': 123, 'n_neighbors': 20}",0.34240981699576206,859.2516193952424,1.2316337173339504
SpectralClustering,"{'n_clusters': 8, 'affinity': 'nearest_neighbors', 'assign_labels': 'kmeans', 'random_state': 456, 'n_neighbors': 20}",0.34240981699576206,859.2516193952424,1.2316337173339504
SpectralClustering,"{'n_clusters': 8, 'affinity': 'nearest_neighbors', 'assign_labels': 'kmeans', 'random_state': 789, 'n_neighbors': 20}",0.34240981699576206,859.2516193952421,1.2316337173339504
SpectralClustering,"{'n_clusters': 8, 'affinity': 'nearest_neighbors', 'assign_labels': 'kmeans', 'random_state': 1011, 'n_neighbors': 20}",0.34240981699576206,859.2516193952424,1.2316337173339504
SpectralClustering,"{'n_clusters': 8, 'affinity': 'nearest_neighbors', 'assign_labels': 'kmeans', 'random_state': 2022, 'n_neighbors': 20}",0.34240981699576206,859.2516193952421,1.2316337173339504
SpectralClustering,"{'n_clusters': 8, 'affinity': 'nearest_neighbors', 'assign_labels': 'kmeans', 'random_state': 3033, 'n_neighbors': 20}",0.34240981699576206,859.2516193952424,1.2316337173339504
SpectralClustering,"{'n_clusters': 8, 'affinity': 'nearest_neighbors', 'assign_labels': 'kmeans', 'random_state': 4044, 'n_neighbors': 20}",0.34240981699576206,859.2516193952424,1.2316337173339504
SpectralClustering,"{'n_clusters': 8, 'affinity': 'nearest_neighbors', 'assign_labels': 'kmeans', 'random_state': 5055, 'n_neighbors': 20}",0.34240981699576206,859.2516193952424,1.2316337173339504
SpectralClustering,"{'n_clusters': 8, 'affinity': 'nearest_neighbors', 'assign_labels': 'kmeans', 'random_state': 6066, 'n_neighbors': 20}",0.34240981699576206,859.2516193952424,1.2316337173339504
SpectralClustering,"{'n_clusters': 8, 'affinity': 'nearest_neighbors', 'assign_labels': 'discretize', 'random_state': 42, 'n_neighbors': 20}",0.33934751970870625,852.5818974979691,1.2312833841730892
SpectralClustering,"{'n_clusters': 8, 'affinity': 'nearest_neighbors', 'assign_labels': 'discretize', 'random_state': 123, 'n_neighbors': 20}",0.3393638487658208,852.7344847169463,1.2314188032988969
SpectralClustering,"{'n_clusters': 8, 'affinity': 'nearest_neighbors', 'assign_labels': 'discretize', 'random_state': 456, 'n_neighbors': 20}",0.33934751970870625,852.5818974979691,1.2312833841730892
SpectralClustering,"{'n_clusters': 8, 'affinity': 'nearest_neighbors', 'assign_labels': 'discretize', 'random_state': 789, 'n_neighbors': 20}",0.3393638487658208,852.7344847169463,1.2314188032988969
SpectralClustering,"{'n_clusters': 8, 'affinity': 'nearest_neighbors', 'assign_labels': 'discretize', 'random_state': 1011, 'n_neighbors': 20}",0.3393638487658208,852.7344847169463,1.2314188032988969
SpectralClustering,"{'n_clusters': 8, 'affinity': 'nearest_neighbors', 'assign_labels': 'discretize', 'random_state': 2022, 'n_neighbors': 20}",0.3393638487658208,852.7344847169466,1.2314188032988969
SpectralClustering,"{'n_clusters': 8, 'affinity': 'nearest_neighbors', 'assign_labels': 'discretize', 'random_state': 3033, 'n_neighbors': 20}",0.3393638487658208,852.7344847169466,1.2314188032988969
SpectralClustering,"{'n_clusters': 8, 'affinity': 'nearest_neighbors', 'assign_labels': 'discretize', 'random_state': 4044, 'n_neighbors': 20}",0.3393638487658208,852.7344847169466,1.2314188032988969
SpectralClustering,"{'n_clusters': 8, 'affinity': 'nearest_neighbors', 'assign_labels': 'discretize', 'random_state': 5055, 'n_neighbors': 20}",0.33934751970870625,852.5818974979691,1.2312833841730892
SpectralClustering,"{'n_clusters': 8, 'affinity': 'nearest_neighbors', 'assign_labels': 'discretize', 'random_state': 6066, 'n_neighbors': 20}",0.33934751970870625,852.5818974979691,1.2312833841730892
SpectralClustering,"{'n_clusters': 8, 'affinity': 'nearest_neighbors', 'assign_labels': 'cluster_qr', 'random_state': 42, 'n_neighbors': 20}",0.3389506899530638,851.7852619231763,1.2318302693262557
SpectralClustering,"{'n_clusters': 8, 'affinity': 'nearest_neighbors', 'assign_labels': 'cluster_qr', 'random_state': 123, 'n_neighbors': 20}",0.3389506899530638,851.7852619231763,1.2318302693262557
SpectralClustering,"{'n_clusters': 8, 'affinity': 'nearest_neighbors', 'assign_labels': 'cluster_qr', 'random_state': 456, 'n_neighbors': 20}",0.3389506899530638,851.7852619231763,1.2318302693262557
SpectralClustering,"{'n_clusters': 8, 'affinity': 'nearest_neighbors', 'assign_labels': 'cluster_qr', 'random_state': 789, 'n_neighbors': 20}",0.3389506899530638,851.7852619231763,1.2318302693262557
SpectralClustering,"{'n_clusters': 8, 'affinity': 'nearest_neighbors', 'assign_labels': 'cluster_qr', 'random_state': 1011, 'n_neighbors': 20}",0.3389506899530638,851.7852619231763,1.2318302693262557
SpectralClustering,"{'n_clusters': 8, 'affinity': 'nearest_neighbors', 'assign_labels': 'cluster_qr', 'random_state': 2022, 'n_neighbors': 20}",0.3389506899530638,851.7852619231763,1.2318302693262557
SpectralClustering,"{'n_clusters': 8, 'affinity': 'nearest_neighbors', 'assign_labels': 'cluster_qr', 'random_state': 3033, 'n_neighbors': 20}",0.3389506899530638,851.7852619231763,1.2318302693262557
SpectralClustering,"{'n_clusters': 8, 'affinity': 'nearest_neighbors', 'assign_labels': 'cluster_qr', 'random_state': 4044, 'n_neighbors': 20}",0.3389506899530638,851.7852619231763,1.2318302693262557
SpectralClustering,"{'n_clusters': 8, 'affinity': 'nearest_neighbors', 'assign_labels': 'cluster_qr', 'random_state': 5055, 'n_neighbors': 20}",0.3389506899530638,851.7852619231763,1.2318302693262557
SpectralClustering,"{'n_clusters': 8, 'affinity': 'nearest_neighbors', 'assign_labels': 'cluster_qr', 'random_state': 6066, 'n_neighbors': 20}",0.3389506899530638,851.7852619231763,1.2318302693262557
SpectralClustering,"{'n_clusters': 8, 'affinity': 'nearest_neighbors', 'assign_labels': 'kmeans', 'random_state': 42, 'n_neighbors': 50}",0.27221626659558473,794.3556150809691,1.1515618155660858
SpectralClustering,"{'n_clusters': 8, 'affinity': 'nearest_neighbors', 'assign_labels': 'kmeans', 'random_state': 123, 'n_neighbors': 50}",0.27237018802821883,794.5273815335063,1.1512098398891824
SpectralClustering,"{'n_clusters': 8, 'affinity': 'nearest_neighbors', 'assign_labels': 'kmeans', 'random_state': 456, 'n_neighbors': 50}",0.27221626659558473,794.3556150809693,1.1515618155660858
SpectralClustering,"{'n_clusters': 8, 'affinity': 'nearest_neighbors', 'assign_labels': 'kmeans', 'random_state': 789, 'n_neighbors': 50}",0.27237018802821883,794.5273815335062,1.1512098398891821
SpectralClustering,"{'n_clusters': 8, 'affinity': 'nearest_neighbors', 'assign_labels': 'kmeans', 'random_state': 1011, 'n_neighbors': 50}",0.27221626659558473,794.3556150809693,1.1515618155660858
SpectralClustering,"{'n_clusters': 8, 'affinity': 'nearest_neighbors', 'assign_labels': 'kmeans', 'random_state': 2022, 'n_neighbors': 50}",0.27221626659558473,794.3556150809691,1.1515618155660858
SpectralClustering,"{'n_clusters': 8, 'affinity': 'nearest_neighbors', 'assign_labels': 'kmeans', 'random_state': 3033, 'n_neighbors': 50}",0.2724356222124483,794.5250717366181,1.1512780175460136
SpectralClustering,"{'n_clusters': 8, 'affinity': 'nearest_neighbors', 'assign_labels': 'kmeans', 'random_state': 4044, 'n_neighbors': 50}",0.27221626659558473,794.3556150809693,1.1515618155660858
SpectralClustering,"{'n_clusters': 8, 'affinity': 'nearest_neighbors', 'assign_labels': 'kmeans', 'random_state': 5055, 'n_neighbors': 50}",0.27237018802821883,794.5273815335065,1.1512098398891821
SpectralClustering,"{'n_clusters': 8, 'affinity': 'nearest_neighbors', 'assign_labels': 'kmeans', 'random_state': 6066, 'n_neighbors': 50}",0.27221626659558473,794.3556150809688,1.1515618155660858
SpectralClustering,"{'n_clusters': 8, 'affinity': 'nearest_neighbors', 'assign_labels': 'discretize', 'random_state': 42, 'n_neighbors': 50}",0.26906408091022366,790.5624330622009,1.1553453525300168
SpectralClustering,"{'n_clusters': 8, 'affinity': 'nearest_neighbors', 'assign_labels': 'discretize', 'random_state': 123, 'n_neighbors': 50}",0.26907920924488576,790.46721159901,1.1554284563299135
SpectralClustering,"{'n_clusters': 8, 'affinity': 'nearest_neighbors', 'assign_labels': 'discretize', 'random_state': 456, 'n_neighbors': 50}",0.2693627724991686,790.8674379985657,1.1547024397954024
SpectralClustering,"{'n_clusters': 8, 'affinity': 'nearest_neighbors', 'assign_labels': 'discretize', 'random_state': 789, 'n_neighbors': 50}",0.26937790620972757,790.7721673170915,1.1547855435952992
SpectralClustering,"{'n_clusters': 8, 'affinity': 'nearest_neighbors', 'assign_labels': 'discretize', 'random_state': 1011, 'n_neighbors': 50}",0.2693627724991686,790.8674379985655,1.1547024397954024
SpectralClustering,"{'n_clusters': 8, 'affinity': 'nearest_neighbors', 'assign_labels': 'discretize', 'random_state': 2022, 'n_neighbors': 50}",0.26906408091022366,790.5624330622006,1.1553453525300168
SpectralClustering,"{'n_clusters': 8, 'affinity': 'nearest_neighbors', 'assign_labels': 'discretize', 'random_state': 3033, 'n_neighbors': 50}",0.26937790620972757,790.7721673170917,1.1547855435952994
SpectralClustering,"{'n_clusters': 8, 'affinity': 'nearest_neighbors', 'assign_labels': 'discretize', 'random_state': 4044, 'n_neighbors': 50}",0.26906408091022366,790.5624330622007,1.1553453525300168
SpectralClustering,"{'n_clusters': 8, 'affinity': 'nearest_neighbors', 'assign_labels': 'discretize', 'random_state': 5055, 'n_neighbors': 50}",0.2693627724991686,790.8674379985657,1.1547024397954027
SpectralClustering,"{'n_clusters': 8, 'affinity': 'nearest_neighbors', 'assign_labels': 'discretize', 'random_state': 6066, 'n_neighbors': 50}",0.26907920924488576,790.46721159901,1.1554284563299135
SpectralClustering,"{'n_clusters': 8, 'affinity': 'nearest_neighbors', 'assign_labels': 'cluster_qr', 'random_state': 42, 'n_neighbors': 50}",0.26916696757438474,793.1027315912344,1.157372094887927
SpectralClustering,"{'n_clusters': 8, 'affinity': 'nearest_neighbors', 'assign_labels': 'cluster_qr', 'random_state': 123, 'n_neighbors': 50}",0.26916696757438474,793.1027315912344,1.157372094887927
SpectralClustering,"{'n_clusters': 8, 'affinity': 'nearest_neighbors', 'assign_labels': 'cluster_qr', 'random_state': 456, 'n_neighbors': 50}",0.26916696757438474,793.1027315912344,1.157372094887927
SpectralClustering,"{'n_clusters': 8, 'affinity': 'nearest_neighbors', 'assign_labels': 'cluster_qr', 'random_state': 789, 'n_neighbors': 50}",0.26916696757438474,793.1027315912344,1.157372094887927
SpectralClustering,"{'n_clusters': 8, 'affinity': 'nearest_neighbors', 'assign_labels': 'cluster_qr', 'random_state': 1011, 'n_neighbors': 50}",0.26916696757438474,793.1027315912344,1.157372094887927
SpectralClustering,"{'n_clusters': 8, 'affinity': 'nearest_neighbors', 'assign_labels': 'cluster_qr', 'random_state': 2022, 'n_neighbors': 50}",0.26916696757438474,793.1027315912344,1.157372094887927
SpectralClustering,"{'n_clusters': 8, 'affinity': 'nearest_neighbors', 'assign_labels': 'cluster_qr', 'random_state': 3033, 'n_neighbors': 50}",0.26916696757438474,793.1027315912344,1.157372094887927
SpectralClustering,"{'n_clusters': 8, 'affinity': 'nearest_neighbors', 'assign_labels': 'cluster_qr', 'random_state': 4044, 'n_neighbors': 50}",0.26916696757438474,793.1027315912344,1.157372094887927
SpectralClustering,"{'n_clusters': 8, 'affinity': 'nearest_neighbors', 'assign_labels': 'cluster_qr', 'random_state': 5055, 'n_neighbors': 50}",0.26916696757438474,793.1027315912344,1.157372094887927
SpectralClustering,"{'n_clusters': 8, 'affinity': 'nearest_neighbors', 'assign_labels': 'cluster_qr', 'random_state': 6066, 'n_neighbors': 50}",0.26916696757438474,793.1027315912344,1.157372094887927
SpectralClustering,"{'n_clusters': 8, 'affinity': 'nearest_neighbors', 'assign_labels': 'kmeans', 'random_state': 42, 'n_neighbors': 100}",0.2746113006779371,803.1936939657894,1.1539117492272948
SpectralClustering,"{'n_clusters': 8, 'affinity': 'nearest_neighbors', 'assign_labels': 'kmeans', 'random_state': 123, 'n_neighbors': 100}",0.2746113006779371,803.1936939657894,1.1539117492272948
SpectralClustering,"{'n_clusters': 8, 'affinity': 'nearest_neighbors', 'assign_labels': 'kmeans', 'random_state': 456, 'n_neighbors': 100}",0.2746113006779371,803.1936939657893,1.1539117492272948
SpectralClustering,"{'n_clusters': 8, 'affinity': 'nearest_neighbors', 'assign_labels': 'kmeans', 'random_state': 789, 'n_neighbors': 100}",0.2746113006779371,803.1936939657893,1.1539117492272948
SpectralClustering,"{'n_clusters': 8, 'affinity': 'nearest_neighbors', 'assign_labels': 'kmeans', 'random_state': 1011, 'n_neighbors': 100}",0.2746113006779371,803.1936939657893,1.1539117492272948
SpectralClustering,"{'n_clusters': 8, 'affinity': 'nearest_neighbors', 'assign_labels': 'kmeans', 'random_state': 2022, 'n_neighbors': 100}",0.2746113006779371,803.1936939657893,1.1539117492272948
SpectralClustering,"{'n_clusters': 8, 'affinity': 'nearest_neighbors', 'assign_labels': 'kmeans', 'random_state': 3033, 'n_neighbors': 100}",0.2746113006779371,803.1936939657893,1.1539117492272948
SpectralClustering,"{'n_clusters': 8, 'affinity': 'nearest_neighbors', 'assign_labels': 'kmeans', 'random_state': 4044, 'n_neighbors': 100}",0.2746113006779371,803.1936939657894,1.1539117492272948
SpectralClustering,"{'n_clusters': 8, 'affinity': 'nearest_neighbors', 'assign_labels': 'kmeans', 'random_state': 5055, 'n_neighbors': 100}",0.2746113006779371,803.1936939657891,1.1539117492272948
SpectralClustering,"{'n_clusters': 8, 'affinity': 'nearest_neighbors', 'assign_labels': 'kmeans', 'random_state': 6066, 'n_neighbors': 100}",0.2746113006779371,803.1936939657894,1.1539117492272948
SpectralClustering,"{'n_clusters': 8, 'affinity': 'nearest_neighbors', 'assign_labels': 'discretize', 'random_state': 42, 'n_neighbors': 100}",0.2725029819897973,803.4189791593928,1.156034660407761
SpectralClustering,"{'n_clusters': 8, 'affinity': 'nearest_neighbors', 'assign_labels': 'discretize', 'random_state': 123, 'n_neighbors': 100}",0.2722034986076738,803.3349875714111,1.1560940923471903
SpectralClustering,"{'n_clusters': 8, 'affinity': 'nearest_neighbors', 'assign_labels': 'discretize', 'random_state': 456, 'n_neighbors': 100}",0.2725029819897973,803.4189791593926,1.1560346604077611
SpectralClustering,"{'n_clusters': 8, 'affinity': 'nearest_neighbors', 'assign_labels': 'discretize', 'random_state': 789, 'n_neighbors': 100}",0.27258665390473097,804.1667167178781,1.1566141101653287
SpectralClustering,"{'n_clusters': 8, 'affinity': 'nearest_neighbors', 'assign_labels': 'discretize', 'random_state': 1011, 'n_neighbors': 100}",0.27258665390473097,804.1667167178781,1.156614110165329
SpectralClustering,"{'n_clusters': 8, 'affinity': 'nearest_neighbors', 'assign_labels': 'discretize', 'random_state': 2022, 'n_neighbors': 100}",0.27228729394922147,804.0826198254298,1.156673542104758
SpectralClustering,"{'n_clusters': 8, 'affinity': 'nearest_neighbors', 'assign_labels': 'discretize', 'random_state': 3033, 'n_neighbors': 100}",0.2722034986076738,803.3349875714114,1.1560940923471903
SpectralClustering,"{'n_clusters': 8, 'affinity': 'nearest_neighbors', 'assign_labels': 'discretize', 'random_state': 4044, 'n_neighbors': 100}",0.27258665390473097,804.166716717878,1.1566141101653287
SpectralClustering,"{'n_clusters': 8, 'affinity': 'nearest_neighbors', 'assign_labels': 'discretize', 'random_state': 5055, 'n_neighbors': 100}",0.27228729394922147,804.0826198254298,1.156673542104758
SpectralClustering,"{'n_clusters': 8, 'affinity': 'nearest_neighbors', 'assign_labels': 'discretize', 'random_state': 6066, 'n_neighbors': 100}",0.27228729394922147,804.0826198254298,1.156673542104758
SpectralClustering,"{'n_clusters': 8, 'affinity': 'nearest_neighbors', 'assign_labels': 'cluster_qr', 'random_state': 42, 'n_neighbors': 100}",0.2721085778942828,805.8139764121142,1.1611697479137733
SpectralClustering,"{'n_clusters': 8, 'affinity': 'nearest_neighbors', 'assign_labels': 'cluster_qr', 'random_state': 123, 'n_neighbors': 100}",0.2721085778942828,805.8139764121142,1.1611697479137733
SpectralClustering,"{'n_clusters': 8, 'affinity': 'nearest_neighbors', 'assign_labels': 'cluster_qr', 'random_state': 456, 'n_neighbors': 100}",0.2721085778942828,805.8139764121142,1.1611697479137733
SpectralClustering,"{'n_clusters': 8, 'affinity': 'nearest_neighbors', 'assign_labels': 'cluster_qr', 'random_state': 789, 'n_neighbors': 100}",0.2721085778942828,805.8139764121142,1.1611697479137733
SpectralClustering,"{'n_clusters': 8, 'affinity': 'nearest_neighbors', 'assign_labels': 'cluster_qr', 'random_state': 1011, 'n_neighbors': 100}",0.2721085778942828,805.8139764121142,1.1611697479137733
SpectralClustering,"{'n_clusters': 8, 'affinity': 'nearest_neighbors', 'assign_labels': 'cluster_qr', 'random_state': 2022, 'n_neighbors': 100}",0.2721085778942828,805.8139764121142,1.1611697479137733
SpectralClustering,"{'n_clusters': 8, 'affinity': 'nearest_neighbors', 'assign_labels': 'cluster_qr', 'random_state': 3033, 'n_neighbors': 100}",0.2721085778942828,805.8139764121142,1.1611697479137733
SpectralClustering,"{'n_clusters': 8, 'affinity': 'nearest_neighbors', 'assign_labels': 'cluster_qr', 'random_state': 4044, 'n_neighbors': 100}",0.2721085778942828,805.8139764121142,1.1611697479137733
SpectralClustering,"{'n_clusters': 8, 'affinity': 'nearest_neighbors', 'assign_labels': 'cluster_qr', 'random_state': 5055, 'n_neighbors': 100}",0.2721085778942828,805.8139764121142,1.1611697479137733
SpectralClustering,"{'n_clusters': 8, 'affinity': 'nearest_neighbors', 'assign_labels': 'cluster_qr', 'random_state': 6066, 'n_neighbors': 100}",0.2721085778942828,805.8139764121142,1.1611697479137733
SpectralClustering,"{'n_clusters': 8, 'affinity': 'polynomial', 'assign_labels': 'kmeans', 'random_state': 42}",-0.04793660977608042,118.28397879915889,1.6586088276641417
SpectralClustering,"{'n_clusters': 8, 'affinity': 'polynomial', 'assign_labels': 'kmeans', 'random_state': 123}",-0.0462342502291217,118.61847491574594,1.6289913775728717
SpectralClustering,"{'n_clusters': 8, 'affinity': 'polynomial', 'assign_labels': 'kmeans', 'random_state': 456}",-0.0478557127392862,118.29617169943732,1.6567189916383638
SpectralClustering,"{'n_clusters': 8, 'affinity': 'polynomial', 'assign_labels': 'kmeans', 'random_state': 789}",-0.04966521270712046,116.63093692490473,1.6568748275238097
SpectralClustering,"{'n_clusters': 8, 'affinity': 'polynomial', 'assign_labels': 'kmeans', 'random_state': 1011}",-0.047952358622270104,118.27040218421159,1.6557448394174028
SpectralClustering,"{'n_clusters': 8, 'affinity': 'polynomial', 'assign_labels': 'kmeans', 'random_state': 2022}",-0.04971143165616452,116.9614434408934,1.6472363294982837
SpectralClustering,"{'n_clusters': 8, 'affinity': 'polynomial', 'assign_labels': 'kmeans', 'random_state': 3033}",-0.048317944332953916,117.80135392005441,1.6545477702198599
SpectralClustering,"{'n_clusters': 8, 'affinity': 'polynomial', 'assign_labels': 'kmeans', 'random_state': 4044}",-0.04783065779839533,118.2948527452684,1.6584390429981313
SpectralClustering,"{'n_clusters': 8, 'affinity': 'polynomial', 'assign_labels': 'kmeans', 'random_state': 5055}",-0.047927303569976716,118.26908336385057,1.6574648907771703
SpectralClustering,"{'n_clusters': 8, 'affinity': 'polynomial', 'assign_labels': 'kmeans', 'random_state': 6066}",-0.04928064339962506,117.01662360377104,1.6377868319729778
SpectralClustering,"{'n_clusters': 8, 'affinity': 'polynomial', 'assign_labels': 'discretize', 'random_state': 42}",0.088003523468284,433.992482520189,1.3550018207683123
SpectralClustering,"{'n_clusters': 8, 'affinity': 'polynomial', 'assign_labels': 'discretize', 'random_state': 123}",0.08775587177112,433.96584740767963,1.3636397594464251
SpectralClustering,"{'n_clusters': 8, 'affinity': 'polynomial', 'assign_labels': 'discretize', 'random_state': 456}",0.0880410887871003,434.0064319669972,1.3550995010270954
SpectralClustering,"{'n_clusters': 8, 'affinity': 'polynomial', 'assign_labels': 'discretize', 'random_state': 789}",0.0880410887871003,434.0064319669972,1.3550995010270956
SpectralClustering,"{'n_clusters': 8, 'affinity': 'polynomial', 'assign_labels': 'discretize', 'random_state': 1011}",0.0880410887871003,434.0064319669972,1.3550995010270956
SpectralClustering,"{'n_clusters': 8, 'affinity': 'polynomial', 'assign_labels': 'discretize', 'random_state': 2022}",0.088003523468284,433.992482520189,1.3550018207683125
SpectralClustering,"{'n_clusters': 8, 'affinity': 'polynomial', 'assign_labels': 'discretize', 'random_state': 3033}",0.0877193864861674,433.95196447356193,1.3635429379397042
SpectralClustering,"{'n_clusters': 8, 'affinity': 'polynomial', 'assign_labels': 'discretize', 'random_state': 4044}",0.088003523468284,433.9924825201891,1.3550018207683123
SpectralClustering,"{'n_clusters': 8, 'affinity': 'polynomial', 'assign_labels': 'discretize', 'random_state': 5055}",0.088003523468284,433.9924825201891,1.3550018207683123
SpectralClustering,"{'n_clusters': 8, 'affinity': 'polynomial', 'assign_labels': 'discretize', 'random_state': 6066}",0.088003523468284,433.9924825201891,1.3550018207683123
SpectralClustering,"{'n_clusters': 8, 'affinity': 'polynomial', 'assign_labels': 'cluster_qr', 'random_state': 42}",0.2089096756461965,631.9641622987972,1.334845403949004
SpectralClustering,"{'n_clusters': 8, 'affinity': 'polynomial', 'assign_labels': 'cluster_qr', 'random_state': 123}",0.2089096756461965,631.9641622987972,1.334845403949004
SpectralClustering,"{'n_clusters': 8, 'affinity': 'polynomial', 'assign_labels': 'cluster_qr', 'random_state': 456}",0.2089096756461965,631.9641622987972,1.334845403949004
SpectralClustering,"{'n_clusters': 8, 'affinity': 'polynomial', 'assign_labels': 'cluster_qr', 'random_state': 789}",0.2089096756461965,631.9641622987972,1.334845403949004
SpectralClustering,"{'n_clusters': 8, 'affinity': 'polynomial', 'assign_labels': 'cluster_qr', 'random_state': 1011}",0.2089096756461965,631.9641622987972,1.334845403949004
SpectralClustering,"{'n_clusters': 8, 'affinity': 'polynomial', 'assign_labels': 'cluster_qr', 'random_state': 2022}",0.2089096756461965,631.9641622987972,1.334845403949004
SpectralClustering,"{'n_clusters': 8, 'affinity': 'polynomial', 'assign_labels': 'cluster_qr', 'random_state': 3033}",0.2089096756461965,631.9641622987972,1.334845403949004
SpectralClustering,"{'n_clusters': 8, 'affinity': 'polynomial', 'assign_labels': 'cluster_qr', 'random_state': 4044}",0.2089096756461965,631.9641622987972,1.334845403949004
SpectralClustering,"{'n_clusters': 8, 'affinity': 'polynomial', 'assign_labels': 'cluster_qr', 'random_state': 5055}",0.2089096756461965,631.9641622987972,1.334845403949004
SpectralClustering,"{'n_clusters': 8, 'affinity': 'polynomial', 'assign_labels': 'cluster_qr', 'random_state': 6066}",0.2089096756461965,631.9641622987972,1.334845403949004
SpectralClustering,"{'n_clusters': 8, 'affinity': 'poly', 'assign_labels': 'kmeans', 'random_state': 42}",-0.04793660977608042,118.28397879915889,1.6586088276641417
SpectralClustering,"{'n_clusters': 8, 'affinity': 'poly', 'assign_labels': 'kmeans', 'random_state': 123}",-0.0462342502291217,118.61847491574594,1.6289913775728717
SpectralClustering,"{'n_clusters': 8, 'affinity': 'poly', 'assign_labels': 'kmeans', 'random_state': 456}",-0.0478557127392862,118.29617169943732,1.6567189916383638
SpectralClustering,"{'n_clusters': 8, 'affinity': 'poly', 'assign_labels': 'kmeans', 'random_state': 789}",-0.04966521270712046,116.63093692490473,1.6568748275238097
SpectralClustering,"{'n_clusters': 8, 'affinity': 'poly', 'assign_labels': 'kmeans', 'random_state': 1011}",-0.047952358622270104,118.27040218421159,1.6557448394174028
SpectralClustering,"{'n_clusters': 8, 'affinity': 'poly', 'assign_labels': 'kmeans', 'random_state': 2022}",-0.04971143165616452,116.9614434408934,1.6472363294982837
SpectralClustering,"{'n_clusters': 8, 'affinity': 'poly', 'assign_labels': 'kmeans', 'random_state': 3033}",-0.048317944332953916,117.80135392005441,1.6545477702198599
SpectralClustering,"{'n_clusters': 8, 'affinity': 'poly', 'assign_labels': 'kmeans', 'random_state': 4044}",-0.04783065779839533,118.2948527452684,1.6584390429981313
SpectralClustering,"{'n_clusters': 8, 'affinity': 'poly', 'assign_labels': 'kmeans', 'random_state': 5055}",-0.047927303569976716,118.26908336385057,1.6574648907771703
SpectralClustering,"{'n_clusters': 8, 'affinity': 'poly', 'assign_labels': 'kmeans', 'random_state': 6066}",-0.04928064339962506,117.01662360377104,1.6377868319729778
SpectralClustering,"{'n_clusters': 8, 'affinity': 'poly', 'assign_labels': 'discretize', 'random_state': 42}",0.088003523468284,433.992482520189,1.3550018207683123
SpectralClustering,"{'n_clusters': 8, 'affinity': 'poly', 'assign_labels': 'discretize', 'random_state': 123}",0.08775587177112,433.96584740767963,1.3636397594464251
SpectralClustering,"{'n_clusters': 8, 'affinity': 'poly', 'assign_labels': 'discretize', 'random_state': 456}",0.0880410887871003,434.0064319669972,1.3550995010270954
SpectralClustering,"{'n_clusters': 8, 'affinity': 'poly', 'assign_labels': 'discretize', 'random_state': 789}",0.0880410887871003,434.0064319669972,1.3550995010270956
SpectralClustering,"{'n_clusters': 8, 'affinity': 'poly', 'assign_labels': 'discretize', 'random_state': 1011}",0.0880410887871003,434.0064319669972,1.3550995010270956
SpectralClustering,"{'n_clusters': 8, 'affinity': 'poly', 'assign_labels': 'discretize', 'random_state': 2022}",0.088003523468284,433.992482520189,1.3550018207683125
SpectralClustering,"{'n_clusters': 8, 'affinity': 'poly', 'assign_labels': 'discretize', 'random_state': 3033}",0.0877193864861674,433.95196447356193,1.3635429379397042
SpectralClustering,"{'n_clusters': 8, 'affinity': 'poly', 'assign_labels': 'discretize', 'random_state': 4044}",0.088003523468284,433.9924825201891,1.3550018207683123
SpectralClustering,"{'n_clusters': 8, 'affinity': 'poly', 'assign_labels': 'discretize', 'random_state': 5055}",0.088003523468284,433.9924825201891,1.3550018207683123
SpectralClustering,"{'n_clusters': 8, 'affinity': 'poly', 'assign_labels': 'discretize', 'random_state': 6066}",0.088003523468284,433.9924825201891,1.3550018207683123
SpectralClustering,"{'n_clusters': 8, 'affinity': 'poly', 'assign_labels': 'cluster_qr', 'random_state': 42}",0.2089096756461965,631.9641622987972,1.334845403949004
SpectralClustering,"{'n_clusters': 8, 'affinity': 'poly', 'assign_labels': 'cluster_qr', 'random_state': 123}",0.2089096756461965,631.9641622987972,1.334845403949004
SpectralClustering,"{'n_clusters': 8, 'affinity': 'poly', 'assign_labels': 'cluster_qr', 'random_state': 456}",0.2089096756461965,631.9641622987972,1.334845403949004
SpectralClustering,"{'n_clusters': 8, 'affinity': 'poly', 'assign_labels': 'cluster_qr', 'random_state': 789}",0.2089096756461965,631.9641622987972,1.334845403949004
SpectralClustering,"{'n_clusters': 8, 'affinity': 'poly', 'assign_labels': 'cluster_qr', 'random_state': 1011}",0.2089096756461965,631.9641622987972,1.334845403949004
SpectralClustering,"{'n_clusters': 8, 'affinity': 'poly', 'assign_labels': 'cluster_qr', 'random_state': 2022}",0.2089096756461965,631.9641622987972,1.334845403949004
SpectralClustering,"{'n_clusters': 8, 'affinity': 'poly', 'assign_labels': 'cluster_qr', 'random_state': 3033}",0.2089096756461965,631.9641622987972,1.334845403949004
SpectralClustering,"{'n_clusters': 8, 'affinity': 'poly', 'assign_labels': 'cluster_qr', 'random_state': 4044}",0.2089096756461965,631.9641622987972,1.334845403949004
SpectralClustering,"{'n_clusters': 8, 'affinity': 'poly', 'assign_labels': 'cluster_qr', 'random_state': 5055}",0.2089096756461965,631.9641622987972,1.334845403949004
SpectralClustering,"{'n_clusters': 8, 'affinity': 'poly', 'assign_labels': 'cluster_qr', 'random_state': 6066}",0.2089096756461965,631.9641622987972,1.334845403949004
SpectralClustering,"{'n_clusters': 8, 'affinity': 'sigmoid', 'assign_labels': 'kmeans', 'random_state': 42}",0.0368540838187698,309.97457345629977,2.1104508330722034
SpectralClustering,"{'n_clusters': 8, 'affinity': 'sigmoid', 'assign_labels': 'kmeans', 'random_state': 123}",0.036703807084053255,312.08671565139616,2.0738508320176146
SpectralClustering,"{'n_clusters': 8, 'affinity': 'sigmoid', 'assign_labels': 'kmeans', 'random_state': 456}",0.023319399509126017,297.4364154000461,2.137776049544757
SpectralClustering,"{'n_clusters': 8, 'affinity': 'sigmoid', 'assign_labels': 'kmeans', 'random_state': 789}",0.022144126101133182,290.33570143560405,2.1357672049421117
SpectralClustering,"{'n_clusters': 8, 'affinity': 'sigmoid', 'assign_labels': 'kmeans', 'random_state': 1011}",0.027780839519049833,303.2362878364177,2.023552036087771
SpectralClustering,"{'n_clusters': 8, 'affinity': 'sigmoid', 'assign_labels': 'kmeans', 'random_state': 2022}",0.023958315315331036,293.6093630001107,2.121642050375704
SpectralClustering,"{'n_clusters': 8, 'affinity': 'sigmoid', 'assign_labels': 'kmeans', 'random_state': 3033}",0.019272172542426462,288.77838168996453,2.101337132317269
SpectralClustering,"{'n_clusters': 8, 'affinity': 'sigmoid', 'assign_labels': 'kmeans', 'random_state': 4044}",0.027761698054761624,302.75304158844745,2.064805822243486
SpectralClustering,"{'n_clusters': 8, 'affinity': 'sigmoid', 'assign_labels': 'kmeans', 'random_state': 5055}",0.028130305652839704,302.205539490062,2.069474834378397
SpectralClustering,"{'n_clusters': 8, 'affinity': 'sigmoid', 'assign_labels': 'kmeans', 'random_state': 6066}",0.0325787024487006,306.2752373401559,2.079570617090593
SpectralClustering,"{'n_clusters': 8, 'affinity': 'sigmoid', 'assign_labels': 'discretize', 'random_state': 42}",0.0466704085334073,329.7109747648677,1.9051020699264323
SpectralClustering,"{'n_clusters': 8, 'affinity': 'sigmoid', 'assign_labels': 'discretize', 'random_state': 123}",0.06615302637522401,357.8286348995896,2.078542351679199
SpectralClustering,"{'n_clusters': 8, 'affinity': 'sigmoid', 'assign_labels': 'discretize', 'random_state': 456}",0.05566890836655777,347.1158152449957,2.072029995465434
SpectralClustering,"{'n_clusters': 8, 'affinity': 'sigmoid', 'assign_labels': 'discretize', 'random_state': 789}",0.05046099011353336,331.7485829763701,1.964316711038673
SpectralClustering,"{'n_clusters': 8, 'affinity': 'sigmoid', 'assign_labels': 'discretize', 'random_state': 1011}",0.04679469390476962,335.8210856635726,2.0770190434628613
SpectralClustering,"{'n_clusters': 8, 'affinity': 'sigmoid', 'assign_labels': 'discretize', 'random_state': 2022}",0.035797744018397366,323.9210503390391,2.105772451857039
SpectralClustering,"{'n_clusters': 8, 'affinity': 'sigmoid', 'assign_labels': 'discretize', 'random_state': 3033}",0.07868801140691709,352.79519607427915,2.0863521281018365
SpectralClustering,"{'n_clusters': 8, 'affinity': 'sigmoid', 'assign_labels': 'discretize', 'random_state': 4044}",0.05379916441458845,340.9926742048683,2.0322930251095292
SpectralClustering,"{'n_clusters': 8, 'affinity': 'sigmoid', 'assign_labels': 'discretize', 'random_state': 5055}",0.060261557174917026,352.5651147400236,2.0362303010636613
SpectralClustering,"{'n_clusters': 8, 'affinity': 'sigmoid', 'assign_labels': 'discretize', 'random_state': 6066}",0.07586157362125551,366.757156040274,2.1047315317137087
SpectralClustering,"{'n_clusters': 8, 'affinity': 'sigmoid', 'assign_labels': 'cluster_qr', 'random_state': 42}",0.008512374108348134,186.79354622374862,3.2074864483361916
SpectralClustering,"{'n_clusters': 8, 'affinity': 'sigmoid', 'assign_labels': 'cluster_qr', 'random_state': 123}",0.008512374108348134,186.79354622374862,3.2074864483361916
SpectralClustering,"{'n_clusters': 8, 'affinity': 'sigmoid', 'assign_labels': 'cluster_qr', 'random_state': 456}",0.008512374108348134,186.79354622374862,3.2074864483361916
SpectralClustering,"{'n_clusters': 8, 'affinity': 'sigmoid', 'assign_labels': 'cluster_qr', 'random_state': 789}",0.008512374108348134,186.79354622374862,3.2074864483361916
SpectralClustering,"{'n_clusters': 8, 'affinity': 'sigmoid', 'assign_labels': 'cluster_qr', 'random_state': 1011}",0.008512374108348134,186.79354622374862,3.2074864483361916
SpectralClustering,"{'n_clusters': 8, 'affinity': 'sigmoid', 'assign_labels': 'cluster_qr', 'random_state': 2022}",0.008512374108348134,186.79354622374862,3.2074864483361916
SpectralClustering,"{'n_clusters': 8, 'affinity': 'sigmoid', 'assign_labels': 'cluster_qr', 'random_state': 3033}",0.008512374108348134,186.79354622374862,3.2074864483361916
SpectralClustering,"{'n_clusters': 8, 'affinity': 'sigmoid', 'assign_labels': 'cluster_qr', 'random_state': 4044}",0.008512374108348134,186.79354622374862,3.2074864483361916
SpectralClustering,"{'n_clusters': 8, 'affinity': 'sigmoid', 'assign_labels': 'cluster_qr', 'random_state': 5055}",0.008512374108348134,186.79354622374862,3.2074864483361916
SpectralClustering,"{'n_clusters': 8, 'affinity': 'sigmoid', 'assign_labels': 'cluster_qr', 'random_state': 6066}",0.008512374108348134,186.79354622374862,3.2074864483361916
SpectralClustering,"{'n_clusters': 9, 'affinity': 'rbf', 'assign_labels': 'kmeans', 'random_state': 42}",0.3361139212417517,168.91743599111234,1.0941322284443795
SpectralClustering,"{'n_clusters': 9, 'affinity': 'rbf', 'assign_labels': 'kmeans', 'random_state': 123}",0.3361139212417517,168.91743599111234,1.0941322284443795
SpectralClustering,"{'n_clusters': 9, 'affinity': 'rbf', 'assign_labels': 'kmeans', 'random_state': 456}",0.3361139212417517,168.91743599111234,1.0941322284443795
SpectralClustering,"{'n_clusters': 9, 'affinity': 'rbf', 'assign_labels': 'kmeans', 'random_state': 789}",0.3361139212417517,168.91743599111234,1.09413222844438
SpectralClustering,"{'n_clusters': 9, 'affinity': 'rbf', 'assign_labels': 'kmeans', 'random_state': 1011}",0.3361139212417517,168.91743599111234,1.0941322284443795
SpectralClustering,"{'n_clusters': 9, 'affinity': 'rbf', 'assign_labels': 'kmeans', 'random_state': 2022}",0.3361139212417517,168.91743599111234,1.0941322284443795
SpectralClustering,"{'n_clusters': 9, 'affinity': 'rbf', 'assign_labels': 'kmeans', 'random_state': 3033}",0.3361139212417517,168.91743599111234,1.0941322284443797
SpectralClustering,"{'n_clusters': 9, 'affinity': 'rbf', 'assign_labels': 'kmeans', 'random_state': 4044}",0.3361139212417517,168.91743599111234,1.0941322284443797
SpectralClustering,"{'n_clusters': 9, 'affinity': 'rbf', 'assign_labels': 'kmeans', 'random_state': 5055}",0.3361139212417517,168.91743599111234,1.0941322284443795
SpectralClustering,"{'n_clusters': 9, 'affinity': 'rbf', 'assign_labels': 'kmeans', 'random_state': 6066}",0.3361139212417517,168.91743599111234,1.0941322284443795
SpectralClustering,"{'n_clusters': 9, 'affinity': 'rbf', 'assign_labels': 'discretize', 'random_state': 42}",0.37597934643047115,383.7548897795041,1.2054006358651261
SpectralClustering,"{'n_clusters': 9, 'affinity': 'rbf', 'assign_labels': 'discretize', 'random_state': 123}",0.37597934643047115,383.7548897795041,1.2054006358651261
SpectralClustering,"{'n_clusters': 9, 'affinity': 'rbf', 'assign_labels': 'discretize', 'random_state': 456}",0.3010330918314031,447.41509803124694,1.2176455496143237
SpectralClustering,"{'n_clusters': 9, 'affinity': 'rbf', 'assign_labels': 'discretize', 'random_state': 789}",0.2903465613916479,415.86162624272964,1.2205574349789226
SpectralClustering,"{'n_clusters': 9, 'affinity': 'rbf', 'assign_labels': 'discretize', 'random_state': 1011}",0.37597934643047115,383.7548897795041,1.2054006358651261
SpectralClustering,"{'n_clusters': 9, 'affinity': 'rbf', 'assign_labels': 'discretize', 'random_state': 2022}",0.2903465613916479,415.86162624272964,1.2205574349789226
SpectralClustering,"{'n_clusters': 9, 'affinity': 'rbf', 'assign_labels': 'discretize', 'random_state': 3033}",0.34841027305101996,382.76169075500707,1.1973710855666004
SpectralClustering,"{'n_clusters': 9, 'affinity': 'rbf', 'assign_labels': 'discretize', 'random_state': 4044}",0.37597934643047115,383.7548897795041,1.2054006358651261
SpectralClustering,"{'n_clusters': 9, 'affinity': 'rbf', 'assign_labels': 'discretize', 'random_state': 5055}",0.37597934643047115,383.7548897795041,1.2054006358651261
SpectralClustering,"{'n_clusters': 9, 'affinity': 'rbf', 'assign_labels': 'discretize', 'random_state': 6066}",0.2903465613916479,415.86162624272964,1.2205574349789226
SpectralClustering,"{'n_clusters': 9, 'affinity': 'rbf', 'assign_labels': 'cluster_qr', 'random_state': 42}",0.2905794257750096,417.5811423656141,1.232856154169447
SpectralClustering,"{'n_clusters': 9, 'affinity': 'rbf', 'assign_labels': 'cluster_qr', 'random_state': 123}",0.2905794257750096,417.5811423656141,1.232856154169447
SpectralClustering,"{'n_clusters': 9, 'affinity': 'rbf', 'assign_labels': 'cluster_qr', 'random_state': 456}",0.2905794257750096,417.5811423656141,1.232856154169447
SpectralClustering,"{'n_clusters': 9, 'affinity': 'rbf', 'assign_labels': 'cluster_qr', 'random_state': 789}",0.2905794257750096,417.5811423656141,1.232856154169447
SpectralClustering,"{'n_clusters': 9, 'affinity': 'rbf', 'assign_labels': 'cluster_qr', 'random_state': 1011}",0.2905794257750096,417.5811423656141,1.232856154169447
SpectralClustering,"{'n_clusters': 9, 'affinity': 'rbf', 'assign_labels': 'cluster_qr', 'random_state': 2022}",0.2905794257750096,417.5811423656141,1.232856154169447
SpectralClustering,"{'n_clusters': 9, 'affinity': 'rbf', 'assign_labels': 'cluster_qr', 'random_state': 3033}",0.2905794257750096,417.5811423656141,1.232856154169447
SpectralClustering,"{'n_clusters': 9, 'affinity': 'rbf', 'assign_labels': 'cluster_qr', 'random_state': 4044}",0.2905794257750096,417.5811423656141,1.232856154169447
SpectralClustering,"{'n_clusters': 9, 'affinity': 'rbf', 'assign_labels': 'cluster_qr', 'random_state': 5055}",0.2905794257750096,417.5811423656141,1.232856154169447
SpectralClustering,"{'n_clusters': 9, 'affinity': 'rbf', 'assign_labels': 'cluster_qr', 'random_state': 6066}",0.2905794257750096,417.5811423656141,1.232856154169447
SpectralClustering,"{'n_clusters': 9, 'affinity': 'nearest_neighbors', 'assign_labels': 'kmeans', 'random_state': 42, 'n_neighbors': 5}",0.28328473109011676,822.1332666297072,1.284691519945402
SpectralClustering,"{'n_clusters': 9, 'affinity': 'nearest_neighbors', 'assign_labels': 'kmeans', 'random_state': 123, 'n_neighbors': 5}",0.28328473109011676,822.1332666297072,1.284691519945402
SpectralClustering,"{'n_clusters': 9, 'affinity': 'nearest_neighbors', 'assign_labels': 'kmeans', 'random_state': 456, 'n_neighbors': 5}",0.28328473109011676,822.1332666297072,1.284691519945402
SpectralClustering,"{'n_clusters': 9, 'affinity': 'nearest_neighbors', 'assign_labels': 'kmeans', 'random_state': 789, 'n_neighbors': 5}",0.2831269643704523,821.652002951458,1.2846096901542012
SpectralClustering,"{'n_clusters': 9, 'affinity': 'nearest_neighbors', 'assign_labels': 'kmeans', 'random_state': 1011, 'n_neighbors': 5}",0.2831269643704523,821.652002951458,1.284609690154201
SpectralClustering,"{'n_clusters': 9, 'affinity': 'nearest_neighbors', 'assign_labels': 'kmeans', 'random_state': 2022, 'n_neighbors': 5}",0.28328473109011676,822.1332666297072,1.284691519945402
SpectralClustering,"{'n_clusters': 9, 'affinity': 'nearest_neighbors', 'assign_labels': 'kmeans', 'random_state': 3033, 'n_neighbors': 5}",0.28328473109011676,822.1332666297074,1.284691519945402
SpectralClustering,"{'n_clusters': 9, 'affinity': 'nearest_neighbors', 'assign_labels': 'kmeans', 'random_state': 4044, 'n_neighbors': 5}",0.28328473109011676,822.1332666297072,1.284691519945402
SpectralClustering,"{'n_clusters': 9, 'affinity': 'nearest_neighbors', 'assign_labels': 'kmeans', 'random_state': 5055, 'n_neighbors': 5}",0.28328473109011676,822.1332666297072,1.284691519945402
SpectralClustering,"{'n_clusters': 9, 'affinity': 'nearest_neighbors', 'assign_labels': 'kmeans', 'random_state': 6066, 'n_neighbors': 5}",0.28328473109011676,822.1332666297072,1.284691519945402
SpectralClustering,"{'n_clusters': 9, 'affinity': 'nearest_neighbors', 'assign_labels': 'discretize', 'random_state': 42, 'n_neighbors': 5}",0.28081406117408386,817.7616752663358,1.2886163353685705
SpectralClustering,"{'n_clusters': 9, 'affinity': 'nearest_neighbors', 'assign_labels': 'discretize', 'random_state': 123, 'n_neighbors': 5}",0.28081406117408386,817.7616752663359,1.2886163353685705
SpectralClustering,"{'n_clusters': 9, 'affinity': 'nearest_neighbors', 'assign_labels': 'discretize', 'random_state': 456, 'n_neighbors': 5}",0.2807314515267255,817.9019310483794,1.289080315484191
SpectralClustering,"{'n_clusters': 9, 'affinity': 'nearest_neighbors', 'assign_labels': 'discretize', 'random_state': 789, 'n_neighbors': 5}",0.28081406117408386,817.7616752663356,1.2886163353685705
SpectralClustering,"{'n_clusters': 9, 'affinity': 'nearest_neighbors', 'assign_labels': 'discretize', 'random_state': 1011, 'n_neighbors': 5}",0.28072261668358606,817.7090304936303,1.288768272498622
SpectralClustering,"{'n_clusters': 9, 'affinity': 'nearest_neighbors', 'assign_labels': 'discretize', 'random_state': 2022, 'n_neighbors': 5}",0.2807314515267255,817.9019310483794,1.289080315484191
SpectralClustering,"{'n_clusters': 9, 'affinity': 'nearest_neighbors', 'assign_labels': 'discretize', 'random_state': 3033, 'n_neighbors': 5}",0.2807314515267255,817.9019310483792,1.289080315484191
SpectralClustering,"{'n_clusters': 9, 'affinity': 'nearest_neighbors', 'assign_labels': 'discretize', 'random_state': 4044, 'n_neighbors': 5}",0.2807314515267255,817.9019310483794,1.289080315484191
SpectralClustering,"{'n_clusters': 9, 'affinity': 'nearest_neighbors', 'assign_labels': 'discretize', 'random_state': 5055, 'n_neighbors': 5}",0.28081406117408386,817.7616752663356,1.2886163353685705
SpectralClustering,"{'n_clusters': 9, 'affinity': 'nearest_neighbors', 'assign_labels': 'discretize', 'random_state': 6066, 'n_neighbors': 5}",0.2807314515267255,817.9019310483794,1.289080315484191
SpectralClustering,"{'n_clusters': 9, 'affinity': 'nearest_neighbors', 'assign_labels': 'cluster_qr', 'random_state': 42, 'n_neighbors': 5}",0.2793070742150355,818.1507647772647,1.2920197643220452
SpectralClustering,"{'n_clusters': 9, 'affinity': 'nearest_neighbors', 'assign_labels': 'cluster_qr', 'random_state': 123, 'n_neighbors': 5}",0.2793070742150355,818.1507647772647,1.2920197643220452
SpectralClustering,"{'n_clusters': 9, 'affinity': 'nearest_neighbors', 'assign_labels': 'cluster_qr', 'random_state': 456, 'n_neighbors': 5}",0.2793070742150355,818.1507647772647,1.2920197643220452
SpectralClustering,"{'n_clusters': 9, 'affinity': 'nearest_neighbors', 'assign_labels': 'cluster_qr', 'random_state': 789, 'n_neighbors': 5}",0.2793070742150355,818.1507647772647,1.2920197643220452
SpectralClustering,"{'n_clusters': 9, 'affinity': 'nearest_neighbors', 'assign_labels': 'cluster_qr', 'random_state': 1011, 'n_neighbors': 5}",0.2793070742150355,818.1507647772647,1.2920197643220452
SpectralClustering,"{'n_clusters': 9, 'affinity': 'nearest_neighbors', 'assign_labels': 'cluster_qr', 'random_state': 2022, 'n_neighbors': 5}",0.2793070742150355,818.1507647772647,1.2920197643220452
SpectralClustering,"{'n_clusters': 9, 'affinity': 'nearest_neighbors', 'assign_labels': 'cluster_qr', 'random_state': 3033, 'n_neighbors': 5}",0.2793070742150355,818.1507647772647,1.2920197643220452
SpectralClustering,"{'n_clusters': 9, 'affinity': 'nearest_neighbors', 'assign_labels': 'cluster_qr', 'random_state': 4044, 'n_neighbors': 5}",0.2793070742150355,818.1507647772647,1.2920197643220452
SpectralClustering,"{'n_clusters': 9, 'affinity': 'nearest_neighbors', 'assign_labels': 'cluster_qr', 'random_state': 5055, 'n_neighbors': 5}",0.2793070742150355,818.1507647772647,1.2920197643220452
SpectralClustering,"{'n_clusters': 9, 'affinity': 'nearest_neighbors', 'assign_labels': 'cluster_qr', 'random_state': 6066, 'n_neighbors': 5}",0.2793070742150355,818.1507647772647,1.2920197643220452
SpectralClustering,"{'n_clusters': 9, 'affinity': 'nearest_neighbors', 'assign_labels': 'kmeans', 'random_state': 42, 'n_neighbors': 10}",0.2802478551732206,822.3871384062891,1.2875531526938369
SpectralClustering,"{'n_clusters': 9, 'affinity': 'nearest_neighbors', 'assign_labels': 'kmeans', 'random_state': 123, 'n_neighbors': 10}",0.2802478551732206,822.3871384062892,1.2875531526938366
SpectralClustering,"{'n_clusters': 9, 'affinity': 'nearest_neighbors', 'assign_labels': 'kmeans', 'random_state': 456, 'n_neighbors': 10}",0.2802478551732206,822.3871384062891,1.2875531526938369
SpectralClustering,"{'n_clusters': 9, 'affinity': 'nearest_neighbors', 'assign_labels': 'kmeans', 'random_state': 789, 'n_neighbors': 10}",0.2802478551732206,822.3871384062891,1.2875531526938369
SpectralClustering,"{'n_clusters': 9, 'affinity': 'nearest_neighbors', 'assign_labels': 'kmeans', 'random_state': 1011, 'n_neighbors': 10}",0.2802478551732206,822.3871384062891,1.2875531526938369
SpectralClustering,"{'n_clusters': 9, 'affinity': 'nearest_neighbors', 'assign_labels': 'kmeans', 'random_state': 2022, 'n_neighbors': 10}",0.2802478551732206,822.3871384062888,1.2875531526938369
SpectralClustering,"{'n_clusters': 9, 'affinity': 'nearest_neighbors', 'assign_labels': 'kmeans', 'random_state': 3033, 'n_neighbors': 10}",0.2802478551732206,822.3871384062891,1.2875531526938369
SpectralClustering,"{'n_clusters': 9, 'affinity': 'nearest_neighbors', 'assign_labels': 'kmeans', 'random_state': 4044, 'n_neighbors': 10}",0.2802478551732206,822.3871384062891,1.2875531526938369
SpectralClustering,"{'n_clusters': 9, 'affinity': 'nearest_neighbors', 'assign_labels': 'kmeans', 'random_state': 5055, 'n_neighbors': 10}",0.2802478551732206,822.3871384062888,1.2875531526938369
SpectralClustering,"{'n_clusters': 9, 'affinity': 'nearest_neighbors', 'assign_labels': 'kmeans', 'random_state': 6066, 'n_neighbors': 10}",0.2802478551732206,822.3871384062893,1.2875531526938366
SpectralClustering,"{'n_clusters': 9, 'affinity': 'nearest_neighbors', 'assign_labels': 'discretize', 'random_state': 42, 'n_neighbors': 10}",0.27605646246561416,815.5998951093836,1.2817807985885996
SpectralClustering,"{'n_clusters': 9, 'affinity': 'nearest_neighbors', 'assign_labels': 'discretize', 'random_state': 123, 'n_neighbors': 10}",0.27605646246561416,815.5998951093836,1.2817807985885994
SpectralClustering,"{'n_clusters': 9, 'affinity': 'nearest_neighbors', 'assign_labels': 'discretize', 'random_state': 456, 'n_neighbors': 10}",0.2762635641170477,815.6497167852316,1.2816746433151283
SpectralClustering,"{'n_clusters': 9, 'affinity': 'nearest_neighbors', 'assign_labels': 'discretize', 'random_state': 789, 'n_neighbors': 10}",0.27648078844250706,816.7943644726146,1.281927051110219
SpectralClustering,"{'n_clusters': 9, 'affinity': 'nearest_neighbors', 'assign_labels': 'discretize', 'random_state': 1011, 'n_neighbors': 10}",0.27605646246561416,815.5998951093834,1.2817807985885994
SpectralClustering,"{'n_clusters': 9, 'affinity': 'nearest_neighbors', 'assign_labels': 'discretize', 'random_state': 2022, 'n_neighbors': 10}",0.27648078844250706,816.7943644726143,1.281927051110219
SpectralClustering,"{'n_clusters': 9, 'affinity': 'nearest_neighbors', 'assign_labels': 'discretize', 'random_state': 3033, 'n_neighbors': 10}",0.2762635641170477,815.6497167852315,1.2816746433151283
SpectralClustering,"{'n_clusters': 9, 'affinity': 'nearest_neighbors', 'assign_labels': 'discretize', 'random_state': 4044, 'n_neighbors': 10}",0.2762635641170477,815.6497167852316,1.281674643315128
SpectralClustering,"{'n_clusters': 9, 'affinity': 'nearest_neighbors', 'assign_labels': 'discretize', 'random_state': 5055, 'n_neighbors': 10}",0.27605646246561416,815.5998951093834,1.2817807985885994
SpectralClustering,"{'n_clusters': 9, 'affinity': 'nearest_neighbors', 'assign_labels': 'discretize', 'random_state': 6066, 'n_neighbors': 10}",0.2762635641170477,815.6497167852312,1.281674643315128
SpectralClustering,"{'n_clusters': 9, 'affinity': 'nearest_neighbors', 'assign_labels': 'cluster_qr', 'random_state': 42, 'n_neighbors': 10}",0.2767820628009713,818.5386474566598,1.2856683945620189
SpectralClustering,"{'n_clusters': 9, 'affinity': 'nearest_neighbors', 'assign_labels': 'cluster_qr', 'random_state': 123, 'n_neighbors': 10}",0.2767820628009713,818.5386474566598,1.2856683945620189
SpectralClustering,"{'n_clusters': 9, 'affinity': 'nearest_neighbors', 'assign_labels': 'cluster_qr', 'random_state': 456, 'n_neighbors': 10}",0.2767820628009713,818.5386474566598,1.2856683945620189
SpectralClustering,"{'n_clusters': 9, 'affinity': 'nearest_neighbors', 'assign_labels': 'cluster_qr', 'random_state': 789, 'n_neighbors': 10}",0.2767820628009713,818.5386474566598,1.2856683945620189
SpectralClustering,"{'n_clusters': 9, 'affinity': 'nearest_neighbors', 'assign_labels': 'cluster_qr', 'random_state': 1011, 'n_neighbors': 10}",0.2767820628009713,818.5386474566598,1.2856683945620189
SpectralClustering,"{'n_clusters': 9, 'affinity': 'nearest_neighbors', 'assign_labels': 'cluster_qr', 'random_state': 2022, 'n_neighbors': 10}",0.2767820628009713,818.5386474566598,1.2856683945620189
SpectralClustering,"{'n_clusters': 9, 'affinity': 'nearest_neighbors', 'assign_labels': 'cluster_qr', 'random_state': 3033, 'n_neighbors': 10}",0.2767820628009713,818.5386474566598,1.2856683945620189
SpectralClustering,"{'n_clusters': 9, 'affinity': 'nearest_neighbors', 'assign_labels': 'cluster_qr', 'random_state': 4044, 'n_neighbors': 10}",0.2767820628009713,818.5386474566598,1.2856683945620189
SpectralClustering,"{'n_clusters': 9, 'affinity': 'nearest_neighbors', 'assign_labels': 'cluster_qr', 'random_state': 5055, 'n_neighbors': 10}",0.2767820628009713,818.5386474566598,1.2856683945620189
SpectralClustering,"{'n_clusters': 9, 'affinity': 'nearest_neighbors', 'assign_labels': 'cluster_qr', 'random_state': 6066, 'n_neighbors': 10}",0.2767820628009713,818.5386474566598,1.2856683945620189
SpectralClustering,"{'n_clusters': 9, 'affinity': 'nearest_neighbors', 'assign_labels': 'kmeans', 'random_state': 42, 'n_neighbors': 15}",0.2806373944723266,822.9190898562962,1.2803053661729367
SpectralClustering,"{'n_clusters': 9, 'affinity': 'nearest_neighbors', 'assign_labels': 'kmeans', 'random_state': 123, 'n_neighbors': 15}",0.2806373944723266,822.9190898562961,1.2803053661729367
SpectralClustering,"{'n_clusters': 9, 'affinity': 'nearest_neighbors', 'assign_labels': 'kmeans', 'random_state': 456, 'n_neighbors': 15}",0.2806373944723266,822.9190898562961,1.2803053661729367
SpectralClustering,"{'n_clusters': 9, 'affinity': 'nearest_neighbors', 'assign_labels': 'kmeans', 'random_state': 789, 'n_neighbors': 15}",0.2806373944723266,822.9190898562962,1.2803053661729369
SpectralClustering,"{'n_clusters': 9, 'affinity': 'nearest_neighbors', 'assign_labels': 'kmeans', 'random_state': 1011, 'n_neighbors': 15}",0.2806373944723266,822.9190898562961,1.2803053661729367
SpectralClustering,"{'n_clusters': 9, 'affinity': 'nearest_neighbors', 'assign_labels': 'kmeans', 'random_state': 2022, 'n_neighbors': 15}",0.2806373944723266,822.9190898562962,1.2803053661729367
SpectralClustering,"{'n_clusters': 9, 'affinity': 'nearest_neighbors', 'assign_labels': 'kmeans', 'random_state': 3033, 'n_neighbors': 15}",0.2806373944723266,822.9190898562961,1.2803053661729367
SpectralClustering,"{'n_clusters': 9, 'affinity': 'nearest_neighbors', 'assign_labels': 'kmeans', 'random_state': 4044, 'n_neighbors': 15}",0.2806373944723266,822.919089856296,1.2803053661729367
SpectralClustering,"{'n_clusters': 9, 'affinity': 'nearest_neighbors', 'assign_labels': 'kmeans', 'random_state': 5055, 'n_neighbors': 15}",0.2806373944723266,822.9190898562962,1.2803053661729367
SpectralClustering,"{'n_clusters': 9, 'affinity': 'nearest_neighbors', 'assign_labels': 'kmeans', 'random_state': 6066, 'n_neighbors': 15}",0.2806373944723266,822.9190898562961,1.2803053661729369
SpectralClustering,"{'n_clusters': 9, 'affinity': 'nearest_neighbors', 'assign_labels': 'discretize', 'random_state': 42, 'n_neighbors': 15}",0.2771733455219272,815.6531004283678,1.272914113660976
SpectralClustering,"{'n_clusters': 9, 'affinity': 'nearest_neighbors', 'assign_labels': 'discretize', 'random_state': 123, 'n_neighbors': 15}",0.2771733455219272,815.6531004283677,1.272914113660976
SpectralClustering,"{'n_clusters': 9, 'affinity': 'nearest_neighbors', 'assign_labels': 'discretize', 'random_state': 456, 'n_neighbors': 15}",0.2771733455219272,815.653100428368,1.272914113660976
SpectralClustering,"{'n_clusters': 9, 'affinity': 'nearest_neighbors', 'assign_labels': 'discretize', 'random_state': 789, 'n_neighbors': 15}",0.2771733455219272,815.6531004283678,1.272914113660976
SpectralClustering,"{'n_clusters': 9, 'affinity': 'nearest_neighbors', 'assign_labels': 'discretize', 'random_state': 1011, 'n_neighbors': 15}",0.2771733455219272,815.6531004283678,1.272914113660976
SpectralClustering,"{'n_clusters': 9, 'affinity': 'nearest_neighbors', 'assign_labels': 'discretize', 'random_state': 2022, 'n_neighbors': 15}",0.2771733455219272,815.653100428368,1.2729141136609758
SpectralClustering,"{'n_clusters': 9, 'affinity': 'nearest_neighbors', 'assign_labels': 'discretize', 'random_state': 3033, 'n_neighbors': 15}",0.2773764185216469,815.9530334511338,1.2732649432166767
SpectralClustering,"{'n_clusters': 9, 'affinity': 'nearest_neighbors', 'assign_labels': 'discretize', 'random_state': 4044, 'n_neighbors': 15}",0.27725387491353,815.6566968501731,1.27289124393893
SpectralClustering,"{'n_clusters': 9, 'affinity': 'nearest_neighbors', 'assign_labels': 'discretize', 'random_state': 5055, 'n_neighbors': 15}",0.2771733455219272,815.6531004283678,1.272914113660976
SpectralClustering,"{'n_clusters': 9, 'affinity': 'nearest_neighbors', 'assign_labels': 'discretize', 'random_state': 6066, 'n_neighbors': 15}",0.2771733455219272,815.6531004283678,1.272914113660976
SpectralClustering,"{'n_clusters': 9, 'affinity': 'nearest_neighbors', 'assign_labels': 'cluster_qr', 'random_state': 42, 'n_neighbors': 15}",0.27606505875263176,817.1008642914709,1.2794772154624532
SpectralClustering,"{'n_clusters': 9, 'affinity': 'nearest_neighbors', 'assign_labels': 'cluster_qr', 'random_state': 123, 'n_neighbors': 15}",0.27606505875263176,817.1008642914709,1.2794772154624532
SpectralClustering,"{'n_clusters': 9, 'affinity': 'nearest_neighbors', 'assign_labels': 'cluster_qr', 'random_state': 456, 'n_neighbors': 15}",0.27606505875263176,817.1008642914709,1.2794772154624532
SpectralClustering,"{'n_clusters': 9, 'affinity': 'nearest_neighbors', 'assign_labels': 'cluster_qr', 'random_state': 789, 'n_neighbors': 15}",0.27606505875263176,817.1008642914709,1.2794772154624532
SpectralClustering,"{'n_clusters': 9, 'affinity': 'nearest_neighbors', 'assign_labels': 'cluster_qr', 'random_state': 1011, 'n_neighbors': 15}",0.27606505875263176,817.1008642914709,1.2794772154624532
SpectralClustering,"{'n_clusters': 9, 'affinity': 'nearest_neighbors', 'assign_labels': 'cluster_qr', 'random_state': 2022, 'n_neighbors': 15}",0.27606505875263176,817.1008642914709,1.2794772154624532
SpectralClustering,"{'n_clusters': 9, 'affinity': 'nearest_neighbors', 'assign_labels': 'cluster_qr', 'random_state': 3033, 'n_neighbors': 15}",0.27606505875263176,817.1008642914709,1.2794772154624532
SpectralClustering,"{'n_clusters': 9, 'affinity': 'nearest_neighbors', 'assign_labels': 'cluster_qr', 'random_state': 4044, 'n_neighbors': 15}",0.27606505875263176,817.1008642914709,1.2794772154624532
SpectralClustering,"{'n_clusters': 9, 'affinity': 'nearest_neighbors', 'assign_labels': 'cluster_qr', 'random_state': 5055, 'n_neighbors': 15}",0.27606505875263176,817.1008642914709,1.2794772154624532
SpectralClustering,"{'n_clusters': 9, 'affinity': 'nearest_neighbors', 'assign_labels': 'cluster_qr', 'random_state': 6066, 'n_neighbors': 15}",0.27606505875263176,817.1008642914709,1.2794772154624532
SpectralClustering,"{'n_clusters': 9, 'affinity': 'nearest_neighbors', 'assign_labels': 'kmeans', 'random_state': 42, 'n_neighbors': 20}",0.2808118222236786,824.3345767961732,1.2799425659080734
SpectralClustering,"{'n_clusters': 9, 'affinity': 'nearest_neighbors', 'assign_labels': 'kmeans', 'random_state': 123, 'n_neighbors': 20}",0.2808118222236786,824.3345767961732,1.2799425659080734
SpectralClustering,"{'n_clusters': 9, 'affinity': 'nearest_neighbors', 'assign_labels': 'kmeans', 'random_state': 456, 'n_neighbors': 20}",0.2808118222236786,824.3345767961735,1.2799425659080734
SpectralClustering,"{'n_clusters': 9, 'affinity': 'nearest_neighbors', 'assign_labels': 'kmeans', 'random_state': 789, 'n_neighbors': 20}",0.2808118222236786,824.3345767961732,1.2799425659080734
SpectralClustering,"{'n_clusters': 9, 'affinity': 'nearest_neighbors', 'assign_labels': 'kmeans', 'random_state': 1011, 'n_neighbors': 20}",0.2806464631886723,824.1637595324179,1.2798590896646553
SpectralClustering,"{'n_clusters': 9, 'affinity': 'nearest_neighbors', 'assign_labels': 'kmeans', 'random_state': 2022, 'n_neighbors': 20}",0.2806464631886723,824.163759532418,1.2798590896646553
SpectralClustering,"{'n_clusters': 9, 'affinity': 'nearest_neighbors', 'assign_labels': 'kmeans', 'random_state': 3033, 'n_neighbors': 20}",0.2808118222236786,824.3345767961732,1.2799425659080734
SpectralClustering,"{'n_clusters': 9, 'affinity': 'nearest_neighbors', 'assign_labels': 'kmeans', 'random_state': 4044, 'n_neighbors': 20}",0.2808118222236786,824.3345767961732,1.2799425659080734
SpectralClustering,"{'n_clusters': 9, 'affinity': 'nearest_neighbors', 'assign_labels': 'kmeans', 'random_state': 5055, 'n_neighbors': 20}",0.2808118222236786,824.3345767961732,1.2799425659080734
SpectralClustering,"{'n_clusters': 9, 'affinity': 'nearest_neighbors', 'assign_labels': 'kmeans', 'random_state': 6066, 'n_neighbors': 20}",0.2808118222236786,824.3345767961732,1.2799425659080734
SpectralClustering,"{'n_clusters': 9, 'affinity': 'nearest_neighbors', 'assign_labels': 'discretize', 'random_state': 42, 'n_neighbors': 20}",0.2779186203445164,818.6207840676288,1.2733003774555023
SpectralClustering,"{'n_clusters': 9, 'affinity': 'nearest_neighbors', 'assign_labels': 'discretize', 'random_state': 123, 'n_neighbors': 20}",0.2779186203445164,818.6207840676291,1.2733003774555025
SpectralClustering,"{'n_clusters': 9, 'affinity': 'nearest_neighbors', 'assign_labels': 'discretize', 'random_state': 456, 'n_neighbors': 20}",0.2777283639289191,818.4186984901913,1.2732555152985223
SpectralClustering,"{'n_clusters': 9, 'affinity': 'nearest_neighbors', 'assign_labels': 'discretize', 'random_state': 789, 'n_neighbors': 20}",0.27777905554903787,818.5706166004343,1.273384509642361
SpectralClustering,"{'n_clusters': 9, 'affinity': 'nearest_neighbors', 'assign_labels': 'discretize', 'random_state': 1011, 'n_neighbors': 20}",0.2777283639289191,818.4186984901914,1.2732555152985223
SpectralClustering,"{'n_clusters': 9, 'affinity': 'nearest_neighbors', 'assign_labels': 'discretize', 'random_state': 2022, 'n_neighbors': 20}",0.2779691856103959,818.7727551500341,1.2734283885688393
SpectralClustering,"{'n_clusters': 9, 'affinity': 'nearest_neighbors', 'assign_labels': 'discretize', 'random_state': 3033, 'n_neighbors': 20}",0.2779691856103959,818.7727551500341,1.2734283885688393
SpectralClustering,"{'n_clusters': 9, 'affinity': 'nearest_neighbors', 'assign_labels': 'discretize', 'random_state': 4044, 'n_neighbors': 20}",0.2777283639289191,818.4186984901914,1.2732555152985223
SpectralClustering,"{'n_clusters': 9, 'affinity': 'nearest_neighbors', 'assign_labels': 'discretize', 'random_state': 5055, 'n_neighbors': 20}",0.2777283639289191,818.4186984901913,1.2732555152985223
SpectralClustering,"{'n_clusters': 9, 'affinity': 'nearest_neighbors', 'assign_labels': 'discretize', 'random_state': 6066, 'n_neighbors': 20}",0.27777905554903787,818.5706166004343,1.273384509642361
SpectralClustering,"{'n_clusters': 9, 'affinity': 'nearest_neighbors', 'assign_labels': 'cluster_qr', 'random_state': 42, 'n_neighbors': 20}",0.2758326528021446,818.4083500841352,1.2798694340684265
SpectralClustering,"{'n_clusters': 9, 'affinity': 'nearest_neighbors', 'assign_labels': 'cluster_qr', 'random_state': 123, 'n_neighbors': 20}",0.2758326528021446,818.4083500841352,1.2798694340684265
SpectralClustering,"{'n_clusters': 9, 'affinity': 'nearest_neighbors', 'assign_labels': 'cluster_qr', 'random_state': 456, 'n_neighbors': 20}",0.2758326528021446,818.4083500841352,1.2798694340684265
SpectralClustering,"{'n_clusters': 9, 'affinity': 'nearest_neighbors', 'assign_labels': 'cluster_qr', 'random_state': 789, 'n_neighbors': 20}",0.2758326528021446,818.4083500841352,1.2798694340684265
SpectralClustering,"{'n_clusters': 9, 'affinity': 'nearest_neighbors', 'assign_labels': 'cluster_qr', 'random_state': 1011, 'n_neighbors': 20}",0.2758326528021446,818.4083500841352,1.2798694340684265
SpectralClustering,"{'n_clusters': 9, 'affinity': 'nearest_neighbors', 'assign_labels': 'cluster_qr', 'random_state': 2022, 'n_neighbors': 20}",0.2758326528021446,818.4083500841352,1.2798694340684265
SpectralClustering,"{'n_clusters': 9, 'affinity': 'nearest_neighbors', 'assign_labels': 'cluster_qr', 'random_state': 3033, 'n_neighbors': 20}",0.2758326528021446,818.4083500841352,1.2798694340684265
SpectralClustering,"{'n_clusters': 9, 'affinity': 'nearest_neighbors', 'assign_labels': 'cluster_qr', 'random_state': 4044, 'n_neighbors': 20}",0.2758326528021446,818.4083500841352,1.2798694340684265
SpectralClustering,"{'n_clusters': 9, 'affinity': 'nearest_neighbors', 'assign_labels': 'cluster_qr', 'random_state': 5055, 'n_neighbors': 20}",0.2758326528021446,818.4083500841352,1.2798694340684265
SpectralClustering,"{'n_clusters': 9, 'affinity': 'nearest_neighbors', 'assign_labels': 'cluster_qr', 'random_state': 6066, 'n_neighbors': 20}",0.2758326528021446,818.4083500841352,1.2798694340684265
SpectralClustering,"{'n_clusters': 9, 'affinity': 'nearest_neighbors', 'assign_labels': 'kmeans', 'random_state': 42, 'n_neighbors': 50}",0.24543464963943815,713.9057000068478,1.183806574391859
SpectralClustering,"{'n_clusters': 9, 'affinity': 'nearest_neighbors', 'assign_labels': 'kmeans', 'random_state': 123, 'n_neighbors': 50}",0.24543464963943815,713.905700006848,1.1838065743918593
SpectralClustering,"{'n_clusters': 9, 'affinity': 'nearest_neighbors', 'assign_labels': 'kmeans', 'random_state': 456, 'n_neighbors': 50}",0.24543464963943815,713.905700006848,1.183806574391859
SpectralClustering,"{'n_clusters': 9, 'affinity': 'nearest_neighbors', 'assign_labels': 'kmeans', 'random_state': 789, 'n_neighbors': 50}",0.24543464963943815,713.905700006848,1.183806574391859
SpectralClustering,"{'n_clusters': 9, 'affinity': 'nearest_neighbors', 'assign_labels': 'kmeans', 'random_state': 1011, 'n_neighbors': 50}",0.24543464963943815,713.905700006848,1.1838065743918593
SpectralClustering,"{'n_clusters': 9, 'affinity': 'nearest_neighbors', 'assign_labels': 'kmeans', 'random_state': 2022, 'n_neighbors': 50}",0.24543464963943815,713.9057000068477,1.183806574391859
SpectralClustering,"{'n_clusters': 9, 'affinity': 'nearest_neighbors', 'assign_labels': 'kmeans', 'random_state': 3033, 'n_neighbors': 50}",0.24536883410362792,713.8328094358144,1.1843857205328336
SpectralClustering,"{'n_clusters': 9, 'affinity': 'nearest_neighbors', 'assign_labels': 'kmeans', 'random_state': 4044, 'n_neighbors': 50}",0.24543464963943815,713.9057000068478,1.1838065743918595
SpectralClustering,"{'n_clusters': 9, 'affinity': 'nearest_neighbors', 'assign_labels': 'kmeans', 'random_state': 5055, 'n_neighbors': 50}",0.24543464963943815,713.9057000068478,1.1838065743918593
SpectralClustering,"{'n_clusters': 9, 'affinity': 'nearest_neighbors', 'assign_labels': 'kmeans', 'random_state': 6066, 'n_neighbors': 50}",0.24543464963943815,713.9057000068477,1.183806574391859
SpectralClustering,"{'n_clusters': 9, 'affinity': 'nearest_neighbors', 'assign_labels': 'discretize', 'random_state': 42, 'n_neighbors': 50}",0.24231326772494996,711.7256128947319,1.1802600404041186
SpectralClustering,"{'n_clusters': 9, 'affinity': 'nearest_neighbors', 'assign_labels': 'discretize', 'random_state': 123, 'n_neighbors': 50}",0.2422955275104436,711.8122125871329,1.1801887129050173
SpectralClustering,"{'n_clusters': 9, 'affinity': 'nearest_neighbors', 'assign_labels': 'discretize', 'random_state': 456, 'n_neighbors': 50}",0.24206261950707506,711.4671717224388,1.1805290537352333
SpectralClustering,"{'n_clusters': 9, 'affinity': 'nearest_neighbors', 'assign_labels': 'discretize', 'random_state': 789, 'n_neighbors': 50}",0.24231326772494996,711.7256128947319,1.1802600404041186
SpectralClustering,"{'n_clusters': 9, 'affinity': 'nearest_neighbors', 'assign_labels': 'discretize', 'random_state': 1011, 'n_neighbors': 50}",0.2422955275104436,711.812212587133,1.1801887129050173
SpectralClustering,"{'n_clusters': 9, 'affinity': 'nearest_neighbors', 'assign_labels': 'discretize', 'random_state': 2022, 'n_neighbors': 50}",0.24214998195676607,711.5073273905559,1.1805558893707553
SpectralClustering,"{'n_clusters': 9, 'affinity': 'nearest_neighbors', 'assign_labels': 'discretize', 'random_state': 3033, 'n_neighbors': 50}",0.2422955275104436,711.812212587133,1.1801887129050173
SpectralClustering,"{'n_clusters': 9, 'affinity': 'nearest_neighbors', 'assign_labels': 'discretize', 'random_state': 4044, 'n_neighbors': 50}",0.24204471360067922,711.5537288933016,1.180457726236132
SpectralClustering,"{'n_clusters': 9, 'affinity': 'nearest_neighbors', 'assign_labels': 'discretize', 'random_state': 5055, 'n_neighbors': 50}",0.24231326772494996,711.7256128947319,1.1802600404041188
SpectralClustering,"{'n_clusters': 9, 'affinity': 'nearest_neighbors', 'assign_labels': 'discretize', 'random_state': 6066, 'n_neighbors': 50}",0.24231326772494996,711.7256128947319,1.1802600404041188
SpectralClustering,"{'n_clusters': 9, 'affinity': 'nearest_neighbors', 'assign_labels': 'cluster_qr', 'random_state': 42, 'n_neighbors': 50}",0.24891944841584593,716.9829480071747,1.174205734335102
SpectralClustering,"{'n_clusters': 9, 'affinity': 'nearest_neighbors', 'assign_labels': 'cluster_qr', 'random_state': 123, 'n_neighbors': 50}",0.24891944841584593,716.9829480071747,1.174205734335102
SpectralClustering,"{'n_clusters': 9, 'affinity': 'nearest_neighbors', 'assign_labels': 'cluster_qr', 'random_state': 456, 'n_neighbors': 50}",0.24891944841584593,716.9829480071747,1.174205734335102
SpectralClustering,"{'n_clusters': 9, 'affinity': 'nearest_neighbors', 'assign_labels': 'cluster_qr', 'random_state': 789, 'n_neighbors': 50}",0.24891944841584593,716.9829480071747,1.174205734335102
SpectralClustering,"{'n_clusters': 9, 'affinity': 'nearest_neighbors', 'assign_labels': 'cluster_qr', 'random_state': 1011, 'n_neighbors': 50}",0.24891944841584593,716.9829480071747,1.174205734335102
SpectralClustering,"{'n_clusters': 9, 'affinity': 'nearest_neighbors', 'assign_labels': 'cluster_qr', 'random_state': 2022, 'n_neighbors': 50}",0.24891944841584593,716.9829480071747,1.174205734335102
SpectralClustering,"{'n_clusters': 9, 'affinity': 'nearest_neighbors', 'assign_labels': 'cluster_qr', 'random_state': 3033, 'n_neighbors': 50}",0.24891944841584593,716.9829480071747,1.174205734335102
SpectralClustering,"{'n_clusters': 9, 'affinity': 'nearest_neighbors', 'assign_labels': 'cluster_qr', 'random_state': 4044, 'n_neighbors': 50}",0.24891944841584593,716.9829480071747,1.174205734335102
SpectralClustering,"{'n_clusters': 9, 'affinity': 'nearest_neighbors', 'assign_labels': 'cluster_qr', 'random_state': 5055, 'n_neighbors': 50}",0.24891944841584593,716.9829480071747,1.174205734335102
SpectralClustering,"{'n_clusters': 9, 'affinity': 'nearest_neighbors', 'assign_labels': 'cluster_qr', 'random_state': 6066, 'n_neighbors': 50}",0.24891944841584593,716.9829480071747,1.174205734335102
SpectralClustering,"{'n_clusters': 9, 'affinity': 'nearest_neighbors', 'assign_labels': 'kmeans', 'random_state': 42, 'n_neighbors': 100}",0.2457049582829346,722.5165510017979,1.1892395523118595
SpectralClustering,"{'n_clusters': 9, 'affinity': 'nearest_neighbors', 'assign_labels': 'kmeans', 'random_state': 123, 'n_neighbors': 100}",0.2457049582829346,722.516551001798,1.1892395523118595
SpectralClustering,"{'n_clusters': 9, 'affinity': 'nearest_neighbors', 'assign_labels': 'kmeans', 'random_state': 456, 'n_neighbors': 100}",0.2457049582829346,722.5165510017979,1.1892395523118595
SpectralClustering,"{'n_clusters': 9, 'affinity': 'nearest_neighbors', 'assign_labels': 'kmeans', 'random_state': 789, 'n_neighbors': 100}",0.2457049582829346,722.5165510017979,1.1892395523118595
SpectralClustering,"{'n_clusters': 9, 'affinity': 'nearest_neighbors', 'assign_labels': 'kmeans', 'random_state': 1011, 'n_neighbors': 100}",0.2457049582829346,722.516551001798,1.1892395523118595
SpectralClustering,"{'n_clusters': 9, 'affinity': 'nearest_neighbors', 'assign_labels': 'kmeans', 'random_state': 2022, 'n_neighbors': 100}",0.2457049582829346,722.5165510017978,1.1892395523118595
SpectralClustering,"{'n_clusters': 9, 'affinity': 'nearest_neighbors', 'assign_labels': 'kmeans', 'random_state': 3033, 'n_neighbors': 100}",0.2457049582829346,722.516551001798,1.1892395523118595
SpectralClustering,"{'n_clusters': 9, 'affinity': 'nearest_neighbors', 'assign_labels': 'kmeans', 'random_state': 4044, 'n_neighbors': 100}",0.2457049582829346,722.5165510017979,1.1892395523118595
SpectralClustering,"{'n_clusters': 9, 'affinity': 'nearest_neighbors', 'assign_labels': 'kmeans', 'random_state': 5055, 'n_neighbors': 100}",0.2457049582829346,722.5165510017979,1.1892395523118595
SpectralClustering,"{'n_clusters': 9, 'affinity': 'nearest_neighbors', 'assign_labels': 'kmeans', 'random_state': 6066, 'n_neighbors': 100}",0.2457049582829346,722.5165510017978,1.1892395523118595
SpectralClustering,"{'n_clusters': 9, 'affinity': 'nearest_neighbors', 'assign_labels': 'discretize', 'random_state': 42, 'n_neighbors': 100}",0.24569211377750833,726.5936299911028,1.18428589837378
SpectralClustering,"{'n_clusters': 9, 'affinity': 'nearest_neighbors', 'assign_labels': 'discretize', 'random_state': 123, 'n_neighbors': 100}",0.24546518525481112,726.3258954849271,1.1842200141647017
SpectralClustering,"{'n_clusters': 9, 'affinity': 'nearest_neighbors', 'assign_labels': 'discretize', 'random_state': 456, 'n_neighbors': 100}",0.2453860429937545,725.6645519910961,1.1836732509474135
SpectralClustering,"{'n_clusters': 9, 'affinity': 'nearest_neighbors', 'assign_labels': 'discretize', 'random_state': 789, 'n_neighbors': 100}",0.2453860429937545,725.664551991096,1.1836732509474133
SpectralClustering,"{'n_clusters': 9, 'affinity': 'nearest_neighbors', 'assign_labels': 'discretize', 'random_state': 1011, 'n_neighbors': 100}",0.24546518525481112,726.3258954849271,1.184220014164702
SpectralClustering,"{'n_clusters': 9, 'affinity': 'nearest_neighbors', 'assign_labels': 'discretize', 'random_state': 2022, 'n_neighbors': 100}",0.24546518525481112,726.325895484927,1.184220014164702
SpectralClustering,"{'n_clusters': 9, 'affinity': 'nearest_neighbors', 'assign_labels': 'discretize', 'random_state': 3033, 'n_neighbors': 100}",0.24561232228359198,726.4159795581589,1.1842874343071292
SpectralClustering,"{'n_clusters': 9, 'affinity': 'nearest_neighbors', 'assign_labels': 'discretize', 'random_state': 4044, 'n_neighbors': 100}",0.24561232228359198,726.4159795581589,1.1842874343071292
SpectralClustering,"{'n_clusters': 9, 'affinity': 'nearest_neighbors', 'assign_labels': 'discretize', 'random_state': 5055, 'n_neighbors': 100}",0.24556562551927574,726.5433266744161,1.1842544931857075
SpectralClustering,"{'n_clusters': 9, 'affinity': 'nearest_neighbors', 'assign_labels': 'discretize', 'random_state': 6066, 'n_neighbors': 100}",0.24556562551927574,726.5433266744161,1.1842544931857075
SpectralClustering,"{'n_clusters': 9, 'affinity': 'nearest_neighbors', 'assign_labels': 'cluster_qr', 'random_state': 42, 'n_neighbors': 100}",0.24809486582427884,726.5217004694574,1.1877167572555711
SpectralClustering,"{'n_clusters': 9, 'affinity': 'nearest_neighbors', 'assign_labels': 'cluster_qr', 'random_state': 123, 'n_neighbors': 100}",0.24809486582427884,726.5217004694574,1.1877167572555711
SpectralClustering,"{'n_clusters': 9, 'affinity': 'nearest_neighbors', 'assign_labels': 'cluster_qr', 'random_state': 456, 'n_neighbors': 100}",0.24809486582427884,726.5217004694574,1.1877167572555711
SpectralClustering,"{'n_clusters': 9, 'affinity': 'nearest_neighbors', 'assign_labels': 'cluster_qr', 'random_state': 789, 'n_neighbors': 100}",0.24809486582427884,726.5217004694574,1.1877167572555711
SpectralClustering,"{'n_clusters': 9, 'affinity': 'nearest_neighbors', 'assign_labels': 'cluster_qr', 'random_state': 1011, 'n_neighbors': 100}",0.24809486582427884,726.5217004694574,1.1877167572555711
SpectralClustering,"{'n_clusters': 9, 'affinity': 'nearest_neighbors', 'assign_labels': 'cluster_qr', 'random_state': 2022, 'n_neighbors': 100}",0.24809486582427884,726.5217004694574,1.1877167572555711
SpectralClustering,"{'n_clusters': 9, 'affinity': 'nearest_neighbors', 'assign_labels': 'cluster_qr', 'random_state': 3033, 'n_neighbors': 100}",0.24809486582427884,726.5217004694574,1.1877167572555711
SpectralClustering,"{'n_clusters': 9, 'affinity': 'nearest_neighbors', 'assign_labels': 'cluster_qr', 'random_state': 4044, 'n_neighbors': 100}",0.24809486582427884,726.5217004694574,1.1877167572555711
SpectralClustering,"{'n_clusters': 9, 'affinity': 'nearest_neighbors', 'assign_labels': 'cluster_qr', 'random_state': 5055, 'n_neighbors': 100}",0.24809486582427884,726.5217004694574,1.1877167572555711
SpectralClustering,"{'n_clusters': 9, 'affinity': 'nearest_neighbors', 'assign_labels': 'cluster_qr', 'random_state': 6066, 'n_neighbors': 100}",0.24809486582427884,726.5217004694574,1.1877167572555711
SpectralClustering,"{'n_clusters': 9, 'affinity': 'polynomial', 'assign_labels': 'kmeans', 'random_state': 42}",-0.05417141524941095,105.85231266205767,1.7685514645877158
SpectralClustering,"{'n_clusters': 9, 'affinity': 'polynomial', 'assign_labels': 'kmeans', 'random_state': 123}",0.025369857002973027,166.84736625196703,1.6003038473803086
SpectralClustering,"{'n_clusters': 9, 'affinity': 'polynomial', 'assign_labels': 'kmeans', 'random_state': 456}",0.025676423011153634,167.31644536211735,1.6049537721661506
SpectralClustering,"{'n_clusters': 9, 'affinity': 'polynomial', 'assign_labels': 'kmeans', 'random_state': 789}",0.027223334866087343,168.58224548739588,1.6046276812243783
SpectralClustering,"{'n_clusters': 9, 'affinity': 'polynomial', 'assign_labels': 'kmeans', 'random_state': 1011}",0.026902167670285686,168.20218227162223,1.5972374366517768
SpectralClustering,"{'n_clusters': 9, 'affinity': 'polynomial', 'assign_labels': 'kmeans', 'random_state': 2022}",0.02679882127027078,167.68169409532092,1.6050721678469884
SpectralClustering,"{'n_clusters': 9, 'affinity': 'polynomial', 'assign_labels': 'kmeans', 'random_state': 3033}",0.026617239635356876,167.245244340463,1.590037492145815
SpectralClustering,"{'n_clusters': 9, 'affinity': 'polynomial', 'assign_labels': 'kmeans', 'random_state': 4044}",0.026774985667123122,167.64993384759265,1.600448733466665
SpectralClustering,"{'n_clusters': 9, 'affinity': 'polynomial', 'assign_labels': 'kmeans', 'random_state': 5055}",0.026732965429502927,167.83596438702452,1.606069183597211
SpectralClustering,"{'n_clusters': 9, 'affinity': 'polynomial', 'assign_labels': 'kmeans', 'random_state': 6066}",0.027540180546427852,168.3909761801796,1.5881911889174707
SpectralClustering,"{'n_clusters': 9, 'affinity': 'polynomial', 'assign_labels': 'discretize', 'random_state': 42}",0.10757019161397498,483.40956782027513,1.8767669291646265
SpectralClustering,"{'n_clusters': 9, 'affinity': 'polynomial', 'assign_labels': 'discretize', 'random_state': 123}",0.10158953173070659,441.9260083121533,1.7191490689329938
SpectralClustering,"{'n_clusters': 9, 'affinity': 'polynomial', 'assign_labels': 'discretize', 'random_state': 456}",0.10758506980020105,482.8357579365679,1.866246352909688
SpectralClustering,"{'n_clusters': 9, 'affinity': 'polynomial', 'assign_labels': 'discretize', 'random_state': 789}",0.10854182577704401,488.1390210391395,1.8722893325447139
SpectralClustering,"{'n_clusters': 9, 'affinity': 'polynomial', 'assign_labels': 'discretize', 'random_state': 1011}",0.10678167888455724,488.4319711265974,1.8747516059157907
SpectralClustering,"{'n_clusters': 9, 'affinity': 'polynomial', 'assign_labels': 'discretize', 'random_state': 2022}",0.10220038846028409,443.1776264753956,1.7209063245404232
SpectralClustering,"{'n_clusters': 9, 'affinity': 'polynomial', 'assign_labels': 'discretize', 'random_state': 3033}",0.10415326741756432,449.6888970903358,1.6706470920781151
SpectralClustering,"{'n_clusters': 9, 'affinity': 'polynomial', 'assign_labels': 'discretize', 'random_state': 4044}",0.10309169265445117,446.07075053677994,1.692985211447119
SpectralClustering,"{'n_clusters': 9, 'affinity': 'polynomial', 'assign_labels': 'discretize', 'random_state': 5055}",0.10238794777940127,443.805848296731,1.6593072428281515
SpectralClustering,"{'n_clusters': 9, 'affinity': 'polynomial', 'assign_labels': 'discretize', 'random_state': 6066}",0.19198304230838065,647.1324572355893,1.2839599356068399
SpectralClustering,"{'n_clusters': 9, 'affinity': 'polynomial', 'assign_labels': 'cluster_qr', 'random_state': 42}",0.20751704351156922,655.3594553866857,1.372744158824621
SpectralClustering,"{'n_clusters': 9, 'affinity': 'polynomial', 'assign_labels': 'cluster_qr', 'random_state': 123}",0.20751704351156922,655.3594553866857,1.372744158824621
SpectralClustering,"{'n_clusters': 9, 'affinity': 'polynomial', 'assign_labels': 'cluster_qr', 'random_state': 456}",0.20751704351156922,655.3594553866857,1.372744158824621
SpectralClustering,"{'n_clusters': 9, 'affinity': 'polynomial', 'assign_labels': 'cluster_qr', 'random_state': 789}",0.20751704351156922,655.3594553866857,1.372744158824621
SpectralClustering,"{'n_clusters': 9, 'affinity': 'polynomial', 'assign_labels': 'cluster_qr', 'random_state': 1011}",0.20751704351156922,655.3594553866857,1.372744158824621
SpectralClustering,"{'n_clusters': 9, 'affinity': 'polynomial', 'assign_labels': 'cluster_qr', 'random_state': 2022}",0.20751704351156922,655.3594553866857,1.372744158824621
SpectralClustering,"{'n_clusters': 9, 'affinity': 'polynomial', 'assign_labels': 'cluster_qr', 'random_state': 3033}",0.20751704351156922,655.3594553866857,1.372744158824621
SpectralClustering,"{'n_clusters': 9, 'affinity': 'polynomial', 'assign_labels': 'cluster_qr', 'random_state': 4044}",0.20751704351156922,655.3594553866857,1.372744158824621
SpectralClustering,"{'n_clusters': 9, 'affinity': 'polynomial', 'assign_labels': 'cluster_qr', 'random_state': 5055}",0.20751704351156922,655.3594553866857,1.372744158824621
SpectralClustering,"{'n_clusters': 9, 'affinity': 'polynomial', 'assign_labels': 'cluster_qr', 'random_state': 6066}",0.20751704351156922,655.3594553866857,1.372744158824621
SpectralClustering,"{'n_clusters': 9, 'affinity': 'poly', 'assign_labels': 'kmeans', 'random_state': 42}",-0.05417141524941095,105.85231266205767,1.7685514645877158
SpectralClustering,"{'n_clusters': 9, 'affinity': 'poly', 'assign_labels': 'kmeans', 'random_state': 123}",0.025369857002973027,166.84736625196703,1.6003038473803086
SpectralClustering,"{'n_clusters': 9, 'affinity': 'poly', 'assign_labels': 'kmeans', 'random_state': 456}",0.025676423011153634,167.31644536211735,1.6049537721661506
SpectralClustering,"{'n_clusters': 9, 'affinity': 'poly', 'assign_labels': 'kmeans', 'random_state': 789}",0.027223334866087343,168.58224548739588,1.6046276812243783
SpectralClustering,"{'n_clusters': 9, 'affinity': 'poly', 'assign_labels': 'kmeans', 'random_state': 1011}",0.026902167670285686,168.20218227162223,1.5972374366517768
SpectralClustering,"{'n_clusters': 9, 'affinity': 'poly', 'assign_labels': 'kmeans', 'random_state': 2022}",0.02679882127027078,167.68169409532092,1.6050721678469884
SpectralClustering,"{'n_clusters': 9, 'affinity': 'poly', 'assign_labels': 'kmeans', 'random_state': 3033}",0.026617239635356876,167.245244340463,1.590037492145815
SpectralClustering,"{'n_clusters': 9, 'affinity': 'poly', 'assign_labels': 'kmeans', 'random_state': 4044}",0.026774985667123122,167.64993384759265,1.600448733466665
SpectralClustering,"{'n_clusters': 9, 'affinity': 'poly', 'assign_labels': 'kmeans', 'random_state': 5055}",0.026732965429502927,167.83596438702452,1.606069183597211
SpectralClustering,"{'n_clusters': 9, 'affinity': 'poly', 'assign_labels': 'kmeans', 'random_state': 6066}",0.027540180546427852,168.3909761801796,1.5881911889174707
SpectralClustering,"{'n_clusters': 9, 'affinity': 'poly', 'assign_labels': 'discretize', 'random_state': 42}",0.10757019161397498,483.40956782027513,1.8767669291646265
SpectralClustering,"{'n_clusters': 9, 'affinity': 'poly', 'assign_labels': 'discretize', 'random_state': 123}",0.10158953173070659,441.9260083121533,1.7191490689329938
SpectralClustering,"{'n_clusters': 9, 'affinity': 'poly', 'assign_labels': 'discretize', 'random_state': 456}",0.10758506980020105,482.8357579365679,1.866246352909688
SpectralClustering,"{'n_clusters': 9, 'affinity': 'poly', 'assign_labels': 'discretize', 'random_state': 789}",0.10854182577704401,488.1390210391395,1.8722893325447139
SpectralClustering,"{'n_clusters': 9, 'affinity': 'poly', 'assign_labels': 'discretize', 'random_state': 1011}",0.10678167888455724,488.4319711265974,1.8747516059157907
SpectralClustering,"{'n_clusters': 9, 'affinity': 'poly', 'assign_labels': 'discretize', 'random_state': 2022}",0.10220038846028409,443.1776264753956,1.7209063245404232
SpectralClustering,"{'n_clusters': 9, 'affinity': 'poly', 'assign_labels': 'discretize', 'random_state': 3033}",0.10415326741756432,449.6888970903358,1.6706470920781151
SpectralClustering,"{'n_clusters': 9, 'affinity': 'poly', 'assign_labels': 'discretize', 'random_state': 4044}",0.10309169265445117,446.07075053677994,1.692985211447119
SpectralClustering,"{'n_clusters': 9, 'affinity': 'poly', 'assign_labels': 'discretize', 'random_state': 5055}",0.10238794777940127,443.805848296731,1.6593072428281515
SpectralClustering,"{'n_clusters': 9, 'affinity': 'poly', 'assign_labels': 'discretize', 'random_state': 6066}",0.19198304230838065,647.1324572355893,1.2839599356068399
SpectralClustering,"{'n_clusters': 9, 'affinity': 'poly', 'assign_labels': 'cluster_qr', 'random_state': 42}",0.20751704351156922,655.3594553866857,1.372744158824621
SpectralClustering,"{'n_clusters': 9, 'affinity': 'poly', 'assign_labels': 'cluster_qr', 'random_state': 123}",0.20751704351156922,655.3594553866857,1.372744158824621
SpectralClustering,"{'n_clusters': 9, 'affinity': 'poly', 'assign_labels': 'cluster_qr', 'random_state': 456}",0.20751704351156922,655.3594553866857,1.372744158824621
SpectralClustering,"{'n_clusters': 9, 'affinity': 'poly', 'assign_labels': 'cluster_qr', 'random_state': 789}",0.20751704351156922,655.3594553866857,1.372744158824621
SpectralClustering,"{'n_clusters': 9, 'affinity': 'poly', 'assign_labels': 'cluster_qr', 'random_state': 1011}",0.20751704351156922,655.3594553866857,1.372744158824621
SpectralClustering,"{'n_clusters': 9, 'affinity': 'poly', 'assign_labels': 'cluster_qr', 'random_state': 2022}",0.20751704351156922,655.3594553866857,1.372744158824621
SpectralClustering,"{'n_clusters': 9, 'affinity': 'poly', 'assign_labels': 'cluster_qr', 'random_state': 3033}",0.20751704351156922,655.3594553866857,1.372744158824621
SpectralClustering,"{'n_clusters': 9, 'affinity': 'poly', 'assign_labels': 'cluster_qr', 'random_state': 4044}",0.20751704351156922,655.3594553866857,1.372744158824621
SpectralClustering,"{'n_clusters': 9, 'affinity': 'poly', 'assign_labels': 'cluster_qr', 'random_state': 5055}",0.20751704351156922,655.3594553866857,1.372744158824621
SpectralClustering,"{'n_clusters': 9, 'affinity': 'poly', 'assign_labels': 'cluster_qr', 'random_state': 6066}",0.20751704351156922,655.3594553866857,1.372744158824621
SpectralClustering,"{'n_clusters': 9, 'affinity': 'sigmoid', 'assign_labels': 'kmeans', 'random_state': 42}",0.06936908574163637,309.075438779431,2.322097671836545
SpectralClustering,"{'n_clusters': 9, 'affinity': 'sigmoid', 'assign_labels': 'kmeans', 'random_state': 123}",0.05439419878407089,249.6810325364867,2.389328074662092
SpectralClustering,"{'n_clusters': 9, 'affinity': 'sigmoid', 'assign_labels': 'kmeans', 'random_state': 456}",0.04272851850415011,238.02325279168357,3.072999745961507
SpectralClustering,"{'n_clusters': 9, 'affinity': 'sigmoid', 'assign_labels': 'kmeans', 'random_state': 789}",0.03547355337674849,228.5335140010726,2.8120742252215516
SpectralClustering,"{'n_clusters': 9, 'affinity': 'sigmoid', 'assign_labels': 'kmeans', 'random_state': 1011}",0.007743218531826006,236.00848724636128,2.2029101312622092
SpectralClustering,"{'n_clusters': 9, 'affinity': 'sigmoid', 'assign_labels': 'kmeans', 'random_state': 2022}",0.04938690338225681,274.7546945541787,2.0493745310064693
SpectralClustering,"{'n_clusters': 9, 'affinity': 'sigmoid', 'assign_labels': 'kmeans', 'random_state': 3033}",0.026651790203746015,232.39541504386392,2.708793108316241
SpectralClustering,"{'n_clusters': 9, 'affinity': 'sigmoid', 'assign_labels': 'kmeans', 'random_state': 4044}",0.027801802489422173,235.23524148814235,2.8796012835613487
SpectralClustering,"{'n_clusters': 9, 'affinity': 'sigmoid', 'assign_labels': 'kmeans', 'random_state': 5055}",0.0342445226738734,231.51935891291146,2.68528384100919
SpectralClustering,"{'n_clusters': 9, 'affinity': 'sigmoid', 'assign_labels': 'kmeans', 'random_state': 6066}",0.04383475090306666,250.6099754292464,2.326413892268432
SpectralClustering,"{'n_clusters': 9, 'affinity': 'sigmoid', 'assign_labels': 'discretize', 'random_state': 42}",0.027730774987475223,263.3005755641982,2.739645986818962
SpectralClustering,"{'n_clusters': 9, 'affinity': 'sigmoid', 'assign_labels': 'discretize', 'random_state': 123}",0.026121224725159802,262.0963970316592,2.4617070115601796
SpectralClustering,"{'n_clusters': 9, 'affinity': 'sigmoid', 'assign_labels': 'discretize', 'random_state': 456}",0.050379250813145066,274.4154128879879,2.3389292271310853
SpectralClustering,"{'n_clusters': 9, 'affinity': 'sigmoid', 'assign_labels': 'discretize', 'random_state': 789}",0.06324443213549195,275.55221082359117,2.4724178734524855
SpectralClustering,"{'n_clusters': 9, 'affinity': 'sigmoid', 'assign_labels': 'discretize', 'random_state': 1011}",0.02780267536236271,266.35565963035856,2.3561312728560098
SpectralClustering,"{'n_clusters': 9, 'affinity': 'sigmoid', 'assign_labels': 'discretize', 'random_state': 2022}",0.03138398918830895,243.34542370203226,2.714655112914193
SpectralClustering,"{'n_clusters': 9, 'affinity': 'sigmoid', 'assign_labels': 'discretize', 'random_state': 3033}",0.024064547623360362,260.1603347570227,2.723759829795652
SpectralClustering,"{'n_clusters': 9, 'affinity': 'sigmoid', 'assign_labels': 'discretize', 'random_state': 4044}",0.04261322759143934,242.9023242376651,2.3798718315050396
SpectralClustering,"{'n_clusters': 9, 'affinity': 'sigmoid', 'assign_labels': 'discretize', 'random_state': 5055}",0.048553807558831624,256.9784125178339,2.394757670268996
SpectralClustering,"{'n_clusters': 9, 'affinity': 'sigmoid', 'assign_labels': 'discretize', 'random_state': 6066}",0.04100479048959569,269.6131707524709,2.43108636722282
SpectralClustering,"{'n_clusters': 9, 'affinity': 'sigmoid', 'assign_labels': 'cluster_qr', 'random_state': 42}",-0.03667778849778675,97.9440667925989,4.77275590164065
SpectralClustering,"{'n_clusters': 9, 'affinity': 'sigmoid', 'assign_labels': 'cluster_qr', 'random_state': 123}",-0.03667778849778675,97.9440667925989,4.77275590164065
SpectralClustering,"{'n_clusters': 9, 'affinity': 'sigmoid', 'assign_labels': 'cluster_qr', 'random_state': 456}",-0.03667778849778675,97.9440667925989,4.77275590164065
SpectralClustering,"{'n_clusters': 9, 'affinity': 'sigmoid', 'assign_labels': 'cluster_qr', 'random_state': 789}",-0.03667778849778675,97.9440667925989,4.77275590164065
SpectralClustering,"{'n_clusters': 9, 'affinity': 'sigmoid', 'assign_labels': 'cluster_qr', 'random_state': 1011}",-0.03667778849778675,97.9440667925989,4.77275590164065
SpectralClustering,"{'n_clusters': 9, 'affinity': 'sigmoid', 'assign_labels': 'cluster_qr', 'random_state': 2022}",-0.03667778849778675,97.9440667925989,4.77275590164065
SpectralClustering,"{'n_clusters': 9, 'affinity': 'sigmoid', 'assign_labels': 'cluster_qr', 'random_state': 3033}",-0.03667778849778675,97.9440667925989,4.77275590164065
SpectralClustering,"{'n_clusters': 9, 'affinity': 'sigmoid', 'assign_labels': 'cluster_qr', 'random_state': 4044}",-0.03667778849778675,97.9440667925989,4.77275590164065
SpectralClustering,"{'n_clusters': 9, 'affinity': 'sigmoid', 'assign_labels': 'cluster_qr', 'random_state': 5055}",-0.03667778849778675,97.9440667925989,4.77275590164065
SpectralClustering,"{'n_clusters': 9, 'affinity': 'sigmoid', 'assign_labels': 'cluster_qr', 'random_state': 6066}",-0.03667778849778675,97.9440667925989,4.77275590164065
SpectralClustering,"{'n_clusters': 10, 'affinity': 'rbf', 'assign_labels': 'kmeans', 'random_state': 42}",0.3370658441038516,226.82567304519037,1.0709290923907369
SpectralClustering,"{'n_clusters': 10, 'affinity': 'rbf', 'assign_labels': 'kmeans', 'random_state': 123}",0.3370658441038516,226.82567304519048,1.0709290923907369
SpectralClustering,"{'n_clusters': 10, 'affinity': 'rbf', 'assign_labels': 'kmeans', 'random_state': 456}",0.33695586175613107,227.00669066599957,1.0711342091372331
SpectralClustering,"{'n_clusters': 10, 'affinity': 'rbf', 'assign_labels': 'kmeans', 'random_state': 789}",0.33717788667579784,227.23870668578218,1.070326257361182
SpectralClustering,"{'n_clusters': 10, 'affinity': 'rbf', 'assign_labels': 'kmeans', 'random_state': 1011}",0.3370658441038516,226.82567304519043,1.0709290923907369
SpectralClustering,"{'n_clusters': 10, 'affinity': 'rbf', 'assign_labels': 'kmeans', 'random_state': 2022}",0.33717788667579784,227.23870668578218,1.070326257361182
SpectralClustering,"{'n_clusters': 10, 'affinity': 'rbf', 'assign_labels': 'kmeans', 'random_state': 3033}",0.3370658441038516,226.82567304519043,1.0709290923907369
SpectralClustering,"{'n_clusters': 10, 'affinity': 'rbf', 'assign_labels': 'kmeans', 'random_state': 4044}",0.33717788667579784,227.23870668578218,1.070326257361182
SpectralClustering,"{'n_clusters': 10, 'affinity': 'rbf', 'assign_labels': 'kmeans', 'random_state': 5055}",0.3370658441038516,226.82567304519048,1.0709290923907369
SpectralClustering,"{'n_clusters': 10, 'affinity': 'rbf', 'assign_labels': 'kmeans', 'random_state': 6066}",0.3370658441038516,226.82567304519043,1.0709290923907369
SpectralClustering,"{'n_clusters': 10, 'affinity': 'rbf', 'assign_labels': 'discretize', 'random_state': 42}",0.3362220789818424,545.8460147501903,1.2276323867028918
SpectralClustering,"{'n_clusters': 10, 'affinity': 'rbf', 'assign_labels': 'discretize', 'random_state': 123}",0.3362220789818424,545.8460147501905,1.2276323867028918
SpectralClustering,"{'n_clusters': 10, 'affinity': 'rbf', 'assign_labels': 'discretize', 'random_state': 456}",0.3362220789818424,545.8460147501903,1.2276323867028918
SpectralClustering,"{'n_clusters': 10, 'affinity': 'rbf', 'assign_labels': 'discretize', 'random_state': 789}",0.3362220789818424,545.8460147501903,1.2276323867028915
SpectralClustering,"{'n_clusters': 10, 'affinity': 'rbf', 'assign_labels': 'discretize', 'random_state': 1011}",0.3362220789818424,545.8460147501903,1.2276323867028918
SpectralClustering,"{'n_clusters': 10, 'affinity': 'rbf', 'assign_labels': 'discretize', 'random_state': 2022}",0.3362220789818424,545.8460147501903,1.2276323867028918
SpectralClustering,"{'n_clusters': 10, 'affinity': 'rbf', 'assign_labels': 'discretize', 'random_state': 3033}",0.3362220789818424,545.8460147501903,1.2276323867028918
SpectralClustering,"{'n_clusters': 10, 'affinity': 'rbf', 'assign_labels': 'discretize', 'random_state': 4044}",0.3362220789818424,545.8460147501905,1.2276323867028918
SpectralClustering,"{'n_clusters': 10, 'affinity': 'rbf', 'assign_labels': 'discretize', 'random_state': 5055}",0.3362220789818424,545.8460147501903,1.2276323867028918
SpectralClustering,"{'n_clusters': 10, 'affinity': 'rbf', 'assign_labels': 'discretize', 'random_state': 6066}",0.3362220789818424,545.8460147501903,1.2276323867028915
SpectralClustering,"{'n_clusters': 10, 'affinity': 'rbf', 'assign_labels': 'cluster_qr', 'random_state': 42}",0.3384381531631682,554.2233364491617,1.2395094091111438
SpectralClustering,"{'n_clusters': 10, 'affinity': 'rbf', 'assign_labels': 'cluster_qr', 'random_state': 123}",0.3384381531631682,554.2233364491617,1.2395094091111438
SpectralClustering,"{'n_clusters': 10, 'affinity': 'rbf', 'assign_labels': 'cluster_qr', 'random_state': 456}",0.3384381531631682,554.2233364491617,1.2395094091111438
SpectralClustering,"{'n_clusters': 10, 'affinity': 'rbf', 'assign_labels': 'cluster_qr', 'random_state': 789}",0.3384381531631682,554.2233364491617,1.2395094091111438
SpectralClustering,"{'n_clusters': 10, 'affinity': 'rbf', 'assign_labels': 'cluster_qr', 'random_state': 1011}",0.3384381531631682,554.2233364491617,1.2395094091111438
SpectralClustering,"{'n_clusters': 10, 'affinity': 'rbf', 'assign_labels': 'cluster_qr', 'random_state': 2022}",0.3384381531631682,554.2233364491617,1.2395094091111438
SpectralClustering,"{'n_clusters': 10, 'affinity': 'rbf', 'assign_labels': 'cluster_qr', 'random_state': 3033}",0.3384381531631682,554.2233364491617,1.2395094091111438
SpectralClustering,"{'n_clusters': 10, 'affinity': 'rbf', 'assign_labels': 'cluster_qr', 'random_state': 4044}",0.3384381531631682,554.2233364491617,1.2395094091111438
SpectralClustering,"{'n_clusters': 10, 'affinity': 'rbf', 'assign_labels': 'cluster_qr', 'random_state': 5055}",0.3384381531631682,554.2233364491617,1.2395094091111438
SpectralClustering,"{'n_clusters': 10, 'affinity': 'rbf', 'assign_labels': 'cluster_qr', 'random_state': 6066}",0.3384381531631682,554.2233364491617,1.2395094091111438
SpectralClustering,"{'n_clusters': 10, 'affinity': 'nearest_neighbors', 'assign_labels': 'kmeans', 'random_state': 42, 'n_neighbors': 5}",0.26186106817236626,755.8973993002043,1.326868885086812
SpectralClustering,"{'n_clusters': 10, 'affinity': 'nearest_neighbors', 'assign_labels': 'kmeans', 'random_state': 123, 'n_neighbors': 5}",0.26186106817236626,755.8973993002043,1.326868885086812
SpectralClustering,"{'n_clusters': 10, 'affinity': 'nearest_neighbors', 'assign_labels': 'kmeans', 'random_state': 456, 'n_neighbors': 5}",0.26186106817236626,755.8973993002043,1.326868885086812
SpectralClustering,"{'n_clusters': 10, 'affinity': 'nearest_neighbors', 'assign_labels': 'kmeans', 'random_state': 789, 'n_neighbors': 5}",0.26186106817236626,755.897399300204,1.3268688850868122
SpectralClustering,"{'n_clusters': 10, 'affinity': 'nearest_neighbors', 'assign_labels': 'kmeans', 'random_state': 1011, 'n_neighbors': 5}",0.26186106817236626,755.8973993002041,1.326868885086812
SpectralClustering,"{'n_clusters': 10, 'affinity': 'nearest_neighbors', 'assign_labels': 'kmeans', 'random_state': 2022, 'n_neighbors': 5}",0.26186106817236626,755.8973993002041,1.326868885086812
SpectralClustering,"{'n_clusters': 10, 'affinity': 'nearest_neighbors', 'assign_labels': 'kmeans', 'random_state': 3033, 'n_neighbors': 5}",0.26186106817236626,755.8973993002041,1.3268688850868122
SpectralClustering,"{'n_clusters': 10, 'affinity': 'nearest_neighbors', 'assign_labels': 'kmeans', 'random_state': 4044, 'n_neighbors': 5}",0.26176692384483935,755.8809340810697,1.3268297430315898
SpectralClustering,"{'n_clusters': 10, 'affinity': 'nearest_neighbors', 'assign_labels': 'kmeans', 'random_state': 5055, 'n_neighbors': 5}",0.26186106817236626,755.8973993002041,1.326868885086812
SpectralClustering,"{'n_clusters': 10, 'affinity': 'nearest_neighbors', 'assign_labels': 'kmeans', 'random_state': 6066, 'n_neighbors': 5}",0.26186106817236626,755.8973993002043,1.326868885086812
SpectralClustering,"{'n_clusters': 10, 'affinity': 'nearest_neighbors', 'assign_labels': 'discretize', 'random_state': 42, 'n_neighbors': 5}",0.26429809099988755,755.5911162352055,1.314580635817428
SpectralClustering,"{'n_clusters': 10, 'affinity': 'nearest_neighbors', 'assign_labels': 'discretize', 'random_state': 123, 'n_neighbors': 5}",0.26419296722075203,755.5416695385958,1.3147151295970019
SpectralClustering,"{'n_clusters': 10, 'affinity': 'nearest_neighbors', 'assign_labels': 'discretize', 'random_state': 456, 'n_neighbors': 5}",0.26419652006953487,755.7228523454354,1.3149952960799964
SpectralClustering,"{'n_clusters': 10, 'affinity': 'nearest_neighbors', 'assign_labels': 'discretize', 'random_state': 789, 'n_neighbors': 5}",0.26429809099988755,755.5911162352055,1.3145806358174277
SpectralClustering,"{'n_clusters': 10, 'affinity': 'nearest_neighbors', 'assign_labels': 'discretize', 'random_state': 1011, 'n_neighbors': 5}",0.26419652006953487,755.7228523454354,1.3149952960799967
SpectralClustering,"{'n_clusters': 10, 'affinity': 'nearest_neighbors', 'assign_labels': 'discretize', 'random_state': 2022, 'n_neighbors': 5}",0.26429809099988755,755.5911162352055,1.314580635817428
SpectralClustering,"{'n_clusters': 10, 'affinity': 'nearest_neighbors', 'assign_labels': 'discretize', 'random_state': 3033, 'n_neighbors': 5}",0.26429809099988755,755.5911162352055,1.3145806358174277
SpectralClustering,"{'n_clusters': 10, 'affinity': 'nearest_neighbors', 'assign_labels': 'discretize', 'random_state': 4044, 'n_neighbors': 5}",0.2639484199780405,755.4965911256683,1.3153647422423396
SpectralClustering,"{'n_clusters': 10, 'affinity': 'nearest_neighbors', 'assign_labels': 'discretize', 'random_state': 5055, 'n_neighbors': 5}",0.26419652006953487,755.7228523454354,1.3149952960799964
SpectralClustering,"{'n_clusters': 10, 'affinity': 'nearest_neighbors', 'assign_labels': 'discretize', 'random_state': 6066, 'n_neighbors': 5}",0.2639484199780405,755.4965911256684,1.3153647422423396
SpectralClustering,"{'n_clusters': 10, 'affinity': 'nearest_neighbors', 'assign_labels': 'cluster_qr', 'random_state': 42, 'n_neighbors': 5}",0.26142795132635477,754.7659959795441,1.3302182172067571
SpectralClustering,"{'n_clusters': 10, 'affinity': 'nearest_neighbors', 'assign_labels': 'cluster_qr', 'random_state': 123, 'n_neighbors': 5}",0.26142795132635477,754.7659959795441,1.3302182172067571
SpectralClustering,"{'n_clusters': 10, 'affinity': 'nearest_neighbors', 'assign_labels': 'cluster_qr', 'random_state': 456, 'n_neighbors': 5}",0.26142795132635477,754.7659959795441,1.3302182172067571
SpectralClustering,"{'n_clusters': 10, 'affinity': 'nearest_neighbors', 'assign_labels': 'cluster_qr', 'random_state': 789, 'n_neighbors': 5}",0.26142795132635477,754.7659959795441,1.3302182172067571
SpectralClustering,"{'n_clusters': 10, 'affinity': 'nearest_neighbors', 'assign_labels': 'cluster_qr', 'random_state': 1011, 'n_neighbors': 5}",0.26142795132635477,754.7659959795441,1.3302182172067571
SpectralClustering,"{'n_clusters': 10, 'affinity': 'nearest_neighbors', 'assign_labels': 'cluster_qr', 'random_state': 2022, 'n_neighbors': 5}",0.26142795132635477,754.7659959795441,1.3302182172067571
SpectralClustering,"{'n_clusters': 10, 'affinity': 'nearest_neighbors', 'assign_labels': 'cluster_qr', 'random_state': 3033, 'n_neighbors': 5}",0.26142795132635477,754.7659959795441,1.3302182172067571
SpectralClustering,"{'n_clusters': 10, 'affinity': 'nearest_neighbors', 'assign_labels': 'cluster_qr', 'random_state': 4044, 'n_neighbors': 5}",0.26142795132635477,754.7659959795441,1.3302182172067571
SpectralClustering,"{'n_clusters': 10, 'affinity': 'nearest_neighbors', 'assign_labels': 'cluster_qr', 'random_state': 5055, 'n_neighbors': 5}",0.26142795132635477,754.7659959795441,1.3302182172067571
SpectralClustering,"{'n_clusters': 10, 'affinity': 'nearest_neighbors', 'assign_labels': 'cluster_qr', 'random_state': 6066, 'n_neighbors': 5}",0.26142795132635477,754.7659959795441,1.3302182172067571
SpectralClustering,"{'n_clusters': 10, 'affinity': 'nearest_neighbors', 'assign_labels': 'kmeans', 'random_state': 42, 'n_neighbors': 10}",0.25076822498390344,754.4612589596168,1.299097253031814
SpectralClustering,"{'n_clusters': 10, 'affinity': 'nearest_neighbors', 'assign_labels': 'kmeans', 'random_state': 123, 'n_neighbors': 10}",0.25059396559198976,754.2277921937396,1.299481173412309
SpectralClustering,"{'n_clusters': 10, 'affinity': 'nearest_neighbors', 'assign_labels': 'kmeans', 'random_state': 456, 'n_neighbors': 10}",0.250896751572328,754.5502990634236,1.2988507108949237
SpectralClustering,"{'n_clusters': 10, 'affinity': 'nearest_neighbors', 'assign_labels': 'kmeans', 'random_state': 789, 'n_neighbors': 10}",0.25076822498390344,754.4612589596169,1.299097253031814
SpectralClustering,"{'n_clusters': 10, 'affinity': 'nearest_neighbors', 'assign_labels': 'kmeans', 'random_state': 1011, 'n_neighbors': 10}",0.25076822498390344,754.4612589596167,1.2990972530318141
SpectralClustering,"{'n_clusters': 10, 'affinity': 'nearest_neighbors', 'assign_labels': 'kmeans', 'random_state': 2022, 'n_neighbors': 10}",0.25076822498390344,754.4612589596167,1.2990972530318141
SpectralClustering,"{'n_clusters': 10, 'affinity': 'nearest_neighbors', 'assign_labels': 'kmeans', 'random_state': 3033, 'n_neighbors': 10}",0.250896751572328,754.5502990634237,1.2988507108949234
SpectralClustering,"{'n_clusters': 10, 'affinity': 'nearest_neighbors', 'assign_labels': 'kmeans', 'random_state': 4044, 'n_neighbors': 10}",0.25076822498390344,754.4612589596169,1.2990972530318141
SpectralClustering,"{'n_clusters': 10, 'affinity': 'nearest_neighbors', 'assign_labels': 'kmeans', 'random_state': 5055, 'n_neighbors': 10}",0.250896751572328,754.5502990634236,1.2988507108949234
SpectralClustering,"{'n_clusters': 10, 'affinity': 'nearest_neighbors', 'assign_labels': 'kmeans', 'random_state': 6066, 'n_neighbors': 10}",0.25076822498390344,754.4612589596169,1.2990972530318141
SpectralClustering,"{'n_clusters': 10, 'affinity': 'nearest_neighbors', 'assign_labels': 'discretize', 'random_state': 42, 'n_neighbors': 10}",0.24925890887231997,750.6807547028349,1.2902227192852684
SpectralClustering,"{'n_clusters': 10, 'affinity': 'nearest_neighbors', 'assign_labels': 'discretize', 'random_state': 123, 'n_neighbors': 10}",0.24877841662414563,749.5674004038993,1.290165754081636
SpectralClustering,"{'n_clusters': 10, 'affinity': 'nearest_neighbors', 'assign_labels': 'discretize', 'random_state': 456, 'n_neighbors': 10}",0.24877841662414563,749.5674004038993,1.290165754081636
SpectralClustering,"{'n_clusters': 10, 'affinity': 'nearest_neighbors', 'assign_labels': 'discretize', 'random_state': 789, 'n_neighbors': 10}",0.24925890887231997,750.680754702835,1.2902227192852684
SpectralClustering,"{'n_clusters': 10, 'affinity': 'nearest_neighbors', 'assign_labels': 'discretize', 'random_state': 1011, 'n_neighbors': 10}",0.24877841662414563,749.5674004038993,1.290165754081636
SpectralClustering,"{'n_clusters': 10, 'affinity': 'nearest_neighbors', 'assign_labels': 'discretize', 'random_state': 2022, 'n_neighbors': 10}",0.2492648676945796,750.7552471991065,1.290104027125947
SpectralClustering,"{'n_clusters': 10, 'affinity': 'nearest_neighbors', 'assign_labels': 'discretize', 'random_state': 3033, 'n_neighbors': 10}",0.2487838527490064,749.6417355386791,1.290047061922315
SpectralClustering,"{'n_clusters': 10, 'affinity': 'nearest_neighbors', 'assign_labels': 'discretize', 'random_state': 4044, 'n_neighbors': 10}",0.2487838527490064,749.6417355386792,1.290047061922315
SpectralClustering,"{'n_clusters': 10, 'affinity': 'nearest_neighbors', 'assign_labels': 'discretize', 'random_state': 5055, 'n_neighbors': 10}",0.24877841662414563,749.5674004038995,1.2901657540816363
SpectralClustering,"{'n_clusters': 10, 'affinity': 'nearest_neighbors', 'assign_labels': 'discretize', 'random_state': 6066, 'n_neighbors': 10}",0.2487838527490064,749.6417355386791,1.2900470619223148
SpectralClustering,"{'n_clusters': 10, 'affinity': 'nearest_neighbors', 'assign_labels': 'cluster_qr', 'random_state': 42, 'n_neighbors': 10}",0.24752287139767032,745.3008007559669,1.3195806233280158
SpectralClustering,"{'n_clusters': 10, 'affinity': 'nearest_neighbors', 'assign_labels': 'cluster_qr', 'random_state': 123, 'n_neighbors': 10}",0.24752287139767032,745.3008007559669,1.3195806233280158
SpectralClustering,"{'n_clusters': 10, 'affinity': 'nearest_neighbors', 'assign_labels': 'cluster_qr', 'random_state': 456, 'n_neighbors': 10}",0.24752287139767032,745.3008007559669,1.3195806233280158
SpectralClustering,"{'n_clusters': 10, 'affinity': 'nearest_neighbors', 'assign_labels': 'cluster_qr', 'random_state': 789, 'n_neighbors': 10}",0.24752287139767032,745.3008007559669,1.3195806233280158
SpectralClustering,"{'n_clusters': 10, 'affinity': 'nearest_neighbors', 'assign_labels': 'cluster_qr', 'random_state': 1011, 'n_neighbors': 10}",0.24752287139767032,745.3008007559669,1.3195806233280158
SpectralClustering,"{'n_clusters': 10, 'affinity': 'nearest_neighbors', 'assign_labels': 'cluster_qr', 'random_state': 2022, 'n_neighbors': 10}",0.24752287139767032,745.3008007559669,1.3195806233280158
SpectralClustering,"{'n_clusters': 10, 'affinity': 'nearest_neighbors', 'assign_labels': 'cluster_qr', 'random_state': 3033, 'n_neighbors': 10}",0.24752287139767032,745.3008007559669,1.3195806233280158
SpectralClustering,"{'n_clusters': 10, 'affinity': 'nearest_neighbors', 'assign_labels': 'cluster_qr', 'random_state': 4044, 'n_neighbors': 10}",0.24752287139767032,745.3008007559669,1.3195806233280158
SpectralClustering,"{'n_clusters': 10, 'affinity': 'nearest_neighbors', 'assign_labels': 'cluster_qr', 'random_state': 5055, 'n_neighbors': 10}",0.24752287139767032,745.3008007559669,1.3195806233280158
SpectralClustering,"{'n_clusters': 10, 'affinity': 'nearest_neighbors', 'assign_labels': 'cluster_qr', 'random_state': 6066, 'n_neighbors': 10}",0.24752287139767032,745.3008007559669,1.3195806233280158
SpectralClustering,"{'n_clusters': 10, 'affinity': 'nearest_neighbors', 'assign_labels': 'kmeans', 'random_state': 42, 'n_neighbors': 15}",0.24871428022020717,751.6840168649369,1.292642434762268
SpectralClustering,"{'n_clusters': 10, 'affinity': 'nearest_neighbors', 'assign_labels': 'kmeans', 'random_state': 123, 'n_neighbors': 15}",0.24871428022020717,751.6840168649369,1.2926424347622678
SpectralClustering,"{'n_clusters': 10, 'affinity': 'nearest_neighbors', 'assign_labels': 'kmeans', 'random_state': 456, 'n_neighbors': 15}",0.24871428022020717,751.6840168649369,1.292642434762268
SpectralClustering,"{'n_clusters': 10, 'affinity': 'nearest_neighbors', 'assign_labels': 'kmeans', 'random_state': 789, 'n_neighbors': 15}",0.24871428022020717,751.6840168649369,1.292642434762268
SpectralClustering,"{'n_clusters': 10, 'affinity': 'nearest_neighbors', 'assign_labels': 'kmeans', 'random_state': 1011, 'n_neighbors': 15}",0.24871428022020717,751.6840168649369,1.2926424347622678
SpectralClustering,"{'n_clusters': 10, 'affinity': 'nearest_neighbors', 'assign_labels': 'kmeans', 'random_state': 2022, 'n_neighbors': 15}",0.24871428022020717,751.6840168649369,1.2926424347622678
SpectralClustering,"{'n_clusters': 10, 'affinity': 'nearest_neighbors', 'assign_labels': 'kmeans', 'random_state': 3033, 'n_neighbors': 15}",0.24871428022020717,751.6840168649368,1.292642434762268
SpectralClustering,"{'n_clusters': 10, 'affinity': 'nearest_neighbors', 'assign_labels': 'kmeans', 'random_state': 4044, 'n_neighbors': 15}",0.24871428022020717,751.6840168649369,1.292642434762268
SpectralClustering,"{'n_clusters': 10, 'affinity': 'nearest_neighbors', 'assign_labels': 'kmeans', 'random_state': 5055, 'n_neighbors': 15}",0.24871428022020717,751.6840168649369,1.2926424347622678
SpectralClustering,"{'n_clusters': 10, 'affinity': 'nearest_neighbors', 'assign_labels': 'kmeans', 'random_state': 6066, 'n_neighbors': 15}",0.24871428022020717,751.6840168649369,1.2926424347622678
SpectralClustering,"{'n_clusters': 10, 'affinity': 'nearest_neighbors', 'assign_labels': 'discretize', 'random_state': 42, 'n_neighbors': 15}",0.24838363080040346,748.4362771212818,1.28437657626676
SpectralClustering,"{'n_clusters': 10, 'affinity': 'nearest_neighbors', 'assign_labels': 'discretize', 'random_state': 123, 'n_neighbors': 15}",0.24852076641546564,748.5686347327091,1.2841286233315583
SpectralClustering,"{'n_clusters': 10, 'affinity': 'nearest_neighbors', 'assign_labels': 'discretize', 'random_state': 456, 'n_neighbors': 15}",0.24838363080040346,748.4362771212818,1.28437657626676
SpectralClustering,"{'n_clusters': 10, 'affinity': 'nearest_neighbors', 'assign_labels': 'discretize', 'random_state': 789, 'n_neighbors': 15}",0.24838363080040346,748.4362771212818,1.28437657626676
SpectralClustering,"{'n_clusters': 10, 'affinity': 'nearest_neighbors', 'assign_labels': 'discretize', 'random_state': 1011, 'n_neighbors': 15}",0.24852076641546564,748.5686347327093,1.2841286233315583
SpectralClustering,"{'n_clusters': 10, 'affinity': 'nearest_neighbors', 'assign_labels': 'discretize', 'random_state': 2022, 'n_neighbors': 15}",0.24852076641546564,748.5686347327094,1.2841286233315583
SpectralClustering,"{'n_clusters': 10, 'affinity': 'nearest_neighbors', 'assign_labels': 'discretize', 'random_state': 3033, 'n_neighbors': 15}",0.24809962607774855,747.8672795494671,1.2839738061576857
SpectralClustering,"{'n_clusters': 10, 'affinity': 'nearest_neighbors', 'assign_labels': 'discretize', 'random_state': 4044, 'n_neighbors': 15}",0.24801788028299585,747.8332170145442,1.2840603295647566
SpectralClustering,"{'n_clusters': 10, 'affinity': 'nearest_neighbors', 'assign_labels': 'discretize', 'random_state': 5055, 'n_neighbors': 15}",0.24838363080040346,748.4362771212818,1.28437657626676
SpectralClustering,"{'n_clusters': 10, 'affinity': 'nearest_neighbors', 'assign_labels': 'discretize', 'random_state': 6066, 'n_neighbors': 15}",0.24801788028299585,747.8332170145442,1.2840603295647566
SpectralClustering,"{'n_clusters': 10, 'affinity': 'nearest_neighbors', 'assign_labels': 'cluster_qr', 'random_state': 42, 'n_neighbors': 15}",0.24746924591489713,747.0812796593631,1.2917721179204302
SpectralClustering,"{'n_clusters': 10, 'affinity': 'nearest_neighbors', 'assign_labels': 'cluster_qr', 'random_state': 123, 'n_neighbors': 15}",0.24746924591489713,747.0812796593631,1.2917721179204302
SpectralClustering,"{'n_clusters': 10, 'affinity': 'nearest_neighbors', 'assign_labels': 'cluster_qr', 'random_state': 456, 'n_neighbors': 15}",0.24746924591489713,747.0812796593631,1.2917721179204302
SpectralClustering,"{'n_clusters': 10, 'affinity': 'nearest_neighbors', 'assign_labels': 'cluster_qr', 'random_state': 789, 'n_neighbors': 15}",0.24746924591489713,747.0812796593631,1.2917721179204302
SpectralClustering,"{'n_clusters': 10, 'affinity': 'nearest_neighbors', 'assign_labels': 'cluster_qr', 'random_state': 1011, 'n_neighbors': 15}",0.24746924591489713,747.0812796593631,1.2917721179204302
SpectralClustering,"{'n_clusters': 10, 'affinity': 'nearest_neighbors', 'assign_labels': 'cluster_qr', 'random_state': 2022, 'n_neighbors': 15}",0.24746924591489713,747.0812796593631,1.2917721179204302
SpectralClustering,"{'n_clusters': 10, 'affinity': 'nearest_neighbors', 'assign_labels': 'cluster_qr', 'random_state': 3033, 'n_neighbors': 15}",0.24746924591489713,747.0812796593631,1.2917721179204302
SpectralClustering,"{'n_clusters': 10, 'affinity': 'nearest_neighbors', 'assign_labels': 'cluster_qr', 'random_state': 4044, 'n_neighbors': 15}",0.24746924591489713,747.0812796593631,1.2917721179204302
SpectralClustering,"{'n_clusters': 10, 'affinity': 'nearest_neighbors', 'assign_labels': 'cluster_qr', 'random_state': 5055, 'n_neighbors': 15}",0.24746924591489713,747.0812796593631,1.2917721179204302
SpectralClustering,"{'n_clusters': 10, 'affinity': 'nearest_neighbors', 'assign_labels': 'cluster_qr', 'random_state': 6066, 'n_neighbors': 15}",0.24746924591489713,747.0812796593631,1.2917721179204302
SpectralClustering,"{'n_clusters': 10, 'affinity': 'nearest_neighbors', 'assign_labels': 'kmeans', 'random_state': 42, 'n_neighbors': 20}",0.24898599673846092,753.6206031718368,1.297033895604558
SpectralClustering,"{'n_clusters': 10, 'affinity': 'nearest_neighbors', 'assign_labels': 'kmeans', 'random_state': 123, 'n_neighbors': 20}",0.24898599673846092,753.6206031718367,1.297033895604558
SpectralClustering,"{'n_clusters': 10, 'affinity': 'nearest_neighbors', 'assign_labels': 'kmeans', 'random_state': 456, 'n_neighbors': 20}",0.24898599673846092,753.6206031718367,1.297033895604558
SpectralClustering,"{'n_clusters': 10, 'affinity': 'nearest_neighbors', 'assign_labels': 'kmeans', 'random_state': 789, 'n_neighbors': 20}",0.24898599673846092,753.6206031718367,1.297033895604558
SpectralClustering,"{'n_clusters': 10, 'affinity': 'nearest_neighbors', 'assign_labels': 'kmeans', 'random_state': 1011, 'n_neighbors': 20}",0.24898599673846092,753.6206031718366,1.297033895604558
SpectralClustering,"{'n_clusters': 10, 'affinity': 'nearest_neighbors', 'assign_labels': 'kmeans', 'random_state': 2022, 'n_neighbors': 20}",0.24913160048782398,753.8090991486596,1.2970967925452603
SpectralClustering,"{'n_clusters': 10, 'affinity': 'nearest_neighbors', 'assign_labels': 'kmeans', 'random_state': 3033, 'n_neighbors': 20}",0.24898599673846092,753.6206031718368,1.297033895604558
SpectralClustering,"{'n_clusters': 10, 'affinity': 'nearest_neighbors', 'assign_labels': 'kmeans', 'random_state': 4044, 'n_neighbors': 20}",0.24898599673846092,753.6206031718367,1.297033895604558
SpectralClustering,"{'n_clusters': 10, 'affinity': 'nearest_neighbors', 'assign_labels': 'kmeans', 'random_state': 5055, 'n_neighbors': 20}",0.24898599673846092,753.6206031718368,1.297033895604558
SpectralClustering,"{'n_clusters': 10, 'affinity': 'nearest_neighbors', 'assign_labels': 'kmeans', 'random_state': 6066, 'n_neighbors': 20}",0.24898599673846092,753.6206031718367,1.297033895604558
SpectralClustering,"{'n_clusters': 10, 'affinity': 'nearest_neighbors', 'assign_labels': 'discretize', 'random_state': 42, 'n_neighbors': 20}",0.24776646992693693,750.3582612917245,1.2911618824986717
SpectralClustering,"{'n_clusters': 10, 'affinity': 'nearest_neighbors', 'assign_labels': 'discretize', 'random_state': 123, 'n_neighbors': 20}",0.24782422955698946,750.4993837951238,1.2912636581651122
SpectralClustering,"{'n_clusters': 10, 'affinity': 'nearest_neighbors', 'assign_labels': 'discretize', 'random_state': 456, 'n_neighbors': 20}",0.24776646992693693,750.3582612917246,1.2911618824986717
SpectralClustering,"{'n_clusters': 10, 'affinity': 'nearest_neighbors', 'assign_labels': 'discretize', 'random_state': 789, 'n_neighbors': 20}",0.24782422955698946,750.499383795124,1.2912636581651122
SpectralClustering,"{'n_clusters': 10, 'affinity': 'nearest_neighbors', 'assign_labels': 'discretize', 'random_state': 1011, 'n_neighbors': 20}",0.24776646992693693,750.3582612917246,1.2911618824986717
SpectralClustering,"{'n_clusters': 10, 'affinity': 'nearest_neighbors', 'assign_labels': 'discretize', 'random_state': 2022, 'n_neighbors': 20}",0.24782422955698946,750.4993837951239,1.2912636581651122
SpectralClustering,"{'n_clusters': 10, 'affinity': 'nearest_neighbors', 'assign_labels': 'discretize', 'random_state': 3033, 'n_neighbors': 20}",0.24782422955698946,750.4993837951239,1.2912636581651122
SpectralClustering,"{'n_clusters': 10, 'affinity': 'nearest_neighbors', 'assign_labels': 'discretize', 'random_state': 4044, 'n_neighbors': 20}",0.24782422955698946,750.4993837951238,1.2912636581651122
SpectralClustering,"{'n_clusters': 10, 'affinity': 'nearest_neighbors', 'assign_labels': 'discretize', 'random_state': 5055, 'n_neighbors': 20}",0.24782422955698946,750.4993837951238,1.2912636581651122
SpectralClustering,"{'n_clusters': 10, 'affinity': 'nearest_neighbors', 'assign_labels': 'discretize', 'random_state': 6066, 'n_neighbors': 20}",0.24782422955698946,750.4993837951238,1.2912636581651122
SpectralClustering,"{'n_clusters': 10, 'affinity': 'nearest_neighbors', 'assign_labels': 'cluster_qr', 'random_state': 42, 'n_neighbors': 20}",0.2485511636272926,749.0590473225018,1.3045397484358303
SpectralClustering,"{'n_clusters': 10, 'affinity': 'nearest_neighbors', 'assign_labels': 'cluster_qr', 'random_state': 123, 'n_neighbors': 20}",0.2485511636272926,749.0590473225018,1.3045397484358303
SpectralClustering,"{'n_clusters': 10, 'affinity': 'nearest_neighbors', 'assign_labels': 'cluster_qr', 'random_state': 456, 'n_neighbors': 20}",0.2485511636272926,749.0590473225018,1.3045397484358303
SpectralClustering,"{'n_clusters': 10, 'affinity': 'nearest_neighbors', 'assign_labels': 'cluster_qr', 'random_state': 789, 'n_neighbors': 20}",0.2485511636272926,749.0590473225018,1.3045397484358303
SpectralClustering,"{'n_clusters': 10, 'affinity': 'nearest_neighbors', 'assign_labels': 'cluster_qr', 'random_state': 1011, 'n_neighbors': 20}",0.2485511636272926,749.0590473225018,1.3045397484358303
SpectralClustering,"{'n_clusters': 10, 'affinity': 'nearest_neighbors', 'assign_labels': 'cluster_qr', 'random_state': 2022, 'n_neighbors': 20}",0.2485511636272926,749.0590473225018,1.3045397484358303
SpectralClustering,"{'n_clusters': 10, 'affinity': 'nearest_neighbors', 'assign_labels': 'cluster_qr', 'random_state': 3033, 'n_neighbors': 20}",0.2485511636272926,749.0590473225018,1.3045397484358303
SpectralClustering,"{'n_clusters': 10, 'affinity': 'nearest_neighbors', 'assign_labels': 'cluster_qr', 'random_state': 4044, 'n_neighbors': 20}",0.2485511636272926,749.0590473225018,1.3045397484358303
SpectralClustering,"{'n_clusters': 10, 'affinity': 'nearest_neighbors', 'assign_labels': 'cluster_qr', 'random_state': 5055, 'n_neighbors': 20}",0.2485511636272926,749.0590473225018,1.3045397484358303
SpectralClustering,"{'n_clusters': 10, 'affinity': 'nearest_neighbors', 'assign_labels': 'cluster_qr', 'random_state': 6066, 'n_neighbors': 20}",0.2485511636272926,749.0590473225018,1.3045397484358303
SpectralClustering,"{'n_clusters': 10, 'affinity': 'nearest_neighbors', 'assign_labels': 'kmeans', 'random_state': 42, 'n_neighbors': 50}",0.25598246195328456,765.4019127128212,1.286606106271415
SpectralClustering,"{'n_clusters': 10, 'affinity': 'nearest_neighbors', 'assign_labels': 'kmeans', 'random_state': 123, 'n_neighbors': 50}",0.2557586036714624,765.1897346597871,1.287351010219523
SpectralClustering,"{'n_clusters': 10, 'affinity': 'nearest_neighbors', 'assign_labels': 'kmeans', 'random_state': 456, 'n_neighbors': 50}",0.25585711150436174,765.2983646157247,1.2871645444738782
SpectralClustering,"{'n_clusters': 10, 'affinity': 'nearest_neighbors', 'assign_labels': 'kmeans', 'random_state': 789, 'n_neighbors': 50}",0.25598246195328456,765.4019127128214,1.286606106271415
SpectralClustering,"{'n_clusters': 10, 'affinity': 'nearest_neighbors', 'assign_labels': 'kmeans', 'random_state': 1011, 'n_neighbors': 50}",0.25598246195328456,765.4019127128212,1.286606106271415
SpectralClustering,"{'n_clusters': 10, 'affinity': 'nearest_neighbors', 'assign_labels': 'kmeans', 'random_state': 2022, 'n_neighbors': 50}",0.2557586036714624,765.189734659787,1.2873510102195227
SpectralClustering,"{'n_clusters': 10, 'affinity': 'nearest_neighbors', 'assign_labels': 'kmeans', 'random_state': 3033, 'n_neighbors': 50}",0.25598246195328456,765.4019127128213,1.2866061062714151
SpectralClustering,"{'n_clusters': 10, 'affinity': 'nearest_neighbors', 'assign_labels': 'kmeans', 'random_state': 4044, 'n_neighbors': 50}",0.2557838909174228,765.2213032439304,1.2873212430188183
SpectralClustering,"{'n_clusters': 10, 'affinity': 'nearest_neighbors', 'assign_labels': 'kmeans', 'random_state': 5055, 'n_neighbors': 50}",0.25598246195328456,765.4019127128213,1.286606106271415
SpectralClustering,"{'n_clusters': 10, 'affinity': 'nearest_neighbors', 'assign_labels': 'kmeans', 'random_state': 6066, 'n_neighbors': 50}",0.25598246195328456,765.4019127128211,1.286606106271415
SpectralClustering,"{'n_clusters': 10, 'affinity': 'nearest_neighbors', 'assign_labels': 'discretize', 'random_state': 42, 'n_neighbors': 50}",0.2523367799029426,759.6493652139371,1.2826227232331617
SpectralClustering,"{'n_clusters': 10, 'affinity': 'nearest_neighbors', 'assign_labels': 'discretize', 'random_state': 123, 'n_neighbors': 50}",0.2523367799029426,759.6493652139372,1.2826227232331617
SpectralClustering,"{'n_clusters': 10, 'affinity': 'nearest_neighbors', 'assign_labels': 'discretize', 'random_state': 456, 'n_neighbors': 50}",0.20432115848338303,557.3221375173114,1.4394903520216153
SpectralClustering,"{'n_clusters': 10, 'affinity': 'nearest_neighbors', 'assign_labels': 'discretize', 'random_state': 789, 'n_neighbors': 50}",0.2042349253377735,557.291943360245,1.4394661999496452
SpectralClustering,"{'n_clusters': 10, 'affinity': 'nearest_neighbors', 'assign_labels': 'discretize', 'random_state': 1011, 'n_neighbors': 50}",0.2523367799029426,759.6493652139371,1.2826227232331615
SpectralClustering,"{'n_clusters': 10, 'affinity': 'nearest_neighbors', 'assign_labels': 'discretize', 'random_state': 2022, 'n_neighbors': 50}",0.2520852166710549,759.3530043050682,1.2828648352311647
SpectralClustering,"{'n_clusters': 10, 'affinity': 'nearest_neighbors', 'assign_labels': 'discretize', 'random_state': 3033, 'n_neighbors': 50}",0.2523367799029426,759.6493652139371,1.2826227232331615
SpectralClustering,"{'n_clusters': 10, 'affinity': 'nearest_neighbors', 'assign_labels': 'discretize', 'random_state': 4044, 'n_neighbors': 50}",0.2520852166710549,759.3530043050685,1.2828648352311645
SpectralClustering,"{'n_clusters': 10, 'affinity': 'nearest_neighbors', 'assign_labels': 'discretize', 'random_state': 5055, 'n_neighbors': 50}",0.2521730612365382,759.3990505076706,1.2828889873031346
SpectralClustering,"{'n_clusters': 10, 'affinity': 'nearest_neighbors', 'assign_labels': 'discretize', 'random_state': 6066, 'n_neighbors': 50}",0.2521730612365382,759.3990505076707,1.2828889873031346
SpectralClustering,"{'n_clusters': 10, 'affinity': 'nearest_neighbors', 'assign_labels': 'cluster_qr', 'random_state': 42, 'n_neighbors': 50}",0.25302563529876504,694.5020153561314,1.3211878116325235
SpectralClustering,"{'n_clusters': 10, 'affinity': 'nearest_neighbors', 'assign_labels': 'cluster_qr', 'random_state': 123, 'n_neighbors': 50}",0.25302563529876504,694.5020153561314,1.3211878116325235
SpectralClustering,"{'n_clusters': 10, 'affinity': 'nearest_neighbors', 'assign_labels': 'cluster_qr', 'random_state': 456, 'n_neighbors': 50}",0.25302563529876504,694.5020153561314,1.3211878116325235
SpectralClustering,"{'n_clusters': 10, 'affinity': 'nearest_neighbors', 'assign_labels': 'cluster_qr', 'random_state': 789, 'n_neighbors': 50}",0.25302563529876504,694.5020153561314,1.3211878116325235
SpectralClustering,"{'n_clusters': 10, 'affinity': 'nearest_neighbors', 'assign_labels': 'cluster_qr', 'random_state': 1011, 'n_neighbors': 50}",0.25302563529876504,694.5020153561314,1.3211878116325235
SpectralClustering,"{'n_clusters': 10, 'affinity': 'nearest_neighbors', 'assign_labels': 'cluster_qr', 'random_state': 2022, 'n_neighbors': 50}",0.25302563529876504,694.5020153561314,1.3211878116325235
SpectralClustering,"{'n_clusters': 10, 'affinity': 'nearest_neighbors', 'assign_labels': 'cluster_qr', 'random_state': 3033, 'n_neighbors': 50}",0.25302563529876504,694.5020153561314,1.3211878116325235
SpectralClustering,"{'n_clusters': 10, 'affinity': 'nearest_neighbors', 'assign_labels': 'cluster_qr', 'random_state': 4044, 'n_neighbors': 50}",0.25302563529876504,694.5020153561314,1.3211878116325235
SpectralClustering,"{'n_clusters': 10, 'affinity': 'nearest_neighbors', 'assign_labels': 'cluster_qr', 'random_state': 5055, 'n_neighbors': 50}",0.25302563529876504,694.5020153561314,1.3211878116325235
SpectralClustering,"{'n_clusters': 10, 'affinity': 'nearest_neighbors', 'assign_labels': 'cluster_qr', 'random_state': 6066, 'n_neighbors': 50}",0.25302563529876504,694.5020153561314,1.3211878116325235
SpectralClustering,"{'n_clusters': 10, 'affinity': 'nearest_neighbors', 'assign_labels': 'kmeans', 'random_state': 42, 'n_neighbors': 100}",0.23248217635766966,675.647118507547,1.2106691831009777
SpectralClustering,"{'n_clusters': 10, 'affinity': 'nearest_neighbors', 'assign_labels': 'kmeans', 'random_state': 123, 'n_neighbors': 100}",0.23218575057990223,675.6054879039071,1.211146181040986
SpectralClustering,"{'n_clusters': 10, 'affinity': 'nearest_neighbors', 'assign_labels': 'kmeans', 'random_state': 456, 'n_neighbors': 100}",0.23218575057990223,675.605487903907,1.2111461810409858
SpectralClustering,"{'n_clusters': 10, 'affinity': 'nearest_neighbors', 'assign_labels': 'kmeans', 'random_state': 789, 'n_neighbors': 100}",0.23224243211901963,675.6074295805106,1.2110841397742251
SpectralClustering,"{'n_clusters': 10, 'affinity': 'nearest_neighbors', 'assign_labels': 'kmeans', 'random_state': 1011, 'n_neighbors': 100}",0.23230735971389505,675.7201846356037,1.2114180172423414
SpectralClustering,"{'n_clusters': 10, 'affinity': 'nearest_neighbors', 'assign_labels': 'kmeans', 'random_state': 2022, 'n_neighbors': 100}",0.23218575057990223,675.605487903907,1.2111461810409856
SpectralClustering,"{'n_clusters': 10, 'affinity': 'nearest_neighbors', 'assign_labels': 'kmeans', 'random_state': 3033, 'n_neighbors': 100}",0.23218575057990223,675.6054879039071,1.2111461810409858
SpectralClustering,"{'n_clusters': 10, 'affinity': 'nearest_neighbors', 'assign_labels': 'kmeans', 'random_state': 4044, 'n_neighbors': 100}",0.23214015031450888,675.5712220781767,1.2115636010630566
SpectralClustering,"{'n_clusters': 10, 'affinity': 'nearest_neighbors', 'assign_labels': 'kmeans', 'random_state': 5055, 'n_neighbors': 100}",0.2322833933299563,675.7144930027112,1.2115178582443051
SpectralClustering,"{'n_clusters': 10, 'affinity': 'nearest_neighbors', 'assign_labels': 'kmeans', 'random_state': 6066, 'n_neighbors': 100}",0.23218575057990223,675.6054879039071,1.2111461810409856
SpectralClustering,"{'n_clusters': 10, 'affinity': 'nearest_neighbors', 'assign_labels': 'discretize', 'random_state': 42, 'n_neighbors': 100}",0.23196024412277277,679.3254721402952,1.2036119242797245
SpectralClustering,"{'n_clusters': 10, 'affinity': 'nearest_neighbors', 'assign_labels': 'discretize', 'random_state': 123, 'n_neighbors': 100}",0.23196024412277277,679.3254721402951,1.2036119242797245
SpectralClustering,"{'n_clusters': 10, 'affinity': 'nearest_neighbors', 'assign_labels': 'discretize', 'random_state': 456, 'n_neighbors': 100}",0.23225628684368466,679.5781096150521,1.2039427568181598
SpectralClustering,"{'n_clusters': 10, 'affinity': 'nearest_neighbors', 'assign_labels': 'discretize', 'random_state': 789, 'n_neighbors': 100}",0.23218088344580903,679.5552111603208,1.2039122311549295
SpectralClustering,"{'n_clusters': 10, 'affinity': 'nearest_neighbors', 'assign_labels': 'discretize', 'random_state': 1011, 'n_neighbors': 100}",0.23196024412277277,679.3254721402952,1.203611924279724
SpectralClustering,"{'n_clusters': 10, 'affinity': 'nearest_neighbors', 'assign_labels': 'discretize', 'random_state': 2022, 'n_neighbors': 100}",0.23196024412277277,679.3254721402952,1.2036119242797245
SpectralClustering,"{'n_clusters': 10, 'affinity': 'nearest_neighbors', 'assign_labels': 'discretize', 'random_state': 3033, 'n_neighbors': 100}",0.2320584610365529,679.4816965786657,1.2042090177071032
SpectralClustering,"{'n_clusters': 10, 'affinity': 'nearest_neighbors', 'assign_labels': 'discretize', 'random_state': 4044, 'n_neighbors': 100}",0.23196024412277277,679.3254721402952,1.203611924279724
SpectralClustering,"{'n_clusters': 10, 'affinity': 'nearest_neighbors', 'assign_labels': 'discretize', 'random_state': 5055, 'n_neighbors': 100}",0.23196024412277277,679.3254721402952,1.203611924279724
SpectralClustering,"{'n_clusters': 10, 'affinity': 'nearest_neighbors', 'assign_labels': 'discretize', 'random_state': 6066, 'n_neighbors': 100}",0.2319622615065295,679.3859990867182,1.2040745897268246
SpectralClustering,"{'n_clusters': 10, 'affinity': 'nearest_neighbors', 'assign_labels': 'cluster_qr', 'random_state': 42, 'n_neighbors': 100}",0.23480381314404863,681.2248038616859,1.2065850908909275
SpectralClustering,"{'n_clusters': 10, 'affinity': 'nearest_neighbors', 'assign_labels': 'cluster_qr', 'random_state': 123, 'n_neighbors': 100}",0.23480381314404863,681.2248038616859,1.2065850908909275
SpectralClustering,"{'n_clusters': 10, 'affinity': 'nearest_neighbors', 'assign_labels': 'cluster_qr', 'random_state': 456, 'n_neighbors': 100}",0.23480381314404863,681.2248038616859,1.2065850908909275
SpectralClustering,"{'n_clusters': 10, 'affinity': 'nearest_neighbors', 'assign_labels': 'cluster_qr', 'random_state': 789, 'n_neighbors': 100}",0.23480381314404863,681.2248038616859,1.2065850908909275
SpectralClustering,"{'n_clusters': 10, 'affinity': 'nearest_neighbors', 'assign_labels': 'cluster_qr', 'random_state': 1011, 'n_neighbors': 100}",0.23480381314404863,681.2248038616859,1.2065850908909275
SpectralClustering,"{'n_clusters': 10, 'affinity': 'nearest_neighbors', 'assign_labels': 'cluster_qr', 'random_state': 2022, 'n_neighbors': 100}",0.23480381314404863,681.2248038616859,1.2065850908909275
SpectralClustering,"{'n_clusters': 10, 'affinity': 'nearest_neighbors', 'assign_labels': 'cluster_qr', 'random_state': 3033, 'n_neighbors': 100}",0.23480381314404863,681.2248038616859,1.2065850908909275
SpectralClustering,"{'n_clusters': 10, 'affinity': 'nearest_neighbors', 'assign_labels': 'cluster_qr', 'random_state': 4044, 'n_neighbors': 100}",0.23480381314404863,681.2248038616859,1.2065850908909275
SpectralClustering,"{'n_clusters': 10, 'affinity': 'nearest_neighbors', 'assign_labels': 'cluster_qr', 'random_state': 5055, 'n_neighbors': 100}",0.23480381314404863,681.2248038616859,1.2065850908909275
SpectralClustering,"{'n_clusters': 10, 'affinity': 'nearest_neighbors', 'assign_labels': 'cluster_qr', 'random_state': 6066, 'n_neighbors': 100}",0.23480381314404863,681.2248038616859,1.2065850908909275
SpectralClustering,"{'n_clusters': 10, 'affinity': 'polynomial', 'assign_labels': 'kmeans', 'random_state': 42}",-0.04947968700197286,100.75938109892778,1.8407665166859126
SpectralClustering,"{'n_clusters': 10, 'affinity': 'polynomial', 'assign_labels': 'kmeans', 'random_state': 123}",-0.049512579725080746,100.75779234767225,1.840389930869731
SpectralClustering,"{'n_clusters': 10, 'affinity': 'polynomial', 'assign_labels': 'kmeans', 'random_state': 456}",-0.04931787201719555,100.74865798543868,1.8463927611022402
SpectralClustering,"{'n_clusters': 10, 'affinity': 'polynomial', 'assign_labels': 'kmeans', 'random_state': 789}",-0.049913328981786104,100.77200235002348,1.8595800064109764
SpectralClustering,"{'n_clusters': 10, 'affinity': 'polynomial', 'assign_labels': 'kmeans', 'random_state': 1011}",-0.04976736047969382,100.74721477032332,1.8482089095884688
SpectralClustering,"{'n_clusters': 10, 'affinity': 'polynomial', 'assign_labels': 'kmeans', 'random_state': 2022}",-0.04989060246394079,100.7386755616353,1.8477437384071098
SpectralClustering,"{'n_clusters': 10, 'affinity': 'polynomial', 'assign_labels': 'kmeans', 'random_state': 3033}",-0.04957420118456422,100.69327152031404,1.8449881572558549
SpectralClustering,"{'n_clusters': 10, 'affinity': 'polynomial', 'assign_labels': 'kmeans', 'random_state': 4044}",-0.04967954191755975,100.72605389370092,1.8459620899573945
SpectralClustering,"{'n_clusters': 10, 'affinity': 'polynomial', 'assign_labels': 'kmeans', 'random_state': 5055}",-0.04955544599326765,100.73113157690896,1.846926354342082
SpectralClustering,"{'n_clusters': 10, 'affinity': 'polynomial', 'assign_labels': 'kmeans', 'random_state': 6066}",-0.04962139535739774,100.72844852768998,1.8436603154695324
SpectralClustering,"{'n_clusters': 10, 'affinity': 'polynomial', 'assign_labels': 'discretize', 'random_state': 42}",0.09712193112361274,403.9170760587375,1.718577501982594
SpectralClustering,"{'n_clusters': 10, 'affinity': 'polynomial', 'assign_labels': 'discretize', 'random_state': 123}",0.1031994774758215,411.41574287638883,1.6843244857804112
SpectralClustering,"{'n_clusters': 10, 'affinity': 'polynomial', 'assign_labels': 'discretize', 'random_state': 456}",0.0991811121920124,409.5181772882349,1.7235924808391134
SpectralClustering,"{'n_clusters': 10, 'affinity': 'polynomial', 'assign_labels': 'discretize', 'random_state': 789}",0.08945705199140858,396.0608302861636,1.7336376236525677
SpectralClustering,"{'n_clusters': 10, 'affinity': 'polynomial', 'assign_labels': 'discretize', 'random_state': 1011}",0.09990599737573116,406.95803593264844,1.7133815980961846
SpectralClustering,"{'n_clusters': 10, 'affinity': 'polynomial', 'assign_labels': 'discretize', 'random_state': 2022}",0.10370679544446111,413.20541785058293,1.6924928412857247
SpectralClustering,"{'n_clusters': 10, 'affinity': 'polynomial', 'assign_labels': 'discretize', 'random_state': 3033}",0.09858016844150273,406.2426286977237,1.7162385947934256
SpectralClustering,"{'n_clusters': 10, 'affinity': 'polynomial', 'assign_labels': 'discretize', 'random_state': 4044}",0.09413499265491669,435.67553171472713,1.7403133236286201
SpectralClustering,"{'n_clusters': 10, 'affinity': 'polynomial', 'assign_labels': 'discretize', 'random_state': 5055}",0.09559877180607833,384.6138632525043,1.664503080976636
SpectralClustering,"{'n_clusters': 10, 'affinity': 'polynomial', 'assign_labels': 'discretize', 'random_state': 6066}",0.08574696095903209,454.54075551992446,1.5051833259054332
SpectralClustering,"{'n_clusters': 10, 'affinity': 'polynomial', 'assign_labels': 'cluster_qr', 'random_state': 42}",0.14221581320173277,525.7375593950984,1.555339019153874
SpectralClustering,"{'n_clusters': 10, 'affinity': 'polynomial', 'assign_labels': 'cluster_qr', 'random_state': 123}",0.14221581320173277,525.7375593950984,1.555339019153874
SpectralClustering,"{'n_clusters': 10, 'affinity': 'polynomial', 'assign_labels': 'cluster_qr', 'random_state': 456}",0.14221581320173277,525.7375593950984,1.555339019153874
SpectralClustering,"{'n_clusters': 10, 'affinity': 'polynomial', 'assign_labels': 'cluster_qr', 'random_state': 789}",0.14221581320173277,525.7375593950984,1.555339019153874
SpectralClustering,"{'n_clusters': 10, 'affinity': 'polynomial', 'assign_labels': 'cluster_qr', 'random_state': 1011}",0.14221581320173277,525.7375593950984,1.555339019153874
SpectralClustering,"{'n_clusters': 10, 'affinity': 'polynomial', 'assign_labels': 'cluster_qr', 'random_state': 2022}",0.14221581320173277,525.7375593950984,1.555339019153874
SpectralClustering,"{'n_clusters': 10, 'affinity': 'polynomial', 'assign_labels': 'cluster_qr', 'random_state': 3033}",0.14221581320173277,525.7375593950984,1.555339019153874
SpectralClustering,"{'n_clusters': 10, 'affinity': 'polynomial', 'assign_labels': 'cluster_qr', 'random_state': 4044}",0.14221581320173277,525.7375593950984,1.555339019153874
SpectralClustering,"{'n_clusters': 10, 'affinity': 'polynomial', 'assign_labels': 'cluster_qr', 'random_state': 5055}",0.14221581320173277,525.7375593950984,1.555339019153874
SpectralClustering,"{'n_clusters': 10, 'affinity': 'polynomial', 'assign_labels': 'cluster_qr', 'random_state': 6066}",0.14221581320173277,525.7375593950984,1.555339019153874
SpectralClustering,"{'n_clusters': 10, 'affinity': 'poly', 'assign_labels': 'kmeans', 'random_state': 42}",-0.04947968700197286,100.75938109892778,1.8407665166859126
SpectralClustering,"{'n_clusters': 10, 'affinity': 'poly', 'assign_labels': 'kmeans', 'random_state': 123}",-0.049512579725080746,100.75779234767225,1.840389930869731
SpectralClustering,"{'n_clusters': 10, 'affinity': 'poly', 'assign_labels': 'kmeans', 'random_state': 456}",-0.04931787201719555,100.74865798543868,1.8463927611022402
SpectralClustering,"{'n_clusters': 10, 'affinity': 'poly', 'assign_labels': 'kmeans', 'random_state': 789}",-0.049913328981786104,100.77200235002348,1.8595800064109764
SpectralClustering,"{'n_clusters': 10, 'affinity': 'poly', 'assign_labels': 'kmeans', 'random_state': 1011}",-0.04976736047969382,100.74721477032332,1.8482089095884688
SpectralClustering,"{'n_clusters': 10, 'affinity': 'poly', 'assign_labels': 'kmeans', 'random_state': 2022}",-0.04989060246394079,100.7386755616353,1.8477437384071098
SpectralClustering,"{'n_clusters': 10, 'affinity': 'poly', 'assign_labels': 'kmeans', 'random_state': 3033}",-0.04957420118456422,100.69327152031404,1.8449881572558549
SpectralClustering,"{'n_clusters': 10, 'affinity': 'poly', 'assign_labels': 'kmeans', 'random_state': 4044}",-0.04967954191755975,100.72605389370092,1.8459620899573945
SpectralClustering,"{'n_clusters': 10, 'affinity': 'poly', 'assign_labels': 'kmeans', 'random_state': 5055}",-0.04955544599326765,100.73113157690896,1.846926354342082
SpectralClustering,"{'n_clusters': 10, 'affinity': 'poly', 'assign_labels': 'kmeans', 'random_state': 6066}",-0.04962139535739774,100.72844852768998,1.8436603154695324
SpectralClustering,"{'n_clusters': 10, 'affinity': 'poly', 'assign_labels': 'discretize', 'random_state': 42}",0.09712193112361274,403.9170760587375,1.718577501982594
SpectralClustering,"{'n_clusters': 10, 'affinity': 'poly', 'assign_labels': 'discretize', 'random_state': 123}",0.1031994774758215,411.41574287638883,1.6843244857804112
SpectralClustering,"{'n_clusters': 10, 'affinity': 'poly', 'assign_labels': 'discretize', 'random_state': 456}",0.0991811121920124,409.5181772882349,1.7235924808391134
SpectralClustering,"{'n_clusters': 10, 'affinity': 'poly', 'assign_labels': 'discretize', 'random_state': 789}",0.08945705199140858,396.0608302861636,1.7336376236525677
SpectralClustering,"{'n_clusters': 10, 'affinity': 'poly', 'assign_labels': 'discretize', 'random_state': 1011}",0.09990599737573116,406.95803593264844,1.7133815980961846
SpectralClustering,"{'n_clusters': 10, 'affinity': 'poly', 'assign_labels': 'discretize', 'random_state': 2022}",0.10370679544446111,413.20541785058293,1.6924928412857247
SpectralClustering,"{'n_clusters': 10, 'affinity': 'poly', 'assign_labels': 'discretize', 'random_state': 3033}",0.09858016844150273,406.2426286977237,1.7162385947934256
SpectralClustering,"{'n_clusters': 10, 'affinity': 'poly', 'assign_labels': 'discretize', 'random_state': 4044}",0.09413499265491669,435.67553171472713,1.7403133236286201
SpectralClustering,"{'n_clusters': 10, 'affinity': 'poly', 'assign_labels': 'discretize', 'random_state': 5055}",0.09559877180607833,384.6138632525043,1.664503080976636
SpectralClustering,"{'n_clusters': 10, 'affinity': 'poly', 'assign_labels': 'discretize', 'random_state': 6066}",0.08574696095903209,454.54075551992446,1.5051833259054332
SpectralClustering,"{'n_clusters': 10, 'affinity': 'poly', 'assign_labels': 'cluster_qr', 'random_state': 42}",0.14221581320173277,525.7375593950984,1.555339019153874
SpectralClustering,"{'n_clusters': 10, 'affinity': 'poly', 'assign_labels': 'cluster_qr', 'random_state': 123}",0.14221581320173277,525.7375593950984,1.555339019153874
SpectralClustering,"{'n_clusters': 10, 'affinity': 'poly', 'assign_labels': 'cluster_qr', 'random_state': 456}",0.14221581320173277,525.7375593950984,1.555339019153874
SpectralClustering,"{'n_clusters': 10, 'affinity': 'poly', 'assign_labels': 'cluster_qr', 'random_state': 789}",0.14221581320173277,525.7375593950984,1.555339019153874
SpectralClustering,"{'n_clusters': 10, 'affinity': 'poly', 'assign_labels': 'cluster_qr', 'random_state': 1011}",0.14221581320173277,525.7375593950984,1.555339019153874
SpectralClustering,"{'n_clusters': 10, 'affinity': 'poly', 'assign_labels': 'cluster_qr', 'random_state': 2022}",0.14221581320173277,525.7375593950984,1.555339019153874
SpectralClustering,"{'n_clusters': 10, 'affinity': 'poly', 'assign_labels': 'cluster_qr', 'random_state': 3033}",0.14221581320173277,525.7375593950984,1.555339019153874
SpectralClustering,"{'n_clusters': 10, 'affinity': 'poly', 'assign_labels': 'cluster_qr', 'random_state': 4044}",0.14221581320173277,525.7375593950984,1.555339019153874
SpectralClustering,"{'n_clusters': 10, 'affinity': 'poly', 'assign_labels': 'cluster_qr', 'random_state': 5055}",0.14221581320173277,525.7375593950984,1.555339019153874
SpectralClustering,"{'n_clusters': 10, 'affinity': 'poly', 'assign_labels': 'cluster_qr', 'random_state': 6066}",0.14221581320173277,525.7375593950984,1.555339019153874
SpectralClustering,"{'n_clusters': 10, 'affinity': 'sigmoid', 'assign_labels': 'kmeans', 'random_state': 42}",0.047986368870003245,243.1906158359896,2.5211220785620476
SpectralClustering,"{'n_clusters': 10, 'affinity': 'sigmoid', 'assign_labels': 'kmeans', 'random_state': 123}",0.05271785149676269,225.9895910194462,2.8662319350311214
SpectralClustering,"{'n_clusters': 10, 'affinity': 'sigmoid', 'assign_labels': 'kmeans', 'random_state': 456}",0.04776067537595164,242.96110580914814,2.513239845755794
SpectralClustering,"{'n_clusters': 10, 'affinity': 'sigmoid', 'assign_labels': 'kmeans', 'random_state': 789}",0.05510086411128501,258.6241385955541,2.4313457194486605
SpectralClustering,"{'n_clusters': 10, 'affinity': 'sigmoid', 'assign_labels': 'kmeans', 'random_state': 1011}",0.03610007211599208,232.2761577661375,3.7102710005077726
SpectralClustering,"{'n_clusters': 10, 'affinity': 'sigmoid', 'assign_labels': 'kmeans', 'random_state': 2022}",0.06477048256248422,278.9229714335582,2.063030318106429
SpectralClustering,"{'n_clusters': 10, 'affinity': 'sigmoid', 'assign_labels': 'kmeans', 'random_state': 3033}",0.04798489215256423,249.7985793135043,2.1999058161514213
SpectralClustering,"{'n_clusters': 10, 'affinity': 'sigmoid', 'assign_labels': 'kmeans', 'random_state': 4044}",0.04562276169853546,239.22743251519515,2.550642192323714
SpectralClustering,"{'n_clusters': 10, 'affinity': 'sigmoid', 'assign_labels': 'kmeans', 'random_state': 5055}",0.04550989481116003,238.61401026422615,2.551985461862839
SpectralClustering,"{'n_clusters': 10, 'affinity': 'sigmoid', 'assign_labels': 'kmeans', 'random_state': 6066}",0.06652622047856427,283.1994346020864,2.049331735803713
SpectralClustering,"{'n_clusters': 10, 'affinity': 'sigmoid', 'assign_labels': 'discretize', 'random_state': 42}",0.01448490673508139,219.21293442572744,2.5510718350341905
SpectralClustering,"{'n_clusters': 10, 'affinity': 'sigmoid', 'assign_labels': 'discretize', 'random_state': 123}",0.02415315818606487,207.22187265661154,2.8143700222247134
SpectralClustering,"{'n_clusters': 10, 'affinity': 'sigmoid', 'assign_labels': 'discretize', 'random_state': 456}",0.037674365655896234,212.3713799990073,2.8143523180121237
SpectralClustering,"{'n_clusters': 10, 'affinity': 'sigmoid', 'assign_labels': 'discretize', 'random_state': 789}",0.009505435104878333,208.96854379612307,3.0154865658671004
SpectralClustering,"{'n_clusters': 10, 'affinity': 'sigmoid', 'assign_labels': 'discretize', 'random_state': 1011}",0.03346805488140465,222.2716087779494,2.5810041891893087
SpectralClustering,"{'n_clusters': 10, 'affinity': 'sigmoid', 'assign_labels': 'discretize', 'random_state': 2022}",0.02947013840944055,216.5596154413479,2.519578829428888
SpectralClustering,"{'n_clusters': 10, 'affinity': 'sigmoid', 'assign_labels': 'discretize', 'random_state': 3033}",0.025044507628300752,214.79298928527191,2.612450046290477
SpectralClustering,"{'n_clusters': 10, 'affinity': 'sigmoid', 'assign_labels': 'discretize', 'random_state': 4044}",0.02693780406403561,205.06258292407122,2.8914975997786914
SpectralClustering,"{'n_clusters': 10, 'affinity': 'sigmoid', 'assign_labels': 'discretize', 'random_state': 5055}",0.03617851011995065,213.74822487841138,2.8030755163494248
SpectralClustering,"{'n_clusters': 10, 'affinity': 'sigmoid', 'assign_labels': 'discretize', 'random_state': 6066}",0.028782594540579607,210.0746409585879,2.85803249675703
SpectralClustering,"{'n_clusters': 10, 'affinity': 'sigmoid', 'assign_labels': 'cluster_qr', 'random_state': 42}",-0.04836512038463877,86.33463533337424,4.29687757325431
SpectralClustering,"{'n_clusters': 10, 'affinity': 'sigmoid', 'assign_labels': 'cluster_qr', 'random_state': 123}",-0.04836512038463877,86.33463533337424,4.29687757325431
SpectralClustering,"{'n_clusters': 10, 'affinity': 'sigmoid', 'assign_labels': 'cluster_qr', 'random_state': 456}",-0.04836512038463877,86.33463533337424,4.29687757325431
SpectralClustering,"{'n_clusters': 10, 'affinity': 'sigmoid', 'assign_labels': 'cluster_qr', 'random_state': 789}",-0.04836512038463877,86.33463533337424,4.29687757325431
SpectralClustering,"{'n_clusters': 10, 'affinity': 'sigmoid', 'assign_labels': 'cluster_qr', 'random_state': 1011}",-0.04836512038463877,86.33463533337424,4.29687757325431
SpectralClustering,"{'n_clusters': 10, 'affinity': 'sigmoid', 'assign_labels': 'cluster_qr', 'random_state': 2022}",-0.04836512038463877,86.33463533337424,4.29687757325431
SpectralClustering,"{'n_clusters': 10, 'affinity': 'sigmoid', 'assign_labels': 'cluster_qr', 'random_state': 3033}",-0.04836512038463877,86.33463533337424,4.29687757325431
SpectralClustering,"{'n_clusters': 10, 'affinity': 'sigmoid', 'assign_labels': 'cluster_qr', 'random_state': 4044}",-0.04836512038463877,86.33463533337424,4.29687757325431
SpectralClustering,"{'n_clusters': 10, 'affinity': 'sigmoid', 'assign_labels': 'cluster_qr', 'random_state': 5055}",-0.04836512038463877,86.33463533337424,4.29687757325431
SpectralClustering,"{'n_clusters': 10, 'affinity': 'sigmoid', 'assign_labels': 'cluster_qr', 'random_state': 6066}",-0.04836512038463877,86.33463533337424,4.29687757325431
SpectralClustering,"{'n_clusters': 11, 'affinity': 'rbf', 'assign_labels': 'kmeans', 'random_state': 42}",0.2918705409987296,238.9492490966259,1.066407569925105
SpectralClustering,"{'n_clusters': 11, 'affinity': 'rbf', 'assign_labels': 'kmeans', 'random_state': 123}",0.2931658522337756,238.55046307201698,1.0625575376965655
SpectralClustering,"{'n_clusters': 11, 'affinity': 'rbf', 'assign_labels': 'kmeans', 'random_state': 456}",0.29221919825785025,239.3772535752327,1.0662489576081653
SpectralClustering,"{'n_clusters': 11, 'affinity': 'rbf', 'assign_labels': 'kmeans', 'random_state': 789}",0.2918705409987296,238.9492490966258,1.0664075699251045
SpectralClustering,"{'n_clusters': 11, 'affinity': 'rbf', 'assign_labels': 'kmeans', 'random_state': 1011}",0.2918705409987296,238.94924909662583,1.0664075699251045
SpectralClustering,"{'n_clusters': 11, 'affinity': 'rbf', 'assign_labels': 'kmeans', 'random_state': 2022}",0.2918705409987296,238.9492490966258,1.066407569925105
SpectralClustering,"{'n_clusters': 11, 'affinity': 'rbf', 'assign_labels': 'kmeans', 'random_state': 3033}",0.29282574513163223,238.12383953691491,1.0627161500135052
SpectralClustering,"{'n_clusters': 11, 'affinity': 'rbf', 'assign_labels': 'kmeans', 'random_state': 4044}",0.2918705409987296,238.94924909662583,1.066407569925105
SpectralClustering,"{'n_clusters': 11, 'affinity': 'rbf', 'assign_labels': 'kmeans', 'random_state': 5055}",0.2931658522337756,238.55046307201698,1.0625575376965655
SpectralClustering,"{'n_clusters': 11, 'affinity': 'rbf', 'assign_labels': 'kmeans', 'random_state': 6066}",0.2918705409987296,238.9492490966259,1.066407569925105
SpectralClustering,"{'n_clusters': 11, 'affinity': 'rbf', 'assign_labels': 'discretize', 'random_state': 42}",0.2796715174520313,377.04580982324904,1.4228845817153117
SpectralClustering,"{'n_clusters': 11, 'affinity': 'rbf', 'assign_labels': 'discretize', 'random_state': 123}",0.3277227329647259,552.62497335768,1.1786453822343035
SpectralClustering,"{'n_clusters': 11, 'affinity': 'rbf', 'assign_labels': 'discretize', 'random_state': 456}",0.3277227329647259,552.62497335768,1.1786453822343037
SpectralClustering,"{'n_clusters': 11, 'affinity': 'rbf', 'assign_labels': 'discretize', 'random_state': 789}",0.3277227329647259,552.62497335768,1.1786453822343035
SpectralClustering,"{'n_clusters': 11, 'affinity': 'rbf', 'assign_labels': 'discretize', 'random_state': 1011}",0.3277227329647259,552.62497335768,1.1786453822343035
SpectralClustering,"{'n_clusters': 11, 'affinity': 'rbf', 'assign_labels': 'discretize', 'random_state': 2022}",0.3126113096644107,413.14934726621794,1.1899647993346065
SpectralClustering,"{'n_clusters': 11, 'affinity': 'rbf', 'assign_labels': 'discretize', 'random_state': 3033}",0.3277227329647259,552.62497335768,1.1786453822343035
SpectralClustering,"{'n_clusters': 11, 'affinity': 'rbf', 'assign_labels': 'discretize', 'random_state': 4044}",0.3126113096644107,413.14934726621794,1.1899647993346065
SpectralClustering,"{'n_clusters': 11, 'affinity': 'rbf', 'assign_labels': 'discretize', 'random_state': 5055}",0.3277227329647259,552.6249733576801,1.1786453822343037
SpectralClustering,"{'n_clusters': 11, 'affinity': 'rbf', 'assign_labels': 'discretize', 'random_state': 6066}",0.3277227329647259,552.62497335768,1.1786453822343037
SpectralClustering,"{'n_clusters': 11, 'affinity': 'rbf', 'assign_labels': 'cluster_qr', 'random_state': 42}",0.3349283425840977,613.942686089788,1.193572177788856
SpectralClustering,"{'n_clusters': 11, 'affinity': 'rbf', 'assign_labels': 'cluster_qr', 'random_state': 123}",0.3349283425840977,613.942686089788,1.193572177788856
SpectralClustering,"{'n_clusters': 11, 'affinity': 'rbf', 'assign_labels': 'cluster_qr', 'random_state': 456}",0.3349283425840977,613.942686089788,1.193572177788856
SpectralClustering,"{'n_clusters': 11, 'affinity': 'rbf', 'assign_labels': 'cluster_qr', 'random_state': 789}",0.3349283425840977,613.942686089788,1.193572177788856
SpectralClustering,"{'n_clusters': 11, 'affinity': 'rbf', 'assign_labels': 'cluster_qr', 'random_state': 1011}",0.3349283425840977,613.942686089788,1.193572177788856
SpectralClustering,"{'n_clusters': 11, 'affinity': 'rbf', 'assign_labels': 'cluster_qr', 'random_state': 2022}",0.3349283425840977,613.942686089788,1.193572177788856
SpectralClustering,"{'n_clusters': 11, 'affinity': 'rbf', 'assign_labels': 'cluster_qr', 'random_state': 3033}",0.3349283425840977,613.942686089788,1.193572177788856
SpectralClustering,"{'n_clusters': 11, 'affinity': 'rbf', 'assign_labels': 'cluster_qr', 'random_state': 4044}",0.3349283425840977,613.942686089788,1.193572177788856
SpectralClustering,"{'n_clusters': 11, 'affinity': 'rbf', 'assign_labels': 'cluster_qr', 'random_state': 5055}",0.3349283425840977,613.942686089788,1.193572177788856
SpectralClustering,"{'n_clusters': 11, 'affinity': 'rbf', 'assign_labels': 'cluster_qr', 'random_state': 6066}",0.3349283425840977,613.942686089788,1.193572177788856
SpectralClustering,"{'n_clusters': 11, 'affinity': 'nearest_neighbors', 'assign_labels': 'kmeans', 'random_state': 42, 'n_neighbors': 5}",0.23459304735433362,699.151181637642,1.364754272445914
SpectralClustering,"{'n_clusters': 11, 'affinity': 'nearest_neighbors', 'assign_labels': 'kmeans', 'random_state': 123, 'n_neighbors': 5}",0.23459304735433362,699.151181637642,1.3647542724459143
SpectralClustering,"{'n_clusters': 11, 'affinity': 'nearest_neighbors', 'assign_labels': 'kmeans', 'random_state': 456, 'n_neighbors': 5}",0.23459304735433362,699.151181637642,1.3647542724459143
SpectralClustering,"{'n_clusters': 11, 'affinity': 'nearest_neighbors', 'assign_labels': 'kmeans', 'random_state': 789, 'n_neighbors': 5}",0.23459304735433362,699.151181637642,1.3647542724459143
SpectralClustering,"{'n_clusters': 11, 'affinity': 'nearest_neighbors', 'assign_labels': 'kmeans', 'random_state': 1011, 'n_neighbors': 5}",0.23459304735433362,699.1511816376418,1.3647542724459143
SpectralClustering,"{'n_clusters': 11, 'affinity': 'nearest_neighbors', 'assign_labels': 'kmeans', 'random_state': 2022, 'n_neighbors': 5}",0.23459304735433362,699.151181637642,1.3647542724459143
SpectralClustering,"{'n_clusters': 11, 'affinity': 'nearest_neighbors', 'assign_labels': 'kmeans', 'random_state': 3033, 'n_neighbors': 5}",0.23459304735433362,699.1511816376421,1.3647542724459143
SpectralClustering,"{'n_clusters': 11, 'affinity': 'nearest_neighbors', 'assign_labels': 'kmeans', 'random_state': 4044, 'n_neighbors': 5}",0.23459304735433362,699.1511816376418,1.3647542724459143
SpectralClustering,"{'n_clusters': 11, 'affinity': 'nearest_neighbors', 'assign_labels': 'kmeans', 'random_state': 5055, 'n_neighbors': 5}",0.23459304735433362,699.151181637642,1.3647542724459143
SpectralClustering,"{'n_clusters': 11, 'affinity': 'nearest_neighbors', 'assign_labels': 'kmeans', 'random_state': 6066, 'n_neighbors': 5}",0.23459304735433362,699.151181637642,1.3647542724459143
SpectralClustering,"{'n_clusters': 11, 'affinity': 'nearest_neighbors', 'assign_labels': 'discretize', 'random_state': 42, 'n_neighbors': 5}",0.2349214646004762,697.3943253294901,1.3909308196837653
SpectralClustering,"{'n_clusters': 11, 'affinity': 'nearest_neighbors', 'assign_labels': 'discretize', 'random_state': 123, 'n_neighbors': 5}",0.2349214646004762,697.3943253294899,1.3909308196837653
SpectralClustering,"{'n_clusters': 11, 'affinity': 'nearest_neighbors', 'assign_labels': 'discretize', 'random_state': 456, 'n_neighbors': 5}",0.2349214646004762,697.3943253294899,1.3909308196837653
SpectralClustering,"{'n_clusters': 11, 'affinity': 'nearest_neighbors', 'assign_labels': 'discretize', 'random_state': 789, 'n_neighbors': 5}",0.23502213338156336,697.2714128152828,1.390552281677512
SpectralClustering,"{'n_clusters': 11, 'affinity': 'nearest_neighbors', 'assign_labels': 'discretize', 'random_state': 1011, 'n_neighbors': 5}",0.23502213338156336,697.2714128152828,1.3905522816775122
SpectralClustering,"{'n_clusters': 11, 'affinity': 'nearest_neighbors', 'assign_labels': 'discretize', 'random_state': 2022, 'n_neighbors': 5}",0.2349214646004762,697.3943253294904,1.3909308196837653
SpectralClustering,"{'n_clusters': 11, 'affinity': 'nearest_neighbors', 'assign_labels': 'discretize', 'random_state': 3033, 'n_neighbors': 5}",0.2349214646004762,697.3943253294901,1.3909308196837653
SpectralClustering,"{'n_clusters': 11, 'affinity': 'nearest_neighbors', 'assign_labels': 'discretize', 'random_state': 4044, 'n_neighbors': 5}",0.23502213338156336,697.2714128152828,1.3905522816775122
SpectralClustering,"{'n_clusters': 11, 'affinity': 'nearest_neighbors', 'assign_labels': 'discretize', 'random_state': 5055, 'n_neighbors': 5}",0.23502213338156336,697.2714128152828,1.3905522816775122
SpectralClustering,"{'n_clusters': 11, 'affinity': 'nearest_neighbors', 'assign_labels': 'discretize', 'random_state': 6066, 'n_neighbors': 5}",0.2349214646004762,697.3943253294901,1.390930819683765
SpectralClustering,"{'n_clusters': 11, 'affinity': 'nearest_neighbors', 'assign_labels': 'cluster_qr', 'random_state': 42, 'n_neighbors': 5}",0.23227837344487423,694.0310180495042,1.4179644401186302
SpectralClustering,"{'n_clusters': 11, 'affinity': 'nearest_neighbors', 'assign_labels': 'cluster_qr', 'random_state': 123, 'n_neighbors': 5}",0.23227837344487423,694.0310180495042,1.4179644401186302
SpectralClustering,"{'n_clusters': 11, 'affinity': 'nearest_neighbors', 'assign_labels': 'cluster_qr', 'random_state': 456, 'n_neighbors': 5}",0.23227837344487423,694.0310180495042,1.4179644401186302
SpectralClustering,"{'n_clusters': 11, 'affinity': 'nearest_neighbors', 'assign_labels': 'cluster_qr', 'random_state': 789, 'n_neighbors': 5}",0.23227837344487423,694.0310180495042,1.4179644401186302
SpectralClustering,"{'n_clusters': 11, 'affinity': 'nearest_neighbors', 'assign_labels': 'cluster_qr', 'random_state': 1011, 'n_neighbors': 5}",0.23227837344487423,694.0310180495042,1.4179644401186302
SpectralClustering,"{'n_clusters': 11, 'affinity': 'nearest_neighbors', 'assign_labels': 'cluster_qr', 'random_state': 2022, 'n_neighbors': 5}",0.23227837344487423,694.0310180495042,1.4179644401186302
SpectralClustering,"{'n_clusters': 11, 'affinity': 'nearest_neighbors', 'assign_labels': 'cluster_qr', 'random_state': 3033, 'n_neighbors': 5}",0.23227837344487423,694.0310180495042,1.4179644401186302
SpectralClustering,"{'n_clusters': 11, 'affinity': 'nearest_neighbors', 'assign_labels': 'cluster_qr', 'random_state': 4044, 'n_neighbors': 5}",0.23227837344487423,694.0310180495042,1.4179644401186302
SpectralClustering,"{'n_clusters': 11, 'affinity': 'nearest_neighbors', 'assign_labels': 'cluster_qr', 'random_state': 5055, 'n_neighbors': 5}",0.23227837344487423,694.0310180495042,1.4179644401186302
SpectralClustering,"{'n_clusters': 11, 'affinity': 'nearest_neighbors', 'assign_labels': 'cluster_qr', 'random_state': 6066, 'n_neighbors': 5}",0.23227837344487423,694.0310180495042,1.4179644401186302
SpectralClustering,"{'n_clusters': 11, 'affinity': 'nearest_neighbors', 'assign_labels': 'kmeans', 'random_state': 42, 'n_neighbors': 10}",0.23728760509100655,715.2312457774515,1.310416205277945
SpectralClustering,"{'n_clusters': 11, 'affinity': 'nearest_neighbors', 'assign_labels': 'kmeans', 'random_state': 123, 'n_neighbors': 10}",0.23728760509100655,715.2312457774515,1.310416205277945
SpectralClustering,"{'n_clusters': 11, 'affinity': 'nearest_neighbors', 'assign_labels': 'kmeans', 'random_state': 456, 'n_neighbors': 10}",0.23739296003341123,715.2788959360524,1.3101294529200167
SpectralClustering,"{'n_clusters': 11, 'affinity': 'nearest_neighbors', 'assign_labels': 'kmeans', 'random_state': 789, 'n_neighbors': 10}",0.23728760509100655,715.2312457774515,1.310416205277945
SpectralClustering,"{'n_clusters': 11, 'affinity': 'nearest_neighbors', 'assign_labels': 'kmeans', 'random_state': 1011, 'n_neighbors': 10}",0.23740283127530878,715.3176119789463,1.3101920760625902
SpectralClustering,"{'n_clusters': 11, 'affinity': 'nearest_neighbors', 'assign_labels': 'kmeans', 'random_state': 2022, 'n_neighbors': 10}",0.23740283127530878,715.3176119789464,1.31019207606259
SpectralClustering,"{'n_clusters': 11, 'affinity': 'nearest_neighbors', 'assign_labels': 'kmeans', 'random_state': 3033, 'n_neighbors': 10}",0.23740283127530878,715.3176119789463,1.31019207606259
SpectralClustering,"{'n_clusters': 11, 'affinity': 'nearest_neighbors', 'assign_labels': 'kmeans', 'random_state': 4044, 'n_neighbors': 10}",0.23728760509100655,715.2312457774515,1.3104162052779451
SpectralClustering,"{'n_clusters': 11, 'affinity': 'nearest_neighbors', 'assign_labels': 'kmeans', 'random_state': 5055, 'n_neighbors': 10}",0.23728760509100655,715.2312457774515,1.3104162052779451
SpectralClustering,"{'n_clusters': 11, 'affinity': 'nearest_neighbors', 'assign_labels': 'kmeans', 'random_state': 6066, 'n_neighbors': 10}",0.23728760509100655,715.2312457774516,1.310416205277945
SpectralClustering,"{'n_clusters': 11, 'affinity': 'nearest_neighbors', 'assign_labels': 'discretize', 'random_state': 42, 'n_neighbors': 10}",0.23581730281542096,709.9809394119193,1.294718457472827
SpectralClustering,"{'n_clusters': 11, 'affinity': 'nearest_neighbors', 'assign_labels': 'discretize', 'random_state': 123, 'n_neighbors': 10}",0.23527973346819941,709.1906203898371,1.2922187811980352
SpectralClustering,"{'n_clusters': 11, 'affinity': 'nearest_neighbors', 'assign_labels': 'discretize', 'random_state': 456, 'n_neighbors': 10}",0.23527973346819941,709.190620389837,1.2922187811980355
SpectralClustering,"{'n_clusters': 11, 'affinity': 'nearest_neighbors', 'assign_labels': 'discretize', 'random_state': 789, 'n_neighbors': 10}",0.23581730281542096,709.980939411919,1.294718457472827
SpectralClustering,"{'n_clusters': 11, 'affinity': 'nearest_neighbors', 'assign_labels': 'discretize', 'random_state': 1011, 'n_neighbors': 10}",0.23527973346819941,709.1906203898372,1.2922187811980352
SpectralClustering,"{'n_clusters': 11, 'affinity': 'nearest_neighbors', 'assign_labels': 'discretize', 'random_state': 2022, 'n_neighbors': 10}",0.2352185939899145,709.2625078673095,1.292110879235016
SpectralClustering,"{'n_clusters': 11, 'affinity': 'nearest_neighbors', 'assign_labels': 'discretize', 'random_state': 3033, 'n_neighbors': 10}",0.2352185939899145,709.2625078673094,1.2921108792350162
SpectralClustering,"{'n_clusters': 11, 'affinity': 'nearest_neighbors', 'assign_labels': 'discretize', 'random_state': 4044, 'n_neighbors': 10}",0.23550281150955257,709.7481091925913,1.2929439555722082
SpectralClustering,"{'n_clusters': 11, 'affinity': 'nearest_neighbors', 'assign_labels': 'discretize', 'random_state': 5055, 'n_neighbors': 10}",0.23527973346819941,709.190620389837,1.2922187811980355
SpectralClustering,"{'n_clusters': 11, 'affinity': 'nearest_neighbors', 'assign_labels': 'discretize', 'random_state': 6066, 'n_neighbors': 10}",0.23556380450784362,709.6761505858834,1.2930518575352277
SpectralClustering,"{'n_clusters': 11, 'affinity': 'nearest_neighbors', 'assign_labels': 'cluster_qr', 'random_state': 42, 'n_neighbors': 10}",0.23375749998295417,705.322118358156,1.3211277783820294
SpectralClustering,"{'n_clusters': 11, 'affinity': 'nearest_neighbors', 'assign_labels': 'cluster_qr', 'random_state': 123, 'n_neighbors': 10}",0.23375749998295417,705.322118358156,1.3211277783820294
SpectralClustering,"{'n_clusters': 11, 'affinity': 'nearest_neighbors', 'assign_labels': 'cluster_qr', 'random_state': 456, 'n_neighbors': 10}",0.23375749998295417,705.322118358156,1.3211277783820294
SpectralClustering,"{'n_clusters': 11, 'affinity': 'nearest_neighbors', 'assign_labels': 'cluster_qr', 'random_state': 789, 'n_neighbors': 10}",0.23375749998295417,705.322118358156,1.3211277783820294
SpectralClustering,"{'n_clusters': 11, 'affinity': 'nearest_neighbors', 'assign_labels': 'cluster_qr', 'random_state': 1011, 'n_neighbors': 10}",0.23375749998295417,705.322118358156,1.3211277783820294
SpectralClustering,"{'n_clusters': 11, 'affinity': 'nearest_neighbors', 'assign_labels': 'cluster_qr', 'random_state': 2022, 'n_neighbors': 10}",0.23375749998295417,705.322118358156,1.3211277783820294
SpectralClustering,"{'n_clusters': 11, 'affinity': 'nearest_neighbors', 'assign_labels': 'cluster_qr', 'random_state': 3033, 'n_neighbors': 10}",0.23375749998295417,705.322118358156,1.3211277783820294
SpectralClustering,"{'n_clusters': 11, 'affinity': 'nearest_neighbors', 'assign_labels': 'cluster_qr', 'random_state': 4044, 'n_neighbors': 10}",0.23375749998295417,705.322118358156,1.3211277783820294
SpectralClustering,"{'n_clusters': 11, 'affinity': 'nearest_neighbors', 'assign_labels': 'cluster_qr', 'random_state': 5055, 'n_neighbors': 10}",0.23375749998295417,705.322118358156,1.3211277783820294
SpectralClustering,"{'n_clusters': 11, 'affinity': 'nearest_neighbors', 'assign_labels': 'cluster_qr', 'random_state': 6066, 'n_neighbors': 10}",0.23375749998295417,705.322118358156,1.3211277783820294
SpectralClustering,"{'n_clusters': 11, 'affinity': 'nearest_neighbors', 'assign_labels': 'kmeans', 'random_state': 42, 'n_neighbors': 15}",0.23592763818150236,712.584261165116,1.301040366738766
SpectralClustering,"{'n_clusters': 11, 'affinity': 'nearest_neighbors', 'assign_labels': 'kmeans', 'random_state': 123, 'n_neighbors': 15}",0.23589434345659974,712.5366095231194,1.3007047306997912
SpectralClustering,"{'n_clusters': 11, 'affinity': 'nearest_neighbors', 'assign_labels': 'kmeans', 'random_state': 456, 'n_neighbors': 15}",0.23587257140205273,712.5379491436096,1.3012854587311506
SpectralClustering,"{'n_clusters': 11, 'affinity': 'nearest_neighbors', 'assign_labels': 'kmeans', 'random_state': 789, 'n_neighbors': 15}",0.23589434345659974,712.5366095231194,1.3007047306997912
SpectralClustering,"{'n_clusters': 11, 'affinity': 'nearest_neighbors', 'assign_labels': 'kmeans', 'random_state': 1011, 'n_neighbors': 15}",0.23587257140205273,712.5379491436096,1.3012854587311506
SpectralClustering,"{'n_clusters': 11, 'affinity': 'nearest_neighbors', 'assign_labels': 'kmeans', 'random_state': 2022, 'n_neighbors': 15}",0.23589434345659974,712.5366095231195,1.300704730699791
SpectralClustering,"{'n_clusters': 11, 'affinity': 'nearest_neighbors', 'assign_labels': 'kmeans', 'random_state': 3033, 'n_neighbors': 15}",0.23589434345659974,712.5366095231194,1.300704730699791
SpectralClustering,"{'n_clusters': 11, 'affinity': 'nearest_neighbors', 'assign_labels': 'kmeans', 'random_state': 4044, 'n_neighbors': 15}",0.23589434345659974,712.5366095231194,1.3007047306997912
SpectralClustering,"{'n_clusters': 11, 'affinity': 'nearest_neighbors', 'assign_labels': 'kmeans', 'random_state': 5055, 'n_neighbors': 15}",0.23589434345659974,712.5366095231194,1.300704730699791
SpectralClustering,"{'n_clusters': 11, 'affinity': 'nearest_neighbors', 'assign_labels': 'kmeans', 'random_state': 6066, 'n_neighbors': 15}",0.23589434345659974,712.5366095231194,1.300704730699791
SpectralClustering,"{'n_clusters': 11, 'affinity': 'nearest_neighbors', 'assign_labels': 'discretize', 'random_state': 42, 'n_neighbors': 15}",0.23513454133024228,709.609152271182,1.2924193376878395
SpectralClustering,"{'n_clusters': 11, 'affinity': 'nearest_neighbors', 'assign_labels': 'discretize', 'random_state': 123, 'n_neighbors': 15}",0.23527182615198391,709.7375369646447,1.2921939259285653
SpectralClustering,"{'n_clusters': 11, 'affinity': 'nearest_neighbors', 'assign_labels': 'discretize', 'random_state': 456, 'n_neighbors': 15}",0.23513454133024228,709.6091522711819,1.2924193376878395
SpectralClustering,"{'n_clusters': 11, 'affinity': 'nearest_neighbors', 'assign_labels': 'discretize', 'random_state': 789, 'n_neighbors': 15}",0.23485482827887771,709.0572481557635,1.2920276115764204
SpectralClustering,"{'n_clusters': 11, 'affinity': 'nearest_neighbors', 'assign_labels': 'discretize', 'random_state': 1011, 'n_neighbors': 15}",0.23527182615198391,709.7375369646447,1.2921939259285653
SpectralClustering,"{'n_clusters': 11, 'affinity': 'nearest_neighbors', 'assign_labels': 'discretize', 'random_state': 2022, 'n_neighbors': 15}",0.23513454133024228,709.6091522711819,1.2924193376878395
SpectralClustering,"{'n_clusters': 11, 'affinity': 'nearest_neighbors', 'assign_labels': 'discretize', 'random_state': 3033, 'n_neighbors': 15}",0.23513454133024228,709.6091522711815,1.2924193376878392
SpectralClustering,"{'n_clusters': 11, 'affinity': 'nearest_neighbors', 'assign_labels': 'discretize', 'random_state': 4044, 'n_neighbors': 15}",0.23477132344290375,709.0242096320447,1.292106269219212
SpectralClustering,"{'n_clusters': 11, 'affinity': 'nearest_neighbors', 'assign_labels': 'discretize', 'random_state': 5055, 'n_neighbors': 15}",0.23513454133024228,709.609152271182,1.2924193376878395
SpectralClustering,"{'n_clusters': 11, 'affinity': 'nearest_neighbors', 'assign_labels': 'discretize', 'random_state': 6066, 'n_neighbors': 15}",0.23513454133024228,709.609152271182,1.2924193376878395
SpectralClustering,"{'n_clusters': 11, 'affinity': 'nearest_neighbors', 'assign_labels': 'cluster_qr', 'random_state': 42, 'n_neighbors': 15}",0.23442215859522236,708.5927559462541,1.2986882558883626
SpectralClustering,"{'n_clusters': 11, 'affinity': 'nearest_neighbors', 'assign_labels': 'cluster_qr', 'random_state': 123, 'n_neighbors': 15}",0.23442215859522236,708.5927559462541,1.2986882558883626
SpectralClustering,"{'n_clusters': 11, 'affinity': 'nearest_neighbors', 'assign_labels': 'cluster_qr', 'random_state': 456, 'n_neighbors': 15}",0.23442215859522236,708.5927559462541,1.2986882558883626
SpectralClustering,"{'n_clusters': 11, 'affinity': 'nearest_neighbors', 'assign_labels': 'cluster_qr', 'random_state': 789, 'n_neighbors': 15}",0.23442215859522236,708.5927559462541,1.2986882558883626
SpectralClustering,"{'n_clusters': 11, 'affinity': 'nearest_neighbors', 'assign_labels': 'cluster_qr', 'random_state': 1011, 'n_neighbors': 15}",0.23442215859522236,708.5927559462541,1.2986882558883626
SpectralClustering,"{'n_clusters': 11, 'affinity': 'nearest_neighbors', 'assign_labels': 'cluster_qr', 'random_state': 2022, 'n_neighbors': 15}",0.23442215859522236,708.5927559462541,1.2986882558883626
SpectralClustering,"{'n_clusters': 11, 'affinity': 'nearest_neighbors', 'assign_labels': 'cluster_qr', 'random_state': 3033, 'n_neighbors': 15}",0.23442215859522236,708.5927559462541,1.2986882558883626
SpectralClustering,"{'n_clusters': 11, 'affinity': 'nearest_neighbors', 'assign_labels': 'cluster_qr', 'random_state': 4044, 'n_neighbors': 15}",0.23442215859522236,708.5927559462541,1.2986882558883626
SpectralClustering,"{'n_clusters': 11, 'affinity': 'nearest_neighbors', 'assign_labels': 'cluster_qr', 'random_state': 5055, 'n_neighbors': 15}",0.23442215859522236,708.5927559462541,1.2986882558883626
SpectralClustering,"{'n_clusters': 11, 'affinity': 'nearest_neighbors', 'assign_labels': 'cluster_qr', 'random_state': 6066, 'n_neighbors': 15}",0.23442215859522236,708.5927559462541,1.2986882558883626
SpectralClustering,"{'n_clusters': 11, 'affinity': 'nearest_neighbors', 'assign_labels': 'kmeans', 'random_state': 42, 'n_neighbors': 20}",0.23611534645338425,714.7608845459603,1.310697316451702
SpectralClustering,"{'n_clusters': 11, 'affinity': 'nearest_neighbors', 'assign_labels': 'kmeans', 'random_state': 123, 'n_neighbors': 20}",0.23588997432687442,714.5381739412719,1.310743478964405
SpectralClustering,"{'n_clusters': 11, 'affinity': 'nearest_neighbors', 'assign_labels': 'kmeans', 'random_state': 456, 'n_neighbors': 20}",0.23588997432687442,714.5381739412718,1.310743478964405
SpectralClustering,"{'n_clusters': 11, 'affinity': 'nearest_neighbors', 'assign_labels': 'kmeans', 'random_state': 789, 'n_neighbors': 20}",0.23611534645338425,714.7608845459605,1.310697316451702
SpectralClustering,"{'n_clusters': 11, 'affinity': 'nearest_neighbors', 'assign_labels': 'kmeans', 'random_state': 1011, 'n_neighbors': 20}",0.23588997432687442,714.5381739412717,1.310743478964405
SpectralClustering,"{'n_clusters': 11, 'affinity': 'nearest_neighbors', 'assign_labels': 'kmeans', 'random_state': 2022, 'n_neighbors': 20}",0.23588997432687442,714.5381739412718,1.310743478964405
SpectralClustering,"{'n_clusters': 11, 'affinity': 'nearest_neighbors', 'assign_labels': 'kmeans', 'random_state': 3033, 'n_neighbors': 20}",0.23611534645338425,714.7608845459606,1.3106973164517022
SpectralClustering,"{'n_clusters': 11, 'affinity': 'nearest_neighbors', 'assign_labels': 'kmeans', 'random_state': 4044, 'n_neighbors': 20}",0.23622359194810194,715.1960574188074,1.3120330331106365
SpectralClustering,"{'n_clusters': 11, 'affinity': 'nearest_neighbors', 'assign_labels': 'kmeans', 'random_state': 5055, 'n_neighbors': 20}",0.23588997432687442,714.5381739412719,1.310743478964405
SpectralClustering,"{'n_clusters': 11, 'affinity': 'nearest_neighbors', 'assign_labels': 'kmeans', 'random_state': 6066, 'n_neighbors': 20}",0.23622359194810194,715.1960574188073,1.3120330331106365
SpectralClustering,"{'n_clusters': 11, 'affinity': 'nearest_neighbors', 'assign_labels': 'discretize', 'random_state': 42, 'n_neighbors': 20}",0.23431398825725538,712.1605615235808,1.2995791259836755
SpectralClustering,"{'n_clusters': 11, 'affinity': 'nearest_neighbors', 'assign_labels': 'discretize', 'random_state': 123, 'n_neighbors': 20}",0.23431398825725538,712.1605615235808,1.2995791259836755
SpectralClustering,"{'n_clusters': 11, 'affinity': 'nearest_neighbors', 'assign_labels': 'discretize', 'random_state': 456, 'n_neighbors': 20}",0.23431398825725538,712.1605615235807,1.2995791259836755
SpectralClustering,"{'n_clusters': 11, 'affinity': 'nearest_neighbors', 'assign_labels': 'discretize', 'random_state': 789, 'n_neighbors': 20}",0.23431398825725538,712.1605615235808,1.2995791259836755
SpectralClustering,"{'n_clusters': 11, 'affinity': 'nearest_neighbors', 'assign_labels': 'discretize', 'random_state': 1011, 'n_neighbors': 20}",0.23431398825725538,712.1605615235808,1.2995791259836755
SpectralClustering,"{'n_clusters': 11, 'affinity': 'nearest_neighbors', 'assign_labels': 'discretize', 'random_state': 2022, 'n_neighbors': 20}",0.23431398825725538,712.1605615235809,1.2995791259836755
SpectralClustering,"{'n_clusters': 11, 'affinity': 'nearest_neighbors', 'assign_labels': 'discretize', 'random_state': 3033, 'n_neighbors': 20}",0.23431398825725538,712.1605615235809,1.2995791259836755
SpectralClustering,"{'n_clusters': 11, 'affinity': 'nearest_neighbors', 'assign_labels': 'discretize', 'random_state': 4044, 'n_neighbors': 20}",0.23431398825725538,712.1605615235809,1.2995791259836755
SpectralClustering,"{'n_clusters': 11, 'affinity': 'nearest_neighbors', 'assign_labels': 'discretize', 'random_state': 5055, 'n_neighbors': 20}",0.23431398825725538,712.1605615235808,1.2995791259836755
SpectralClustering,"{'n_clusters': 11, 'affinity': 'nearest_neighbors', 'assign_labels': 'discretize', 'random_state': 6066, 'n_neighbors': 20}",0.23431398825725538,712.1605615235807,1.2995791259836755
SpectralClustering,"{'n_clusters': 11, 'affinity': 'nearest_neighbors', 'assign_labels': 'cluster_qr', 'random_state': 42, 'n_neighbors': 20}",0.23558560935626846,711.2606283292297,1.311223475880045
SpectralClustering,"{'n_clusters': 11, 'affinity': 'nearest_neighbors', 'assign_labels': 'cluster_qr', 'random_state': 123, 'n_neighbors': 20}",0.23558560935626846,711.2606283292297,1.311223475880045
SpectralClustering,"{'n_clusters': 11, 'affinity': 'nearest_neighbors', 'assign_labels': 'cluster_qr', 'random_state': 456, 'n_neighbors': 20}",0.23558560935626846,711.2606283292297,1.311223475880045
SpectralClustering,"{'n_clusters': 11, 'affinity': 'nearest_neighbors', 'assign_labels': 'cluster_qr', 'random_state': 789, 'n_neighbors': 20}",0.23558560935626846,711.2606283292297,1.311223475880045
SpectralClustering,"{'n_clusters': 11, 'affinity': 'nearest_neighbors', 'assign_labels': 'cluster_qr', 'random_state': 1011, 'n_neighbors': 20}",0.23558560935626846,711.2606283292297,1.311223475880045
SpectralClustering,"{'n_clusters': 11, 'affinity': 'nearest_neighbors', 'assign_labels': 'cluster_qr', 'random_state': 2022, 'n_neighbors': 20}",0.23558560935626846,711.2606283292297,1.311223475880045
SpectralClustering,"{'n_clusters': 11, 'affinity': 'nearest_neighbors', 'assign_labels': 'cluster_qr', 'random_state': 3033, 'n_neighbors': 20}",0.23558560935626846,711.2606283292297,1.311223475880045
SpectralClustering,"{'n_clusters': 11, 'affinity': 'nearest_neighbors', 'assign_labels': 'cluster_qr', 'random_state': 4044, 'n_neighbors': 20}",0.23558560935626846,711.2606283292297,1.311223475880045
SpectralClustering,"{'n_clusters': 11, 'affinity': 'nearest_neighbors', 'assign_labels': 'cluster_qr', 'random_state': 5055, 'n_neighbors': 20}",0.23558560935626846,711.2606283292297,1.311223475880045
SpectralClustering,"{'n_clusters': 11, 'affinity': 'nearest_neighbors', 'assign_labels': 'cluster_qr', 'random_state': 6066, 'n_neighbors': 20}",0.23558560935626846,711.2606283292297,1.311223475880045
SpectralClustering,"{'n_clusters': 11, 'affinity': 'nearest_neighbors', 'assign_labels': 'kmeans', 'random_state': 42, 'n_neighbors': 50}",0.24248111107474463,726.1073953121165,1.3023169650018724
SpectralClustering,"{'n_clusters': 11, 'affinity': 'nearest_neighbors', 'assign_labels': 'kmeans', 'random_state': 123, 'n_neighbors': 50}",0.2423680481801653,726.0389731128971,1.3023747935523924
SpectralClustering,"{'n_clusters': 11, 'affinity': 'nearest_neighbors', 'assign_labels': 'kmeans', 'random_state': 456, 'n_neighbors': 50}",0.24246466720580265,726.0767242458709,1.302344026093422
SpectralClustering,"{'n_clusters': 11, 'affinity': 'nearest_neighbors', 'assign_labels': 'kmeans', 'random_state': 789, 'n_neighbors': 50}",0.24246466720580265,726.0767242458709,1.302344026093422
SpectralClustering,"{'n_clusters': 11, 'affinity': 'nearest_neighbors', 'assign_labels': 'kmeans', 'random_state': 1011, 'n_neighbors': 50}",0.24268165376929743,726.2828712880628,1.3016668406860512
SpectralClustering,"{'n_clusters': 11, 'affinity': 'nearest_neighbors', 'assign_labels': 'kmeans', 'random_state': 2022, 'n_neighbors': 50}",0.24246466720580265,726.076724245871,1.302344026093422
SpectralClustering,"{'n_clusters': 11, 'affinity': 'nearest_neighbors', 'assign_labels': 'kmeans', 'random_state': 3033, 'n_neighbors': 50}",0.24268165376929743,726.2828712880629,1.3016668406860514
SpectralClustering,"{'n_clusters': 11, 'affinity': 'nearest_neighbors', 'assign_labels': 'kmeans', 'random_state': 4044, 'n_neighbors': 50}",0.24268165376929743,726.2828712880629,1.3016668406860514
SpectralClustering,"{'n_clusters': 11, 'affinity': 'nearest_neighbors', 'assign_labels': 'kmeans', 'random_state': 5055, 'n_neighbors': 50}",0.24268165376929743,726.2828712880629,1.3016668406860512
SpectralClustering,"{'n_clusters': 11, 'affinity': 'nearest_neighbors', 'assign_labels': 'kmeans', 'random_state': 6066, 'n_neighbors': 50}",0.24246466720580265,726.076724245871,1.3023440260934223
SpectralClustering,"{'n_clusters': 11, 'affinity': 'nearest_neighbors', 'assign_labels': 'discretize', 'random_state': 42, 'n_neighbors': 50}",0.23843468725013142,720.9138902353088,1.2958522268964072
SpectralClustering,"{'n_clusters': 11, 'affinity': 'nearest_neighbors', 'assign_labels': 'discretize', 'random_state': 123, 'n_neighbors': 50}",0.23843468725013142,720.9138902353088,1.2958522268964077
SpectralClustering,"{'n_clusters': 11, 'affinity': 'nearest_neighbors', 'assign_labels': 'discretize', 'random_state': 456, 'n_neighbors': 50}",0.238189467459772,720.6259487033356,1.296072328712774
SpectralClustering,"{'n_clusters': 11, 'affinity': 'nearest_neighbors', 'assign_labels': 'discretize', 'random_state': 789, 'n_neighbors': 50}",0.23843468725013142,720.9138902353087,1.2958522268964074
SpectralClustering,"{'n_clusters': 11, 'affinity': 'nearest_neighbors', 'assign_labels': 'discretize', 'random_state': 1011, 'n_neighbors': 50}",0.2384412407826341,720.7100764266445,1.2958111585056704
SpectralClustering,"{'n_clusters': 11, 'affinity': 'nearest_neighbors', 'assign_labels': 'discretize', 'random_state': 2022, 'n_neighbors': 50}",0.2384412407826341,720.7100764266444,1.2958111585056697
SpectralClustering,"{'n_clusters': 11, 'affinity': 'nearest_neighbors', 'assign_labels': 'discretize', 'random_state': 3033, 'n_neighbors': 50}",0.23843468725013142,720.9138902353088,1.2958522268964072
SpectralClustering,"{'n_clusters': 11, 'affinity': 'nearest_neighbors', 'assign_labels': 'discretize', 'random_state': 4044, 'n_neighbors': 50}",0.238189467459772,720.6259487033356,1.2960723287127738
SpectralClustering,"{'n_clusters': 11, 'affinity': 'nearest_neighbors', 'assign_labels': 'discretize', 'random_state': 5055, 'n_neighbors': 50}",0.23828000109039082,720.4669723196022,1.2960532167511
SpectralClustering,"{'n_clusters': 11, 'affinity': 'nearest_neighbors', 'assign_labels': 'discretize', 'random_state': 6066, 'n_neighbors': 50}",0.23843468725013142,720.9138902353088,1.2958522268964074
SpectralClustering,"{'n_clusters': 11, 'affinity': 'nearest_neighbors', 'assign_labels': 'cluster_qr', 'random_state': 42, 'n_neighbors': 50}",0.2452553391216881,727.535608787933,1.2886755035519832
SpectralClustering,"{'n_clusters': 11, 'affinity': 'nearest_neighbors', 'assign_labels': 'cluster_qr', 'random_state': 123, 'n_neighbors': 50}",0.2452553391216881,727.535608787933,1.2886755035519832
SpectralClustering,"{'n_clusters': 11, 'affinity': 'nearest_neighbors', 'assign_labels': 'cluster_qr', 'random_state': 456, 'n_neighbors': 50}",0.2452553391216881,727.535608787933,1.2886755035519832
SpectralClustering,"{'n_clusters': 11, 'affinity': 'nearest_neighbors', 'assign_labels': 'cluster_qr', 'random_state': 789, 'n_neighbors': 50}",0.2452553391216881,727.535608787933,1.2886755035519832
SpectralClustering,"{'n_clusters': 11, 'affinity': 'nearest_neighbors', 'assign_labels': 'cluster_qr', 'random_state': 1011, 'n_neighbors': 50}",0.2452553391216881,727.535608787933,1.2886755035519832
SpectralClustering,"{'n_clusters': 11, 'affinity': 'nearest_neighbors', 'assign_labels': 'cluster_qr', 'random_state': 2022, 'n_neighbors': 50}",0.2452553391216881,727.535608787933,1.2886755035519832
SpectralClustering,"{'n_clusters': 11, 'affinity': 'nearest_neighbors', 'assign_labels': 'cluster_qr', 'random_state': 3033, 'n_neighbors': 50}",0.2452553391216881,727.535608787933,1.2886755035519832
SpectralClustering,"{'n_clusters': 11, 'affinity': 'nearest_neighbors', 'assign_labels': 'cluster_qr', 'random_state': 4044, 'n_neighbors': 50}",0.2452553391216881,727.535608787933,1.2886755035519832
SpectralClustering,"{'n_clusters': 11, 'affinity': 'nearest_neighbors', 'assign_labels': 'cluster_qr', 'random_state': 5055, 'n_neighbors': 50}",0.2452553391216881,727.535608787933,1.2886755035519832
SpectralClustering,"{'n_clusters': 11, 'affinity': 'nearest_neighbors', 'assign_labels': 'cluster_qr', 'random_state': 6066, 'n_neighbors': 50}",0.2452553391216881,727.535608787933,1.2886755035519832
SpectralClustering,"{'n_clusters': 11, 'affinity': 'nearest_neighbors', 'assign_labels': 'kmeans', 'random_state': 42, 'n_neighbors': 100}",0.213325865578043,632.3795973794862,1.2425974439442402
SpectralClustering,"{'n_clusters': 11, 'affinity': 'nearest_neighbors', 'assign_labels': 'kmeans', 'random_state': 123, 'n_neighbors': 100}",0.21326151291676498,631.6437283275341,1.2423845612555608
SpectralClustering,"{'n_clusters': 11, 'affinity': 'nearest_neighbors', 'assign_labels': 'kmeans', 'random_state': 456, 'n_neighbors': 100}",0.213325865578043,632.3795973794862,1.24259744394424
SpectralClustering,"{'n_clusters': 11, 'affinity': 'nearest_neighbors', 'assign_labels': 'kmeans', 'random_state': 789, 'n_neighbors': 100}",0.21345064550468096,632.5330186446621,1.2426288705757342
SpectralClustering,"{'n_clusters': 11, 'affinity': 'nearest_neighbors', 'assign_labels': 'kmeans', 'random_state': 1011, 'n_neighbors': 100}",0.21368154018507052,632.4226206330237,1.2422855191217705
SpectralClustering,"{'n_clusters': 11, 'affinity': 'nearest_neighbors', 'assign_labels': 'kmeans', 'random_state': 2022, 'n_neighbors': 100}",0.21355567258969763,631.6832366257697,1.2419509267646438
SpectralClustering,"{'n_clusters': 11, 'affinity': 'nearest_neighbors', 'assign_labels': 'kmeans', 'random_state': 3033, 'n_neighbors': 100}",0.21338184596933019,632.3814430691534,1.2425410427926393
SpectralClustering,"{'n_clusters': 11, 'affinity': 'nearest_neighbors', 'assign_labels': 'kmeans', 'random_state': 4044, 'n_neighbors': 100}",0.21361979637088013,632.4191700157255,1.2421638094533234
SpectralClustering,"{'n_clusters': 11, 'affinity': 'nearest_neighbors', 'assign_labels': 'kmeans', 'random_state': 5055, 'n_neighbors': 100}",0.21326151291676498,631.6437283275341,1.2423845612555608
SpectralClustering,"{'n_clusters': 11, 'affinity': 'nearest_neighbors', 'assign_labels': 'kmeans', 'random_state': 6066, 'n_neighbors': 100}",0.21326151291676498,631.643728327534,1.2423845612555606
SpectralClustering,"{'n_clusters': 11, 'affinity': 'nearest_neighbors', 'assign_labels': 'discretize', 'random_state': 42, 'n_neighbors': 100}",0.21501006131656206,637.0774183590452,1.2527134198832774
SpectralClustering,"{'n_clusters': 11, 'affinity': 'nearest_neighbors', 'assign_labels': 'discretize', 'random_state': 123, 'n_neighbors': 100}",0.21501006131656206,637.0774183590453,1.2527134198832774
SpectralClustering,"{'n_clusters': 11, 'affinity': 'nearest_neighbors', 'assign_labels': 'discretize', 'random_state': 456, 'n_neighbors': 100}",0.21495039416451472,637.0819383850129,1.2526031674737546
SpectralClustering,"{'n_clusters': 11, 'affinity': 'nearest_neighbors', 'assign_labels': 'discretize', 'random_state': 789, 'n_neighbors': 100}",0.21518172689710038,637.0043017927735,1.2513940606809877
SpectralClustering,"{'n_clusters': 11, 'affinity': 'nearest_neighbors', 'assign_labels': 'discretize', 'random_state': 1011, 'n_neighbors': 100}",0.21501006131656206,637.0774183590452,1.2527134198832774
SpectralClustering,"{'n_clusters': 11, 'affinity': 'nearest_neighbors', 'assign_labels': 'discretize', 'random_state': 2022, 'n_neighbors': 100}",0.21495039416451472,637.081938385013,1.2526031674737546
SpectralClustering,"{'n_clusters': 11, 'affinity': 'nearest_neighbors', 'assign_labels': 'discretize', 'random_state': 3033, 'n_neighbors': 100}",0.21501006131656206,637.0774183590452,1.2527134198832774
SpectralClustering,"{'n_clusters': 11, 'affinity': 'nearest_neighbors', 'assign_labels': 'discretize', 'random_state': 4044, 'n_neighbors': 100}",0.2139103280429803,637.054385874355,1.2574279198017937
SpectralClustering,"{'n_clusters': 11, 'affinity': 'nearest_neighbors', 'assign_labels': 'discretize', 'random_state': 5055, 'n_neighbors': 100}",0.21495039416451472,637.0819383850129,1.2526031674737546
SpectralClustering,"{'n_clusters': 11, 'affinity': 'nearest_neighbors', 'assign_labels': 'discretize', 'random_state': 6066, 'n_neighbors': 100}",0.21518172689710038,637.0043017927738,1.2513940606809877
SpectralClustering,"{'n_clusters': 11, 'affinity': 'nearest_neighbors', 'assign_labels': 'cluster_qr', 'random_state': 42, 'n_neighbors': 100}",0.21225290439794492,638.9396845648769,1.249136830901755
SpectralClustering,"{'n_clusters': 11, 'affinity': 'nearest_neighbors', 'assign_labels': 'cluster_qr', 'random_state': 123, 'n_neighbors': 100}",0.21225290439794492,638.9396845648769,1.249136830901755
SpectralClustering,"{'n_clusters': 11, 'affinity': 'nearest_neighbors', 'assign_labels': 'cluster_qr', 'random_state': 456, 'n_neighbors': 100}",0.21225290439794492,638.9396845648769,1.249136830901755
SpectralClustering,"{'n_clusters': 11, 'affinity': 'nearest_neighbors', 'assign_labels': 'cluster_qr', 'random_state': 789, 'n_neighbors': 100}",0.21225290439794492,638.9396845648769,1.249136830901755
SpectralClustering,"{'n_clusters': 11, 'affinity': 'nearest_neighbors', 'assign_labels': 'cluster_qr', 'random_state': 1011, 'n_neighbors': 100}",0.21225290439794492,638.9396845648769,1.249136830901755
SpectralClustering,"{'n_clusters': 11, 'affinity': 'nearest_neighbors', 'assign_labels': 'cluster_qr', 'random_state': 2022, 'n_neighbors': 100}",0.21225290439794492,638.9396845648769,1.249136830901755
SpectralClustering,"{'n_clusters': 11, 'affinity': 'nearest_neighbors', 'assign_labels': 'cluster_qr', 'random_state': 3033, 'n_neighbors': 100}",0.21225290439794492,638.9396845648769,1.249136830901755
SpectralClustering,"{'n_clusters': 11, 'affinity': 'nearest_neighbors', 'assign_labels': 'cluster_qr', 'random_state': 4044, 'n_neighbors': 100}",0.21225290439794492,638.9396845648769,1.249136830901755
SpectralClustering,"{'n_clusters': 11, 'affinity': 'nearest_neighbors', 'assign_labels': 'cluster_qr', 'random_state': 5055, 'n_neighbors': 100}",0.21225290439794492,638.9396845648769,1.249136830901755
SpectralClustering,"{'n_clusters': 11, 'affinity': 'nearest_neighbors', 'assign_labels': 'cluster_qr', 'random_state': 6066, 'n_neighbors': 100}",0.21225290439794492,638.9396845648769,1.249136830901755
SpectralClustering,"{'n_clusters': 11, 'affinity': 'polynomial', 'assign_labels': 'kmeans', 'random_state': 42}",-0.05616951747883449,87.62106869275598,1.71111571198894
SpectralClustering,"{'n_clusters': 11, 'affinity': 'polynomial', 'assign_labels': 'kmeans', 'random_state': 123}",-0.056499994369474706,87.41155614689062,1.705544158868007
SpectralClustering,"{'n_clusters': 11, 'affinity': 'polynomial', 'assign_labels': 'kmeans', 'random_state': 456}",-0.05468022734928713,89.04211647275282,1.7284454814010033
SpectralClustering,"{'n_clusters': 11, 'affinity': 'polynomial', 'assign_labels': 'kmeans', 'random_state': 789}",-0.05688228532081714,87.49331499924796,1.7049241296963218
SpectralClustering,"{'n_clusters': 11, 'affinity': 'polynomial', 'assign_labels': 'kmeans', 'random_state': 1011}",-0.05519063432588297,87.96482828444283,1.728791942150935
SpectralClustering,"{'n_clusters': 11, 'affinity': 'polynomial', 'assign_labels': 'kmeans', 'random_state': 2022}",-0.0534687205516681,89.34977577311082,1.724396182642227
SpectralClustering,"{'n_clusters': 11, 'affinity': 'polynomial', 'assign_labels': 'kmeans', 'random_state': 3033}",-0.0577317211237124,88.54290891191266,1.6495913790210424
SpectralClustering,"{'n_clusters': 11, 'affinity': 'polynomial', 'assign_labels': 'kmeans', 'random_state': 4044}",-0.056169779730074136,87.56939445983114,1.7042698794462543
SpectralClustering,"{'n_clusters': 11, 'affinity': 'polynomial', 'assign_labels': 'kmeans', 'random_state': 5055}",-0.05591322267660202,87.8301497131291,1.7077579892095562
SpectralClustering,"{'n_clusters': 11, 'affinity': 'polynomial', 'assign_labels': 'kmeans', 'random_state': 6066}",-0.05595493093579568,87.70305181471011,1.7406753984263694
SpectralClustering,"{'n_clusters': 11, 'affinity': 'polynomial', 'assign_labels': 'discretize', 'random_state': 42}",0.09531946509631288,401.27807088460895,1.7371755780479152
SpectralClustering,"{'n_clusters': 11, 'affinity': 'polynomial', 'assign_labels': 'discretize', 'random_state': 123}",0.0961613460695103,430.9603463167899,1.8805115628267641
SpectralClustering,"{'n_clusters': 11, 'affinity': 'polynomial', 'assign_labels': 'discretize', 'random_state': 456}",0.06992346427983179,435.3691188079184,1.6450568796724738
SpectralClustering,"{'n_clusters': 11, 'affinity': 'polynomial', 'assign_labels': 'discretize', 'random_state': 789}",0.09209833103854426,427.80974538587674,1.872845477498939
SpectralClustering,"{'n_clusters': 11, 'affinity': 'polynomial', 'assign_labels': 'discretize', 'random_state': 1011}",0.07478963270232786,388.39311207258515,1.8067000230615937
SpectralClustering,"{'n_clusters': 11, 'affinity': 'polynomial', 'assign_labels': 'discretize', 'random_state': 2022}",0.15777148823110856,542.0410947293095,1.4054813811219633
SpectralClustering,"{'n_clusters': 11, 'affinity': 'polynomial', 'assign_labels': 'discretize', 'random_state': 3033}",0.07283712177503163,387.64451724519836,1.8101002595479063
SpectralClustering,"{'n_clusters': 11, 'affinity': 'polynomial', 'assign_labels': 'discretize', 'random_state': 4044}",0.06933143508856773,378.77830417766967,1.7684086598003348
SpectralClustering,"{'n_clusters': 11, 'affinity': 'polynomial', 'assign_labels': 'discretize', 'random_state': 5055}",0.1638264170728404,515.6172592061334,1.2589398196519743
SpectralClustering,"{'n_clusters': 11, 'affinity': 'polynomial', 'assign_labels': 'discretize', 'random_state': 6066}",0.1835256841948348,618.5481437976981,1.3030619372673435
SpectralClustering,"{'n_clusters': 11, 'affinity': 'polynomial', 'assign_labels': 'cluster_qr', 'random_state': 42}",0.1651335488821149,500.2604928836541,1.7556031987701934
SpectralClustering,"{'n_clusters': 11, 'affinity': 'polynomial', 'assign_labels': 'cluster_qr', 'random_state': 123}",0.1651335488821149,500.2604928836541,1.7556031987701934
SpectralClustering,"{'n_clusters': 11, 'affinity': 'polynomial', 'assign_labels': 'cluster_qr', 'random_state': 456}",0.1651335488821149,500.2604928836541,1.7556031987701934
SpectralClustering,"{'n_clusters': 11, 'affinity': 'polynomial', 'assign_labels': 'cluster_qr', 'random_state': 789}",0.1651335488821149,500.2604928836541,1.7556031987701934
SpectralClustering,"{'n_clusters': 11, 'affinity': 'polynomial', 'assign_labels': 'cluster_qr', 'random_state': 1011}",0.1651335488821149,500.2604928836541,1.7556031987701934
SpectralClustering,"{'n_clusters': 11, 'affinity': 'polynomial', 'assign_labels': 'cluster_qr', 'random_state': 2022}",0.1651335488821149,500.2604928836541,1.7556031987701934
SpectralClustering,"{'n_clusters': 11, 'affinity': 'polynomial', 'assign_labels': 'cluster_qr', 'random_state': 3033}",0.1651335488821149,500.2604928836541,1.7556031987701934
SpectralClustering,"{'n_clusters': 11, 'affinity': 'polynomial', 'assign_labels': 'cluster_qr', 'random_state': 4044}",0.1651335488821149,500.2604928836541,1.7556031987701934
SpectralClustering,"{'n_clusters': 11, 'affinity': 'polynomial', 'assign_labels': 'cluster_qr', 'random_state': 5055}",0.1651335488821149,500.2604928836541,1.7556031987701934
SpectralClustering,"{'n_clusters': 11, 'affinity': 'polynomial', 'assign_labels': 'cluster_qr', 'random_state': 6066}",0.1651335488821149,500.2604928836541,1.7556031987701934
SpectralClustering,"{'n_clusters': 11, 'affinity': 'poly', 'assign_labels': 'kmeans', 'random_state': 42}",-0.05616951747883449,87.62106869275598,1.71111571198894
SpectralClustering,"{'n_clusters': 11, 'affinity': 'poly', 'assign_labels': 'kmeans', 'random_state': 123}",-0.056499994369474706,87.41155614689062,1.705544158868007
SpectralClustering,"{'n_clusters': 11, 'affinity': 'poly', 'assign_labels': 'kmeans', 'random_state': 456}",-0.05468022734928713,89.04211647275282,1.7284454814010033
SpectralClustering,"{'n_clusters': 11, 'affinity': 'poly', 'assign_labels': 'kmeans', 'random_state': 789}",-0.05688228532081714,87.49331499924796,1.7049241296963218
SpectralClustering,"{'n_clusters': 11, 'affinity': 'poly', 'assign_labels': 'kmeans', 'random_state': 1011}",-0.05519063432588297,87.96482828444283,1.728791942150935
SpectralClustering,"{'n_clusters': 11, 'affinity': 'poly', 'assign_labels': 'kmeans', 'random_state': 2022}",-0.0534687205516681,89.34977577311082,1.724396182642227
SpectralClustering,"{'n_clusters': 11, 'affinity': 'poly', 'assign_labels': 'kmeans', 'random_state': 3033}",-0.0577317211237124,88.54290891191266,1.6495913790210424
SpectralClustering,"{'n_clusters': 11, 'affinity': 'poly', 'assign_labels': 'kmeans', 'random_state': 4044}",-0.056169779730074136,87.56939445983114,1.7042698794462543
SpectralClustering,"{'n_clusters': 11, 'affinity': 'poly', 'assign_labels': 'kmeans', 'random_state': 5055}",-0.05591322267660202,87.8301497131291,1.7077579892095562
SpectralClustering,"{'n_clusters': 11, 'affinity': 'poly', 'assign_labels': 'kmeans', 'random_state': 6066}",-0.05595493093579568,87.70305181471011,1.7406753984263694
SpectralClustering,"{'n_clusters': 11, 'affinity': 'poly', 'assign_labels': 'discretize', 'random_state': 42}",0.09531946509631288,401.27807088460895,1.7371755780479152
SpectralClustering,"{'n_clusters': 11, 'affinity': 'poly', 'assign_labels': 'discretize', 'random_state': 123}",0.0961613460695103,430.9603463167899,1.8805115628267641
SpectralClustering,"{'n_clusters': 11, 'affinity': 'poly', 'assign_labels': 'discretize', 'random_state': 456}",0.06992346427983179,435.3691188079184,1.6450568796724738
SpectralClustering,"{'n_clusters': 11, 'affinity': 'poly', 'assign_labels': 'discretize', 'random_state': 789}",0.09209833103854426,427.80974538587674,1.872845477498939
SpectralClustering,"{'n_clusters': 11, 'affinity': 'poly', 'assign_labels': 'discretize', 'random_state': 1011}",0.07478963270232786,388.39311207258515,1.8067000230615937
SpectralClustering,"{'n_clusters': 11, 'affinity': 'poly', 'assign_labels': 'discretize', 'random_state': 2022}",0.15777148823110856,542.0410947293095,1.4054813811219633
SpectralClustering,"{'n_clusters': 11, 'affinity': 'poly', 'assign_labels': 'discretize', 'random_state': 3033}",0.07283712177503163,387.64451724519836,1.8101002595479063
SpectralClustering,"{'n_clusters': 11, 'affinity': 'poly', 'assign_labels': 'discretize', 'random_state': 4044}",0.06933143508856773,378.77830417766967,1.7684086598003348
SpectralClustering,"{'n_clusters': 11, 'affinity': 'poly', 'assign_labels': 'discretize', 'random_state': 5055}",0.1638264170728404,515.6172592061334,1.2589398196519743
SpectralClustering,"{'n_clusters': 11, 'affinity': 'poly', 'assign_labels': 'discretize', 'random_state': 6066}",0.1835256841948348,618.5481437976981,1.3030619372673435
SpectralClustering,"{'n_clusters': 11, 'affinity': 'poly', 'assign_labels': 'cluster_qr', 'random_state': 42}",0.1651335488821149,500.2604928836541,1.7556031987701934
SpectralClustering,"{'n_clusters': 11, 'affinity': 'poly', 'assign_labels': 'cluster_qr', 'random_state': 123}",0.1651335488821149,500.2604928836541,1.7556031987701934
SpectralClustering,"{'n_clusters': 11, 'affinity': 'poly', 'assign_labels': 'cluster_qr', 'random_state': 456}",0.1651335488821149,500.2604928836541,1.7556031987701934
SpectralClustering,"{'n_clusters': 11, 'affinity': 'poly', 'assign_labels': 'cluster_qr', 'random_state': 789}",0.1651335488821149,500.2604928836541,1.7556031987701934
SpectralClustering,"{'n_clusters': 11, 'affinity': 'poly', 'assign_labels': 'cluster_qr', 'random_state': 1011}",0.1651335488821149,500.2604928836541,1.7556031987701934
SpectralClustering,"{'n_clusters': 11, 'affinity': 'poly', 'assign_labels': 'cluster_qr', 'random_state': 2022}",0.1651335488821149,500.2604928836541,1.7556031987701934
SpectralClustering,"{'n_clusters': 11, 'affinity': 'poly', 'assign_labels': 'cluster_qr', 'random_state': 3033}",0.1651335488821149,500.2604928836541,1.7556031987701934
SpectralClustering,"{'n_clusters': 11, 'affinity': 'poly', 'assign_labels': 'cluster_qr', 'random_state': 4044}",0.1651335488821149,500.2604928836541,1.7556031987701934
SpectralClustering,"{'n_clusters': 11, 'affinity': 'poly', 'assign_labels': 'cluster_qr', 'random_state': 5055}",0.1651335488821149,500.2604928836541,1.7556031987701934
SpectralClustering,"{'n_clusters': 11, 'affinity': 'poly', 'assign_labels': 'cluster_qr', 'random_state': 6066}",0.1651335488821149,500.2604928836541,1.7556031987701934
SpectralClustering,"{'n_clusters': 11, 'affinity': 'sigmoid', 'assign_labels': 'kmeans', 'random_state': 42}",0.009780114036585894,182.55560398862576,8.953453965380218
SpectralClustering,"{'n_clusters': 11, 'affinity': 'sigmoid', 'assign_labels': 'kmeans', 'random_state': 123}",0.042678172432257334,236.74720799052392,3.430061817704057
SpectralClustering,"{'n_clusters': 11, 'affinity': 'sigmoid', 'assign_labels': 'kmeans', 'random_state': 456}",0.008181992682357773,192.98416092767292,3.382937022594793
SpectralClustering,"{'n_clusters': 11, 'affinity': 'sigmoid', 'assign_labels': 'kmeans', 'random_state': 789}",0.04415425397034639,214.60333190286218,2.9993073917644324
SpectralClustering,"{'n_clusters': 11, 'affinity': 'sigmoid', 'assign_labels': 'kmeans', 'random_state': 1011}",0.02577582361012213,221.77736960667073,2.7908538341913225
SpectralClustering,"{'n_clusters': 11, 'affinity': 'sigmoid', 'assign_labels': 'kmeans', 'random_state': 2022}",0.009931904046433208,201.54548102939916,3.244198098791543
SpectralClustering,"{'n_clusters': 11, 'affinity': 'sigmoid', 'assign_labels': 'kmeans', 'random_state': 3033}",0.03901104162875835,228.80634709566104,2.8525035853389777
SpectralClustering,"{'n_clusters': 11, 'affinity': 'sigmoid', 'assign_labels': 'kmeans', 'random_state': 4044}",0.023300788268691586,218.20580607277094,5.322213625850342
SpectralClustering,"{'n_clusters': 11, 'affinity': 'sigmoid', 'assign_labels': 'kmeans', 'random_state': 5055}",-0.013862575247215356,179.25053540205008,3.356188646668814
SpectralClustering,"{'n_clusters': 11, 'affinity': 'sigmoid', 'assign_labels': 'kmeans', 'random_state': 6066}",-0.005121341683340557,166.74123686841466,7.008549979690567
SpectralClustering,"{'n_clusters': 11, 'affinity': 'sigmoid', 'assign_labels': 'discretize', 'random_state': 42}",0.012128791318104818,191.08055444863518,3.5415454286155255
SpectralClustering,"{'n_clusters': 11, 'affinity': 'sigmoid', 'assign_labels': 'discretize', 'random_state': 123}",0.004362399214412722,196.26482252994393,5.542182040553285
SpectralClustering,"{'n_clusters': 11, 'affinity': 'sigmoid', 'assign_labels': 'discretize', 'random_state': 456}",-0.005360099184547357,180.08083798382705,5.093482923828
SpectralClustering,"{'n_clusters': 11, 'affinity': 'sigmoid', 'assign_labels': 'discretize', 'random_state': 789}",0.013063683293888136,192.03388880689275,3.639761325422589
SpectralClustering,"{'n_clusters': 11, 'affinity': 'sigmoid', 'assign_labels': 'discretize', 'random_state': 1011}",0.007882525993625638,185.24831662754715,6.588954649314076
SpectralClustering,"{'n_clusters': 11, 'affinity': 'sigmoid', 'assign_labels': 'discretize', 'random_state': 2022}",0.0050679924752754886,182.73287928930546,3.9793446079457566
SpectralClustering,"{'n_clusters': 11, 'affinity': 'sigmoid', 'assign_labels': 'discretize', 'random_state': 3033}",0.01867162822120637,191.2547113240386,4.683469517292925
SpectralClustering,"{'n_clusters': 11, 'affinity': 'sigmoid', 'assign_labels': 'discretize', 'random_state': 4044}",0.025069051010467826,197.87175009760432,3.6329492899042095
SpectralClustering,"{'n_clusters': 11, 'affinity': 'sigmoid', 'assign_labels': 'discretize', 'random_state': 5055}",0.01861379878542199,187.23569123957242,4.799785899583589
SpectralClustering,"{'n_clusters': 11, 'affinity': 'sigmoid', 'assign_labels': 'discretize', 'random_state': 6066}",0.01036077073828677,192.9705265570771,3.749682419120032
SpectralClustering,"{'n_clusters': 11, 'affinity': 'sigmoid', 'assign_labels': 'cluster_qr', 'random_state': 42}",-0.08502931611583377,79.0683670034086,4.89876252273662
SpectralClustering,"{'n_clusters': 11, 'affinity': 'sigmoid', 'assign_labels': 'cluster_qr', 'random_state': 123}",-0.08502931611583377,79.0683670034086,4.89876252273662
SpectralClustering,"{'n_clusters': 11, 'affinity': 'sigmoid', 'assign_labels': 'cluster_qr', 'random_state': 456}",-0.08502931611583377,79.0683670034086,4.89876252273662
SpectralClustering,"{'n_clusters': 11, 'affinity': 'sigmoid', 'assign_labels': 'cluster_qr', 'random_state': 789}",-0.08502931611583377,79.0683670034086,4.89876252273662
SpectralClustering,"{'n_clusters': 11, 'affinity': 'sigmoid', 'assign_labels': 'cluster_qr', 'random_state': 1011}",-0.08502931611583377,79.0683670034086,4.89876252273662
SpectralClustering,"{'n_clusters': 11, 'affinity': 'sigmoid', 'assign_labels': 'cluster_qr', 'random_state': 2022}",-0.08502931611583377,79.0683670034086,4.89876252273662
SpectralClustering,"{'n_clusters': 11, 'affinity': 'sigmoid', 'assign_labels': 'cluster_qr', 'random_state': 3033}",-0.08502931611583377,79.0683670034086,4.89876252273662
SpectralClustering,"{'n_clusters': 11, 'affinity': 'sigmoid', 'assign_labels': 'cluster_qr', 'random_state': 4044}",-0.08502931611583377,79.0683670034086,4.89876252273662
SpectralClustering,"{'n_clusters': 11, 'affinity': 'sigmoid', 'assign_labels': 'cluster_qr', 'random_state': 5055}",-0.08502931611583377,79.0683670034086,4.89876252273662
SpectralClustering,"{'n_clusters': 11, 'affinity': 'sigmoid', 'assign_labels': 'cluster_qr', 'random_state': 6066}",-0.08502931611583377,79.0683670034086,4.89876252273662
SpectralClustering,"{'n_clusters': 12, 'affinity': 'rbf', 'assign_labels': 'kmeans', 'random_state': 42}",0.2630786425495828,207.23984358469303,1.0719626278249377
SpectralClustering,"{'n_clusters': 12, 'affinity': 'rbf', 'assign_labels': 'kmeans', 'random_state': 123}",0.29125684094532267,219.95120176720786,1.0475107446294531
SpectralClustering,"{'n_clusters': 12, 'affinity': 'rbf', 'assign_labels': 'kmeans', 'random_state': 456}",0.2746014719638442,148.73623843013968,1.2252431129256116
SpectralClustering,"{'n_clusters': 12, 'affinity': 'rbf', 'assign_labels': 'kmeans', 'random_state': 789}",0.29030388315082944,220.71284343175935,1.0508945462150865
SpectralClustering,"{'n_clusters': 12, 'affinity': 'rbf', 'assign_labels': 'kmeans', 'random_state': 1011}",0.27208866542079074,149.08823826106948,1.227309728490971
SpectralClustering,"{'n_clusters': 12, 'affinity': 'rbf', 'assign_labels': 'kmeans', 'random_state': 2022}",0.29030388315082944,220.71284343175932,1.0508945462150863
SpectralClustering,"{'n_clusters': 12, 'affinity': 'rbf', 'assign_labels': 'kmeans', 'random_state': 3033}",0.2886769410022276,219.59241059690487,1.192937224221598
SpectralClustering,"{'n_clusters': 12, 'affinity': 'rbf', 'assign_labels': 'kmeans', 'random_state': 4044}",0.2902052471880567,220.31181787481026,1.0662703473002704
SpectralClustering,"{'n_clusters': 12, 'affinity': 'rbf', 'assign_labels': 'kmeans', 'random_state': 5055}",0.27443680840851364,148.45379615157503,1.2248456835159691
SpectralClustering,"{'n_clusters': 12, 'affinity': 'rbf', 'assign_labels': 'kmeans', 'random_state': 6066}",0.27208866542079074,149.08823826106948,1.2273097284909713
SpectralClustering,"{'n_clusters': 12, 'affinity': 'rbf', 'assign_labels': 'discretize', 'random_state': 42}",0.3264925818015431,510.5324916050493,1.1532322558318187
SpectralClustering,"{'n_clusters': 12, 'affinity': 'rbf', 'assign_labels': 'discretize', 'random_state': 123}",0.3264925818015431,510.53249160504913,1.1532322558318187
SpectralClustering,"{'n_clusters': 12, 'affinity': 'rbf', 'assign_labels': 'discretize', 'random_state': 456}",0.3264925818015431,510.53249160504924,1.1532322558318189
SpectralClustering,"{'n_clusters': 12, 'affinity': 'rbf', 'assign_labels': 'discretize', 'random_state': 789}",0.31106696693072056,377.3226138282164,1.1610535430527458
SpectralClustering,"{'n_clusters': 12, 'affinity': 'rbf', 'assign_labels': 'discretize', 'random_state': 1011}",0.3264925818015431,510.53249160504924,1.1532322558318187
SpectralClustering,"{'n_clusters': 12, 'affinity': 'rbf', 'assign_labels': 'discretize', 'random_state': 2022}",0.3264925818015431,510.5324916050493,1.1532322558318187
SpectralClustering,"{'n_clusters': 12, 'affinity': 'rbf', 'assign_labels': 'discretize', 'random_state': 3033}",0.3264925818015431,510.53249160504924,1.1532322558318187
SpectralClustering,"{'n_clusters': 12, 'affinity': 'rbf', 'assign_labels': 'discretize', 'random_state': 4044}",0.3062482365965613,389.7802407352834,1.3890725429529385
SpectralClustering,"{'n_clusters': 12, 'affinity': 'rbf', 'assign_labels': 'discretize', 'random_state': 5055}",0.3264925818015431,510.53249160504924,1.1532322558318189
SpectralClustering,"{'n_clusters': 12, 'affinity': 'rbf', 'assign_labels': 'discretize', 'random_state': 6066}",0.3264925818015431,510.5324916050493,1.1532322558318187
SpectralClustering,"{'n_clusters': 12, 'affinity': 'rbf', 'assign_labels': 'cluster_qr', 'random_state': 42}",0.3337033404518918,566.864396527195,1.1615224362844878
SpectralClustering,"{'n_clusters': 12, 'affinity': 'rbf', 'assign_labels': 'cluster_qr', 'random_state': 123}",0.3337033404518918,566.864396527195,1.1615224362844878
SpectralClustering,"{'n_clusters': 12, 'affinity': 'rbf', 'assign_labels': 'cluster_qr', 'random_state': 456}",0.3337033404518918,566.864396527195,1.1615224362844878
SpectralClustering,"{'n_clusters': 12, 'affinity': 'rbf', 'assign_labels': 'cluster_qr', 'random_state': 789}",0.3337033404518918,566.864396527195,1.1615224362844878
SpectralClustering,"{'n_clusters': 12, 'affinity': 'rbf', 'assign_labels': 'cluster_qr', 'random_state': 1011}",0.3337033404518918,566.864396527195,1.1615224362844878
SpectralClustering,"{'n_clusters': 12, 'affinity': 'rbf', 'assign_labels': 'cluster_qr', 'random_state': 2022}",0.3337033404518918,566.864396527195,1.1615224362844878
SpectralClustering,"{'n_clusters': 12, 'affinity': 'rbf', 'assign_labels': 'cluster_qr', 'random_state': 3033}",0.3337033404518918,566.864396527195,1.1615224362844878
SpectralClustering,"{'n_clusters': 12, 'affinity': 'rbf', 'assign_labels': 'cluster_qr', 'random_state': 4044}",0.3337033404518918,566.864396527195,1.1615224362844878
SpectralClustering,"{'n_clusters': 12, 'affinity': 'rbf', 'assign_labels': 'cluster_qr', 'random_state': 5055}",0.3337033404518918,566.864396527195,1.1615224362844878
SpectralClustering,"{'n_clusters': 12, 'affinity': 'rbf', 'assign_labels': 'cluster_qr', 'random_state': 6066}",0.3337033404518918,566.864396527195,1.1615224362844878
SpectralClustering,"{'n_clusters': 12, 'affinity': 'nearest_neighbors', 'assign_labels': 'kmeans', 'random_state': 42, 'n_neighbors': 5}",0.23875270948787036,651.3013852254547,1.3204430495143853
SpectralClustering,"{'n_clusters': 12, 'affinity': 'nearest_neighbors', 'assign_labels': 'kmeans', 'random_state': 123, 'n_neighbors': 5}",0.23875270948787036,651.3013852254547,1.3204430495143853
SpectralClustering,"{'n_clusters': 12, 'affinity': 'nearest_neighbors', 'assign_labels': 'kmeans', 'random_state': 456, 'n_neighbors': 5}",0.23875270948787036,651.3013852254547,1.3204430495143853
SpectralClustering,"{'n_clusters': 12, 'affinity': 'nearest_neighbors', 'assign_labels': 'kmeans', 'random_state': 789, 'n_neighbors': 5}",0.23875270948787036,651.3013852254547,1.3204430495143853
SpectralClustering,"{'n_clusters': 12, 'affinity': 'nearest_neighbors', 'assign_labels': 'kmeans', 'random_state': 1011, 'n_neighbors': 5}",0.23883713841150406,651.4501082528416,1.3208463027511712
SpectralClustering,"{'n_clusters': 12, 'affinity': 'nearest_neighbors', 'assign_labels': 'kmeans', 'random_state': 2022, 'n_neighbors': 5}",0.2391668345884708,651.5645862003804,1.3204996898513832
SpectralClustering,"{'n_clusters': 12, 'affinity': 'nearest_neighbors', 'assign_labels': 'kmeans', 'random_state': 3033, 'n_neighbors': 5}",0.23875270948787036,651.3013852254547,1.3204430495143855
SpectralClustering,"{'n_clusters': 12, 'affinity': 'nearest_neighbors', 'assign_labels': 'kmeans', 'random_state': 4044, 'n_neighbors': 5}",0.23875270948787036,651.3013852254546,1.3204430495143855
SpectralClustering,"{'n_clusters': 12, 'affinity': 'nearest_neighbors', 'assign_labels': 'kmeans', 'random_state': 5055, 'n_neighbors': 5}",0.23875270948787036,651.3013852254547,1.3204430495143853
SpectralClustering,"{'n_clusters': 12, 'affinity': 'nearest_neighbors', 'assign_labels': 'kmeans', 'random_state': 6066, 'n_neighbors': 5}",0.23875270948787036,651.3013852254547,1.3204430495143853
SpectralClustering,"{'n_clusters': 12, 'affinity': 'nearest_neighbors', 'assign_labels': 'discretize', 'random_state': 42, 'n_neighbors': 5}",0.2391535377907385,651.6559125107862,1.3227152971451712
SpectralClustering,"{'n_clusters': 12, 'affinity': 'nearest_neighbors', 'assign_labels': 'discretize', 'random_state': 123, 'n_neighbors': 5}",0.23892306225330476,651.4958598812794,1.3223919860927986
SpectralClustering,"{'n_clusters': 12, 'affinity': 'nearest_neighbors', 'assign_labels': 'discretize', 'random_state': 456, 'n_neighbors': 5}",0.23892784554697039,651.6557829791614,1.3226629595526636
SpectralClustering,"{'n_clusters': 12, 'affinity': 'nearest_neighbors', 'assign_labels': 'discretize', 'random_state': 789, 'n_neighbors': 5}",0.2391535377907385,651.655912510786,1.322715297145171
SpectralClustering,"{'n_clusters': 12, 'affinity': 'nearest_neighbors', 'assign_labels': 'discretize', 'random_state': 1011, 'n_neighbors': 5}",0.23892784554697039,651.6557829791615,1.3226629595526636
SpectralClustering,"{'n_clusters': 12, 'affinity': 'nearest_neighbors', 'assign_labels': 'discretize', 'random_state': 2022, 'n_neighbors': 5}",0.23902698515148002,651.5395043673153,1.322252141756185
SpectralClustering,"{'n_clusters': 12, 'affinity': 'nearest_neighbors', 'assign_labels': 'discretize', 'random_state': 3033, 'n_neighbors': 5}",0.2263683889910561,652.9176312502751,1.3154662875033731
SpectralClustering,"{'n_clusters': 12, 'affinity': 'nearest_neighbors', 'assign_labels': 'discretize', 'random_state': 4044, 'n_neighbors': 5}",0.23892784554697039,651.6557829791612,1.3226629595526638
SpectralClustering,"{'n_clusters': 12, 'affinity': 'nearest_neighbors', 'assign_labels': 'discretize', 'random_state': 5055, 'n_neighbors': 5}",0.23904913080478182,651.6122567237821,1.3228551414817848
SpectralClustering,"{'n_clusters': 12, 'affinity': 'nearest_neighbors', 'assign_labels': 'discretize', 'random_state': 6066, 'n_neighbors': 5}",0.23905398923433127,651.7722212336026,1.32312611494165
SpectralClustering,"{'n_clusters': 12, 'affinity': 'nearest_neighbors', 'assign_labels': 'cluster_qr', 'random_state': 42, 'n_neighbors': 5}",0.23352135497240226,647.8294883293637,1.3532031699785607
SpectralClustering,"{'n_clusters': 12, 'affinity': 'nearest_neighbors', 'assign_labels': 'cluster_qr', 'random_state': 123, 'n_neighbors': 5}",0.23352135497240226,647.8294883293637,1.3532031699785607
SpectralClustering,"{'n_clusters': 12, 'affinity': 'nearest_neighbors', 'assign_labels': 'cluster_qr', 'random_state': 456, 'n_neighbors': 5}",0.23352135497240226,647.8294883293637,1.3532031699785607
SpectralClustering,"{'n_clusters': 12, 'affinity': 'nearest_neighbors', 'assign_labels': 'cluster_qr', 'random_state': 789, 'n_neighbors': 5}",0.23352135497240226,647.8294883293637,1.3532031699785607
SpectralClustering,"{'n_clusters': 12, 'affinity': 'nearest_neighbors', 'assign_labels': 'cluster_qr', 'random_state': 1011, 'n_neighbors': 5}",0.23352135497240226,647.8294883293637,1.3532031699785607
SpectralClustering,"{'n_clusters': 12, 'affinity': 'nearest_neighbors', 'assign_labels': 'cluster_qr', 'random_state': 2022, 'n_neighbors': 5}",0.23352135497240226,647.8294883293637,1.3532031699785607
SpectralClustering,"{'n_clusters': 12, 'affinity': 'nearest_neighbors', 'assign_labels': 'cluster_qr', 'random_state': 3033, 'n_neighbors': 5}",0.23352135497240226,647.8294883293637,1.3532031699785607
SpectralClustering,"{'n_clusters': 12, 'affinity': 'nearest_neighbors', 'assign_labels': 'cluster_qr', 'random_state': 4044, 'n_neighbors': 5}",0.23352135497240226,647.8294883293637,1.3532031699785607
SpectralClustering,"{'n_clusters': 12, 'affinity': 'nearest_neighbors', 'assign_labels': 'cluster_qr', 'random_state': 5055, 'n_neighbors': 5}",0.23352135497240226,647.8294883293637,1.3532031699785607
SpectralClustering,"{'n_clusters': 12, 'affinity': 'nearest_neighbors', 'assign_labels': 'cluster_qr', 'random_state': 6066, 'n_neighbors': 5}",0.23352135497240226,647.8294883293637,1.3532031699785607
SpectralClustering,"{'n_clusters': 12, 'affinity': 'nearest_neighbors', 'assign_labels': 'kmeans', 'random_state': 42, 'n_neighbors': 10}",0.24027121415064398,718.4320885570476,1.281856197638778
SpectralClustering,"{'n_clusters': 12, 'affinity': 'nearest_neighbors', 'assign_labels': 'kmeans', 'random_state': 123, 'n_neighbors': 10}",0.24027121415064398,718.4320885570478,1.281856197638778
SpectralClustering,"{'n_clusters': 12, 'affinity': 'nearest_neighbors', 'assign_labels': 'kmeans', 'random_state': 456, 'n_neighbors': 10}",0.24027121415064398,718.4320885570478,1.281856197638778
SpectralClustering,"{'n_clusters': 12, 'affinity': 'nearest_neighbors', 'assign_labels': 'kmeans', 'random_state': 789, 'n_neighbors': 10}",0.24038709953019557,718.5230038660857,1.2816507458580357
SpectralClustering,"{'n_clusters': 12, 'affinity': 'nearest_neighbors', 'assign_labels': 'kmeans', 'random_state': 1011, 'n_neighbors': 10}",0.24027121415064398,718.4320885570475,1.281856197638778
SpectralClustering,"{'n_clusters': 12, 'affinity': 'nearest_neighbors', 'assign_labels': 'kmeans', 'random_state': 2022, 'n_neighbors': 10}",0.24027121415064398,718.4320885570478,1.281856197638778
SpectralClustering,"{'n_clusters': 12, 'affinity': 'nearest_neighbors', 'assign_labels': 'kmeans', 'random_state': 3033, 'n_neighbors': 10}",0.24027121415064398,718.4320885570477,1.281856197638778
SpectralClustering,"{'n_clusters': 12, 'affinity': 'nearest_neighbors', 'assign_labels': 'kmeans', 'random_state': 4044, 'n_neighbors': 10}",0.24038709953019557,718.5230038660857,1.2816507458580357
SpectralClustering,"{'n_clusters': 12, 'affinity': 'nearest_neighbors', 'assign_labels': 'kmeans', 'random_state': 5055, 'n_neighbors': 10}",0.24027121415064398,718.4320885570473,1.281856197638778
SpectralClustering,"{'n_clusters': 12, 'affinity': 'nearest_neighbors', 'assign_labels': 'kmeans', 'random_state': 6066, 'n_neighbors': 10}",0.24027121415064398,718.4320885570478,1.281856197638778
SpectralClustering,"{'n_clusters': 12, 'affinity': 'nearest_neighbors', 'assign_labels': 'discretize', 'random_state': 42, 'n_neighbors': 10}",0.23874713605920322,712.9832473652735,1.2673676853513187
SpectralClustering,"{'n_clusters': 12, 'affinity': 'nearest_neighbors', 'assign_labels': 'discretize', 'random_state': 123, 'n_neighbors': 10}",0.23827389965328902,712.076296467958,1.265175225565527
SpectralClustering,"{'n_clusters': 12, 'affinity': 'nearest_neighbors', 'assign_labels': 'discretize', 'random_state': 456, 'n_neighbors': 10}",0.23827389965328902,712.0762964679577,1.2651752255655273
SpectralClustering,"{'n_clusters': 12, 'affinity': 'nearest_neighbors', 'assign_labels': 'discretize', 'random_state': 789, 'n_neighbors': 10}",0.23874713605920322,712.9832473652733,1.2673676853513187
SpectralClustering,"{'n_clusters': 12, 'affinity': 'nearest_neighbors', 'assign_labels': 'discretize', 'random_state': 1011, 'n_neighbors': 10}",0.23827389965328902,712.0762964679577,1.2651752255655273
SpectralClustering,"{'n_clusters': 12, 'affinity': 'nearest_neighbors', 'assign_labels': 'discretize', 'random_state': 2022, 'n_neighbors': 10}",0.2382136877750907,712.1518997949327,1.2650763154327593
SpectralClustering,"{'n_clusters': 12, 'affinity': 'nearest_neighbors', 'assign_labels': 'discretize', 'random_state': 3033, 'n_neighbors': 10}",0.23849766187160282,712.6626237320152,1.2658399687418525
SpectralClustering,"{'n_clusters': 12, 'affinity': 'nearest_neighbors', 'assign_labels': 'discretize', 'random_state': 4044, 'n_neighbors': 10}",0.23849766187160282,712.6626237320149,1.2658399687418525
SpectralClustering,"{'n_clusters': 12, 'affinity': 'nearest_neighbors', 'assign_labels': 'discretize', 'random_state': 5055, 'n_neighbors': 10}",0.23827389965328902,712.0762964679578,1.2651752255655273
SpectralClustering,"{'n_clusters': 12, 'affinity': 'nearest_neighbors', 'assign_labels': 'discretize', 'random_state': 6066, 'n_neighbors': 10}",0.23849766187160282,712.6626237320148,1.2658399687418525
SpectralClustering,"{'n_clusters': 12, 'affinity': 'nearest_neighbors', 'assign_labels': 'cluster_qr', 'random_state': 42, 'n_neighbors': 10}",0.23650600471789088,707.6477300698458,1.292007469386072
SpectralClustering,"{'n_clusters': 12, 'affinity': 'nearest_neighbors', 'assign_labels': 'cluster_qr', 'random_state': 123, 'n_neighbors': 10}",0.23650600471789088,707.6477300698458,1.292007469386072
SpectralClustering,"{'n_clusters': 12, 'affinity': 'nearest_neighbors', 'assign_labels': 'cluster_qr', 'random_state': 456, 'n_neighbors': 10}",0.23650600471789088,707.6477300698458,1.292007469386072
SpectralClustering,"{'n_clusters': 12, 'affinity': 'nearest_neighbors', 'assign_labels': 'cluster_qr', 'random_state': 789, 'n_neighbors': 10}",0.23650600471789088,707.6477300698458,1.292007469386072
SpectralClustering,"{'n_clusters': 12, 'affinity': 'nearest_neighbors', 'assign_labels': 'cluster_qr', 'random_state': 1011, 'n_neighbors': 10}",0.23650600471789088,707.6477300698458,1.292007469386072
SpectralClustering,"{'n_clusters': 12, 'affinity': 'nearest_neighbors', 'assign_labels': 'cluster_qr', 'random_state': 2022, 'n_neighbors': 10}",0.23650600471789088,707.6477300698458,1.292007469386072
SpectralClustering,"{'n_clusters': 12, 'affinity': 'nearest_neighbors', 'assign_labels': 'cluster_qr', 'random_state': 3033, 'n_neighbors': 10}",0.23650600471789088,707.6477300698458,1.292007469386072
SpectralClustering,"{'n_clusters': 12, 'affinity': 'nearest_neighbors', 'assign_labels': 'cluster_qr', 'random_state': 4044, 'n_neighbors': 10}",0.23650600471789088,707.6477300698458,1.292007469386072
SpectralClustering,"{'n_clusters': 12, 'affinity': 'nearest_neighbors', 'assign_labels': 'cluster_qr', 'random_state': 5055, 'n_neighbors': 10}",0.23650600471789088,707.6477300698458,1.292007469386072
SpectralClustering,"{'n_clusters': 12, 'affinity': 'nearest_neighbors', 'assign_labels': 'cluster_qr', 'random_state': 6066, 'n_neighbors': 10}",0.23650600471789088,707.6477300698458,1.292007469386072
SpectralClustering,"{'n_clusters': 12, 'affinity': 'nearest_neighbors', 'assign_labels': 'kmeans', 'random_state': 42, 'n_neighbors': 15}",0.23870522938040023,715.1858289422747,1.274162858975887
SpectralClustering,"{'n_clusters': 12, 'affinity': 'nearest_neighbors', 'assign_labels': 'kmeans', 'random_state': 123, 'n_neighbors': 15}",0.23875976781336597,715.2345182533517,1.2739381913162007
SpectralClustering,"{'n_clusters': 12, 'affinity': 'nearest_neighbors', 'assign_labels': 'kmeans', 'random_state': 456, 'n_neighbors': 15}",0.23870522938040023,715.185828942275,1.2741628589758869
SpectralClustering,"{'n_clusters': 12, 'affinity': 'nearest_neighbors', 'assign_labels': 'kmeans', 'random_state': 789, 'n_neighbors': 15}",0.23879388989781294,715.2846211588518,1.2742458576852609
SpectralClustering,"{'n_clusters': 12, 'affinity': 'nearest_neighbors', 'assign_labels': 'kmeans', 'random_state': 1011, 'n_neighbors': 15}",0.23875976781336597,715.2345182533518,1.2739381913162007
SpectralClustering,"{'n_clusters': 12, 'affinity': 'nearest_neighbors', 'assign_labels': 'kmeans', 'random_state': 2022, 'n_neighbors': 15}",0.23888548426133124,715.4844482935046,1.2747270170597698
SpectralClustering,"{'n_clusters': 12, 'affinity': 'nearest_neighbors', 'assign_labels': 'kmeans', 'random_state': 3033, 'n_neighbors': 15}",0.23870522938040023,715.1858289422747,1.2741628589758869
SpectralClustering,"{'n_clusters': 12, 'affinity': 'nearest_neighbors', 'assign_labels': 'kmeans', 'random_state': 4044, 'n_neighbors': 15}",0.23875976781336597,715.2345182533518,1.2739381913162007
SpectralClustering,"{'n_clusters': 12, 'affinity': 'nearest_neighbors', 'assign_labels': 'kmeans', 'random_state': 5055, 'n_neighbors': 15}",0.23875976781336597,715.2345182533518,1.2739381913162007
SpectralClustering,"{'n_clusters': 12, 'affinity': 'nearest_neighbors', 'assign_labels': 'kmeans', 'random_state': 6066, 'n_neighbors': 15}",0.23870522938040023,715.1858289422747,1.2741628589758869
SpectralClustering,"{'n_clusters': 12, 'affinity': 'nearest_neighbors', 'assign_labels': 'discretize', 'random_state': 42, 'n_neighbors': 15}",0.2379835936105791,712.1571717865439,1.2657317811112931
SpectralClustering,"{'n_clusters': 12, 'affinity': 'nearest_neighbors', 'assign_labels': 'discretize', 'random_state': 123, 'n_neighbors': 15}",0.2378184166082319,711.6340562332715,1.2652785646286355
SpectralClustering,"{'n_clusters': 12, 'affinity': 'nearest_neighbors', 'assign_labels': 'discretize', 'random_state': 456, 'n_neighbors': 15}",0.2379835936105791,712.1571717865437,1.265731781111293
SpectralClustering,"{'n_clusters': 12, 'affinity': 'nearest_neighbors', 'assign_labels': 'discretize', 'random_state': 789, 'n_neighbors': 15}",0.23761936663316166,711.5424452089094,1.265444801681718
SpectralClustering,"{'n_clusters': 12, 'affinity': 'nearest_neighbors', 'assign_labels': 'discretize', 'random_state': 1011, 'n_neighbors': 15}",0.2378725907618498,711.7347070265963,1.265142002693353
SpectralClustering,"{'n_clusters': 12, 'affinity': 'nearest_neighbors', 'assign_labels': 'discretize', 'random_state': 2022, 'n_neighbors': 15}",0.2379835936105791,712.1571717865438,1.2657317811112934
SpectralClustering,"{'n_clusters': 12, 'affinity': 'nearest_neighbors', 'assign_labels': 'discretize', 'random_state': 3033, 'n_neighbors': 15}",0.23770296713779937,711.5771645074122,1.2653726988424925
SpectralClustering,"{'n_clusters': 12, 'affinity': 'nearest_neighbors', 'assign_labels': 'discretize', 'random_state': 4044, 'n_neighbors': 15}",0.23761936663316166,711.5424452089095,1.2654448016817181
SpectralClustering,"{'n_clusters': 12, 'affinity': 'nearest_neighbors', 'assign_labels': 'discretize', 'random_state': 5055, 'n_neighbors': 15}",0.2379835936105791,712.1571717865438,1.2657317811112934
SpectralClustering,"{'n_clusters': 12, 'affinity': 'nearest_neighbors', 'assign_labels': 'discretize', 'random_state': 6066, 'n_neighbors': 15}",0.2379835936105791,712.1571717865439,1.2657317811112934
SpectralClustering,"{'n_clusters': 12, 'affinity': 'nearest_neighbors', 'assign_labels': 'cluster_qr', 'random_state': 42, 'n_neighbors': 15}",0.23727136566073453,711.0890582693146,1.2714782894617729
SpectralClustering,"{'n_clusters': 12, 'affinity': 'nearest_neighbors', 'assign_labels': 'cluster_qr', 'random_state': 123, 'n_neighbors': 15}",0.23727136566073453,711.0890582693146,1.2714782894617729
SpectralClustering,"{'n_clusters': 12, 'affinity': 'nearest_neighbors', 'assign_labels': 'cluster_qr', 'random_state': 456, 'n_neighbors': 15}",0.23727136566073453,711.0890582693146,1.2714782894617729
SpectralClustering,"{'n_clusters': 12, 'affinity': 'nearest_neighbors', 'assign_labels': 'cluster_qr', 'random_state': 789, 'n_neighbors': 15}",0.23727136566073453,711.0890582693146,1.2714782894617729
SpectralClustering,"{'n_clusters': 12, 'affinity': 'nearest_neighbors', 'assign_labels': 'cluster_qr', 'random_state': 1011, 'n_neighbors': 15}",0.23727136566073453,711.0890582693146,1.2714782894617729
SpectralClustering,"{'n_clusters': 12, 'affinity': 'nearest_neighbors', 'assign_labels': 'cluster_qr', 'random_state': 2022, 'n_neighbors': 15}",0.23727136566073453,711.0890582693146,1.2714782894617729
SpectralClustering,"{'n_clusters': 12, 'affinity': 'nearest_neighbors', 'assign_labels': 'cluster_qr', 'random_state': 3033, 'n_neighbors': 15}",0.23727136566073453,711.0890582693146,1.2714782894617729
SpectralClustering,"{'n_clusters': 12, 'affinity': 'nearest_neighbors', 'assign_labels': 'cluster_qr', 'random_state': 4044, 'n_neighbors': 15}",0.23727136566073453,711.0890582693146,1.2714782894617729
SpectralClustering,"{'n_clusters': 12, 'affinity': 'nearest_neighbors', 'assign_labels': 'cluster_qr', 'random_state': 5055, 'n_neighbors': 15}",0.23727136566073453,711.0890582693146,1.2714782894617729
SpectralClustering,"{'n_clusters': 12, 'affinity': 'nearest_neighbors', 'assign_labels': 'cluster_qr', 'random_state': 6066, 'n_neighbors': 15}",0.23727136566073453,711.0890582693146,1.2714782894617729
SpectralClustering,"{'n_clusters': 12, 'affinity': 'nearest_neighbors', 'assign_labels': 'kmeans', 'random_state': 42, 'n_neighbors': 20}",0.21865043650707489,668.0590984899086,1.3728015040822619
SpectralClustering,"{'n_clusters': 12, 'affinity': 'nearest_neighbors', 'assign_labels': 'kmeans', 'random_state': 123, 'n_neighbors': 20}",0.21957779199907296,668.141917207519,1.371944080585923
SpectralClustering,"{'n_clusters': 12, 'affinity': 'nearest_neighbors', 'assign_labels': 'kmeans', 'random_state': 456, 'n_neighbors': 20}",0.21854261173590195,668.1890864673484,1.3742951896809281
SpectralClustering,"{'n_clusters': 12, 'affinity': 'nearest_neighbors', 'assign_labels': 'kmeans', 'random_state': 789, 'n_neighbors': 20}",0.21843251667256075,668.0882227707718,1.373718564246909
SpectralClustering,"{'n_clusters': 12, 'affinity': 'nearest_neighbors', 'assign_labels': 'kmeans', 'random_state': 1011, 'n_neighbors': 20}",0.21957779199907296,668.141917207519,1.3719440805859235
SpectralClustering,"{'n_clusters': 12, 'affinity': 'nearest_neighbors', 'assign_labels': 'kmeans', 'random_state': 2022, 'n_neighbors': 20}",0.21878880447123744,668.110189837291,1.3728605674233305
SpectralClustering,"{'n_clusters': 12, 'affinity': 'nearest_neighbors', 'assign_labels': 'kmeans', 'random_state': 3033, 'n_neighbors': 20}",0.21865043650707489,668.0590984899087,1.3728015040822619
SpectralClustering,"{'n_clusters': 12, 'affinity': 'nearest_neighbors', 'assign_labels': 'kmeans', 'random_state': 4044, 'n_neighbors': 20}",0.21854034144373372,667.958263421966,1.3722248786482425
SpectralClustering,"{'n_clusters': 12, 'affinity': 'nearest_neighbors', 'assign_labels': 'kmeans', 'random_state': 5055, 'n_neighbors': 20}",0.21957779199907296,668.141917207519,1.371944080585923
SpectralClustering,"{'n_clusters': 12, 'affinity': 'nearest_neighbors', 'assign_labels': 'kmeans', 'random_state': 6066, 'n_neighbors': 20}",0.21854261173590195,668.1890864673484,1.3742951896809281
SpectralClustering,"{'n_clusters': 12, 'affinity': 'nearest_neighbors', 'assign_labels': 'discretize', 'random_state': 42, 'n_neighbors': 20}",0.21660085602811888,668.6897382607999,1.3839515352441254
SpectralClustering,"{'n_clusters': 12, 'affinity': 'nearest_neighbors', 'assign_labels': 'discretize', 'random_state': 123, 'n_neighbors': 20}",0.22017490869925982,668.3299903426745,1.376268064254308
SpectralClustering,"{'n_clusters': 12, 'affinity': 'nearest_neighbors', 'assign_labels': 'discretize', 'random_state': 456, 'n_neighbors': 20}",0.22263581825144574,666.0087335060798,1.401542122450482
SpectralClustering,"{'n_clusters': 12, 'affinity': 'nearest_neighbors', 'assign_labels': 'discretize', 'random_state': 789, 'n_neighbors': 20}",0.2204454476447856,668.4759995675125,1.3759027606385017
SpectralClustering,"{'n_clusters': 12, 'affinity': 'nearest_neighbors', 'assign_labels': 'discretize', 'random_state': 1011, 'n_neighbors': 20}",0.22228465367007724,665.4380031913752,1.4042434537336856
SpectralClustering,"{'n_clusters': 12, 'affinity': 'nearest_neighbors', 'assign_labels': 'discretize', 'random_state': 2022, 'n_neighbors': 20}",0.21660085602811888,668.6897382607999,1.3839515352441254
SpectralClustering,"{'n_clusters': 12, 'affinity': 'nearest_neighbors', 'assign_labels': 'discretize', 'random_state': 3033, 'n_neighbors': 20}",0.21660085602811888,668.6897382607999,1.3839515352441252
SpectralClustering,"{'n_clusters': 12, 'affinity': 'nearest_neighbors', 'assign_labels': 'discretize', 'random_state': 4044, 'n_neighbors': 20}",0.22037613972473988,668.4813629767748,1.3758633000561542
SpectralClustering,"{'n_clusters': 12, 'affinity': 'nearest_neighbors', 'assign_labels': 'discretize', 'random_state': 5055, 'n_neighbors': 20}",0.21660085602811888,668.6897382607999,1.3839515352441254
SpectralClustering,"{'n_clusters': 12, 'affinity': 'nearest_neighbors', 'assign_labels': 'discretize', 'random_state': 6066, 'n_neighbors': 20}",0.21660085602811888,668.6897382607999,1.3839515352441252
SpectralClustering,"{'n_clusters': 12, 'affinity': 'nearest_neighbors', 'assign_labels': 'cluster_qr', 'random_state': 42, 'n_neighbors': 20}",0.22041046158511116,665.0074456647187,1.3938495813433631
SpectralClustering,"{'n_clusters': 12, 'affinity': 'nearest_neighbors', 'assign_labels': 'cluster_qr', 'random_state': 123, 'n_neighbors': 20}",0.22041046158511116,665.0074456647187,1.3938495813433631
SpectralClustering,"{'n_clusters': 12, 'affinity': 'nearest_neighbors', 'assign_labels': 'cluster_qr', 'random_state': 456, 'n_neighbors': 20}",0.22041046158511116,665.0074456647187,1.3938495813433631
SpectralClustering,"{'n_clusters': 12, 'affinity': 'nearest_neighbors', 'assign_labels': 'cluster_qr', 'random_state': 789, 'n_neighbors': 20}",0.22041046158511116,665.0074456647187,1.3938495813433631
SpectralClustering,"{'n_clusters': 12, 'affinity': 'nearest_neighbors', 'assign_labels': 'cluster_qr', 'random_state': 1011, 'n_neighbors': 20}",0.22041046158511116,665.0074456647187,1.3938495813433631
SpectralClustering,"{'n_clusters': 12, 'affinity': 'nearest_neighbors', 'assign_labels': 'cluster_qr', 'random_state': 2022, 'n_neighbors': 20}",0.22041046158511116,665.0074456647187,1.3938495813433631
SpectralClustering,"{'n_clusters': 12, 'affinity': 'nearest_neighbors', 'assign_labels': 'cluster_qr', 'random_state': 3033, 'n_neighbors': 20}",0.22041046158511116,665.0074456647187,1.3938495813433631
SpectralClustering,"{'n_clusters': 12, 'affinity': 'nearest_neighbors', 'assign_labels': 'cluster_qr', 'random_state': 4044, 'n_neighbors': 20}",0.22041046158511116,665.0074456647187,1.3938495813433631
SpectralClustering,"{'n_clusters': 12, 'affinity': 'nearest_neighbors', 'assign_labels': 'cluster_qr', 'random_state': 5055, 'n_neighbors': 20}",0.22041046158511116,665.0074456647187,1.3938495813433631
SpectralClustering,"{'n_clusters': 12, 'affinity': 'nearest_neighbors', 'assign_labels': 'cluster_qr', 'random_state': 6066, 'n_neighbors': 20}",0.22041046158511116,665.0074456647187,1.3938495813433631
SpectralClustering,"{'n_clusters': 12, 'affinity': 'nearest_neighbors', 'assign_labels': 'kmeans', 'random_state': 42, 'n_neighbors': 50}",0.22510236204718637,682.9190232767959,1.340756041073493
SpectralClustering,"{'n_clusters': 12, 'affinity': 'nearest_neighbors', 'assign_labels': 'kmeans', 'random_state': 123, 'n_neighbors': 50}",0.22504860374817237,682.7197924241715,1.3404010627796294
SpectralClustering,"{'n_clusters': 12, 'affinity': 'nearest_neighbors', 'assign_labels': 'kmeans', 'random_state': 456, 'n_neighbors': 50}",0.22483751783501454,682.5328477592979,1.341963282935873
SpectralClustering,"{'n_clusters': 12, 'affinity': 'nearest_neighbors', 'assign_labels': 'kmeans', 'random_state': 789, 'n_neighbors': 50}",0.22483145178625602,682.4180968470752,1.3417107053188644
SpectralClustering,"{'n_clusters': 12, 'affinity': 'nearest_neighbors', 'assign_labels': 'kmeans', 'random_state': 1011, 'n_neighbors': 50}",0.2249217779791265,682.472019790548,1.3410901181362833
SpectralClustering,"{'n_clusters': 12, 'affinity': 'nearest_neighbors', 'assign_labels': 'kmeans', 'random_state': 2022, 'n_neighbors': 50}",0.22510236204718637,682.9190232767959,1.340756041073493
SpectralClustering,"{'n_clusters': 12, 'affinity': 'nearest_neighbors', 'assign_labels': 'kmeans', 'random_state': 3033, 'n_neighbors': 50}",0.22510236204718637,682.9190232767957,1.340756041073493
SpectralClustering,"{'n_clusters': 12, 'affinity': 'nearest_neighbors', 'assign_labels': 'kmeans', 'random_state': 4044, 'n_neighbors': 50}",0.22510236204718637,682.9190232767958,1.3407560410734929
SpectralClustering,"{'n_clusters': 12, 'affinity': 'nearest_neighbors', 'assign_labels': 'kmeans', 'random_state': 5055, 'n_neighbors': 50}",0.22510236204718637,682.9190232767958,1.340756041073493
SpectralClustering,"{'n_clusters': 12, 'affinity': 'nearest_neighbors', 'assign_labels': 'kmeans', 'random_state': 6066, 'n_neighbors': 50}",0.22510236204718637,682.9190232767958,1.340756041073493
SpectralClustering,"{'n_clusters': 12, 'affinity': 'nearest_neighbors', 'assign_labels': 'discretize', 'random_state': 42, 'n_neighbors': 50}",0.22227735415899755,677.0753039696638,1.3625668502448935
SpectralClustering,"{'n_clusters': 12, 'affinity': 'nearest_neighbors', 'assign_labels': 'discretize', 'random_state': 123, 'n_neighbors': 50}",0.22210839777564084,676.6521062118852,1.361332074541143
SpectralClustering,"{'n_clusters': 12, 'affinity': 'nearest_neighbors', 'assign_labels': 'discretize', 'random_state': 456, 'n_neighbors': 50}",0.21997854731602792,679.1362543088577,1.3719023282782412
SpectralClustering,"{'n_clusters': 12, 'affinity': 'nearest_neighbors', 'assign_labels': 'discretize', 'random_state': 789, 'n_neighbors': 50}",0.22231795924816902,676.7492920694062,1.3608705992791503
SpectralClustering,"{'n_clusters': 12, 'affinity': 'nearest_neighbors', 'assign_labels': 'discretize', 'random_state': 1011, 'n_neighbors': 50}",0.22211643480424556,676.4579558590476,1.3612944285163004
SpectralClustering,"{'n_clusters': 12, 'affinity': 'nearest_neighbors', 'assign_labels': 'discretize', 'random_state': 2022, 'n_neighbors': 50}",0.21975141505228368,678.5288373722643,1.373056595746155
SpectralClustering,"{'n_clusters': 12, 'affinity': 'nearest_neighbors', 'assign_labels': 'discretize', 'random_state': 3033, 'n_neighbors': 50}",0.21982738599383084,680.6028745622709,1.3706862698252458
SpectralClustering,"{'n_clusters': 12, 'affinity': 'nearest_neighbors', 'assign_labels': 'discretize', 'random_state': 4044, 'n_neighbors': 50}",0.22247826850226132,677.1457136053459,1.3619742990970725
SpectralClustering,"{'n_clusters': 12, 'affinity': 'nearest_neighbors', 'assign_labels': 'discretize', 'random_state': 5055, 'n_neighbors': 50}",0.21995159545012913,678.6698661562277,1.372745174965668
SpectralClustering,"{'n_clusters': 12, 'affinity': 'nearest_neighbors', 'assign_labels': 'discretize', 'random_state': 6066, 'n_neighbors': 50}",0.22247826850226132,677.1457136053458,1.3619742990970722
SpectralClustering,"{'n_clusters': 12, 'affinity': 'nearest_neighbors', 'assign_labels': 'cluster_qr', 'random_state': 42, 'n_neighbors': 50}",0.22144589758022198,681.6160121419064,1.3730997180255071
SpectralClustering,"{'n_clusters': 12, 'affinity': 'nearest_neighbors', 'assign_labels': 'cluster_qr', 'random_state': 123, 'n_neighbors': 50}",0.22144589758022198,681.6160121419064,1.3730997180255071
SpectralClustering,"{'n_clusters': 12, 'affinity': 'nearest_neighbors', 'assign_labels': 'cluster_qr', 'random_state': 456, 'n_neighbors': 50}",0.22144589758022198,681.6160121419064,1.3730997180255071
SpectralClustering,"{'n_clusters': 12, 'affinity': 'nearest_neighbors', 'assign_labels': 'cluster_qr', 'random_state': 789, 'n_neighbors': 50}",0.22144589758022198,681.6160121419064,1.3730997180255071
SpectralClustering,"{'n_clusters': 12, 'affinity': 'nearest_neighbors', 'assign_labels': 'cluster_qr', 'random_state': 1011, 'n_neighbors': 50}",0.22144589758022198,681.6160121419064,1.3730997180255071
SpectralClustering,"{'n_clusters': 12, 'affinity': 'nearest_neighbors', 'assign_labels': 'cluster_qr', 'random_state': 2022, 'n_neighbors': 50}",0.22144589758022198,681.6160121419064,1.3730997180255071
SpectralClustering,"{'n_clusters': 12, 'affinity': 'nearest_neighbors', 'assign_labels': 'cluster_qr', 'random_state': 3033, 'n_neighbors': 50}",0.22144589758022198,681.6160121419064,1.3730997180255071
SpectralClustering,"{'n_clusters': 12, 'affinity': 'nearest_neighbors', 'assign_labels': 'cluster_qr', 'random_state': 4044, 'n_neighbors': 50}",0.22144589758022198,681.6160121419064,1.3730997180255071
SpectralClustering,"{'n_clusters': 12, 'affinity': 'nearest_neighbors', 'assign_labels': 'cluster_qr', 'random_state': 5055, 'n_neighbors': 50}",0.22144589758022198,681.6160121419064,1.3730997180255071
SpectralClustering,"{'n_clusters': 12, 'affinity': 'nearest_neighbors', 'assign_labels': 'cluster_qr', 'random_state': 6066, 'n_neighbors': 50}",0.22144589758022198,681.6160121419064,1.3730997180255071
SpectralClustering,"{'n_clusters': 12, 'affinity': 'nearest_neighbors', 'assign_labels': 'kmeans', 'random_state': 42, 'n_neighbors': 100}",0.21218659827885195,595.0098072099798,1.2181320863605765
SpectralClustering,"{'n_clusters': 12, 'affinity': 'nearest_neighbors', 'assign_labels': 'kmeans', 'random_state': 123, 'n_neighbors': 100}",0.21204262015155487,594.8371410457631,1.2182391443964187
SpectralClustering,"{'n_clusters': 12, 'affinity': 'nearest_neighbors', 'assign_labels': 'kmeans', 'random_state': 456, 'n_neighbors': 100}",0.21204262015155487,594.8371410457631,1.2182391443964182
SpectralClustering,"{'n_clusters': 12, 'affinity': 'nearest_neighbors', 'assign_labels': 'kmeans', 'random_state': 789, 'n_neighbors': 100}",0.2121561945395949,595.0218737249485,1.2181267971090888
SpectralClustering,"{'n_clusters': 12, 'affinity': 'nearest_neighbors', 'assign_labels': 'kmeans', 'random_state': 1011, 'n_neighbors': 100}",0.21204262015155487,594.8371410457632,1.2182391443964182
SpectralClustering,"{'n_clusters': 12, 'affinity': 'nearest_neighbors', 'assign_labels': 'kmeans', 'random_state': 2022, 'n_neighbors': 100}",0.2121561945395949,595.0218737249485,1.2181267971090886
SpectralClustering,"{'n_clusters': 12, 'affinity': 'nearest_neighbors', 'assign_labels': 'kmeans', 'random_state': 3033, 'n_neighbors': 100}",0.21204262015155487,594.8371410457634,1.2182391443964182
SpectralClustering,"{'n_clusters': 12, 'affinity': 'nearest_neighbors', 'assign_labels': 'kmeans', 'random_state': 4044, 'n_neighbors': 100}",0.21212161197977802,594.8986751814977,1.2184648681758612
SpectralClustering,"{'n_clusters': 12, 'affinity': 'nearest_neighbors', 'assign_labels': 'kmeans', 'random_state': 5055, 'n_neighbors': 100}",0.21204262015155487,594.8371410457631,1.2182391443964184
SpectralClustering,"{'n_clusters': 12, 'affinity': 'nearest_neighbors', 'assign_labels': 'kmeans', 'random_state': 6066, 'n_neighbors': 100}",0.21204262015155487,594.8371410457632,1.2182391443964184
SpectralClustering,"{'n_clusters': 12, 'affinity': 'nearest_neighbors', 'assign_labels': 'discretize', 'random_state': 42, 'n_neighbors': 100}",0.21472522024909624,601.1359705482575,1.2200009513024603
SpectralClustering,"{'n_clusters': 12, 'affinity': 'nearest_neighbors', 'assign_labels': 'discretize', 'random_state': 123, 'n_neighbors': 100}",0.21477563925557522,600.9367752245774,1.220106849093278
SpectralClustering,"{'n_clusters': 12, 'affinity': 'nearest_neighbors', 'assign_labels': 'discretize', 'random_state': 456, 'n_neighbors': 100}",0.21472522024909624,601.1359705482574,1.2200009513024601
SpectralClustering,"{'n_clusters': 12, 'affinity': 'nearest_neighbors', 'assign_labels': 'discretize', 'random_state': 789, 'n_neighbors': 100}",0.21477618568560403,601.1316395128416,1.2198949090333258
SpectralClustering,"{'n_clusters': 12, 'affinity': 'nearest_neighbors', 'assign_labels': 'discretize', 'random_state': 1011, 'n_neighbors': 100}",0.21421998136695683,600.6712703392388,1.2199238896918223
SpectralClustering,"{'n_clusters': 12, 'affinity': 'nearest_neighbors', 'assign_labels': 'discretize', 'random_state': 2022, 'n_neighbors': 100}",0.21427110334288738,600.6669440449695,1.2198215812394502
SpectralClustering,"{'n_clusters': 12, 'affinity': 'nearest_neighbors', 'assign_labels': 'discretize', 'random_state': 3033, 'n_neighbors': 100}",0.21472522024909624,601.1359705482575,1.2200009513024603
SpectralClustering,"{'n_clusters': 12, 'affinity': 'nearest_neighbors', 'assign_labels': 'discretize', 'random_state': 4044, 'n_neighbors': 100}",0.21427110334288738,600.6669440449696,1.2198215812394504
SpectralClustering,"{'n_clusters': 12, 'affinity': 'nearest_neighbors', 'assign_labels': 'discretize', 'random_state': 5055, 'n_neighbors': 100}",0.21427110334288738,600.6669440449695,1.2198215812394504
SpectralClustering,"{'n_clusters': 12, 'affinity': 'nearest_neighbors', 'assign_labels': 'discretize', 'random_state': 6066, 'n_neighbors': 100}",0.21427110334288738,600.6669440449696,1.2198215812394504
SpectralClustering,"{'n_clusters': 12, 'affinity': 'nearest_neighbors', 'assign_labels': 'cluster_qr', 'random_state': 42, 'n_neighbors': 100}",0.21349319255924834,602.8470921072392,1.2309646674530792
SpectralClustering,"{'n_clusters': 12, 'affinity': 'nearest_neighbors', 'assign_labels': 'cluster_qr', 'random_state': 123, 'n_neighbors': 100}",0.21349319255924834,602.8470921072392,1.2309646674530792
SpectralClustering,"{'n_clusters': 12, 'affinity': 'nearest_neighbors', 'assign_labels': 'cluster_qr', 'random_state': 456, 'n_neighbors': 100}",0.21349319255924834,602.8470921072392,1.2309646674530792
SpectralClustering,"{'n_clusters': 12, 'affinity': 'nearest_neighbors', 'assign_labels': 'cluster_qr', 'random_state': 789, 'n_neighbors': 100}",0.21349319255924834,602.8470921072392,1.2309646674530792
SpectralClustering,"{'n_clusters': 12, 'affinity': 'nearest_neighbors', 'assign_labels': 'cluster_qr', 'random_state': 1011, 'n_neighbors': 100}",0.21349319255924834,602.8470921072392,1.2309646674530792
SpectralClustering,"{'n_clusters': 12, 'affinity': 'nearest_neighbors', 'assign_labels': 'cluster_qr', 'random_state': 2022, 'n_neighbors': 100}",0.21349319255924834,602.8470921072392,1.2309646674530792
SpectralClustering,"{'n_clusters': 12, 'affinity': 'nearest_neighbors', 'assign_labels': 'cluster_qr', 'random_state': 3033, 'n_neighbors': 100}",0.21349319255924834,602.8470921072392,1.2309646674530792
SpectralClustering,"{'n_clusters': 12, 'affinity': 'nearest_neighbors', 'assign_labels': 'cluster_qr', 'random_state': 4044, 'n_neighbors': 100}",0.21349319255924834,602.8470921072392,1.2309646674530792
SpectralClustering,"{'n_clusters': 12, 'affinity': 'nearest_neighbors', 'assign_labels': 'cluster_qr', 'random_state': 5055, 'n_neighbors': 100}",0.21349319255924834,602.8470921072392,1.2309646674530792
SpectralClustering,"{'n_clusters': 12, 'affinity': 'nearest_neighbors', 'assign_labels': 'cluster_qr', 'random_state': 6066, 'n_neighbors': 100}",0.21349319255924834,602.8470921072392,1.2309646674530792
SpectralClustering,"{'n_clusters': 12, 'affinity': 'polynomial', 'assign_labels': 'kmeans', 'random_state': 42}",-0.050832714117938764,81.12850004971686,1.5813426886982571
SpectralClustering,"{'n_clusters': 12, 'affinity': 'polynomial', 'assign_labels': 'kmeans', 'random_state': 123}",-0.05012471579776285,80.39784688555874,1.5024425644712778
SpectralClustering,"{'n_clusters': 12, 'affinity': 'polynomial', 'assign_labels': 'kmeans', 'random_state': 456}",-0.05007606461975658,81.03933369039626,1.6681689528706503
SpectralClustering,"{'n_clusters': 12, 'affinity': 'polynomial', 'assign_labels': 'kmeans', 'random_state': 789}",-0.048650137106517395,81.58919074945639,1.5540679247584357
SpectralClustering,"{'n_clusters': 12, 'affinity': 'polynomial', 'assign_labels': 'kmeans', 'random_state': 1011}",-0.05285786586282737,80.11111832395925,1.6140897574530129
SpectralClustering,"{'n_clusters': 12, 'affinity': 'polynomial', 'assign_labels': 'kmeans', 'random_state': 2022}",-0.048721052182306324,80.89040179365581,1.517385162716521
SpectralClustering,"{'n_clusters': 12, 'affinity': 'polynomial', 'assign_labels': 'kmeans', 'random_state': 3033}",-0.05124705171288234,82.54491793169063,1.6529835248492022
SpectralClustering,"{'n_clusters': 12, 'affinity': 'polynomial', 'assign_labels': 'kmeans', 'random_state': 4044}",-0.04948567835066269,81.4661396294127,1.646284909312756
SpectralClustering,"{'n_clusters': 12, 'affinity': 'polynomial', 'assign_labels': 'kmeans', 'random_state': 5055}",-0.051235373408513245,76.48279235405306,1.4782935020082846
SpectralClustering,"{'n_clusters': 12, 'affinity': 'polynomial', 'assign_labels': 'kmeans', 'random_state': 6066}",-0.04856440081555295,81.50071375114246,1.5427703331960174
SpectralClustering,"{'n_clusters': 12, 'affinity': 'polynomial', 'assign_labels': 'discretize', 'random_state': 42}",0.16936501391614173,520.0313280327415,1.2007513077580192
SpectralClustering,"{'n_clusters': 12, 'affinity': 'polynomial', 'assign_labels': 'discretize', 'random_state': 123}",0.07699393639717617,354.01695130249533,1.7156659562024246
SpectralClustering,"{'n_clusters': 12, 'affinity': 'polynomial', 'assign_labels': 'discretize', 'random_state': 456}",0.1605081227610809,508.22041663967474,1.3344737236205113
SpectralClustering,"{'n_clusters': 12, 'affinity': 'polynomial', 'assign_labels': 'discretize', 'random_state': 789}",0.007756232252133243,288.47863960570453,2.097234381676289
SpectralClustering,"{'n_clusters': 12, 'affinity': 'polynomial', 'assign_labels': 'discretize', 'random_state': 1011}",0.14107222682157106,518.7545907400633,1.3212144218772361
SpectralClustering,"{'n_clusters': 12, 'affinity': 'polynomial', 'assign_labels': 'discretize', 'random_state': 2022}",0.0946807117398601,380.9360296877224,1.6810818365914013
SpectralClustering,"{'n_clusters': 12, 'affinity': 'polynomial', 'assign_labels': 'discretize', 'random_state': 3033}",0.09322883752670846,394.2595526925919,1.8030925103491096
SpectralClustering,"{'n_clusters': 12, 'affinity': 'polynomial', 'assign_labels': 'discretize', 'random_state': 4044}",0.07295385656260486,353.16341077443167,1.7108716483153397
SpectralClustering,"{'n_clusters': 12, 'affinity': 'polynomial', 'assign_labels': 'discretize', 'random_state': 5055}",0.08954059985677998,353.2302624275858,1.6425402626309946
SpectralClustering,"{'n_clusters': 12, 'affinity': 'polynomial', 'assign_labels': 'discretize', 'random_state': 6066}",0.09511474032664058,379.93411261071486,1.6828839276691832
SpectralClustering,"{'n_clusters': 12, 'affinity': 'polynomial', 'assign_labels': 'cluster_qr', 'random_state': 42}",0.18040468345319455,527.4048104693383,1.5869303135624528
SpectralClustering,"{'n_clusters': 12, 'affinity': 'polynomial', 'assign_labels': 'cluster_qr', 'random_state': 123}",0.18040468345319455,527.4048104693383,1.5869303135624528
SpectralClustering,"{'n_clusters': 12, 'affinity': 'polynomial', 'assign_labels': 'cluster_qr', 'random_state': 456}",0.18040468345319455,527.4048104693383,1.5869303135624528
SpectralClustering,"{'n_clusters': 12, 'affinity': 'polynomial', 'assign_labels': 'cluster_qr', 'random_state': 789}",0.18040468345319455,527.4048104693383,1.5869303135624528
SpectralClustering,"{'n_clusters': 12, 'affinity': 'polynomial', 'assign_labels': 'cluster_qr', 'random_state': 1011}",0.18040468345319455,527.4048104693383,1.5869303135624528
SpectralClustering,"{'n_clusters': 12, 'affinity': 'polynomial', 'assign_labels': 'cluster_qr', 'random_state': 2022}",0.18040468345319455,527.4048104693383,1.5869303135624528
SpectralClustering,"{'n_clusters': 12, 'affinity': 'polynomial', 'assign_labels': 'cluster_qr', 'random_state': 3033}",0.18040468345319455,527.4048104693383,1.5869303135624528
SpectralClustering,"{'n_clusters': 12, 'affinity': 'polynomial', 'assign_labels': 'cluster_qr', 'random_state': 4044}",0.18040468345319455,527.4048104693383,1.5869303135624528
SpectralClustering,"{'n_clusters': 12, 'affinity': 'polynomial', 'assign_labels': 'cluster_qr', 'random_state': 5055}",0.18040468345319455,527.4048104693383,1.5869303135624528
SpectralClustering,"{'n_clusters': 12, 'affinity': 'polynomial', 'assign_labels': 'cluster_qr', 'random_state': 6066}",0.18040468345319455,527.4048104693383,1.5869303135624528
SpectralClustering,"{'n_clusters': 12, 'affinity': 'poly', 'assign_labels': 'kmeans', 'random_state': 42}",-0.050832714117938764,81.12850004971686,1.5813426886982571
SpectralClustering,"{'n_clusters': 12, 'affinity': 'poly', 'assign_labels': 'kmeans', 'random_state': 123}",-0.05012471579776285,80.39784688555874,1.5024425644712778
SpectralClustering,"{'n_clusters': 12, 'affinity': 'poly', 'assign_labels': 'kmeans', 'random_state': 456}",-0.05007606461975658,81.03933369039626,1.6681689528706503
SpectralClustering,"{'n_clusters': 12, 'affinity': 'poly', 'assign_labels': 'kmeans', 'random_state': 789}",-0.048650137106517395,81.58919074945639,1.5540679247584357
SpectralClustering,"{'n_clusters': 12, 'affinity': 'poly', 'assign_labels': 'kmeans', 'random_state': 1011}",-0.05285786586282737,80.11111832395925,1.6140897574530129
SpectralClustering,"{'n_clusters': 12, 'affinity': 'poly', 'assign_labels': 'kmeans', 'random_state': 2022}",-0.048721052182306324,80.89040179365581,1.517385162716521
SpectralClustering,"{'n_clusters': 12, 'affinity': 'poly', 'assign_labels': 'kmeans', 'random_state': 3033}",-0.05124705171288234,82.54491793169063,1.6529835248492022
SpectralClustering,"{'n_clusters': 12, 'affinity': 'poly', 'assign_labels': 'kmeans', 'random_state': 4044}",-0.04948567835066269,81.4661396294127,1.646284909312756
SpectralClustering,"{'n_clusters': 12, 'affinity': 'poly', 'assign_labels': 'kmeans', 'random_state': 5055}",-0.051235373408513245,76.48279235405306,1.4782935020082846
SpectralClustering,"{'n_clusters': 12, 'affinity': 'poly', 'assign_labels': 'kmeans', 'random_state': 6066}",-0.04856440081555295,81.50071375114246,1.5427703331960174
SpectralClustering,"{'n_clusters': 12, 'affinity': 'poly', 'assign_labels': 'discretize', 'random_state': 42}",0.16936501391614173,520.0313280327415,1.2007513077580192
SpectralClustering,"{'n_clusters': 12, 'affinity': 'poly', 'assign_labels': 'discretize', 'random_state': 123}",0.07699393639717617,354.01695130249533,1.7156659562024246
SpectralClustering,"{'n_clusters': 12, 'affinity': 'poly', 'assign_labels': 'discretize', 'random_state': 456}",0.1605081227610809,508.22041663967474,1.3344737236205113
SpectralClustering,"{'n_clusters': 12, 'affinity': 'poly', 'assign_labels': 'discretize', 'random_state': 789}",0.007756232252133243,288.47863960570453,2.097234381676289
SpectralClustering,"{'n_clusters': 12, 'affinity': 'poly', 'assign_labels': 'discretize', 'random_state': 1011}",0.14107222682157106,518.7545907400633,1.3212144218772361
SpectralClustering,"{'n_clusters': 12, 'affinity': 'poly', 'assign_labels': 'discretize', 'random_state': 2022}",0.0946807117398601,380.9360296877224,1.6810818365914013
SpectralClustering,"{'n_clusters': 12, 'affinity': 'poly', 'assign_labels': 'discretize', 'random_state': 3033}",0.09322883752670846,394.2595526925919,1.8030925103491096
SpectralClustering,"{'n_clusters': 12, 'affinity': 'poly', 'assign_labels': 'discretize', 'random_state': 4044}",0.07295385656260486,353.16341077443167,1.7108716483153397
SpectralClustering,"{'n_clusters': 12, 'affinity': 'poly', 'assign_labels': 'discretize', 'random_state': 5055}",0.08954059985677998,353.2302624275858,1.6425402626309946
SpectralClustering,"{'n_clusters': 12, 'affinity': 'poly', 'assign_labels': 'discretize', 'random_state': 6066}",0.09511474032664058,379.93411261071486,1.6828839276691832
SpectralClustering,"{'n_clusters': 12, 'affinity': 'poly', 'assign_labels': 'cluster_qr', 'random_state': 42}",0.18040468345319455,527.4048104693383,1.5869303135624528
SpectralClustering,"{'n_clusters': 12, 'affinity': 'poly', 'assign_labels': 'cluster_qr', 'random_state': 123}",0.18040468345319455,527.4048104693383,1.5869303135624528
SpectralClustering,"{'n_clusters': 12, 'affinity': 'poly', 'assign_labels': 'cluster_qr', 'random_state': 456}",0.18040468345319455,527.4048104693383,1.5869303135624528
SpectralClustering,"{'n_clusters': 12, 'affinity': 'poly', 'assign_labels': 'cluster_qr', 'random_state': 789}",0.18040468345319455,527.4048104693383,1.5869303135624528
SpectralClustering,"{'n_clusters': 12, 'affinity': 'poly', 'assign_labels': 'cluster_qr', 'random_state': 1011}",0.18040468345319455,527.4048104693383,1.5869303135624528
SpectralClustering,"{'n_clusters': 12, 'affinity': 'poly', 'assign_labels': 'cluster_qr', 'random_state': 2022}",0.18040468345319455,527.4048104693383,1.5869303135624528
SpectralClustering,"{'n_clusters': 12, 'affinity': 'poly', 'assign_labels': 'cluster_qr', 'random_state': 3033}",0.18040468345319455,527.4048104693383,1.5869303135624528
SpectralClustering,"{'n_clusters': 12, 'affinity': 'poly', 'assign_labels': 'cluster_qr', 'random_state': 4044}",0.18040468345319455,527.4048104693383,1.5869303135624528
SpectralClustering,"{'n_clusters': 12, 'affinity': 'poly', 'assign_labels': 'cluster_qr', 'random_state': 5055}",0.18040468345319455,527.4048104693383,1.5869303135624528
SpectralClustering,"{'n_clusters': 12, 'affinity': 'poly', 'assign_labels': 'cluster_qr', 'random_state': 6066}",0.18040468345319455,527.4048104693383,1.5869303135624528
SpectralClustering,"{'n_clusters': 12, 'affinity': 'sigmoid', 'assign_labels': 'kmeans', 'random_state': 42}",0.033619569254197595,209.93484401848553,3.1537148625810114
SpectralClustering,"{'n_clusters': 12, 'affinity': 'sigmoid', 'assign_labels': 'kmeans', 'random_state': 123}",0.014192513542447122,206.3082560050786,3.2701324679485193
SpectralClustering,"{'n_clusters': 12, 'affinity': 'sigmoid', 'assign_labels': 'kmeans', 'random_state': 456}",0.009713840648893461,185.48165873461275,3.3271459907838143
SpectralClustering,"{'n_clusters': 12, 'affinity': 'sigmoid', 'assign_labels': 'kmeans', 'random_state': 789}",0.009586238734108632,209.20611235364163,3.115118662165953
SpectralClustering,"{'n_clusters': 12, 'affinity': 'sigmoid', 'assign_labels': 'kmeans', 'random_state': 1011}",-0.005368870176783471,175.22320702838275,5.952296208557808
SpectralClustering,"{'n_clusters': 12, 'affinity': 'sigmoid', 'assign_labels': 'kmeans', 'random_state': 2022}",0.025213707284346343,213.52956840853165,3.025040368176183
SpectralClustering,"{'n_clusters': 12, 'affinity': 'sigmoid', 'assign_labels': 'kmeans', 'random_state': 3033}",0.01597218496199668,199.98993472588154,3.112392893957366
SpectralClustering,"{'n_clusters': 12, 'affinity': 'sigmoid', 'assign_labels': 'kmeans', 'random_state': 4044}",0.022394511236940456,204.62247528476442,2.8170788541776974
SpectralClustering,"{'n_clusters': 12, 'affinity': 'sigmoid', 'assign_labels': 'kmeans', 'random_state': 5055}",0.01639736022066796,215.3007862884432,3.0021979280484747
SpectralClustering,"{'n_clusters': 12, 'affinity': 'sigmoid', 'assign_labels': 'kmeans', 'random_state': 6066}",-0.01186287204129741,200.8209206548575,3.2893589547805657
SpectralClustering,"{'n_clusters': 12, 'affinity': 'sigmoid', 'assign_labels': 'discretize', 'random_state': 42}",0.012630314672929676,165.72108717510974,4.365825704230676
SpectralClustering,"{'n_clusters': 12, 'affinity': 'sigmoid', 'assign_labels': 'discretize', 'random_state': 123}",0.008460885008642085,178.53147290905443,3.571198403284504
SpectralClustering,"{'n_clusters': 12, 'affinity': 'sigmoid', 'assign_labels': 'discretize', 'random_state': 456}",0.006279729441596354,180.5961491320819,4.916999834666195
SpectralClustering,"{'n_clusters': 12, 'affinity': 'sigmoid', 'assign_labels': 'discretize', 'random_state': 789}",0.01896738941261338,181.17443438164744,3.469504382219116
SpectralClustering,"{'n_clusters': 12, 'affinity': 'sigmoid', 'assign_labels': 'discretize', 'random_state': 1011}",0.009765397819347274,178.83642047476312,3.94159427804096
SpectralClustering,"{'n_clusters': 12, 'affinity': 'sigmoid', 'assign_labels': 'discretize', 'random_state': 2022}",0.009144719871137385,177.21025129904373,3.416489229728142
SpectralClustering,"{'n_clusters': 12, 'affinity': 'sigmoid', 'assign_labels': 'discretize', 'random_state': 3033}",0.0011387994876044093,167.986770816446,5.792002328301165
SpectralClustering,"{'n_clusters': 12, 'affinity': 'sigmoid', 'assign_labels': 'discretize', 'random_state': 4044}",-0.005364567510346678,177.4382228416909,3.6142910168381497
SpectralClustering,"{'n_clusters': 12, 'affinity': 'sigmoid', 'assign_labels': 'discretize', 'random_state': 5055}",0.005924320133332053,183.55452974391676,3.56015473244644
SpectralClustering,"{'n_clusters': 12, 'affinity': 'sigmoid', 'assign_labels': 'discretize', 'random_state': 6066}",0.010089231923344402,176.36014837806505,3.4954966557249443
SpectralClustering,"{'n_clusters': 12, 'affinity': 'sigmoid', 'assign_labels': 'cluster_qr', 'random_state': 42}",-0.0608648773373966,86.46122931132072,5.058827111008615
SpectralClustering,"{'n_clusters': 12, 'affinity': 'sigmoid', 'assign_labels': 'cluster_qr', 'random_state': 123}",-0.0608648773373966,86.46122931132072,5.058827111008615
SpectralClustering,"{'n_clusters': 12, 'affinity': 'sigmoid', 'assign_labels': 'cluster_qr', 'random_state': 456}",-0.0608648773373966,86.46122931132072,5.058827111008615
SpectralClustering,"{'n_clusters': 12, 'affinity': 'sigmoid', 'assign_labels': 'cluster_qr', 'random_state': 789}",-0.0608648773373966,86.46122931132072,5.058827111008615
SpectralClustering,"{'n_clusters': 12, 'affinity': 'sigmoid', 'assign_labels': 'cluster_qr', 'random_state': 1011}",-0.0608648773373966,86.46122931132072,5.058827111008615
SpectralClustering,"{'n_clusters': 12, 'affinity': 'sigmoid', 'assign_labels': 'cluster_qr', 'random_state': 2022}",-0.0608648773373966,86.46122931132072,5.058827111008615
SpectralClustering,"{'n_clusters': 12, 'affinity': 'sigmoid', 'assign_labels': 'cluster_qr', 'random_state': 3033}",-0.0608648773373966,86.46122931132072,5.058827111008615
SpectralClustering,"{'n_clusters': 12, 'affinity': 'sigmoid', 'assign_labels': 'cluster_qr', 'random_state': 4044}",-0.0608648773373966,86.46122931132072,5.058827111008615
SpectralClustering,"{'n_clusters': 12, 'affinity': 'sigmoid', 'assign_labels': 'cluster_qr', 'random_state': 5055}",-0.0608648773373966,86.46122931132072,5.058827111008615
SpectralClustering,"{'n_clusters': 12, 'affinity': 'sigmoid', 'assign_labels': 'cluster_qr', 'random_state': 6066}",-0.0608648773373966,86.46122931132072,5.058827111008615
