algorithm,options,silhouette_score,calinski_harabasz_score,davies_bouldin_score
KMeans,"{'n_clusters': 5, 'init': 'k-means++', 'algorithm': 'lloyd', 'random_state': 42}",0.1827552631044564,739.1103911700341,1.5641666790361377
KMeans,"{'n_clusters': 5, 'init': 'k-means++', 'algorithm': 'lloyd', 'random_state': 123}",0.2034964367222015,773.910696320571,1.4695212843747023
KMeans,"{'n_clusters': 5, 'init': 'k-means++', 'algorithm': 'lloyd', 'random_state': 456}",0.18278956826327475,738.9789898685041,1.5635940837150675
KMeans,"{'n_clusters': 5, 'init': 'k-means++', 'algorithm': 'lloyd', 'random_state': 789}",0.18034780265813896,695.0041644970714,1.5725116917412356
KMeans,"{'n_clusters': 5, 'init': 'k-means++', 'algorithm': 'lloyd', 'random_state': 1011}",0.20678002721669486,773.8111937446877,1.4680319980387342
KMeans,"{'n_clusters': 5, 'init': 'k-means++', 'algorithm': 'lloyd', 'random_state': 2022}",0.19728630277478781,784.1881713936735,1.5447903228489435
KMeans,"{'n_clusters': 5, 'init': 'k-means++', 'algorithm': 'lloyd', 'random_state': 3033}",0.1834481253347983,739.6607924863616,1.5868451865842244
KMeans,"{'n_clusters': 5, 'init': 'k-means++', 'algorithm': 'lloyd', 'random_state': 4044}",0.19701779378313392,784.171666035885,1.5436075379262144
KMeans,"{'n_clusters': 5, 'init': 'k-means++', 'algorithm': 'lloyd', 'random_state': 5055}",0.18026395002048184,695.0052371732745,1.5723824397364763
KMeans,"{'n_clusters': 5, 'init': 'k-means++', 'algorithm': 'lloyd', 'random_state': 6066}",0.18295017389055931,739.7402626243053,1.5858931791462605
KMeans,"{'n_clusters': 5, 'init': 'k-means++', 'algorithm': 'elkan', 'random_state': 42}",0.1827552631044564,739.1103911700341,1.5641666790361377
KMeans,"{'n_clusters': 5, 'init': 'k-means++', 'algorithm': 'elkan', 'random_state': 123}",0.2034964367222015,773.910696320571,1.4695212843747023
KMeans,"{'n_clusters': 5, 'init': 'k-means++', 'algorithm': 'elkan', 'random_state': 456}",0.18278956826327475,738.9789898685041,1.5635940837150675
KMeans,"{'n_clusters': 5, 'init': 'k-means++', 'algorithm': 'elkan', 'random_state': 789}",0.18034780265813896,695.0041644970714,1.5725116917412356
KMeans,"{'n_clusters': 5, 'init': 'k-means++', 'algorithm': 'elkan', 'random_state': 1011}",0.20678002721669486,773.8111937446877,1.4680319980387342
KMeans,"{'n_clusters': 5, 'init': 'k-means++', 'algorithm': 'elkan', 'random_state': 2022}",0.19728630277478781,784.1881713936735,1.5447903228489435
KMeans,"{'n_clusters': 5, 'init': 'k-means++', 'algorithm': 'elkan', 'random_state': 3033}",0.1834481253347983,739.6607924863616,1.5868451865842244
KMeans,"{'n_clusters': 5, 'init': 'k-means++', 'algorithm': 'elkan', 'random_state': 4044}",0.19701779378313392,784.171666035885,1.5436075379262144
KMeans,"{'n_clusters': 5, 'init': 'k-means++', 'algorithm': 'elkan', 'random_state': 5055}",0.18026395002048184,695.0052371732745,1.5723824397364763
KMeans,"{'n_clusters': 5, 'init': 'k-means++', 'algorithm': 'elkan', 'random_state': 6066}",0.18295017389055931,739.7402626243053,1.5858931791462605
KMeans,"{'n_clusters': 5, 'init': 'random', 'algorithm': 'lloyd', 'random_state': 42}",0.2263495571979597,799.608364537728,1.4383370803414808
KMeans,"{'n_clusters': 5, 'init': 'random', 'algorithm': 'lloyd', 'random_state': 123}",0.2268011807386241,799.581115511532,1.4370410746033793
KMeans,"{'n_clusters': 5, 'init': 'random', 'algorithm': 'lloyd', 'random_state': 456}",0.22643526989275656,799.6587063820642,1.4380884857834595
KMeans,"{'n_clusters': 5, 'init': 'random', 'algorithm': 'lloyd', 'random_state': 789}",0.22476890949461736,799.6520718990432,1.4392573496711325
KMeans,"{'n_clusters': 5, 'init': 'random', 'algorithm': 'lloyd', 'random_state': 1011}",0.22643526989275656,799.6587063820642,1.4380884857834595
KMeans,"{'n_clusters': 5, 'init': 'random', 'algorithm': 'lloyd', 'random_state': 2022}",0.2268796556654626,799.5638854934055,1.437516220058924
KMeans,"{'n_clusters': 5, 'init': 'random', 'algorithm': 'lloyd', 'random_state': 3033}",0.22181517518176067,799.5448501720664,1.4509652040489738
KMeans,"{'n_clusters': 5, 'init': 'random', 'algorithm': 'lloyd', 'random_state': 4044}",0.2268011807386241,799.581115511532,1.4370410746033793
KMeans,"{'n_clusters': 5, 'init': 'random', 'algorithm': 'lloyd', 'random_state': 5055}",0.22368926223466803,799.6611417417864,1.4436325940648715
KMeans,"{'n_clusters': 5, 'init': 'random', 'algorithm': 'lloyd', 'random_state': 6066}",0.2268011807386241,799.581115511532,1.4370410746033793
KMeans,"{'n_clusters': 5, 'init': 'random', 'algorithm': 'elkan', 'random_state': 42}",0.2263495571979597,799.608364537728,1.4383370803414808
KMeans,"{'n_clusters': 5, 'init': 'random', 'algorithm': 'elkan', 'random_state': 123}",0.2268011807386241,799.581115511532,1.4370410746033793
KMeans,"{'n_clusters': 5, 'init': 'random', 'algorithm': 'elkan', 'random_state': 456}",0.22643526989275656,799.6587063820642,1.4380884857834595
KMeans,"{'n_clusters': 5, 'init': 'random', 'algorithm': 'elkan', 'random_state': 789}",0.22476890949461736,799.6520718990432,1.4392573496711325
KMeans,"{'n_clusters': 5, 'init': 'random', 'algorithm': 'elkan', 'random_state': 1011}",0.22643526989275656,799.6587063820642,1.4380884857834595
KMeans,"{'n_clusters': 5, 'init': 'random', 'algorithm': 'elkan', 'random_state': 2022}",0.2268796556654626,799.5638854934055,1.437516220058924
KMeans,"{'n_clusters': 5, 'init': 'random', 'algorithm': 'elkan', 'random_state': 3033}",0.22181517518176067,799.5448501720664,1.4509652040489738
KMeans,"{'n_clusters': 5, 'init': 'random', 'algorithm': 'elkan', 'random_state': 4044}",0.2268011807386241,799.581115511532,1.4370410746033793
KMeans,"{'n_clusters': 5, 'init': 'random', 'algorithm': 'elkan', 'random_state': 5055}",0.22368926223466803,799.6611417417864,1.4436325940648715
KMeans,"{'n_clusters': 5, 'init': 'random', 'algorithm': 'elkan', 'random_state': 6066}",0.2268011807386241,799.581115511532,1.4370410746033793
KMeans,"{'n_clusters': 6, 'init': 'k-means++', 'algorithm': 'lloyd', 'random_state': 42}",0.2021702820384695,741.7260770247517,1.4192223173819487
KMeans,"{'n_clusters': 6, 'init': 'k-means++', 'algorithm': 'lloyd', 'random_state': 123}",0.17483693017147744,671.7754530308556,1.6404650934289615
KMeans,"{'n_clusters': 6, 'init': 'k-means++', 'algorithm': 'lloyd', 'random_state': 456}",0.20222456983449513,741.6998573994254,1.4198242423246938
KMeans,"{'n_clusters': 6, 'init': 'k-means++', 'algorithm': 'lloyd', 'random_state': 789}",0.19333824158337587,715.2079095327113,1.4700376957145078
KMeans,"{'n_clusters': 6, 'init': 'k-means++', 'algorithm': 'lloyd', 'random_state': 1011}",0.20203042274921082,741.6163200948357,1.4201390992274348
KMeans,"{'n_clusters': 6, 'init': 'k-means++', 'algorithm': 'lloyd', 'random_state': 2022}",0.19349063308713008,715.2118814712336,1.4703410473781133
KMeans,"{'n_clusters': 6, 'init': 'k-means++', 'algorithm': 'lloyd', 'random_state': 3033}",0.2021608946341025,741.733120334713,1.4193361123488575
KMeans,"{'n_clusters': 6, 'init': 'k-means++', 'algorithm': 'lloyd', 'random_state': 4044}",0.2021702820384695,741.7260770247517,1.4192223173819487
KMeans,"{'n_clusters': 6, 'init': 'k-means++', 'algorithm': 'lloyd', 'random_state': 5055}",0.19333824158337587,715.2079095327114,1.4700376957145078
KMeans,"{'n_clusters': 6, 'init': 'k-means++', 'algorithm': 'lloyd', 'random_state': 6066}",0.2021608946341025,741.733120334713,1.4193361123488575
KMeans,"{'n_clusters': 6, 'init': 'k-means++', 'algorithm': 'elkan', 'random_state': 42}",0.2021702820384695,741.7260770247517,1.4192223173819487
KMeans,"{'n_clusters': 6, 'init': 'k-means++', 'algorithm': 'elkan', 'random_state': 123}",0.17483693017147744,671.7754530308556,1.6404650934289615
KMeans,"{'n_clusters': 6, 'init': 'k-means++', 'algorithm': 'elkan', 'random_state': 456}",0.20222456983449513,741.6998573994254,1.4198242423246938
KMeans,"{'n_clusters': 6, 'init': 'k-means++', 'algorithm': 'elkan', 'random_state': 789}",0.19333824158337587,715.2079095327113,1.4700376957145078
KMeans,"{'n_clusters': 6, 'init': 'k-means++', 'algorithm': 'elkan', 'random_state': 1011}",0.20203042274921082,741.6163200948357,1.4201390992274348
KMeans,"{'n_clusters': 6, 'init': 'k-means++', 'algorithm': 'elkan', 'random_state': 2022}",0.19349063308713008,715.2118814712336,1.4703410473781133
KMeans,"{'n_clusters': 6, 'init': 'k-means++', 'algorithm': 'elkan', 'random_state': 3033}",0.2021608946341025,741.733120334713,1.4193361123488575
KMeans,"{'n_clusters': 6, 'init': 'k-means++', 'algorithm': 'elkan', 'random_state': 4044}",0.2021702820384695,741.7260770247517,1.4192223173819487
KMeans,"{'n_clusters': 6, 'init': 'k-means++', 'algorithm': 'elkan', 'random_state': 5055}",0.19333824158337587,715.2079095327114,1.4700376957145078
KMeans,"{'n_clusters': 6, 'init': 'k-means++', 'algorithm': 'elkan', 'random_state': 6066}",0.2021608946341025,741.733120334713,1.4193361123488575
KMeans,"{'n_clusters': 6, 'init': 'random', 'algorithm': 'lloyd', 'random_state': 42}",0.2021608946341025,741.733120334713,1.4193361123488577
KMeans,"{'n_clusters': 6, 'init': 'random', 'algorithm': 'lloyd', 'random_state': 123}",0.2021608946341025,741.733120334713,1.4193361123488577
KMeans,"{'n_clusters': 6, 'init': 'random', 'algorithm': 'lloyd', 'random_state': 456}",0.2021608946341025,741.733120334713,1.4193361123488575
KMeans,"{'n_clusters': 6, 'init': 'random', 'algorithm': 'lloyd', 'random_state': 789}",0.2021549486188823,741.735133995167,1.4187628956645726
KMeans,"{'n_clusters': 6, 'init': 'random', 'algorithm': 'lloyd', 'random_state': 1011}",0.20214449709768637,741.7355755960186,1.4190343165088448
KMeans,"{'n_clusters': 6, 'init': 'random', 'algorithm': 'lloyd', 'random_state': 2022}",0.2021608946341025,741.7331203347132,1.4193361123488575
KMeans,"{'n_clusters': 6, 'init': 'random', 'algorithm': 'lloyd', 'random_state': 3033}",0.2021608946341025,741.733120334713,1.4193361123488575
KMeans,"{'n_clusters': 6, 'init': 'random', 'algorithm': 'lloyd', 'random_state': 4044}",0.2021608946341025,741.733120334713,1.4193361123488575
KMeans,"{'n_clusters': 6, 'init': 'random', 'algorithm': 'lloyd', 'random_state': 5055}",0.2021608946341025,741.733120334713,1.4193361123488575
KMeans,"{'n_clusters': 6, 'init': 'random', 'algorithm': 'lloyd', 'random_state': 6066}",0.2021549486188823,741.7351339951671,1.4187628956645721
KMeans,"{'n_clusters': 6, 'init': 'random', 'algorithm': 'elkan', 'random_state': 42}",0.2021608946341025,741.733120334713,1.4193361123488577
KMeans,"{'n_clusters': 6, 'init': 'random', 'algorithm': 'elkan', 'random_state': 123}",0.2021608946341025,741.733120334713,1.4193361123488577
KMeans,"{'n_clusters': 6, 'init': 'random', 'algorithm': 'elkan', 'random_state': 456}",0.2021608946341025,741.733120334713,1.4193361123488575
KMeans,"{'n_clusters': 6, 'init': 'random', 'algorithm': 'elkan', 'random_state': 789}",0.2021549486188823,741.735133995167,1.4187628956645726
KMeans,"{'n_clusters': 6, 'init': 'random', 'algorithm': 'elkan', 'random_state': 1011}",0.20214449709768637,741.7355755960186,1.4190343165088448
KMeans,"{'n_clusters': 6, 'init': 'random', 'algorithm': 'elkan', 'random_state': 2022}",0.2021608946341025,741.7331203347132,1.4193361123488575
KMeans,"{'n_clusters': 6, 'init': 'random', 'algorithm': 'elkan', 'random_state': 3033}",0.2021608946341025,741.733120334713,1.4193361123488575
KMeans,"{'n_clusters': 6, 'init': 'random', 'algorithm': 'elkan', 'random_state': 4044}",0.2021608946341025,741.733120334713,1.4193361123488575
KMeans,"{'n_clusters': 6, 'init': 'random', 'algorithm': 'elkan', 'random_state': 5055}",0.2021608946341025,741.733120334713,1.4193361123488575
KMeans,"{'n_clusters': 6, 'init': 'random', 'algorithm': 'elkan', 'random_state': 6066}",0.2021549486188823,741.7351339951671,1.4187628956645721
KMeans,"{'n_clusters': 7, 'init': 'k-means++', 'algorithm': 'lloyd', 'random_state': 42}",0.20805085349287078,664.2804474518965,1.4728215301313496
KMeans,"{'n_clusters': 7, 'init': 'k-means++', 'algorithm': 'lloyd', 'random_state': 123}",0.19008374467275668,696.9465635298928,1.4696959161221617
KMeans,"{'n_clusters': 7, 'init': 'k-means++', 'algorithm': 'lloyd', 'random_state': 456}",0.19057464046672806,668.6642324119085,1.4760826050455744
KMeans,"{'n_clusters': 7, 'init': 'k-means++', 'algorithm': 'lloyd', 'random_state': 789}",0.1985373932570926,705.5755409838259,1.36948484045094
KMeans,"{'n_clusters': 7, 'init': 'k-means++', 'algorithm': 'lloyd', 'random_state': 1011}",0.20744572039996476,664.2151269000474,1.4742790487373119
KMeans,"{'n_clusters': 7, 'init': 'k-means++', 'algorithm': 'lloyd', 'random_state': 2022}",0.1982709444010068,705.5809049219888,1.370064194949674
KMeans,"{'n_clusters': 7, 'init': 'k-means++', 'algorithm': 'lloyd', 'random_state': 3033}",0.2080559922558566,664.2853628142623,1.4737048912052
KMeans,"{'n_clusters': 7, 'init': 'k-means++', 'algorithm': 'lloyd', 'random_state': 4044}",0.1983137610019335,705.5826837719887,1.3697990326559975
KMeans,"{'n_clusters': 7, 'init': 'k-means++', 'algorithm': 'lloyd', 'random_state': 5055}",0.19827278303113446,705.5887464109506,1.3699622897927368
KMeans,"{'n_clusters': 7, 'init': 'k-means++', 'algorithm': 'lloyd', 'random_state': 6066}",0.19822493308167874,705.5810510373161,1.3701949784741956
KMeans,"{'n_clusters': 7, 'init': 'k-means++', 'algorithm': 'elkan', 'random_state': 42}",0.20805085349287078,664.2804474518965,1.4728215301313496
KMeans,"{'n_clusters': 7, 'init': 'k-means++', 'algorithm': 'elkan', 'random_state': 123}",0.19008374467275668,696.9465635298928,1.4696959161221617
KMeans,"{'n_clusters': 7, 'init': 'k-means++', 'algorithm': 'elkan', 'random_state': 456}",0.19057464046672806,668.6642324119085,1.4760826050455744
KMeans,"{'n_clusters': 7, 'init': 'k-means++', 'algorithm': 'elkan', 'random_state': 789}",0.1985373932570926,705.5755409838259,1.36948484045094
KMeans,"{'n_clusters': 7, 'init': 'k-means++', 'algorithm': 'elkan', 'random_state': 1011}",0.20744572039996476,664.2151269000474,1.4742790487373119
KMeans,"{'n_clusters': 7, 'init': 'k-means++', 'algorithm': 'elkan', 'random_state': 2022}",0.1982709444010068,705.5809049219888,1.370064194949674
KMeans,"{'n_clusters': 7, 'init': 'k-means++', 'algorithm': 'elkan', 'random_state': 3033}",0.2080559922558566,664.2853628142623,1.4737048912052
KMeans,"{'n_clusters': 7, 'init': 'k-means++', 'algorithm': 'elkan', 'random_state': 4044}",0.1983137610019335,705.5826837719887,1.3697990326559975
KMeans,"{'n_clusters': 7, 'init': 'k-means++', 'algorithm': 'elkan', 'random_state': 5055}",0.19827278303113446,705.5887464109506,1.3699622897927368
KMeans,"{'n_clusters': 7, 'init': 'k-means++', 'algorithm': 'elkan', 'random_state': 6066}",0.19822493308167874,705.5810510373161,1.3701949784741956
KMeans,"{'n_clusters': 7, 'init': 'random', 'algorithm': 'lloyd', 'random_state': 42}",0.19818804549505095,705.5942615480061,1.3703620759803068
KMeans,"{'n_clusters': 7, 'init': 'random', 'algorithm': 'lloyd', 'random_state': 123}",0.19818804549505095,705.594261548006,1.3703620759803066
KMeans,"{'n_clusters': 7, 'init': 'random', 'algorithm': 'lloyd', 'random_state': 456}",0.1983137610019335,705.5826837719886,1.3697990326559975
KMeans,"{'n_clusters': 7, 'init': 'random', 'algorithm': 'lloyd', 'random_state': 789}",0.19029776979854224,696.9658567274233,1.4693058917737152
KMeans,"{'n_clusters': 7, 'init': 'random', 'algorithm': 'lloyd', 'random_state': 1011}",0.19836473319315603,705.595952239714,1.3703556875729663
KMeans,"{'n_clusters': 7, 'init': 'random', 'algorithm': 'lloyd', 'random_state': 2022}",0.1985373932570926,705.5755409838258,1.36948484045094
KMeans,"{'n_clusters': 7, 'init': 'random', 'algorithm': 'lloyd', 'random_state': 3033}",0.19024998304636584,696.9900296869504,1.4689589268356933
KMeans,"{'n_clusters': 7, 'init': 'random', 'algorithm': 'lloyd', 'random_state': 4044}",0.19822493308167874,705.5810510373161,1.3701949784741954
KMeans,"{'n_clusters': 7, 'init': 'random', 'algorithm': 'lloyd', 'random_state': 5055}",0.19062987543273624,697.7894030252304,1.4583447344534464
KMeans,"{'n_clusters': 7, 'init': 'random', 'algorithm': 'lloyd', 'random_state': 6066}",0.198288239391833,705.5907570341378,1.3702712720190908
KMeans,"{'n_clusters': 7, 'init': 'random', 'algorithm': 'elkan', 'random_state': 42}",0.19818804549505095,705.5942615480061,1.3703620759803068
KMeans,"{'n_clusters': 7, 'init': 'random', 'algorithm': 'elkan', 'random_state': 123}",0.19818804549505095,705.594261548006,1.3703620759803066
KMeans,"{'n_clusters': 7, 'init': 'random', 'algorithm': 'elkan', 'random_state': 456}",0.1983137610019335,705.5826837719886,1.3697990326559975
KMeans,"{'n_clusters': 7, 'init': 'random', 'algorithm': 'elkan', 'random_state': 789}",0.19029776979854224,696.9658567274233,1.4693058917737152
KMeans,"{'n_clusters': 7, 'init': 'random', 'algorithm': 'elkan', 'random_state': 1011}",0.19836473319315603,705.595952239714,1.3703556875729663
KMeans,"{'n_clusters': 7, 'init': 'random', 'algorithm': 'elkan', 'random_state': 2022}",0.1985373932570926,705.5755409838258,1.36948484045094
KMeans,"{'n_clusters': 7, 'init': 'random', 'algorithm': 'elkan', 'random_state': 3033}",0.19024998304636584,696.9900296869504,1.4689589268356933
KMeans,"{'n_clusters': 7, 'init': 'random', 'algorithm': 'elkan', 'random_state': 4044}",0.19822493308167874,705.5810510373161,1.3701949784741954
KMeans,"{'n_clusters': 7, 'init': 'random', 'algorithm': 'elkan', 'random_state': 5055}",0.19062987543273624,697.7894030252304,1.4583447344534464
KMeans,"{'n_clusters': 7, 'init': 'random', 'algorithm': 'elkan', 'random_state': 6066}",0.198288239391833,705.5907570341378,1.3702712720190908
KMeans,"{'n_clusters': 8, 'init': 'k-means++', 'algorithm': 'lloyd', 'random_state': 42}",0.20344738765649378,649.1650922924109,1.4317423629159187
KMeans,"{'n_clusters': 8, 'init': 'k-means++', 'algorithm': 'lloyd', 'random_state': 123}",0.19133048389591092,646.3242528680009,1.44557024818678
KMeans,"{'n_clusters': 8, 'init': 'k-means++', 'algorithm': 'lloyd', 'random_state': 456}",0.1887656753146947,646.1957797288135,1.4477980535047545
KMeans,"{'n_clusters': 8, 'init': 'k-means++', 'algorithm': 'lloyd', 'random_state': 789}",0.1974082761559389,645.752058802258,1.490892197424352
KMeans,"{'n_clusters': 8, 'init': 'k-means++', 'algorithm': 'lloyd', 'random_state': 1011}",0.197968817262255,645.2113775851076,1.5561579666902032
KMeans,"{'n_clusters': 8, 'init': 'k-means++', 'algorithm': 'lloyd', 'random_state': 2022}",0.20931613734907703,622.2833491664528,1.5155375612847162
KMeans,"{'n_clusters': 8, 'init': 'k-means++', 'algorithm': 'lloyd', 'random_state': 3033}",0.1930342000351438,614.126016451392,1.5169338074047642
KMeans,"{'n_clusters': 8, 'init': 'k-means++', 'algorithm': 'lloyd', 'random_state': 4044}",0.20369969795934562,648.4188826846872,1.4476395027162643
KMeans,"{'n_clusters': 8, 'init': 'k-means++', 'algorithm': 'lloyd', 'random_state': 5055}",0.16271858563399438,642.2758928154669,1.4855210498211375
KMeans,"{'n_clusters': 8, 'init': 'k-means++', 'algorithm': 'lloyd', 'random_state': 6066}",0.19785945445473907,645.1684479082339,1.5522009022077932
KMeans,"{'n_clusters': 8, 'init': 'k-means++', 'algorithm': 'elkan', 'random_state': 42}",0.20344738765649378,649.1650922924109,1.4317423629159187
KMeans,"{'n_clusters': 8, 'init': 'k-means++', 'algorithm': 'elkan', 'random_state': 123}",0.19133048389591092,646.3242528680009,1.44557024818678
KMeans,"{'n_clusters': 8, 'init': 'k-means++', 'algorithm': 'elkan', 'random_state': 456}",0.1887656753146947,646.1957797288135,1.4477980535047545
KMeans,"{'n_clusters': 8, 'init': 'k-means++', 'algorithm': 'elkan', 'random_state': 789}",0.1974082761559389,645.752058802258,1.490892197424352
KMeans,"{'n_clusters': 8, 'init': 'k-means++', 'algorithm': 'elkan', 'random_state': 1011}",0.197968817262255,645.2113775851076,1.5561579666902032
KMeans,"{'n_clusters': 8, 'init': 'k-means++', 'algorithm': 'elkan', 'random_state': 2022}",0.20931613734907703,622.2833491664528,1.5155375612847162
KMeans,"{'n_clusters': 8, 'init': 'k-means++', 'algorithm': 'elkan', 'random_state': 3033}",0.1930342000351438,614.126016451392,1.5169338074047642
KMeans,"{'n_clusters': 8, 'init': 'k-means++', 'algorithm': 'elkan', 'random_state': 4044}",0.20369969795934562,648.4188826846872,1.4476395027162643
KMeans,"{'n_clusters': 8, 'init': 'k-means++', 'algorithm': 'elkan', 'random_state': 5055}",0.16271858563399438,642.2758928154669,1.4855210498211375
KMeans,"{'n_clusters': 8, 'init': 'k-means++', 'algorithm': 'elkan', 'random_state': 6066}",0.19785945445473907,645.1684479082339,1.5522009022077932
KMeans,"{'n_clusters': 8, 'init': 'random', 'algorithm': 'lloyd', 'random_state': 42}",0.20258632833030457,650.7656818219598,1.4845550724491356
KMeans,"{'n_clusters': 8, 'init': 'random', 'algorithm': 'lloyd', 'random_state': 123}",0.2027567204033531,650.7464320364761,1.4838360944470712
KMeans,"{'n_clusters': 8, 'init': 'random', 'algorithm': 'lloyd', 'random_state': 456}",0.2041078300768682,650.3351202333532,1.424104355130652
KMeans,"{'n_clusters': 8, 'init': 'random', 'algorithm': 'lloyd', 'random_state': 789}",0.19221128084781167,646.2983395876524,1.447984892342833
KMeans,"{'n_clusters': 8, 'init': 'random', 'algorithm': 'lloyd', 'random_state': 1011}",0.188717000977826,646.1979137673254,1.447620233190344
KMeans,"{'n_clusters': 8, 'init': 'random', 'algorithm': 'lloyd', 'random_state': 2022}",0.1614818639704032,642.2682990744814,1.4819281275011882
KMeans,"{'n_clusters': 8, 'init': 'random', 'algorithm': 'lloyd', 'random_state': 3033}",0.20261833041795138,650.7647558005169,1.4843751591867278
KMeans,"{'n_clusters': 8, 'init': 'random', 'algorithm': 'lloyd', 'random_state': 4044}",0.2009031173274342,647.5389141416251,1.4652309677874722
KMeans,"{'n_clusters': 8, 'init': 'random', 'algorithm': 'lloyd', 'random_state': 5055}",0.202168737320815,650.0238987854225,1.5066483567785238
KMeans,"{'n_clusters': 8, 'init': 'random', 'algorithm': 'lloyd', 'random_state': 6066}",0.20255153931161074,649.9990828204992,1.5093568510108062
KMeans,"{'n_clusters': 8, 'init': 'random', 'algorithm': 'elkan', 'random_state': 42}",0.20258632833030457,650.7656818219598,1.4845550724491356
KMeans,"{'n_clusters': 8, 'init': 'random', 'algorithm': 'elkan', 'random_state': 123}",0.2027567204033531,650.7464320364761,1.4838360944470712
KMeans,"{'n_clusters': 8, 'init': 'random', 'algorithm': 'elkan', 'random_state': 456}",0.2041078300768682,650.3351202333532,1.424104355130652
KMeans,"{'n_clusters': 8, 'init': 'random', 'algorithm': 'elkan', 'random_state': 789}",0.19221128084781167,646.2983395876524,1.447984892342833
KMeans,"{'n_clusters': 8, 'init': 'random', 'algorithm': 'elkan', 'random_state': 1011}",0.188717000977826,646.1979137673254,1.447620233190344
KMeans,"{'n_clusters': 8, 'init': 'random', 'algorithm': 'elkan', 'random_state': 2022}",0.1614818639704032,642.2682990744814,1.4819281275011882
KMeans,"{'n_clusters': 8, 'init': 'random', 'algorithm': 'elkan', 'random_state': 3033}",0.20261833041795138,650.7647558005169,1.4843751591867278
KMeans,"{'n_clusters': 8, 'init': 'random', 'algorithm': 'elkan', 'random_state': 4044}",0.2009031173274342,647.5389141416251,1.4652309677874722
KMeans,"{'n_clusters': 8, 'init': 'random', 'algorithm': 'elkan', 'random_state': 5055}",0.202168737320815,650.0238987854225,1.5066483567785238
KMeans,"{'n_clusters': 8, 'init': 'random', 'algorithm': 'elkan', 'random_state': 6066}",0.20255153931161074,649.9990828204992,1.5093568510108062
KMeans,"{'n_clusters': 9, 'init': 'k-means++', 'algorithm': 'lloyd', 'random_state': 42}",0.2099699774439191,612.4156457374544,1.4688765630912144
KMeans,"{'n_clusters': 9, 'init': 'k-means++', 'algorithm': 'lloyd', 'random_state': 123}",0.15564398954012287,594.6634466985623,1.5276327940589085
KMeans,"{'n_clusters': 9, 'init': 'k-means++', 'algorithm': 'lloyd', 'random_state': 456}",0.19476664697800292,607.1909996669071,1.4744951199342515
KMeans,"{'n_clusters': 9, 'init': 'k-means++', 'algorithm': 'lloyd', 'random_state': 789}",0.2067078595282112,610.2835347720055,1.4999782480104416
KMeans,"{'n_clusters': 9, 'init': 'k-means++', 'algorithm': 'lloyd', 'random_state': 1011}",0.16774311658712196,606.1341013540056,1.580544307804693
KMeans,"{'n_clusters': 9, 'init': 'k-means++', 'algorithm': 'lloyd', 'random_state': 2022}",0.20257625610736416,585.1747901692078,1.5431328949689522
KMeans,"{'n_clusters': 9, 'init': 'k-means++', 'algorithm': 'lloyd', 'random_state': 3033}",0.16154915341256193,564.4813028715123,1.5777816675684737
KMeans,"{'n_clusters': 9, 'init': 'k-means++', 'algorithm': 'lloyd', 'random_state': 4044}",0.20825908026053808,609.353105437101,1.5242302477429872
KMeans,"{'n_clusters': 9, 'init': 'k-means++', 'algorithm': 'lloyd', 'random_state': 5055}",0.1558308684481137,594.3559206946783,1.5255182646513863
KMeans,"{'n_clusters': 9, 'init': 'k-means++', 'algorithm': 'lloyd', 'random_state': 6066}",0.20590075561267082,609.4566761792823,1.5673964916775847
KMeans,"{'n_clusters': 9, 'init': 'k-means++', 'algorithm': 'elkan', 'random_state': 42}",0.2099699774439191,612.4156457374544,1.4688765630912144
KMeans,"{'n_clusters': 9, 'init': 'k-means++', 'algorithm': 'elkan', 'random_state': 123}",0.15564398954012287,594.6634466985623,1.5276327940589085
KMeans,"{'n_clusters': 9, 'init': 'k-means++', 'algorithm': 'elkan', 'random_state': 456}",0.19476664697800292,607.1909996669071,1.4744951199342515
KMeans,"{'n_clusters': 9, 'init': 'k-means++', 'algorithm': 'elkan', 'random_state': 789}",0.2067078595282112,610.2835347720055,1.4999782480104416
KMeans,"{'n_clusters': 9, 'init': 'k-means++', 'algorithm': 'elkan', 'random_state': 1011}",0.16774311658712196,606.1341013540056,1.580544307804693
KMeans,"{'n_clusters': 9, 'init': 'k-means++', 'algorithm': 'elkan', 'random_state': 2022}",0.20257625610736416,585.1747901692078,1.5431328949689522
KMeans,"{'n_clusters': 9, 'init': 'k-means++', 'algorithm': 'elkan', 'random_state': 3033}",0.16154915341256193,564.4813028715123,1.5777816675684737
KMeans,"{'n_clusters': 9, 'init': 'k-means++', 'algorithm': 'elkan', 'random_state': 4044}",0.20825908026053808,609.353105437101,1.5242302477429872
KMeans,"{'n_clusters': 9, 'init': 'k-means++', 'algorithm': 'elkan', 'random_state': 5055}",0.1558308684481137,594.3559206946783,1.5255182646513863
KMeans,"{'n_clusters': 9, 'init': 'k-means++', 'algorithm': 'elkan', 'random_state': 6066}",0.20590075561267082,609.4566761792823,1.5673964916775847
KMeans,"{'n_clusters': 9, 'init': 'random', 'algorithm': 'lloyd', 'random_state': 42}",0.21018791394605943,608.8658829424056,1.4636450022853085
KMeans,"{'n_clusters': 9, 'init': 'random', 'algorithm': 'lloyd', 'random_state': 123}",0.2096335518970626,612.5768250940421,1.4744346657352712
KMeans,"{'n_clusters': 9, 'init': 'random', 'algorithm': 'lloyd', 'random_state': 456}",0.2087166527802083,611.421773414264,1.5284633559195964
KMeans,"{'n_clusters': 9, 'init': 'random', 'algorithm': 'lloyd', 'random_state': 789}",0.1559002030889945,594.5947680406794,1.5321786057315374
KMeans,"{'n_clusters': 9, 'init': 'random', 'algorithm': 'lloyd', 'random_state': 1011}",0.20988207173693804,608.5965716607883,1.534308307063711
KMeans,"{'n_clusters': 9, 'init': 'random', 'algorithm': 'lloyd', 'random_state': 2022}",0.16772932588846973,606.1364068966005,1.580726914317128
KMeans,"{'n_clusters': 9, 'init': 'random', 'algorithm': 'lloyd', 'random_state': 3033}",0.209144342036004,612.017916281357,1.5077356420289572
KMeans,"{'n_clusters': 9, 'init': 'random', 'algorithm': 'lloyd', 'random_state': 4044}",0.19838215190165367,610.2064807965793,1.543616957246088
KMeans,"{'n_clusters': 9, 'init': 'random', 'algorithm': 'lloyd', 'random_state': 5055}",0.16650457586947126,604.9424628370537,1.5662768093001322
KMeans,"{'n_clusters': 9, 'init': 'random', 'algorithm': 'lloyd', 'random_state': 6066}",0.20908731956378385,612.0352770174055,1.507807655046662
KMeans,"{'n_clusters': 9, 'init': 'random', 'algorithm': 'elkan', 'random_state': 42}",0.21018791394605943,608.8658829424056,1.4636450022853085
KMeans,"{'n_clusters': 9, 'init': 'random', 'algorithm': 'elkan', 'random_state': 123}",0.2096335518970626,612.5768250940421,1.4744346657352712
KMeans,"{'n_clusters': 9, 'init': 'random', 'algorithm': 'elkan', 'random_state': 456}",0.2087166527802083,611.421773414264,1.5284633559195964
KMeans,"{'n_clusters': 9, 'init': 'random', 'algorithm': 'elkan', 'random_state': 789}",0.1559002030889945,594.5947680406794,1.5321786057315374
KMeans,"{'n_clusters': 9, 'init': 'random', 'algorithm': 'elkan', 'random_state': 1011}",0.20988207173693804,608.5965716607883,1.534308307063711
KMeans,"{'n_clusters': 9, 'init': 'random', 'algorithm': 'elkan', 'random_state': 2022}",0.16772932588846973,606.1364068966005,1.580726914317128
KMeans,"{'n_clusters': 9, 'init': 'random', 'algorithm': 'elkan', 'random_state': 3033}",0.209144342036004,612.017916281357,1.5077356420289572
KMeans,"{'n_clusters': 9, 'init': 'random', 'algorithm': 'elkan', 'random_state': 4044}",0.19838215190165367,610.2064807965793,1.543616957246088
KMeans,"{'n_clusters': 9, 'init': 'random', 'algorithm': 'elkan', 'random_state': 5055}",0.16650457586947126,604.9424628370537,1.5662768093001322
KMeans,"{'n_clusters': 9, 'init': 'random', 'algorithm': 'elkan', 'random_state': 6066}",0.20908731956378385,612.0352770174055,1.507807655046662
KMeans,"{'n_clusters': 10, 'init': 'k-means++', 'algorithm': 'lloyd', 'random_state': 42}",0.205609088188637,576.1300727021503,1.5024045226575278
KMeans,"{'n_clusters': 10, 'init': 'k-means++', 'algorithm': 'lloyd', 'random_state': 123}",0.161920699946954,568.7150858595267,1.5430695746905885
KMeans,"{'n_clusters': 10, 'init': 'k-means++', 'algorithm': 'lloyd', 'random_state': 456}",0.19803696081693536,569.8184824882776,1.5711399694698214
KMeans,"{'n_clusters': 10, 'init': 'k-means++', 'algorithm': 'lloyd', 'random_state': 789}",0.2046915068344665,576.1469963613145,1.5467185041536002
KMeans,"{'n_clusters': 10, 'init': 'k-means++', 'algorithm': 'lloyd', 'random_state': 1011}",0.1726003069433674,575.7357787600167,1.578650215343156
KMeans,"{'n_clusters': 10, 'init': 'k-means++', 'algorithm': 'lloyd', 'random_state': 2022}",0.16182018774399062,568.6411757708735,1.5523460038188048
KMeans,"{'n_clusters': 10, 'init': 'k-means++', 'algorithm': 'lloyd', 'random_state': 3033}",0.1680613570967698,544.6731516749626,1.6302220247011554
KMeans,"{'n_clusters': 10, 'init': 'k-means++', 'algorithm': 'lloyd', 'random_state': 4044}",0.21455298974530929,577.7397353479948,1.5344474180891852
KMeans,"{'n_clusters': 10, 'init': 'k-means++', 'algorithm': 'lloyd', 'random_state': 5055}",0.16180899794446385,568.7130073282141,1.545112740613319
KMeans,"{'n_clusters': 10, 'init': 'k-means++', 'algorithm': 'lloyd', 'random_state': 6066}",0.20727374954278138,573.3549608481303,1.501650958623895
KMeans,"{'n_clusters': 10, 'init': 'k-means++', 'algorithm': 'elkan', 'random_state': 42}",0.205609088188637,576.1300727021503,1.5024045226575278
KMeans,"{'n_clusters': 10, 'init': 'k-means++', 'algorithm': 'elkan', 'random_state': 123}",0.161920699946954,568.7150858595267,1.5430695746905885
KMeans,"{'n_clusters': 10, 'init': 'k-means++', 'algorithm': 'elkan', 'random_state': 456}",0.19803696081693536,569.8184824882776,1.5711399694698214
KMeans,"{'n_clusters': 10, 'init': 'k-means++', 'algorithm': 'elkan', 'random_state': 789}",0.2046915068344665,576.1469963613145,1.5467185041536002
KMeans,"{'n_clusters': 10, 'init': 'k-means++', 'algorithm': 'elkan', 'random_state': 1011}",0.1726003069433674,575.7357787600167,1.578650215343156
KMeans,"{'n_clusters': 10, 'init': 'k-means++', 'algorithm': 'elkan', 'random_state': 2022}",0.16182018774399062,568.6411757708735,1.5523460038188048
KMeans,"{'n_clusters': 10, 'init': 'k-means++', 'algorithm': 'elkan', 'random_state': 3033}",0.1680613570967698,544.6731516749626,1.6302220247011554
KMeans,"{'n_clusters': 10, 'init': 'k-means++', 'algorithm': 'elkan', 'random_state': 4044}",0.21455298974530929,577.7397353479948,1.5344474180891852
KMeans,"{'n_clusters': 10, 'init': 'k-means++', 'algorithm': 'elkan', 'random_state': 5055}",0.16180899794446385,568.7130073282141,1.545112740613319
KMeans,"{'n_clusters': 10, 'init': 'k-means++', 'algorithm': 'elkan', 'random_state': 6066}",0.20727374954278138,573.3549608481303,1.501650958623895
KMeans,"{'n_clusters': 10, 'init': 'random', 'algorithm': 'lloyd', 'random_state': 42}",0.17442081468594048,576.1693555545264,1.5631170165935628
KMeans,"{'n_clusters': 10, 'init': 'random', 'algorithm': 'lloyd', 'random_state': 123}",0.19855073588139452,581.4723347649378,1.517987283861791
KMeans,"{'n_clusters': 10, 'init': 'random', 'algorithm': 'lloyd', 'random_state': 456}",0.2053107768179899,576.1539152455007,1.5038830964626286
KMeans,"{'n_clusters': 10, 'init': 'random', 'algorithm': 'lloyd', 'random_state': 789}",0.17523241999977157,578.576707235716,1.5454191199115708
KMeans,"{'n_clusters': 10, 'init': 'random', 'algorithm': 'lloyd', 'random_state': 1011}",0.1751829043599597,574.3636655328643,1.5995998018816746
KMeans,"{'n_clusters': 10, 'init': 'random', 'algorithm': 'lloyd', 'random_state': 2022}",0.1758125984996034,578.5432952729467,1.5363824563014754
KMeans,"{'n_clusters': 10, 'init': 'random', 'algorithm': 'lloyd', 'random_state': 3033}",0.16141753684028518,569.6329879778993,1.5960760486953833
KMeans,"{'n_clusters': 10, 'init': 'random', 'algorithm': 'lloyd', 'random_state': 4044}",0.17788764100098084,578.337139751304,1.5386323631736725
KMeans,"{'n_clusters': 10, 'init': 'random', 'algorithm': 'lloyd', 'random_state': 5055}",0.2032406255112338,577.0285152116072,1.569942655143115
KMeans,"{'n_clusters': 10, 'init': 'random', 'algorithm': 'lloyd', 'random_state': 6066}",0.1999268995406582,570.78654186895,1.6057271745624029
KMeans,"{'n_clusters': 10, 'init': 'random', 'algorithm': 'elkan', 'random_state': 42}",0.17442081468594048,576.1693555545264,1.5631170165935628
KMeans,"{'n_clusters': 10, 'init': 'random', 'algorithm': 'elkan', 'random_state': 123}",0.19855073588139452,581.4723347649378,1.517987283861791
KMeans,"{'n_clusters': 10, 'init': 'random', 'algorithm': 'elkan', 'random_state': 456}",0.2053107768179899,576.1539152455007,1.5038830964626286
KMeans,"{'n_clusters': 10, 'init': 'random', 'algorithm': 'elkan', 'random_state': 789}",0.17523241999977157,578.576707235716,1.5454191199115708
KMeans,"{'n_clusters': 10, 'init': 'random', 'algorithm': 'elkan', 'random_state': 1011}",0.1751829043599597,574.3636655328643,1.5995998018816746
KMeans,"{'n_clusters': 10, 'init': 'random', 'algorithm': 'elkan', 'random_state': 2022}",0.1758125984996034,578.5432952729467,1.5363824563014754
KMeans,"{'n_clusters': 10, 'init': 'random', 'algorithm': 'elkan', 'random_state': 3033}",0.16141753684028518,569.6329879778993,1.5960760486953833
KMeans,"{'n_clusters': 10, 'init': 'random', 'algorithm': 'elkan', 'random_state': 4044}",0.17788764100098084,578.337139751304,1.5386323631736725
KMeans,"{'n_clusters': 10, 'init': 'random', 'algorithm': 'elkan', 'random_state': 5055}",0.2032406255112338,577.0285152116072,1.569942655143115
KMeans,"{'n_clusters': 10, 'init': 'random', 'algorithm': 'elkan', 'random_state': 6066}",0.1999268995406582,570.78654186895,1.6057271745624029
KMeans,"{'n_clusters': 11, 'init': 'k-means++', 'algorithm': 'lloyd', 'random_state': 42}",0.2050365749558684,541.8945512418366,1.519443364553535
KMeans,"{'n_clusters': 11, 'init': 'k-means++', 'algorithm': 'lloyd', 'random_state': 123}",0.16265151932881133,537.3722016887631,1.5839524231759385
KMeans,"{'n_clusters': 11, 'init': 'k-means++', 'algorithm': 'lloyd', 'random_state': 456}",0.19323264405190016,522.1909304419961,1.5570313265421083
KMeans,"{'n_clusters': 11, 'init': 'k-means++', 'algorithm': 'lloyd', 'random_state': 789}",0.1682500328792399,548.1997581801884,1.62368349089488
KMeans,"{'n_clusters': 11, 'init': 'k-means++', 'algorithm': 'lloyd', 'random_state': 1011}",0.16469545107766492,530.9199583973414,1.6850454687871659
KMeans,"{'n_clusters': 11, 'init': 'k-means++', 'algorithm': 'lloyd', 'random_state': 2022}",0.16368352190651794,537.9217706723985,1.5787290784455352
KMeans,"{'n_clusters': 11, 'init': 'k-means++', 'algorithm': 'lloyd', 'random_state': 3033}",0.16918210515838583,550.1933412038028,1.5967993034943533
KMeans,"{'n_clusters': 11, 'init': 'k-means++', 'algorithm': 'lloyd', 'random_state': 4044}",0.20506601486604262,555.1464004469076,1.526513569038074
KMeans,"{'n_clusters': 11, 'init': 'k-means++', 'algorithm': 'lloyd', 'random_state': 5055}",0.1677522489583818,549.2605397744491,1.62722300298897
KMeans,"{'n_clusters': 11, 'init': 'k-means++', 'algorithm': 'lloyd', 'random_state': 6066}",0.20943384207813015,550.6304065422672,1.5121162759391744
KMeans,"{'n_clusters': 11, 'init': 'k-means++', 'algorithm': 'elkan', 'random_state': 42}",0.2050365749558684,541.8945512418366,1.519443364553535
KMeans,"{'n_clusters': 11, 'init': 'k-means++', 'algorithm': 'elkan', 'random_state': 123}",0.16265151932881133,537.3722016887631,1.5839524231759385
KMeans,"{'n_clusters': 11, 'init': 'k-means++', 'algorithm': 'elkan', 'random_state': 456}",0.19323264405190016,522.1909304419961,1.5570313265421083
KMeans,"{'n_clusters': 11, 'init': 'k-means++', 'algorithm': 'elkan', 'random_state': 789}",0.1682500328792399,548.1997581801884,1.62368349089488
KMeans,"{'n_clusters': 11, 'init': 'k-means++', 'algorithm': 'elkan', 'random_state': 1011}",0.16469545107766492,530.9199583973414,1.6850454687871659
KMeans,"{'n_clusters': 11, 'init': 'k-means++', 'algorithm': 'elkan', 'random_state': 2022}",0.16368352190651794,537.9217706723985,1.5787290784455352
KMeans,"{'n_clusters': 11, 'init': 'k-means++', 'algorithm': 'elkan', 'random_state': 3033}",0.16918210515838583,550.1933412038028,1.5967993034943533
KMeans,"{'n_clusters': 11, 'init': 'k-means++', 'algorithm': 'elkan', 'random_state': 4044}",0.20506601486604262,555.1464004469076,1.526513569038074
KMeans,"{'n_clusters': 11, 'init': 'k-means++', 'algorithm': 'elkan', 'random_state': 5055}",0.1677522489583818,549.2605397744491,1.62722300298897
KMeans,"{'n_clusters': 11, 'init': 'k-means++', 'algorithm': 'elkan', 'random_state': 6066}",0.20943384207813015,550.6304065422672,1.5121162759391744
KMeans,"{'n_clusters': 11, 'init': 'random', 'algorithm': 'lloyd', 'random_state': 42}",0.16942564619481562,550.1418434140842,1.599362015807597
KMeans,"{'n_clusters': 11, 'init': 'random', 'algorithm': 'lloyd', 'random_state': 123}",0.20425453362862403,547.0163664017524,1.55263047200459
KMeans,"{'n_clusters': 11, 'init': 'random', 'algorithm': 'lloyd', 'random_state': 456}",0.20543074035429157,551.4508448076291,1.6151711714247574
KMeans,"{'n_clusters': 11, 'init': 'random', 'algorithm': 'lloyd', 'random_state': 789}",0.16954790360679162,550.0990176363728,1.576288169186786
KMeans,"{'n_clusters': 11, 'init': 'random', 'algorithm': 'lloyd', 'random_state': 1011}",0.16985993444989642,550.3621830709815,1.5551478334252726
KMeans,"{'n_clusters': 11, 'init': 'random', 'algorithm': 'lloyd', 'random_state': 2022}",0.17024362642976557,550.6956981244115,1.5640385868905116
KMeans,"{'n_clusters': 11, 'init': 'random', 'algorithm': 'lloyd', 'random_state': 3033}",0.16941576563486682,550.2090665698622,1.5921280011821386
KMeans,"{'n_clusters': 11, 'init': 'random', 'algorithm': 'lloyd', 'random_state': 4044}",0.167543080420149,548.1042219398183,1.5759436163365828
KMeans,"{'n_clusters': 11, 'init': 'random', 'algorithm': 'lloyd', 'random_state': 5055}",0.20182959502954223,551.2130940691821,1.6055914854111526
KMeans,"{'n_clusters': 11, 'init': 'random', 'algorithm': 'lloyd', 'random_state': 6066}",0.1692146462938997,548.0361862049788,1.6045030283716029
KMeans,"{'n_clusters': 11, 'init': 'random', 'algorithm': 'elkan', 'random_state': 42}",0.16942564619481562,550.1418434140842,1.599362015807597
KMeans,"{'n_clusters': 11, 'init': 'random', 'algorithm': 'elkan', 'random_state': 123}",0.20425453362862403,547.0163664017524,1.55263047200459
KMeans,"{'n_clusters': 11, 'init': 'random', 'algorithm': 'elkan', 'random_state': 456}",0.20543074035429157,551.4508448076291,1.6151711714247574
KMeans,"{'n_clusters': 11, 'init': 'random', 'algorithm': 'elkan', 'random_state': 789}",0.16954790360679162,550.0990176363728,1.576288169186786
KMeans,"{'n_clusters': 11, 'init': 'random', 'algorithm': 'elkan', 'random_state': 1011}",0.16985993444989642,550.3621830709815,1.5551478334252726
KMeans,"{'n_clusters': 11, 'init': 'random', 'algorithm': 'elkan', 'random_state': 2022}",0.17024362642976557,550.6956981244115,1.5640385868905116
KMeans,"{'n_clusters': 11, 'init': 'random', 'algorithm': 'elkan', 'random_state': 3033}",0.16941576563486682,550.2090665698622,1.5921280011821386
KMeans,"{'n_clusters': 11, 'init': 'random', 'algorithm': 'elkan', 'random_state': 4044}",0.167543080420149,548.1042219398183,1.5759436163365828
KMeans,"{'n_clusters': 11, 'init': 'random', 'algorithm': 'elkan', 'random_state': 5055}",0.20182959502954223,551.2130940691821,1.6055914854111526
KMeans,"{'n_clusters': 11, 'init': 'random', 'algorithm': 'elkan', 'random_state': 6066}",0.1692146462938997,548.0361862049788,1.6045030283716029
KMeans,"{'n_clusters': 12, 'init': 'k-means++', 'algorithm': 'lloyd', 'random_state': 42}",0.19677017278638317,516.0032787737154,1.5697670839693938
KMeans,"{'n_clusters': 12, 'init': 'k-means++', 'algorithm': 'lloyd', 'random_state': 123}",0.1693665505665463,524.7870165220234,1.575122771671152
KMeans,"{'n_clusters': 12, 'init': 'k-means++', 'algorithm': 'lloyd', 'random_state': 456}",0.19982225889477456,509.3229921511963,1.5602526064882172
KMeans,"{'n_clusters': 12, 'init': 'k-means++', 'algorithm': 'lloyd', 'random_state': 789}",0.17297466041008078,529.6437006704704,1.5898912146520503
KMeans,"{'n_clusters': 12, 'init': 'k-means++', 'algorithm': 'lloyd', 'random_state': 1011}",0.15946860716140254,503.6605360542283,1.6971817996216074
KMeans,"{'n_clusters': 12, 'init': 'k-means++', 'algorithm': 'lloyd', 'random_state': 2022}",0.17142000822841524,525.5328884076835,1.586590998132169
KMeans,"{'n_clusters': 12, 'init': 'k-means++', 'algorithm': 'lloyd', 'random_state': 3033}",0.1722646009255654,527.3761749550658,1.666682746997122
KMeans,"{'n_clusters': 12, 'init': 'k-means++', 'algorithm': 'lloyd', 'random_state': 4044}",0.17535766022187918,532.1470604325842,1.566360072091152
KMeans,"{'n_clusters': 12, 'init': 'k-means++', 'algorithm': 'lloyd', 'random_state': 5055}",0.15675437824878366,516.4659784862824,1.6503570741630658
KMeans,"{'n_clusters': 12, 'init': 'k-means++', 'algorithm': 'lloyd', 'random_state': 6066}",0.2077839397710809,530.8489162291377,1.5566518829801141
KMeans,"{'n_clusters': 12, 'init': 'k-means++', 'algorithm': 'elkan', 'random_state': 42}",0.19677017278638317,516.0032787737154,1.5697670839693938
KMeans,"{'n_clusters': 12, 'init': 'k-means++', 'algorithm': 'elkan', 'random_state': 123}",0.1693665505665463,524.7870165220234,1.575122771671152
KMeans,"{'n_clusters': 12, 'init': 'k-means++', 'algorithm': 'elkan', 'random_state': 456}",0.19982225889477456,509.3229921511963,1.5602526064882172
KMeans,"{'n_clusters': 12, 'init': 'k-means++', 'algorithm': 'elkan', 'random_state': 789}",0.17297466041008078,529.6437006704704,1.5898912146520503
KMeans,"{'n_clusters': 12, 'init': 'k-means++', 'algorithm': 'elkan', 'random_state': 1011}",0.15946860716140254,503.6605360542283,1.6971817996216074
KMeans,"{'n_clusters': 12, 'init': 'k-means++', 'algorithm': 'elkan', 'random_state': 2022}",0.17142000822841524,525.5328884076835,1.586590998132169
KMeans,"{'n_clusters': 12, 'init': 'k-means++', 'algorithm': 'elkan', 'random_state': 3033}",0.1722646009255654,527.3761749550658,1.666682746997122
KMeans,"{'n_clusters': 12, 'init': 'k-means++', 'algorithm': 'elkan', 'random_state': 4044}",0.17535766022187918,532.1470604325842,1.566360072091152
KMeans,"{'n_clusters': 12, 'init': 'k-means++', 'algorithm': 'elkan', 'random_state': 5055}",0.15675437824878366,516.4659784862824,1.6503570741630658
KMeans,"{'n_clusters': 12, 'init': 'k-means++', 'algorithm': 'elkan', 'random_state': 6066}",0.2077839397710809,530.8489162291377,1.5566518829801141
KMeans,"{'n_clusters': 12, 'init': 'random', 'algorithm': 'lloyd', 'random_state': 42}",0.16500599695776771,516.3973872659897,1.6526518175375478
KMeans,"{'n_clusters': 12, 'init': 'random', 'algorithm': 'lloyd', 'random_state': 123}",0.1703967434511055,513.7279365119247,1.5716312765165616
KMeans,"{'n_clusters': 12, 'init': 'random', 'algorithm': 'lloyd', 'random_state': 456}",0.17032710127568676,525.5400894004725,1.5851596625026643
KMeans,"{'n_clusters': 12, 'init': 'random', 'algorithm': 'lloyd', 'random_state': 789}",0.18304427941488388,525.2504641759696,1.5509243367245054
KMeans,"{'n_clusters': 12, 'init': 'random', 'algorithm': 'lloyd', 'random_state': 1011}",0.17400460774030077,532.6251017356608,1.5841479940877325
KMeans,"{'n_clusters': 12, 'init': 'random', 'algorithm': 'lloyd', 'random_state': 2022}",0.1752751582379931,532.675203980218,1.5895361486625044
KMeans,"{'n_clusters': 12, 'init': 'random', 'algorithm': 'lloyd', 'random_state': 3033}",0.17092681400778556,522.5605384694787,1.5872370976487116
KMeans,"{'n_clusters': 12, 'init': 'random', 'algorithm': 'lloyd', 'random_state': 4044}",0.1710426943955115,523.8757509983858,1.6414802014297678
KMeans,"{'n_clusters': 12, 'init': 'random', 'algorithm': 'lloyd', 'random_state': 5055}",0.17480696450012348,529.190121639202,1.560129419107633
KMeans,"{'n_clusters': 12, 'init': 'random', 'algorithm': 'lloyd', 'random_state': 6066}",0.17109590292821691,522.5653706117126,1.5926603324903779
KMeans,"{'n_clusters': 12, 'init': 'random', 'algorithm': 'elkan', 'random_state': 42}",0.16500599695776771,516.3973872659897,1.6526518175375478
KMeans,"{'n_clusters': 12, 'init': 'random', 'algorithm': 'elkan', 'random_state': 123}",0.1703967434511055,513.7279365119247,1.5716312765165616
KMeans,"{'n_clusters': 12, 'init': 'random', 'algorithm': 'elkan', 'random_state': 456}",0.17032710127568676,525.5400894004725,1.5851596625026643
KMeans,"{'n_clusters': 12, 'init': 'random', 'algorithm': 'elkan', 'random_state': 789}",0.18304427941488388,525.2504641759696,1.5509243367245054
KMeans,"{'n_clusters': 12, 'init': 'random', 'algorithm': 'elkan', 'random_state': 1011}",0.17400460774030077,532.6251017356608,1.5841479940877325
KMeans,"{'n_clusters': 12, 'init': 'random', 'algorithm': 'elkan', 'random_state': 2022}",0.1752751582379931,532.675203980218,1.5895361486625044
KMeans,"{'n_clusters': 12, 'init': 'random', 'algorithm': 'elkan', 'random_state': 3033}",0.17092681400778556,522.5605384694787,1.5872370976487116
KMeans,"{'n_clusters': 12, 'init': 'random', 'algorithm': 'elkan', 'random_state': 4044}",0.1710426943955115,523.8757509983858,1.6414802014297678
KMeans,"{'n_clusters': 12, 'init': 'random', 'algorithm': 'elkan', 'random_state': 5055}",0.17480696450012348,529.190121639202,1.560129419107633
KMeans,"{'n_clusters': 12, 'init': 'random', 'algorithm': 'elkan', 'random_state': 6066}",0.17109590292821691,522.5653706117126,1.5926603324903779
BisectingKMeans,"{'n_clusters': 5, 'init': 'k-means++', 'algorithm': 'lloyd', 'random_state': 42}",0.20456770286758283,766.0330997184274,1.496389023528757
BisectingKMeans,"{'n_clusters': 5, 'init': 'k-means++', 'algorithm': 'lloyd', 'random_state': 123}",0.21688596321464143,720.567059432826,1.5145348571171733
BisectingKMeans,"{'n_clusters': 5, 'init': 'k-means++', 'algorithm': 'lloyd', 'random_state': 456}",0.20764340520773875,741.8334779119497,1.500298428271186
BisectingKMeans,"{'n_clusters': 5, 'init': 'k-means++', 'algorithm': 'lloyd', 'random_state': 789}",0.19175872244137382,733.6320161738275,1.5970598912263505
BisectingKMeans,"{'n_clusters': 5, 'init': 'k-means++', 'algorithm': 'lloyd', 'random_state': 1011}",0.18396165585585697,749.2533478268375,1.5840902500066574
BisectingKMeans,"{'n_clusters': 5, 'init': 'k-means++', 'algorithm': 'lloyd', 'random_state': 2022}",0.21681753834524853,720.5333095333764,1.5151651330611293
BisectingKMeans,"{'n_clusters': 5, 'init': 'k-means++', 'algorithm': 'lloyd', 'random_state': 3033}",0.1748705215243941,695.4875328663244,1.6435471688704386
BisectingKMeans,"{'n_clusters': 5, 'init': 'k-means++', 'algorithm': 'lloyd', 'random_state': 4044}",0.1994589621300597,683.8561697268366,1.784193242830027
BisectingKMeans,"{'n_clusters': 5, 'init': 'k-means++', 'algorithm': 'lloyd', 'random_state': 5055}",0.20027344414439338,740.9569860312574,1.542402210965419
BisectingKMeans,"{'n_clusters': 5, 'init': 'k-means++', 'algorithm': 'lloyd', 'random_state': 6066}",0.18898882271136144,660.5480491862944,1.570174505886003
BisectingKMeans,"{'n_clusters': 5, 'init': 'k-means++', 'algorithm': 'elkan', 'random_state': 42}",0.20456770286758283,766.0330997184274,1.496389023528757
BisectingKMeans,"{'n_clusters': 5, 'init': 'k-means++', 'algorithm': 'elkan', 'random_state': 123}",0.21688596321464143,720.567059432826,1.5145348571171733
BisectingKMeans,"{'n_clusters': 5, 'init': 'k-means++', 'algorithm': 'elkan', 'random_state': 456}",0.20764340520773875,741.8334779119497,1.500298428271186
BisectingKMeans,"{'n_clusters': 5, 'init': 'k-means++', 'algorithm': 'elkan', 'random_state': 789}",0.19175872244137382,733.6320161738275,1.5970598912263505
BisectingKMeans,"{'n_clusters': 5, 'init': 'k-means++', 'algorithm': 'elkan', 'random_state': 1011}",0.18396165585585697,749.2533478268375,1.5840902500066574
BisectingKMeans,"{'n_clusters': 5, 'init': 'k-means++', 'algorithm': 'elkan', 'random_state': 2022}",0.21681753834524853,720.5333095333764,1.5151651330611293
BisectingKMeans,"{'n_clusters': 5, 'init': 'k-means++', 'algorithm': 'elkan', 'random_state': 3033}",0.1748705215243941,695.4875328663244,1.6435471688704386
BisectingKMeans,"{'n_clusters': 5, 'init': 'k-means++', 'algorithm': 'elkan', 'random_state': 4044}",0.1994589621300597,683.8561697268366,1.784193242830027
BisectingKMeans,"{'n_clusters': 5, 'init': 'k-means++', 'algorithm': 'elkan', 'random_state': 5055}",0.20027344414439338,740.9569860312574,1.542402210965419
BisectingKMeans,"{'n_clusters': 5, 'init': 'k-means++', 'algorithm': 'elkan', 'random_state': 6066}",0.18898882271136144,660.5480491862944,1.570174505886003
BisectingKMeans,"{'n_clusters': 5, 'init': 'random', 'algorithm': 'lloyd', 'random_state': 42}",0.21632232399462445,720.0880255438916,1.5165901755441107
BisectingKMeans,"{'n_clusters': 5, 'init': 'random', 'algorithm': 'lloyd', 'random_state': 123}",0.16413922041840076,701.3724043354395,1.6190400548890391
BisectingKMeans,"{'n_clusters': 5, 'init': 'random', 'algorithm': 'lloyd', 'random_state': 456}",0.17912268487041275,664.1105586498842,1.6463337640794158
BisectingKMeans,"{'n_clusters': 5, 'init': 'random', 'algorithm': 'lloyd', 'random_state': 789}",0.21490716119011705,711.9470936857483,1.5233443103645878
BisectingKMeans,"{'n_clusters': 5, 'init': 'random', 'algorithm': 'lloyd', 'random_state': 1011}",0.20081231074841852,732.1188254787113,1.5443721185608932
BisectingKMeans,"{'n_clusters': 5, 'init': 'random', 'algorithm': 'lloyd', 'random_state': 2022}",0.16413922041840076,701.3724043354396,1.6190400548890391
BisectingKMeans,"{'n_clusters': 5, 'init': 'random', 'algorithm': 'lloyd', 'random_state': 3033}",0.2147830550366583,712.0092590460645,1.5231547755719164
BisectingKMeans,"{'n_clusters': 5, 'init': 'random', 'algorithm': 'lloyd', 'random_state': 4044}",0.1897133555275482,662.0014801685384,1.5759686150150867
BisectingKMeans,"{'n_clusters': 5, 'init': 'random', 'algorithm': 'lloyd', 'random_state': 5055}",0.2151080619919007,711.9514230719058,1.5226838426561577
BisectingKMeans,"{'n_clusters': 5, 'init': 'random', 'algorithm': 'lloyd', 'random_state': 6066}",0.19021626019080023,722.0229540192847,1.6046160510340663
BisectingKMeans,"{'n_clusters': 5, 'init': 'random', 'algorithm': 'elkan', 'random_state': 42}",0.21632232399462445,720.0880255438916,1.5165901755441107
BisectingKMeans,"{'n_clusters': 5, 'init': 'random', 'algorithm': 'elkan', 'random_state': 123}",0.16413922041840076,701.3724043354395,1.6190400548890391
BisectingKMeans,"{'n_clusters': 5, 'init': 'random', 'algorithm': 'elkan', 'random_state': 456}",0.17912268487041275,664.1105586498842,1.6463337640794158
BisectingKMeans,"{'n_clusters': 5, 'init': 'random', 'algorithm': 'elkan', 'random_state': 789}",0.21490716119011705,711.9470936857483,1.5233443103645878
BisectingKMeans,"{'n_clusters': 5, 'init': 'random', 'algorithm': 'elkan', 'random_state': 1011}",0.20081231074841852,732.1188254787113,1.5443721185608932
BisectingKMeans,"{'n_clusters': 5, 'init': 'random', 'algorithm': 'elkan', 'random_state': 2022}",0.16413922041840076,701.3724043354396,1.6190400548890391
BisectingKMeans,"{'n_clusters': 5, 'init': 'random', 'algorithm': 'elkan', 'random_state': 3033}",0.2147830550366583,712.0092590460645,1.5231547755719164
BisectingKMeans,"{'n_clusters': 5, 'init': 'random', 'algorithm': 'elkan', 'random_state': 4044}",0.1897133555275482,662.0014801685384,1.5759686150150867
BisectingKMeans,"{'n_clusters': 5, 'init': 'random', 'algorithm': 'elkan', 'random_state': 5055}",0.2151080619919007,711.9514230719058,1.5226838426561577
BisectingKMeans,"{'n_clusters': 5, 'init': 'random', 'algorithm': 'elkan', 'random_state': 6066}",0.19021626019080023,722.0229540192847,1.6046160510340663
BisectingKMeans,"{'n_clusters': 6, 'init': 'k-means++', 'algorithm': 'lloyd', 'random_state': 42}",0.1816090175926548,698.3772297757416,1.4792331527270992
BisectingKMeans,"{'n_clusters': 6, 'init': 'k-means++', 'algorithm': 'lloyd', 'random_state': 123}",0.1856849593966999,664.5886947682874,1.508413874228
BisectingKMeans,"{'n_clusters': 6, 'init': 'k-means++', 'algorithm': 'lloyd', 'random_state': 456}",0.1973893048210566,685.5717109304318,1.5565157991394714
BisectingKMeans,"{'n_clusters': 6, 'init': 'k-means++', 'algorithm': 'lloyd', 'random_state': 789}",0.18877859354300905,678.1891716552104,1.514600118603779
BisectingKMeans,"{'n_clusters': 6, 'init': 'k-means++', 'algorithm': 'lloyd', 'random_state': 1011}",0.17393921889534536,692.5090401752286,1.625866898666153
BisectingKMeans,"{'n_clusters': 6, 'init': 'k-means++', 'algorithm': 'lloyd', 'random_state': 2022}",0.18549146739366693,664.4582708228322,1.508093425421788
BisectingKMeans,"{'n_clusters': 6, 'init': 'k-means++', 'algorithm': 'lloyd', 'random_state': 3033}",0.18724892498783755,644.2537397147955,1.5405712146750645
BisectingKMeans,"{'n_clusters': 6, 'init': 'k-means++', 'algorithm': 'lloyd', 'random_state': 4044}",0.1787554379102544,631.4782272141892,1.751879668237551
BisectingKMeans,"{'n_clusters': 6, 'init': 'k-means++', 'algorithm': 'lloyd', 'random_state': 5055}",0.18408751717996746,682.9970459170195,1.540319963280431
BisectingKMeans,"{'n_clusters': 6, 'init': 'k-means++', 'algorithm': 'lloyd', 'random_state': 6066}",0.20174104257634431,594.069802723209,1.7235857060984108
BisectingKMeans,"{'n_clusters': 6, 'init': 'k-means++', 'algorithm': 'elkan', 'random_state': 42}",0.1816090175926548,698.3772297757416,1.4792331527270992
BisectingKMeans,"{'n_clusters': 6, 'init': 'k-means++', 'algorithm': 'elkan', 'random_state': 123}",0.1856849593966999,664.5886947682874,1.508413874228
BisectingKMeans,"{'n_clusters': 6, 'init': 'k-means++', 'algorithm': 'elkan', 'random_state': 456}",0.1973893048210566,685.5717109304318,1.5565157991394714
BisectingKMeans,"{'n_clusters': 6, 'init': 'k-means++', 'algorithm': 'elkan', 'random_state': 789}",0.18877859354300905,678.1891716552104,1.514600118603779
BisectingKMeans,"{'n_clusters': 6, 'init': 'k-means++', 'algorithm': 'elkan', 'random_state': 1011}",0.17393921889534536,692.5090401752286,1.625866898666153
BisectingKMeans,"{'n_clusters': 6, 'init': 'k-means++', 'algorithm': 'elkan', 'random_state': 2022}",0.18549146739366693,664.4582708228322,1.508093425421788
BisectingKMeans,"{'n_clusters': 6, 'init': 'k-means++', 'algorithm': 'elkan', 'random_state': 3033}",0.18724892498783755,644.2537397147955,1.5405712146750645
BisectingKMeans,"{'n_clusters': 6, 'init': 'k-means++', 'algorithm': 'elkan', 'random_state': 4044}",0.1787554379102544,631.4782272141892,1.751879668237551
BisectingKMeans,"{'n_clusters': 6, 'init': 'k-means++', 'algorithm': 'elkan', 'random_state': 5055}",0.18408751717996746,682.9970459170195,1.540319963280431
BisectingKMeans,"{'n_clusters': 6, 'init': 'k-means++', 'algorithm': 'elkan', 'random_state': 6066}",0.20174104257634431,594.069802723209,1.7235857060984108
BisectingKMeans,"{'n_clusters': 6, 'init': 'random', 'algorithm': 'lloyd', 'random_state': 42}",0.18498004473280918,663.6642240786211,1.510066374397615
BisectingKMeans,"{'n_clusters': 6, 'init': 'random', 'algorithm': 'lloyd', 'random_state': 123}",0.18447463136195347,659.0993067458699,1.561923090272687
BisectingKMeans,"{'n_clusters': 6, 'init': 'random', 'algorithm': 'lloyd', 'random_state': 456}",0.18479453339299637,584.3398737490609,1.677892453959502
BisectingKMeans,"{'n_clusters': 6, 'init': 'random', 'algorithm': 'lloyd', 'random_state': 789}",0.184473113055524,657.0098412578564,1.5192692060388688
BisectingKMeans,"{'n_clusters': 6, 'init': 'random', 'algorithm': 'lloyd', 'random_state': 1011}",0.1839534208057838,675.2443387072909,1.5454702832134155
BisectingKMeans,"{'n_clusters': 6, 'init': 'random', 'algorithm': 'lloyd', 'random_state': 2022}",0.18447463136195347,659.0993067458699,1.561923090272687
BisectingKMeans,"{'n_clusters': 6, 'init': 'random', 'algorithm': 'lloyd', 'random_state': 3033}",0.18454026259904455,657.08285302743,1.519651107721755
BisectingKMeans,"{'n_clusters': 6, 'init': 'random', 'algorithm': 'lloyd', 'random_state': 4044}",0.21010708213050772,622.8179806688113,1.612947111227821
BisectingKMeans,"{'n_clusters': 6, 'init': 'random', 'algorithm': 'lloyd', 'random_state': 5055}",0.18476148883774518,657.1953957169276,1.5194616909477137
BisectingKMeans,"{'n_clusters': 6, 'init': 'random', 'algorithm': 'lloyd', 'random_state': 6066}",0.1806033046222567,667.0781949281619,1.6407128739164911
BisectingKMeans,"{'n_clusters': 6, 'init': 'random', 'algorithm': 'elkan', 'random_state': 42}",0.18498004473280918,663.6642240786211,1.510066374397615
BisectingKMeans,"{'n_clusters': 6, 'init': 'random', 'algorithm': 'elkan', 'random_state': 123}",0.18447463136195347,659.0993067458699,1.561923090272687
BisectingKMeans,"{'n_clusters': 6, 'init': 'random', 'algorithm': 'elkan', 'random_state': 456}",0.18479453339299637,584.3398737490609,1.677892453959502
BisectingKMeans,"{'n_clusters': 6, 'init': 'random', 'algorithm': 'elkan', 'random_state': 789}",0.184473113055524,657.0098412578564,1.5192692060388688
BisectingKMeans,"{'n_clusters': 6, 'init': 'random', 'algorithm': 'elkan', 'random_state': 1011}",0.1839534208057838,675.2443387072909,1.5454702832134155
BisectingKMeans,"{'n_clusters': 6, 'init': 'random', 'algorithm': 'elkan', 'random_state': 2022}",0.18447463136195347,659.0993067458699,1.561923090272687
BisectingKMeans,"{'n_clusters': 6, 'init': 'random', 'algorithm': 'elkan', 'random_state': 3033}",0.18454026259904455,657.08285302743,1.519651107721755
BisectingKMeans,"{'n_clusters': 6, 'init': 'random', 'algorithm': 'elkan', 'random_state': 4044}",0.21010708213050772,622.8179806688113,1.612947111227821
BisectingKMeans,"{'n_clusters': 6, 'init': 'random', 'algorithm': 'elkan', 'random_state': 5055}",0.18476148883774518,657.1953957169276,1.5194616909477137
BisectingKMeans,"{'n_clusters': 6, 'init': 'random', 'algorithm': 'elkan', 'random_state': 6066}",0.1806033046222567,667.0781949281619,1.6407128739164911
BisectingKMeans,"{'n_clusters': 7, 'init': 'k-means++', 'algorithm': 'lloyd', 'random_state': 42}",0.17912520009301333,674.4994837266593,1.4234616523126455
BisectingKMeans,"{'n_clusters': 7, 'init': 'k-means++', 'algorithm': 'lloyd', 'random_state': 123}",0.17620680210592846,640.9043083134337,1.553276234272252
BisectingKMeans,"{'n_clusters': 7, 'init': 'k-means++', 'algorithm': 'lloyd', 'random_state': 456}",0.1670702313208276,650.9838632736353,1.5339528034834662
BisectingKMeans,"{'n_clusters': 7, 'init': 'k-means++', 'algorithm': 'lloyd', 'random_state': 789}",0.18604246416215459,605.2963676281429,1.6651532294196283
BisectingKMeans,"{'n_clusters': 7, 'init': 'k-means++', 'algorithm': 'lloyd', 'random_state': 1011}",0.17839919857424344,637.6776993951956,1.5805677188579066
BisectingKMeans,"{'n_clusters': 7, 'init': 'k-means++', 'algorithm': 'lloyd', 'random_state': 2022}",0.1760761648079677,641.4056510969541,1.5397031597621156
BisectingKMeans,"{'n_clusters': 7, 'init': 'k-means++', 'algorithm': 'lloyd', 'random_state': 3033}",0.17812826912025886,618.3593674177445,1.553992699815653
BisectingKMeans,"{'n_clusters': 7, 'init': 'k-means++', 'algorithm': 'lloyd', 'random_state': 4044}",0.1693580222190473,604.8064119856818,1.7231695076968978
BisectingKMeans,"{'n_clusters': 7, 'init': 'k-means++', 'algorithm': 'lloyd', 'random_state': 5055}",0.18145080346272882,659.3093446932594,1.4747498866101014
BisectingKMeans,"{'n_clusters': 7, 'init': 'k-means++', 'algorithm': 'lloyd', 'random_state': 6066}",0.19224561399738804,571.8991339116707,1.728090434149308
BisectingKMeans,"{'n_clusters': 7, 'init': 'k-means++', 'algorithm': 'elkan', 'random_state': 42}",0.17912520009301333,674.4994837266593,1.4234616523126455
BisectingKMeans,"{'n_clusters': 7, 'init': 'k-means++', 'algorithm': 'elkan', 'random_state': 123}",0.17620680210592846,640.9043083134337,1.553276234272252
BisectingKMeans,"{'n_clusters': 7, 'init': 'k-means++', 'algorithm': 'elkan', 'random_state': 456}",0.1670702313208276,650.9838632736353,1.5339528034834662
BisectingKMeans,"{'n_clusters': 7, 'init': 'k-means++', 'algorithm': 'elkan', 'random_state': 789}",0.18604246416215459,605.2963676281429,1.6651532294196283
BisectingKMeans,"{'n_clusters': 7, 'init': 'k-means++', 'algorithm': 'elkan', 'random_state': 1011}",0.17839919857424344,637.6776993951956,1.5805677188579066
BisectingKMeans,"{'n_clusters': 7, 'init': 'k-means++', 'algorithm': 'elkan', 'random_state': 2022}",0.1760761648079677,641.4056510969541,1.5397031597621156
BisectingKMeans,"{'n_clusters': 7, 'init': 'k-means++', 'algorithm': 'elkan', 'random_state': 3033}",0.17812826912025886,618.3593674177445,1.553992699815653
BisectingKMeans,"{'n_clusters': 7, 'init': 'k-means++', 'algorithm': 'elkan', 'random_state': 4044}",0.1693580222190473,604.8064119856818,1.7231695076968978
BisectingKMeans,"{'n_clusters': 7, 'init': 'k-means++', 'algorithm': 'elkan', 'random_state': 5055}",0.18145080346272882,659.3093446932594,1.4747498866101014
BisectingKMeans,"{'n_clusters': 7, 'init': 'k-means++', 'algorithm': 'elkan', 'random_state': 6066}",0.19224561399738804,571.8991339116707,1.728090434149308
BisectingKMeans,"{'n_clusters': 7, 'init': 'random', 'algorithm': 'lloyd', 'random_state': 42}",0.18233713796753487,643.7632255221268,1.4507763011990134
BisectingKMeans,"{'n_clusters': 7, 'init': 'random', 'algorithm': 'lloyd', 'random_state': 123}",0.1750856469755956,635.5077880776139,1.6026767616250788
BisectingKMeans,"{'n_clusters': 7, 'init': 'random', 'algorithm': 'lloyd', 'random_state': 456}",0.18241463737766583,565.6846480162104,1.5956357510259005
BisectingKMeans,"{'n_clusters': 7, 'init': 'random', 'algorithm': 'lloyd', 'random_state': 789}",0.17502234379306988,633.4547839540418,1.5624017463659754
BisectingKMeans,"{'n_clusters': 7, 'init': 'random', 'algorithm': 'lloyd', 'random_state': 1011}",0.17470054691548154,651.3917842264984,1.5913581904339555
BisectingKMeans,"{'n_clusters': 7, 'init': 'random', 'algorithm': 'lloyd', 'random_state': 2022}",0.1751732672475929,636.1313553219937,1.5894309172536596
BisectingKMeans,"{'n_clusters': 7, 'init': 'random', 'algorithm': 'lloyd', 'random_state': 3033}",0.18191768034557812,637.250085603136,1.459023868925408
BisectingKMeans,"{'n_clusters': 7, 'init': 'random', 'algorithm': 'lloyd', 'random_state': 4044}",0.18066375688797573,593.3592353589464,1.5853742551791468
BisectingKMeans,"{'n_clusters': 7, 'init': 'random', 'algorithm': 'lloyd', 'random_state': 5055}",0.18214069365214755,637.3614078191519,1.458879277910913
BisectingKMeans,"{'n_clusters': 7, 'init': 'random', 'algorithm': 'lloyd', 'random_state': 6066}",0.11154509145889678,588.5991816622716,1.8160085391813219
BisectingKMeans,"{'n_clusters': 7, 'init': 'random', 'algorithm': 'elkan', 'random_state': 42}",0.18233713796753487,643.7632255221268,1.4507763011990134
BisectingKMeans,"{'n_clusters': 7, 'init': 'random', 'algorithm': 'elkan', 'random_state': 123}",0.1750856469755956,635.5077880776139,1.6026767616250788
BisectingKMeans,"{'n_clusters': 7, 'init': 'random', 'algorithm': 'elkan', 'random_state': 456}",0.18241463737766583,565.6846480162104,1.5956357510259005
BisectingKMeans,"{'n_clusters': 7, 'init': 'random', 'algorithm': 'elkan', 'random_state': 789}",0.17502234379306988,633.4547839540418,1.5624017463659754
BisectingKMeans,"{'n_clusters': 7, 'init': 'random', 'algorithm': 'elkan', 'random_state': 1011}",0.17470054691548154,651.3917842264984,1.5913581904339555
BisectingKMeans,"{'n_clusters': 7, 'init': 'random', 'algorithm': 'elkan', 'random_state': 2022}",0.1751732672475929,636.1313553219937,1.5894309172536596
BisectingKMeans,"{'n_clusters': 7, 'init': 'random', 'algorithm': 'elkan', 'random_state': 3033}",0.18191768034557812,637.250085603136,1.459023868925408
BisectingKMeans,"{'n_clusters': 7, 'init': 'random', 'algorithm': 'elkan', 'random_state': 4044}",0.18066375688797573,593.3592353589464,1.5853742551791468
BisectingKMeans,"{'n_clusters': 7, 'init': 'random', 'algorithm': 'elkan', 'random_state': 5055}",0.18214069365214755,637.3614078191519,1.458879277910913
BisectingKMeans,"{'n_clusters': 7, 'init': 'random', 'algorithm': 'elkan', 'random_state': 6066}",0.11154509145889678,588.5991816622716,1.8160085391813219
BisectingKMeans,"{'n_clusters': 8, 'init': 'k-means++', 'algorithm': 'lloyd', 'random_state': 42}",0.1864559143975987,622.9692332438502,1.5056984869276153
BisectingKMeans,"{'n_clusters': 8, 'init': 'k-means++', 'algorithm': 'lloyd', 'random_state': 123}",0.18639286842191558,607.0227740329725,1.5738749948333766
BisectingKMeans,"{'n_clusters': 8, 'init': 'k-means++', 'algorithm': 'lloyd', 'random_state': 456}",0.18158544588943212,619.5541840825788,1.5715020847802266
BisectingKMeans,"{'n_clusters': 8, 'init': 'k-means++', 'algorithm': 'lloyd', 'random_state': 789}",0.1260758140762803,549.9370388596385,1.8028533276106307
BisectingKMeans,"{'n_clusters': 8, 'init': 'k-means++', 'algorithm': 'lloyd', 'random_state': 1011}",0.18604998123583755,588.4311821672105,1.6560580707091226
BisectingKMeans,"{'n_clusters': 8, 'init': 'k-means++', 'algorithm': 'lloyd', 'random_state': 2022}",0.1802709355750048,588.7831492775025,1.6594071330154552
BisectingKMeans,"{'n_clusters': 8, 'init': 'k-means++', 'algorithm': 'lloyd', 'random_state': 3033}",0.1488426186235097,555.5034059519472,1.5598223339068138
BisectingKMeans,"{'n_clusters': 8, 'init': 'k-means++', 'algorithm': 'lloyd', 'random_state': 4044}",0.1667280054200762,554.267501745666,1.7275559888508607
BisectingKMeans,"{'n_clusters': 8, 'init': 'k-means++', 'algorithm': 'lloyd', 'random_state': 5055}",0.18976170658005626,611.1115334309243,1.5176762642090929
BisectingKMeans,"{'n_clusters': 8, 'init': 'k-means++', 'algorithm': 'lloyd', 'random_state': 6066}",0.1665466731859317,561.2552951177217,1.694570846137695
BisectingKMeans,"{'n_clusters': 8, 'init': 'k-means++', 'algorithm': 'elkan', 'random_state': 42}",0.1864559143975987,622.9692332438502,1.5056984869276153
BisectingKMeans,"{'n_clusters': 8, 'init': 'k-means++', 'algorithm': 'elkan', 'random_state': 123}",0.18639286842191558,607.0227740329725,1.5738749948333766
BisectingKMeans,"{'n_clusters': 8, 'init': 'k-means++', 'algorithm': 'elkan', 'random_state': 456}",0.18158544588943212,619.5541840825788,1.5715020847802266
BisectingKMeans,"{'n_clusters': 8, 'init': 'k-means++', 'algorithm': 'elkan', 'random_state': 789}",0.1260758140762803,549.9370388596385,1.8028533276106307
BisectingKMeans,"{'n_clusters': 8, 'init': 'k-means++', 'algorithm': 'elkan', 'random_state': 1011}",0.18604998123583755,588.4311821672105,1.6560580707091226
BisectingKMeans,"{'n_clusters': 8, 'init': 'k-means++', 'algorithm': 'elkan', 'random_state': 2022}",0.1802709355750048,588.7831492775025,1.6594071330154552
BisectingKMeans,"{'n_clusters': 8, 'init': 'k-means++', 'algorithm': 'elkan', 'random_state': 3033}",0.1488426186235097,555.5034059519472,1.5598223339068138
BisectingKMeans,"{'n_clusters': 8, 'init': 'k-means++', 'algorithm': 'elkan', 'random_state': 4044}",0.1667280054200762,554.267501745666,1.7275559888508607
BisectingKMeans,"{'n_clusters': 8, 'init': 'k-means++', 'algorithm': 'elkan', 'random_state': 5055}",0.18976170658005626,611.1115334309243,1.5176762642090929
BisectingKMeans,"{'n_clusters': 8, 'init': 'k-means++', 'algorithm': 'elkan', 'random_state': 6066}",0.1665466731859317,561.2552951177217,1.694570846137695
BisectingKMeans,"{'n_clusters': 8, 'init': 'random', 'algorithm': 'lloyd', 'random_state': 42}",0.18493799479484363,591.0348309000774,1.5924519817247274
BisectingKMeans,"{'n_clusters': 8, 'init': 'random', 'algorithm': 'lloyd', 'random_state': 123}",0.1724136944832877,581.0547101487307,1.6765391218337309
BisectingKMeans,"{'n_clusters': 8, 'init': 'random', 'algorithm': 'lloyd', 'random_state': 456}",0.11794197991384282,514.0958618550659,1.7374162431351619
BisectingKMeans,"{'n_clusters': 8, 'init': 'random', 'algorithm': 'lloyd', 'random_state': 789}",0.17912860914621803,581.4907885991545,1.678986237821924
BisectingKMeans,"{'n_clusters': 8, 'init': 'random', 'algorithm': 'lloyd', 'random_state': 1011}",0.1715843837494303,594.5784881599687,1.6195890158914925
BisectingKMeans,"{'n_clusters': 8, 'init': 'random', 'algorithm': 'lloyd', 'random_state': 2022}",0.17206928954206757,581.6295881536419,1.6649098266664435
BisectingKMeans,"{'n_clusters': 8, 'init': 'random', 'algorithm': 'lloyd', 'random_state': 3033}",0.1914348587654325,604.0604443028606,1.4867933663714492
BisectingKMeans,"{'n_clusters': 8, 'init': 'random', 'algorithm': 'lloyd', 'random_state': 4044}",0.17132328795829624,585.9064948081333,1.5931813508140402
BisectingKMeans,"{'n_clusters': 8, 'init': 'random', 'algorithm': 'lloyd', 'random_state': 5055}",0.19164115694436354,604.1240365386999,1.4857883925087654
BisectingKMeans,"{'n_clusters': 8, 'init': 'random', 'algorithm': 'lloyd', 'random_state': 6066}",0.12488589785058668,557.1324135053048,1.7536183648786743
BisectingKMeans,"{'n_clusters': 8, 'init': 'random', 'algorithm': 'elkan', 'random_state': 42}",0.18493799479484363,591.0348309000774,1.5924519817247274
BisectingKMeans,"{'n_clusters': 8, 'init': 'random', 'algorithm': 'elkan', 'random_state': 123}",0.1724136944832877,581.0547101487307,1.6765391218337309
BisectingKMeans,"{'n_clusters': 8, 'init': 'random', 'algorithm': 'elkan', 'random_state': 456}",0.11794197991384282,514.0958618550659,1.7374162431351619
BisectingKMeans,"{'n_clusters': 8, 'init': 'random', 'algorithm': 'elkan', 'random_state': 789}",0.17912860914621803,581.4907885991545,1.678986237821924
BisectingKMeans,"{'n_clusters': 8, 'init': 'random', 'algorithm': 'elkan', 'random_state': 1011}",0.1715843837494303,594.5784881599687,1.6195890158914925
BisectingKMeans,"{'n_clusters': 8, 'init': 'random', 'algorithm': 'elkan', 'random_state': 2022}",0.17206928954206757,581.6295881536419,1.6649098266664435
BisectingKMeans,"{'n_clusters': 8, 'init': 'random', 'algorithm': 'elkan', 'random_state': 3033}",0.1914348587654325,604.0604443028606,1.4867933663714492
BisectingKMeans,"{'n_clusters': 8, 'init': 'random', 'algorithm': 'elkan', 'random_state': 4044}",0.17132328795829624,585.9064948081333,1.5931813508140402
BisectingKMeans,"{'n_clusters': 8, 'init': 'random', 'algorithm': 'elkan', 'random_state': 5055}",0.19164115694436354,604.1240365386999,1.4857883925087654
BisectingKMeans,"{'n_clusters': 8, 'init': 'random', 'algorithm': 'elkan', 'random_state': 6066}",0.12488589785058668,557.1324135053048,1.7536183648786743
BisectingKMeans,"{'n_clusters': 9, 'init': 'k-means++', 'algorithm': 'lloyd', 'random_state': 42}",0.1958167102108183,589.3123933433588,1.551282908498504
BisectingKMeans,"{'n_clusters': 9, 'init': 'k-means++', 'algorithm': 'lloyd', 'random_state': 123}",0.1424476784921213,559.6079693514722,1.717018788647217
BisectingKMeans,"{'n_clusters': 9, 'init': 'k-means++', 'algorithm': 'lloyd', 'random_state': 456}",0.1898456828365056,584.8176028158558,1.6389392063798207
BisectingKMeans,"{'n_clusters': 9, 'init': 'k-means++', 'algorithm': 'lloyd', 'random_state': 789}",0.1488049497498437,542.4195952909143,1.7406515852430604
BisectingKMeans,"{'n_clusters': 9, 'init': 'k-means++', 'algorithm': 'lloyd', 'random_state': 1011}",0.1311142988603179,542.6492986738662,1.750977321785018
BisectingKMeans,"{'n_clusters': 9, 'init': 'k-means++', 'algorithm': 'lloyd', 'random_state': 2022}",0.13641789048536881,542.5245193210864,1.7966886517990848
BisectingKMeans,"{'n_clusters': 9, 'init': 'k-means++', 'algorithm': 'lloyd', 'random_state': 3033}",0.11963068914296267,513.1317939411754,1.6878513256238974
BisectingKMeans,"{'n_clusters': 9, 'init': 'k-means++', 'algorithm': 'lloyd', 'random_state': 4044}",0.1211799829931681,508.08130324171253,1.8423392702671408
BisectingKMeans,"{'n_clusters': 9, 'init': 'k-means++', 'algorithm': 'lloyd', 'random_state': 5055}",0.18675998476484246,571.514269321656,1.5354718911749754
BisectingKMeans,"{'n_clusters': 9, 'init': 'k-means++', 'algorithm': 'lloyd', 'random_state': 6066}",0.16896083340938742,524.1545857228267,1.7363423662654882
BisectingKMeans,"{'n_clusters': 9, 'init': 'k-means++', 'algorithm': 'elkan', 'random_state': 42}",0.1958167102108183,589.3123933433588,1.551282908498504
BisectingKMeans,"{'n_clusters': 9, 'init': 'k-means++', 'algorithm': 'elkan', 'random_state': 123}",0.1424476784921213,559.6079693514722,1.717018788647217
BisectingKMeans,"{'n_clusters': 9, 'init': 'k-means++', 'algorithm': 'elkan', 'random_state': 456}",0.1898456828365056,584.8176028158558,1.6389392063798207
BisectingKMeans,"{'n_clusters': 9, 'init': 'k-means++', 'algorithm': 'elkan', 'random_state': 789}",0.1488049497498437,542.4195952909143,1.7406515852430604
BisectingKMeans,"{'n_clusters': 9, 'init': 'k-means++', 'algorithm': 'elkan', 'random_state': 1011}",0.1311142988603179,542.6492986738662,1.750977321785018
BisectingKMeans,"{'n_clusters': 9, 'init': 'k-means++', 'algorithm': 'elkan', 'random_state': 2022}",0.13641789048536881,542.5245193210864,1.7966886517990848
BisectingKMeans,"{'n_clusters': 9, 'init': 'k-means++', 'algorithm': 'elkan', 'random_state': 3033}",0.11963068914296267,513.1317939411754,1.6878513256238974
BisectingKMeans,"{'n_clusters': 9, 'init': 'k-means++', 'algorithm': 'elkan', 'random_state': 4044}",0.1211799829931681,508.08130324171253,1.8423392702671408
BisectingKMeans,"{'n_clusters': 9, 'init': 'k-means++', 'algorithm': 'elkan', 'random_state': 5055}",0.18675998476484246,571.514269321656,1.5354718911749754
BisectingKMeans,"{'n_clusters': 9, 'init': 'k-means++', 'algorithm': 'elkan', 'random_state': 6066}",0.16896083340938742,524.1545857228267,1.7363423662654882
BisectingKMeans,"{'n_clusters': 9, 'init': 'random', 'algorithm': 'lloyd', 'random_state': 42}",0.14115899030170287,544.5751881666516,1.7350706487284662
BisectingKMeans,"{'n_clusters': 9, 'init': 'random', 'algorithm': 'lloyd', 'random_state': 123}",0.1317334694014267,532.8797730741763,1.8079022823962871
BisectingKMeans,"{'n_clusters': 9, 'init': 'random', 'algorithm': 'lloyd', 'random_state': 456}",0.14346352587100666,512.5790593429673,1.7127880323744153
BisectingKMeans,"{'n_clusters': 9, 'init': 'random', 'algorithm': 'lloyd', 'random_state': 789}",0.13642940379042476,536.0884661911924,1.8179097196068474
BisectingKMeans,"{'n_clusters': 9, 'init': 'random', 'algorithm': 'lloyd', 'random_state': 1011}",0.13274303530929607,544.7960364615091,1.751804331882127
BisectingKMeans,"{'n_clusters': 9, 'init': 'random', 'algorithm': 'lloyd', 'random_state': 2022}",0.13151047076806688,533.4122265411464,1.7969412286352306
BisectingKMeans,"{'n_clusters': 9, 'init': 'random', 'algorithm': 'lloyd', 'random_state': 3033}",0.14920361011046734,557.2191972716278,1.6439029852014655
BisectingKMeans,"{'n_clusters': 9, 'init': 'random', 'algorithm': 'lloyd', 'random_state': 4044}",0.17293609059133197,549.1163123671491,1.6608147394252641
BisectingKMeans,"{'n_clusters': 9, 'init': 'random', 'algorithm': 'lloyd', 'random_state': 5055}",0.14893163911386867,557.3577080965656,1.646267223939967
BisectingKMeans,"{'n_clusters': 9, 'init': 'random', 'algorithm': 'lloyd', 'random_state': 6066}",0.14989838171638503,549.9790142694155,1.71404876138359
BisectingKMeans,"{'n_clusters': 9, 'init': 'random', 'algorithm': 'elkan', 'random_state': 42}",0.14115899030170287,544.5751881666516,1.7350706487284662
BisectingKMeans,"{'n_clusters': 9, 'init': 'random', 'algorithm': 'elkan', 'random_state': 123}",0.1317334694014267,532.8797730741763,1.8079022823962871
BisectingKMeans,"{'n_clusters': 9, 'init': 'random', 'algorithm': 'elkan', 'random_state': 456}",0.14346352587100666,512.5790593429673,1.7127880323744153
BisectingKMeans,"{'n_clusters': 9, 'init': 'random', 'algorithm': 'elkan', 'random_state': 789}",0.13642940379042476,536.0884661911924,1.8179097196068474
BisectingKMeans,"{'n_clusters': 9, 'init': 'random', 'algorithm': 'elkan', 'random_state': 1011}",0.13274303530929607,544.7960364615091,1.751804331882127
BisectingKMeans,"{'n_clusters': 9, 'init': 'random', 'algorithm': 'elkan', 'random_state': 2022}",0.13151047076806688,533.4122265411464,1.7969412286352306
BisectingKMeans,"{'n_clusters': 9, 'init': 'random', 'algorithm': 'elkan', 'random_state': 3033}",0.14920361011046734,557.2191972716278,1.6439029852014655
BisectingKMeans,"{'n_clusters': 9, 'init': 'random', 'algorithm': 'elkan', 'random_state': 4044}",0.17293609059133197,549.1163123671491,1.6608147394252641
BisectingKMeans,"{'n_clusters': 9, 'init': 'random', 'algorithm': 'elkan', 'random_state': 5055}",0.14893163911386867,557.3577080965656,1.646267223939967
BisectingKMeans,"{'n_clusters': 9, 'init': 'random', 'algorithm': 'elkan', 'random_state': 6066}",0.14989838171638503,549.9790142694155,1.71404876138359
BisectingKMeans,"{'n_clusters': 10, 'init': 'k-means++', 'algorithm': 'lloyd', 'random_state': 42}",0.19963125449441382,565.8576464089693,1.6140056049662035
BisectingKMeans,"{'n_clusters': 10, 'init': 'k-means++', 'algorithm': 'lloyd', 'random_state': 123}",0.1450634366241011,529.5857159425261,1.6905773671099749
BisectingKMeans,"{'n_clusters': 10, 'init': 'k-means++', 'algorithm': 'lloyd', 'random_state': 456}",0.1871860528901243,551.2575118828573,1.6634802917479248
BisectingKMeans,"{'n_clusters': 10, 'init': 'k-means++', 'algorithm': 'lloyd', 'random_state': 789}",0.15406380348255264,519.7311080327559,1.7772728592706328
BisectingKMeans,"{'n_clusters': 10, 'init': 'k-means++', 'algorithm': 'lloyd', 'random_state': 1011}",0.15182080485319865,536.5778241734918,1.7092183516411823
BisectingKMeans,"{'n_clusters': 10, 'init': 'k-means++', 'algorithm': 'lloyd', 'random_state': 2022}",0.13913086862782095,513.9087241757107,1.7949028327966103
BisectingKMeans,"{'n_clusters': 10, 'init': 'k-means++', 'algorithm': 'lloyd', 'random_state': 3033}",0.13250335554249248,492.17966334723013,1.6766827299460014
BisectingKMeans,"{'n_clusters': 10, 'init': 'k-means++', 'algorithm': 'lloyd', 'random_state': 4044}",0.13173152751628472,502.5670710446324,1.8145061246372578
BisectingKMeans,"{'n_clusters': 10, 'init': 'k-means++', 'algorithm': 'lloyd', 'random_state': 5055}",0.14887136254245542,532.1824533173765,1.6605125350241934
BisectingKMeans,"{'n_clusters': 10, 'init': 'k-means++', 'algorithm': 'lloyd', 'random_state': 6066}",0.17980512746623345,517.2820085857777,1.6761334130887693
BisectingKMeans,"{'n_clusters': 10, 'init': 'k-means++', 'algorithm': 'elkan', 'random_state': 42}",0.19963125449441382,565.8576464089693,1.6140056049662035
BisectingKMeans,"{'n_clusters': 10, 'init': 'k-means++', 'algorithm': 'elkan', 'random_state': 123}",0.1450634366241011,529.5857159425261,1.6905773671099749
BisectingKMeans,"{'n_clusters': 10, 'init': 'k-means++', 'algorithm': 'elkan', 'random_state': 456}",0.1871860528901243,551.2575118828573,1.6634802917479248
BisectingKMeans,"{'n_clusters': 10, 'init': 'k-means++', 'algorithm': 'elkan', 'random_state': 789}",0.15406380348255264,519.7311080327559,1.7772728592706328
BisectingKMeans,"{'n_clusters': 10, 'init': 'k-means++', 'algorithm': 'elkan', 'random_state': 1011}",0.15182080485319865,536.5778241734918,1.7092183516411823
BisectingKMeans,"{'n_clusters': 10, 'init': 'k-means++', 'algorithm': 'elkan', 'random_state': 2022}",0.13913086862782095,513.9087241757107,1.7949028327966103
BisectingKMeans,"{'n_clusters': 10, 'init': 'k-means++', 'algorithm': 'elkan', 'random_state': 3033}",0.13250335554249248,492.17966334723013,1.6766827299460014
BisectingKMeans,"{'n_clusters': 10, 'init': 'k-means++', 'algorithm': 'elkan', 'random_state': 4044}",0.13173152751628472,502.5670710446324,1.8145061246372578
BisectingKMeans,"{'n_clusters': 10, 'init': 'k-means++', 'algorithm': 'elkan', 'random_state': 5055}",0.14887136254245542,532.1824533173765,1.6605125350241934
BisectingKMeans,"{'n_clusters': 10, 'init': 'k-means++', 'algorithm': 'elkan', 'random_state': 6066}",0.17980512746623345,517.2820085857777,1.6761334130887693
BisectingKMeans,"{'n_clusters': 10, 'init': 'random', 'algorithm': 'lloyd', 'random_state': 42}",0.14681241031878223,522.9389886363648,1.7767748253079794
BisectingKMeans,"{'n_clusters': 10, 'init': 'random', 'algorithm': 'lloyd', 'random_state': 123}",0.14168083960610167,509.5489017214368,1.7969083197830424
BisectingKMeans,"{'n_clusters': 10, 'init': 'random', 'algorithm': 'lloyd', 'random_state': 456}",0.1553784297885926,506.9004106589424,1.6584649675425045
BisectingKMeans,"{'n_clusters': 10, 'init': 'random', 'algorithm': 'lloyd', 'random_state': 789}",0.1393773322324482,506.98757468338755,1.7798009159123693
BisectingKMeans,"{'n_clusters': 10, 'init': 'random', 'algorithm': 'lloyd', 'random_state': 1011}",0.14391606670551296,523.6099390402153,1.749133885349676
BisectingKMeans,"{'n_clusters': 10, 'init': 'random', 'algorithm': 'lloyd', 'random_state': 2022}",0.14137540735360188,510.0618796077076,1.787698953665521
BisectingKMeans,"{'n_clusters': 10, 'init': 'random', 'algorithm': 'lloyd', 'random_state': 3033}",0.15450780751017826,535.6305596977031,1.6928271524739054
BisectingKMeans,"{'n_clusters': 10, 'init': 'random', 'algorithm': 'lloyd', 'random_state': 4044}",0.18314653746534418,525.7798653064942,1.6776538642196996
BisectingKMeans,"{'n_clusters': 10, 'init': 'random', 'algorithm': 'lloyd', 'random_state': 5055}",0.1536137025317537,535.6733227828144,1.7056758166369073
BisectingKMeans,"{'n_clusters': 10, 'init': 'random', 'algorithm': 'lloyd', 'random_state': 6066}",0.15261076646960997,520.328203638397,1.688898747817999
BisectingKMeans,"{'n_clusters': 10, 'init': 'random', 'algorithm': 'elkan', 'random_state': 42}",0.14681241031878223,522.9389886363648,1.7767748253079794
BisectingKMeans,"{'n_clusters': 10, 'init': 'random', 'algorithm': 'elkan', 'random_state': 123}",0.14168083960610167,509.5489017214368,1.7969083197830424
BisectingKMeans,"{'n_clusters': 10, 'init': 'random', 'algorithm': 'elkan', 'random_state': 456}",0.1553784297885926,506.9004106589424,1.6584649675425045
BisectingKMeans,"{'n_clusters': 10, 'init': 'random', 'algorithm': 'elkan', 'random_state': 789}",0.1393773322324482,506.98757468338755,1.7798009159123693
BisectingKMeans,"{'n_clusters': 10, 'init': 'random', 'algorithm': 'elkan', 'random_state': 1011}",0.14391606670551296,523.6099390402153,1.749133885349676
BisectingKMeans,"{'n_clusters': 10, 'init': 'random', 'algorithm': 'elkan', 'random_state': 2022}",0.14137540735360188,510.0618796077076,1.787698953665521
BisectingKMeans,"{'n_clusters': 10, 'init': 'random', 'algorithm': 'elkan', 'random_state': 3033}",0.15450780751017826,535.6305596977031,1.6928271524739054
BisectingKMeans,"{'n_clusters': 10, 'init': 'random', 'algorithm': 'elkan', 'random_state': 4044}",0.18314653746534418,525.7798653064942,1.6776538642196996
BisectingKMeans,"{'n_clusters': 10, 'init': 'random', 'algorithm': 'elkan', 'random_state': 5055}",0.1536137025317537,535.6733227828144,1.7056758166369073
BisectingKMeans,"{'n_clusters': 10, 'init': 'random', 'algorithm': 'elkan', 'random_state': 6066}",0.15261076646960997,520.328203638397,1.688898747817999
BisectingKMeans,"{'n_clusters': 11, 'init': 'k-means++', 'algorithm': 'lloyd', 'random_state': 42}",0.1977712882139594,542.8969514114607,1.625464205936992
BisectingKMeans,"{'n_clusters': 11, 'init': 'k-means++', 'algorithm': 'lloyd', 'random_state': 123}",0.1467566909900582,501.4019428412492,1.720798879302413
BisectingKMeans,"{'n_clusters': 11, 'init': 'k-means++', 'algorithm': 'lloyd', 'random_state': 456}",0.1488576726962636,519.6548487357911,1.7462626556272973
BisectingKMeans,"{'n_clusters': 11, 'init': 'k-means++', 'algorithm': 'lloyd', 'random_state': 789}",0.15653346913663876,492.64023742384234,1.80928241613381
BisectingKMeans,"{'n_clusters': 11, 'init': 'k-means++', 'algorithm': 'lloyd', 'random_state': 1011}",0.15518895513781875,511.93955838367265,1.716427578123664
BisectingKMeans,"{'n_clusters': 11, 'init': 'k-means++', 'algorithm': 'lloyd', 'random_state': 2022}",0.14200746885099017,486.992091342896,1.820336758005058
BisectingKMeans,"{'n_clusters': 11, 'init': 'k-means++', 'algorithm': 'lloyd', 'random_state': 3033}",0.1437966385672202,481.485493858336,1.701041623606853
BisectingKMeans,"{'n_clusters': 11, 'init': 'k-means++', 'algorithm': 'lloyd', 'random_state': 4044}",0.13846670191151686,481.4216756075263,1.8170579231846553
BisectingKMeans,"{'n_clusters': 11, 'init': 'k-means++', 'algorithm': 'lloyd', 'random_state': 5055}",0.15473430764960838,516.6352334386542,1.662863782066205
BisectingKMeans,"{'n_clusters': 11, 'init': 'k-means++', 'algorithm': 'lloyd', 'random_state': 6066}",0.13599038106154168,486.55539849984405,1.7571906492799678
BisectingKMeans,"{'n_clusters': 11, 'init': 'k-means++', 'algorithm': 'elkan', 'random_state': 42}",0.1977712882139594,542.8969514114607,1.625464205936992
BisectingKMeans,"{'n_clusters': 11, 'init': 'k-means++', 'algorithm': 'elkan', 'random_state': 123}",0.1467566909900582,501.4019428412492,1.720798879302413
BisectingKMeans,"{'n_clusters': 11, 'init': 'k-means++', 'algorithm': 'elkan', 'random_state': 456}",0.1488576726962636,519.6548487357911,1.7462626556272973
BisectingKMeans,"{'n_clusters': 11, 'init': 'k-means++', 'algorithm': 'elkan', 'random_state': 789}",0.15653346913663876,492.64023742384234,1.80928241613381
BisectingKMeans,"{'n_clusters': 11, 'init': 'k-means++', 'algorithm': 'elkan', 'random_state': 1011}",0.15518895513781875,511.93955838367265,1.716427578123664
BisectingKMeans,"{'n_clusters': 11, 'init': 'k-means++', 'algorithm': 'elkan', 'random_state': 2022}",0.14200746885099017,486.992091342896,1.820336758005058
BisectingKMeans,"{'n_clusters': 11, 'init': 'k-means++', 'algorithm': 'elkan', 'random_state': 3033}",0.1437966385672202,481.485493858336,1.701041623606853
BisectingKMeans,"{'n_clusters': 11, 'init': 'k-means++', 'algorithm': 'elkan', 'random_state': 4044}",0.13846670191151686,481.4216756075263,1.8170579231846553
BisectingKMeans,"{'n_clusters': 11, 'init': 'k-means++', 'algorithm': 'elkan', 'random_state': 5055}",0.15473430764960838,516.6352334386542,1.662863782066205
BisectingKMeans,"{'n_clusters': 11, 'init': 'k-means++', 'algorithm': 'elkan', 'random_state': 6066}",0.13599038106154168,486.55539849984405,1.7571906492799678
BisectingKMeans,"{'n_clusters': 11, 'init': 'random', 'algorithm': 'lloyd', 'random_state': 42}",0.14928190401048386,495.6417106109472,1.8086297426777505
BisectingKMeans,"{'n_clusters': 11, 'init': 'random', 'algorithm': 'lloyd', 'random_state': 123}",0.14471099901137308,488.44021306914806,1.764173170953863
BisectingKMeans,"{'n_clusters': 11, 'init': 'random', 'algorithm': 'lloyd', 'random_state': 456}",0.16018246381648032,493.30769028753144,1.7175576305193594
BisectingKMeans,"{'n_clusters': 11, 'init': 'random', 'algorithm': 'lloyd', 'random_state': 789}",0.14158976074403887,478.67097184811075,1.8086204287976728
BisectingKMeans,"{'n_clusters': 11, 'init': 'random', 'algorithm': 'lloyd', 'random_state': 1011}",0.14622852638902917,496.8288116122456,1.8003157905672054
BisectingKMeans,"{'n_clusters': 11, 'init': 'random', 'algorithm': 'lloyd', 'random_state': 2022}",0.14539537963649574,490.61870639185497,1.7549491266140358
BisectingKMeans,"{'n_clusters': 11, 'init': 'random', 'algorithm': 'lloyd', 'random_state': 3033}",0.15503481382659712,507.85266402426834,1.7236266162772471
BisectingKMeans,"{'n_clusters': 11, 'init': 'random', 'algorithm': 'lloyd', 'random_state': 4044}",0.18646675758465783,505.8768189872248,1.692673770971612
BisectingKMeans,"{'n_clusters': 11, 'init': 'random', 'algorithm': 'lloyd', 'random_state': 5055}",0.15438611985675205,507.7802465058688,1.7316337605719938
BisectingKMeans,"{'n_clusters': 11, 'init': 'random', 'algorithm': 'lloyd', 'random_state': 6066}",0.15193934905363563,493.02163453097637,1.7019040118823225
BisectingKMeans,"{'n_clusters': 11, 'init': 'random', 'algorithm': 'elkan', 'random_state': 42}",0.14928190401048386,495.6417106109472,1.8086297426777505
BisectingKMeans,"{'n_clusters': 11, 'init': 'random', 'algorithm': 'elkan', 'random_state': 123}",0.14471099901137308,488.44021306914806,1.764173170953863
BisectingKMeans,"{'n_clusters': 11, 'init': 'random', 'algorithm': 'elkan', 'random_state': 456}",0.16018246381648032,493.30769028753144,1.7175576305193594
BisectingKMeans,"{'n_clusters': 11, 'init': 'random', 'algorithm': 'elkan', 'random_state': 789}",0.14158976074403887,478.67097184811075,1.8086204287976728
BisectingKMeans,"{'n_clusters': 11, 'init': 'random', 'algorithm': 'elkan', 'random_state': 1011}",0.14622852638902917,496.8288116122456,1.8003157905672054
BisectingKMeans,"{'n_clusters': 11, 'init': 'random', 'algorithm': 'elkan', 'random_state': 2022}",0.14539537963649574,490.61870639185497,1.7549491266140358
BisectingKMeans,"{'n_clusters': 11, 'init': 'random', 'algorithm': 'elkan', 'random_state': 3033}",0.15503481382659712,507.85266402426834,1.7236266162772471
BisectingKMeans,"{'n_clusters': 11, 'init': 'random', 'algorithm': 'elkan', 'random_state': 4044}",0.18646675758465783,505.8768189872248,1.692673770971612
BisectingKMeans,"{'n_clusters': 11, 'init': 'random', 'algorithm': 'elkan', 'random_state': 5055}",0.15438611985675205,507.7802465058688,1.7316337605719938
BisectingKMeans,"{'n_clusters': 11, 'init': 'random', 'algorithm': 'elkan', 'random_state': 6066}",0.15193934905363563,493.02163453097637,1.7019040118823225
BisectingKMeans,"{'n_clusters': 12, 'init': 'k-means++', 'algorithm': 'lloyd', 'random_state': 42}",0.15735405879748238,516.5293056084355,1.703605692107404
BisectingKMeans,"{'n_clusters': 12, 'init': 'k-means++', 'algorithm': 'lloyd', 'random_state': 123}",0.15041818579604058,480.5360249770941,1.7540865556526637
BisectingKMeans,"{'n_clusters': 12, 'init': 'k-means++', 'algorithm': 'lloyd', 'random_state': 456}",0.1525154578399781,504.38770421340394,1.7204759078801946
BisectingKMeans,"{'n_clusters': 12, 'init': 'k-means++', 'algorithm': 'lloyd', 'random_state': 789}",0.1596097634387596,475.1922961820364,1.7261104369519487
BisectingKMeans,"{'n_clusters': 12, 'init': 'k-means++', 'algorithm': 'lloyd', 'random_state': 1011}",0.15885558424940485,496.7395115205645,1.6931270868351973
BisectingKMeans,"{'n_clusters': 12, 'init': 'k-means++', 'algorithm': 'lloyd', 'random_state': 2022}",0.14590650205987818,469.8546245869697,1.7609860036316987
BisectingKMeans,"{'n_clusters': 12, 'init': 'k-means++', 'algorithm': 'lloyd', 'random_state': 3033}",0.14863105706993138,469.1358958285903,1.6809250289799884
BisectingKMeans,"{'n_clusters': 12, 'init': 'k-means++', 'algorithm': 'lloyd', 'random_state': 4044}",0.14278194380679038,468.04503718450485,1.8181971493925826
BisectingKMeans,"{'n_clusters': 12, 'init': 'k-means++', 'algorithm': 'lloyd', 'random_state': 5055}",0.15904190011284391,497.9077982227841,1.7109014982639987
BisectingKMeans,"{'n_clusters': 12, 'init': 'k-means++', 'algorithm': 'lloyd', 'random_state': 6066}",0.13947343589428085,471.6229766551585,1.7304932353951428
BisectingKMeans,"{'n_clusters': 12, 'init': 'k-means++', 'algorithm': 'elkan', 'random_state': 42}",0.15735405879748238,516.5293056084355,1.703605692107404
BisectingKMeans,"{'n_clusters': 12, 'init': 'k-means++', 'algorithm': 'elkan', 'random_state': 123}",0.15041818579604058,480.5360249770941,1.7540865556526637
BisectingKMeans,"{'n_clusters': 12, 'init': 'k-means++', 'algorithm': 'elkan', 'random_state': 456}",0.1525154578399781,504.38770421340394,1.7204759078801946
BisectingKMeans,"{'n_clusters': 12, 'init': 'k-means++', 'algorithm': 'elkan', 'random_state': 789}",0.1596097634387596,475.1922961820364,1.7261104369519487
BisectingKMeans,"{'n_clusters': 12, 'init': 'k-means++', 'algorithm': 'elkan', 'random_state': 1011}",0.15885558424940485,496.7395115205645,1.6931270868351973
BisectingKMeans,"{'n_clusters': 12, 'init': 'k-means++', 'algorithm': 'elkan', 'random_state': 2022}",0.14590650205987818,469.8546245869697,1.7609860036316987
BisectingKMeans,"{'n_clusters': 12, 'init': 'k-means++', 'algorithm': 'elkan', 'random_state': 3033}",0.14863105706993138,469.1358958285903,1.6809250289799884
BisectingKMeans,"{'n_clusters': 12, 'init': 'k-means++', 'algorithm': 'elkan', 'random_state': 4044}",0.14278194380679038,468.04503718450485,1.8181971493925826
BisectingKMeans,"{'n_clusters': 12, 'init': 'k-means++', 'algorithm': 'elkan', 'random_state': 5055}",0.15904190011284391,497.9077982227841,1.7109014982639987
BisectingKMeans,"{'n_clusters': 12, 'init': 'k-means++', 'algorithm': 'elkan', 'random_state': 6066}",0.13947343589428085,471.6229766551585,1.7304932353951428
BisectingKMeans,"{'n_clusters': 12, 'init': 'random', 'algorithm': 'lloyd', 'random_state': 42}",0.15347042222920076,478.95357817904716,1.7506228347958501
BisectingKMeans,"{'n_clusters': 12, 'init': 'random', 'algorithm': 'lloyd', 'random_state': 123}",0.14558099448791725,471.1310379214327,1.754838346229735
BisectingKMeans,"{'n_clusters': 12, 'init': 'random', 'algorithm': 'lloyd', 'random_state': 456}",0.1511498055819483,467.3723037509958,1.7116167304242778
BisectingKMeans,"{'n_clusters': 12, 'init': 'random', 'algorithm': 'lloyd', 'random_state': 789}",0.14519461009271428,462.05468127605377,1.7491857189768476
BisectingKMeans,"{'n_clusters': 12, 'init': 'random', 'algorithm': 'lloyd', 'random_state': 1011}",0.1502094015042767,481.77942917633584,1.7700246149084438
BisectingKMeans,"{'n_clusters': 12, 'init': 'random', 'algorithm': 'lloyd', 'random_state': 2022}",0.14626665465980448,473.2642420740643,1.7472233576984166
BisectingKMeans,"{'n_clusters': 12, 'init': 'random', 'algorithm': 'lloyd', 'random_state': 3033}",0.1574747530511057,485.1734863868174,1.751513628013621
BisectingKMeans,"{'n_clusters': 12, 'init': 'random', 'algorithm': 'lloyd', 'random_state': 4044}",0.14286432145192848,481.21381699427667,1.764964386801396
BisectingKMeans,"{'n_clusters': 12, 'init': 'random', 'algorithm': 'lloyd', 'random_state': 5055}",0.1567773512957488,485.1011329793739,1.7620200340734087
BisectingKMeans,"{'n_clusters': 12, 'init': 'random', 'algorithm': 'lloyd', 'random_state': 6066}",0.1547647443664926,470.7475293504705,1.732985891465904
BisectingKMeans,"{'n_clusters': 12, 'init': 'random', 'algorithm': 'elkan', 'random_state': 42}",0.15347042222920076,478.95357817904716,1.7506228347958501
BisectingKMeans,"{'n_clusters': 12, 'init': 'random', 'algorithm': 'elkan', 'random_state': 123}",0.14558099448791725,471.1310379214327,1.754838346229735
BisectingKMeans,"{'n_clusters': 12, 'init': 'random', 'algorithm': 'elkan', 'random_state': 456}",0.1511498055819483,467.3723037509958,1.7116167304242778
BisectingKMeans,"{'n_clusters': 12, 'init': 'random', 'algorithm': 'elkan', 'random_state': 789}",0.14519461009271428,462.05468127605377,1.7491857189768476
BisectingKMeans,"{'n_clusters': 12, 'init': 'random', 'algorithm': 'elkan', 'random_state': 1011}",0.1502094015042767,481.77942917633584,1.7700246149084438
BisectingKMeans,"{'n_clusters': 12, 'init': 'random', 'algorithm': 'elkan', 'random_state': 2022}",0.14626665465980448,473.2642420740643,1.7472233576984166
BisectingKMeans,"{'n_clusters': 12, 'init': 'random', 'algorithm': 'elkan', 'random_state': 3033}",0.1574747530511057,485.1734863868174,1.751513628013621
BisectingKMeans,"{'n_clusters': 12, 'init': 'random', 'algorithm': 'elkan', 'random_state': 4044}",0.14286432145192848,481.21381699427667,1.764964386801396
BisectingKMeans,"{'n_clusters': 12, 'init': 'random', 'algorithm': 'elkan', 'random_state': 5055}",0.1567773512957488,485.1011329793739,1.7620200340734087
BisectingKMeans,"{'n_clusters': 12, 'init': 'random', 'algorithm': 'elkan', 'random_state': 6066}",0.1547647443664926,470.7475293504705,1.732985891465904
Birch,"{'n_clusters': 5, 'threshold': 0.01, 'branching_factor': 10}",0.1841233814073962,713.6299623817365,1.6371975124575837
Birch,"{'n_clusters': 5, 'threshold': 0.01, 'branching_factor': 20}",0.1841233814073962,713.6299623817365,1.6371975124575837
Birch,"{'n_clusters': 5, 'threshold': 0.01, 'branching_factor': 30}",0.1841233814073962,713.6299623817365,1.6371975124575837
Birch,"{'n_clusters': 5, 'threshold': 0.01, 'branching_factor': 40}",0.1841233814073962,713.6299623817365,1.6371975124575837
Birch,"{'n_clusters': 5, 'threshold': 0.01, 'branching_factor': 50}",0.1841233814073962,713.6299623817365,1.6371975124575837
Birch,"{'n_clusters': 5, 'threshold': 0.01, 'branching_factor': 75}",0.1841233814073962,713.6299623817365,1.6371975124575837
Birch,"{'n_clusters': 5, 'threshold': 0.01, 'branching_factor': 100}",0.1841233814073962,713.6299623817365,1.6371975124575837
Birch,"{'n_clusters': 5, 'threshold': 0.01, 'branching_factor': 150}",0.1841233814073962,713.6299623817365,1.6371975124575837
Birch,"{'n_clusters': 5, 'threshold': 0.01, 'branching_factor': 200}",0.1841233814073962,713.6299623817365,1.6371975124575837
Birch,"{'n_clusters': 5, 'threshold': 0.01, 'branching_factor': 500}",0.1841233814073962,713.6299623817365,1.6371975124575837
Birch,"{'n_clusters': 5, 'threshold': 0.02, 'branching_factor': 10}",0.1841233814073962,713.6299623817365,1.6371975124575837
Birch,"{'n_clusters': 5, 'threshold': 0.02, 'branching_factor': 20}",0.1841233814073962,713.6299623817365,1.6371975124575837
Birch,"{'n_clusters': 5, 'threshold': 0.02, 'branching_factor': 30}",0.1841233814073962,713.6299623817365,1.6371975124575837
Birch,"{'n_clusters': 5, 'threshold': 0.02, 'branching_factor': 40}",0.1841233814073962,713.6299623817365,1.6371975124575837
Birch,"{'n_clusters': 5, 'threshold': 0.02, 'branching_factor': 50}",0.1841233814073962,713.6299623817365,1.6371975124575837
Birch,"{'n_clusters': 5, 'threshold': 0.02, 'branching_factor': 75}",0.1841233814073962,713.6299623817365,1.6371975124575837
Birch,"{'n_clusters': 5, 'threshold': 0.02, 'branching_factor': 100}",0.1841233814073962,713.6299623817365,1.6371975124575837
Birch,"{'n_clusters': 5, 'threshold': 0.02, 'branching_factor': 150}",0.1841233814073962,713.6299623817365,1.6371975124575837
Birch,"{'n_clusters': 5, 'threshold': 0.02, 'branching_factor': 200}",0.1841233814073962,713.6299623817365,1.6371975124575837
Birch,"{'n_clusters': 5, 'threshold': 0.02, 'branching_factor': 500}",0.1841233814073962,713.6299623817365,1.6371975124575837
Birch,"{'n_clusters': 5, 'threshold': 0.05, 'branching_factor': 10}",0.19338768111126148,716.478360421598,1.5863380287227096
Birch,"{'n_clusters': 5, 'threshold': 0.05, 'branching_factor': 20}",0.19338768111126148,716.478360421598,1.5863380287227096
Birch,"{'n_clusters': 5, 'threshold': 0.05, 'branching_factor': 30}",0.19338768111126148,716.478360421598,1.5863380287227096
Birch,"{'n_clusters': 5, 'threshold': 0.05, 'branching_factor': 40}",0.1841233814073962,713.6299623817365,1.6371975124575837
Birch,"{'n_clusters': 5, 'threshold': 0.05, 'branching_factor': 50}",0.19338768111126148,716.478360421598,1.5863380287227096
Birch,"{'n_clusters': 5, 'threshold': 0.05, 'branching_factor': 75}",0.19338768111126148,716.478360421598,1.5863380287227096
Birch,"{'n_clusters': 5, 'threshold': 0.05, 'branching_factor': 100}",0.19338768111126148,716.478360421598,1.5863380287227096
Birch,"{'n_clusters': 5, 'threshold': 0.05, 'branching_factor': 150}",0.19338768111126148,716.478360421598,1.5863380287227096
Birch,"{'n_clusters': 5, 'threshold': 0.05, 'branching_factor': 200}",0.19338768111126148,716.478360421598,1.5863380287227096
Birch,"{'n_clusters': 5, 'threshold': 0.05, 'branching_factor': 500}",0.19338768111126148,716.478360421598,1.5863380287227096
Birch,"{'n_clusters': 5, 'threshold': 0.1, 'branching_factor': 10}",0.19113510646636275,714.9322220624459,1.5797965204859312
Birch,"{'n_clusters': 5, 'threshold': 0.1, 'branching_factor': 20}",0.193839995821824,717.1335433098039,1.5762547013116415
Birch,"{'n_clusters': 5, 'threshold': 0.1, 'branching_factor': 30}",0.193839995821824,717.1335433098039,1.5762547013116415
Birch,"{'n_clusters': 5, 'threshold': 0.1, 'branching_factor': 40}",0.193839995821824,717.1335433098039,1.5762547013116415
Birch,"{'n_clusters': 5, 'threshold': 0.1, 'branching_factor': 50}",0.193839995821824,717.1335433098039,1.5762547013116415
Birch,"{'n_clusters': 5, 'threshold': 0.1, 'branching_factor': 75}",0.19113510646636275,714.9322220624459,1.5797965204859312
Birch,"{'n_clusters': 5, 'threshold': 0.1, 'branching_factor': 100}",0.19113510646636275,714.9322220624459,1.5797965204859312
Birch,"{'n_clusters': 5, 'threshold': 0.1, 'branching_factor': 150}",0.193839995821824,717.1335433098039,1.5762547013116415
Birch,"{'n_clusters': 5, 'threshold': 0.1, 'branching_factor': 200}",0.193839995821824,717.1335433098039,1.5762547013116415
Birch,"{'n_clusters': 5, 'threshold': 0.1, 'branching_factor': 500}",0.19113510646636275,714.9322220624459,1.5797965204859312
Birch,"{'n_clusters': 5, 'threshold': 0.2, 'branching_factor': 10}",0.1945815660078437,728.7626622890361,1.570393879065616
Birch,"{'n_clusters': 5, 'threshold': 0.2, 'branching_factor': 20}",0.18818157997905627,728.5465662203592,1.5982473432979973
Birch,"{'n_clusters': 5, 'threshold': 0.2, 'branching_factor': 30}",0.1947339935594562,729.1256079318606,1.5669930238988452
Birch,"{'n_clusters': 5, 'threshold': 0.2, 'branching_factor': 40}",0.19736884330257598,731.3322492608539,1.5669877730733153
Birch,"{'n_clusters': 5, 'threshold': 0.2, 'branching_factor': 50}",0.18548893508194106,729.0012960126876,1.6105848922905532
Birch,"{'n_clusters': 5, 'threshold': 0.2, 'branching_factor': 75}",0.23571821312864866,669.0271264233337,1.6449805304001341
Birch,"{'n_clusters': 5, 'threshold': 0.2, 'branching_factor': 100}",0.1945815660078437,728.7626622890361,1.570393879065616
Birch,"{'n_clusters': 5, 'threshold': 0.2, 'branching_factor': 150}",0.1945815660078437,728.7626622890361,1.570393879065616
Birch,"{'n_clusters': 5, 'threshold': 0.2, 'branching_factor': 200}",0.1945815660078437,728.7626622890361,1.570393879065616
Birch,"{'n_clusters': 5, 'threshold': 0.2, 'branching_factor': 500}",0.1826539288189943,723.1121945359827,1.6227923921145444
Birch,"{'n_clusters': 5, 'threshold': 0.3, 'branching_factor': 10}",0.19671733739385,704.0502455335218,1.5452836730286097
Birch,"{'n_clusters': 5, 'threshold': 0.3, 'branching_factor': 20}",0.1953534136553593,711.5476919234314,1.5558053849853872
Birch,"{'n_clusters': 5, 'threshold': 0.3, 'branching_factor': 30}",0.19182203089297123,716.8990920057723,1.5336923529914523
Birch,"{'n_clusters': 5, 'threshold': 0.3, 'branching_factor': 40}",0.20151136499411607,729.9304672696425,1.5613644777073095
Birch,"{'n_clusters': 5, 'threshold': 0.3, 'branching_factor': 50}",0.18163945082098792,702.1414771388547,1.6204846010807679
Birch,"{'n_clusters': 5, 'threshold': 0.3, 'branching_factor': 75}",0.19171113330394648,718.1214828864627,1.5251231273866037
Birch,"{'n_clusters': 5, 'threshold': 0.3, 'branching_factor': 100}",0.20561138910837556,720.8931896783306,1.5007091633846896
Birch,"{'n_clusters': 5, 'threshold': 0.3, 'branching_factor': 150}",0.19415283345595316,719.8344734666044,1.513617442155147
Birch,"{'n_clusters': 5, 'threshold': 0.3, 'branching_factor': 200}",0.20958441394001406,750.6449583558042,1.5164269121416907
Birch,"{'n_clusters': 5, 'threshold': 0.3, 'branching_factor': 500}",0.20454412030032712,716.5313393421342,1.516572996140464
Birch,"{'n_clusters': 5, 'threshold': 0.5, 'branching_factor': 10}",0.24518333137592696,680.0695965239356,1.392405216003979
Birch,"{'n_clusters': 5, 'threshold': 0.5, 'branching_factor': 20}",0.2294204551610626,685.7242405565376,1.4426468812228337
Birch,"{'n_clusters': 5, 'threshold': 0.5, 'branching_factor': 30}",0.1961001221522518,703.8760793435713,1.5199074451748298
Birch,"{'n_clusters': 5, 'threshold': 0.5, 'branching_factor': 40}",0.23624829399975852,685.9493598868022,1.3987905651245545
Birch,"{'n_clusters': 5, 'threshold': 0.5, 'branching_factor': 50}",0.15995583314919753,721.0433747319506,1.6443013671180418
Birch,"{'n_clusters': 5, 'threshold': 0.5, 'branching_factor': 75}",0.22909341230800376,677.0111400954027,1.421350583705515
Birch,"{'n_clusters': 5, 'threshold': 0.5, 'branching_factor': 100}",0.21977320866614602,646.8250690063278,1.5370052297471148
Birch,"{'n_clusters': 5, 'threshold': 0.5, 'branching_factor': 150}",0.2080162057052114,728.7516047456478,1.4753927572651402
Birch,"{'n_clusters': 5, 'threshold': 0.5, 'branching_factor': 200}",0.21174071918425272,747.0340265562959,1.5304189191221975
Birch,"{'n_clusters': 5, 'threshold': 0.5, 'branching_factor': 500}",0.22825463484331027,675.7945845579663,1.4495225328276848
Birch,"{'n_clusters': 5, 'threshold': 1.0, 'branching_factor': 10}",0.23330086549276147,661.0091661422467,1.4311306382685225
Birch,"{'n_clusters': 5, 'threshold': 1.0, 'branching_factor': 20}",0.2378635477249988,658.3979704812054,1.3853062934055371
Birch,"{'n_clusters': 5, 'threshold': 1.0, 'branching_factor': 30}",0.21982668143248071,657.564733960707,1.4817503886501868
Birch,"{'n_clusters': 5, 'threshold': 1.0, 'branching_factor': 40}",0.22865057267508945,650.7877254873679,1.6432750793218396
Birch,"{'n_clusters': 5, 'threshold': 1.0, 'branching_factor': 50}",0.23340303592956213,665.9446268218653,1.4476337543853597
Birch,"{'n_clusters': 5, 'threshold': 1.0, 'branching_factor': 75}",0.2248093900646104,655.59366557309,1.442759805905976
Birch,"{'n_clusters': 5, 'threshold': 1.0, 'branching_factor': 100}",0.30032976277318996,583.8063041881564,1.3982142930925923
Birch,"{'n_clusters': 5, 'threshold': 1.0, 'branching_factor': 150}",0.23407644452595414,676.8987364482842,1.4043579597914237
Birch,"{'n_clusters': 5, 'threshold': 1.0, 'branching_factor': 200}",0.2087035294954207,662.3541102300127,1.5173184658080439
Birch,"{'n_clusters': 5, 'threshold': 1.0, 'branching_factor': 500}",0.2930094538064519,562.8289663635015,1.4020658232522305
Birch,"{'n_clusters': 5, 'threshold': 1.5, 'branching_factor': 10}",0.30281813060080714,582.6980715638913,1.4424152089736366
Birch,"{'n_clusters': 5, 'threshold': 1.5, 'branching_factor': 20}",0.1744711546620081,608.291708373911,1.519367333135269
Birch,"{'n_clusters': 5, 'threshold': 1.5, 'branching_factor': 30}",0.21969494080806914,663.6819208157516,1.4571611013791483
Birch,"{'n_clusters': 5, 'threshold': 1.5, 'branching_factor': 40}",0.2628055789122516,569.9718554990029,1.4346320271328032
Birch,"{'n_clusters': 5, 'threshold': 1.5, 'branching_factor': 50}",0.30541664008950176,584.5734507962266,1.4113589329210483
Birch,"{'n_clusters': 5, 'threshold': 1.5, 'branching_factor': 75}",0.18808791845934636,623.5065480040578,1.4910401801846604
Birch,"{'n_clusters': 5, 'threshold': 1.5, 'branching_factor': 100}",0.23298769268176842,690.6684124174012,1.4055916648981994
Birch,"{'n_clusters': 5, 'threshold': 1.5, 'branching_factor': 150}",0.29659517532647467,560.7655382587775,1.4502426248167133
Birch,"{'n_clusters': 5, 'threshold': 1.5, 'branching_factor': 200}",0.3031702255497892,582.6926431664278,1.4162810308463458
Birch,"{'n_clusters': 5, 'threshold': 1.5, 'branching_factor': 500}",0.23354913457987836,692.028246395457,1.4116985184164417
Birch,"{'n_clusters': 5, 'threshold': 2, 'branching_factor': 10}",0.29207642168939885,572.7902779543291,1.494391977102645
Birch,"{'n_clusters': 5, 'threshold': 2, 'branching_factor': 20}",0.29326909795005796,569.4235443635441,1.4244942203188473
Birch,"{'n_clusters': 5, 'threshold': 2, 'branching_factor': 30}",0.29536594373971176,567.3796055589488,1.4184582684217262
Birch,"{'n_clusters': 5, 'threshold': 2, 'branching_factor': 40}",0.29682961973435057,569.055201658916,1.4044665448715719
Birch,"{'n_clusters': 5, 'threshold': 2, 'branching_factor': 50}",0.29577231940987087,545.3239384385561,1.3564705260706913
Birch,"{'n_clusters': 5, 'threshold': 2, 'branching_factor': 75}",0.2932535937964721,556.5811596092304,1.365691535637279
Birch,"{'n_clusters': 5, 'threshold': 2, 'branching_factor': 100}",0.2926616324210947,552.8479199801711,1.371297886350626
Birch,"{'n_clusters': 5, 'threshold': 2, 'branching_factor': 150}",0.2926616324210947,552.8479199801711,1.371297886350626
Birch,"{'n_clusters': 5, 'threshold': 2, 'branching_factor': 200}",0.2926616324210947,552.8479199801711,1.371297886350626
Birch,"{'n_clusters': 5, 'threshold': 2, 'branching_factor': 500}",0.2926616324210947,552.8479199801711,1.371297886350626
Birch,"{'n_clusters': 6, 'threshold': 0.01, 'branching_factor': 10}",0.16134278193431895,651.7707849455634,1.604026504060051
Birch,"{'n_clusters': 6, 'threshold': 0.01, 'branching_factor': 20}",0.16134278193431895,651.7707849455634,1.604026504060051
Birch,"{'n_clusters': 6, 'threshold': 0.01, 'branching_factor': 30}",0.16134278193431895,651.7707849455634,1.604026504060051
Birch,"{'n_clusters': 6, 'threshold': 0.01, 'branching_factor': 40}",0.16134278193431895,651.7707849455634,1.604026504060051
Birch,"{'n_clusters': 6, 'threshold': 0.01, 'branching_factor': 50}",0.16134278193431895,651.7707849455634,1.604026504060051
Birch,"{'n_clusters': 6, 'threshold': 0.01, 'branching_factor': 75}",0.16134278193431895,651.7707849455634,1.604026504060051
Birch,"{'n_clusters': 6, 'threshold': 0.01, 'branching_factor': 100}",0.16134278193431895,651.7707849455634,1.604026504060051
Birch,"{'n_clusters': 6, 'threshold': 0.01, 'branching_factor': 150}",0.16134278193431895,651.7707849455634,1.604026504060051
Birch,"{'n_clusters': 6, 'threshold': 0.01, 'branching_factor': 200}",0.16134278193431895,651.7707849455634,1.604026504060051
Birch,"{'n_clusters': 6, 'threshold': 0.01, 'branching_factor': 500}",0.16134278193431895,651.7707849455634,1.604026504060051
Birch,"{'n_clusters': 6, 'threshold': 0.02, 'branching_factor': 10}",0.16134278193431895,651.7707849455634,1.604026504060051
Birch,"{'n_clusters': 6, 'threshold': 0.02, 'branching_factor': 20}",0.16134278193431895,651.7707849455634,1.604026504060051
Birch,"{'n_clusters': 6, 'threshold': 0.02, 'branching_factor': 30}",0.16134278193431895,651.7707849455634,1.604026504060051
Birch,"{'n_clusters': 6, 'threshold': 0.02, 'branching_factor': 40}",0.16134278193431895,651.7707849455634,1.604026504060051
Birch,"{'n_clusters': 6, 'threshold': 0.02, 'branching_factor': 50}",0.16134278193431895,651.7707849455634,1.604026504060051
Birch,"{'n_clusters': 6, 'threshold': 0.02, 'branching_factor': 75}",0.16134278193431895,651.7707849455634,1.604026504060051
Birch,"{'n_clusters': 6, 'threshold': 0.02, 'branching_factor': 100}",0.16134278193431895,651.7707849455634,1.604026504060051
Birch,"{'n_clusters': 6, 'threshold': 0.02, 'branching_factor': 150}",0.16134278193431895,651.7707849455634,1.604026504060051
Birch,"{'n_clusters': 6, 'threshold': 0.02, 'branching_factor': 200}",0.16134278193431895,651.7707849455634,1.604026504060051
Birch,"{'n_clusters': 6, 'threshold': 0.02, 'branching_factor': 500}",0.16134278193431895,651.7707849455634,1.604026504060051
Birch,"{'n_clusters': 6, 'threshold': 0.05, 'branching_factor': 10}",0.16833041269731602,659.8006361388196,1.5594736645822367
Birch,"{'n_clusters': 6, 'threshold': 0.05, 'branching_factor': 20}",0.16833041269731602,659.8006361388196,1.5594736645822367
Birch,"{'n_clusters': 6, 'threshold': 0.05, 'branching_factor': 30}",0.16833041269731602,659.8006361388196,1.5594736645822367
Birch,"{'n_clusters': 6, 'threshold': 0.05, 'branching_factor': 40}",0.16134278193431895,651.7707849455634,1.604026504060051
Birch,"{'n_clusters': 6, 'threshold': 0.05, 'branching_factor': 50}",0.16833041269731602,659.8006361388196,1.5594736645822367
Birch,"{'n_clusters': 6, 'threshold': 0.05, 'branching_factor': 75}",0.16833041269731602,659.8006361388196,1.5594736645822367
Birch,"{'n_clusters': 6, 'threshold': 0.05, 'branching_factor': 100}",0.16833041269731602,659.8006361388196,1.5594736645822367
Birch,"{'n_clusters': 6, 'threshold': 0.05, 'branching_factor': 150}",0.16833041269731602,659.8006361388196,1.5594736645822367
Birch,"{'n_clusters': 6, 'threshold': 0.05, 'branching_factor': 200}",0.16833041269731602,659.8006361388196,1.5594736645822367
Birch,"{'n_clusters': 6, 'threshold': 0.05, 'branching_factor': 500}",0.16833041269731602,659.8006361388196,1.5594736645822367
Birch,"{'n_clusters': 6, 'threshold': 0.1, 'branching_factor': 10}",0.16503478033197233,657.2555701118833,1.5521760703559735
Birch,"{'n_clusters': 6, 'threshold': 0.1, 'branching_factor': 20}",0.16844504116698558,660.3406145903857,1.5513097648734098
Birch,"{'n_clusters': 6, 'threshold': 0.1, 'branching_factor': 30}",0.16844504116698558,660.3406145903857,1.5513097648734098
Birch,"{'n_clusters': 6, 'threshold': 0.1, 'branching_factor': 40}",0.16968117667100124,662.5294284249923,1.549357897770868
Birch,"{'n_clusters': 6, 'threshold': 0.1, 'branching_factor': 50}",0.16844504116698558,660.3406145903857,1.5513097648734098
Birch,"{'n_clusters': 6, 'threshold': 0.1, 'branching_factor': 75}",0.16618164088830598,659.4014793800083,1.5501600453221733
Birch,"{'n_clusters': 6, 'threshold': 0.1, 'branching_factor': 100}",0.16503478033197233,657.2555701118833,1.5521760703559735
Birch,"{'n_clusters': 6, 'threshold': 0.1, 'branching_factor': 150}",0.16844504116698558,660.3406145903857,1.5513097648734098
Birch,"{'n_clusters': 6, 'threshold': 0.1, 'branching_factor': 200}",0.16968117667100124,662.5294284249923,1.549357897770868
Birch,"{'n_clusters': 6, 'threshold': 0.1, 'branching_factor': 500}",0.16503478033197233,657.2555701118833,1.5521760703559735
Birch,"{'n_clusters': 6, 'threshold': 0.2, 'branching_factor': 10}",0.19159437909397653,660.0335656034869,1.4708857460355673
Birch,"{'n_clusters': 6, 'threshold': 0.2, 'branching_factor': 20}",0.1845539654107073,659.8362957982065,1.4940969662292183
Birch,"{'n_clusters': 6, 'threshold': 0.2, 'branching_factor': 30}",0.19175178684516528,660.3649007660625,1.468051700063258
Birch,"{'n_clusters': 6, 'threshold': 0.2, 'branching_factor': 40}",0.19437447476771916,662.3796072703025,1.4680473243753165
Birch,"{'n_clusters': 6, 'threshold': 0.2, 'branching_factor': 50}",0.18171696001797674,660.2514143880327,1.504378257056348
Birch,"{'n_clusters': 6, 'threshold': 0.2, 'branching_factor': 75}",0.18363749255294462,646.6035404592958,1.6581248913194475
Birch,"{'n_clusters': 6, 'threshold': 0.2, 'branching_factor': 100}",0.19159437909397653,660.0335656034869,1.4708857460355673
Birch,"{'n_clusters': 6, 'threshold': 0.2, 'branching_factor': 150}",0.19159437909397653,660.0335656034869,1.4708857460355673
Birch,"{'n_clusters': 6, 'threshold': 0.2, 'branching_factor': 200}",0.19159437909397653,660.0335656034869,1.4708857460355673
Birch,"{'n_clusters': 6, 'threshold': 0.2, 'branching_factor': 500}",0.17827773829868196,651.0592409552675,1.518342912279299
Birch,"{'n_clusters': 6, 'threshold': 0.3, 'branching_factor': 10}",0.16742120558990306,659.8705797848887,1.5086511195851848
Birch,"{'n_clusters': 6, 'threshold': 0.3, 'branching_factor': 20}",0.16571605506583606,659.8159185073359,1.5313952548432355
Birch,"{'n_clusters': 6, 'threshold': 0.3, 'branching_factor': 30}",0.1897071348893413,668.515284212093,1.4456234571222828
Birch,"{'n_clusters': 6, 'threshold': 0.3, 'branching_factor': 40}",0.16880915084987064,670.2104608554024,1.5265816659422444
Birch,"{'n_clusters': 6, 'threshold': 0.3, 'branching_factor': 50}",0.18907097203464576,654.085602739835,1.681713492077906
Birch,"{'n_clusters': 6, 'threshold': 0.3, 'branching_factor': 75}",0.1896224020899204,669.6662941310002,1.438482435784909
Birch,"{'n_clusters': 6, 'threshold': 0.3, 'branching_factor': 100}",0.17356029971665923,673.8134543081452,1.472678419639929
Birch,"{'n_clusters': 6, 'threshold': 0.3, 'branching_factor': 150}",0.19210857164502995,671.2795431824446,1.4288943647586951
Birch,"{'n_clusters': 6, 'threshold': 0.3, 'branching_factor': 200}",0.20274550112590803,663.6352207297709,1.46554085230692
Birch,"{'n_clusters': 6, 'threshold': 0.3, 'branching_factor': 500}",0.17319706132657745,670.7709392578929,1.4890236435834519
Birch,"{'n_clusters': 6, 'threshold': 0.5, 'branching_factor': 10}",0.18395347421086644,652.5419677432723,1.4488068435034096
Birch,"{'n_clusters': 6, 'threshold': 0.5, 'branching_factor': 20}",0.17083195872900755,655.7518887365978,1.5090614348944127
Birch,"{'n_clusters': 6, 'threshold': 0.5, 'branching_factor': 30}",0.19356367433497318,626.3927118658205,1.4343108270712754
Birch,"{'n_clusters': 6, 'threshold': 0.5, 'branching_factor': 40}",0.18060850678405832,660.2565018334593,1.4638482294429813
Birch,"{'n_clusters': 6, 'threshold': 0.5, 'branching_factor': 50}",0.15303460942752975,642.4973204578746,1.553787180152119
Birch,"{'n_clusters': 6, 'threshold': 0.5, 'branching_factor': 75}",0.1743047007024612,648.1796375752243,1.482111320382961
Birch,"{'n_clusters': 6, 'threshold': 0.5, 'branching_factor': 100}",0.18864597363522437,642.1436095293487,1.5568962668312925
Birch,"{'n_clusters': 6, 'threshold': 0.5, 'branching_factor': 150}",0.2028554488396708,642.2655837948118,1.4410719831414902
Birch,"{'n_clusters': 6, 'threshold': 0.5, 'branching_factor': 200}",0.20433689090444018,659.7753838707987,1.4864532584163277
Birch,"{'n_clusters': 6, 'threshold': 0.5, 'branching_factor': 500}",0.16471958651491317,641.2847077210802,1.4566247923074027
Birch,"{'n_clusters': 6, 'threshold': 1.0, 'branching_factor': 10}",0.19757385358101265,650.0592070428416,1.4856205105225422
Birch,"{'n_clusters': 6, 'threshold': 1.0, 'branching_factor': 20}",0.18177728699344686,641.7940305284594,1.5223213508967441
Birch,"{'n_clusters': 6, 'threshold': 1.0, 'branching_factor': 30}",0.22556719396141806,576.7946912349287,1.5971609450097872
Birch,"{'n_clusters': 6, 'threshold': 1.0, 'branching_factor': 40}",0.2228578036454347,578.9726396274554,1.5476635007660378
Birch,"{'n_clusters': 6, 'threshold': 1.0, 'branching_factor': 50}",0.1948983690942418,669.7551830318907,1.5046281757877775
Birch,"{'n_clusters': 6, 'threshold': 1.0, 'branching_factor': 75}",0.22857638217524462,579.3974372557535,1.4740371478692522
Birch,"{'n_clusters': 6, 'threshold': 1.0, 'branching_factor': 100}",0.21560057471851343,552.9606594212976,1.48675426829503
Birch,"{'n_clusters': 6, 'threshold': 1.0, 'branching_factor': 150}",0.23606976818527683,588.6069494927193,1.4514901822919082
Birch,"{'n_clusters': 6, 'threshold': 1.0, 'branching_factor': 200}",0.1934812356863249,660.1676899737263,1.4840963668075347
Birch,"{'n_clusters': 6, 'threshold': 1.0, 'branching_factor': 500}",0.2169072275737668,568.6334885202052,1.554757259909086
Birch,"{'n_clusters': 6, 'threshold': 1.5, 'branching_factor': 10}",0.1765445822874061,589.3803234289438,1.6686119811328073
Birch,"{'n_clusters': 6, 'threshold': 1.5, 'branching_factor': 20}",0.1752552688291333,520.0608093971015,1.6371468981125903
Birch,"{'n_clusters': 6, 'threshold': 1.5, 'branching_factor': 30}",0.22307054569187487,566.6177406015821,1.6112370314239302
Birch,"{'n_clusters': 6, 'threshold': 1.5, 'branching_factor': 40}",0.26532903119105866,492.85122766715637,1.4844401275007606
Birch,"{'n_clusters': 6, 'threshold': 1.5, 'branching_factor': 50}",0.23074092606417781,600.2576149779018,1.5039025215202377
Birch,"{'n_clusters': 6, 'threshold': 1.5, 'branching_factor': 75}",0.1944970341978026,544.0354432340858,1.4650265816859054
Birch,"{'n_clusters': 6, 'threshold': 1.5, 'branching_factor': 100}",0.23254105016643414,585.9261780610688,1.475502939267307
Birch,"{'n_clusters': 6, 'threshold': 1.5, 'branching_factor': 150}",0.23167273069212085,579.5516786183267,1.5248356169279325
Birch,"{'n_clusters': 6, 'threshold': 1.5, 'branching_factor': 200}",0.23682608639159647,602.1416314598849,1.4886567053261313
Birch,"{'n_clusters': 6, 'threshold': 1.5, 'branching_factor': 500}",0.23446447061725628,595.7697067334548,1.4382184879702038
Birch,"{'n_clusters': 6, 'threshold': 2, 'branching_factor': 10}",0.26084896381423167,505.94169246626547,1.5049248770263761
Birch,"{'n_clusters': 6, 'threshold': 2, 'branching_factor': 20}",0.23632235412358274,592.6948552359712,1.5078490685676549
Birch,"{'n_clusters': 6, 'threshold': 2, 'branching_factor': 30}",0.26509907963151336,476.27431052838864,1.5674184299626048
Birch,"{'n_clusters': 6, 'threshold': 2, 'branching_factor': 40}",0.26188116450122956,483.92246805731895,1.4802932546430985
Birch,"{'n_clusters': 6, 'threshold': 2, 'branching_factor': 50}",0.27858131563941047,480.81286643606,1.412449236567732
Birch,"{'n_clusters': 6, 'threshold': 2, 'branching_factor': 75}",0.214105172177159,569.1092106152494,1.4937078524874858
Birch,"{'n_clusters': 6, 'threshold': 2, 'branching_factor': 100}",0.18737867409335193,537.2287570278266,1.503370234206983
Birch,"{'n_clusters': 6, 'threshold': 2, 'branching_factor': 150}",0.18737867409335193,537.2287570278266,1.503370234206983
Birch,"{'n_clusters': 6, 'threshold': 2, 'branching_factor': 200}",0.18737867409335193,537.2287570278266,1.503370234206983
Birch,"{'n_clusters': 6, 'threshold': 2, 'branching_factor': 500}",0.18737867409335193,537.2287570278266,1.503370234206983
Birch,"{'n_clusters': 7, 'threshold': 0.01, 'branching_factor': 10}",0.1577419249827819,613.1147466386775,1.5164714583543482
Birch,"{'n_clusters': 7, 'threshold': 0.01, 'branching_factor': 20}",0.1577419249827819,613.1147466386775,1.5164714583543482
Birch,"{'n_clusters': 7, 'threshold': 0.01, 'branching_factor': 30}",0.1577419249827819,613.1147466386775,1.5164714583543482
Birch,"{'n_clusters': 7, 'threshold': 0.01, 'branching_factor': 40}",0.1577419249827819,613.1147466386775,1.5164714583543482
Birch,"{'n_clusters': 7, 'threshold': 0.01, 'branching_factor': 50}",0.1577419249827819,613.1147466386775,1.5164714583543482
Birch,"{'n_clusters': 7, 'threshold': 0.01, 'branching_factor': 75}",0.1577419249827819,613.1147466386775,1.5164714583543482
Birch,"{'n_clusters': 7, 'threshold': 0.01, 'branching_factor': 100}",0.1577419249827819,613.1147466386775,1.5164714583543482
Birch,"{'n_clusters': 7, 'threshold': 0.01, 'branching_factor': 150}",0.1577419249827819,613.1147466386775,1.5164714583543482
Birch,"{'n_clusters': 7, 'threshold': 0.01, 'branching_factor': 200}",0.1577419249827819,613.1147466386775,1.5164714583543482
Birch,"{'n_clusters': 7, 'threshold': 0.01, 'branching_factor': 500}",0.1577419249827819,613.1147466386775,1.5164714583543482
Birch,"{'n_clusters': 7, 'threshold': 0.02, 'branching_factor': 10}",0.1577419249827819,613.1147466386775,1.5164714583543482
Birch,"{'n_clusters': 7, 'threshold': 0.02, 'branching_factor': 20}",0.1577419249827819,613.1147466386775,1.5164714583543482
Birch,"{'n_clusters': 7, 'threshold': 0.02, 'branching_factor': 30}",0.1577419249827819,613.1147466386775,1.5164714583543482
Birch,"{'n_clusters': 7, 'threshold': 0.02, 'branching_factor': 40}",0.1577419249827819,613.1147466386775,1.5164714583543482
Birch,"{'n_clusters': 7, 'threshold': 0.02, 'branching_factor': 50}",0.1577419249827819,613.1147466386775,1.5164714583543482
Birch,"{'n_clusters': 7, 'threshold': 0.02, 'branching_factor': 75}",0.1577419249827819,613.1147466386775,1.5164714583543482
Birch,"{'n_clusters': 7, 'threshold': 0.02, 'branching_factor': 100}",0.1577419249827819,613.1147466386775,1.5164714583543482
Birch,"{'n_clusters': 7, 'threshold': 0.02, 'branching_factor': 150}",0.1577419249827819,613.1147466386775,1.5164714583543482
Birch,"{'n_clusters': 7, 'threshold': 0.02, 'branching_factor': 200}",0.1577419249827819,613.1147466386775,1.5164714583543482
Birch,"{'n_clusters': 7, 'threshold': 0.02, 'branching_factor': 500}",0.1577419249827819,613.1147466386775,1.5164714583543482
Birch,"{'n_clusters': 7, 'threshold': 0.05, 'branching_factor': 10}",0.16558964094212306,620.7813943826588,1.478283310230507
Birch,"{'n_clusters': 7, 'threshold': 0.05, 'branching_factor': 20}",0.16558964094212306,620.7813943826588,1.478283310230507
Birch,"{'n_clusters': 7, 'threshold': 0.05, 'branching_factor': 30}",0.16558964094212306,620.7813943826588,1.478283310230507
Birch,"{'n_clusters': 7, 'threshold': 0.05, 'branching_factor': 40}",0.1577419249827819,613.1147466386775,1.5164714583543482
Birch,"{'n_clusters': 7, 'threshold': 0.05, 'branching_factor': 50}",0.16558964094212306,620.7813943826588,1.478283310230507
Birch,"{'n_clusters': 7, 'threshold': 0.05, 'branching_factor': 75}",0.16558964094212306,620.7813943826588,1.478283310230507
Birch,"{'n_clusters': 7, 'threshold': 0.05, 'branching_factor': 100}",0.16558964094212306,620.7813943826588,1.478283310230507
Birch,"{'n_clusters': 7, 'threshold': 0.05, 'branching_factor': 150}",0.16558964094212306,620.7813943826588,1.478283310230507
Birch,"{'n_clusters': 7, 'threshold': 0.05, 'branching_factor': 200}",0.16558964094212306,620.7813943826588,1.478283310230507
Birch,"{'n_clusters': 7, 'threshold': 0.05, 'branching_factor': 500}",0.16558964094212306,620.7813943826588,1.478283310230507
Birch,"{'n_clusters': 7, 'threshold': 0.1, 'branching_factor': 10}",0.16234435202840383,618.350663103521,1.4720282294651386
Birch,"{'n_clusters': 7, 'threshold': 0.1, 'branching_factor': 20}",0.16575336162877896,621.2972082641197,1.4712856819086555
Birch,"{'n_clusters': 7, 'threshold': 0.1, 'branching_factor': 30}",0.16575336162877896,621.2972082641197,1.4712856819086555
Birch,"{'n_clusters': 7, 'threshold': 0.1, 'branching_factor': 40}",0.16699184798705533,623.3884057283002,1.46961265296362
Birch,"{'n_clusters': 7, 'threshold': 0.1, 'branching_factor': 50}",0.16575336162877896,621.2972082641197,1.4712856819086555
Birch,"{'n_clusters': 7, 'threshold': 0.1, 'branching_factor': 75}",0.16349376313474281,620.4001213185086,1.4703002080075955
Birch,"{'n_clusters': 7, 'threshold': 0.1, 'branching_factor': 100}",0.16234435202840383,618.350663103521,1.4720282294651386
Birch,"{'n_clusters': 7, 'threshold': 0.1, 'branching_factor': 150}",0.16575336162877896,621.2972082641197,1.4712856819086555
Birch,"{'n_clusters': 7, 'threshold': 0.1, 'branching_factor': 200}",0.16699184798705533,623.3884057283002,1.46961265296362
Birch,"{'n_clusters': 7, 'threshold': 0.1, 'branching_factor': 500}",0.16234435202840383,618.350663103521,1.4720282294651386
Birch,"{'n_clusters': 7, 'threshold': 0.2, 'branching_factor': 10}",0.16747213699449717,629.2249191967142,1.4559681928740518
Birch,"{'n_clusters': 7, 'threshold': 0.2, 'branching_factor': 20}",0.1595410856699983,623.342363307533,1.472524568666452
Birch,"{'n_clusters': 7, 'threshold': 0.2, 'branching_factor': 30}",0.16741986658812566,629.9354708663562,1.4535660535176098
Birch,"{'n_clusters': 7, 'threshold': 0.2, 'branching_factor': 40}",0.17190875171683315,633.214799300094,1.4526703017423117
Birch,"{'n_clusters': 7, 'threshold': 0.2, 'branching_factor': 50}",0.16033415755537636,624.4317466581822,1.4847141708526537
Birch,"{'n_clusters': 7, 'threshold': 0.2, 'branching_factor': 75}",0.1628986060714699,612.5802782343144,1.6275714326169628
Birch,"{'n_clusters': 7, 'threshold': 0.2, 'branching_factor': 100}",0.16747213699449717,629.2249191967142,1.4559681928740518
Birch,"{'n_clusters': 7, 'threshold': 0.2, 'branching_factor': 150}",0.16836835611966702,631.0189528939711,1.4547597590800503
Birch,"{'n_clusters': 7, 'threshold': 0.2, 'branching_factor': 200}",0.16645203280444887,628.99190837465,1.4615761203624114
Birch,"{'n_clusters': 7, 'threshold': 0.2, 'branching_factor': 500}",0.14752687436467693,605.4123022348379,1.5154167382510917
Birch,"{'n_clusters': 7, 'threshold': 0.3, 'branching_factor': 10}",0.1735107001676719,601.654297888443,1.6368249703115563
Birch,"{'n_clusters': 7, 'threshold': 0.3, 'branching_factor': 20}",0.16055236659108924,608.1980407412663,1.4856402974560685
Birch,"{'n_clusters': 7, 'threshold': 0.3, 'branching_factor': 30}",0.1702731946541917,637.7542203954847,1.439506882022242
Birch,"{'n_clusters': 7, 'threshold': 0.3, 'branching_factor': 40}",0.16239955146693438,617.9007754032767,1.481514364112362
Birch,"{'n_clusters': 7, 'threshold': 0.3, 'branching_factor': 50}",0.16571318529290754,616.1609083187329,1.637823584333917
Birch,"{'n_clusters': 7, 'threshold': 0.3, 'branching_factor': 75}",0.16837808201213386,637.9359489767775,1.4354723854893783
Birch,"{'n_clusters': 7, 'threshold': 0.3, 'branching_factor': 100}",0.16938006210472759,621.2662493217993,1.433802346721592
Birch,"{'n_clusters': 7, 'threshold': 0.3, 'branching_factor': 150}",0.17429742743837234,643.0744526742316,1.4294642049287603
Birch,"{'n_clusters': 7, 'threshold': 0.3, 'branching_factor': 200}",0.20922831527840027,605.123754781942,1.5779562231197843
Birch,"{'n_clusters': 7, 'threshold': 0.3, 'branching_factor': 500}",0.16893068679143203,618.4242284392891,1.4472182831190323
Birch,"{'n_clusters': 7, 'threshold': 0.5, 'branching_factor': 10}",0.18996322066035276,606.8435158073231,1.5780572014738987
Birch,"{'n_clusters': 7, 'threshold': 0.5, 'branching_factor': 20}",0.1745945768897383,607.3555648900807,1.613745570383467
Birch,"{'n_clusters': 7, 'threshold': 0.5, 'branching_factor': 30}",0.20145666552719013,571.6613161575806,1.5241582140710181
Birch,"{'n_clusters': 7, 'threshold': 0.5, 'branching_factor': 40}",0.18782323240820264,602.896004384817,1.5703158722259523
Birch,"{'n_clusters': 7, 'threshold': 0.5, 'branching_factor': 50}",0.15816345456474112,582.3101481791549,1.6135120511371006
Birch,"{'n_clusters': 7, 'threshold': 0.5, 'branching_factor': 75}",0.18024184070810942,606.9616883062604,1.6023106177020972
Birch,"{'n_clusters': 7, 'threshold': 0.5, 'branching_factor': 100}",0.191662110930676,584.6649286391819,1.5957538790328794
Birch,"{'n_clusters': 7, 'threshold': 0.5, 'branching_factor': 150}",0.20954185438651474,582.0983060420524,1.5034978778488453
Birch,"{'n_clusters': 7, 'threshold': 0.5, 'branching_factor': 200}",0.2106289947431298,598.1159708337598,1.5356681199740847
Birch,"{'n_clusters': 7, 'threshold': 0.5, 'branching_factor': 500}",0.16904226694338348,581.2016814108408,1.5457078170774223
Birch,"{'n_clusters': 7, 'threshold': 1.0, 'branching_factor': 10}",0.20386088007070052,597.3151509802672,1.5085493196877793
Birch,"{'n_clusters': 7, 'threshold': 1.0, 'branching_factor': 20}",0.18450790929074323,565.610407783633,1.7461543171141436
Birch,"{'n_clusters': 7, 'threshold': 1.0, 'branching_factor': 30}",0.18727869468618308,557.950067367359,1.5964446407298176
Birch,"{'n_clusters': 7, 'threshold': 1.0, 'branching_factor': 40}",0.16297319354349035,570.179784052362,1.6673005113722048
Birch,"{'n_clusters': 7, 'threshold': 1.0, 'branching_factor': 50}",0.19845231293858648,602.2085666591729,1.5064049485423179
Birch,"{'n_clusters': 7, 'threshold': 1.0, 'branching_factor': 75}",0.1930377858781397,600.7023607978296,1.5226433785200375
Birch,"{'n_clusters': 7, 'threshold': 1.0, 'branching_factor': 100}",0.19249246337064682,584.2104656462251,1.4678739500677767
Birch,"{'n_clusters': 7, 'threshold': 1.0, 'branching_factor': 150}",0.2420797041647354,524.1000174180731,1.5443982998620949
Birch,"{'n_clusters': 7, 'threshold': 1.0, 'branching_factor': 200}",0.19910819858278128,588.6048362726465,1.5525524764406515
Birch,"{'n_clusters': 7, 'threshold': 1.0, 'branching_factor': 500}",0.19490387171675697,563.0816730495692,1.5549134954076795
Birch,"{'n_clusters': 7, 'threshold': 1.5, 'branching_factor': 10}",0.1813478048733481,523.5616934558211,1.712148930764145
Birch,"{'n_clusters': 7, 'threshold': 1.5, 'branching_factor': 20}",0.18895772938630173,516.9023186458182,1.6071990688342201
Birch,"{'n_clusters': 7, 'threshold': 1.5, 'branching_factor': 30}",0.19415411403429503,557.5441942179256,1.6276900948713415
Birch,"{'n_clusters': 7, 'threshold': 1.5, 'branching_factor': 40}",0.23670011391366516,528.257228577406,1.5822202934862857
Birch,"{'n_clusters': 7, 'threshold': 1.5, 'branching_factor': 50}",0.23620214238206844,532.7818796198127,1.5718638575655122
Birch,"{'n_clusters': 7, 'threshold': 1.5, 'branching_factor': 75}",0.19613903596906723,482.86760960727906,1.5788909138202403
Birch,"{'n_clusters': 7, 'threshold': 1.5, 'branching_factor': 100}",0.2344328597382452,516.6563471701255,1.6666889070424538
Birch,"{'n_clusters': 7, 'threshold': 1.5, 'branching_factor': 150}",0.23701462008271948,514.7566315116941,1.6029152224566894
Birch,"{'n_clusters': 7, 'threshold': 1.5, 'branching_factor': 200}",0.2426592448790717,534.1557863548234,1.5183406599635754
Birch,"{'n_clusters': 7, 'threshold': 1.5, 'branching_factor': 500}",0.2334637511951091,514.539124303039,1.6171402601117735
Birch,"{'n_clusters': 7, 'threshold': 2, 'branching_factor': 10}",0.228426502205736,526.8389880250703,1.5699732150399897
Birch,"{'n_clusters': 7, 'threshold': 2, 'branching_factor': 20}",0.24013405951543168,522.4129925791516,1.4984503806323397
Birch,"{'n_clusters': 7, 'threshold': 2, 'branching_factor': 30}",0.22028796455613617,493.5972455871323,1.6677422442009255
Birch,"{'n_clusters': 7, 'threshold': 2, 'branching_factor': 40}",0.2378407288126054,520.1936284603323,1.5610772702897389
Birch,"{'n_clusters': 7, 'threshold': 2, 'branching_factor': 50}",0.2309337157929267,513.5918377563131,1.4706298439966086
Birch,"{'n_clusters': 7, 'threshold': 2, 'branching_factor': 75}",0.19659228943433452,539.1879727018545,1.5411848277414268
Birch,"{'n_clusters': 7, 'threshold': 2, 'branching_factor': 100}",0.20080657262201668,532.8277408146766,1.6906939616098495
Birch,"{'n_clusters': 7, 'threshold': 2, 'branching_factor': 150}",0.20080657262201668,532.8277408146766,1.6906939616098495
Birch,"{'n_clusters': 7, 'threshold': 2, 'branching_factor': 200}",0.20080657262201668,532.8277408146766,1.6906939616098495
Birch,"{'n_clusters': 7, 'threshold': 2, 'branching_factor': 500}",0.20080657262201668,532.8277408146766,1.6906939616098495
Birch,"{'n_clusters': 8, 'threshold': 0.01, 'branching_factor': 10}",0.16589462092027524,580.0903711296596,1.5863604339134345
Birch,"{'n_clusters': 8, 'threshold': 0.01, 'branching_factor': 20}",0.16589462092027524,580.0903711296596,1.5863604339134345
Birch,"{'n_clusters': 8, 'threshold': 0.01, 'branching_factor': 30}",0.16589462092027524,580.0903711296596,1.5863604339134345
Birch,"{'n_clusters': 8, 'threshold': 0.01, 'branching_factor': 40}",0.16589462092027524,580.0903711296596,1.5863604339134345
Birch,"{'n_clusters': 8, 'threshold': 0.01, 'branching_factor': 50}",0.16589462092027524,580.0903711296596,1.5863604339134345
Birch,"{'n_clusters': 8, 'threshold': 0.01, 'branching_factor': 75}",0.16589462092027524,580.0903711296596,1.5863604339134345
Birch,"{'n_clusters': 8, 'threshold': 0.01, 'branching_factor': 100}",0.16589462092027524,580.0903711296596,1.5863604339134345
Birch,"{'n_clusters': 8, 'threshold': 0.01, 'branching_factor': 150}",0.16589462092027524,580.0903711296596,1.5863604339134345
Birch,"{'n_clusters': 8, 'threshold': 0.01, 'branching_factor': 200}",0.16589462092027524,580.0903711296596,1.5863604339134345
Birch,"{'n_clusters': 8, 'threshold': 0.01, 'branching_factor': 500}",0.16589462092027524,580.0903711296596,1.5863604339134345
Birch,"{'n_clusters': 8, 'threshold': 0.02, 'branching_factor': 10}",0.16589462092027524,580.0903711296596,1.5863604339134345
Birch,"{'n_clusters': 8, 'threshold': 0.02, 'branching_factor': 20}",0.16589462092027524,580.0903711296596,1.5863604339134345
Birch,"{'n_clusters': 8, 'threshold': 0.02, 'branching_factor': 30}",0.16589462092027524,580.0903711296596,1.5863604339134345
Birch,"{'n_clusters': 8, 'threshold': 0.02, 'branching_factor': 40}",0.16589462092027524,580.0903711296596,1.5863604339134345
Birch,"{'n_clusters': 8, 'threshold': 0.02, 'branching_factor': 50}",0.16589462092027524,580.0903711296596,1.5863604339134345
Birch,"{'n_clusters': 8, 'threshold': 0.02, 'branching_factor': 75}",0.16589462092027524,580.0903711296596,1.5863604339134345
Birch,"{'n_clusters': 8, 'threshold': 0.02, 'branching_factor': 100}",0.16589462092027524,580.0903711296596,1.5863604339134345
Birch,"{'n_clusters': 8, 'threshold': 0.02, 'branching_factor': 150}",0.16589462092027524,580.0903711296596,1.5863604339134345
Birch,"{'n_clusters': 8, 'threshold': 0.02, 'branching_factor': 200}",0.16589462092027524,580.0903711296596,1.5863604339134345
Birch,"{'n_clusters': 8, 'threshold': 0.02, 'branching_factor': 500}",0.16589462092027524,580.0903711296596,1.5863604339134345
Birch,"{'n_clusters': 8, 'threshold': 0.05, 'branching_factor': 10}",0.17407981858488852,587.4722399690426,1.5525173152247556
Birch,"{'n_clusters': 8, 'threshold': 0.05, 'branching_factor': 20}",0.17407981858488852,587.4722399690426,1.5525173152247556
Birch,"{'n_clusters': 8, 'threshold': 0.05, 'branching_factor': 30}",0.17407981858488852,587.4722399690426,1.5525173152247556
Birch,"{'n_clusters': 8, 'threshold': 0.05, 'branching_factor': 40}",0.16589462092027524,580.0903711296596,1.5863604339134345
Birch,"{'n_clusters': 8, 'threshold': 0.05, 'branching_factor': 50}",0.17407981858488852,587.4722399690426,1.5525173152247556
Birch,"{'n_clusters': 8, 'threshold': 0.05, 'branching_factor': 75}",0.17407981858488852,587.4722399690426,1.5525173152247556
Birch,"{'n_clusters': 8, 'threshold': 0.05, 'branching_factor': 100}",0.17407981858488852,587.4722399690426,1.5525173152247556
Birch,"{'n_clusters': 8, 'threshold': 0.05, 'branching_factor': 150}",0.17407981858488852,587.4722399690426,1.5525173152247556
Birch,"{'n_clusters': 8, 'threshold': 0.05, 'branching_factor': 200}",0.17407981858488852,587.4722399690426,1.5525173152247556
Birch,"{'n_clusters': 8, 'threshold': 0.05, 'branching_factor': 500}",0.17407981858488852,587.4722399690426,1.5525173152247556
Birch,"{'n_clusters': 8, 'threshold': 0.1, 'branching_factor': 10}",0.17084021582325606,585.1311117674712,1.5476791874242697
Birch,"{'n_clusters': 8, 'threshold': 0.1, 'branching_factor': 20}",0.17426877224573945,587.9691216690555,1.547029458312347
Birch,"{'n_clusters': 8, 'threshold': 0.1, 'branching_factor': 30}",0.17426877224573945,587.9691216690555,1.547029458312347
Birch,"{'n_clusters': 8, 'threshold': 0.1, 'branching_factor': 40}",0.17549933361563605,589.9838592725139,1.5455655579854408
Birch,"{'n_clusters': 8, 'threshold': 0.1, 'branching_factor': 50}",0.17426877224573945,587.9691216690555,1.547029458312347
Birch,"{'n_clusters': 8, 'threshold': 0.1, 'branching_factor': 75}",0.17198157630933628,587.1049794348074,1.5461671686489198
Birch,"{'n_clusters': 8, 'threshold': 0.1, 'branching_factor': 100}",0.17084021582325606,585.1311117674712,1.5476791874242697
Birch,"{'n_clusters': 8, 'threshold': 0.1, 'branching_factor': 150}",0.17426877224573945,587.9691216690555,1.547029458312347
Birch,"{'n_clusters': 8, 'threshold': 0.1, 'branching_factor': 200}",0.17549933361563605,589.9838592725139,1.5455655579854408
Birch,"{'n_clusters': 8, 'threshold': 0.1, 'branching_factor': 500}",0.17084021582325606,585.1311117674712,1.5476791874242697
Birch,"{'n_clusters': 8, 'threshold': 0.2, 'branching_factor': 10}",0.17590354549788012,595.6094740350267,1.5368332586482079
Birch,"{'n_clusters': 8, 'threshold': 0.2, 'branching_factor': 20}",0.16767359667803525,589.939495201529,1.5515844947377988
Birch,"{'n_clusters': 8, 'threshold': 0.2, 'branching_factor': 30}",0.1758530857974613,596.2946018529399,1.5344360217417936
Birch,"{'n_clusters': 8, 'threshold': 0.2, 'branching_factor': 40}",0.18037377286500422,599.4573021682568,1.5338813747790616
Birch,"{'n_clusters': 8, 'threshold': 0.2, 'branching_factor': 50}",0.16846037155937463,590.9892294826323,1.562418050034137
Birch,"{'n_clusters': 8, 'threshold': 0.2, 'branching_factor': 75}",0.16208504790843178,577.480902787051,1.5676849084807027
Birch,"{'n_clusters': 8, 'threshold': 0.2, 'branching_factor': 100}",0.17590354549788012,595.6094740350267,1.5368332586482079
Birch,"{'n_clusters': 8, 'threshold': 0.2, 'branching_factor': 150}",0.1767912224129693,597.3394215402994,1.5357758790784564
Birch,"{'n_clusters': 8, 'threshold': 0.2, 'branching_factor': 200}",0.17485546557673595,595.3848123318536,1.5417401952005223
Birch,"{'n_clusters': 8, 'threshold': 0.2, 'branching_factor': 500}",0.15561052089127336,572.6804192276967,1.5838644035972416
Birch,"{'n_clusters': 8, 'threshold': 0.3, 'branching_factor': 10}",0.17077304655009637,564.0878055606803,1.5456886076336882
Birch,"{'n_clusters': 8, 'threshold': 0.3, 'branching_factor': 20}",0.16722712721201177,571.1336695227665,1.5823047314554772
Birch,"{'n_clusters': 8, 'threshold': 0.3, 'branching_factor': 30}",0.1772697987663024,599.3587345669021,1.577311877698216
Birch,"{'n_clusters': 8, 'threshold': 0.3, 'branching_factor': 40}",0.16903132289081002,580.3899178835325,1.5780581633742292
Birch,"{'n_clusters': 8, 'threshold': 0.3, 'branching_factor': 50}",0.16437712537329,577.8973614689123,1.5533914927223758
Birch,"{'n_clusters': 8, 'threshold': 0.3, 'branching_factor': 75}",0.17535868565784352,599.5325456602029,1.5757680781475423
Birch,"{'n_clusters': 8, 'threshold': 0.3, 'branching_factor': 100}",0.17616658370523233,583.6026929572829,1.5417287140744194
Birch,"{'n_clusters': 8, 'threshold': 0.3, 'branching_factor': 150}",0.18135228036155776,604.4485297916087,1.5712012953944514
Birch,"{'n_clusters': 8, 'threshold': 0.3, 'branching_factor': 200}",0.16707783081434724,585.6174649925808,1.5576230291941304
Birch,"{'n_clusters': 8, 'threshold': 0.3, 'branching_factor': 500}",0.17568266388505382,580.8895473275059,1.550328275528139
Birch,"{'n_clusters': 8, 'threshold': 0.5, 'branching_factor': 10}",0.17532872128739505,599.7237031285811,1.5619102105480391
Birch,"{'n_clusters': 8, 'threshold': 0.5, 'branching_factor': 20}",0.18162650658135368,558.3289693518904,1.6327955280851953
Birch,"{'n_clusters': 8, 'threshold': 0.5, 'branching_factor': 30}",0.1707679191740864,570.1360906994774,1.5059346511422884
Birch,"{'n_clusters': 8, 'threshold': 0.5, 'branching_factor': 40}",0.16644939961237298,586.6961571309995,1.5581816993797106
Birch,"{'n_clusters': 8, 'threshold': 0.5, 'branching_factor': 50}",0.15375540783206462,563.1849978011618,1.5743522659566906
Birch,"{'n_clusters': 8, 'threshold': 0.5, 'branching_factor': 75}",0.18734021510144652,557.9627745291424,1.6073509401502377
Birch,"{'n_clusters': 8, 'threshold': 0.5, 'branching_factor': 100}",0.19927922661620195,537.251476343516,1.5940005407337774
Birch,"{'n_clusters': 8, 'threshold': 0.5, 'branching_factor': 150}",0.17049741725716347,576.236710079389,1.4898389945391082
Birch,"{'n_clusters': 8, 'threshold': 0.5, 'branching_factor': 200}",0.2182300749449764,549.7417169391878,1.5414255015573324
Birch,"{'n_clusters': 8, 'threshold': 0.5, 'branching_factor': 500}",0.1676220973667327,564.7758920012044,1.5457842500354542
Birch,"{'n_clusters': 8, 'threshold': 1.0, 'branching_factor': 10}",0.21014672698285405,546.6245753471238,1.568146353474734
Birch,"{'n_clusters': 8, 'threshold': 1.0, 'branching_factor': 20}",0.18573979183007513,524.0109935241477,1.7959863818564203
Birch,"{'n_clusters': 8, 'threshold': 1.0, 'branching_factor': 30}",0.19238359117070547,507.5879802484888,1.5640239362495345
Birch,"{'n_clusters': 8, 'threshold': 1.0, 'branching_factor': 40}",0.16744009635411974,516.314206129831,1.670577782667694
Birch,"{'n_clusters': 8, 'threshold': 1.0, 'branching_factor': 50}",0.20260627387739805,545.4957855994553,1.5008414160263632
Birch,"{'n_clusters': 8, 'threshold': 1.0, 'branching_factor': 75}",0.1966398009752136,542.6543444274247,1.5057918863613886
Birch,"{'n_clusters': 8, 'threshold': 1.0, 'branching_factor': 100}",0.19903370461329586,533.5940825449974,1.5412465677283813
Birch,"{'n_clusters': 8, 'threshold': 1.0, 'branching_factor': 150}",0.20536386570180143,552.6627420540959,1.59504496014972
Birch,"{'n_clusters': 8, 'threshold': 1.0, 'branching_factor': 200}",0.20020913628716325,529.0918539368987,1.5973043598002263
Birch,"{'n_clusters': 8, 'threshold': 1.0, 'branching_factor': 500}",0.20087523106547187,514.6089154170554,1.569661230112187
Birch,"{'n_clusters': 8, 'threshold': 1.5, 'branching_factor': 10}",0.16957341846958787,504.3857992239756,1.6875578430097646
Birch,"{'n_clusters': 8, 'threshold': 1.5, 'branching_factor': 20}",0.14442851792729955,511.61638925219614,1.6873344310710179
Birch,"{'n_clusters': 8, 'threshold': 1.5, 'branching_factor': 30}",0.19893000873734096,512.9702361888151,1.6240910190914994
Birch,"{'n_clusters': 8, 'threshold': 1.5, 'branching_factor': 40}",0.22624264932788882,468.95193343793073,1.7250729809158138
Birch,"{'n_clusters': 8, 'threshold': 1.5, 'branching_factor': 50}",0.23272785184413639,475.04694801921556,1.6384134376541655
Birch,"{'n_clusters': 8, 'threshold': 1.5, 'branching_factor': 75}",0.2070599578261766,518.9894014402836,1.6188244579740028
Birch,"{'n_clusters': 8, 'threshold': 1.5, 'branching_factor': 100}",0.22809319171552422,465.53692945579076,1.5558724242584576
Birch,"{'n_clusters': 8, 'threshold': 1.5, 'branching_factor': 150}",0.24125321768010005,483.59776763469,1.5597577031694279
Birch,"{'n_clusters': 8, 'threshold': 1.5, 'branching_factor': 200}",0.23878676831360524,474.5200829439602,1.5622134473861928
Birch,"{'n_clusters': 8, 'threshold': 1.5, 'branching_factor': 500}",0.23436216072358496,460.2487326866932,1.6317983142319172
Birch,"{'n_clusters': 8, 'threshold': 2, 'branching_factor': 10}",0.227364803204589,462.3001339762907,1.6752947949579982
Birch,"{'n_clusters': 8, 'threshold': 2, 'branching_factor': 20}",0.2376402660482734,460.59037189438357,1.4563720478304558
Birch,"{'n_clusters': 8, 'threshold': 2, 'branching_factor': 30}",0.21561917930561814,432.19096943566205,1.5642312011032278
Birch,"{'n_clusters': 8, 'threshold': 2, 'branching_factor': 40}",0.23788733645477517,456.01783259039945,1.6438577881447871
Birch,"{'n_clusters': 8, 'threshold': 2, 'branching_factor': 50}",0.23289645820455918,461.7795108409309,1.627321525221939
Birch,"{'n_clusters': 8, 'threshold': 2, 'branching_factor': 75}",0.1966041345809006,486.1248908559008,1.7165171017994467
Birch,"{'n_clusters': 8, 'threshold': 2, 'branching_factor': 100}",0.20303065154003663,481.62869584551487,1.7299406901203924
Birch,"{'n_clusters': 8, 'threshold': 2, 'branching_factor': 150}",0.20303065154003663,481.62869584551487,1.7299406901203924
Birch,"{'n_clusters': 8, 'threshold': 2, 'branching_factor': 200}",0.20303065154003663,481.62869584551487,1.7299406901203924
Birch,"{'n_clusters': 8, 'threshold': 2, 'branching_factor': 500}",0.20303065154003663,481.62869584551487,1.7299406901203924
Birch,"{'n_clusters': 9, 'threshold': 0.01, 'branching_factor': 10}",0.17341485529915507,549.172234683247,1.534509961753618
Birch,"{'n_clusters': 9, 'threshold': 0.01, 'branching_factor': 20}",0.17341485529915507,549.172234683247,1.534509961753618
Birch,"{'n_clusters': 9, 'threshold': 0.01, 'branching_factor': 30}",0.17341485529915507,549.172234683247,1.534509961753618
Birch,"{'n_clusters': 9, 'threshold': 0.01, 'branching_factor': 40}",0.17341485529915507,549.172234683247,1.534509961753618
Birch,"{'n_clusters': 9, 'threshold': 0.01, 'branching_factor': 50}",0.17341485529915507,549.172234683247,1.534509961753618
Birch,"{'n_clusters': 9, 'threshold': 0.01, 'branching_factor': 75}",0.17341485529915507,549.172234683247,1.534509961753618
Birch,"{'n_clusters': 9, 'threshold': 0.01, 'branching_factor': 100}",0.17341485529915507,549.172234683247,1.534509961753618
Birch,"{'n_clusters': 9, 'threshold': 0.01, 'branching_factor': 150}",0.17341485529915507,549.172234683247,1.534509961753618
Birch,"{'n_clusters': 9, 'threshold': 0.01, 'branching_factor': 200}",0.17341485529915507,549.172234683247,1.534509961753618
Birch,"{'n_clusters': 9, 'threshold': 0.01, 'branching_factor': 500}",0.17341485529915507,549.172234683247,1.534509961753618
Birch,"{'n_clusters': 9, 'threshold': 0.02, 'branching_factor': 10}",0.17341485529915507,549.172234683247,1.534509961753618
Birch,"{'n_clusters': 9, 'threshold': 0.02, 'branching_factor': 20}",0.17341485529915507,549.172234683247,1.534509961753618
Birch,"{'n_clusters': 9, 'threshold': 0.02, 'branching_factor': 30}",0.17341485529915507,549.172234683247,1.534509961753618
Birch,"{'n_clusters': 9, 'threshold': 0.02, 'branching_factor': 40}",0.17341485529915507,549.172234683247,1.534509961753618
Birch,"{'n_clusters': 9, 'threshold': 0.02, 'branching_factor': 50}",0.17341485529915507,549.172234683247,1.534509961753618
Birch,"{'n_clusters': 9, 'threshold': 0.02, 'branching_factor': 75}",0.17341485529915507,549.172234683247,1.534509961753618
Birch,"{'n_clusters': 9, 'threshold': 0.02, 'branching_factor': 100}",0.17341485529915507,549.172234683247,1.534509961753618
Birch,"{'n_clusters': 9, 'threshold': 0.02, 'branching_factor': 150}",0.17341485529915507,549.172234683247,1.534509961753618
Birch,"{'n_clusters': 9, 'threshold': 0.02, 'branching_factor': 200}",0.17341485529915507,549.172234683247,1.534509961753618
Birch,"{'n_clusters': 9, 'threshold': 0.02, 'branching_factor': 500}",0.17341485529915507,549.172234683247,1.534509961753618
Birch,"{'n_clusters': 9, 'threshold': 0.05, 'branching_factor': 10}",0.17689459171181499,548.972650199754,1.5181030939985176
Birch,"{'n_clusters': 9, 'threshold': 0.05, 'branching_factor': 20}",0.17689459171181499,548.972650199754,1.5181030939985176
Birch,"{'n_clusters': 9, 'threshold': 0.05, 'branching_factor': 30}",0.17689459171181499,548.972650199754,1.5181030939985176
Birch,"{'n_clusters': 9, 'threshold': 0.05, 'branching_factor': 40}",0.17341485529915507,549.172234683247,1.534509961753618
Birch,"{'n_clusters': 9, 'threshold': 0.05, 'branching_factor': 50}",0.17689459171181499,548.972650199754,1.5181030939985176
Birch,"{'n_clusters': 9, 'threshold': 0.05, 'branching_factor': 75}",0.17689459171181499,548.972650199754,1.5181030939985176
Birch,"{'n_clusters': 9, 'threshold': 0.05, 'branching_factor': 100}",0.17689459171181499,548.972650199754,1.5181030939985176
Birch,"{'n_clusters': 9, 'threshold': 0.05, 'branching_factor': 150}",0.17689459171181499,548.972650199754,1.5181030939985176
Birch,"{'n_clusters': 9, 'threshold': 0.05, 'branching_factor': 200}",0.17689459171181499,548.972650199754,1.5181030939985176
Birch,"{'n_clusters': 9, 'threshold': 0.05, 'branching_factor': 500}",0.17689459171181499,548.972650199754,1.5181030939985176
Birch,"{'n_clusters': 9, 'threshold': 0.1, 'branching_factor': 10}",0.1743404843271804,546.9310290648656,1.5676391113039143
Birch,"{'n_clusters': 9, 'threshold': 0.1, 'branching_factor': 20}",0.17740939501134537,548.8771724086876,1.563864012353056
Birch,"{'n_clusters': 9, 'threshold': 0.1, 'branching_factor': 30}",0.17740939501134537,548.8771724086876,1.563864012353056
Birch,"{'n_clusters': 9, 'threshold': 0.1, 'branching_factor': 40}",0.178612008998999,550.7850367738922,1.5625627676180283
Birch,"{'n_clusters': 9, 'threshold': 0.1, 'branching_factor': 50}",0.17740939501134537,548.8771724086876,1.563864012353056
Birch,"{'n_clusters': 9, 'threshold': 0.1, 'branching_factor': 75}",0.17545023642031918,548.802875112485,1.5663356657720766
Birch,"{'n_clusters': 9, 'threshold': 0.1, 'branching_factor': 100}",0.1743404843271804,546.9310290648656,1.5676391113039143
Birch,"{'n_clusters': 9, 'threshold': 0.1, 'branching_factor': 150}",0.17740939501134537,548.8771724086876,1.563864012353056
Birch,"{'n_clusters': 9, 'threshold': 0.1, 'branching_factor': 200}",0.178612008998999,550.7850367738922,1.5625627676180283
Birch,"{'n_clusters': 9, 'threshold': 0.1, 'branching_factor': 500}",0.1743404843271804,546.9310290648656,1.5676391113039143
Birch,"{'n_clusters': 9, 'threshold': 0.2, 'branching_factor': 10}",0.18244987615604746,558.7032550601705,1.573688409441352
Birch,"{'n_clusters': 9, 'threshold': 0.2, 'branching_factor': 20}",0.1734715906237356,551.7258456594676,1.589439327987918
Birch,"{'n_clusters': 9, 'threshold': 0.2, 'branching_factor': 30}",0.1775882022445214,558.7827744841854,1.5340025007379559
Birch,"{'n_clusters': 9, 'threshold': 0.2, 'branching_factor': 40}",0.18645420469947424,562.1623720691388,1.5688896274043538
Birch,"{'n_clusters': 9, 'threshold': 0.2, 'branching_factor': 50}",0.16865361341166268,559.7397994498133,1.5659302653599394
Birch,"{'n_clusters': 9, 'threshold': 0.2, 'branching_factor': 75}",0.1665982509515554,546.8635791420436,1.5592158843611346
Birch,"{'n_clusters': 9, 'threshold': 0.2, 'branching_factor': 100}",0.18244987615604746,558.7032550601705,1.573688409441352
Birch,"{'n_clusters': 9, 'threshold': 0.2, 'branching_factor': 150}",0.1833645279609127,560.3519392547114,1.5727485164904618
Birch,"{'n_clusters': 9, 'threshold': 0.2, 'branching_factor': 200}",0.18142881136337852,558.4891653109089,1.578050130821187
Birch,"{'n_clusters': 9, 'threshold': 0.2, 'branching_factor': 500}",0.15729760907847473,539.7956186341797,1.5710225748440119
Birch,"{'n_clusters': 9, 'threshold': 0.3, 'branching_factor': 10}",0.1770997554109126,529.5005976749457,1.6305855091566959
Birch,"{'n_clusters': 9, 'threshold': 0.3, 'branching_factor': 20}",0.15981932051679837,539.4744194091637,1.5802548376122916
Birch,"{'n_clusters': 9, 'threshold': 0.3, 'branching_factor': 30}",0.18360434244552584,559.809488690367,1.5678292723897043
Birch,"{'n_clusters': 9, 'threshold': 0.3, 'branching_factor': 40}",0.17617206196515958,547.3641569106318,1.657385157678781
Birch,"{'n_clusters': 9, 'threshold': 0.3, 'branching_factor': 50}",0.17152800695015583,543.0048562362813,1.5795054672336384
Birch,"{'n_clusters': 9, 'threshold': 0.3, 'branching_factor': 75}",0.1817181221434421,559.9742747465243,1.5664570061224383
Birch,"{'n_clusters': 9, 'threshold': 0.3, 'branching_factor': 100}",0.16707948281184873,556.8015491869353,1.5727092196074866
Birch,"{'n_clusters': 9, 'threshold': 0.3, 'branching_factor': 150}",0.18772531902789452,564.6359854752126,1.5674579158769217
Birch,"{'n_clusters': 9, 'threshold': 0.3, 'branching_factor': 200}",0.16933374842839707,553.7915841567439,1.586593042999729
Birch,"{'n_clusters': 9, 'threshold': 0.3, 'branching_factor': 500}",0.18161903718054498,542.3128599781328,1.5438438482385246
Birch,"{'n_clusters': 9, 'threshold': 0.5, 'branching_factor': 10}",0.18306774574881876,564.3089599131445,1.5786747508585934
Birch,"{'n_clusters': 9, 'threshold': 0.5, 'branching_factor': 20}",0.16505423212655002,555.8647239991066,1.605774422016673
Birch,"{'n_clusters': 9, 'threshold': 0.5, 'branching_factor': 30}",0.17656411018085352,529.8598577623907,1.526193927813555
Birch,"{'n_clusters': 9, 'threshold': 0.5, 'branching_factor': 40}",0.17272003267193092,545.8381659158881,1.5727434158306153
Birch,"{'n_clusters': 9, 'threshold': 0.5, 'branching_factor': 50}",0.16162224829920932,529.0461310191574,1.575171700032621
Birch,"{'n_clusters': 9, 'threshold': 0.5, 'branching_factor': 75}",0.18212527934722741,522.1727743926128,1.6255417573788564
Birch,"{'n_clusters': 9, 'threshold': 0.5, 'branching_factor': 100}",0.16685752166210122,537.5575813909386,1.5676809663035407
Birch,"{'n_clusters': 9, 'threshold': 0.5, 'branching_factor': 150}",0.17840999135742444,541.4896888802633,1.5000224561569313
Birch,"{'n_clusters': 9, 'threshold': 0.5, 'branching_factor': 200}",0.1823795953222051,553.1653304752489,1.5169299860494894
Birch,"{'n_clusters': 9, 'threshold': 0.5, 'branching_factor': 500}",0.17526557519829628,531.191380373061,1.5795280550057917
Birch,"{'n_clusters': 9, 'threshold': 1.0, 'branching_factor': 10}",0.19348647452398593,509.86966365640916,1.5497620562241798
Birch,"{'n_clusters': 9, 'threshold': 1.0, 'branching_factor': 20}",0.19008661201137106,483.25218055786183,1.6755707993690683
Birch,"{'n_clusters': 9, 'threshold': 1.0, 'branching_factor': 30}",0.14988555750140203,514.277902484313,1.5971088964162692
Birch,"{'n_clusters': 9, 'threshold': 1.0, 'branching_factor': 40}",0.1680481935959846,485.35702567062106,1.6971830206368723
Birch,"{'n_clusters': 9, 'threshold': 1.0, 'branching_factor': 50}",0.20548970713206344,499.391310753941,1.6194254685362268
Birch,"{'n_clusters': 9, 'threshold': 1.0, 'branching_factor': 75}",0.1897071948137766,519.0209419465551,1.4941856597728638
Birch,"{'n_clusters': 9, 'threshold': 1.0, 'branching_factor': 100}",0.18264252831240269,518.8047833387895,1.5974809203118119
Birch,"{'n_clusters': 9, 'threshold': 1.0, 'branching_factor': 150}",0.1910454506608938,518.9080826524023,1.6176558767151656
Birch,"{'n_clusters': 9, 'threshold': 1.0, 'branching_factor': 200}",0.20173163187261178,484.86244247932814,1.6068439485773744
Birch,"{'n_clusters': 9, 'threshold': 1.0, 'branching_factor': 500}",0.19860713496262528,489.70222912430125,1.684301763882309
Birch,"{'n_clusters': 9, 'threshold': 1.5, 'branching_factor': 10}",0.17052808121228616,458.767861655159,1.6723696663006502
Birch,"{'n_clusters': 9, 'threshold': 1.5, 'branching_factor': 20}",0.14731667799492634,470.8872396967469,1.6616689819061254
Birch,"{'n_clusters': 9, 'threshold': 1.5, 'branching_factor': 30}",0.19800833704795984,459.2569231199619,1.6235868603922885
Birch,"{'n_clusters': 9, 'threshold': 1.5, 'branching_factor': 40}",0.22674145495214165,422.92428319352746,1.6148079230048102
Birch,"{'n_clusters': 9, 'threshold': 1.5, 'branching_factor': 50}",0.22683244266028244,446.39636316737597,1.6235883747266306
Birch,"{'n_clusters': 9, 'threshold': 1.5, 'branching_factor': 75}",0.20527567707868263,470.00347000288053,1.6075068078298036
Birch,"{'n_clusters': 9, 'threshold': 1.5, 'branching_factor': 100}",0.22721673986833885,420.10135359564646,1.5443880793261877
Birch,"{'n_clusters': 9, 'threshold': 1.5, 'branching_factor': 150}",0.23706622055249152,438.85077115128,1.5641315220913852
Birch,"{'n_clusters': 9, 'threshold': 1.5, 'branching_factor': 200}",0.2082866145133686,508.64406111341884,1.5816222868467873
Birch,"{'n_clusters': 9, 'threshold': 1.5, 'branching_factor': 500}",0.18176731313708627,458.3600922027675,1.6602605749003019
Birch,"{'n_clusters': 9, 'threshold': 2, 'branching_factor': 10}",0.2319026452682372,426.30819743027155,1.6274862791053522
Birch,"{'n_clusters': 9, 'threshold': 2, 'branching_factor': 20}",0.2378700256668356,408.9857499450617,1.5585384733999645
Birch,"{'n_clusters': 9, 'threshold': 2, 'branching_factor': 30}",0.210483323277264,383.4927475961142,1.5302196762395064
Birch,"{'n_clusters': 9, 'threshold': 2, 'branching_factor': 40}",0.23533056500196103,405.1017126085675,1.5282909578048742
Birch,"{'n_clusters': 9, 'threshold': 2, 'branching_factor': 50}",0.2312160755139393,416.77637615284226,1.5428270316761905
Birch,"{'n_clusters': 9, 'threshold': 2, 'branching_factor': 75}",0.19279579528513882,436.7705074089155,1.6837382842584752
Birch,"{'n_clusters': 9, 'threshold': 2, 'branching_factor': 100}",0.20290617376691422,427.6243206380595,1.660588522398424
Birch,"{'n_clusters': 9, 'threshold': 2, 'branching_factor': 150}",0.20290617376691422,427.6243206380595,1.660588522398424
Birch,"{'n_clusters': 9, 'threshold': 2, 'branching_factor': 200}",0.20290617376691422,427.6243206380595,1.660588522398424
Birch,"{'n_clusters': 9, 'threshold': 2, 'branching_factor': 500}",0.20290617376691422,427.6243206380595,1.660588522398424
Birch,"{'n_clusters': 10, 'threshold': 0.01, 'branching_factor': 10}",0.1810442167175018,521.5110172095416,1.5908689112039376
Birch,"{'n_clusters': 10, 'threshold': 0.01, 'branching_factor': 20}",0.1810442167175018,521.5110172095416,1.5908689112039376
Birch,"{'n_clusters': 10, 'threshold': 0.01, 'branching_factor': 30}",0.1810442167175018,521.5110172095416,1.5908689112039376
Birch,"{'n_clusters': 10, 'threshold': 0.01, 'branching_factor': 40}",0.1810442167175018,521.5110172095416,1.5908689112039376
Birch,"{'n_clusters': 10, 'threshold': 0.01, 'branching_factor': 50}",0.1810442167175018,521.5110172095416,1.5908689112039376
Birch,"{'n_clusters': 10, 'threshold': 0.01, 'branching_factor': 75}",0.1810442167175018,521.5110172095416,1.5908689112039376
Birch,"{'n_clusters': 10, 'threshold': 0.01, 'branching_factor': 100}",0.1810442167175018,521.5110172095416,1.5908689112039376
Birch,"{'n_clusters': 10, 'threshold': 0.01, 'branching_factor': 150}",0.1810442167175018,521.5110172095416,1.5908689112039376
Birch,"{'n_clusters': 10, 'threshold': 0.01, 'branching_factor': 200}",0.1810442167175018,521.5110172095416,1.5908689112039376
Birch,"{'n_clusters': 10, 'threshold': 0.01, 'branching_factor': 500}",0.1810442167175018,521.5110172095416,1.5908689112039376
Birch,"{'n_clusters': 10, 'threshold': 0.02, 'branching_factor': 10}",0.1810442167175018,521.5110172095416,1.5908689112039376
Birch,"{'n_clusters': 10, 'threshold': 0.02, 'branching_factor': 20}",0.1810442167175018,521.5110172095416,1.5908689112039376
Birch,"{'n_clusters': 10, 'threshold': 0.02, 'branching_factor': 30}",0.1810442167175018,521.5110172095416,1.5908689112039376
Birch,"{'n_clusters': 10, 'threshold': 0.02, 'branching_factor': 40}",0.1810442167175018,521.5110172095416,1.5908689112039376
Birch,"{'n_clusters': 10, 'threshold': 0.02, 'branching_factor': 50}",0.1810442167175018,521.5110172095416,1.5908689112039376
Birch,"{'n_clusters': 10, 'threshold': 0.02, 'branching_factor': 75}",0.1810442167175018,521.5110172095416,1.5908689112039376
Birch,"{'n_clusters': 10, 'threshold': 0.02, 'branching_factor': 100}",0.1810442167175018,521.5110172095416,1.5908689112039376
Birch,"{'n_clusters': 10, 'threshold': 0.02, 'branching_factor': 150}",0.1810442167175018,521.5110172095416,1.5908689112039376
Birch,"{'n_clusters': 10, 'threshold': 0.02, 'branching_factor': 200}",0.1810442167175018,521.5110172095416,1.5908689112039376
Birch,"{'n_clusters': 10, 'threshold': 0.02, 'branching_factor': 500}",0.1810442167175018,521.5110172095416,1.5908689112039376
Birch,"{'n_clusters': 10, 'threshold': 0.05, 'branching_factor': 10}",0.18466651365365921,521.3183161021047,1.5761027302243473
Birch,"{'n_clusters': 10, 'threshold': 0.05, 'branching_factor': 20}",0.18466651365365921,521.3183161021047,1.5761027302243473
Birch,"{'n_clusters': 10, 'threshold': 0.05, 'branching_factor': 30}",0.18466651365365921,521.3183161021047,1.5761027302243473
Birch,"{'n_clusters': 10, 'threshold': 0.05, 'branching_factor': 40}",0.1810442167175018,521.5110172095416,1.5908689112039376
Birch,"{'n_clusters': 10, 'threshold': 0.05, 'branching_factor': 50}",0.18466651365365921,521.3183161021047,1.5761027302243473
Birch,"{'n_clusters': 10, 'threshold': 0.05, 'branching_factor': 75}",0.18466651365365921,521.3183161021047,1.5761027302243473
Birch,"{'n_clusters': 10, 'threshold': 0.05, 'branching_factor': 100}",0.18466651365365921,521.3183161021047,1.5761027302243473
Birch,"{'n_clusters': 10, 'threshold': 0.05, 'branching_factor': 150}",0.18466651365365921,521.3183161021047,1.5761027302243473
Birch,"{'n_clusters': 10, 'threshold': 0.05, 'branching_factor': 200}",0.18466651365365921,521.3183161021047,1.5761027302243473
Birch,"{'n_clusters': 10, 'threshold': 0.05, 'branching_factor': 500}",0.18466651365365921,521.3183161021047,1.5761027302243473
Birch,"{'n_clusters': 10, 'threshold': 0.1, 'branching_factor': 10}",0.1777120095162783,519.1015692172037,1.5292559033346182
Birch,"{'n_clusters': 10, 'threshold': 0.1, 'branching_factor': 20}",0.18057349652668037,520.979259575252,1.528357191942276
Birch,"{'n_clusters': 10, 'threshold': 0.1, 'branching_factor': 30}",0.18057349652668037,520.979259575252,1.528357191942276
Birch,"{'n_clusters': 10, 'threshold': 0.1, 'branching_factor': 40}",0.18192006662383733,522.8203529034213,1.526975408113896
Birch,"{'n_clusters': 10, 'threshold': 0.1, 'branching_factor': 50}",0.18057349652668037,520.979259575252,1.528357191942276
Birch,"{'n_clusters': 10, 'threshold': 0.1, 'branching_factor': 75}",0.17897435684778515,520.9075692411959,1.527833392844904
Birch,"{'n_clusters': 10, 'threshold': 0.1, 'branching_factor': 100}",0.1777120095162783,519.1015692172037,1.5292559033346182
Birch,"{'n_clusters': 10, 'threshold': 0.1, 'branching_factor': 150}",0.18057349652668037,520.979259575252,1.528357191942276
Birch,"{'n_clusters': 10, 'threshold': 0.1, 'branching_factor': 200}",0.18192006662383733,522.8203529034213,1.526975408113896
Birch,"{'n_clusters': 10, 'threshold': 0.1, 'branching_factor': 500}",0.1777120095162783,519.1015692172037,1.5292559033346182
Birch,"{'n_clusters': 10, 'threshold': 0.2, 'branching_factor': 10}",0.18172082378312834,528.7762797550413,1.5910190913276205
Birch,"{'n_clusters': 10, 'threshold': 0.2, 'branching_factor': 20}",0.17592286833160062,524.3319607049195,1.5923903152330678
Birch,"{'n_clusters': 10, 'threshold': 0.2, 'branching_factor': 30}",0.1856650218059889,530.83809603138,1.5901693953786382
Birch,"{'n_clusters': 10, 'threshold': 0.2, 'branching_factor': 40}",0.185463430314097,532.1463796927842,1.5828681599009276
Birch,"{'n_clusters': 10, 'threshold': 0.2, 'branching_factor': 50}",0.17645489553520646,532.1462751877656,1.6049362544480679
Birch,"{'n_clusters': 10, 'threshold': 0.2, 'branching_factor': 75}",0.17411098737039934,521.5457051663344,1.5937698570221186
Birch,"{'n_clusters': 10, 'threshold': 0.2, 'branching_factor': 100}",0.18172082378312834,528.7762797550413,1.5910190913276205
Birch,"{'n_clusters': 10, 'threshold': 0.2, 'branching_factor': 150}",0.18278506725656327,530.3622703546754,1.589727117152249
Birch,"{'n_clusters': 10, 'threshold': 0.2, 'branching_factor': 200}",0.18108768978179748,528.5703483277222,1.5942575552925435
Birch,"{'n_clusters': 10, 'threshold': 0.2, 'branching_factor': 500}",0.16582690891812016,514.68779132855,1.6063512824518784
Birch,"{'n_clusters': 10, 'threshold': 0.3, 'branching_factor': 10}",0.18339847849653962,502.4873915891662,1.6167238012331873
Birch,"{'n_clusters': 10, 'threshold': 0.3, 'branching_factor': 20}",0.16825351926609364,514.851280728758,1.6447634949549486
Birch,"{'n_clusters': 10, 'threshold': 0.3, 'branching_factor': 30}",0.1901163391171263,531.3089988895993,1.6184500996496243
Birch,"{'n_clusters': 10, 'threshold': 0.3, 'branching_factor': 40}",0.1826395600969154,519.7153153820364,1.6408434849030638
Birch,"{'n_clusters': 10, 'threshold': 0.3, 'branching_factor': 50}",0.17169859366081539,518.2720919919801,1.5981249581051509
Birch,"{'n_clusters': 10, 'threshold': 0.3, 'branching_factor': 75}",0.18448341528662213,528.4017553506766,1.5885440326724916
Birch,"{'n_clusters': 10, 'threshold': 0.3, 'branching_factor': 100}",0.17349983211528805,528.8287240403525,1.5654370424224489
Birch,"{'n_clusters': 10, 'threshold': 0.3, 'branching_factor': 150}",0.18950481911098122,531.7545946667614,1.576889018406476
Birch,"{'n_clusters': 10, 'threshold': 0.3, 'branching_factor': 200}",0.17577411596359288,525.9212014982791,1.5786542301791096
Birch,"{'n_clusters': 10, 'threshold': 0.3, 'branching_factor': 500}",0.16107037947221062,519.4180169901704,1.605313220825104
Birch,"{'n_clusters': 10, 'threshold': 0.5, 'branching_factor': 10}",0.1862740579563827,533.4707809030554,1.5966421769770445
Birch,"{'n_clusters': 10, 'threshold': 0.5, 'branching_factor': 20}",0.17075553491380815,528.9906420740434,1.624258468523665
Birch,"{'n_clusters': 10, 'threshold': 0.5, 'branching_factor': 30}",0.1815992744922278,506.1020792988225,1.5429768599102767
Birch,"{'n_clusters': 10, 'threshold': 0.5, 'branching_factor': 40}",0.17874206177178867,519.5983724872966,1.5904034932792024
Birch,"{'n_clusters': 10, 'threshold': 0.5, 'branching_factor': 50}",0.16283903513271225,502.95106271338693,1.586995120483868
Birch,"{'n_clusters': 10, 'threshold': 0.5, 'branching_factor': 75}",0.1697740641787832,521.466739326201,1.615093495337753
Birch,"{'n_clusters': 10, 'threshold': 0.5, 'branching_factor': 100}",0.17406928443238073,512.0623288574145,1.6082320957406657
Birch,"{'n_clusters': 10, 'threshold': 0.5, 'branching_factor': 150}",0.18563382307913587,517.5238635756518,1.546232203380176
Birch,"{'n_clusters': 10, 'threshold': 0.5, 'branching_factor': 200}",0.18708594571694304,526.5710636639936,1.5466013001693104
Birch,"{'n_clusters': 10, 'threshold': 0.5, 'branching_factor': 500}",0.1839623526517231,509.83474030718054,1.6280904250878077
Birch,"{'n_clusters': 10, 'threshold': 1.0, 'branching_factor': 10}",0.18557842684831366,483.4791428895894,1.5668243851095336
Birch,"{'n_clusters': 10, 'threshold': 1.0, 'branching_factor': 20}",0.17461237590450582,461.89675097158823,1.7159715880813753
Birch,"{'n_clusters': 10, 'threshold': 1.0, 'branching_factor': 30}",0.15817771137849201,493.55083097829174,1.6307871970813808
Birch,"{'n_clusters': 10, 'threshold': 1.0, 'branching_factor': 40}",0.14557082897542342,469.2231022657907,1.7414604536143223
Birch,"{'n_clusters': 10, 'threshold': 1.0, 'branching_factor': 50}",0.19816417030912703,484.8157171780658,1.6219443083554157
Birch,"{'n_clusters': 10, 'threshold': 1.0, 'branching_factor': 75}",0.1924370774813424,481.28268439555904,1.5733817195147408
Birch,"{'n_clusters': 10, 'threshold': 1.0, 'branching_factor': 100}",0.17551884725981906,488.00622202397295,1.6597818409465532
Birch,"{'n_clusters': 10, 'threshold': 1.0, 'branching_factor': 150}",0.19197375675398087,478.4694170492292,1.6508638537823284
Birch,"{'n_clusters': 10, 'threshold': 1.0, 'branching_factor': 200}",0.17572503635642941,457.27615896861215,1.6149411072114606
Birch,"{'n_clusters': 10, 'threshold': 1.0, 'branching_factor': 500}",0.1987652583238277,451.9661667080671,1.6405596370730684
Birch,"{'n_clusters': 10, 'threshold': 1.5, 'branching_factor': 10}",0.16944020749562014,415.2860325734804,1.7154299485627469
Birch,"{'n_clusters': 10, 'threshold': 1.5, 'branching_factor': 20}",0.14739921899394828,433.21707477647726,1.7030551619127063
Birch,"{'n_clusters': 10, 'threshold': 1.5, 'branching_factor': 30}",0.1916395631154143,467.48252832111444,1.6208583628209605
Birch,"{'n_clusters': 10, 'threshold': 1.5, 'branching_factor': 40}",0.20299664766910433,392.75530226307114,1.6848082559684403
Birch,"{'n_clusters': 10, 'threshold': 1.5, 'branching_factor': 50}",0.19292328970532543,481.57331833997745,1.628925435308508
Birch,"{'n_clusters': 10, 'threshold': 1.5, 'branching_factor': 75}",0.20668737842177545,429.06181174089636,1.6580543703786585
Birch,"{'n_clusters': 10, 'threshold': 1.5, 'branching_factor': 100}",0.2226608784921301,378.3961813887328,1.5258590142259414
Birch,"{'n_clusters': 10, 'threshold': 1.5, 'branching_factor': 150}",0.2237478027576631,400.5209928938457,1.5635374559695983
Birch,"{'n_clusters': 10, 'threshold': 1.5, 'branching_factor': 200}",0.20224002771972474,461.1635400457914,1.6605549013616385
Birch,"{'n_clusters': 10, 'threshold': 1.5, 'branching_factor': 500}",0.17709855724398743,413.16418891209577,1.6227183735913158
Birch,"{'n_clusters': 10, 'threshold': 2, 'branching_factor': 10}",0.23232231945516318,389.71113485728216,1.6142464329477064
Birch,"{'n_clusters': 10, 'threshold': 2, 'branching_factor': 20}",0.2336722019641943,368.08198800673995,1.5347841782009894
Birch,"{'n_clusters': 10, 'threshold': 2, 'branching_factor': 30}",0.2108364468827591,348.9325365395276,1.556509064264615
Birch,"{'n_clusters': 10, 'threshold': 2, 'branching_factor': 40}",0.2328560042699432,368.72157387014454,1.5043339353002794
Birch,"{'n_clusters': 10, 'threshold': 2, 'branching_factor': 50}",0.2320941410963265,376.11202009773746,1.495606977013176
Birch,"{'n_clusters': 10, 'threshold': 2, 'branching_factor': 75}",0.19284883854900212,393.8767035782512,1.6141912561378498
Birch,"{'n_clusters': 10, 'threshold': 2, 'branching_factor': 100}",0.16755355710465203,414.85429859192675,1.5027715996395588
Birch,"{'n_clusters': 10, 'threshold': 2, 'branching_factor': 150}",0.16755355710465203,414.85429859192675,1.5027715996395588
Birch,"{'n_clusters': 10, 'threshold': 2, 'branching_factor': 200}",0.16755355710465203,414.85429859192675,1.5027715996395588
Birch,"{'n_clusters': 10, 'threshold': 2, 'branching_factor': 500}",0.16755355710465203,414.85429859192675,1.5027715996395588
Birch,"{'n_clusters': 11, 'threshold': 0.01, 'branching_factor': 10}",0.18693538804155735,498.51916249900097,1.6445135091040726
Birch,"{'n_clusters': 11, 'threshold': 0.01, 'branching_factor': 20}",0.18693538804155735,498.51916249900097,1.6445135091040726
Birch,"{'n_clusters': 11, 'threshold': 0.01, 'branching_factor': 30}",0.18693538804155735,498.51916249900097,1.6445135091040726
Birch,"{'n_clusters': 11, 'threshold': 0.01, 'branching_factor': 40}",0.18693538804155735,498.51916249900097,1.6445135091040726
Birch,"{'n_clusters': 11, 'threshold': 0.01, 'branching_factor': 50}",0.18693538804155735,498.51916249900097,1.6445135091040726
Birch,"{'n_clusters': 11, 'threshold': 0.01, 'branching_factor': 75}",0.18693538804155735,498.51916249900097,1.6445135091040726
Birch,"{'n_clusters': 11, 'threshold': 0.01, 'branching_factor': 100}",0.18693538804155735,498.51916249900097,1.6445135091040726
Birch,"{'n_clusters': 11, 'threshold': 0.01, 'branching_factor': 150}",0.18693538804155735,498.51916249900097,1.6445135091040726
Birch,"{'n_clusters': 11, 'threshold': 0.01, 'branching_factor': 200}",0.18693538804155735,498.51916249900097,1.6445135091040726
Birch,"{'n_clusters': 11, 'threshold': 0.01, 'branching_factor': 500}",0.18693538804155735,498.51916249900097,1.6445135091040726
Birch,"{'n_clusters': 11, 'threshold': 0.02, 'branching_factor': 10}",0.18693538804155735,498.51916249900097,1.6445135091040726
Birch,"{'n_clusters': 11, 'threshold': 0.02, 'branching_factor': 20}",0.18693538804155735,498.51916249900097,1.6445135091040726
Birch,"{'n_clusters': 11, 'threshold': 0.02, 'branching_factor': 30}",0.18693538804155735,498.51916249900097,1.6445135091040726
Birch,"{'n_clusters': 11, 'threshold': 0.02, 'branching_factor': 40}",0.18693538804155735,498.51916249900097,1.6445135091040726
Birch,"{'n_clusters': 11, 'threshold': 0.02, 'branching_factor': 50}",0.18693538804155735,498.51916249900097,1.6445135091040726
Birch,"{'n_clusters': 11, 'threshold': 0.02, 'branching_factor': 75}",0.18693538804155735,498.51916249900097,1.6445135091040726
Birch,"{'n_clusters': 11, 'threshold': 0.02, 'branching_factor': 100}",0.18693538804155735,498.51916249900097,1.6445135091040726
Birch,"{'n_clusters': 11, 'threshold': 0.02, 'branching_factor': 150}",0.18693538804155735,498.51916249900097,1.6445135091040726
Birch,"{'n_clusters': 11, 'threshold': 0.02, 'branching_factor': 200}",0.18693538804155735,498.51916249900097,1.6445135091040726
Birch,"{'n_clusters': 11, 'threshold': 0.02, 'branching_factor': 500}",0.18693538804155735,498.51916249900097,1.6445135091040726
Birch,"{'n_clusters': 11, 'threshold': 0.05, 'branching_factor': 10}",0.19058844284393775,498.33181344353204,1.6310897082135356
Birch,"{'n_clusters': 11, 'threshold': 0.05, 'branching_factor': 20}",0.19058844284393775,498.33181344353204,1.6310897082135356
Birch,"{'n_clusters': 11, 'threshold': 0.05, 'branching_factor': 30}",0.19058844284393775,498.33181344353204,1.6310897082135356
Birch,"{'n_clusters': 11, 'threshold': 0.05, 'branching_factor': 40}",0.18693538804155735,498.51916249900097,1.6445135091040726
Birch,"{'n_clusters': 11, 'threshold': 0.05, 'branching_factor': 50}",0.19058844284393775,498.33181344353204,1.6310897082135356
Birch,"{'n_clusters': 11, 'threshold': 0.05, 'branching_factor': 75}",0.19058844284393775,498.33181344353204,1.6310897082135356
Birch,"{'n_clusters': 11, 'threshold': 0.05, 'branching_factor': 100}",0.19058844284393775,498.33181344353204,1.6310897082135356
Birch,"{'n_clusters': 11, 'threshold': 0.05, 'branching_factor': 150}",0.19058844284393775,498.33181344353204,1.6310897082135356
Birch,"{'n_clusters': 11, 'threshold': 0.05, 'branching_factor': 200}",0.19058844284393775,498.33181344353204,1.6310897082135356
Birch,"{'n_clusters': 11, 'threshold': 0.05, 'branching_factor': 500}",0.19058844284393775,498.33181344353204,1.6310897082135356
Birch,"{'n_clusters': 11, 'threshold': 0.1, 'branching_factor': 10}",0.18353059229156443,496.1768832297257,1.5885016837683275
Birch,"{'n_clusters': 11, 'threshold': 0.1, 'branching_factor': 20}",0.18639158422613816,498.00218223080685,1.5876846734116525
Birch,"{'n_clusters': 11, 'threshold': 0.1, 'branching_factor': 30}",0.18639158422613816,498.00218223080685,1.5876846734116525
Birch,"{'n_clusters': 11, 'threshold': 0.1, 'branching_factor': 40}",0.1877450607756801,499.79222462523677,1.5864285062949435
Birch,"{'n_clusters': 11, 'threshold': 0.1, 'branching_factor': 50}",0.18639158422613816,498.00218223080685,1.5876846734116525
Birch,"{'n_clusters': 11, 'threshold': 0.1, 'branching_factor': 75}",0.18479971826029495,497.93248616460113,1.5872084924140417
Birch,"{'n_clusters': 11, 'threshold': 0.1, 'branching_factor': 100}",0.18353059229156443,496.1768832297257,1.5885016837683275
Birch,"{'n_clusters': 11, 'threshold': 0.1, 'branching_factor': 150}",0.18639158422613816,498.00218223080685,1.5876846734116525
Birch,"{'n_clusters': 11, 'threshold': 0.1, 'branching_factor': 200}",0.1877450607756801,499.79222462523677,1.5864285062949435
Birch,"{'n_clusters': 11, 'threshold': 0.1, 'branching_factor': 500}",0.18353059229156443,496.1768832297257,1.5885016837683275
Birch,"{'n_clusters': 11, 'threshold': 0.2, 'branching_factor': 10}",0.18768497286912442,505.5851686467557,1.6446500364892387
Birch,"{'n_clusters': 11, 'threshold': 0.2, 'branching_factor': 20}",0.18185873661826532,501.26215406793796,1.6458966036760088
Birch,"{'n_clusters': 11, 'threshold': 0.2, 'branching_factor': 30}",0.19159611799472423,507.59133535471824,1.6438775856265273
Birch,"{'n_clusters': 11, 'threshold': 0.2, 'branching_factor': 40}",0.1914515377744285,508.8645136128049,1.637240098828608
Birch,"{'n_clusters': 11, 'threshold': 0.2, 'branching_factor': 50}",0.182412027590714,508.8644119056026,1.6573020029623722
Birch,"{'n_clusters': 11, 'threshold': 0.2, 'branching_factor': 75}",0.17992902061299626,498.55288740549537,1.6519596678939195
Birch,"{'n_clusters': 11, 'threshold': 0.2, 'branching_factor': 100}",0.18768497286912442,505.5851686467557,1.6446500364892387
Birch,"{'n_clusters': 11, 'threshold': 0.2, 'branching_factor': 150}",0.1887544572264196,507.12831723870585,1.6434755145116278
Birch,"{'n_clusters': 11, 'threshold': 0.2, 'branching_factor': 200}",0.187055876624183,505.3848172282068,1.6475940946391687
Birch,"{'n_clusters': 11, 'threshold': 0.2, 'branching_factor': 500}",0.17171975907587458,491.8875531745638,1.658588392056746
Birch,"{'n_clusters': 11, 'threshold': 0.3, 'branching_factor': 10}",0.13740798314220454,483.1514510269269,1.6707837035809918
Birch,"{'n_clusters': 11, 'threshold': 0.3, 'branching_factor': 20}",0.17501473504870696,495.4519679445394,1.6308730344973725
Birch,"{'n_clusters': 11, 'threshold': 0.3, 'branching_factor': 30}",0.18875046664177017,509.40396126518584,1.6331584166063826
Birch,"{'n_clusters': 11, 'threshold': 0.3, 'branching_factor': 40}",0.18110297268769326,501.7771688543657,1.6179968556282456
Birch,"{'n_clusters': 11, 'threshold': 0.3, 'branching_factor': 50}",0.17852621456494522,498.80596796932497,1.5884743646339197
Birch,"{'n_clusters': 11, 'threshold': 0.3, 'branching_factor': 75}",0.18284772890335801,506.5653652965518,1.6059710829908076
Birch,"{'n_clusters': 11, 'threshold': 0.3, 'branching_factor': 100}",0.1762839169802428,505.2482412266982,1.574235177840228
Birch,"{'n_clusters': 11, 'threshold': 0.3, 'branching_factor': 150}",0.18789822554752403,509.83910853519524,1.5953756154762475
Birch,"{'n_clusters': 11, 'threshold': 0.3, 'branching_factor': 200}",0.17915389612856258,502.9055986964444,1.5894213387067657
Birch,"{'n_clusters': 11, 'threshold': 0.3, 'branching_factor': 500}",0.16825080400379322,498.7432045343215,1.6535934742668117
Birch,"{'n_clusters': 11, 'threshold': 0.5, 'branching_factor': 10}",0.18872122942130307,506.76052694738604,1.5715972821476853
Birch,"{'n_clusters': 11, 'threshold': 0.5, 'branching_factor': 20}",0.17376252840615736,504.3541397413935,1.6070660362859963
Birch,"{'n_clusters': 11, 'threshold': 0.5, 'branching_factor': 30}",0.16803728099126455,495.4415006026812,1.5938042362278113
Birch,"{'n_clusters': 11, 'threshold': 0.5, 'branching_factor': 40}",0.1694933216679872,499.2051441756891,1.637817841565378
Birch,"{'n_clusters': 11, 'threshold': 0.5, 'branching_factor': 50}",0.15117422253810248,501.2930980269436,1.569633355528943
Birch,"{'n_clusters': 11, 'threshold': 0.5, 'branching_factor': 75}",0.17193482329308934,495.5400577290658,1.588732793082026
Birch,"{'n_clusters': 11, 'threshold': 0.5, 'branching_factor': 100}",0.1787288580724456,492.6450154757877,1.6496349736525153
Birch,"{'n_clusters': 11, 'threshold': 0.5, 'branching_factor': 150}",0.17294133443414397,508.50157051984974,1.6171398335809377
Birch,"{'n_clusters': 11, 'threshold': 0.5, 'branching_factor': 200}",0.18633092188850378,506.09388232923186,1.564345713942577
Birch,"{'n_clusters': 11, 'threshold': 0.5, 'branching_factor': 500}",0.16819487531340607,496.6304733874043,1.6715554488744773
Birch,"{'n_clusters': 11, 'threshold': 1.0, 'branching_factor': 10}",0.1864398325926104,451.048697313453,1.6270754141799586
Birch,"{'n_clusters': 11, 'threshold': 1.0, 'branching_factor': 20}",0.17597951167183792,429.33327907694206,1.660856366714385
Birch,"{'n_clusters': 11, 'threshold': 1.0, 'branching_factor': 30}",0.1605252403089679,463.3466328151082,1.6493899190207473
Birch,"{'n_clusters': 11, 'threshold': 1.0, 'branching_factor': 40}",0.1458723386736232,434.19739382488535,1.7695092708006792
Birch,"{'n_clusters': 11, 'threshold': 1.0, 'branching_factor': 50}",0.19812063507180683,461.6692769926244,1.6932694164900803
Birch,"{'n_clusters': 11, 'threshold': 1.0, 'branching_factor': 75}",0.19381463541493407,449.6787553516911,1.5351796211746902
Birch,"{'n_clusters': 11, 'threshold': 1.0, 'branching_factor': 100}",0.1748843484028794,454.2298064574716,1.6856865180866614
Birch,"{'n_clusters': 11, 'threshold': 1.0, 'branching_factor': 150}",0.19301386311634305,445.8453637748977,1.6114644644431293
Birch,"{'n_clusters': 11, 'threshold': 1.0, 'branching_factor': 200}",0.17824071649610201,428.49243019600124,1.560630833106413
Birch,"{'n_clusters': 11, 'threshold': 1.0, 'branching_factor': 500}",0.1894341244112839,426.95373982273554,1.5879995179493236
Birch,"{'n_clusters': 11, 'threshold': 1.5, 'branching_factor': 10}",0.17115330901740142,384.73886806523177,1.6795085714680986
Birch,"{'n_clusters': 11, 'threshold': 1.5, 'branching_factor': 20}",0.14960044933095662,404.17010401718005,1.6513365537733287
Birch,"{'n_clusters': 11, 'threshold': 1.5, 'branching_factor': 30}",0.19226227271594615,430.06188027258196,1.5979163756954629
Birch,"{'n_clusters': 11, 'threshold': 1.5, 'branching_factor': 40}",0.2023841475371404,361.67274073336216,1.7251806200655748
Birch,"{'n_clusters': 11, 'threshold': 1.5, 'branching_factor': 50}",0.19166132637360034,437.4410627066602,1.5388558072373728
Birch,"{'n_clusters': 11, 'threshold': 1.5, 'branching_factor': 75}",0.1973748684654744,396.1883122310139,1.7040271241429537
Birch,"{'n_clusters': 11, 'threshold': 1.5, 'branching_factor': 100}",0.17224982782158693,408.33710298500733,1.53666909653737
Birch,"{'n_clusters': 11, 'threshold': 1.5, 'branching_factor': 150}",0.21997244899784765,365.31297975334064,1.543684681965807
Birch,"{'n_clusters': 11, 'threshold': 1.5, 'branching_factor': 200}",0.1873948947531601,437.25657953475326,1.7099520380831021
Birch,"{'n_clusters': 11, 'threshold': 1.5, 'branching_factor': 500}",0.19251270910871748,432.2955050108014,1.6161294127019183
Birch,"{'n_clusters': 11, 'threshold': 2, 'branching_factor': 10}",0.23119815417431283,352.9985666197935,1.496466629539114
Birch,"{'n_clusters': 11, 'threshold': 2, 'branching_factor': 20}",0.19646901748682005,402.5115767229171,1.5381631931985815
Birch,"{'n_clusters': 11, 'threshold': 2, 'branching_factor': 30}",0.2094815321155242,325.02485917194434,1.6227436032894054
Birch,"{'n_clusters': 11, 'threshold': 2, 'branching_factor': 40}",0.2130670319616966,415.60583063944125,1.516588107454148
Birch,"{'n_clusters': 11, 'threshold': 2, 'branching_factor': 50}",0.22283467104507684,346.15856153018836,1.4541131619091991
Birch,"{'n_clusters': 11, 'threshold': 2, 'branching_factor': 75}",0.17978202233739046,366.31801971835137,1.581485534404949
Birch,"{'n_clusters': 11, 'threshold': 2, 'branching_factor': 100}",0.16602691156424926,380.8726782190939,1.4678450675635029
Birch,"{'n_clusters': 11, 'threshold': 2, 'branching_factor': 150}",0.16602691156424926,380.8726782190939,1.4678450675635029
Birch,"{'n_clusters': 11, 'threshold': 2, 'branching_factor': 200}",0.16602691156424926,380.8726782190939,1.4678450675635029
Birch,"{'n_clusters': 11, 'threshold': 2, 'branching_factor': 500}",0.16602691156424926,380.8726782190939,1.4678450675635029
Birch,"{'n_clusters': 12, 'threshold': 0.01, 'branching_factor': 10}",0.15211164746207304,480.73103800685027,1.6546994408474858
Birch,"{'n_clusters': 12, 'threshold': 0.01, 'branching_factor': 20}",0.15211164746207304,480.73103800685027,1.6546994408474858
Birch,"{'n_clusters': 12, 'threshold': 0.01, 'branching_factor': 30}",0.15211164746207304,480.73103800685027,1.6546994408474858
Birch,"{'n_clusters': 12, 'threshold': 0.01, 'branching_factor': 40}",0.15211164746207304,480.73103800685027,1.6546994408474858
Birch,"{'n_clusters': 12, 'threshold': 0.01, 'branching_factor': 50}",0.15211164746207304,480.73103800685027,1.6546994408474858
Birch,"{'n_clusters': 12, 'threshold': 0.01, 'branching_factor': 75}",0.15211164746207304,480.73103800685027,1.6546994408474858
Birch,"{'n_clusters': 12, 'threshold': 0.01, 'branching_factor': 100}",0.15211164746207304,480.73103800685027,1.6546994408474858
Birch,"{'n_clusters': 12, 'threshold': 0.01, 'branching_factor': 150}",0.15211164746207304,480.73103800685027,1.6546994408474858
Birch,"{'n_clusters': 12, 'threshold': 0.01, 'branching_factor': 200}",0.15211164746207304,480.73103800685027,1.6546994408474858
Birch,"{'n_clusters': 12, 'threshold': 0.01, 'branching_factor': 500}",0.15211164746207304,480.73103800685027,1.6546994408474858
Birch,"{'n_clusters': 12, 'threshold': 0.02, 'branching_factor': 10}",0.15211164746207304,480.73103800685027,1.6546994408474858
Birch,"{'n_clusters': 12, 'threshold': 0.02, 'branching_factor': 20}",0.15211164746207304,480.73103800685027,1.6546994408474858
Birch,"{'n_clusters': 12, 'threshold': 0.02, 'branching_factor': 30}",0.15211164746207304,480.73103800685027,1.6546994408474858
Birch,"{'n_clusters': 12, 'threshold': 0.02, 'branching_factor': 40}",0.15211164746207304,480.73103800685027,1.6546994408474858
Birch,"{'n_clusters': 12, 'threshold': 0.02, 'branching_factor': 50}",0.15211164746207304,480.73103800685027,1.6546994408474858
Birch,"{'n_clusters': 12, 'threshold': 0.02, 'branching_factor': 75}",0.15211164746207304,480.73103800685027,1.6546994408474858
Birch,"{'n_clusters': 12, 'threshold': 0.02, 'branching_factor': 100}",0.15211164746207304,480.73103800685027,1.6546994408474858
Birch,"{'n_clusters': 12, 'threshold': 0.02, 'branching_factor': 150}",0.15211164746207304,480.73103800685027,1.6546994408474858
Birch,"{'n_clusters': 12, 'threshold': 0.02, 'branching_factor': 200}",0.15211164746207304,480.73103800685027,1.6546994408474858
Birch,"{'n_clusters': 12, 'threshold': 0.02, 'branching_factor': 500}",0.15211164746207304,480.73103800685027,1.6546994408474858
Birch,"{'n_clusters': 12, 'threshold': 0.05, 'branching_factor': 10}",0.14878694995423397,479.02389116756143,1.6837781753271022
Birch,"{'n_clusters': 12, 'threshold': 0.05, 'branching_factor': 20}",0.14878694995423397,479.02389116756143,1.6837781753271022
Birch,"{'n_clusters': 12, 'threshold': 0.05, 'branching_factor': 30}",0.14878694995423397,479.02389116756143,1.6837781753271022
Birch,"{'n_clusters': 12, 'threshold': 0.05, 'branching_factor': 40}",0.15211164746207304,480.73103800685027,1.6546994408474858
Birch,"{'n_clusters': 12, 'threshold': 0.05, 'branching_factor': 50}",0.14878694995423397,479.02389116756143,1.6837781753271022
Birch,"{'n_clusters': 12, 'threshold': 0.05, 'branching_factor': 75}",0.14878694995423397,479.02389116756143,1.6837781753271022
Birch,"{'n_clusters': 12, 'threshold': 0.05, 'branching_factor': 100}",0.14878694995423397,479.02389116756143,1.6837781753271022
Birch,"{'n_clusters': 12, 'threshold': 0.05, 'branching_factor': 150}",0.14878694995423397,479.02389116756143,1.6837781753271022
Birch,"{'n_clusters': 12, 'threshold': 0.05, 'branching_factor': 200}",0.14878694995423397,479.02389116756143,1.6837781753271022
Birch,"{'n_clusters': 12, 'threshold': 0.05, 'branching_factor': 500}",0.14878694995423397,479.02389116756143,1.6837781753271022
Birch,"{'n_clusters': 12, 'threshold': 0.1, 'branching_factor': 10}",0.142611658831527,476.49384476624203,1.64565420227589
Birch,"{'n_clusters': 12, 'threshold': 0.1, 'branching_factor': 20}",0.15440577789809073,475.3882971441245,1.6163198676286166
Birch,"{'n_clusters': 12, 'threshold': 0.1, 'branching_factor': 30}",0.15440577789809073,475.3882971441245,1.6163198676286166
Birch,"{'n_clusters': 12, 'threshold': 0.1, 'branching_factor': 40}",0.14852066445676607,479.28617579728916,1.658047433092057
Birch,"{'n_clusters': 12, 'threshold': 0.1, 'branching_factor': 50}",0.15440577789809073,475.3882971441245,1.6163198676286166
Birch,"{'n_clusters': 12, 'threshold': 0.1, 'branching_factor': 75}",0.19079730921209656,477.19547182054333,1.603304957064983
Birch,"{'n_clusters': 12, 'threshold': 0.1, 'branching_factor': 100}",0.142611658831527,476.49384476624203,1.64565420227589
Birch,"{'n_clusters': 12, 'threshold': 0.1, 'branching_factor': 150}",0.15440577789809073,475.3882971441245,1.6163198676286166
Birch,"{'n_clusters': 12, 'threshold': 0.1, 'branching_factor': 200}",0.1919942834830583,476.4513979718162,1.6100379168552708
Birch,"{'n_clusters': 12, 'threshold': 0.1, 'branching_factor': 500}",0.142611658831527,476.49384476624203,1.64565420227589
Birch,"{'n_clusters': 12, 'threshold': 0.2, 'branching_factor': 10}",0.18927008262738063,481.4539550035246,1.624201347459038
Birch,"{'n_clusters': 12, 'threshold': 0.2, 'branching_factor': 20}",0.18442931850959543,478.2138225599699,1.6220306591085267
Birch,"{'n_clusters': 12, 'threshold': 0.2, 'branching_factor': 30}",0.19289890953661984,483.79568603128433,1.6185703012712007
Birch,"{'n_clusters': 12, 'threshold': 0.2, 'branching_factor': 40}",0.190394753766378,481.0677788926401,1.6332612649677083
Birch,"{'n_clusters': 12, 'threshold': 0.2, 'branching_factor': 50}",0.18207571598105823,481.0676815509447,1.6514279166107977
Birch,"{'n_clusters': 12, 'threshold': 0.2, 'branching_factor': 75}",0.182617687995108,476.98065250514395,1.6982525954536396
Birch,"{'n_clusters': 12, 'threshold': 0.2, 'branching_factor': 100}",0.18927008262738063,481.4539550035246,1.624201347459038
Birch,"{'n_clusters': 12, 'threshold': 0.2, 'branching_factor': 150}",0.19029205878941688,482.9450146717077,1.6231247023128954
Birch,"{'n_clusters': 12, 'threshold': 0.2, 'branching_factor': 200}",0.18851468169685442,481.2603799359794,1.6269000674298073
Birch,"{'n_clusters': 12, 'threshold': 0.2, 'branching_factor': 500}",0.15067768292991776,469.7712179090163,1.6904640607699528
Birch,"{'n_clusters': 12, 'threshold': 0.3, 'branching_factor': 10}",0.14025157102645622,461.10916870406004,1.6422267296699553
Birch,"{'n_clusters': 12, 'threshold': 0.3, 'branching_factor': 20}",0.17671897057815222,474.7816397869884,1.6625233988489903
Birch,"{'n_clusters': 12, 'threshold': 0.3, 'branching_factor': 30}",0.18865180396609166,486.5209065478411,1.6811546544802773
Birch,"{'n_clusters': 12, 'threshold': 0.3, 'branching_factor': 40}",0.1815055868211031,477.46837513114497,1.598319756255138
Birch,"{'n_clusters': 12, 'threshold': 0.3, 'branching_factor': 50}",0.18083227891867795,479.2169923815371,1.6321873979916417
Birch,"{'n_clusters': 12, 'threshold': 0.3, 'branching_factor': 75}",0.1836078895167215,485.1300615477644,1.6480064686231024
Birch,"{'n_clusters': 12, 'threshold': 0.3, 'branching_factor': 100}",0.18161819808067806,481.3099330496006,1.5929326322847146
Birch,"{'n_clusters': 12, 'threshold': 0.3, 'branching_factor': 150}",0.1870633451154654,487.4287183910854,1.6399641413248098
Birch,"{'n_clusters': 12, 'threshold': 0.3, 'branching_factor': 200}",0.17832946022354665,481.1026557943724,1.6311639376951306
Birch,"{'n_clusters': 12, 'threshold': 0.3, 'branching_factor': 500}",0.16899737948882837,473.9600358375515,1.7053093565684794
Birch,"{'n_clusters': 12, 'threshold': 0.5, 'branching_factor': 10}",0.19024485066942015,478.2297646811189,1.62038988524988
Birch,"{'n_clusters': 12, 'threshold': 0.5, 'branching_factor': 20}",0.1764248834465007,488.3308861882095,1.6239924331276814
Birch,"{'n_clusters': 12, 'threshold': 0.5, 'branching_factor': 30}",0.17426680059057978,475.376901966375,1.612977511657496
Birch,"{'n_clusters': 12, 'threshold': 0.5, 'branching_factor': 40}",0.17356827955336368,475.6913222532938,1.6439900806703862
Birch,"{'n_clusters': 12, 'threshold': 0.5, 'branching_factor': 50}",0.15049865339583676,478.67911883303947,1.6045979537146744
Birch,"{'n_clusters': 12, 'threshold': 0.5, 'branching_factor': 75}",0.177767251776865,474.80753076718605,1.5870716218614873
Birch,"{'n_clusters': 12, 'threshold': 0.5, 'branching_factor': 100}",0.18105099978013736,470.42059612720607,1.6262845549493585
Birch,"{'n_clusters': 12, 'threshold': 0.5, 'branching_factor': 150}",0.17472117161049752,485.59112694943724,1.6554589614073068
Birch,"{'n_clusters': 12, 'threshold': 0.5, 'branching_factor': 200}",0.1872595906054221,476.7027528624993,1.6350705460475012
Birch,"{'n_clusters': 12, 'threshold': 0.5, 'branching_factor': 500}",0.170280004353178,472.839537849179,1.657984225010497
Birch,"{'n_clusters': 12, 'threshold': 1.0, 'branching_factor': 10}",0.1838756822390678,474.60612887645317,1.6084671751016961
Birch,"{'n_clusters': 12, 'threshold': 1.0, 'branching_factor': 20}",0.172812541902516,416.76598800438217,1.6641182319363292
Birch,"{'n_clusters': 12, 'threshold': 1.0, 'branching_factor': 30}",0.1610376612088065,431.03851724513055,1.5899091272583055
Birch,"{'n_clusters': 12, 'threshold': 1.0, 'branching_factor': 40}",0.1469140666029676,408.6656183855182,1.8147488844099788
Birch,"{'n_clusters': 12, 'threshold': 1.0, 'branching_factor': 50}",0.1992669265867334,435.9430204052008,1.648864421729355
Birch,"{'n_clusters': 12, 'threshold': 1.0, 'branching_factor': 75}",0.18959848757225822,429.11130002847466,1.6635464688221988
Birch,"{'n_clusters': 12, 'threshold': 1.0, 'branching_factor': 100}",0.17160003140220195,452.6856431224612,1.6760211220041763
Birch,"{'n_clusters': 12, 'threshold': 1.0, 'branching_factor': 150}",0.18921329398479392,432.75642027776007,1.6073288031393262
Birch,"{'n_clusters': 12, 'threshold': 1.0, 'branching_factor': 200}",0.17527668118120276,411.63454448079244,1.6775838997634374
Birch,"{'n_clusters': 12, 'threshold': 1.0, 'branching_factor': 500}",0.19020679798629395,402.5881752687691,1.6454669777297883
Birch,"{'n_clusters': 12, 'threshold': 1.5, 'branching_factor': 10}",0.16625881735475623,354.5834017371983,1.653771371906897
Birch,"{'n_clusters': 12, 'threshold': 1.5, 'branching_factor': 20}",0.14969260967369502,374.76706848315587,1.69876505138913
Birch,"{'n_clusters': 12, 'threshold': 1.5, 'branching_factor': 30}",0.19310886803639873,403.63822541756576,1.6176078539160041
Birch,"{'n_clusters': 12, 'threshold': 1.5, 'branching_factor': 40}",0.1899905407497333,404.0912834692192,1.7372568661093573
Birch,"{'n_clusters': 12, 'threshold': 1.5, 'branching_factor': 50}",0.19093600173407277,402.99852663860844,1.6096136315338254
Birch,"{'n_clusters': 12, 'threshold': 1.5, 'branching_factor': 75}",0.19313758490216018,364.8677088079437,1.6722540451854915
Birch,"{'n_clusters': 12, 'threshold': 1.5, 'branching_factor': 100}",0.17122774140739613,390.92118870354943,1.4994858477577901
Birch,"{'n_clusters': 12, 'threshold': 1.5, 'branching_factor': 150}",0.19379599960643104,404.7720110683001,1.5596560171505451
Birch,"{'n_clusters': 12, 'threshold': 1.5, 'branching_factor': 200}",0.18344809390032746,402.8027851542511,1.6818476671246583
Birch,"{'n_clusters': 12, 'threshold': 1.5, 'branching_factor': 500}",0.19574186709227331,407.8234367041257,1.6718917880619781
Birch,"{'n_clusters': 12, 'threshold': 2, 'branching_factor': 10}",0.23051342466271754,324.0082165298688,1.4868994439774916
Birch,"{'n_clusters': 12, 'threshold': 2, 'branching_factor': 20}",0.19624332812773032,378.46395522624414,1.6248027958456301
Birch,"{'n_clusters': 12, 'threshold': 2, 'branching_factor': 30}",0.17968750988731383,318.86337333559436,1.5801806531742717
Birch,"{'n_clusters': 12, 'threshold': 2, 'branching_factor': 40}",0.21184409561686013,380.149134782123,1.4173084471714388
Birch,"{'n_clusters': 12, 'threshold': 2, 'branching_factor': 50}",0.22299141832024078,329.6661795307675,1.4823683865106532
Birch,"{'n_clusters': 12, 'threshold': 2, 'branching_factor': 75}",0.17859976547239623,335.0511077190711,1.4766867093115945
Birch,"{'n_clusters': 12, 'threshold': 2, 'branching_factor': 100}",0.1647967311811618,348.35712020385535,1.3725826902944123
Birch,"{'n_clusters': 12, 'threshold': 2, 'branching_factor': 150}",0.1647967311811618,348.35712020385535,1.3725826902944123
Birch,"{'n_clusters': 12, 'threshold': 2, 'branching_factor': 200}",0.1647967311811618,348.35712020385535,1.3725826902944123
Birch,"{'n_clusters': 12, 'threshold': 2, 'branching_factor': 500}",0.1647967311811618,348.35712020385535,1.3725826902944123
AgglomerativeClustering,"{'n_clusters': 5, 'linkage': 'ward', 'metric': 'euclidean'}",0.1841233814073962,713.6299623817365,1.6371975124575837
AgglomerativeClustering,"{'n_clusters': 5, 'linkage': 'complete', 'metric': 'euclidean'}",0.3923755243753448,407.5263568640934,1.1036439448769813
AgglomerativeClustering,"{'n_clusters': 5, 'linkage': 'complete', 'metric': 'l1'}",0.12200497951865857,449.9852939888311,1.955510802026362
AgglomerativeClustering,"{'n_clusters': 5, 'linkage': 'complete', 'metric': 'l2'}",0.3923755243753448,407.5263568640934,1.1036439448769813
AgglomerativeClustering,"{'n_clusters': 5, 'linkage': 'complete', 'metric': 'manhattan'}",0.12200497951865857,449.9852939888311,1.955510802026362
AgglomerativeClustering,"{'n_clusters': 5, 'linkage': 'complete', 'metric': 'cosine'}",0.04881878045722905,410.6319201275632,1.6243946411181214
AgglomerativeClustering,"{'n_clusters': 5, 'linkage': 'average', 'metric': 'euclidean'}",0.3967253486330462,392.5198544102995,0.880111525061902
AgglomerativeClustering,"{'n_clusters': 5, 'linkage': 'average', 'metric': 'l1'}",0.4033109403380268,359.6872573644869,0.9954653538001731
AgglomerativeClustering,"{'n_clusters': 5, 'linkage': 'average', 'metric': 'l2'}",0.3967253486330462,392.5198544102995,0.880111525061902
AgglomerativeClustering,"{'n_clusters': 5, 'linkage': 'average', 'metric': 'manhattan'}",0.4033109403380268,359.6872573644869,0.9954653538001731
AgglomerativeClustering,"{'n_clusters': 5, 'linkage': 'average', 'metric': 'cosine'}",0.2913766259336697,518.7351540284608,1.4142707350493702
AgglomerativeClustering,"{'n_clusters': 5, 'linkage': 'single', 'metric': 'euclidean'}",0.23723285832462546,4.477131909719637,0.4747937192945235
AgglomerativeClustering,"{'n_clusters': 5, 'linkage': 'single', 'metric': 'l1'}",0.2061459777297808,3.741502719143569,0.5191076045383402
AgglomerativeClustering,"{'n_clusters': 5, 'linkage': 'single', 'metric': 'l2'}",0.23723285832462546,4.477131909719637,0.4747937192945235
AgglomerativeClustering,"{'n_clusters': 5, 'linkage': 'single', 'metric': 'manhattan'}",0.2061459777297808,3.741502719143569,0.5191076045383402
AgglomerativeClustering,"{'n_clusters': 5, 'linkage': 'single', 'metric': 'cosine'}",0.20490571668682986,3.153184318726993,0.5414661904626817
AgglomerativeClustering,"{'n_clusters': 6, 'linkage': 'ward', 'metric': 'euclidean'}",0.16134278193431895,651.7707849455634,1.604026504060051
AgglomerativeClustering,"{'n_clusters': 6, 'linkage': 'complete', 'metric': 'euclidean'}",0.30268473880338065,466.27403423218146,1.2937462250841276
AgglomerativeClustering,"{'n_clusters': 6, 'linkage': 'complete', 'metric': 'l1'}",0.11838928519106634,367.1779328027,1.9254985677389793
AgglomerativeClustering,"{'n_clusters': 6, 'linkage': 'complete', 'metric': 'l2'}",0.30268473880338065,466.27403423218146,1.2937462250841276
AgglomerativeClustering,"{'n_clusters': 6, 'linkage': 'complete', 'metric': 'manhattan'}",0.11838928519106634,367.1779328027,1.9254985677389793
AgglomerativeClustering,"{'n_clusters': 6, 'linkage': 'complete', 'metric': 'cosine'}",0.09229298635704866,442.98690430725577,1.679096933643196
AgglomerativeClustering,"{'n_clusters': 6, 'linkage': 'average', 'metric': 'euclidean'}",0.3926569730486653,314.95672440073065,0.8281708138845921
AgglomerativeClustering,"{'n_clusters': 6, 'linkage': 'average', 'metric': 'l1'}",0.2837386725771378,302.0879143892087,1.1408815916724873
AgglomerativeClustering,"{'n_clusters': 6, 'linkage': 'average', 'metric': 'l2'}",0.3926569730486653,314.95672440073065,0.8281708138845921
AgglomerativeClustering,"{'n_clusters': 6, 'linkage': 'average', 'metric': 'manhattan'}",0.2837386725771378,302.0879143892087,1.1408815916724873
AgglomerativeClustering,"{'n_clusters': 6, 'linkage': 'average', 'metric': 'cosine'}",0.28338989419053073,440.11678778585963,1.61073531454996
AgglomerativeClustering,"{'n_clusters': 6, 'linkage': 'single', 'metric': 'euclidean'}",0.20366859792626787,4.051458332271259,0.49761465816544836
AgglomerativeClustering,"{'n_clusters': 6, 'linkage': 'single', 'metric': 'l1'}",0.2061093918637859,4.1444072339021965,0.4948687831970813
AgglomerativeClustering,"{'n_clusters': 6, 'linkage': 'single', 'metric': 'l2'}",0.20366859792626787,4.051458332271259,0.49761465816544836
AgglomerativeClustering,"{'n_clusters': 6, 'linkage': 'single', 'metric': 'manhattan'}",0.2061093918637859,4.1444072339021965,0.4948687831970813
AgglomerativeClustering,"{'n_clusters': 6, 'linkage': 'single', 'metric': 'cosine'}",0.20200340163204417,3.147212056327469,0.5360219382084689
AgglomerativeClustering,"{'n_clusters': 7, 'linkage': 'ward', 'metric': 'euclidean'}",0.1577419249827819,613.1147466386775,1.5164714583543482
AgglomerativeClustering,"{'n_clusters': 7, 'linkage': 'complete', 'metric': 'euclidean'}",0.30042789142726684,392.30779399610293,1.223266247135977
AgglomerativeClustering,"{'n_clusters': 7, 'linkage': 'complete', 'metric': 'l1'}",0.1243211071267957,392.80904553952377,1.9466477158419164
AgglomerativeClustering,"{'n_clusters': 7, 'linkage': 'complete', 'metric': 'l2'}",0.30042789142726684,392.30779399610293,1.223266247135977
AgglomerativeClustering,"{'n_clusters': 7, 'linkage': 'complete', 'metric': 'manhattan'}",0.1243211071267957,392.80904553952377,1.9466477158419164
AgglomerativeClustering,"{'n_clusters': 7, 'linkage': 'complete', 'metric': 'cosine'}",0.09073669559517793,375.65189130009645,1.587011773591764
AgglomerativeClustering,"{'n_clusters': 7, 'linkage': 'average', 'metric': 'euclidean'}",0.3234342317618054,264.2947992693452,0.923965650485317
AgglomerativeClustering,"{'n_clusters': 7, 'linkage': 'average', 'metric': 'l1'}",0.2731170442798072,294.99644979784136,1.254964102084273
AgglomerativeClustering,"{'n_clusters': 7, 'linkage': 'average', 'metric': 'l2'}",0.3234342317618054,264.2947992693452,0.923965650485317
AgglomerativeClustering,"{'n_clusters': 7, 'linkage': 'average', 'metric': 'manhattan'}",0.2731170442798072,294.99644979784136,1.254964102084273
AgglomerativeClustering,"{'n_clusters': 7, 'linkage': 'average', 'metric': 'cosine'}",0.24663768040107154,382.9656359817038,1.5646286515737091
AgglomerativeClustering,"{'n_clusters': 7, 'linkage': 'single', 'metric': 'euclidean'}",0.2030488466952719,4.163110477310661,0.4856868556441184
AgglomerativeClustering,"{'n_clusters': 7, 'linkage': 'single', 'metric': 'l1'}",0.20363192089728163,4.338846931496221,0.4798148925390859
AgglomerativeClustering,"{'n_clusters': 7, 'linkage': 'single', 'metric': 'l2'}",0.2030488466952719,4.163110477310661,0.4856868556441184
AgglomerativeClustering,"{'n_clusters': 7, 'linkage': 'single', 'metric': 'manhattan'}",0.20363192089728163,4.338846931496221,0.4798148925390859
AgglomerativeClustering,"{'n_clusters': 7, 'linkage': 'single', 'metric': 'cosine'}",0.1833817726583285,3.0206032703683356,0.5426345356641963
AgglomerativeClustering,"{'n_clusters': 8, 'linkage': 'ward', 'metric': 'euclidean'}",0.16589462092027524,580.0903711296596,1.5863604339134345
AgglomerativeClustering,"{'n_clusters': 8, 'linkage': 'complete', 'metric': 'euclidean'}",0.21597947617521962,347.7575846700377,1.4188588490173348
AgglomerativeClustering,"{'n_clusters': 8, 'linkage': 'complete', 'metric': 'l1'}",0.12615200009597355,350.81631362583397,1.8737422642768464
AgglomerativeClustering,"{'n_clusters': 8, 'linkage': 'complete', 'metric': 'l2'}",0.21597947617521962,347.7575846700377,1.4188588490173348
AgglomerativeClustering,"{'n_clusters': 8, 'linkage': 'complete', 'metric': 'manhattan'}",0.12615200009597355,350.81631362583397,1.8737422642768464
AgglomerativeClustering,"{'n_clusters': 8, 'linkage': 'complete', 'metric': 'cosine'}",0.09360949061130287,355.8727206929077,1.5529965005044142
AgglomerativeClustering,"{'n_clusters': 8, 'linkage': 'average', 'metric': 'euclidean'}",0.31285593447314036,264.63022601093763,0.9629961619140444
AgglomerativeClustering,"{'n_clusters': 8, 'linkage': 'average', 'metric': 'l1'}",0.2809225754642685,276.17097786293016,1.2965281753486606
AgglomerativeClustering,"{'n_clusters': 8, 'linkage': 'average', 'metric': 'l2'}",0.31285593447314036,264.63022601093763,0.9629961619140444
AgglomerativeClustering,"{'n_clusters': 8, 'linkage': 'average', 'metric': 'manhattan'}",0.2809225754642685,276.17097786293016,1.2965281753486606
AgglomerativeClustering,"{'n_clusters': 8, 'linkage': 'average', 'metric': 'cosine'}",0.24149694687821424,333.1109782560939,1.4585485714271877
AgglomerativeClustering,"{'n_clusters': 8, 'linkage': 'single', 'metric': 'euclidean'}",0.20378465177363536,6.891812212521045,0.4475987979823269
AgglomerativeClustering,"{'n_clusters': 8, 'linkage': 'single', 'metric': 'l1'}",0.19471677041194357,4.094517332549918,0.489293922762163
AgglomerativeClustering,"{'n_clusters': 8, 'linkage': 'single', 'metric': 'l2'}",0.20378465177363536,6.891812212521045,0.4475987979823269
AgglomerativeClustering,"{'n_clusters': 8, 'linkage': 'single', 'metric': 'manhattan'}",0.19471677041194357,4.094517332549918,0.489293922762163
AgglomerativeClustering,"{'n_clusters': 8, 'linkage': 'single', 'metric': 'cosine'}",0.1804141736268997,3.5956257495617283,0.5168948621263874
AgglomerativeClustering,"{'n_clusters': 9, 'linkage': 'ward', 'metric': 'euclidean'}",0.17341485529915507,549.172234683247,1.534509961753618
AgglomerativeClustering,"{'n_clusters': 9, 'linkage': 'complete', 'metric': 'euclidean'}",0.19110974895256821,383.7151109664745,1.5889463764401066
AgglomerativeClustering,"{'n_clusters': 9, 'linkage': 'complete', 'metric': 'l1'}",0.1470360408691681,370.75764444532064,1.810207014053513
AgglomerativeClustering,"{'n_clusters': 9, 'linkage': 'complete', 'metric': 'l2'}",0.19110974895256821,383.7151109664745,1.5889463764401066
AgglomerativeClustering,"{'n_clusters': 9, 'linkage': 'complete', 'metric': 'manhattan'}",0.1470360408691681,370.75764444532064,1.810207014053513
AgglomerativeClustering,"{'n_clusters': 9, 'linkage': 'complete', 'metric': 'cosine'}",0.054049385408706074,349.9224692704576,1.9190026001769023
AgglomerativeClustering,"{'n_clusters': 9, 'linkage': 'average', 'metric': 'euclidean'}",0.28295633528783865,233.54159088553743,0.9824206801998131
AgglomerativeClustering,"{'n_clusters': 9, 'linkage': 'average', 'metric': 'l1'}",0.2808897576205024,249.38807204556466,1.3395709864575338
AgglomerativeClustering,"{'n_clusters': 9, 'linkage': 'average', 'metric': 'l2'}",0.28295633528783865,233.54159088553743,0.9824206801998131
AgglomerativeClustering,"{'n_clusters': 9, 'linkage': 'average', 'metric': 'manhattan'}",0.2808897576205024,249.38807204556466,1.3395709864575338
AgglomerativeClustering,"{'n_clusters': 9, 'linkage': 'average', 'metric': 'cosine'}",0.241095064841227,294.22761988802966,1.5328015226584346
AgglomerativeClustering,"{'n_clusters': 9, 'linkage': 'single', 'metric': 'euclidean'}",0.20347329390389302,6.614677042803908,0.4442361900851962
AgglomerativeClustering,"{'n_clusters': 9, 'linkage': 'single', 'metric': 'l1'}",0.19462053244342392,4.159723351000426,0.48131606840186614
AgglomerativeClustering,"{'n_clusters': 9, 'linkage': 'single', 'metric': 'l2'}",0.20347329390389302,6.614677042803908,0.4442361900851962
AgglomerativeClustering,"{'n_clusters': 9, 'linkage': 'single', 'metric': 'manhattan'}",0.19462053244342392,4.159723351000426,0.48131606840186614
AgglomerativeClustering,"{'n_clusters': 9, 'linkage': 'single', 'metric': 'cosine'}",0.18026500333777185,3.721664175198687,0.5058573618997427
AgglomerativeClustering,"{'n_clusters': 10, 'linkage': 'ward', 'metric': 'euclidean'}",0.1810442167175018,521.5110172095416,1.5908689112039376
AgglomerativeClustering,"{'n_clusters': 10, 'linkage': 'complete', 'metric': 'euclidean'}",0.19141663549178667,354.08091579184895,1.563789863056121
AgglomerativeClustering,"{'n_clusters': 10, 'linkage': 'complete', 'metric': 'l1'}",0.14621398092183124,335.3070028862939,1.7419512172183882
AgglomerativeClustering,"{'n_clusters': 10, 'linkage': 'complete', 'metric': 'l2'}",0.19141663549178667,354.08091579184895,1.563789863056121
AgglomerativeClustering,"{'n_clusters': 10, 'linkage': 'complete', 'metric': 'manhattan'}",0.14621398092183124,335.3070028862939,1.7419512172183882
AgglomerativeClustering,"{'n_clusters': 10, 'linkage': 'complete', 'metric': 'cosine'}",0.07637209215576891,366.0393079258306,1.9449922121124135
AgglomerativeClustering,"{'n_clusters': 10, 'linkage': 'average', 'metric': 'euclidean'}",0.2873339987274423,223.74927142955787,1.069622234089003
AgglomerativeClustering,"{'n_clusters': 10, 'linkage': 'average', 'metric': 'l1'}",0.2801103704393748,223.37827279345763,1.3849860633217326
AgglomerativeClustering,"{'n_clusters': 10, 'linkage': 'average', 'metric': 'l2'}",0.2873339987274423,223.74927142955787,1.069622234089003
AgglomerativeClustering,"{'n_clusters': 10, 'linkage': 'average', 'metric': 'manhattan'}",0.2801103704393748,223.37827279345763,1.3849860633217326
AgglomerativeClustering,"{'n_clusters': 10, 'linkage': 'average', 'metric': 'cosine'}",0.2288885425472326,279.8453068895252,1.5718122374875585
AgglomerativeClustering,"{'n_clusters': 10, 'linkage': 'single', 'metric': 'euclidean'}",0.20297386435648826,6.915530797078217,0.42913732146566136
AgglomerativeClustering,"{'n_clusters': 10, 'linkage': 'single', 'metric': 'l1'}",0.19281153776548848,4.030165394913435,0.48519591210630564
AgglomerativeClustering,"{'n_clusters': 10, 'linkage': 'single', 'metric': 'l2'}",0.20297386435648826,6.915530797078217,0.42913732146566136
AgglomerativeClustering,"{'n_clusters': 10, 'linkage': 'single', 'metric': 'manhattan'}",0.19281153776548848,4.030165394913435,0.48519591210630564
AgglomerativeClustering,"{'n_clusters': 10, 'linkage': 'single', 'metric': 'cosine'}",0.17247752788879173,4.229625324573371,0.5764344934954362
AgglomerativeClustering,"{'n_clusters': 11, 'linkage': 'ward', 'metric': 'euclidean'}",0.18693538804155735,498.51916249900097,1.6445135091040726
AgglomerativeClustering,"{'n_clusters': 11, 'linkage': 'complete', 'metric': 'euclidean'}",0.19058972272180139,321.45070422970366,1.6403497958808233
AgglomerativeClustering,"{'n_clusters': 11, 'linkage': 'complete', 'metric': 'l1'}",0.14365483025786221,319.6785113617725,1.9262358646742357
AgglomerativeClustering,"{'n_clusters': 11, 'linkage': 'complete', 'metric': 'l2'}",0.19058972272180139,321.45070422970366,1.6403497958808233
AgglomerativeClustering,"{'n_clusters': 11, 'linkage': 'complete', 'metric': 'manhattan'}",0.14365483025786221,319.6785113617725,1.9262358646742357
AgglomerativeClustering,"{'n_clusters': 11, 'linkage': 'complete', 'metric': 'cosine'}",0.07488102205850228,336.1891266198406,1.8482609096073481
AgglomerativeClustering,"{'n_clusters': 11, 'linkage': 'average', 'metric': 'euclidean'}",0.2718384828568807,201.6412986029011,1.0064233396277367
AgglomerativeClustering,"{'n_clusters': 11, 'linkage': 'average', 'metric': 'l1'}",0.2659245403908847,235.3008626727071,1.4151298963422605
AgglomerativeClustering,"{'n_clusters': 11, 'linkage': 'average', 'metric': 'l2'}",0.2718384828568807,201.6412986029011,1.0064233396277367
AgglomerativeClustering,"{'n_clusters': 11, 'linkage': 'average', 'metric': 'manhattan'}",0.2659245403908847,235.3008626727071,1.4151298963422605
AgglomerativeClustering,"{'n_clusters': 11, 'linkage': 'average', 'metric': 'cosine'}",0.23520722521556248,321.3314601204128,1.589660710061121
AgglomerativeClustering,"{'n_clusters': 11, 'linkage': 'single', 'metric': 'euclidean'}",0.198594299769803,6.482050474506159,0.44140637290608437
AgglomerativeClustering,"{'n_clusters': 11, 'linkage': 'single', 'metric': 'l1'}",0.19375984041271502,4.4903349214160855,0.4967586158749279
AgglomerativeClustering,"{'n_clusters': 11, 'linkage': 'single', 'metric': 'l2'}",0.198594299769803,6.482050474506159,0.44140637290608437
AgglomerativeClustering,"{'n_clusters': 11, 'linkage': 'single', 'metric': 'manhattan'}",0.19375984041271502,4.4903349214160855,0.4967586158749279
AgglomerativeClustering,"{'n_clusters': 11, 'linkage': 'single', 'metric': 'cosine'}",0.06654476175996518,3.95114539261342,0.5922036079999942
AgglomerativeClustering,"{'n_clusters': 12, 'linkage': 'ward', 'metric': 'euclidean'}",0.15211164746207304,480.73103800685027,1.6546994408474858
AgglomerativeClustering,"{'n_clusters': 12, 'linkage': 'complete', 'metric': 'euclidean'}",0.197589516695946,309.21597649583344,1.607253334693439
AgglomerativeClustering,"{'n_clusters': 12, 'linkage': 'complete', 'metric': 'l1'}",0.1426609300409915,300.21782271359626,1.8994305558047353
AgglomerativeClustering,"{'n_clusters': 12, 'linkage': 'complete', 'metric': 'l2'}",0.197589516695946,309.21597649583344,1.607253334693439
AgglomerativeClustering,"{'n_clusters': 12, 'linkage': 'complete', 'metric': 'manhattan'}",0.1426609300409915,300.21782271359626,1.8994305558047353
AgglomerativeClustering,"{'n_clusters': 12, 'linkage': 'complete', 'metric': 'cosine'}",0.07983170907265685,325.75514562183906,1.8362020827007395
AgglomerativeClustering,"{'n_clusters': 12, 'linkage': 'average', 'metric': 'euclidean'}",0.2707659058907755,184.92962576131953,1.0241874783736737
AgglomerativeClustering,"{'n_clusters': 12, 'linkage': 'average', 'metric': 'l1'}",0.2651633154338489,215.0890397933807,1.3991260350175152
AgglomerativeClustering,"{'n_clusters': 12, 'linkage': 'average', 'metric': 'l2'}",0.2707659058907755,184.92962576131953,1.0241874783736737
AgglomerativeClustering,"{'n_clusters': 12, 'linkage': 'average', 'metric': 'manhattan'}",0.2651633154338489,215.0890397933807,1.3991260350175152
AgglomerativeClustering,"{'n_clusters': 12, 'linkage': 'average', 'metric': 'cosine'}",0.23539119690628557,296.53309990246,1.5278337192538467
AgglomerativeClustering,"{'n_clusters': 12, 'linkage': 'single', 'metric': 'euclidean'}",0.18004624305052172,6.115621932540821,0.45286818755330066
AgglomerativeClustering,"{'n_clusters': 12, 'linkage': 'single', 'metric': 'l1'}",0.1931420577345922,4.517853932737329,0.4896463950029632
AgglomerativeClustering,"{'n_clusters': 12, 'linkage': 'single', 'metric': 'l2'}",0.18004624305052172,6.115621932540821,0.45286818755330066
AgglomerativeClustering,"{'n_clusters': 12, 'linkage': 'single', 'metric': 'manhattan'}",0.1931420577345922,4.517853932737329,0.4896463950029632
AgglomerativeClustering,"{'n_clusters': 12, 'linkage': 'single', 'metric': 'cosine'}",0.016849459206044165,3.6951406660281227,0.6132983754387812
AgglomerativeClustering,"{'n_clusters': 13, 'linkage': 'ward', 'metric': 'euclidean'}",0.15537856812035142,462.11001626938736,1.6312043392778794
AgglomerativeClustering,"{'n_clusters': 13, 'linkage': 'complete', 'metric': 'euclidean'}",0.2022664776827043,346.3075546981472,1.5202782138422015
AgglomerativeClustering,"{'n_clusters': 13, 'linkage': 'complete', 'metric': 'l1'}",0.13641850432942326,294.04772729929556,1.8387270384695336
AgglomerativeClustering,"{'n_clusters': 13, 'linkage': 'complete', 'metric': 'l2'}",0.2022664776827043,346.3075546981472,1.5202782138422015
AgglomerativeClustering,"{'n_clusters': 13, 'linkage': 'complete', 'metric': 'manhattan'}",0.13641850432942326,294.04772729929556,1.8387270384695336
AgglomerativeClustering,"{'n_clusters': 13, 'linkage': 'complete', 'metric': 'cosine'}",0.08492816465503424,313.74214801438046,1.8546024864437554
AgglomerativeClustering,"{'n_clusters': 13, 'linkage': 'average', 'metric': 'euclidean'}",0.271765734115718,175.84850087986626,1.0496231848895272
AgglomerativeClustering,"{'n_clusters': 13, 'linkage': 'average', 'metric': 'l1'}",0.25807126893868254,200.03071515855555,1.524822130406494
AgglomerativeClustering,"{'n_clusters': 13, 'linkage': 'average', 'metric': 'l2'}",0.271765734115718,175.84850087986626,1.0496231848895272
AgglomerativeClustering,"{'n_clusters': 13, 'linkage': 'average', 'metric': 'manhattan'}",0.25807126893868254,200.03071515855555,1.524822130406494
AgglomerativeClustering,"{'n_clusters': 13, 'linkage': 'average', 'metric': 'cosine'}",0.2232251089068987,274.1320185736486,1.46045024311634
AgglomerativeClustering,"{'n_clusters': 13, 'linkage': 'single', 'metric': 'euclidean'}",0.17269692544903312,5.830378629892044,0.46049841647143275
AgglomerativeClustering,"{'n_clusters': 13, 'linkage': 'single', 'metric': 'l1'}",0.11020415745194846,4.283410963388093,0.5134099534383366
AgglomerativeClustering,"{'n_clusters': 13, 'linkage': 'single', 'metric': 'l2'}",0.17269692544903312,5.830378629892044,0.46049841647143275
AgglomerativeClustering,"{'n_clusters': 13, 'linkage': 'single', 'metric': 'manhattan'}",0.11020415745194846,4.283410963388093,0.5134099534383366
AgglomerativeClustering,"{'n_clusters': 13, 'linkage': 'single', 'metric': 'cosine'}",0.014189974585506667,3.746213850133381,0.5992639932956185
AgglomerativeClustering,"{'n_clusters': 14, 'linkage': 'ward', 'metric': 'euclidean'}",0.1508653120655837,442.6172646839935,1.6685454205034114
AgglomerativeClustering,"{'n_clusters': 14, 'linkage': 'complete', 'metric': 'euclidean'}",0.20256222534780827,321.83755452244316,1.4364992337089202
AgglomerativeClustering,"{'n_clusters': 14, 'linkage': 'complete', 'metric': 'l1'}",0.13092292553023252,272.40477166604666,1.9117232943506224
AgglomerativeClustering,"{'n_clusters': 14, 'linkage': 'complete', 'metric': 'l2'}",0.20256222534780827,321.83755452244316,1.4364992337089202
AgglomerativeClustering,"{'n_clusters': 14, 'linkage': 'complete', 'metric': 'manhattan'}",0.13092292553023252,272.40477166604666,1.9117232943506224
AgglomerativeClustering,"{'n_clusters': 14, 'linkage': 'complete', 'metric': 'cosine'}",0.09468076280748271,320.47653778291794,1.8313128319788365
AgglomerativeClustering,"{'n_clusters': 14, 'linkage': 'average', 'metric': 'euclidean'}",0.25210315153184965,162.562709860843,1.0056957844484127
AgglomerativeClustering,"{'n_clusters': 14, 'linkage': 'average', 'metric': 'l1'}",0.25660038441707633,184.8400154459651,1.402419965095966
AgglomerativeClustering,"{'n_clusters': 14, 'linkage': 'average', 'metric': 'l2'}",0.25210315153184965,162.562709860843,1.0056957844484127
AgglomerativeClustering,"{'n_clusters': 14, 'linkage': 'average', 'metric': 'manhattan'}",0.25660038441707633,184.8400154459651,1.402419965095966
AgglomerativeClustering,"{'n_clusters': 14, 'linkage': 'average', 'metric': 'cosine'}",0.2221404975161917,254.2059323792192,1.4240618407304548
AgglomerativeClustering,"{'n_clusters': 14, 'linkage': 'single', 'metric': 'euclidean'}",0.09632567011665091,5.514121179737616,0.4846582541707251
AgglomerativeClustering,"{'n_clusters': 14, 'linkage': 'single', 'metric': 'l1'}",0.0981129378815027,4.10717838244133,0.5224168200397471
AgglomerativeClustering,"{'n_clusters': 14, 'linkage': 'single', 'metric': 'l2'}",0.09632567011665091,5.514121179737616,0.4846582541707251
AgglomerativeClustering,"{'n_clusters': 14, 'linkage': 'single', 'metric': 'manhattan'}",0.0981129378815027,4.10717838244133,0.5224168200397471
AgglomerativeClustering,"{'n_clusters': 14, 'linkage': 'single', 'metric': 'cosine'}",0.013079727186025531,3.6899747222807937,0.593401551427867
AgglomerativeClustering,"{'n_clusters': 15, 'linkage': 'ward', 'metric': 'euclidean'}",0.15248967177022388,426.2417644044972,1.6597237335715727
AgglomerativeClustering,"{'n_clusters': 15, 'linkage': 'complete', 'metric': 'euclidean'}",0.19545799988605658,309.22884474254795,1.5164586401744373
AgglomerativeClustering,"{'n_clusters': 15, 'linkage': 'complete', 'metric': 'l1'}",0.12288083662134619,280.62874883878845,1.8880941303284373
AgglomerativeClustering,"{'n_clusters': 15, 'linkage': 'complete', 'metric': 'l2'}",0.19545799988605658,309.22884474254795,1.5164586401744373
AgglomerativeClustering,"{'n_clusters': 15, 'linkage': 'complete', 'metric': 'manhattan'}",0.12288083662134619,280.62874883878845,1.8880941303284373
AgglomerativeClustering,"{'n_clusters': 15, 'linkage': 'complete', 'metric': 'cosine'}",0.09852315224538963,333.45726544672084,1.7719455700458113
AgglomerativeClustering,"{'n_clusters': 15, 'linkage': 'average', 'metric': 'euclidean'}",0.25103752415201,151.20006187420077,0.975411812663443
AgglomerativeClustering,"{'n_clusters': 15, 'linkage': 'average', 'metric': 'l1'}",0.2172406459735304,171.9327546813274,1.3480618986638495
AgglomerativeClustering,"{'n_clusters': 15, 'linkage': 'average', 'metric': 'l2'}",0.25103752415201,151.20006187420077,0.975411812663443
AgglomerativeClustering,"{'n_clusters': 15, 'linkage': 'average', 'metric': 'manhattan'}",0.2172406459735304,171.9327546813274,1.3480618986638495
AgglomerativeClustering,"{'n_clusters': 15, 'linkage': 'average', 'metric': 'cosine'}",0.22162239391787206,236.66352645855238,1.3936150569792545
AgglomerativeClustering,"{'n_clusters': 15, 'linkage': 'single', 'metric': 'euclidean'}",0.09642406114210295,5.520513243678998,0.47763783224264406
AgglomerativeClustering,"{'n_clusters': 15, 'linkage': 'single', 'metric': 'l1'}",0.09575284488684684,4.12787557329953,0.5161204632490666
AgglomerativeClustering,"{'n_clusters': 15, 'linkage': 'single', 'metric': 'l2'}",0.09642406114210295,5.520513243678998,0.47763783224264406
AgglomerativeClustering,"{'n_clusters': 15, 'linkage': 'single', 'metric': 'manhattan'}",0.09575284488684684,4.12787557329953,0.5161204632490666
AgglomerativeClustering,"{'n_clusters': 15, 'linkage': 'single', 'metric': 'cosine'}",0.013399655390839494,3.8204903992320784,0.5790515196814757
AgglomerativeClustering,"{'n_clusters': 16, 'linkage': 'ward', 'metric': 'euclidean'}",0.1551588440456951,410.282352918101,1.6706728131850603
AgglomerativeClustering,"{'n_clusters': 16, 'linkage': 'complete', 'metric': 'euclidean'}",0.18925028331467136,292.20754099964665,1.550000171904867
AgglomerativeClustering,"{'n_clusters': 16, 'linkage': 'complete', 'metric': 'l1'}",0.1221266910927918,263.6922767885362,1.8394058461185914
AgglomerativeClustering,"{'n_clusters': 16, 'linkage': 'complete', 'metric': 'l2'}",0.18925028331467136,292.20754099964665,1.550000171904867
AgglomerativeClustering,"{'n_clusters': 16, 'linkage': 'complete', 'metric': 'manhattan'}",0.1221266910927918,263.6922767885362,1.8394058461185914
AgglomerativeClustering,"{'n_clusters': 16, 'linkage': 'complete', 'metric': 'cosine'}",0.09703622357073013,315.75337540614584,1.7788957159474585
AgglomerativeClustering,"{'n_clusters': 16, 'linkage': 'average', 'metric': 'euclidean'}",0.25106515659553014,182.7373605949984,1.067351071529722
AgglomerativeClustering,"{'n_clusters': 16, 'linkage': 'average', 'metric': 'l1'}",0.21690706218270514,160.85868317762427,1.317728392949073
AgglomerativeClustering,"{'n_clusters': 16, 'linkage': 'average', 'metric': 'l2'}",0.25106515659553014,182.7373605949984,1.067351071529722
AgglomerativeClustering,"{'n_clusters': 16, 'linkage': 'average', 'metric': 'manhattan'}",0.21690706218270514,160.85868317762427,1.317728392949073
AgglomerativeClustering,"{'n_clusters': 16, 'linkage': 'average', 'metric': 'cosine'}",0.22162896704000434,221.80778240092226,1.3329918610731246
AgglomerativeClustering,"{'n_clusters': 16, 'linkage': 'single', 'metric': 'euclidean'}",0.09716457923313376,6.280788947086072,0.4609661527179522
AgglomerativeClustering,"{'n_clusters': 16, 'linkage': 'single', 'metric': 'l1'}",0.09780068998117546,6.543257630525046,0.5011455576816879
AgglomerativeClustering,"{'n_clusters': 16, 'linkage': 'single', 'metric': 'l2'}",0.09716457923313376,6.280788947086072,0.4609661527179522
AgglomerativeClustering,"{'n_clusters': 16, 'linkage': 'single', 'metric': 'manhattan'}",0.09780068998117546,6.543257630525046,0.5011455576816879
AgglomerativeClustering,"{'n_clusters': 16, 'linkage': 'single', 'metric': 'cosine'}",-0.005366917942047083,3.679218947906909,0.5861142499799377
AgglomerativeClustering,"{'n_clusters': 17, 'linkage': 'ward', 'metric': 'euclidean'}",0.1542039731628586,396.3473159246783,1.6585005094510756
AgglomerativeClustering,"{'n_clusters': 17, 'linkage': 'complete', 'metric': 'euclidean'}",0.18747205467772401,276.21500337998486,1.551511536390944
AgglomerativeClustering,"{'n_clusters': 17, 'linkage': 'complete', 'metric': 'l1'}",0.12314736841648072,249.7724405011363,1.8964959147713212
AgglomerativeClustering,"{'n_clusters': 17, 'linkage': 'complete', 'metric': 'l2'}",0.18747205467772401,276.21500337998486,1.551511536390944
AgglomerativeClustering,"{'n_clusters': 17, 'linkage': 'complete', 'metric': 'manhattan'}",0.12314736841648072,249.7724405011363,1.8964959147713212
AgglomerativeClustering,"{'n_clusters': 17, 'linkage': 'complete', 'metric': 'cosine'}",0.09602888554751379,299.269010032003,1.721842753753541
AgglomerativeClustering,"{'n_clusters': 17, 'linkage': 'average', 'metric': 'euclidean'}",0.24876143470278678,172.1273833332534,1.068885976486091
AgglomerativeClustering,"{'n_clusters': 17, 'linkage': 'average', 'metric': 'l1'}",0.21347467822852503,153.01521367336915,1.275038166053246
AgglomerativeClustering,"{'n_clusters': 17, 'linkage': 'average', 'metric': 'l2'}",0.24876143470278678,172.1273833332534,1.068885976486091
AgglomerativeClustering,"{'n_clusters': 17, 'linkage': 'average', 'metric': 'manhattan'}",0.21347467822852503,153.01521367336915,1.275038166053246
AgglomerativeClustering,"{'n_clusters': 17, 'linkage': 'average', 'metric': 'cosine'}",0.21988691501656424,212.18803282522327,1.3552843436010904
AgglomerativeClustering,"{'n_clusters': 17, 'linkage': 'single', 'metric': 'euclidean'}",0.09422630947211029,6.167216202124978,0.45904139260693905
AgglomerativeClustering,"{'n_clusters': 17, 'linkage': 'single', 'metric': 'l1'}",0.09628500652204984,6.414190377140244,0.49681944939736117
AgglomerativeClustering,"{'n_clusters': 17, 'linkage': 'single', 'metric': 'l2'}",0.09422630947211029,6.167216202124978,0.45904139260693905
AgglomerativeClustering,"{'n_clusters': 17, 'linkage': 'single', 'metric': 'manhattan'}",0.09628500652204984,6.414190377140244,0.49681944939736117
AgglomerativeClustering,"{'n_clusters': 17, 'linkage': 'single', 'metric': 'cosine'}",-0.01740231127700946,3.690245866882607,0.6213214468467726
AgglomerativeClustering,"{'n_clusters': 18, 'linkage': 'ward', 'metric': 'euclidean'}",0.15717384926248798,384.0384845694739,1.6441948151992942
AgglomerativeClustering,"{'n_clusters': 18, 'linkage': 'complete', 'metric': 'euclidean'}",0.18797132129131044,264.03994868866386,1.5838119988276818
AgglomerativeClustering,"{'n_clusters': 18, 'linkage': 'complete', 'metric': 'l1'}",0.11755946387356937,240.7076935330747,1.8843707918134602
AgglomerativeClustering,"{'n_clusters': 18, 'linkage': 'complete', 'metric': 'l2'}",0.18797132129131044,264.03994868866386,1.5838119988276818
AgglomerativeClustering,"{'n_clusters': 18, 'linkage': 'complete', 'metric': 'manhattan'}",0.11755946387356937,240.7076935330747,1.8843707918134602
AgglomerativeClustering,"{'n_clusters': 18, 'linkage': 'complete', 'metric': 'cosine'}",0.09652547375111287,285.21514070978526,1.694801042370344
AgglomerativeClustering,"{'n_clusters': 18, 'linkage': 'average', 'metric': 'euclidean'}",0.24782907141489613,162.96300391955566,1.0950778193585242
AgglomerativeClustering,"{'n_clusters': 18, 'linkage': 'average', 'metric': 'l1'}",0.21323325714841634,144.91083769439746,1.3026329733088762
AgglomerativeClustering,"{'n_clusters': 18, 'linkage': 'average', 'metric': 'l2'}",0.24782907141489613,162.96300391955566,1.0950778193585242
AgglomerativeClustering,"{'n_clusters': 18, 'linkage': 'average', 'metric': 'manhattan'}",0.21323325714841634,144.91083769439746,1.3026329733088762
AgglomerativeClustering,"{'n_clusters': 18, 'linkage': 'average', 'metric': 'cosine'}",0.2155915651453686,201.2411237078788,1.3431062265545808
AgglomerativeClustering,"{'n_clusters': 18, 'linkage': 'single', 'metric': 'euclidean'}",0.09330734660439809,6.0711363957864375,0.45713712538146933
AgglomerativeClustering,"{'n_clusters': 18, 'linkage': 'single', 'metric': 'l1'}",0.09452616718100026,6.192412760793689,0.5002728035145793
AgglomerativeClustering,"{'n_clusters': 18, 'linkage': 'single', 'metric': 'l2'}",0.09330734660439809,6.0711363957864375,0.45713712538146933
AgglomerativeClustering,"{'n_clusters': 18, 'linkage': 'single', 'metric': 'manhattan'}",0.09452616718100026,6.192412760793689,0.5002728035145793
AgglomerativeClustering,"{'n_clusters': 18, 'linkage': 'single', 'metric': 'cosine'}",-0.025072213885891016,3.571713597889217,0.6254997080815383
AgglomerativeClustering,"{'n_clusters': 19, 'linkage': 'ward', 'metric': 'euclidean'}",0.15962828162832818,372.89851780282146,1.6541855930627252
AgglomerativeClustering,"{'n_clusters': 19, 'linkage': 'complete', 'metric': 'euclidean'}",0.18870072190904,252.92697665569497,1.6160246115377077
AgglomerativeClustering,"{'n_clusters': 19, 'linkage': 'complete', 'metric': 'l1'}",0.12304785166169016,239.38332920407686,1.9227127149943268
AgglomerativeClustering,"{'n_clusters': 19, 'linkage': 'complete', 'metric': 'l2'}",0.18870072190904,252.92697665569497,1.6160246115377077
AgglomerativeClustering,"{'n_clusters': 19, 'linkage': 'complete', 'metric': 'manhattan'}",0.12304785166169016,239.38332920407686,1.9227127149943268
AgglomerativeClustering,"{'n_clusters': 19, 'linkage': 'complete', 'metric': 'cosine'}",0.09849829026668853,274.3540130581834,1.708114906557326
AgglomerativeClustering,"{'n_clusters': 19, 'linkage': 'average', 'metric': 'euclidean'}",0.2423218834488945,154.54386981776673,1.097549016206242
AgglomerativeClustering,"{'n_clusters': 19, 'linkage': 'average', 'metric': 'l1'}",0.21153672698199488,137.82584555977516,1.2971098473297145
AgglomerativeClustering,"{'n_clusters': 19, 'linkage': 'average', 'metric': 'l2'}",0.2423218834488945,154.54386981776673,1.097549016206242
AgglomerativeClustering,"{'n_clusters': 19, 'linkage': 'average', 'metric': 'manhattan'}",0.21153672698199488,137.82584555977516,1.2971098473297145
AgglomerativeClustering,"{'n_clusters': 19, 'linkage': 'average', 'metric': 'cosine'}",0.21243268538999685,190.57272384654345,1.3151769447466635
AgglomerativeClustering,"{'n_clusters': 19, 'linkage': 'single', 'metric': 'euclidean'}",0.09406793715978083,6.559800753011566,0.44501902432548984
AgglomerativeClustering,"{'n_clusters': 19, 'linkage': 'single', 'metric': 'l1'}",0.0840327484814954,5.987925449879617,0.5041344581426985
AgglomerativeClustering,"{'n_clusters': 19, 'linkage': 'single', 'metric': 'l2'}",0.09406793715978083,6.559800753011566,0.44501902432548984
AgglomerativeClustering,"{'n_clusters': 19, 'linkage': 'single', 'metric': 'manhattan'}",0.0840327484814954,5.987925449879617,0.5041344581426985
AgglomerativeClustering,"{'n_clusters': 19, 'linkage': 'single', 'metric': 'cosine'}",-0.0688627006281266,3.457910339208446,0.6310706646646749
AgglomerativeClustering,"{'n_clusters': 20, 'linkage': 'ward', 'metric': 'euclidean'}",0.15159775965727046,362.84367287989556,1.643252314580589
AgglomerativeClustering,"{'n_clusters': 20, 'linkage': 'complete', 'metric': 'euclidean'}",0.15531161765425947,274.1071294095179,1.6385989157174656
AgglomerativeClustering,"{'n_clusters': 20, 'linkage': 'complete', 'metric': 'l1'}",0.12122748532073221,228.48885585177993,1.96126030219787
AgglomerativeClustering,"{'n_clusters': 20, 'linkage': 'complete', 'metric': 'l2'}",0.15531161765425947,274.1071294095179,1.6385989157174656
AgglomerativeClustering,"{'n_clusters': 20, 'linkage': 'complete', 'metric': 'manhattan'}",0.12122748532073221,228.48885585177993,1.96126030219787
AgglomerativeClustering,"{'n_clusters': 20, 'linkage': 'complete', 'metric': 'cosine'}",0.10055878340549415,266.2770593154714,1.7164351712186856
AgglomerativeClustering,"{'n_clusters': 20, 'linkage': 'average', 'metric': 'euclidean'}",0.24241700685468917,147.32257117162308,1.1427317939556056
AgglomerativeClustering,"{'n_clusters': 20, 'linkage': 'average', 'metric': 'l1'}",0.20770683668594,131.18805745215693,1.3052817450760996
AgglomerativeClustering,"{'n_clusters': 20, 'linkage': 'average', 'metric': 'l2'}",0.24241700685468917,147.32257117162308,1.1427317939556056
AgglomerativeClustering,"{'n_clusters': 20, 'linkage': 'average', 'metric': 'manhattan'}",0.20770683668594,131.18805745215693,1.3052817450760996
AgglomerativeClustering,"{'n_clusters': 20, 'linkage': 'average', 'metric': 'cosine'}",0.20731184864269997,181.03901662543288,1.282067782643541
AgglomerativeClustering,"{'n_clusters': 20, 'linkage': 'single', 'metric': 'euclidean'}",0.09569184279637116,7.001739058042725,0.4523835674034456
AgglomerativeClustering,"{'n_clusters': 20, 'linkage': 'single', 'metric': 'l1'}",0.07953923254758155,6.052897483873798,0.5115832872432031
AgglomerativeClustering,"{'n_clusters': 20, 'linkage': 'single', 'metric': 'l2'}",0.09569184279637116,7.001739058042725,0.4523835674034456
AgglomerativeClustering,"{'n_clusters': 20, 'linkage': 'single', 'metric': 'manhattan'}",0.07953923254758155,6.052897483873798,0.5115832872432031
AgglomerativeClustering,"{'n_clusters': 20, 'linkage': 'single', 'metric': 'cosine'}",-0.07116394260756798,3.373948505398058,0.6324854838486427
AgglomerativeClustering,"{'n_clusters': 21, 'linkage': 'ward', 'metric': 'euclidean'}",0.13984536954223414,352.337079985507,1.6597066340909914
AgglomerativeClustering,"{'n_clusters': 21, 'linkage': 'complete', 'metric': 'euclidean'}",0.14909932164536854,266.9443979839747,1.6850138900599037
AgglomerativeClustering,"{'n_clusters': 21, 'linkage': 'complete', 'metric': 'l1'}",0.12250546152510797,219.72614312301243,2.0033211631793484
AgglomerativeClustering,"{'n_clusters': 21, 'linkage': 'complete', 'metric': 'l2'}",0.14909932164536854,266.9443979839747,1.6850138900599037
AgglomerativeClustering,"{'n_clusters': 21, 'linkage': 'complete', 'metric': 'manhattan'}",0.12250546152510797,219.72614312301243,2.0033211631793484
AgglomerativeClustering,"{'n_clusters': 21, 'linkage': 'complete', 'metric': 'cosine'}",0.09150614831970848,262.55621495596455,1.7537189816826255
AgglomerativeClustering,"{'n_clusters': 21, 'linkage': 'average', 'metric': 'euclidean'}",0.2419121550160436,141.62522283335844,1.1547486645877474
AgglomerativeClustering,"{'n_clusters': 21, 'linkage': 'average', 'metric': 'l1'}",0.20057048683343556,125.72880621804224,1.3075663391724799
AgglomerativeClustering,"{'n_clusters': 21, 'linkage': 'average', 'metric': 'l2'}",0.2419121550160436,141.62522283335844,1.1547486645877474
AgglomerativeClustering,"{'n_clusters': 21, 'linkage': 'average', 'metric': 'manhattan'}",0.20057048683343556,125.72880621804224,1.3075663391724799
AgglomerativeClustering,"{'n_clusters': 21, 'linkage': 'average', 'metric': 'cosine'}",0.1972886228472605,181.832170670549,1.290204333319819
AgglomerativeClustering,"{'n_clusters': 21, 'linkage': 'single', 'metric': 'euclidean'}",0.032021244974787574,6.72538966883894,0.46960226281253203
AgglomerativeClustering,"{'n_clusters': 21, 'linkage': 'single', 'metric': 'l1'}",0.07875343285890199,5.7687141903542845,0.4922613456579843
AgglomerativeClustering,"{'n_clusters': 21, 'linkage': 'single', 'metric': 'l2'}",0.032021244974787574,6.72538966883894,0.46960226281253203
AgglomerativeClustering,"{'n_clusters': 21, 'linkage': 'single', 'metric': 'manhattan'}",0.07875343285890199,5.7687141903542845,0.4922613456579843
AgglomerativeClustering,"{'n_clusters': 21, 'linkage': 'single', 'metric': 'cosine'}",-0.07211274944200341,3.3205293766812107,0.6305025308091151
AgglomerativeClustering,"{'n_clusters': 22, 'linkage': 'ward', 'metric': 'euclidean'}",0.14102768299985063,342.60796823202855,1.6729648155149455
AgglomerativeClustering,"{'n_clusters': 22, 'linkage': 'complete', 'metric': 'euclidean'}",0.1404675289318609,261.09030105064835,1.7205082242335394
AgglomerativeClustering,"{'n_clusters': 22, 'linkage': 'complete', 'metric': 'l1'}",0.14276761832519191,239.14277825295056,1.9615944828497625
AgglomerativeClustering,"{'n_clusters': 22, 'linkage': 'complete', 'metric': 'l2'}",0.1404675289318609,261.09030105064835,1.7205082242335394
AgglomerativeClustering,"{'n_clusters': 22, 'linkage': 'complete', 'metric': 'manhattan'}",0.14276761832519191,239.14277825295056,1.9615944828497625
AgglomerativeClustering,"{'n_clusters': 22, 'linkage': 'complete', 'metric': 'cosine'}",0.0868986920657425,254.33760455620882,1.733433357791887
AgglomerativeClustering,"{'n_clusters': 22, 'linkage': 'average', 'metric': 'euclidean'}",0.23852618064543035,137.24452339327866,1.1386370778395878
AgglomerativeClustering,"{'n_clusters': 22, 'linkage': 'average', 'metric': 'l1'}",0.20004632912026957,120.42438580075921,1.280614243162226
AgglomerativeClustering,"{'n_clusters': 22, 'linkage': 'average', 'metric': 'l2'}",0.23852618064543035,137.24452339327866,1.1386370778395878
AgglomerativeClustering,"{'n_clusters': 22, 'linkage': 'average', 'metric': 'manhattan'}",0.20004632912026957,120.42438580075921,1.280614243162226
AgglomerativeClustering,"{'n_clusters': 22, 'linkage': 'average', 'metric': 'cosine'}",0.19505922505970438,174.7095797611771,1.2877159555997737
AgglomerativeClustering,"{'n_clusters': 22, 'linkage': 'single', 'metric': 'euclidean'}",0.0315595884023303,6.4224690139230916,0.4653327857540707
AgglomerativeClustering,"{'n_clusters': 22, 'linkage': 'single', 'metric': 'l1'}",0.07333692539647634,5.622066099822794,0.49510715358878504
AgglomerativeClustering,"{'n_clusters': 22, 'linkage': 'single', 'metric': 'l2'}",0.0315595884023303,6.4224690139230916,0.4653327857540707
AgglomerativeClustering,"{'n_clusters': 22, 'linkage': 'single', 'metric': 'manhattan'}",0.07333692539647634,5.622066099822794,0.49510715358878504
AgglomerativeClustering,"{'n_clusters': 22, 'linkage': 'single', 'metric': 'cosine'}",-0.1404388306815971,3.2023354048551527,0.6464525951814515
AgglomerativeClustering,"{'n_clusters': 23, 'linkage': 'ward', 'metric': 'euclidean'}",0.1321247780323511,333.7443429071432,1.7282213143223892
AgglomerativeClustering,"{'n_clusters': 23, 'linkage': 'complete', 'metric': 'euclidean'}",0.14028874629521243,250.3639940399258,1.6849878381440722
AgglomerativeClustering,"{'n_clusters': 23, 'linkage': 'complete', 'metric': 'l1'}",0.13649431480875063,231.19137235103543,1.977540215599402
AgglomerativeClustering,"{'n_clusters': 23, 'linkage': 'complete', 'metric': 'l2'}",0.14028874629521243,250.3639940399258,1.6849878381440722
AgglomerativeClustering,"{'n_clusters': 23, 'linkage': 'complete', 'metric': 'manhattan'}",0.13649431480875063,231.19137235103543,1.977540215599402
AgglomerativeClustering,"{'n_clusters': 23, 'linkage': 'complete', 'metric': 'cosine'}",0.07671738423310005,246.00295627429912,1.9152512067476253
AgglomerativeClustering,"{'n_clusters': 23, 'linkage': 'average', 'metric': 'euclidean'}",0.2361819012255829,131.3121868640914,1.1420584348488867
AgglomerativeClustering,"{'n_clusters': 23, 'linkage': 'average', 'metric': 'l1'}",0.19784755039959787,115.2692538613929,1.2678956772988847
AgglomerativeClustering,"{'n_clusters': 23, 'linkage': 'average', 'metric': 'l2'}",0.2361819012255829,131.3121868640914,1.1420584348488867
AgglomerativeClustering,"{'n_clusters': 23, 'linkage': 'average', 'metric': 'manhattan'}",0.19784755039959787,115.2692538613929,1.2678956772988847
AgglomerativeClustering,"{'n_clusters': 23, 'linkage': 'average', 'metric': 'cosine'}",0.16926406466432325,173.72226014351423,1.3545182644996938
AgglomerativeClustering,"{'n_clusters': 23, 'linkage': 'single', 'metric': 'euclidean'}",0.032304439784328995,6.68186327123896,0.45605857134738176
AgglomerativeClustering,"{'n_clusters': 23, 'linkage': 'single', 'metric': 'l1'}",0.0722504297779256,5.482869706507967,0.498259364329609
AgglomerativeClustering,"{'n_clusters': 23, 'linkage': 'single', 'metric': 'l2'}",0.032304439784328995,6.68186327123896,0.45605857134738176
AgglomerativeClustering,"{'n_clusters': 23, 'linkage': 'single', 'metric': 'manhattan'}",0.0722504297779256,5.482869706507967,0.498259364329609
AgglomerativeClustering,"{'n_clusters': 23, 'linkage': 'single', 'metric': 'cosine'}",-0.1408011123651576,3.212872683621582,0.6603016423930747
AgglomerativeClustering,"{'n_clusters': 24, 'linkage': 'ward', 'metric': 'euclidean'}",0.1330169976440059,325.5367529627798,1.712963852936312
AgglomerativeClustering,"{'n_clusters': 24, 'linkage': 'complete', 'metric': 'euclidean'}",0.14027889706502192,240.72133737579043,1.6581158337715276
AgglomerativeClustering,"{'n_clusters': 24, 'linkage': 'complete', 'metric': 'l1'}",0.13754499647019686,225.2692166419584,1.9329799966733348
AgglomerativeClustering,"{'n_clusters': 24, 'linkage': 'complete', 'metric': 'l2'}",0.14027889706502192,240.72133737579043,1.6581158337715276
AgglomerativeClustering,"{'n_clusters': 24, 'linkage': 'complete', 'metric': 'manhattan'}",0.13754499647019686,225.2692166419584,1.9329799966733348
AgglomerativeClustering,"{'n_clusters': 24, 'linkage': 'complete', 'metric': 'cosine'}",0.0768079433318775,236.51573983260536,1.8735439665996119
AgglomerativeClustering,"{'n_clusters': 24, 'linkage': 'average', 'metric': 'euclidean'}",0.2368581353508905,126.83019124956158,1.1263928299597155
AgglomerativeClustering,"{'n_clusters': 24, 'linkage': 'average', 'metric': 'l1'}",0.16262166227552763,118.55336154258012,1.2813223300592147
AgglomerativeClustering,"{'n_clusters': 24, 'linkage': 'average', 'metric': 'l2'}",0.2368581353508905,126.83019124956158,1.1263928299597155
AgglomerativeClustering,"{'n_clusters': 24, 'linkage': 'average', 'metric': 'manhattan'}",0.16262166227552763,118.55336154258012,1.2813223300592147
AgglomerativeClustering,"{'n_clusters': 24, 'linkage': 'average', 'metric': 'cosine'}",0.1725373924727352,170.31663161628535,1.3761986023607937
AgglomerativeClustering,"{'n_clusters': 24, 'linkage': 'single', 'metric': 'euclidean'}",0.031874117668727296,6.531123431823496,0.4582450340206405
AgglomerativeClustering,"{'n_clusters': 24, 'linkage': 'single', 'metric': 'l1'}",0.07178005850442798,5.251473417260361,0.4876816563316196
AgglomerativeClustering,"{'n_clusters': 24, 'linkage': 'single', 'metric': 'l2'}",0.031874117668727296,6.531123431823496,0.4582450340206405
AgglomerativeClustering,"{'n_clusters': 24, 'linkage': 'single', 'metric': 'manhattan'}",0.07178005850442798,5.251473417260361,0.4876816563316196
AgglomerativeClustering,"{'n_clusters': 24, 'linkage': 'single', 'metric': 'cosine'}",-0.14071524736183832,3.2601944972997234,0.6698955320967092
AgglomerativeClustering,"{'n_clusters': 25, 'linkage': 'ward', 'metric': 'euclidean'}",0.13118456006097648,318.1465540982527,1.7241052371752401
AgglomerativeClustering,"{'n_clusters': 25, 'linkage': 'complete', 'metric': 'euclidean'}",0.13955139172678308,232.51669156308316,1.684853305494355
AgglomerativeClustering,"{'n_clusters': 25, 'linkage': 'complete', 'metric': 'l1'}",0.13813361288444131,217.50577841930843,1.8765038366360123
AgglomerativeClustering,"{'n_clusters': 25, 'linkage': 'complete', 'metric': 'l2'}",0.13955139172678308,232.51669156308316,1.684853305494355
AgglomerativeClustering,"{'n_clusters': 25, 'linkage': 'complete', 'metric': 'manhattan'}",0.13813361288444131,217.50577841930843,1.8765038366360123
AgglomerativeClustering,"{'n_clusters': 25, 'linkage': 'complete', 'metric': 'cosine'}",0.0814320344144709,235.6695870354657,1.7788530256575605
AgglomerativeClustering,"{'n_clusters': 25, 'linkage': 'average', 'metric': 'euclidean'}",0.23647283560643714,121.87690842800073,1.1046398850488972
AgglomerativeClustering,"{'n_clusters': 25, 'linkage': 'average', 'metric': 'l1'}",0.16218971943275684,113.92284252548372,1.2497164704300103
AgglomerativeClustering,"{'n_clusters': 25, 'linkage': 'average', 'metric': 'l2'}",0.23647283560643714,121.87690842800073,1.1046398850488972
AgglomerativeClustering,"{'n_clusters': 25, 'linkage': 'average', 'metric': 'manhattan'}",0.16218971943275684,113.92284252548372,1.2497164704300103
AgglomerativeClustering,"{'n_clusters': 25, 'linkage': 'average', 'metric': 'cosine'}",0.11891446146815342,165.57655029900926,1.3821974653733855
AgglomerativeClustering,"{'n_clusters': 25, 'linkage': 'single', 'metric': 'euclidean'}",0.02390857746153844,6.36042058076518,0.46331240160625575
AgglomerativeClustering,"{'n_clusters': 25, 'linkage': 'single', 'metric': 'l1'}",0.0721160792100256,5.268134927411063,0.48323125119606425
AgglomerativeClustering,"{'n_clusters': 25, 'linkage': 'single', 'metric': 'l2'}",0.02390857746153844,6.36042058076518,0.46331240160625575
AgglomerativeClustering,"{'n_clusters': 25, 'linkage': 'single', 'metric': 'manhattan'}",0.0721160792100256,5.268134927411063,0.48323125119606425
AgglomerativeClustering,"{'n_clusters': 25, 'linkage': 'single', 'metric': 'cosine'}",-0.14267444717930614,3.270942444270676,0.6763076856166755
AgglomerativeClustering,"{'n_clusters': 26, 'linkage': 'ward', 'metric': 'euclidean'}",0.13275155998691418,311.4307628074042,1.6944695123458016
AgglomerativeClustering,"{'n_clusters': 26, 'linkage': 'complete', 'metric': 'euclidean'}",0.1420217311138455,227.7745578775802,1.674799780706165
AgglomerativeClustering,"{'n_clusters': 26, 'linkage': 'complete', 'metric': 'l1'}",0.13787351825105665,209.9347652635111,1.8508859921264167
AgglomerativeClustering,"{'n_clusters': 26, 'linkage': 'complete', 'metric': 'l2'}",0.1420217311138455,227.7745578775802,1.674799780706165
AgglomerativeClustering,"{'n_clusters': 26, 'linkage': 'complete', 'metric': 'manhattan'}",0.13787351825105665,209.9347652635111,1.8508859921264167
AgglomerativeClustering,"{'n_clusters': 26, 'linkage': 'complete', 'metric': 'cosine'}",0.08296121820232248,231.3846704232611,1.7549572203836497
AgglomerativeClustering,"{'n_clusters': 26, 'linkage': 'average', 'metric': 'euclidean'}",0.2299141344491238,118.53093019643933,1.168150359637067
AgglomerativeClustering,"{'n_clusters': 26, 'linkage': 'average', 'metric': 'l1'}",0.15754601405909385,109.87431472016277,1.2535592711436851
AgglomerativeClustering,"{'n_clusters': 26, 'linkage': 'average', 'metric': 'l2'}",0.2299141344491238,118.53093019643933,1.168150359637067
AgglomerativeClustering,"{'n_clusters': 26, 'linkage': 'average', 'metric': 'manhattan'}",0.15754601405909385,109.87431472016277,1.2535592711436851
AgglomerativeClustering,"{'n_clusters': 26, 'linkage': 'average', 'metric': 'cosine'}",0.10581375889671808,159.07513697031644,1.3550970670292288
AgglomerativeClustering,"{'n_clusters': 26, 'linkage': 'single', 'metric': 'euclidean'}",0.02332035951442116,6.210463501382266,0.4672127323917096
AgglomerativeClustering,"{'n_clusters': 26, 'linkage': 'single', 'metric': 'l1'}",0.07151332038805147,5.324381124343139,0.5041013447646256
AgglomerativeClustering,"{'n_clusters': 26, 'linkage': 'single', 'metric': 'l2'}",0.02332035951442116,6.210463501382266,0.4672127323917096
AgglomerativeClustering,"{'n_clusters': 26, 'linkage': 'single', 'metric': 'manhattan'}",0.07151332038805147,5.324381124343139,0.5041013447646256
AgglomerativeClustering,"{'n_clusters': 26, 'linkage': 'single', 'metric': 'cosine'}",-0.15063730894225583,3.1975281422139927,0.6792235889056387
AgglomerativeClustering,"{'n_clusters': 27, 'linkage': 'ward', 'metric': 'euclidean'}",0.1329407013270639,305.3761020248414,1.686561263034527
AgglomerativeClustering,"{'n_clusters': 27, 'linkage': 'complete', 'metric': 'euclidean'}",0.1409248030340317,228.12040515564698,1.6689408832506498
AgglomerativeClustering,"{'n_clusters': 27, 'linkage': 'complete', 'metric': 'l1'}",0.13693733947616846,203.4198017582196,1.8429539141804074
AgglomerativeClustering,"{'n_clusters': 27, 'linkage': 'complete', 'metric': 'l2'}",0.1409248030340317,228.12040515564698,1.6689408832506498
AgglomerativeClustering,"{'n_clusters': 27, 'linkage': 'complete', 'metric': 'manhattan'}",0.13693733947616846,203.4198017582196,1.8429539141804074
AgglomerativeClustering,"{'n_clusters': 27, 'linkage': 'complete', 'metric': 'cosine'}",0.08328010990933733,223.5718375603733,1.7202846361474429
AgglomerativeClustering,"{'n_clusters': 27, 'linkage': 'average', 'metric': 'euclidean'}",0.21882050454432217,116.76039866947433,1.1625642678304977
AgglomerativeClustering,"{'n_clusters': 27, 'linkage': 'average', 'metric': 'l1'}",0.12000475451852503,107.6614858491297,1.255055642383104
AgglomerativeClustering,"{'n_clusters': 27, 'linkage': 'average', 'metric': 'l2'}",0.21882050454432217,116.76039866947433,1.1625642678304977
AgglomerativeClustering,"{'n_clusters': 27, 'linkage': 'average', 'metric': 'manhattan'}",0.12000475451852503,107.6614858491297,1.255055642383104
AgglomerativeClustering,"{'n_clusters': 27, 'linkage': 'average', 'metric': 'cosine'}",0.10486779896802151,153.3101767250614,1.3454421424439917
AgglomerativeClustering,"{'n_clusters': 27, 'linkage': 'single', 'metric': 'euclidean'}",0.02272415752248797,6.2588086747889005,0.4738182663820552
AgglomerativeClustering,"{'n_clusters': 27, 'linkage': 'single', 'metric': 'l1'}",0.0701285377346927,5.238840077202119,0.5045291424159446
AgglomerativeClustering,"{'n_clusters': 27, 'linkage': 'single', 'metric': 'l2'}",0.02272415752248797,6.2588086747889005,0.4738182663820552
AgglomerativeClustering,"{'n_clusters': 27, 'linkage': 'single', 'metric': 'manhattan'}",0.0701285377346927,5.238840077202119,0.5045291424159446
AgglomerativeClustering,"{'n_clusters': 27, 'linkage': 'single', 'metric': 'cosine'}",-0.15287321674440446,3.133809831146848,0.6809115636622108
AgglomerativeClustering,"{'n_clusters': 28, 'linkage': 'ward', 'metric': 'euclidean'}",0.13428376822126695,299.737919091282,1.6786195168088156
AgglomerativeClustering,"{'n_clusters': 28, 'linkage': 'complete', 'metric': 'euclidean'}",0.14437516225927097,225.00088573143097,1.6514180809214334
AgglomerativeClustering,"{'n_clusters': 28, 'linkage': 'complete', 'metric': 'l1'}",0.13726426882544998,196.9595259239887,1.803510523081546
AgglomerativeClustering,"{'n_clusters': 28, 'linkage': 'complete', 'metric': 'l2'}",0.14437516225927097,225.00088573143097,1.6514180809214334
AgglomerativeClustering,"{'n_clusters': 28, 'linkage': 'complete', 'metric': 'manhattan'}",0.13726426882544998,196.9595259239887,1.803510523081546
AgglomerativeClustering,"{'n_clusters': 28, 'linkage': 'complete', 'metric': 'cosine'}",0.11834206439281045,243.8941017009804,1.6986076426076189
AgglomerativeClustering,"{'n_clusters': 28, 'linkage': 'average', 'metric': 'euclidean'}",0.21848632087889583,112.55105718273181,1.1239624910540207
AgglomerativeClustering,"{'n_clusters': 28, 'linkage': 'average', 'metric': 'l1'}",0.11951310165911061,103.81963327436907,1.2312016741346616
AgglomerativeClustering,"{'n_clusters': 28, 'linkage': 'average', 'metric': 'l2'}",0.21848632087889583,112.55105718273181,1.1239624910540207
AgglomerativeClustering,"{'n_clusters': 28, 'linkage': 'average', 'metric': 'manhattan'}",0.11951310165911061,103.81963327436907,1.2312016741346616
AgglomerativeClustering,"{'n_clusters': 28, 'linkage': 'average', 'metric': 'cosine'}",0.10332114640368045,147.90486946240807,1.3172916139354391
AgglomerativeClustering,"{'n_clusters': 28, 'linkage': 'single', 'metric': 'euclidean'}",0.018149910997367007,6.103969111334639,0.47954212489755105
AgglomerativeClustering,"{'n_clusters': 28, 'linkage': 'single', 'metric': 'l1'}",0.07046317970607417,5.261463188534239,0.49967533599821684
AgglomerativeClustering,"{'n_clusters': 28, 'linkage': 'single', 'metric': 'l2'}",0.018149910997367007,6.103969111334639,0.47954212489755105
AgglomerativeClustering,"{'n_clusters': 28, 'linkage': 'single', 'metric': 'manhattan'}",0.07046317970607417,5.261463188534239,0.49967533599821684
AgglomerativeClustering,"{'n_clusters': 28, 'linkage': 'single', 'metric': 'cosine'}",-0.14998927805356657,3.7419560022582194,0.6856489652227327
AgglomerativeClustering,"{'n_clusters': 29, 'linkage': 'ward', 'metric': 'euclidean'}",0.13915109153470887,294.6212155217826,1.702242117842214
AgglomerativeClustering,"{'n_clusters': 29, 'linkage': 'complete', 'metric': 'euclidean'}",0.14512892733395222,218.49605791202114,1.6276754937229987
AgglomerativeClustering,"{'n_clusters': 29, 'linkage': 'complete', 'metric': 'l1'}",0.11570898978464884,201.0807244263898,1.7857432989859592
AgglomerativeClustering,"{'n_clusters': 29, 'linkage': 'complete', 'metric': 'l2'}",0.14512892733395222,218.49605791202114,1.6276754937229987
AgglomerativeClustering,"{'n_clusters': 29, 'linkage': 'complete', 'metric': 'manhattan'}",0.11570898978464884,201.0807244263898,1.7857432989859592
AgglomerativeClustering,"{'n_clusters': 29, 'linkage': 'complete', 'metric': 'cosine'}",0.1169927150870076,236.59015650269163,1.6999307700701427
AgglomerativeClustering,"{'n_clusters': 29, 'linkage': 'average', 'metric': 'euclidean'}",0.23159141670834668,140.02048710253493,1.146661536952394
AgglomerativeClustering,"{'n_clusters': 29, 'linkage': 'average', 'metric': 'l1'}",0.11269055480139685,100.75411811512359,1.2353545893395985
AgglomerativeClustering,"{'n_clusters': 29, 'linkage': 'average', 'metric': 'l2'}",0.23159141670834668,140.02048710253493,1.146661536952394
AgglomerativeClustering,"{'n_clusters': 29, 'linkage': 'average', 'metric': 'manhattan'}",0.11269055480139685,100.75411811512359,1.2353545893395985
AgglomerativeClustering,"{'n_clusters': 29, 'linkage': 'average', 'metric': 'cosine'}",0.10306500299465125,142.88077966280542,1.3254797580313162
AgglomerativeClustering,"{'n_clusters': 29, 'linkage': 'single', 'metric': 'euclidean'}",0.0005544180747515088,5.965384949225628,0.4842076983783689
AgglomerativeClustering,"{'n_clusters': 29, 'linkage': 'single', 'metric': 'l1'}",0.07313660362501032,5.803447740956338,0.5074792660163955
AgglomerativeClustering,"{'n_clusters': 29, 'linkage': 'single', 'metric': 'l2'}",0.0005544180747515088,5.965384949225628,0.4842076983783689
AgglomerativeClustering,"{'n_clusters': 29, 'linkage': 'single', 'metric': 'manhattan'}",0.07313660362501032,5.803447740956338,0.5074792660163955
AgglomerativeClustering,"{'n_clusters': 29, 'linkage': 'single', 'metric': 'cosine'}",-0.15162525402245464,3.6800546652562702,0.6839539831939795
AgglomerativeClustering,"{'n_clusters': 30, 'linkage': 'ward', 'metric': 'euclidean'}",0.12015566086348901,289.18049947243674,1.7529437253110711
AgglomerativeClustering,"{'n_clusters': 30, 'linkage': 'complete', 'metric': 'euclidean'}",0.14472460760009065,211.87526137729586,1.6044440181325699
AgglomerativeClustering,"{'n_clusters': 30, 'linkage': 'complete', 'metric': 'l1'}",0.11506522851700383,194.81571834187793,1.7617686333690943
AgglomerativeClustering,"{'n_clusters': 30, 'linkage': 'complete', 'metric': 'l2'}",0.14472460760009065,211.87526137729586,1.6044440181325699
AgglomerativeClustering,"{'n_clusters': 30, 'linkage': 'complete', 'metric': 'manhattan'}",0.11506522851700383,194.81571834187793,1.7617686333690943
AgglomerativeClustering,"{'n_clusters': 30, 'linkage': 'complete', 'metric': 'cosine'}",0.11800880359368067,232.09204121771626,1.6833890630674666
AgglomerativeClustering,"{'n_clusters': 30, 'linkage': 'average', 'metric': 'euclidean'}",0.23037324191487024,136.52203596297994,1.1406490504847657
AgglomerativeClustering,"{'n_clusters': 30, 'linkage': 'average', 'metric': 'l1'}",0.11758275574966097,105.37538650706287,1.2316121280844214
AgglomerativeClustering,"{'n_clusters': 30, 'linkage': 'average', 'metric': 'l2'}",0.23037324191487024,136.52203596297994,1.1406490504847657
AgglomerativeClustering,"{'n_clusters': 30, 'linkage': 'average', 'metric': 'manhattan'}",0.11758275574966097,105.37538650706287,1.2316121280844214
AgglomerativeClustering,"{'n_clusters': 30, 'linkage': 'average', 'metric': 'cosine'}",0.10225171382139331,138.09325447849974,1.292730168031667
AgglomerativeClustering,"{'n_clusters': 30, 'linkage': 'single', 'metric': 'euclidean'}",-0.0194670818068081,5.803051100946861,0.49722772731352016
AgglomerativeClustering,"{'n_clusters': 30, 'linkage': 'single', 'metric': 'l1'}",0.06880792242941391,5.671372679163415,0.5121659166735978
AgglomerativeClustering,"{'n_clusters': 30, 'linkage': 'single', 'metric': 'l2'}",-0.0194670818068081,5.803051100946861,0.49722772731352016
AgglomerativeClustering,"{'n_clusters': 30, 'linkage': 'single', 'metric': 'manhattan'}",0.06880792242941391,5.671372679163415,0.5121659166735978
AgglomerativeClustering,"{'n_clusters': 30, 'linkage': 'single', 'metric': 'cosine'}",-0.15218090113445198,3.6236353727930575,0.6821845967818548
AgglomerativeClustering,"{'n_clusters': 31, 'linkage': 'ward', 'metric': 'euclidean'}",0.12211949013015366,284.1406233363069,1.7388612648616741
AgglomerativeClustering,"{'n_clusters': 31, 'linkage': 'complete', 'metric': 'euclidean'}",0.15189084153331492,214.13837252021932,1.649680852491569
AgglomerativeClustering,"{'n_clusters': 31, 'linkage': 'complete', 'metric': 'l1'}",0.08818968328462906,195.61469025423,1.774870757508561
AgglomerativeClustering,"{'n_clusters': 31, 'linkage': 'complete', 'metric': 'l2'}",0.15189084153331492,214.13837252021932,1.649680852491569
AgglomerativeClustering,"{'n_clusters': 31, 'linkage': 'complete', 'metric': 'manhattan'}",0.08818968328462906,195.61469025423,1.774870757508561
AgglomerativeClustering,"{'n_clusters': 31, 'linkage': 'complete', 'metric': 'cosine'}",0.1196225934863184,228.5528089530669,1.7192062072037821
AgglomerativeClustering,"{'n_clusters': 31, 'linkage': 'average', 'metric': 'euclidean'}",0.2158153970191986,132.05732944811643,1.1044851016442028
AgglomerativeClustering,"{'n_clusters': 31, 'linkage': 'average', 'metric': 'l1'}",0.11891788162180128,102.69019202860815,1.2168450450053239
AgglomerativeClustering,"{'n_clusters': 31, 'linkage': 'average', 'metric': 'l2'}",0.2158153970191986,132.05732944811643,1.1044851016442028
AgglomerativeClustering,"{'n_clusters': 31, 'linkage': 'average', 'metric': 'manhattan'}",0.11891788162180128,102.69019202860815,1.2168450450053239
AgglomerativeClustering,"{'n_clusters': 31, 'linkage': 'average', 'metric': 'cosine'}",0.10112086028777913,133.75829726516122,1.283256221016399
AgglomerativeClustering,"{'n_clusters': 31, 'linkage': 'single', 'metric': 'euclidean'}",-0.0192532832985593,5.8698227728448975,0.4914578451809597
AgglomerativeClustering,"{'n_clusters': 31, 'linkage': 'single', 'metric': 'l1'}",0.06666044948420222,5.5423666034224,0.5174900485906992
AgglomerativeClustering,"{'n_clusters': 31, 'linkage': 'single', 'metric': 'l2'}",-0.0192532832985593,5.8698227728448975,0.4914578451809597
AgglomerativeClustering,"{'n_clusters': 31, 'linkage': 'single', 'metric': 'manhattan'}",0.06666044948420222,5.5423666034224,0.5174900485906992
AgglomerativeClustering,"{'n_clusters': 31, 'linkage': 'single', 'metric': 'cosine'}",-0.17342263428193608,3.5222565573172204,0.7018230333820795
AgglomerativeClustering,"{'n_clusters': 32, 'linkage': 'ward', 'metric': 'euclidean'}",0.1232855061581013,279.50963455549663,1.7258250013812964
AgglomerativeClustering,"{'n_clusters': 32, 'linkage': 'complete', 'metric': 'euclidean'}",0.15082560217948798,210.34091123084053,1.6615856901969017
AgglomerativeClustering,"{'n_clusters': 32, 'linkage': 'complete', 'metric': 'l1'}",0.08941737036516721,192.44580903656552,1.7374349157538158
AgglomerativeClustering,"{'n_clusters': 32, 'linkage': 'complete', 'metric': 'l2'}",0.15082560217948798,210.34091123084053,1.6615856901969017
AgglomerativeClustering,"{'n_clusters': 32, 'linkage': 'complete', 'metric': 'manhattan'}",0.08941737036516721,192.44580903656552,1.7374349157538158
AgglomerativeClustering,"{'n_clusters': 32, 'linkage': 'complete', 'metric': 'cosine'}",0.11687997456114797,224.19779077363282,1.7138323211400825
AgglomerativeClustering,"{'n_clusters': 32, 'linkage': 'average', 'metric': 'euclidean'}",0.21455902213814548,128.05982365560754,1.0944685882276024
AgglomerativeClustering,"{'n_clusters': 32, 'linkage': 'average', 'metric': 'l1'}",0.1187698131782352,99.55350294835057,1.210005762395644
AgglomerativeClustering,"{'n_clusters': 32, 'linkage': 'average', 'metric': 'l2'}",0.21455902213814548,128.05982365560754,1.0944685882276024
AgglomerativeClustering,"{'n_clusters': 32, 'linkage': 'average', 'metric': 'manhattan'}",0.1187698131782352,99.55350294835057,1.210005762395644
AgglomerativeClustering,"{'n_clusters': 32, 'linkage': 'average', 'metric': 'cosine'}",0.09927381537368252,129.7692908525032,1.272551830267766
AgglomerativeClustering,"{'n_clusters': 32, 'linkage': 'single', 'metric': 'euclidean'}",-0.02253019396720834,5.748946427606465,0.49572440620143804
AgglomerativeClustering,"{'n_clusters': 32, 'linkage': 'single', 'metric': 'l1'}",0.06763287693234658,5.569315197638674,0.5199683542514659
AgglomerativeClustering,"{'n_clusters': 32, 'linkage': 'single', 'metric': 'l2'}",-0.02253019396720834,5.748946427606465,0.49572440620143804
AgglomerativeClustering,"{'n_clusters': 32, 'linkage': 'single', 'metric': 'manhattan'}",0.06763287693234658,5.569315197638674,0.5199683542514659
AgglomerativeClustering,"{'n_clusters': 32, 'linkage': 'single', 'metric': 'cosine'}",-0.17463045453313136,3.4796166435092424,0.6989472451663232
AgglomerativeClustering,"{'n_clusters': 33, 'linkage': 'ward', 'metric': 'euclidean'}",0.12204621326707969,274.8999081400805,1.7340309200143549
AgglomerativeClustering,"{'n_clusters': 33, 'linkage': 'complete', 'metric': 'euclidean'}",0.15214728724163318,207.58542227131534,1.6570779414384214
AgglomerativeClustering,"{'n_clusters': 33, 'linkage': 'complete', 'metric': 'l1'}",0.08619152866262557,194.071967075125,1.7157691083289892
AgglomerativeClustering,"{'n_clusters': 33, 'linkage': 'complete', 'metric': 'l2'}",0.15214728724163318,207.58542227131534,1.6570779414384214
AgglomerativeClustering,"{'n_clusters': 33, 'linkage': 'complete', 'metric': 'manhattan'}",0.08619152866262557,194.071967075125,1.7157691083289892
AgglomerativeClustering,"{'n_clusters': 33, 'linkage': 'complete', 'metric': 'cosine'}",0.11852794243073174,220.48725328174925,1.6983862911465362
AgglomerativeClustering,"{'n_clusters': 33, 'linkage': 'average', 'metric': 'euclidean'}",0.21401393695056434,124.76333644761246,1.097923113954811
AgglomerativeClustering,"{'n_clusters': 33, 'linkage': 'average', 'metric': 'l1'}",0.11932878473907112,97.34398196826622,1.2151167386042672
AgglomerativeClustering,"{'n_clusters': 33, 'linkage': 'average', 'metric': 'l2'}",0.21401393695056434,124.76333644761246,1.097923113954811
AgglomerativeClustering,"{'n_clusters': 33, 'linkage': 'average', 'metric': 'manhattan'}",0.11932878473907112,97.34398196826622,1.2151167386042672
AgglomerativeClustering,"{'n_clusters': 33, 'linkage': 'average', 'metric': 'cosine'}",0.14193173130846623,153.29416167240166,1.2622659427851382
AgglomerativeClustering,"{'n_clusters': 33, 'linkage': 'single', 'metric': 'euclidean'}",-0.023605773883235225,5.834436510436195,0.5025057378000437
AgglomerativeClustering,"{'n_clusters': 33, 'linkage': 'single', 'metric': 'l1'}",0.06541763300758136,5.4725452209733945,0.5217146525113029
AgglomerativeClustering,"{'n_clusters': 33, 'linkage': 'single', 'metric': 'l2'}",-0.023605773883235225,5.834436510436195,0.5025057378000437
AgglomerativeClustering,"{'n_clusters': 33, 'linkage': 'single', 'metric': 'manhattan'}",0.06541763300758136,5.4725452209733945,0.5217146525113029
AgglomerativeClustering,"{'n_clusters': 33, 'linkage': 'single', 'metric': 'cosine'}",-0.17344225791034817,3.5771652616485103,0.7031927315150324
AgglomerativeClustering,"{'n_clusters': 34, 'linkage': 'ward', 'metric': 'euclidean'}",0.1245204029675479,270.6255937858853,1.7222641840679487
AgglomerativeClustering,"{'n_clusters': 34, 'linkage': 'complete', 'metric': 'euclidean'}",0.15487559622062097,208.36136841283627,1.6653771788505023
AgglomerativeClustering,"{'n_clusters': 34, 'linkage': 'complete', 'metric': 'l1'}",0.08648376307959893,189.18049938718462,1.7230716859850839
AgglomerativeClustering,"{'n_clusters': 34, 'linkage': 'complete', 'metric': 'l2'}",0.15487559622062097,208.36136841283627,1.6653771788505023
AgglomerativeClustering,"{'n_clusters': 34, 'linkage': 'complete', 'metric': 'manhattan'}",0.08648376307959893,189.18049938718462,1.7230716859850839
AgglomerativeClustering,"{'n_clusters': 34, 'linkage': 'complete', 'metric': 'cosine'}",0.11906782643393483,215.54099029963442,1.6913548374880496
AgglomerativeClustering,"{'n_clusters': 34, 'linkage': 'average', 'metric': 'euclidean'}",0.2134861797195076,121.08217041826778,1.0785552760330577
AgglomerativeClustering,"{'n_clusters': 34, 'linkage': 'average', 'metric': 'l1'}",0.12013573715869014,94.9029539203847,1.2080836578786849
AgglomerativeClustering,"{'n_clusters': 34, 'linkage': 'average', 'metric': 'l2'}",0.2134861797195076,121.08217041826778,1.0785552760330577
AgglomerativeClustering,"{'n_clusters': 34, 'linkage': 'average', 'metric': 'manhattan'}",0.12013573715869014,94.9029539203847,1.2080836578786849
AgglomerativeClustering,"{'n_clusters': 34, 'linkage': 'average', 'metric': 'cosine'}",0.14231246266211497,149.3969164613966,1.2408521361119524
AgglomerativeClustering,"{'n_clusters': 34, 'linkage': 'single', 'metric': 'euclidean'}",-0.023623821840710987,5.839497296065144,0.4985203496050293
AgglomerativeClustering,"{'n_clusters': 34, 'linkage': 'single', 'metric': 'l1'}",0.05953967353288971,5.361215119759736,0.5263065856871862
AgglomerativeClustering,"{'n_clusters': 34, 'linkage': 'single', 'metric': 'l2'}",-0.023623821840710987,5.839497296065144,0.4985203496050293
AgglomerativeClustering,"{'n_clusters': 34, 'linkage': 'single', 'metric': 'manhattan'}",0.05953967353288971,5.361215119759736,0.5263065856871862
AgglomerativeClustering,"{'n_clusters': 34, 'linkage': 'single', 'metric': 'cosine'}",-0.17420782012558578,3.522981951258699,0.7023770836675469
AgglomerativeClustering,"{'n_clusters': 35, 'linkage': 'ward', 'metric': 'euclidean'}",0.12591008080055202,266.6850708821872,1.7386253897035708
AgglomerativeClustering,"{'n_clusters': 35, 'linkage': 'complete', 'metric': 'euclidean'}",0.13482436989538923,209.771261340537,1.6629722254834505
AgglomerativeClustering,"{'n_clusters': 35, 'linkage': 'complete', 'metric': 'l1'}",0.08711114183416781,185.3640616451509,1.661860647206668
AgglomerativeClustering,"{'n_clusters': 35, 'linkage': 'complete', 'metric': 'l2'}",0.13482436989538923,209.771261340537,1.6629722254834505
AgglomerativeClustering,"{'n_clusters': 35, 'linkage': 'complete', 'metric': 'manhattan'}",0.08711114183416781,185.3640616451509,1.661860647206668
AgglomerativeClustering,"{'n_clusters': 35, 'linkage': 'complete', 'metric': 'cosine'}",0.11533965412350455,212.1390815771868,1.748199430528192
AgglomerativeClustering,"{'n_clusters': 35, 'linkage': 'average', 'metric': 'euclidean'}",0.21322866366769608,117.63388309687889,1.060678741646052
AgglomerativeClustering,"{'n_clusters': 35, 'linkage': 'average', 'metric': 'l1'}",0.1186440584450522,92.2707974529979,1.202323402832947
AgglomerativeClustering,"{'n_clusters': 35, 'linkage': 'average', 'metric': 'l2'}",0.21322866366769608,117.63388309687889,1.060678741646052
AgglomerativeClustering,"{'n_clusters': 35, 'linkage': 'average', 'metric': 'manhattan'}",0.1186440584450522,92.2707974529979,1.202323402832947
AgglomerativeClustering,"{'n_clusters': 35, 'linkage': 'average', 'metric': 'cosine'}",0.14114650350842534,145.13253442450693,1.1998645114252882
AgglomerativeClustering,"{'n_clusters': 35, 'linkage': 'single', 'metric': 'euclidean'}",-0.020835626529199073,6.290866789881179,0.5048524201575402
AgglomerativeClustering,"{'n_clusters': 35, 'linkage': 'single', 'metric': 'l1'}",0.056465551851584465,5.264286976688023,0.5293823084390473
AgglomerativeClustering,"{'n_clusters': 35, 'linkage': 'single', 'metric': 'l2'}",-0.020835626529199073,6.290866789881179,0.5048524201575402
AgglomerativeClustering,"{'n_clusters': 35, 'linkage': 'single', 'metric': 'manhattan'}",0.056465551851584465,5.264286976688023,0.5293823084390473
AgglomerativeClustering,"{'n_clusters': 35, 'linkage': 'single', 'metric': 'cosine'}",-0.17890264016935953,3.4466810809314636,0.7088978592221133
AgglomerativeClustering,"{'n_clusters': 36, 'linkage': 'ward', 'metric': 'euclidean'}",0.12817687090244406,262.77518527560306,1.7088822401283212
AgglomerativeClustering,"{'n_clusters': 36, 'linkage': 'complete', 'metric': 'euclidean'}",0.13489217123790825,204.72705524251472,1.6413838915876697
AgglomerativeClustering,"{'n_clusters': 36, 'linkage': 'complete', 'metric': 'l1'}",0.08576391236809537,181.14192797378973,1.6820764519711828
AgglomerativeClustering,"{'n_clusters': 36, 'linkage': 'complete', 'metric': 'l2'}",0.13489217123790825,204.72705524251472,1.6413838915876697
AgglomerativeClustering,"{'n_clusters': 36, 'linkage': 'complete', 'metric': 'manhattan'}",0.08576391236809537,181.14192797378973,1.6820764519711828
AgglomerativeClustering,"{'n_clusters': 36, 'linkage': 'complete', 'metric': 'cosine'}",0.11694468708781751,209.9384036080427,1.7786095528748358
AgglomerativeClustering,"{'n_clusters': 36, 'linkage': 'average', 'metric': 'euclidean'}",0.2139210292008701,114.8113684569336,1.0540650040543276
AgglomerativeClustering,"{'n_clusters': 36, 'linkage': 'average', 'metric': 'l1'}",0.11906459377808026,90.67249818457537,1.1917817675679467
AgglomerativeClustering,"{'n_clusters': 36, 'linkage': 'average', 'metric': 'l2'}",0.2139210292008701,114.8113684569336,1.0540650040543276
AgglomerativeClustering,"{'n_clusters': 36, 'linkage': 'average', 'metric': 'manhattan'}",0.11906459377808026,90.67249818457537,1.1917817675679467
AgglomerativeClustering,"{'n_clusters': 36, 'linkage': 'average', 'metric': 'cosine'}",0.15093425129130902,156.23587393201893,1.1865162886034601
AgglomerativeClustering,"{'n_clusters': 36, 'linkage': 'single', 'metric': 'euclidean'}",-0.02228744254177855,6.203751414516431,0.5049984298123962
AgglomerativeClustering,"{'n_clusters': 36, 'linkage': 'single', 'metric': 'l1'}",0.053294519679617375,5.173961491318315,0.532120020610225
AgglomerativeClustering,"{'n_clusters': 36, 'linkage': 'single', 'metric': 'l2'}",-0.02228744254177855,6.203751414516431,0.5049984298123962
AgglomerativeClustering,"{'n_clusters': 36, 'linkage': 'single', 'metric': 'manhattan'}",0.053294519679617375,5.173961491318315,0.532120020610225
AgglomerativeClustering,"{'n_clusters': 36, 'linkage': 'single', 'metric': 'cosine'}",-0.17612284491075345,3.892688399177673,0.7150551443484551
AgglomerativeClustering,"{'n_clusters': 37, 'linkage': 'ward', 'metric': 'euclidean'}",0.12635788767268824,259.1582523761339,1.710205727656674
AgglomerativeClustering,"{'n_clusters': 37, 'linkage': 'complete', 'metric': 'euclidean'}",0.13506903161481487,200.35602439961653,1.6215830654952037
AgglomerativeClustering,"{'n_clusters': 37, 'linkage': 'complete', 'metric': 'l1'}",0.08597869891010047,178.0549442719523,1.6879416512415242
AgglomerativeClustering,"{'n_clusters': 37, 'linkage': 'complete', 'metric': 'l2'}",0.13506903161481487,200.35602439961653,1.6215830654952037
AgglomerativeClustering,"{'n_clusters': 37, 'linkage': 'complete', 'metric': 'manhattan'}",0.08597869891010047,178.0549442719523,1.6879416512415242
AgglomerativeClustering,"{'n_clusters': 37, 'linkage': 'complete', 'metric': 'cosine'}",0.11531402462236834,205.2545234597852,1.774701022261845
AgglomerativeClustering,"{'n_clusters': 37, 'linkage': 'average', 'metric': 'euclidean'}",0.21247043236872473,112.13926943614672,1.0333397763530063
AgglomerativeClustering,"{'n_clusters': 37, 'linkage': 'average', 'metric': 'l1'}",0.11897398814636592,88.40737371544067,1.1944424240351672
AgglomerativeClustering,"{'n_clusters': 37, 'linkage': 'average', 'metric': 'l2'}",0.21247043236872473,112.13926943614672,1.0333397763530063
AgglomerativeClustering,"{'n_clusters': 37, 'linkage': 'average', 'metric': 'manhattan'}",0.11897398814636592,88.40737371544067,1.1944424240351672
AgglomerativeClustering,"{'n_clusters': 37, 'linkage': 'average', 'metric': 'cosine'}",0.15199197389573238,153.32392347015033,1.1956357763515724
AgglomerativeClustering,"{'n_clusters': 37, 'linkage': 'single', 'metric': 'euclidean'}",-0.02494808593636874,6.087851008750461,0.5087351118041264
AgglomerativeClustering,"{'n_clusters': 37, 'linkage': 'single', 'metric': 'l1'}",-0.0013635386699755896,5.0721387506604785,0.5377704521971381
AgglomerativeClustering,"{'n_clusters': 37, 'linkage': 'single', 'metric': 'l2'}",-0.02494808593636874,6.087851008750461,0.5087351118041264
AgglomerativeClustering,"{'n_clusters': 37, 'linkage': 'single', 'metric': 'manhattan'}",-0.0013635386699755896,5.0721387506604785,0.5377704521971381
AgglomerativeClustering,"{'n_clusters': 37, 'linkage': 'single', 'metric': 'cosine'}",-0.1754938645969629,3.9890500729245746,0.7165919125897717
AgglomerativeClustering,"{'n_clusters': 38, 'linkage': 'ward', 'metric': 'euclidean'}",0.12614875798414513,255.81560893952664,1.7088587981434238
AgglomerativeClustering,"{'n_clusters': 38, 'linkage': 'complete', 'metric': 'euclidean'}",0.13633196856508598,197.20182984279026,1.6244967995412334
AgglomerativeClustering,"{'n_clusters': 38, 'linkage': 'complete', 'metric': 'l1'}",0.0857064706772525,173.80922583504483,1.672307511329451
AgglomerativeClustering,"{'n_clusters': 38, 'linkage': 'complete', 'metric': 'l2'}",0.13633196856508598,197.20182984279026,1.6244967995412334
AgglomerativeClustering,"{'n_clusters': 38, 'linkage': 'complete', 'metric': 'manhattan'}",0.0857064706772525,173.80922583504483,1.672307511329451
AgglomerativeClustering,"{'n_clusters': 38, 'linkage': 'complete', 'metric': 'cosine'}",0.11931687810720126,204.3145025317698,1.7597452195800274
AgglomerativeClustering,"{'n_clusters': 38, 'linkage': 'average', 'metric': 'euclidean'}",0.20917426835607322,113.07223547590843,1.0508971690610902
AgglomerativeClustering,"{'n_clusters': 38, 'linkage': 'average', 'metric': 'l1'}",0.10968974990578556,86.08531550775497,1.1819631291208623
AgglomerativeClustering,"{'n_clusters': 38, 'linkage': 'average', 'metric': 'l2'}",0.20917426835607322,113.07223547590843,1.0508971690610902
AgglomerativeClustering,"{'n_clusters': 38, 'linkage': 'average', 'metric': 'manhattan'}",0.10968974990578556,86.08531550775497,1.1819631291208623
AgglomerativeClustering,"{'n_clusters': 38, 'linkage': 'average', 'metric': 'cosine'}",0.15650360549508946,153.54762578592656,1.211862481866856
AgglomerativeClustering,"{'n_clusters': 38, 'linkage': 'single', 'metric': 'euclidean'}",-0.04526896750693094,5.965461434600033,0.5146538224527313
AgglomerativeClustering,"{'n_clusters': 38, 'linkage': 'single', 'metric': 'l1'}",-0.0011657135527105645,5.209601209576762,0.5306639014476291
AgglomerativeClustering,"{'n_clusters': 38, 'linkage': 'single', 'metric': 'l2'}",-0.04526896750693094,5.965461434600033,0.5146538224527313
AgglomerativeClustering,"{'n_clusters': 38, 'linkage': 'single', 'metric': 'manhattan'}",-0.0011657135527105645,5.209601209576762,0.5306639014476291
AgglomerativeClustering,"{'n_clusters': 38, 'linkage': 'single', 'metric': 'cosine'}",-0.17534996427834396,4.050806979089162,0.7133397295542757
AgglomerativeClustering,"{'n_clusters': 39, 'linkage': 'ward', 'metric': 'euclidean'}",0.1294363185395645,252.60500854007614,1.7045524971086599
AgglomerativeClustering,"{'n_clusters': 39, 'linkage': 'complete', 'metric': 'euclidean'}",0.12367708280433944,198.6897141613974,1.6703532438852657
AgglomerativeClustering,"{'n_clusters': 39, 'linkage': 'complete', 'metric': 'l1'}",0.08795670336000962,171.69326894990638,1.6638168009705652
AgglomerativeClustering,"{'n_clusters': 39, 'linkage': 'complete', 'metric': 'l2'}",0.12367708280433944,198.6897141613974,1.6703532438852657
AgglomerativeClustering,"{'n_clusters': 39, 'linkage': 'complete', 'metric': 'manhattan'}",0.08795670336000962,171.69326894990638,1.6638168009705652
AgglomerativeClustering,"{'n_clusters': 39, 'linkage': 'complete', 'metric': 'cosine'}",0.1195853354489154,200.70594109853448,1.750607669855437
AgglomerativeClustering,"{'n_clusters': 39, 'linkage': 'average', 'metric': 'euclidean'}",0.19789307057972186,115.88266337539427,1.068398103303188
AgglomerativeClustering,"{'n_clusters': 39, 'linkage': 'average', 'metric': 'l1'}",0.12451141837077268,103.72952006254016,1.2255936718168594
AgglomerativeClustering,"{'n_clusters': 39, 'linkage': 'average', 'metric': 'l2'}",0.19789307057972186,115.88266337539427,1.068398103303188
AgglomerativeClustering,"{'n_clusters': 39, 'linkage': 'average', 'metric': 'manhattan'}",0.12451141837077268,103.72952006254016,1.2255936718168594
AgglomerativeClustering,"{'n_clusters': 39, 'linkage': 'average', 'metric': 'cosine'}",0.15631540778188216,150.029061040928,1.2232276966231426
AgglomerativeClustering,"{'n_clusters': 39, 'linkage': 'single', 'metric': 'euclidean'}",-0.045499301832848,5.889019732870071,0.5148417821275516
AgglomerativeClustering,"{'n_clusters': 39, 'linkage': 'single', 'metric': 'l1'}",-0.0035002864328510792,5.126001266274501,0.5334542365236933
AgglomerativeClustering,"{'n_clusters': 39, 'linkage': 'single', 'metric': 'l2'}",-0.045499301832848,5.889019732870071,0.5148417821275516
AgglomerativeClustering,"{'n_clusters': 39, 'linkage': 'single', 'metric': 'manhattan'}",-0.0035002864328510792,5.126001266274501,0.5334542365236933
AgglomerativeClustering,"{'n_clusters': 39, 'linkage': 'single', 'metric': 'cosine'}",-0.17563846828669183,4.012384559600138,0.709335741309683
AgglomerativeClustering,"{'n_clusters': 40, 'linkage': 'ward', 'metric': 'euclidean'}",0.13086469291644692,249.53304156787087,1.6977423694606935
AgglomerativeClustering,"{'n_clusters': 40, 'linkage': 'complete', 'metric': 'euclidean'}",0.1234066797473917,195.34694582032785,1.651124862091211
AgglomerativeClustering,"{'n_clusters': 40, 'linkage': 'complete', 'metric': 'l1'}",0.08939734792306366,169.53026376504772,1.6651763122114165
AgglomerativeClustering,"{'n_clusters': 40, 'linkage': 'complete', 'metric': 'l2'}",0.1234066797473917,195.34694582032785,1.651124862091211
AgglomerativeClustering,"{'n_clusters': 40, 'linkage': 'complete', 'metric': 'manhattan'}",0.08939734792306366,169.53026376504772,1.6651763122114165
AgglomerativeClustering,"{'n_clusters': 40, 'linkage': 'complete', 'metric': 'cosine'}",0.11342177120605487,199.95581947683428,1.7804640108112586
AgglomerativeClustering,"{'n_clusters': 40, 'linkage': 'average', 'metric': 'euclidean'}",0.19669980397895837,113.13187331034054,1.0745588181602652
AgglomerativeClustering,"{'n_clusters': 40, 'linkage': 'average', 'metric': 'l1'}",0.12263744585616299,101.15363543709833,1.198828876683163
AgglomerativeClustering,"{'n_clusters': 40, 'linkage': 'average', 'metric': 'l2'}",0.19669980397895837,113.13187331034054,1.0745588181602652
AgglomerativeClustering,"{'n_clusters': 40, 'linkage': 'average', 'metric': 'manhattan'}",0.12263744585616299,101.15363543709833,1.198828876683163
AgglomerativeClustering,"{'n_clusters': 40, 'linkage': 'average', 'metric': 'cosine'}",0.15830594634200224,151.8819182862155,1.235835329987394
AgglomerativeClustering,"{'n_clusters': 40, 'linkage': 'single', 'metric': 'euclidean'}",-0.04514233193432113,5.827665426489509,0.5141565033690207
AgglomerativeClustering,"{'n_clusters': 40, 'linkage': 'single', 'metric': 'l1'}",-0.0023600866143784513,5.220545968874127,0.5335680739363383
AgglomerativeClustering,"{'n_clusters': 40, 'linkage': 'single', 'metric': 'l2'}",-0.04514233193432113,5.827665426489509,0.5141565033690207
AgglomerativeClustering,"{'n_clusters': 40, 'linkage': 'single', 'metric': 'manhattan'}",-0.0023600866143784513,5.220545968874127,0.5335680739363383
AgglomerativeClustering,"{'n_clusters': 40, 'linkage': 'single', 'metric': 'cosine'}",-0.17809211226257152,3.947059364060864,0.7102935569758099
AgglomerativeClustering,"{'n_clusters': 41, 'linkage': 'ward', 'metric': 'euclidean'}",0.1321930813094533,246.6453229621176,1.6778500104112068
AgglomerativeClustering,"{'n_clusters': 41, 'linkage': 'complete', 'metric': 'euclidean'}",0.12565385289689912,194.4189400965053,1.6303956553660415
AgglomerativeClustering,"{'n_clusters': 41, 'linkage': 'complete', 'metric': 'l1'}",0.0813634940088643,167.08953309924118,1.65988374762144
AgglomerativeClustering,"{'n_clusters': 41, 'linkage': 'complete', 'metric': 'l2'}",0.12565385289689912,194.4189400965053,1.6303956553660415
AgglomerativeClustering,"{'n_clusters': 41, 'linkage': 'complete', 'metric': 'manhattan'}",0.0813634940088643,167.08953309924118,1.65988374762144
AgglomerativeClustering,"{'n_clusters': 41, 'linkage': 'complete', 'metric': 'cosine'}",0.1137804301438423,196.23855448180666,1.7652623447538405
AgglomerativeClustering,"{'n_clusters': 41, 'linkage': 'average', 'metric': 'euclidean'}",0.19546284298553138,110.40043828678509,1.06363542664339
AgglomerativeClustering,"{'n_clusters': 41, 'linkage': 'average', 'metric': 'l1'}",0.1223091840640471,98.71478266230058,1.1805408574261902
AgglomerativeClustering,"{'n_clusters': 41, 'linkage': 'average', 'metric': 'l2'}",0.19546284298553138,110.40043828678509,1.06363542664339
AgglomerativeClustering,"{'n_clusters': 41, 'linkage': 'average', 'metric': 'manhattan'}",0.1223091840640471,98.71478266230058,1.1805408574261902
AgglomerativeClustering,"{'n_clusters': 41, 'linkage': 'average', 'metric': 'cosine'}",0.17638202413903145,168.06831394324195,1.2654261969884057
AgglomerativeClustering,"{'n_clusters': 41, 'linkage': 'single', 'metric': 'euclidean'}",-0.04414736564795912,5.920879924571608,0.5269404171274815
AgglomerativeClustering,"{'n_clusters': 41, 'linkage': 'single', 'metric': 'l1'}",-0.014343266206420237,5.1222362261750725,0.5400410999202978
AgglomerativeClustering,"{'n_clusters': 41, 'linkage': 'single', 'metric': 'l2'}",-0.04414736564795912,5.920879924571608,0.5269404171274815
AgglomerativeClustering,"{'n_clusters': 41, 'linkage': 'single', 'metric': 'manhattan'}",-0.014343266206420237,5.1222362261750725,0.5400410999202978
AgglomerativeClustering,"{'n_clusters': 41, 'linkage': 'single', 'metric': 'cosine'}",-0.17826880874812415,3.919414869228273,0.7059224033521475
AgglomerativeClustering,"{'n_clusters': 42, 'linkage': 'ward', 'metric': 'euclidean'}",0.13498876799513598,243.90896308626702,1.6569109483946423
AgglomerativeClustering,"{'n_clusters': 42, 'linkage': 'complete', 'metric': 'euclidean'}",0.1261039935799375,191.37710908759286,1.6116571289220805
AgglomerativeClustering,"{'n_clusters': 42, 'linkage': 'complete', 'metric': 'l1'}",0.08073318448302545,163.30097176805992,1.646930605021939
AgglomerativeClustering,"{'n_clusters': 42, 'linkage': 'complete', 'metric': 'l2'}",0.1261039935799375,191.37710908759286,1.6116571289220805
AgglomerativeClustering,"{'n_clusters': 42, 'linkage': 'complete', 'metric': 'manhattan'}",0.08073318448302545,163.30097176805992,1.646930605021939
AgglomerativeClustering,"{'n_clusters': 42, 'linkage': 'complete', 'metric': 'cosine'}",0.11654856282364193,195.6559931521977,1.7520799512168024
AgglomerativeClustering,"{'n_clusters': 42, 'linkage': 'average', 'metric': 'euclidean'}",0.196743293567,108.76705550860436,1.074626172843776
AgglomerativeClustering,"{'n_clusters': 42, 'linkage': 'average', 'metric': 'l1'}",0.1223504682662496,96.50104196922706,1.165073633400527
AgglomerativeClustering,"{'n_clusters': 42, 'linkage': 'average', 'metric': 'l2'}",0.196743293567,108.76705550860436,1.074626172843776
AgglomerativeClustering,"{'n_clusters': 42, 'linkage': 'average', 'metric': 'manhattan'}",0.1223504682662496,96.50104196922706,1.165073633400527
AgglomerativeClustering,"{'n_clusters': 42, 'linkage': 'average', 'metric': 'cosine'}",0.1768915487706769,164.97553123222798,1.267433201913698
AgglomerativeClustering,"{'n_clusters': 42, 'linkage': 'single', 'metric': 'euclidean'}",-0.04468999255133719,5.780618410376457,0.5178344548507263
AgglomerativeClustering,"{'n_clusters': 42, 'linkage': 'single', 'metric': 'l1'}",-0.016027259645932587,5.061080835379431,0.5406196176107348
AgglomerativeClustering,"{'n_clusters': 42, 'linkage': 'single', 'metric': 'l2'}",-0.04468999255133719,5.780618410376457,0.5178344548507263
AgglomerativeClustering,"{'n_clusters': 42, 'linkage': 'single', 'metric': 'manhattan'}",-0.016027259645932587,5.061080835379431,0.5406196176107348
AgglomerativeClustering,"{'n_clusters': 42, 'linkage': 'single', 'metric': 'cosine'}",-0.17861233761933204,3.8312887727894323,0.6961499366174208
AgglomerativeClustering,"{'n_clusters': 43, 'linkage': 'ward', 'metric': 'euclidean'}",0.13498240856006213,241.14915990455071,1.649819047482029
AgglomerativeClustering,"{'n_clusters': 43, 'linkage': 'complete', 'metric': 'euclidean'}",0.12384806063262999,192.40991182475997,1.5882219744844681
AgglomerativeClustering,"{'n_clusters': 43, 'linkage': 'complete', 'metric': 'l1'}",0.11193264564528102,176.78790396481781,1.6890431606003402
AgglomerativeClustering,"{'n_clusters': 43, 'linkage': 'complete', 'metric': 'l2'}",0.12384806063262999,192.40991182475997,1.5882219744844681
AgglomerativeClustering,"{'n_clusters': 43, 'linkage': 'complete', 'metric': 'manhattan'}",0.11193264564528102,176.78790396481781,1.6890431606003402
AgglomerativeClustering,"{'n_clusters': 43, 'linkage': 'complete', 'metric': 'cosine'}",0.11656354080579297,192.13295858699846,1.7460814616256206
AgglomerativeClustering,"{'n_clusters': 43, 'linkage': 'average', 'metric': 'euclidean'}",0.1965876212433765,106.48881485589395,1.101551109224929
AgglomerativeClustering,"{'n_clusters': 43, 'linkage': 'average', 'metric': 'l1'}",0.12296059091139931,94.99562566226491,1.1850194133958667
AgglomerativeClustering,"{'n_clusters': 43, 'linkage': 'average', 'metric': 'l2'}",0.1965876212433765,106.48881485589395,1.101551109224929
AgglomerativeClustering,"{'n_clusters': 43, 'linkage': 'average', 'metric': 'manhattan'}",0.12296059091139931,94.99562566226491,1.1850194133958667
AgglomerativeClustering,"{'n_clusters': 43, 'linkage': 'average', 'metric': 'cosine'}",0.17713456134471425,162.07436526958105,1.2630159014599045
AgglomerativeClustering,"{'n_clusters': 43, 'linkage': 'single', 'metric': 'euclidean'}",-0.044653488278852044,5.731676612404025,0.5167767230356244
AgglomerativeClustering,"{'n_clusters': 43, 'linkage': 'single', 'metric': 'l1'}",-0.04993368179340672,4.969338606204991,0.5472666483213967
AgglomerativeClustering,"{'n_clusters': 43, 'linkage': 'single', 'metric': 'l2'}",-0.044653488278852044,5.731676612404025,0.5167767230356244
AgglomerativeClustering,"{'n_clusters': 43, 'linkage': 'single', 'metric': 'manhattan'}",-0.04993368179340672,4.969338606204991,0.5472666483213967
AgglomerativeClustering,"{'n_clusters': 43, 'linkage': 'single', 'metric': 'cosine'}",-0.17846589843207067,3.821524493075246,0.6911824039475233
AgglomerativeClustering,"{'n_clusters': 44, 'linkage': 'ward', 'metric': 'euclidean'}",0.13691821149033703,238.55399883064928,1.6600841242338193
AgglomerativeClustering,"{'n_clusters': 44, 'linkage': 'complete', 'metric': 'euclidean'}",0.12476053590558345,189.53704428238734,1.5982850605539491
AgglomerativeClustering,"{'n_clusters': 44, 'linkage': 'complete', 'metric': 'l1'}",0.10998227462317532,179.00412237235477,1.6760138261141195
AgglomerativeClustering,"{'n_clusters': 44, 'linkage': 'complete', 'metric': 'l2'}",0.12476053590558345,189.53704428238734,1.5982850605539491
AgglomerativeClustering,"{'n_clusters': 44, 'linkage': 'complete', 'metric': 'manhattan'}",0.10998227462317532,179.00412237235477,1.6760138261141195
AgglomerativeClustering,"{'n_clusters': 44, 'linkage': 'complete', 'metric': 'cosine'}",0.11594808700674895,189.16175750863832,1.7447300034290576
AgglomerativeClustering,"{'n_clusters': 44, 'linkage': 'average', 'metric': 'euclidean'}",0.19534606077020922,104.21954879603916,1.079422804209538
AgglomerativeClustering,"{'n_clusters': 44, 'linkage': 'average', 'metric': 'l1'}",0.14421693580432865,102.44975956050378,1.1985239261912257
AgglomerativeClustering,"{'n_clusters': 44, 'linkage': 'average', 'metric': 'l2'}",0.19534606077020922,104.21954879603916,1.079422804209538
AgglomerativeClustering,"{'n_clusters': 44, 'linkage': 'average', 'metric': 'manhattan'}",0.14421693580432865,102.44975956050378,1.1985239261912257
AgglomerativeClustering,"{'n_clusters': 44, 'linkage': 'average', 'metric': 'cosine'}",0.17642316132135286,159.45378631099928,1.2708445059783753
AgglomerativeClustering,"{'n_clusters': 44, 'linkage': 'single', 'metric': 'euclidean'}",-0.044654013853413596,5.75364634084461,0.5183754235530235
AgglomerativeClustering,"{'n_clusters': 44, 'linkage': 'single', 'metric': 'l1'}",-0.051488609451342156,4.896089575549627,0.5501633610329354
AgglomerativeClustering,"{'n_clusters': 44, 'linkage': 'single', 'metric': 'l2'}",-0.044654013853413596,5.75364634084461,0.5183754235530235
AgglomerativeClustering,"{'n_clusters': 44, 'linkage': 'single', 'metric': 'manhattan'}",-0.051488609451342156,4.896089575549627,0.5501633610329354
AgglomerativeClustering,"{'n_clusters': 44, 'linkage': 'single', 'metric': 'cosine'}",-0.17826934532264901,3.8151723121564065,0.6948081013828195
AgglomerativeClustering,"{'n_clusters': 45, 'linkage': 'ward', 'metric': 'euclidean'}",0.13423799726963104,236.07546171813377,1.6671453121279598
AgglomerativeClustering,"{'n_clusters': 45, 'linkage': 'complete', 'metric': 'euclidean'}",0.12515689391448162,186.0612005617078,1.5837204940613168
AgglomerativeClustering,"{'n_clusters': 45, 'linkage': 'complete', 'metric': 'l1'}",0.11059680707003904,175.7681623099329,1.6490604755169276
AgglomerativeClustering,"{'n_clusters': 45, 'linkage': 'complete', 'metric': 'l2'}",0.12515689391448162,186.0612005617078,1.5837204940613168
AgglomerativeClustering,"{'n_clusters': 45, 'linkage': 'complete', 'metric': 'manhattan'}",0.11059680707003904,175.7681623099329,1.6490604755169276
AgglomerativeClustering,"{'n_clusters': 45, 'linkage': 'complete', 'metric': 'cosine'}",0.11649214084668337,186.4179650572903,1.7328980872939854
AgglomerativeClustering,"{'n_clusters': 45, 'linkage': 'average', 'metric': 'euclidean'}",0.19505377921007924,101.94644290456786,1.065655346281524
AgglomerativeClustering,"{'n_clusters': 45, 'linkage': 'average', 'metric': 'l1'}",0.1386848260141716,102.18997044732255,1.2145346752955672
AgglomerativeClustering,"{'n_clusters': 45, 'linkage': 'average', 'metric': 'l2'}",0.19505377921007924,101.94644290456786,1.065655346281524
AgglomerativeClustering,"{'n_clusters': 45, 'linkage': 'average', 'metric': 'manhattan'}",0.1386848260141716,102.18997044732255,1.2145346752955672
AgglomerativeClustering,"{'n_clusters': 45, 'linkage': 'average', 'metric': 'cosine'}",0.176415581886936,157.2467159256803,1.2741618766544482
AgglomerativeClustering,"{'n_clusters': 45, 'linkage': 'single', 'metric': 'euclidean'}",-0.046669872978733005,5.670274567109118,0.5209897503359021
AgglomerativeClustering,"{'n_clusters': 45, 'linkage': 'single', 'metric': 'l1'}",-0.05187048393358659,4.868688912777245,0.558523799063686
AgglomerativeClustering,"{'n_clusters': 45, 'linkage': 'single', 'metric': 'l2'}",-0.046669872978733005,5.670274567109118,0.5209897503359021
AgglomerativeClustering,"{'n_clusters': 45, 'linkage': 'single', 'metric': 'manhattan'}",-0.05187048393358659,4.868688912777245,0.558523799063686
AgglomerativeClustering,"{'n_clusters': 45, 'linkage': 'single', 'metric': 'cosine'}",-0.17803808476207528,3.918867841274392,0.6941663750741244
AgglomerativeClustering,"{'n_clusters': 46, 'linkage': 'ward', 'metric': 'euclidean'}",0.13160774417015883,233.75458906266726,1.6743281739807296
AgglomerativeClustering,"{'n_clusters': 46, 'linkage': 'complete', 'metric': 'euclidean'}",0.12518167856833742,182.61959038492108,1.587406828226264
AgglomerativeClustering,"{'n_clusters': 46, 'linkage': 'complete', 'metric': 'l1'}",0.11142224057271313,173.56489525743353,1.650887705140768
AgglomerativeClustering,"{'n_clusters': 46, 'linkage': 'complete', 'metric': 'l2'}",0.12518167856833742,182.61959038492108,1.587406828226264
AgglomerativeClustering,"{'n_clusters': 46, 'linkage': 'complete', 'metric': 'manhattan'}",0.11142224057271313,173.56489525743353,1.650887705140768
AgglomerativeClustering,"{'n_clusters': 46, 'linkage': 'complete', 'metric': 'cosine'}",0.11632593897228913,182.99863559956776,1.7363192461697745
AgglomerativeClustering,"{'n_clusters': 46, 'linkage': 'average', 'metric': 'euclidean'}",0.19155389372375817,99.76197245663815,1.0574136857097687
AgglomerativeClustering,"{'n_clusters': 46, 'linkage': 'average', 'metric': 'l1'}",0.13859250166309847,100.21851663451649,1.2098089610804528
AgglomerativeClustering,"{'n_clusters': 46, 'linkage': 'average', 'metric': 'l2'}",0.19155389372375817,99.76197245663815,1.0574136857097687
AgglomerativeClustering,"{'n_clusters': 46, 'linkage': 'average', 'metric': 'manhattan'}",0.13859250166309847,100.21851663451649,1.2098089610804528
AgglomerativeClustering,"{'n_clusters': 46, 'linkage': 'average', 'metric': 'cosine'}",0.17561093854437268,153.9610197028371,1.2542923132515382
AgglomerativeClustering,"{'n_clusters': 46, 'linkage': 'single', 'metric': 'euclidean'}",-0.04704140223407376,5.6086249161445325,0.5213949204647649
AgglomerativeClustering,"{'n_clusters': 46, 'linkage': 'single', 'metric': 'l1'}",-0.051586414469802666,4.82842682508702,0.5575923587782714
AgglomerativeClustering,"{'n_clusters': 46, 'linkage': 'single', 'metric': 'l2'}",-0.04704140223407376,5.6086249161445325,0.5213949204647649
AgglomerativeClustering,"{'n_clusters': 46, 'linkage': 'single', 'metric': 'manhattan'}",-0.051586414469802666,4.82842682508702,0.5575923587782714
AgglomerativeClustering,"{'n_clusters': 46, 'linkage': 'single', 'metric': 'cosine'}",-0.17820650100341345,3.8888448385034207,0.6913035963591233
AgglomerativeClustering,"{'n_clusters': 47, 'linkage': 'ward', 'metric': 'euclidean'}",0.12758133773592986,231.518751633114,1.6675585267407174
AgglomerativeClustering,"{'n_clusters': 47, 'linkage': 'complete', 'metric': 'euclidean'}",0.12521040369467268,179.04258051049794,1.56161973553264
AgglomerativeClustering,"{'n_clusters': 47, 'linkage': 'complete', 'metric': 'l1'}",0.11119278211195263,170.2554139603075,1.6431550162812898
AgglomerativeClustering,"{'n_clusters': 47, 'linkage': 'complete', 'metric': 'l2'}",0.12521040369467268,179.04258051049794,1.56161973553264
AgglomerativeClustering,"{'n_clusters': 47, 'linkage': 'complete', 'metric': 'manhattan'}",0.11119278211195263,170.2554139603075,1.6431550162812898
AgglomerativeClustering,"{'n_clusters': 47, 'linkage': 'complete', 'metric': 'cosine'}",0.11693003094858374,180.10374625924874,1.7412687167727445
AgglomerativeClustering,"{'n_clusters': 47, 'linkage': 'average', 'metric': 'euclidean'}",0.18927690929012125,97.68731199434323,1.0477952966026292
AgglomerativeClustering,"{'n_clusters': 47, 'linkage': 'average', 'metric': 'l1'}",0.13656688694921548,98.12474575502394,1.1943205878166576
AgglomerativeClustering,"{'n_clusters': 47, 'linkage': 'average', 'metric': 'l2'}",0.18927690929012125,97.68731199434323,1.0477952966026292
AgglomerativeClustering,"{'n_clusters': 47, 'linkage': 'average', 'metric': 'manhattan'}",0.13656688694921548,98.12474575502394,1.1943205878166576
AgglomerativeClustering,"{'n_clusters': 47, 'linkage': 'average', 'metric': 'cosine'}",0.17466087258636698,151.13765834539942,1.2491850055005147
AgglomerativeClustering,"{'n_clusters': 47, 'linkage': 'single', 'metric': 'euclidean'}",-0.04579794834536634,5.686272842542598,0.5215833180448524
AgglomerativeClustering,"{'n_clusters': 47, 'linkage': 'single', 'metric': 'l1'}",-0.05140459121497312,4.784176686702277,0.5573080891633733
AgglomerativeClustering,"{'n_clusters': 47, 'linkage': 'single', 'metric': 'l2'}",-0.04579794834536634,5.686272842542598,0.5215833180448524
AgglomerativeClustering,"{'n_clusters': 47, 'linkage': 'single', 'metric': 'manhattan'}",-0.05140459121497312,4.784176686702277,0.5573080891633733
AgglomerativeClustering,"{'n_clusters': 47, 'linkage': 'single', 'metric': 'cosine'}",-0.177900294397042,3.8780874110415837,0.6872264544070602
AgglomerativeClustering,"{'n_clusters': 48, 'linkage': 'ward', 'metric': 'euclidean'}",0.1284429412560181,229.03330334278635,1.657846083919999
AgglomerativeClustering,"{'n_clusters': 48, 'linkage': 'complete', 'metric': 'euclidean'}",0.12680517170992325,177.6817616808095,1.5567428433590524
AgglomerativeClustering,"{'n_clusters': 48, 'linkage': 'complete', 'metric': 'l1'}",0.11173778099581798,168.01007340171137,1.6273921127599753
AgglomerativeClustering,"{'n_clusters': 48, 'linkage': 'complete', 'metric': 'l2'}",0.12680517170992325,177.6817616808095,1.5567428433590524
AgglomerativeClustering,"{'n_clusters': 48, 'linkage': 'complete', 'metric': 'manhattan'}",0.11173778099581798,168.01007340171137,1.6273921127599753
AgglomerativeClustering,"{'n_clusters': 48, 'linkage': 'complete', 'metric': 'cosine'}",0.11930942702575764,179.36166314527102,1.7476279563090522
AgglomerativeClustering,"{'n_clusters': 48, 'linkage': 'average', 'metric': 'euclidean'}",0.18896939921157715,95.70085834936887,1.0302708829969154
AgglomerativeClustering,"{'n_clusters': 48, 'linkage': 'average', 'metric': 'l1'}",0.13720960036891822,97.2447287496035,1.1942647968908169
AgglomerativeClustering,"{'n_clusters': 48, 'linkage': 'average', 'metric': 'l2'}",0.18896939921157715,95.70085834936887,1.0302708829969154
AgglomerativeClustering,"{'n_clusters': 48, 'linkage': 'average', 'metric': 'manhattan'}",0.13720960036891822,97.2447287496035,1.1942647968908169
AgglomerativeClustering,"{'n_clusters': 48, 'linkage': 'average', 'metric': 'cosine'}",0.17450165512740962,148.10268486836736,1.2319386172029503
AgglomerativeClustering,"{'n_clusters': 48, 'linkage': 'single', 'metric': 'euclidean'}",-0.04553719596131214,5.61741090350749,0.5229047725321793
AgglomerativeClustering,"{'n_clusters': 48, 'linkage': 'single', 'metric': 'l1'}",-0.05125977633662724,4.757887452137946,0.5556779390529744
AgglomerativeClustering,"{'n_clusters': 48, 'linkage': 'single', 'metric': 'l2'}",-0.04553719596131214,5.61741090350749,0.5229047725321793
AgglomerativeClustering,"{'n_clusters': 48, 'linkage': 'single', 'metric': 'manhattan'}",-0.05125977633662724,4.757887452137946,0.5556779390529744
AgglomerativeClustering,"{'n_clusters': 48, 'linkage': 'single', 'metric': 'cosine'}",-0.1776829545049403,3.845212246232804,0.6851750940377941
AgglomerativeClustering,"{'n_clusters': 49, 'linkage': 'ward', 'metric': 'euclidean'}",0.12941950629279345,226.64083282439876,1.6468388166697376
AgglomerativeClustering,"{'n_clusters': 49, 'linkage': 'complete', 'metric': 'euclidean'}",0.1266250023020755,174.4215675363749,1.5429610256464852
AgglomerativeClustering,"{'n_clusters': 49, 'linkage': 'complete', 'metric': 'l1'}",0.11158181968187886,165.11808731720893,1.6250801607464427
AgglomerativeClustering,"{'n_clusters': 49, 'linkage': 'complete', 'metric': 'l2'}",0.1266250023020755,174.4215675363749,1.5429610256464852
AgglomerativeClustering,"{'n_clusters': 49, 'linkage': 'complete', 'metric': 'manhattan'}",0.11158181968187886,165.11808731720893,1.6250801607464427
AgglomerativeClustering,"{'n_clusters': 49, 'linkage': 'complete', 'metric': 'cosine'}",0.11825258924553915,177.39498521699753,1.7538318654428726
AgglomerativeClustering,"{'n_clusters': 49, 'linkage': 'average', 'metric': 'euclidean'}",0.1575818799636793,95.88656797708161,1.051002695613088
AgglomerativeClustering,"{'n_clusters': 49, 'linkage': 'average', 'metric': 'l1'}",0.13699037057192928,95.31808420271103,1.1757382068433493
AgglomerativeClustering,"{'n_clusters': 49, 'linkage': 'average', 'metric': 'l2'}",0.1575818799636793,95.88656797708161,1.051002695613088
AgglomerativeClustering,"{'n_clusters': 49, 'linkage': 'average', 'metric': 'manhattan'}",0.13699037057192928,95.31808420271103,1.1757382068433493
AgglomerativeClustering,"{'n_clusters': 49, 'linkage': 'average', 'metric': 'cosine'}",0.17343037227058095,145.35274682271896,1.2181534935367082
AgglomerativeClustering,"{'n_clusters': 49, 'linkage': 'single', 'metric': 'euclidean'}",-0.07331404024545517,5.522960801404154,0.5300251231488339
AgglomerativeClustering,"{'n_clusters': 49, 'linkage': 'single', 'metric': 'l1'}",-0.05231806986627352,4.712733433817678,0.555879193760842
AgglomerativeClustering,"{'n_clusters': 49, 'linkage': 'single', 'metric': 'l2'}",-0.07331404024545517,5.522960801404154,0.5300251231488339
AgglomerativeClustering,"{'n_clusters': 49, 'linkage': 'single', 'metric': 'manhattan'}",-0.05231806986627352,4.712733433817678,0.555879193760842
AgglomerativeClustering,"{'n_clusters': 49, 'linkage': 'single', 'metric': 'cosine'}",-0.1775962505359205,3.8893471442436733,0.678406451246138
SpectralClustering,"{'n_clusters': 5, 'affinity': 'rbf', 'assign_labels': 'kmeans', 'random_state': 42}",0.24637246263822649,56.78399037900123,1.1930803134008627
SpectralClustering,"{'n_clusters': 5, 'affinity': 'rbf', 'assign_labels': 'kmeans', 'random_state': 123}",0.24637246263822649,56.78399037900123,1.1930803134008625
SpectralClustering,"{'n_clusters': 5, 'affinity': 'rbf', 'assign_labels': 'kmeans', 'random_state': 456}",0.24637246263822649,56.78399037900123,1.1930803134008627
SpectralClustering,"{'n_clusters': 5, 'affinity': 'rbf', 'assign_labels': 'kmeans', 'random_state': 789}",0.24637246263822649,56.78399037900123,1.1930803134008627
SpectralClustering,"{'n_clusters': 5, 'affinity': 'rbf', 'assign_labels': 'kmeans', 'random_state': 1011}",0.24637246263822649,56.78399037900123,1.1930803134008625
SpectralClustering,"{'n_clusters': 5, 'affinity': 'rbf', 'assign_labels': 'kmeans', 'random_state': 2022}",0.24637246263822649,56.78399037900123,1.1930803134008625
SpectralClustering,"{'n_clusters': 5, 'affinity': 'rbf', 'assign_labels': 'kmeans', 'random_state': 3033}",0.24637246263822649,56.78399037900123,1.1930803134008627
SpectralClustering,"{'n_clusters': 5, 'affinity': 'rbf', 'assign_labels': 'kmeans', 'random_state': 4044}",0.24637246263822649,56.78399037900123,1.1930803134008627
SpectralClustering,"{'n_clusters': 5, 'affinity': 'rbf', 'assign_labels': 'kmeans', 'random_state': 5055}",0.24637246263822649,56.78399037900123,1.1930803134008627
SpectralClustering,"{'n_clusters': 5, 'affinity': 'rbf', 'assign_labels': 'kmeans', 'random_state': 6066}",0.24637246263822649,56.78399037900123,1.1930803134008627
SpectralClustering,"{'n_clusters': 5, 'affinity': 'rbf', 'assign_labels': 'discretize', 'random_state': 42}",0.3253043734644632,474.3985073674587,1.4395893291500317
SpectralClustering,"{'n_clusters': 5, 'affinity': 'rbf', 'assign_labels': 'discretize', 'random_state': 123}",0.3253043734644632,474.39850736745876,1.4395893291500317
SpectralClustering,"{'n_clusters': 5, 'affinity': 'rbf', 'assign_labels': 'discretize', 'random_state': 456}",0.3253043734644632,474.39850736745876,1.4395893291500317
SpectralClustering,"{'n_clusters': 5, 'affinity': 'rbf', 'assign_labels': 'discretize', 'random_state': 789}",0.3253043734644632,474.3985073674587,1.4395893291500317
SpectralClustering,"{'n_clusters': 5, 'affinity': 'rbf', 'assign_labels': 'discretize', 'random_state': 1011}",0.3253043734644632,474.39850736745876,1.4395893291500317
SpectralClustering,"{'n_clusters': 5, 'affinity': 'rbf', 'assign_labels': 'discretize', 'random_state': 2022}",0.3253043734644632,474.39850736745876,1.4395893291500317
SpectralClustering,"{'n_clusters': 5, 'affinity': 'rbf', 'assign_labels': 'discretize', 'random_state': 3033}",0.3253043734644632,474.39850736745876,1.4395893291500317
SpectralClustering,"{'n_clusters': 5, 'affinity': 'rbf', 'assign_labels': 'discretize', 'random_state': 4044}",0.3253043734644632,474.39850736745876,1.4395893291500317
SpectralClustering,"{'n_clusters': 5, 'affinity': 'rbf', 'assign_labels': 'discretize', 'random_state': 5055}",0.3253043734644632,474.3985073674587,1.4395893291500317
SpectralClustering,"{'n_clusters': 5, 'affinity': 'rbf', 'assign_labels': 'discretize', 'random_state': 6066}",0.3253043734644632,474.39850736745876,1.4395893291500317
SpectralClustering,"{'n_clusters': 5, 'affinity': 'rbf', 'assign_labels': 'cluster_qr', 'random_state': 42}",0.30145156983363514,518.1498241173899,1.627287218096375
SpectralClustering,"{'n_clusters': 5, 'affinity': 'rbf', 'assign_labels': 'cluster_qr', 'random_state': 123}",0.30145156983363514,518.1498241173899,1.627287218096375
SpectralClustering,"{'n_clusters': 5, 'affinity': 'rbf', 'assign_labels': 'cluster_qr', 'random_state': 456}",0.30145156983363514,518.1498241173899,1.627287218096375
SpectralClustering,"{'n_clusters': 5, 'affinity': 'rbf', 'assign_labels': 'cluster_qr', 'random_state': 789}",0.30145156983363514,518.1498241173899,1.627287218096375
SpectralClustering,"{'n_clusters': 5, 'affinity': 'rbf', 'assign_labels': 'cluster_qr', 'random_state': 1011}",0.30145156983363514,518.1498241173899,1.627287218096375
SpectralClustering,"{'n_clusters': 5, 'affinity': 'rbf', 'assign_labels': 'cluster_qr', 'random_state': 2022}",0.30145156983363514,518.1498241173899,1.627287218096375
SpectralClustering,"{'n_clusters': 5, 'affinity': 'rbf', 'assign_labels': 'cluster_qr', 'random_state': 3033}",0.30145156983363514,518.1498241173899,1.627287218096375
SpectralClustering,"{'n_clusters': 5, 'affinity': 'rbf', 'assign_labels': 'cluster_qr', 'random_state': 4044}",0.30145156983363514,518.1498241173899,1.627287218096375
SpectralClustering,"{'n_clusters': 5, 'affinity': 'rbf', 'assign_labels': 'cluster_qr', 'random_state': 5055}",0.30145156983363514,518.1498241173899,1.627287218096375
SpectralClustering,"{'n_clusters': 5, 'affinity': 'rbf', 'assign_labels': 'cluster_qr', 'random_state': 6066}",0.30145156983363514,518.1498241173899,1.627287218096375
SpectralClustering,"{'n_clusters': 5, 'affinity': 'nearest_neighbors', 'assign_labels': 'kmeans', 'random_state': 42, 'n_neighbors': 5}",0.18015049698754104,737.6767167879432,1.6023337889713738
SpectralClustering,"{'n_clusters': 5, 'affinity': 'nearest_neighbors', 'assign_labels': 'kmeans', 'random_state': 123, 'n_neighbors': 5}",0.18015049698754104,737.6767167879431,1.6023337889713738
SpectralClustering,"{'n_clusters': 5, 'affinity': 'nearest_neighbors', 'assign_labels': 'kmeans', 'random_state': 456, 'n_neighbors': 5}",0.18015049698754104,737.6767167879432,1.6023337889713738
SpectralClustering,"{'n_clusters': 5, 'affinity': 'nearest_neighbors', 'assign_labels': 'kmeans', 'random_state': 789, 'n_neighbors': 5}",0.18015049698754104,737.6767167879431,1.6023337889713738
SpectralClustering,"{'n_clusters': 5, 'affinity': 'nearest_neighbors', 'assign_labels': 'kmeans', 'random_state': 1011, 'n_neighbors': 5}",0.18015049698754104,737.6767167879432,1.6023337889713738
SpectralClustering,"{'n_clusters': 5, 'affinity': 'nearest_neighbors', 'assign_labels': 'kmeans', 'random_state': 2022, 'n_neighbors': 5}",0.18015049698754104,737.6767167879432,1.6023337889713738
SpectralClustering,"{'n_clusters': 5, 'affinity': 'nearest_neighbors', 'assign_labels': 'kmeans', 'random_state': 3033, 'n_neighbors': 5}",0.18015049698754104,737.6767167879431,1.6023337889713738
SpectralClustering,"{'n_clusters': 5, 'affinity': 'nearest_neighbors', 'assign_labels': 'kmeans', 'random_state': 4044, 'n_neighbors': 5}",0.18015049698754104,737.6767167879431,1.6023337889713738
SpectralClustering,"{'n_clusters': 5, 'affinity': 'nearest_neighbors', 'assign_labels': 'kmeans', 'random_state': 5055, 'n_neighbors': 5}",0.18015049698754104,737.6767167879432,1.6023337889713738
SpectralClustering,"{'n_clusters': 5, 'affinity': 'nearest_neighbors', 'assign_labels': 'kmeans', 'random_state': 6066, 'n_neighbors': 5}",0.18015049698754104,737.6767167879431,1.6023337889713738
SpectralClustering,"{'n_clusters': 5, 'affinity': 'nearest_neighbors', 'assign_labels': 'discretize', 'random_state': 42, 'n_neighbors': 5}",0.18229193910972685,739.5644226573467,1.6093422793372145
SpectralClustering,"{'n_clusters': 5, 'affinity': 'nearest_neighbors', 'assign_labels': 'discretize', 'random_state': 123, 'n_neighbors': 5}",0.1826485598382283,741.946223630802,1.6081426895267235
SpectralClustering,"{'n_clusters': 5, 'affinity': 'nearest_neighbors', 'assign_labels': 'discretize', 'random_state': 456, 'n_neighbors': 5}",0.18229193910972685,739.5644226573467,1.6093422793372145
SpectralClustering,"{'n_clusters': 5, 'affinity': 'nearest_neighbors', 'assign_labels': 'discretize', 'random_state': 789, 'n_neighbors': 5}",0.1826485598382283,741.9462236308018,1.6081426895267235
SpectralClustering,"{'n_clusters': 5, 'affinity': 'nearest_neighbors', 'assign_labels': 'discretize', 'random_state': 1011, 'n_neighbors': 5}",0.18229193910972685,739.5644226573469,1.609342279337215
SpectralClustering,"{'n_clusters': 5, 'affinity': 'nearest_neighbors', 'assign_labels': 'discretize', 'random_state': 2022, 'n_neighbors': 5}",0.1826485598382283,741.946223630802,1.6081426895267235
SpectralClustering,"{'n_clusters': 5, 'affinity': 'nearest_neighbors', 'assign_labels': 'discretize', 'random_state': 3033, 'n_neighbors': 5}",0.18229193910972685,739.5644226573467,1.6093422793372145
SpectralClustering,"{'n_clusters': 5, 'affinity': 'nearest_neighbors', 'assign_labels': 'discretize', 'random_state': 4044, 'n_neighbors': 5}",0.1826485598382283,741.946223630802,1.6081426895267232
SpectralClustering,"{'n_clusters': 5, 'affinity': 'nearest_neighbors', 'assign_labels': 'discretize', 'random_state': 5055, 'n_neighbors': 5}",0.1826485598382283,741.9462236308018,1.6081426895267235
SpectralClustering,"{'n_clusters': 5, 'affinity': 'nearest_neighbors', 'assign_labels': 'discretize', 'random_state': 6066, 'n_neighbors': 5}",0.18229193910972685,739.5644226573467,1.6093422793372145
SpectralClustering,"{'n_clusters': 5, 'affinity': 'nearest_neighbors', 'assign_labels': 'cluster_qr', 'random_state': 42, 'n_neighbors': 5}",0.1820526335239869,747.3034372843225,1.5955695070731615
SpectralClustering,"{'n_clusters': 5, 'affinity': 'nearest_neighbors', 'assign_labels': 'cluster_qr', 'random_state': 123, 'n_neighbors': 5}",0.1820526335239869,747.3034372843225,1.5955695070731615
SpectralClustering,"{'n_clusters': 5, 'affinity': 'nearest_neighbors', 'assign_labels': 'cluster_qr', 'random_state': 456, 'n_neighbors': 5}",0.1820526335239869,747.3034372843225,1.5955695070731615
SpectralClustering,"{'n_clusters': 5, 'affinity': 'nearest_neighbors', 'assign_labels': 'cluster_qr', 'random_state': 789, 'n_neighbors': 5}",0.1820526335239869,747.3034372843225,1.5955695070731615
SpectralClustering,"{'n_clusters': 5, 'affinity': 'nearest_neighbors', 'assign_labels': 'cluster_qr', 'random_state': 1011, 'n_neighbors': 5}",0.1820526335239869,747.3034372843225,1.5955695070731615
SpectralClustering,"{'n_clusters': 5, 'affinity': 'nearest_neighbors', 'assign_labels': 'cluster_qr', 'random_state': 2022, 'n_neighbors': 5}",0.1820526335239869,747.3034372843225,1.5955695070731615
SpectralClustering,"{'n_clusters': 5, 'affinity': 'nearest_neighbors', 'assign_labels': 'cluster_qr', 'random_state': 3033, 'n_neighbors': 5}",0.1820526335239869,747.3034372843225,1.5955695070731615
SpectralClustering,"{'n_clusters': 5, 'affinity': 'nearest_neighbors', 'assign_labels': 'cluster_qr', 'random_state': 4044, 'n_neighbors': 5}",0.1820526335239869,747.3034372843225,1.5955695070731615
SpectralClustering,"{'n_clusters': 5, 'affinity': 'nearest_neighbors', 'assign_labels': 'cluster_qr', 'random_state': 5055, 'n_neighbors': 5}",0.1820526335239869,747.3034372843225,1.5955695070731615
SpectralClustering,"{'n_clusters': 5, 'affinity': 'nearest_neighbors', 'assign_labels': 'cluster_qr', 'random_state': 6066, 'n_neighbors': 5}",0.1820526335239869,747.3034372843225,1.5955695070731615
SpectralClustering,"{'n_clusters': 5, 'affinity': 'nearest_neighbors', 'assign_labels': 'kmeans', 'random_state': 42, 'n_neighbors': 10}",0.18156221651116852,741.2802157131024,1.5937865910779268
SpectralClustering,"{'n_clusters': 5, 'affinity': 'nearest_neighbors', 'assign_labels': 'kmeans', 'random_state': 123, 'n_neighbors': 10}",0.18156221651116852,741.2802157131025,1.5937865910779268
SpectralClustering,"{'n_clusters': 5, 'affinity': 'nearest_neighbors', 'assign_labels': 'kmeans', 'random_state': 456, 'n_neighbors': 10}",0.18156221651116852,741.2802157131025,1.5937865910779268
SpectralClustering,"{'n_clusters': 5, 'affinity': 'nearest_neighbors', 'assign_labels': 'kmeans', 'random_state': 789, 'n_neighbors': 10}",0.18156221651116852,741.2802157131025,1.5937865910779268
SpectralClustering,"{'n_clusters': 5, 'affinity': 'nearest_neighbors', 'assign_labels': 'kmeans', 'random_state': 1011, 'n_neighbors': 10}",0.18156221651116852,741.2802157131025,1.5937865910779268
SpectralClustering,"{'n_clusters': 5, 'affinity': 'nearest_neighbors', 'assign_labels': 'kmeans', 'random_state': 2022, 'n_neighbors': 10}",0.18156221651116852,741.2802157131026,1.5937865910779268
SpectralClustering,"{'n_clusters': 5, 'affinity': 'nearest_neighbors', 'assign_labels': 'kmeans', 'random_state': 3033, 'n_neighbors': 10}",0.18156221651116852,741.2802157131026,1.5937865910779268
SpectralClustering,"{'n_clusters': 5, 'affinity': 'nearest_neighbors', 'assign_labels': 'kmeans', 'random_state': 4044, 'n_neighbors': 10}",0.18156221651116852,741.2802157131026,1.5937865910779268
SpectralClustering,"{'n_clusters': 5, 'affinity': 'nearest_neighbors', 'assign_labels': 'kmeans', 'random_state': 5055, 'n_neighbors': 10}",0.18156221651116852,741.2802157131024,1.5937865910779268
SpectralClustering,"{'n_clusters': 5, 'affinity': 'nearest_neighbors', 'assign_labels': 'kmeans', 'random_state': 6066, 'n_neighbors': 10}",0.18156221651116852,741.2802157131026,1.5937865910779268
SpectralClustering,"{'n_clusters': 5, 'affinity': 'nearest_neighbors', 'assign_labels': 'discretize', 'random_state': 42, 'n_neighbors': 10}",0.18291225826667967,744.2512044442824,1.6080879955655214
SpectralClustering,"{'n_clusters': 5, 'affinity': 'nearest_neighbors', 'assign_labels': 'discretize', 'random_state': 123, 'n_neighbors': 10}",0.18291225826667967,744.2512044442824,1.6080879955655214
SpectralClustering,"{'n_clusters': 5, 'affinity': 'nearest_neighbors', 'assign_labels': 'discretize', 'random_state': 456, 'n_neighbors': 10}",0.18291225826667967,744.2512044442824,1.6080879955655214
SpectralClustering,"{'n_clusters': 5, 'affinity': 'nearest_neighbors', 'assign_labels': 'discretize', 'random_state': 789, 'n_neighbors': 10}",0.18291225826667967,744.2512044442824,1.6080879955655214
SpectralClustering,"{'n_clusters': 5, 'affinity': 'nearest_neighbors', 'assign_labels': 'discretize', 'random_state': 1011, 'n_neighbors': 10}",0.18291225826667967,744.2512044442824,1.6080879955655214
SpectralClustering,"{'n_clusters': 5, 'affinity': 'nearest_neighbors', 'assign_labels': 'discretize', 'random_state': 2022, 'n_neighbors': 10}",0.18291225826667967,744.2512044442824,1.6080879955655214
SpectralClustering,"{'n_clusters': 5, 'affinity': 'nearest_neighbors', 'assign_labels': 'discretize', 'random_state': 3033, 'n_neighbors': 10}",0.18291225826667967,744.2512044442824,1.6080879955655214
SpectralClustering,"{'n_clusters': 5, 'affinity': 'nearest_neighbors', 'assign_labels': 'discretize', 'random_state': 4044, 'n_neighbors': 10}",0.18291225826667967,744.2512044442824,1.6080879955655214
SpectralClustering,"{'n_clusters': 5, 'affinity': 'nearest_neighbors', 'assign_labels': 'discretize', 'random_state': 5055, 'n_neighbors': 10}",0.18291225826667967,744.2512044442825,1.6080879955655214
SpectralClustering,"{'n_clusters': 5, 'affinity': 'nearest_neighbors', 'assign_labels': 'discretize', 'random_state': 6066, 'n_neighbors': 10}",0.18291225826667967,744.2512044442824,1.6080879955655214
SpectralClustering,"{'n_clusters': 5, 'affinity': 'nearest_neighbors', 'assign_labels': 'cluster_qr', 'random_state': 42, 'n_neighbors': 10}",0.18169875935225796,745.6890308235867,1.592017806219563
SpectralClustering,"{'n_clusters': 5, 'affinity': 'nearest_neighbors', 'assign_labels': 'cluster_qr', 'random_state': 123, 'n_neighbors': 10}",0.18169875935225796,745.6890308235867,1.592017806219563
SpectralClustering,"{'n_clusters': 5, 'affinity': 'nearest_neighbors', 'assign_labels': 'cluster_qr', 'random_state': 456, 'n_neighbors': 10}",0.18169875935225796,745.6890308235867,1.592017806219563
SpectralClustering,"{'n_clusters': 5, 'affinity': 'nearest_neighbors', 'assign_labels': 'cluster_qr', 'random_state': 789, 'n_neighbors': 10}",0.18169875935225796,745.6890308235867,1.592017806219563
SpectralClustering,"{'n_clusters': 5, 'affinity': 'nearest_neighbors', 'assign_labels': 'cluster_qr', 'random_state': 1011, 'n_neighbors': 10}",0.18169875935225796,745.6890308235867,1.592017806219563
SpectralClustering,"{'n_clusters': 5, 'affinity': 'nearest_neighbors', 'assign_labels': 'cluster_qr', 'random_state': 2022, 'n_neighbors': 10}",0.18169875935225796,745.6890308235867,1.592017806219563
SpectralClustering,"{'n_clusters': 5, 'affinity': 'nearest_neighbors', 'assign_labels': 'cluster_qr', 'random_state': 3033, 'n_neighbors': 10}",0.18169875935225796,745.6890308235867,1.592017806219563
SpectralClustering,"{'n_clusters': 5, 'affinity': 'nearest_neighbors', 'assign_labels': 'cluster_qr', 'random_state': 4044, 'n_neighbors': 10}",0.18169875935225796,745.6890308235867,1.592017806219563
SpectralClustering,"{'n_clusters': 5, 'affinity': 'nearest_neighbors', 'assign_labels': 'cluster_qr', 'random_state': 5055, 'n_neighbors': 10}",0.18169875935225796,745.6890308235867,1.592017806219563
SpectralClustering,"{'n_clusters': 5, 'affinity': 'nearest_neighbors', 'assign_labels': 'cluster_qr', 'random_state': 6066, 'n_neighbors': 10}",0.18169875935225796,745.6890308235867,1.592017806219563
SpectralClustering,"{'n_clusters': 5, 'affinity': 'nearest_neighbors', 'assign_labels': 'kmeans', 'random_state': 42, 'n_neighbors': 15}",0.1832570848925214,740.3981714990772,1.5957791414466822
SpectralClustering,"{'n_clusters': 5, 'affinity': 'nearest_neighbors', 'assign_labels': 'kmeans', 'random_state': 123, 'n_neighbors': 15}",0.1832570848925214,740.3981714990772,1.5957791414466824
SpectralClustering,"{'n_clusters': 5, 'affinity': 'nearest_neighbors', 'assign_labels': 'kmeans', 'random_state': 456, 'n_neighbors': 15}",0.1832570848925214,740.3981714990772,1.5957791414466824
SpectralClustering,"{'n_clusters': 5, 'affinity': 'nearest_neighbors', 'assign_labels': 'kmeans', 'random_state': 789, 'n_neighbors': 15}",0.1832570848925214,740.3981714990772,1.5957791414466824
SpectralClustering,"{'n_clusters': 5, 'affinity': 'nearest_neighbors', 'assign_labels': 'kmeans', 'random_state': 1011, 'n_neighbors': 15}",0.1832570848925214,740.3981714990772,1.5957791414466826
SpectralClustering,"{'n_clusters': 5, 'affinity': 'nearest_neighbors', 'assign_labels': 'kmeans', 'random_state': 2022, 'n_neighbors': 15}",0.1832570848925214,740.3981714990772,1.5957791414466824
SpectralClustering,"{'n_clusters': 5, 'affinity': 'nearest_neighbors', 'assign_labels': 'kmeans', 'random_state': 3033, 'n_neighbors': 15}",0.1832570848925214,740.3981714990772,1.5957791414466824
SpectralClustering,"{'n_clusters': 5, 'affinity': 'nearest_neighbors', 'assign_labels': 'kmeans', 'random_state': 4044, 'n_neighbors': 15}",0.1832570848925214,740.3981714990772,1.5957791414466824
SpectralClustering,"{'n_clusters': 5, 'affinity': 'nearest_neighbors', 'assign_labels': 'kmeans', 'random_state': 5055, 'n_neighbors': 15}",0.1832570848925214,740.3981714990774,1.5957791414466822
SpectralClustering,"{'n_clusters': 5, 'affinity': 'nearest_neighbors', 'assign_labels': 'kmeans', 'random_state': 6066, 'n_neighbors': 15}",0.1832570848925214,740.3981714990774,1.5957791414466822
SpectralClustering,"{'n_clusters': 5, 'affinity': 'nearest_neighbors', 'assign_labels': 'discretize', 'random_state': 42, 'n_neighbors': 15}",0.18321378973135446,744.9347337032409,1.6081996865091557
SpectralClustering,"{'n_clusters': 5, 'affinity': 'nearest_neighbors', 'assign_labels': 'discretize', 'random_state': 123, 'n_neighbors': 15}",0.18321378973135446,744.9347337032409,1.6081996865091561
SpectralClustering,"{'n_clusters': 5, 'affinity': 'nearest_neighbors', 'assign_labels': 'discretize', 'random_state': 456, 'n_neighbors': 15}",0.18321378973135446,744.9347337032409,1.6081996865091561
SpectralClustering,"{'n_clusters': 5, 'affinity': 'nearest_neighbors', 'assign_labels': 'discretize', 'random_state': 789, 'n_neighbors': 15}",0.18321378973135446,744.9347337032409,1.6081996865091557
SpectralClustering,"{'n_clusters': 5, 'affinity': 'nearest_neighbors', 'assign_labels': 'discretize', 'random_state': 1011, 'n_neighbors': 15}",0.18321378973135446,744.9347337032409,1.6081996865091561
SpectralClustering,"{'n_clusters': 5, 'affinity': 'nearest_neighbors', 'assign_labels': 'discretize', 'random_state': 2022, 'n_neighbors': 15}",0.18321378973135446,744.9347337032409,1.6081996865091561
SpectralClustering,"{'n_clusters': 5, 'affinity': 'nearest_neighbors', 'assign_labels': 'discretize', 'random_state': 3033, 'n_neighbors': 15}",0.18323159107241424,745.0787702543504,1.6077931668210774
SpectralClustering,"{'n_clusters': 5, 'affinity': 'nearest_neighbors', 'assign_labels': 'discretize', 'random_state': 4044, 'n_neighbors': 15}",0.18323159107241424,745.0787702543504,1.6077931668210774
SpectralClustering,"{'n_clusters': 5, 'affinity': 'nearest_neighbors', 'assign_labels': 'discretize', 'random_state': 5055, 'n_neighbors': 15}",0.18323159107241424,745.0787702543504,1.6077931668210774
SpectralClustering,"{'n_clusters': 5, 'affinity': 'nearest_neighbors', 'assign_labels': 'discretize', 'random_state': 6066, 'n_neighbors': 15}",0.18323159107241424,745.0787702543504,1.6077931668210774
SpectralClustering,"{'n_clusters': 5, 'affinity': 'nearest_neighbors', 'assign_labels': 'cluster_qr', 'random_state': 42, 'n_neighbors': 15}",0.18282803124642882,746.9452079545445,1.5940778877102513
SpectralClustering,"{'n_clusters': 5, 'affinity': 'nearest_neighbors', 'assign_labels': 'cluster_qr', 'random_state': 123, 'n_neighbors': 15}",0.18282803124642882,746.9452079545445,1.5940778877102513
SpectralClustering,"{'n_clusters': 5, 'affinity': 'nearest_neighbors', 'assign_labels': 'cluster_qr', 'random_state': 456, 'n_neighbors': 15}",0.18282803124642882,746.9452079545445,1.5940778877102513
SpectralClustering,"{'n_clusters': 5, 'affinity': 'nearest_neighbors', 'assign_labels': 'cluster_qr', 'random_state': 789, 'n_neighbors': 15}",0.18282803124642882,746.9452079545445,1.5940778877102513
SpectralClustering,"{'n_clusters': 5, 'affinity': 'nearest_neighbors', 'assign_labels': 'cluster_qr', 'random_state': 1011, 'n_neighbors': 15}",0.18282803124642882,746.9452079545445,1.5940778877102513
SpectralClustering,"{'n_clusters': 5, 'affinity': 'nearest_neighbors', 'assign_labels': 'cluster_qr', 'random_state': 2022, 'n_neighbors': 15}",0.18282803124642882,746.9452079545445,1.5940778877102513
SpectralClustering,"{'n_clusters': 5, 'affinity': 'nearest_neighbors', 'assign_labels': 'cluster_qr', 'random_state': 3033, 'n_neighbors': 15}",0.18282803124642882,746.9452079545445,1.5940778877102513
SpectralClustering,"{'n_clusters': 5, 'affinity': 'nearest_neighbors', 'assign_labels': 'cluster_qr', 'random_state': 4044, 'n_neighbors': 15}",0.18282803124642882,746.9452079545445,1.5940778877102513
SpectralClustering,"{'n_clusters': 5, 'affinity': 'nearest_neighbors', 'assign_labels': 'cluster_qr', 'random_state': 5055, 'n_neighbors': 15}",0.18282803124642882,746.9452079545445,1.5940778877102513
SpectralClustering,"{'n_clusters': 5, 'affinity': 'nearest_neighbors', 'assign_labels': 'cluster_qr', 'random_state': 6066, 'n_neighbors': 15}",0.18282803124642882,746.9452079545445,1.5940778877102513
SpectralClustering,"{'n_clusters': 5, 'affinity': 'nearest_neighbors', 'assign_labels': 'kmeans', 'random_state': 42, 'n_neighbors': 20}",0.18508911774429648,742.614814457892,1.5997888631917114
SpectralClustering,"{'n_clusters': 5, 'affinity': 'nearest_neighbors', 'assign_labels': 'kmeans', 'random_state': 123, 'n_neighbors': 20}",0.18508911774429648,742.614814457892,1.5997888631917114
SpectralClustering,"{'n_clusters': 5, 'affinity': 'nearest_neighbors', 'assign_labels': 'kmeans', 'random_state': 456, 'n_neighbors': 20}",0.18528761459338258,742.7156087479658,1.599017583752255
SpectralClustering,"{'n_clusters': 5, 'affinity': 'nearest_neighbors', 'assign_labels': 'kmeans', 'random_state': 789, 'n_neighbors': 20}",0.18508911774429648,742.6148144578921,1.5997888631917114
SpectralClustering,"{'n_clusters': 5, 'affinity': 'nearest_neighbors', 'assign_labels': 'kmeans', 'random_state': 1011, 'n_neighbors': 20}",0.18508911774429648,742.6148144578921,1.5997888631917114
SpectralClustering,"{'n_clusters': 5, 'affinity': 'nearest_neighbors', 'assign_labels': 'kmeans', 'random_state': 2022, 'n_neighbors': 20}",0.1851206032562279,742.51070021306,1.599606822773536
SpectralClustering,"{'n_clusters': 5, 'affinity': 'nearest_neighbors', 'assign_labels': 'kmeans', 'random_state': 3033, 'n_neighbors': 20}",0.18508911774429648,742.614814457892,1.5997888631917114
SpectralClustering,"{'n_clusters': 5, 'affinity': 'nearest_neighbors', 'assign_labels': 'kmeans', 'random_state': 4044, 'n_neighbors': 20}",0.18510765620943095,742.5389452731246,1.599827679365933
SpectralClustering,"{'n_clusters': 5, 'affinity': 'nearest_neighbors', 'assign_labels': 'kmeans', 'random_state': 5055, 'n_neighbors': 20}",0.1851206032562279,742.5107002130603,1.599606822773536
SpectralClustering,"{'n_clusters': 5, 'affinity': 'nearest_neighbors', 'assign_labels': 'kmeans', 'random_state': 6066, 'n_neighbors': 20}",0.18508911774429648,742.614814457892,1.5997888631917114
SpectralClustering,"{'n_clusters': 5, 'affinity': 'nearest_neighbors', 'assign_labels': 'discretize', 'random_state': 42, 'n_neighbors': 20}",0.18450102147447928,750.0431229901533,1.6028802938514672
SpectralClustering,"{'n_clusters': 5, 'affinity': 'nearest_neighbors', 'assign_labels': 'discretize', 'random_state': 123, 'n_neighbors': 20}",0.18466922943820543,750.6996361403901,1.6023459560371542
SpectralClustering,"{'n_clusters': 5, 'affinity': 'nearest_neighbors', 'assign_labels': 'discretize', 'random_state': 456, 'n_neighbors': 20}",0.18450102147447928,750.0431229901534,1.6028802938514672
SpectralClustering,"{'n_clusters': 5, 'affinity': 'nearest_neighbors', 'assign_labels': 'discretize', 'random_state': 789, 'n_neighbors': 20}",0.18466922943820543,750.6996361403901,1.6023459560371538
SpectralClustering,"{'n_clusters': 5, 'affinity': 'nearest_neighbors', 'assign_labels': 'discretize', 'random_state': 1011, 'n_neighbors': 20}",0.18450102147447928,750.0431229901533,1.6028802938514672
SpectralClustering,"{'n_clusters': 5, 'affinity': 'nearest_neighbors', 'assign_labels': 'discretize', 'random_state': 2022, 'n_neighbors': 20}",0.18466922943820543,750.6996361403901,1.6023459560371542
SpectralClustering,"{'n_clusters': 5, 'affinity': 'nearest_neighbors', 'assign_labels': 'discretize', 'random_state': 3033, 'n_neighbors': 20}",0.18466922943820543,750.6996361403901,1.6023459560371542
SpectralClustering,"{'n_clusters': 5, 'affinity': 'nearest_neighbors', 'assign_labels': 'discretize', 'random_state': 4044, 'n_neighbors': 20}",0.18466922943820543,750.69963614039,1.6023459560371538
SpectralClustering,"{'n_clusters': 5, 'affinity': 'nearest_neighbors', 'assign_labels': 'discretize', 'random_state': 5055, 'n_neighbors': 20}",0.18466922943820543,750.6996361403901,1.6023459560371538
SpectralClustering,"{'n_clusters': 5, 'affinity': 'nearest_neighbors', 'assign_labels': 'discretize', 'random_state': 6066, 'n_neighbors': 20}",0.18466922943820543,750.6996361403901,1.6023459560371538
SpectralClustering,"{'n_clusters': 5, 'affinity': 'nearest_neighbors', 'assign_labels': 'cluster_qr', 'random_state': 42, 'n_neighbors': 20}",0.18366041429686866,748.8593736375531,1.5969476277452448
SpectralClustering,"{'n_clusters': 5, 'affinity': 'nearest_neighbors', 'assign_labels': 'cluster_qr', 'random_state': 123, 'n_neighbors': 20}",0.18366041429686866,748.8593736375531,1.5969476277452448
SpectralClustering,"{'n_clusters': 5, 'affinity': 'nearest_neighbors', 'assign_labels': 'cluster_qr', 'random_state': 456, 'n_neighbors': 20}",0.18366041429686866,748.8593736375531,1.5969476277452448
SpectralClustering,"{'n_clusters': 5, 'affinity': 'nearest_neighbors', 'assign_labels': 'cluster_qr', 'random_state': 789, 'n_neighbors': 20}",0.18366041429686866,748.8593736375531,1.5969476277452448
SpectralClustering,"{'n_clusters': 5, 'affinity': 'nearest_neighbors', 'assign_labels': 'cluster_qr', 'random_state': 1011, 'n_neighbors': 20}",0.18366041429686866,748.8593736375531,1.5969476277452448
SpectralClustering,"{'n_clusters': 5, 'affinity': 'nearest_neighbors', 'assign_labels': 'cluster_qr', 'random_state': 2022, 'n_neighbors': 20}",0.18366041429686866,748.8593736375531,1.5969476277452448
SpectralClustering,"{'n_clusters': 5, 'affinity': 'nearest_neighbors', 'assign_labels': 'cluster_qr', 'random_state': 3033, 'n_neighbors': 20}",0.18366041429686866,748.8593736375531,1.5969476277452448
SpectralClustering,"{'n_clusters': 5, 'affinity': 'nearest_neighbors', 'assign_labels': 'cluster_qr', 'random_state': 4044, 'n_neighbors': 20}",0.18366041429686866,748.8593736375531,1.5969476277452448
SpectralClustering,"{'n_clusters': 5, 'affinity': 'nearest_neighbors', 'assign_labels': 'cluster_qr', 'random_state': 5055, 'n_neighbors': 20}",0.18366041429686866,748.8593736375531,1.5969476277452448
SpectralClustering,"{'n_clusters': 5, 'affinity': 'nearest_neighbors', 'assign_labels': 'cluster_qr', 'random_state': 6066, 'n_neighbors': 20}",0.18366041429686866,748.8593736375531,1.5969476277452448
SpectralClustering,"{'n_clusters': 5, 'affinity': 'nearest_neighbors', 'assign_labels': 'kmeans', 'random_state': 42, 'n_neighbors': 50}",0.18368919023411306,759.9174687359392,1.595166045047661
SpectralClustering,"{'n_clusters': 5, 'affinity': 'nearest_neighbors', 'assign_labels': 'kmeans', 'random_state': 123, 'n_neighbors': 50}",0.18368919023411306,759.9174687359392,1.595166045047661
SpectralClustering,"{'n_clusters': 5, 'affinity': 'nearest_neighbors', 'assign_labels': 'kmeans', 'random_state': 456, 'n_neighbors': 50}",0.18368919023411306,759.9174687359392,1.595166045047661
SpectralClustering,"{'n_clusters': 5, 'affinity': 'nearest_neighbors', 'assign_labels': 'kmeans', 'random_state': 789, 'n_neighbors': 50}",0.18368919023411306,759.9174687359392,1.595166045047661
SpectralClustering,"{'n_clusters': 5, 'affinity': 'nearest_neighbors', 'assign_labels': 'kmeans', 'random_state': 1011, 'n_neighbors': 50}",0.18368919023411306,759.9174687359392,1.595166045047661
SpectralClustering,"{'n_clusters': 5, 'affinity': 'nearest_neighbors', 'assign_labels': 'kmeans', 'random_state': 2022, 'n_neighbors': 50}",0.18368919023411306,759.9174687359392,1.595166045047661
SpectralClustering,"{'n_clusters': 5, 'affinity': 'nearest_neighbors', 'assign_labels': 'kmeans', 'random_state': 3033, 'n_neighbors': 50}",0.18368919023411306,759.9174687359392,1.595166045047661
SpectralClustering,"{'n_clusters': 5, 'affinity': 'nearest_neighbors', 'assign_labels': 'kmeans', 'random_state': 4044, 'n_neighbors': 50}",0.18368919023411306,759.9174687359392,1.595166045047661
SpectralClustering,"{'n_clusters': 5, 'affinity': 'nearest_neighbors', 'assign_labels': 'kmeans', 'random_state': 5055, 'n_neighbors': 50}",0.18368919023411306,759.9174687359392,1.5951660450476612
SpectralClustering,"{'n_clusters': 5, 'affinity': 'nearest_neighbors', 'assign_labels': 'kmeans', 'random_state': 6066, 'n_neighbors': 50}",0.18368919023411306,759.9174687359392,1.595166045047661
SpectralClustering,"{'n_clusters': 5, 'affinity': 'nearest_neighbors', 'assign_labels': 'discretize', 'random_state': 42, 'n_neighbors': 50}",0.1821582288082052,758.7382431818954,1.6064688665218079
SpectralClustering,"{'n_clusters': 5, 'affinity': 'nearest_neighbors', 'assign_labels': 'discretize', 'random_state': 123, 'n_neighbors': 50}",0.1821582288082052,758.7382431818953,1.6064688665218079
SpectralClustering,"{'n_clusters': 5, 'affinity': 'nearest_neighbors', 'assign_labels': 'discretize', 'random_state': 456, 'n_neighbors': 50}",0.1821582288082052,758.7382431818953,1.6064688665218079
SpectralClustering,"{'n_clusters': 5, 'affinity': 'nearest_neighbors', 'assign_labels': 'discretize', 'random_state': 789, 'n_neighbors': 50}",0.1821582288082052,758.7382431818953,1.606468866521808
SpectralClustering,"{'n_clusters': 5, 'affinity': 'nearest_neighbors', 'assign_labels': 'discretize', 'random_state': 1011, 'n_neighbors': 50}",0.1821582288082052,758.7382431818953,1.6064688665218079
SpectralClustering,"{'n_clusters': 5, 'affinity': 'nearest_neighbors', 'assign_labels': 'discretize', 'random_state': 2022, 'n_neighbors': 50}",0.1821582288082052,758.7382431818954,1.6064688665218079
SpectralClustering,"{'n_clusters': 5, 'affinity': 'nearest_neighbors', 'assign_labels': 'discretize', 'random_state': 3033, 'n_neighbors': 50}",0.1821582288082052,758.7382431818953,1.6064688665218079
SpectralClustering,"{'n_clusters': 5, 'affinity': 'nearest_neighbors', 'assign_labels': 'discretize', 'random_state': 4044, 'n_neighbors': 50}",0.1821582288082052,758.7382431818953,1.606468866521808
SpectralClustering,"{'n_clusters': 5, 'affinity': 'nearest_neighbors', 'assign_labels': 'discretize', 'random_state': 5055, 'n_neighbors': 50}",0.1821582288082052,758.7382431818954,1.6064688665218079
SpectralClustering,"{'n_clusters': 5, 'affinity': 'nearest_neighbors', 'assign_labels': 'discretize', 'random_state': 6066, 'n_neighbors': 50}",0.1821582288082052,758.7382431818953,1.606468866521808
SpectralClustering,"{'n_clusters': 5, 'affinity': 'nearest_neighbors', 'assign_labels': 'cluster_qr', 'random_state': 42, 'n_neighbors': 50}",0.18159292746357875,756.8051802522403,1.6036866623278478
SpectralClustering,"{'n_clusters': 5, 'affinity': 'nearest_neighbors', 'assign_labels': 'cluster_qr', 'random_state': 123, 'n_neighbors': 50}",0.18159292746357875,756.8051802522403,1.6036866623278478
SpectralClustering,"{'n_clusters': 5, 'affinity': 'nearest_neighbors', 'assign_labels': 'cluster_qr', 'random_state': 456, 'n_neighbors': 50}",0.18159292746357875,756.8051802522403,1.6036866623278478
SpectralClustering,"{'n_clusters': 5, 'affinity': 'nearest_neighbors', 'assign_labels': 'cluster_qr', 'random_state': 789, 'n_neighbors': 50}",0.18159292746357875,756.8051802522403,1.6036866623278478
SpectralClustering,"{'n_clusters': 5, 'affinity': 'nearest_neighbors', 'assign_labels': 'cluster_qr', 'random_state': 1011, 'n_neighbors': 50}",0.18159292746357875,756.8051802522403,1.6036866623278478
SpectralClustering,"{'n_clusters': 5, 'affinity': 'nearest_neighbors', 'assign_labels': 'cluster_qr', 'random_state': 2022, 'n_neighbors': 50}",0.18159292746357875,756.8051802522403,1.6036866623278478
SpectralClustering,"{'n_clusters': 5, 'affinity': 'nearest_neighbors', 'assign_labels': 'cluster_qr', 'random_state': 3033, 'n_neighbors': 50}",0.18159292746357875,756.8051802522403,1.6036866623278478
SpectralClustering,"{'n_clusters': 5, 'affinity': 'nearest_neighbors', 'assign_labels': 'cluster_qr', 'random_state': 4044, 'n_neighbors': 50}",0.18159292746357875,756.8051802522403,1.6036866623278478
SpectralClustering,"{'n_clusters': 5, 'affinity': 'nearest_neighbors', 'assign_labels': 'cluster_qr', 'random_state': 5055, 'n_neighbors': 50}",0.18159292746357875,756.8051802522403,1.6036866623278478
SpectralClustering,"{'n_clusters': 5, 'affinity': 'nearest_neighbors', 'assign_labels': 'cluster_qr', 'random_state': 6066, 'n_neighbors': 50}",0.18159292746357875,756.8051802522403,1.6036866623278478
SpectralClustering,"{'n_clusters': 5, 'affinity': 'nearest_neighbors', 'assign_labels': 'kmeans', 'random_state': 42, 'n_neighbors': 100}",0.17853623848582484,756.9791862770601,1.5998148475890246
SpectralClustering,"{'n_clusters': 5, 'affinity': 'nearest_neighbors', 'assign_labels': 'kmeans', 'random_state': 123, 'n_neighbors': 100}",0.17853623848582484,756.9791862770602,1.5998148475890246
SpectralClustering,"{'n_clusters': 5, 'affinity': 'nearest_neighbors', 'assign_labels': 'kmeans', 'random_state': 456, 'n_neighbors': 100}",0.17853623848582484,756.97918627706,1.5998148475890244
SpectralClustering,"{'n_clusters': 5, 'affinity': 'nearest_neighbors', 'assign_labels': 'kmeans', 'random_state': 789, 'n_neighbors': 100}",0.17853623848582484,756.9791862770602,1.5998148475890244
SpectralClustering,"{'n_clusters': 5, 'affinity': 'nearest_neighbors', 'assign_labels': 'kmeans', 'random_state': 1011, 'n_neighbors': 100}",0.17853623848582484,756.9791862770602,1.5998148475890246
SpectralClustering,"{'n_clusters': 5, 'affinity': 'nearest_neighbors', 'assign_labels': 'kmeans', 'random_state': 2022, 'n_neighbors': 100}",0.17853623848582484,756.97918627706,1.5998148475890246
SpectralClustering,"{'n_clusters': 5, 'affinity': 'nearest_neighbors', 'assign_labels': 'kmeans', 'random_state': 3033, 'n_neighbors': 100}",0.17853623848582484,756.9791862770603,1.5998148475890244
SpectralClustering,"{'n_clusters': 5, 'affinity': 'nearest_neighbors', 'assign_labels': 'kmeans', 'random_state': 4044, 'n_neighbors': 100}",0.17853623848582484,756.9791862770602,1.5998148475890246
SpectralClustering,"{'n_clusters': 5, 'affinity': 'nearest_neighbors', 'assign_labels': 'kmeans', 'random_state': 5055, 'n_neighbors': 100}",0.17853623848582484,756.9791862770603,1.5998148475890244
SpectralClustering,"{'n_clusters': 5, 'affinity': 'nearest_neighbors', 'assign_labels': 'kmeans', 'random_state': 6066, 'n_neighbors': 100}",0.17853623848582484,756.9791862770602,1.5998148475890244
SpectralClustering,"{'n_clusters': 5, 'affinity': 'nearest_neighbors', 'assign_labels': 'discretize', 'random_state': 42, 'n_neighbors': 100}",0.1769723180769012,747.8025214771392,1.6051889254096008
SpectralClustering,"{'n_clusters': 5, 'affinity': 'nearest_neighbors', 'assign_labels': 'discretize', 'random_state': 123, 'n_neighbors': 100}",0.1600194835377118,699.7599087505206,1.6662132495872164
SpectralClustering,"{'n_clusters': 5, 'affinity': 'nearest_neighbors', 'assign_labels': 'discretize', 'random_state': 456, 'n_neighbors': 100}",0.1600194835377118,699.7599087505208,1.6662132495872164
SpectralClustering,"{'n_clusters': 5, 'affinity': 'nearest_neighbors', 'assign_labels': 'discretize', 'random_state': 789, 'n_neighbors': 100}",0.17885160598496677,754.5920701953555,1.5978505817924904
SpectralClustering,"{'n_clusters': 5, 'affinity': 'nearest_neighbors', 'assign_labels': 'discretize', 'random_state': 1011, 'n_neighbors': 100}",0.15998676352660626,699.8273032339529,1.6661177480489915
SpectralClustering,"{'n_clusters': 5, 'affinity': 'nearest_neighbors', 'assign_labels': 'discretize', 'random_state': 2022, 'n_neighbors': 100}",0.1600194835377118,699.7599087505207,1.6662132495872164
SpectralClustering,"{'n_clusters': 5, 'affinity': 'nearest_neighbors', 'assign_labels': 'discretize', 'random_state': 3033, 'n_neighbors': 100}",0.16029014017861462,700.8116006845221,1.664247898717798
SpectralClustering,"{'n_clusters': 5, 'affinity': 'nearest_neighbors', 'assign_labels': 'discretize', 'random_state': 4044, 'n_neighbors': 100}",0.16029014017861462,700.8116006845221,1.6642478987177978
SpectralClustering,"{'n_clusters': 5, 'affinity': 'nearest_neighbors', 'assign_labels': 'discretize', 'random_state': 5055, 'n_neighbors': 100}",0.16029014017861462,700.8116006845221,1.6642478987177978
SpectralClustering,"{'n_clusters': 5, 'affinity': 'nearest_neighbors', 'assign_labels': 'discretize', 'random_state': 6066, 'n_neighbors': 100}",0.16029014017861462,700.8116006845221,1.6642478987177978
SpectralClustering,"{'n_clusters': 5, 'affinity': 'nearest_neighbors', 'assign_labels': 'cluster_qr', 'random_state': 42, 'n_neighbors': 100}",0.163008800388248,707.6764879482109,1.6529926129563546
SpectralClustering,"{'n_clusters': 5, 'affinity': 'nearest_neighbors', 'assign_labels': 'cluster_qr', 'random_state': 123, 'n_neighbors': 100}",0.163008800388248,707.6764879482109,1.6529926129563546
SpectralClustering,"{'n_clusters': 5, 'affinity': 'nearest_neighbors', 'assign_labels': 'cluster_qr', 'random_state': 456, 'n_neighbors': 100}",0.163008800388248,707.6764879482109,1.6529926129563546
SpectralClustering,"{'n_clusters': 5, 'affinity': 'nearest_neighbors', 'assign_labels': 'cluster_qr', 'random_state': 789, 'n_neighbors': 100}",0.163008800388248,707.6764879482109,1.6529926129563546
SpectralClustering,"{'n_clusters': 5, 'affinity': 'nearest_neighbors', 'assign_labels': 'cluster_qr', 'random_state': 1011, 'n_neighbors': 100}",0.163008800388248,707.6764879482109,1.6529926129563546
SpectralClustering,"{'n_clusters': 5, 'affinity': 'nearest_neighbors', 'assign_labels': 'cluster_qr', 'random_state': 2022, 'n_neighbors': 100}",0.163008800388248,707.6764879482109,1.6529926129563546
SpectralClustering,"{'n_clusters': 5, 'affinity': 'nearest_neighbors', 'assign_labels': 'cluster_qr', 'random_state': 3033, 'n_neighbors': 100}",0.163008800388248,707.6764879482109,1.6529926129563546
SpectralClustering,"{'n_clusters': 5, 'affinity': 'nearest_neighbors', 'assign_labels': 'cluster_qr', 'random_state': 4044, 'n_neighbors': 100}",0.163008800388248,707.6764879482109,1.6529926129563546
SpectralClustering,"{'n_clusters': 5, 'affinity': 'nearest_neighbors', 'assign_labels': 'cluster_qr', 'random_state': 5055, 'n_neighbors': 100}",0.163008800388248,707.6764879482109,1.6529926129563546
SpectralClustering,"{'n_clusters': 5, 'affinity': 'nearest_neighbors', 'assign_labels': 'cluster_qr', 'random_state': 6066, 'n_neighbors': 100}",0.163008800388248,707.6764879482109,1.6529926129563546
SpectralClustering,"{'n_clusters': 5, 'affinity': 'cosine', 'assign_labels': 'kmeans', 'random_state': 42}",0.1890814452689313,740.1441293161122,1.5138606608189042
SpectralClustering,"{'n_clusters': 5, 'affinity': 'cosine', 'assign_labels': 'kmeans', 'random_state': 123}",0.18890039202087677,740.1378153381817,1.5153104916305304
SpectralClustering,"{'n_clusters': 5, 'affinity': 'cosine', 'assign_labels': 'kmeans', 'random_state': 456}",0.18890039202087677,740.1378153381817,1.5153104916305304
SpectralClustering,"{'n_clusters': 5, 'affinity': 'cosine', 'assign_labels': 'kmeans', 'random_state': 789}",0.18890039202087677,740.1378153381817,1.5153104916305304
SpectralClustering,"{'n_clusters': 5, 'affinity': 'cosine', 'assign_labels': 'kmeans', 'random_state': 1011}",0.18890039202087677,740.1378153381817,1.5153104916305304
SpectralClustering,"{'n_clusters': 5, 'affinity': 'cosine', 'assign_labels': 'kmeans', 'random_state': 2022}",0.18890039202087677,740.1378153381817,1.5153104916305304
SpectralClustering,"{'n_clusters': 5, 'affinity': 'cosine', 'assign_labels': 'kmeans', 'random_state': 3033}",0.18890039202087677,740.1378153381817,1.5153104916305304
SpectralClustering,"{'n_clusters': 5, 'affinity': 'cosine', 'assign_labels': 'kmeans', 'random_state': 4044}",0.18890039202087677,740.1378153381818,1.5153104916305304
SpectralClustering,"{'n_clusters': 5, 'affinity': 'cosine', 'assign_labels': 'kmeans', 'random_state': 5055}",0.18890039202087677,740.1378153381816,1.5153104916305304
SpectralClustering,"{'n_clusters': 5, 'affinity': 'cosine', 'assign_labels': 'kmeans', 'random_state': 6066}",0.18890039202087677,740.1378153381818,1.5153104916305304
SpectralClustering,"{'n_clusters': 5, 'affinity': 'cosine', 'assign_labels': 'discretize', 'random_state': 42}",0.18618748178581235,717.02065621915,1.5104653142436764
SpectralClustering,"{'n_clusters': 5, 'affinity': 'cosine', 'assign_labels': 'discretize', 'random_state': 123}",0.18618748178581235,717.0206562191499,1.5104653142436764
SpectralClustering,"{'n_clusters': 5, 'affinity': 'cosine', 'assign_labels': 'discretize', 'random_state': 456}",0.17946383120019063,697.6886626984156,1.5651418812038056
SpectralClustering,"{'n_clusters': 5, 'affinity': 'cosine', 'assign_labels': 'discretize', 'random_state': 789}",0.18433854070557826,718.2897674054982,1.5121701065514952
SpectralClustering,"{'n_clusters': 5, 'affinity': 'cosine', 'assign_labels': 'discretize', 'random_state': 1011}",0.18618748178581235,717.0206562191499,1.5104653142436764
SpectralClustering,"{'n_clusters': 5, 'affinity': 'cosine', 'assign_labels': 'discretize', 'random_state': 2022}",0.18634892765864494,717.2218041228773,1.5098027254164115
SpectralClustering,"{'n_clusters': 5, 'affinity': 'cosine', 'assign_labels': 'discretize', 'random_state': 3033}",0.18634892765864494,717.2218041228773,1.5098027254164115
SpectralClustering,"{'n_clusters': 5, 'affinity': 'cosine', 'assign_labels': 'discretize', 'random_state': 4044}",0.18634892765864494,717.2218041228773,1.5098027254164113
SpectralClustering,"{'n_clusters': 5, 'affinity': 'cosine', 'assign_labels': 'discretize', 'random_state': 5055}",0.18634892765864494,717.2218041228773,1.5098027254164115
SpectralClustering,"{'n_clusters': 5, 'affinity': 'cosine', 'assign_labels': 'discretize', 'random_state': 6066}",0.18618748178581235,717.0206562191499,1.5104653142436764
SpectralClustering,"{'n_clusters': 5, 'affinity': 'cosine', 'assign_labels': 'cluster_qr', 'random_state': 42}",0.18245056797128587,582.2439218798519,1.7248784210925723
SpectralClustering,"{'n_clusters': 5, 'affinity': 'cosine', 'assign_labels': 'cluster_qr', 'random_state': 123}",0.18245056797128587,582.2439218798519,1.7248784210925723
SpectralClustering,"{'n_clusters': 5, 'affinity': 'cosine', 'assign_labels': 'cluster_qr', 'random_state': 456}",0.18245056797128587,582.2439218798519,1.7248784210925723
SpectralClustering,"{'n_clusters': 5, 'affinity': 'cosine', 'assign_labels': 'cluster_qr', 'random_state': 789}",0.18245056797128587,582.2439218798519,1.7248784210925723
SpectralClustering,"{'n_clusters': 5, 'affinity': 'cosine', 'assign_labels': 'cluster_qr', 'random_state': 1011}",0.18245056797128587,582.2439218798519,1.7248784210925723
SpectralClustering,"{'n_clusters': 5, 'affinity': 'cosine', 'assign_labels': 'cluster_qr', 'random_state': 2022}",0.18245056797128587,582.2439218798519,1.7248784210925723
SpectralClustering,"{'n_clusters': 5, 'affinity': 'cosine', 'assign_labels': 'cluster_qr', 'random_state': 3033}",0.18245056797128587,582.2439218798519,1.7248784210925723
SpectralClustering,"{'n_clusters': 5, 'affinity': 'cosine', 'assign_labels': 'cluster_qr', 'random_state': 4044}",0.18245056797128587,582.2439218798519,1.7248784210925723
SpectralClustering,"{'n_clusters': 5, 'affinity': 'cosine', 'assign_labels': 'cluster_qr', 'random_state': 5055}",0.18245056797128587,582.2439218798519,1.7248784210925723
SpectralClustering,"{'n_clusters': 5, 'affinity': 'cosine', 'assign_labels': 'cluster_qr', 'random_state': 6066}",0.18245056797128587,582.2439218798519,1.7248784210925723
SpectralClustering,"{'n_clusters': 5, 'affinity': 'linear', 'assign_labels': 'kmeans', 'random_state': 42}",0.1862530262501274,731.3095186710882,1.5188950989606806
SpectralClustering,"{'n_clusters': 5, 'affinity': 'linear', 'assign_labels': 'kmeans', 'random_state': 123}",0.1862530262501274,731.3095186710882,1.5188950989606806
SpectralClustering,"{'n_clusters': 5, 'affinity': 'linear', 'assign_labels': 'kmeans', 'random_state': 456}",0.1862530262501274,731.3095186710882,1.5188950989606806
SpectralClustering,"{'n_clusters': 5, 'affinity': 'linear', 'assign_labels': 'kmeans', 'random_state': 789}",0.1862530262501274,731.3095186710882,1.5188950989606806
SpectralClustering,"{'n_clusters': 5, 'affinity': 'linear', 'assign_labels': 'kmeans', 'random_state': 1011}",0.1862530262501274,731.3095186710882,1.5188950989606806
SpectralClustering,"{'n_clusters': 5, 'affinity': 'linear', 'assign_labels': 'kmeans', 'random_state': 2022}",0.1862530262501274,731.3095186710882,1.5188950989606806
SpectralClustering,"{'n_clusters': 5, 'affinity': 'linear', 'assign_labels': 'kmeans', 'random_state': 3033}",0.18626602742278206,731.2705005872015,1.519522103974167
SpectralClustering,"{'n_clusters': 5, 'affinity': 'linear', 'assign_labels': 'kmeans', 'random_state': 4044}",0.1862530262501274,731.3095186710882,1.5188950989606806
SpectralClustering,"{'n_clusters': 5, 'affinity': 'linear', 'assign_labels': 'kmeans', 'random_state': 5055}",0.1861690605353786,731.237639675223,1.5224055583056102
SpectralClustering,"{'n_clusters': 5, 'affinity': 'linear', 'assign_labels': 'kmeans', 'random_state': 6066}",0.1862530262501274,731.3095186710882,1.5188950989606806
SpectralClustering,"{'n_clusters': 5, 'affinity': 'linear', 'assign_labels': 'discretize', 'random_state': 42}",0.18782807030694146,716.2117122895849,1.5086707602090876
SpectralClustering,"{'n_clusters': 5, 'affinity': 'linear', 'assign_labels': 'discretize', 'random_state': 123}",0.18782807030694146,716.2117122895849,1.5086707602090876
SpectralClustering,"{'n_clusters': 5, 'affinity': 'linear', 'assign_labels': 'discretize', 'random_state': 456}",0.18679972545298945,718.2597789474321,1.5079435923503766
SpectralClustering,"{'n_clusters': 5, 'affinity': 'linear', 'assign_labels': 'discretize', 'random_state': 789}",0.1624087553704736,714.4568553457445,1.5780967876492782
SpectralClustering,"{'n_clusters': 5, 'affinity': 'linear', 'assign_labels': 'discretize', 'random_state': 1011}",0.18679751050160137,717.2378541981424,1.5109051696604126
SpectralClustering,"{'n_clusters': 5, 'affinity': 'linear', 'assign_labels': 'discretize', 'random_state': 2022}",0.16309038102253295,714.686628697617,1.5754562841033664
SpectralClustering,"{'n_clusters': 5, 'affinity': 'linear', 'assign_labels': 'discretize', 'random_state': 3033}",0.18720379333656958,716.2729794441464,1.5088280014535358
SpectralClustering,"{'n_clusters': 5, 'affinity': 'linear', 'assign_labels': 'discretize', 'random_state': 4044}",0.18381001883505557,717.4894596512779,1.516003536321796
SpectralClustering,"{'n_clusters': 5, 'affinity': 'linear', 'assign_labels': 'discretize', 'random_state': 5055}",0.18680065989503006,716.9462368573327,1.5102830473933169
SpectralClustering,"{'n_clusters': 5, 'affinity': 'linear', 'assign_labels': 'discretize', 'random_state': 6066}",0.18680065989503006,716.9462368573328,1.5102830473933169
SpectralClustering,"{'n_clusters': 5, 'affinity': 'linear', 'assign_labels': 'cluster_qr', 'random_state': 42}",0.18668776830919942,597.3693236368381,1.6761629736096708
SpectralClustering,"{'n_clusters': 5, 'affinity': 'linear', 'assign_labels': 'cluster_qr', 'random_state': 123}",0.18668776830919942,597.3693236368381,1.6761629736096708
SpectralClustering,"{'n_clusters': 5, 'affinity': 'linear', 'assign_labels': 'cluster_qr', 'random_state': 456}",0.18668776830919942,597.3693236368381,1.6761629736096708
SpectralClustering,"{'n_clusters': 5, 'affinity': 'linear', 'assign_labels': 'cluster_qr', 'random_state': 789}",0.18668776830919942,597.3693236368381,1.6761629736096708
SpectralClustering,"{'n_clusters': 5, 'affinity': 'linear', 'assign_labels': 'cluster_qr', 'random_state': 1011}",0.18668776830919942,597.3693236368381,1.6761629736096708
SpectralClustering,"{'n_clusters': 5, 'affinity': 'linear', 'assign_labels': 'cluster_qr', 'random_state': 2022}",0.18668776830919942,597.3693236368381,1.6761629736096708
SpectralClustering,"{'n_clusters': 5, 'affinity': 'linear', 'assign_labels': 'cluster_qr', 'random_state': 3033}",0.18668776830919942,597.3693236368381,1.6761629736096708
SpectralClustering,"{'n_clusters': 5, 'affinity': 'linear', 'assign_labels': 'cluster_qr', 'random_state': 4044}",0.18668776830919942,597.3693236368381,1.6761629736096708
SpectralClustering,"{'n_clusters': 5, 'affinity': 'linear', 'assign_labels': 'cluster_qr', 'random_state': 5055}",0.18668776830919942,597.3693236368381,1.6761629736096708
SpectralClustering,"{'n_clusters': 5, 'affinity': 'linear', 'assign_labels': 'cluster_qr', 'random_state': 6066}",0.18668776830919942,597.3693236368381,1.6761629736096708
SpectralClustering,"{'n_clusters': 5, 'affinity': 'polynomial', 'assign_labels': 'kmeans', 'random_state': 42}",0.22518235016820698,715.5200781786134,1.4370217904887614
SpectralClustering,"{'n_clusters': 5, 'affinity': 'polynomial', 'assign_labels': 'kmeans', 'random_state': 123}",0.22518235016820698,715.5200781786134,1.4370217904887617
SpectralClustering,"{'n_clusters': 5, 'affinity': 'polynomial', 'assign_labels': 'kmeans', 'random_state': 456}",0.22518235016820698,715.5200781786134,1.4370217904887617
SpectralClustering,"{'n_clusters': 5, 'affinity': 'polynomial', 'assign_labels': 'kmeans', 'random_state': 789}",0.22518235016820698,715.5200781786134,1.4370217904887617
SpectralClustering,"{'n_clusters': 5, 'affinity': 'polynomial', 'assign_labels': 'kmeans', 'random_state': 1011}",0.22518235016820698,715.5200781786134,1.4370217904887617
SpectralClustering,"{'n_clusters': 5, 'affinity': 'polynomial', 'assign_labels': 'kmeans', 'random_state': 2022}",0.22518235016820698,715.5200781786132,1.4370217904887617
SpectralClustering,"{'n_clusters': 5, 'affinity': 'polynomial', 'assign_labels': 'kmeans', 'random_state': 3033}",0.22518235016820698,715.5200781786132,1.4370217904887617
SpectralClustering,"{'n_clusters': 5, 'affinity': 'polynomial', 'assign_labels': 'kmeans', 'random_state': 4044}",0.22518235016820698,715.5200781786134,1.4370217904887617
SpectralClustering,"{'n_clusters': 5, 'affinity': 'polynomial', 'assign_labels': 'kmeans', 'random_state': 5055}",0.22518235016820698,715.5200781786131,1.4370217904887617
SpectralClustering,"{'n_clusters': 5, 'affinity': 'polynomial', 'assign_labels': 'kmeans', 'random_state': 6066}",0.22534860655227312,715.554953137444,1.436745382075722
SpectralClustering,"{'n_clusters': 5, 'affinity': 'polynomial', 'assign_labels': 'discretize', 'random_state': 42}",0.21866601506780342,717.6651108131814,1.4290417897200178
SpectralClustering,"{'n_clusters': 5, 'affinity': 'polynomial', 'assign_labels': 'discretize', 'random_state': 123}",0.1666405025085417,724.5678356978592,1.5554989161028412
SpectralClustering,"{'n_clusters': 5, 'affinity': 'polynomial', 'assign_labels': 'discretize', 'random_state': 456}",0.21866601506780342,717.6651108131815,1.4290417897200176
SpectralClustering,"{'n_clusters': 5, 'affinity': 'polynomial', 'assign_labels': 'discretize', 'random_state': 789}",0.21866601506780342,717.6651108131815,1.4290417897200176
SpectralClustering,"{'n_clusters': 5, 'affinity': 'polynomial', 'assign_labels': 'discretize', 'random_state': 1011}",0.2185750003828382,717.6329045241355,1.429779904291702
SpectralClustering,"{'n_clusters': 5, 'affinity': 'polynomial', 'assign_labels': 'discretize', 'random_state': 2022}",0.21866601506780342,717.6651108131814,1.4290417897200176
SpectralClustering,"{'n_clusters': 5, 'affinity': 'polynomial', 'assign_labels': 'discretize', 'random_state': 3033}",0.17404862227134954,726.375252332445,1.53343162486239
SpectralClustering,"{'n_clusters': 5, 'affinity': 'polynomial', 'assign_labels': 'discretize', 'random_state': 4044}",0.21859570477851847,717.6447675539187,1.4290925935029999
SpectralClustering,"{'n_clusters': 5, 'affinity': 'polynomial', 'assign_labels': 'discretize', 'random_state': 5055}",0.21859570477851847,717.6447675539187,1.4290925935029999
SpectralClustering,"{'n_clusters': 5, 'affinity': 'polynomial', 'assign_labels': 'discretize', 'random_state': 6066}",0.21832178059839166,719.0901537415168,1.4294166266241586
SpectralClustering,"{'n_clusters': 5, 'affinity': 'polynomial', 'assign_labels': 'cluster_qr', 'random_state': 42}",0.21306480198265945,563.0525020597041,1.6161623311992603
SpectralClustering,"{'n_clusters': 5, 'affinity': 'polynomial', 'assign_labels': 'cluster_qr', 'random_state': 123}",0.21306480198265945,563.0525020597041,1.6161623311992603
SpectralClustering,"{'n_clusters': 5, 'affinity': 'polynomial', 'assign_labels': 'cluster_qr', 'random_state': 456}",0.21306480198265945,563.0525020597041,1.6161623311992603
SpectralClustering,"{'n_clusters': 5, 'affinity': 'polynomial', 'assign_labels': 'cluster_qr', 'random_state': 789}",0.21306480198265945,563.0525020597041,1.6161623311992603
SpectralClustering,"{'n_clusters': 5, 'affinity': 'polynomial', 'assign_labels': 'cluster_qr', 'random_state': 1011}",0.21306480198265945,563.0525020597041,1.6161623311992603
SpectralClustering,"{'n_clusters': 5, 'affinity': 'polynomial', 'assign_labels': 'cluster_qr', 'random_state': 2022}",0.21306480198265945,563.0525020597041,1.6161623311992603
SpectralClustering,"{'n_clusters': 5, 'affinity': 'polynomial', 'assign_labels': 'cluster_qr', 'random_state': 3033}",0.21306480198265945,563.0525020597041,1.6161623311992603
SpectralClustering,"{'n_clusters': 5, 'affinity': 'polynomial', 'assign_labels': 'cluster_qr', 'random_state': 4044}",0.21306480198265945,563.0525020597041,1.6161623311992603
SpectralClustering,"{'n_clusters': 5, 'affinity': 'polynomial', 'assign_labels': 'cluster_qr', 'random_state': 5055}",0.21306480198265945,563.0525020597041,1.6161623311992603
SpectralClustering,"{'n_clusters': 5, 'affinity': 'polynomial', 'assign_labels': 'cluster_qr', 'random_state': 6066}",0.21306480198265945,563.0525020597041,1.6161623311992603
SpectralClustering,"{'n_clusters': 5, 'affinity': 'poly', 'assign_labels': 'kmeans', 'random_state': 42}",0.22518235016820698,715.5200781786134,1.4370217904887614
SpectralClustering,"{'n_clusters': 5, 'affinity': 'poly', 'assign_labels': 'kmeans', 'random_state': 123}",0.22518235016820698,715.5200781786134,1.4370217904887617
SpectralClustering,"{'n_clusters': 5, 'affinity': 'poly', 'assign_labels': 'kmeans', 'random_state': 456}",0.22518235016820698,715.5200781786134,1.4370217904887617
SpectralClustering,"{'n_clusters': 5, 'affinity': 'poly', 'assign_labels': 'kmeans', 'random_state': 789}",0.22518235016820698,715.5200781786134,1.4370217904887617
SpectralClustering,"{'n_clusters': 5, 'affinity': 'poly', 'assign_labels': 'kmeans', 'random_state': 1011}",0.22518235016820698,715.5200781786134,1.4370217904887617
SpectralClustering,"{'n_clusters': 5, 'affinity': 'poly', 'assign_labels': 'kmeans', 'random_state': 2022}",0.22518235016820698,715.5200781786132,1.4370217904887617
SpectralClustering,"{'n_clusters': 5, 'affinity': 'poly', 'assign_labels': 'kmeans', 'random_state': 3033}",0.22518235016820698,715.5200781786132,1.4370217904887617
SpectralClustering,"{'n_clusters': 5, 'affinity': 'poly', 'assign_labels': 'kmeans', 'random_state': 4044}",0.22518235016820698,715.5200781786134,1.4370217904887617
SpectralClustering,"{'n_clusters': 5, 'affinity': 'poly', 'assign_labels': 'kmeans', 'random_state': 5055}",0.22518235016820698,715.5200781786131,1.4370217904887617
SpectralClustering,"{'n_clusters': 5, 'affinity': 'poly', 'assign_labels': 'kmeans', 'random_state': 6066}",0.22534860655227312,715.554953137444,1.436745382075722
SpectralClustering,"{'n_clusters': 5, 'affinity': 'poly', 'assign_labels': 'discretize', 'random_state': 42}",0.21866601506780342,717.6651108131814,1.4290417897200178
SpectralClustering,"{'n_clusters': 5, 'affinity': 'poly', 'assign_labels': 'discretize', 'random_state': 123}",0.1666405025085417,724.5678356978592,1.5554989161028412
SpectralClustering,"{'n_clusters': 5, 'affinity': 'poly', 'assign_labels': 'discretize', 'random_state': 456}",0.21866601506780342,717.6651108131815,1.4290417897200176
SpectralClustering,"{'n_clusters': 5, 'affinity': 'poly', 'assign_labels': 'discretize', 'random_state': 789}",0.21866601506780342,717.6651108131815,1.4290417897200176
SpectralClustering,"{'n_clusters': 5, 'affinity': 'poly', 'assign_labels': 'discretize', 'random_state': 1011}",0.2185750003828382,717.6329045241355,1.429779904291702
SpectralClustering,"{'n_clusters': 5, 'affinity': 'poly', 'assign_labels': 'discretize', 'random_state': 2022}",0.21866601506780342,717.6651108131814,1.4290417897200176
SpectralClustering,"{'n_clusters': 5, 'affinity': 'poly', 'assign_labels': 'discretize', 'random_state': 3033}",0.17404862227134954,726.375252332445,1.53343162486239
SpectralClustering,"{'n_clusters': 5, 'affinity': 'poly', 'assign_labels': 'discretize', 'random_state': 4044}",0.21859570477851847,717.6447675539187,1.4290925935029999
SpectralClustering,"{'n_clusters': 5, 'affinity': 'poly', 'assign_labels': 'discretize', 'random_state': 5055}",0.21859570477851847,717.6447675539187,1.4290925935029999
SpectralClustering,"{'n_clusters': 5, 'affinity': 'poly', 'assign_labels': 'discretize', 'random_state': 6066}",0.21832178059839166,719.0901537415168,1.4294166266241586
SpectralClustering,"{'n_clusters': 5, 'affinity': 'poly', 'assign_labels': 'cluster_qr', 'random_state': 42}",0.21306480198265945,563.0525020597041,1.6161623311992603
SpectralClustering,"{'n_clusters': 5, 'affinity': 'poly', 'assign_labels': 'cluster_qr', 'random_state': 123}",0.21306480198265945,563.0525020597041,1.6161623311992603
SpectralClustering,"{'n_clusters': 5, 'affinity': 'poly', 'assign_labels': 'cluster_qr', 'random_state': 456}",0.21306480198265945,563.0525020597041,1.6161623311992603
SpectralClustering,"{'n_clusters': 5, 'affinity': 'poly', 'assign_labels': 'cluster_qr', 'random_state': 789}",0.21306480198265945,563.0525020597041,1.6161623311992603
SpectralClustering,"{'n_clusters': 5, 'affinity': 'poly', 'assign_labels': 'cluster_qr', 'random_state': 1011}",0.21306480198265945,563.0525020597041,1.6161623311992603
SpectralClustering,"{'n_clusters': 5, 'affinity': 'poly', 'assign_labels': 'cluster_qr', 'random_state': 2022}",0.21306480198265945,563.0525020597041,1.6161623311992603
SpectralClustering,"{'n_clusters': 5, 'affinity': 'poly', 'assign_labels': 'cluster_qr', 'random_state': 3033}",0.21306480198265945,563.0525020597041,1.6161623311992603
SpectralClustering,"{'n_clusters': 5, 'affinity': 'poly', 'assign_labels': 'cluster_qr', 'random_state': 4044}",0.21306480198265945,563.0525020597041,1.6161623311992603
SpectralClustering,"{'n_clusters': 5, 'affinity': 'poly', 'assign_labels': 'cluster_qr', 'random_state': 5055}",0.21306480198265945,563.0525020597041,1.6161623311992603
SpectralClustering,"{'n_clusters': 5, 'affinity': 'poly', 'assign_labels': 'cluster_qr', 'random_state': 6066}",0.21306480198265945,563.0525020597041,1.6161623311992603
SpectralClustering,"{'n_clusters': 5, 'affinity': 'sigmoid', 'assign_labels': 'kmeans', 'random_state': 42}",-0.0016961356397654315,7.47753505028195,0.9154413250342527
SpectralClustering,"{'n_clusters': 5, 'affinity': 'sigmoid', 'assign_labels': 'kmeans', 'random_state': 123}",-0.2882249315876799,4.211595609667564,1.1703011944595771
SpectralClustering,"{'n_clusters': 5, 'affinity': 'sigmoid', 'assign_labels': 'kmeans', 'random_state': 456}",-0.0016961356397654315,7.47753505028195,0.9154413250342527
SpectralClustering,"{'n_clusters': 5, 'affinity': 'sigmoid', 'assign_labels': 'kmeans', 'random_state': 789}",-0.21533282248097532,7.1548896281553285,1.0664272256653198
SpectralClustering,"{'n_clusters': 5, 'affinity': 'sigmoid', 'assign_labels': 'kmeans', 'random_state': 1011}",0.008665674807897285,7.499868662608161,0.9117626551341711
SpectralClustering,"{'n_clusters': 5, 'affinity': 'sigmoid', 'assign_labels': 'kmeans', 'random_state': 2022}",-0.10780461616243729,7.2494048169128265,0.9829161360306043
SpectralClustering,"{'n_clusters': 5, 'affinity': 'sigmoid', 'assign_labels': 'kmeans', 'random_state': 3033}",-0.024416257162497384,7.643740609001198,4.703705242763307
SpectralClustering,"{'n_clusters': 5, 'affinity': 'sigmoid', 'assign_labels': 'kmeans', 'random_state': 4044}",-0.0016961356397654315,7.47753505028195,0.9154413250342527
SpectralClustering,"{'n_clusters': 5, 'affinity': 'sigmoid', 'assign_labels': 'kmeans', 'random_state': 5055}",-0.004277883354228472,7.3752650332620835,2.9294728171254647
SpectralClustering,"{'n_clusters': 5, 'affinity': 'sigmoid', 'assign_labels': 'kmeans', 'random_state': 6066}",-0.0016961356397654315,7.47753505028195,0.9154413250342529
SpectralClustering,"{'n_clusters': 5, 'affinity': 'sigmoid', 'assign_labels': 'discretize', 'random_state': 42}",-0.042977043542722165,5.0100381305745625,14.166704287412987
SpectralClustering,"{'n_clusters': 5, 'affinity': 'sigmoid', 'assign_labels': 'discretize', 'random_state': 123}",-0.04679094247813168,7.117810299185807,5.673226107514642
SpectralClustering,"{'n_clusters': 5, 'affinity': 'sigmoid', 'assign_labels': 'discretize', 'random_state': 456}",-0.06177978272570459,3.7971369561963058,12.785579121784485
SpectralClustering,"{'n_clusters': 5, 'affinity': 'sigmoid', 'assign_labels': 'discretize', 'random_state': 789}",-0.06129219953834998,9.694209525622513,12.43001553271859
SpectralClustering,"{'n_clusters': 5, 'affinity': 'sigmoid', 'assign_labels': 'discretize', 'random_state': 1011}",-0.027225761908981516,3.6289596344490986,11.862130993139754
SpectralClustering,"{'n_clusters': 5, 'affinity': 'sigmoid', 'assign_labels': 'discretize', 'random_state': 2022}",-0.04167293766929291,7.086642052165835,8.072106474169205
SpectralClustering,"{'n_clusters': 5, 'affinity': 'sigmoid', 'assign_labels': 'discretize', 'random_state': 3033}",0.011059482955084297,7.620112959909338,12.555054812555847
SpectralClustering,"{'n_clusters': 5, 'affinity': 'sigmoid', 'assign_labels': 'discretize', 'random_state': 4044}",-0.02864759994891446,5.728946530603333,10.439876906087438
SpectralClustering,"{'n_clusters': 5, 'affinity': 'sigmoid', 'assign_labels': 'discretize', 'random_state': 5055}",-0.02576712503422577,5.563366155891098,10.31849174056795
SpectralClustering,"{'n_clusters': 5, 'affinity': 'sigmoid', 'assign_labels': 'discretize', 'random_state': 6066}",-0.027570426380422473,5.989139008145978,13.414805460959617
SpectralClustering,"{'n_clusters': 5, 'affinity': 'sigmoid', 'assign_labels': 'cluster_qr', 'random_state': 42}",-0.010835097139306455,2.00056318116613,21.530283751337258
SpectralClustering,"{'n_clusters': 5, 'affinity': 'sigmoid', 'assign_labels': 'cluster_qr', 'random_state': 123}",-0.03018704190910445,2.169076396597562,19.892468166869662
SpectralClustering,"{'n_clusters': 5, 'affinity': 'sigmoid', 'assign_labels': 'cluster_qr', 'random_state': 456}",-0.012012897830738906,2.8349388995733986,23.61971766764526
SpectralClustering,"{'n_clusters': 5, 'affinity': 'sigmoid', 'assign_labels': 'cluster_qr', 'random_state': 789}",-0.02662919936517354,1.2538631389407293,31.167574889335697
SpectralClustering,"{'n_clusters': 5, 'affinity': 'sigmoid', 'assign_labels': 'cluster_qr', 'random_state': 1011}",-0.03410563977723762,2.7802460352154714,13.514607751181526
SpectralClustering,"{'n_clusters': 5, 'affinity': 'sigmoid', 'assign_labels': 'cluster_qr', 'random_state': 2022}",-0.01986068025510674,1.7266283946113394,22.259904303946453
SpectralClustering,"{'n_clusters': 5, 'affinity': 'sigmoid', 'assign_labels': 'cluster_qr', 'random_state': 3033}",-0.008186459758326237,3.8969477457492423,21.838970528643816
SpectralClustering,"{'n_clusters': 5, 'affinity': 'sigmoid', 'assign_labels': 'cluster_qr', 'random_state': 4044}",-0.031598305494155786,1.492404999555464,26.0183570719637
SpectralClustering,"{'n_clusters': 5, 'affinity': 'sigmoid', 'assign_labels': 'cluster_qr', 'random_state': 5055}",-0.00922188554681395,1.4967534350636105,34.3391458956106
SpectralClustering,"{'n_clusters': 5, 'affinity': 'sigmoid', 'assign_labels': 'cluster_qr', 'random_state': 6066}",-0.044001407232467656,2.8878832494846365,14.54005020403611
SpectralClustering,"{'n_clusters': 6, 'affinity': 'rbf', 'assign_labels': 'kmeans', 'random_state': 42}",0.21085480854874208,47.31938046354191,1.3219641300751352
SpectralClustering,"{'n_clusters': 6, 'affinity': 'rbf', 'assign_labels': 'kmeans', 'random_state': 123}",0.21085480854874208,47.31938046354192,1.3219641300751352
SpectralClustering,"{'n_clusters': 6, 'affinity': 'rbf', 'assign_labels': 'kmeans', 'random_state': 456}",0.21085480854874208,47.31938046354191,1.3219641300751352
SpectralClustering,"{'n_clusters': 6, 'affinity': 'rbf', 'assign_labels': 'kmeans', 'random_state': 789}",0.21085480854874208,47.31938046354191,1.3219641300751352
SpectralClustering,"{'n_clusters': 6, 'affinity': 'rbf', 'assign_labels': 'kmeans', 'random_state': 1011}",0.21085480854874208,47.31938046354191,1.3219641300751352
SpectralClustering,"{'n_clusters': 6, 'affinity': 'rbf', 'assign_labels': 'kmeans', 'random_state': 2022}",0.21085480854874208,47.31938046354191,1.3219641300751352
SpectralClustering,"{'n_clusters': 6, 'affinity': 'rbf', 'assign_labels': 'kmeans', 'random_state': 3033}",0.21085480854874208,47.31938046354191,1.3219641300751352
SpectralClustering,"{'n_clusters': 6, 'affinity': 'rbf', 'assign_labels': 'kmeans', 'random_state': 4044}",0.21085480854874208,47.31938046354191,1.3219641300751352
SpectralClustering,"{'n_clusters': 6, 'affinity': 'rbf', 'assign_labels': 'kmeans', 'random_state': 5055}",0.21085480854874208,47.31938046354191,1.3219641300751352
SpectralClustering,"{'n_clusters': 6, 'affinity': 'rbf', 'assign_labels': 'kmeans', 'random_state': 6066}",0.21085480854874208,47.31938046354191,1.3219641300751352
SpectralClustering,"{'n_clusters': 6, 'affinity': 'rbf', 'assign_labels': 'discretize', 'random_state': 42}",0.29615096565127136,402.50603529891885,1.4216306359362905
SpectralClustering,"{'n_clusters': 6, 'affinity': 'rbf', 'assign_labels': 'discretize', 'random_state': 123}",0.29615096565127136,402.50603529891896,1.4216306359362905
SpectralClustering,"{'n_clusters': 6, 'affinity': 'rbf', 'assign_labels': 'discretize', 'random_state': 456}",0.29615096565127136,402.50603529891896,1.4216306359362905
SpectralClustering,"{'n_clusters': 6, 'affinity': 'rbf', 'assign_labels': 'discretize', 'random_state': 789}",0.29615096565127136,402.50603529891885,1.4216306359362905
SpectralClustering,"{'n_clusters': 6, 'affinity': 'rbf', 'assign_labels': 'discretize', 'random_state': 1011}",0.29615096565127136,402.50603529891896,1.4216306359362905
SpectralClustering,"{'n_clusters': 6, 'affinity': 'rbf', 'assign_labels': 'discretize', 'random_state': 2022}",0.29615096565127136,402.50603529891896,1.4216306359362905
SpectralClustering,"{'n_clusters': 6, 'affinity': 'rbf', 'assign_labels': 'discretize', 'random_state': 3033}",0.29615096565127136,402.50603529891896,1.4216306359362905
SpectralClustering,"{'n_clusters': 6, 'affinity': 'rbf', 'assign_labels': 'discretize', 'random_state': 4044}",0.29615096565127136,402.50603529891896,1.4216306359362905
SpectralClustering,"{'n_clusters': 6, 'affinity': 'rbf', 'assign_labels': 'discretize', 'random_state': 5055}",0.29615096565127136,402.50603529891885,1.4216306359362905
SpectralClustering,"{'n_clusters': 6, 'affinity': 'rbf', 'assign_labels': 'discretize', 'random_state': 6066}",0.29615096565127136,402.50603529891896,1.4216306359362905
SpectralClustering,"{'n_clusters': 6, 'affinity': 'rbf', 'assign_labels': 'cluster_qr', 'random_state': 42}",0.2763394998309383,435.2421651380041,1.6584872977566494
SpectralClustering,"{'n_clusters': 6, 'affinity': 'rbf', 'assign_labels': 'cluster_qr', 'random_state': 123}",0.2763394998309383,435.2421651380041,1.6584872977566494
SpectralClustering,"{'n_clusters': 6, 'affinity': 'rbf', 'assign_labels': 'cluster_qr', 'random_state': 456}",0.2763394998309383,435.2421651380041,1.6584872977566494
SpectralClustering,"{'n_clusters': 6, 'affinity': 'rbf', 'assign_labels': 'cluster_qr', 'random_state': 789}",0.2763394998309383,435.2421651380041,1.6584872977566494
SpectralClustering,"{'n_clusters': 6, 'affinity': 'rbf', 'assign_labels': 'cluster_qr', 'random_state': 1011}",0.2763394998309383,435.2421651380041,1.6584872977566494
SpectralClustering,"{'n_clusters': 6, 'affinity': 'rbf', 'assign_labels': 'cluster_qr', 'random_state': 2022}",0.2763394998309383,435.2421651380041,1.6584872977566494
SpectralClustering,"{'n_clusters': 6, 'affinity': 'rbf', 'assign_labels': 'cluster_qr', 'random_state': 3033}",0.2763394998309383,435.2421651380041,1.6584872977566494
SpectralClustering,"{'n_clusters': 6, 'affinity': 'rbf', 'assign_labels': 'cluster_qr', 'random_state': 4044}",0.2763394998309383,435.2421651380041,1.6584872977566494
SpectralClustering,"{'n_clusters': 6, 'affinity': 'rbf', 'assign_labels': 'cluster_qr', 'random_state': 5055}",0.2763394998309383,435.2421651380041,1.6584872977566494
SpectralClustering,"{'n_clusters': 6, 'affinity': 'rbf', 'assign_labels': 'cluster_qr', 'random_state': 6066}",0.2763394998309383,435.2421651380041,1.6584872977566494
SpectralClustering,"{'n_clusters': 6, 'affinity': 'nearest_neighbors', 'assign_labels': 'kmeans', 'random_state': 42, 'n_neighbors': 5}",0.14534419568728998,596.2249046141519,1.8359129252289976
SpectralClustering,"{'n_clusters': 6, 'affinity': 'nearest_neighbors', 'assign_labels': 'kmeans', 'random_state': 123, 'n_neighbors': 5}",0.14534419568728998,596.2249046141518,1.8359129252289978
SpectralClustering,"{'n_clusters': 6, 'affinity': 'nearest_neighbors', 'assign_labels': 'kmeans', 'random_state': 456, 'n_neighbors': 5}",0.14534419568728998,596.2249046141518,1.8359129252289978
SpectralClustering,"{'n_clusters': 6, 'affinity': 'nearest_neighbors', 'assign_labels': 'kmeans', 'random_state': 789, 'n_neighbors': 5}",0.14534419568728998,596.2249046141519,1.8359129252289978
SpectralClustering,"{'n_clusters': 6, 'affinity': 'nearest_neighbors', 'assign_labels': 'kmeans', 'random_state': 1011, 'n_neighbors': 5}",0.14534419568728998,596.2249046141519,1.8359129252289978
SpectralClustering,"{'n_clusters': 6, 'affinity': 'nearest_neighbors', 'assign_labels': 'kmeans', 'random_state': 2022, 'n_neighbors': 5}",0.14534419568728998,596.2249046141518,1.835912925228998
SpectralClustering,"{'n_clusters': 6, 'affinity': 'nearest_neighbors', 'assign_labels': 'kmeans', 'random_state': 3033, 'n_neighbors': 5}",0.14534419568728998,596.2249046141518,1.8359129252289978
SpectralClustering,"{'n_clusters': 6, 'affinity': 'nearest_neighbors', 'assign_labels': 'kmeans', 'random_state': 4044, 'n_neighbors': 5}",0.14534419568728998,596.2249046141519,1.8359129252289978
SpectralClustering,"{'n_clusters': 6, 'affinity': 'nearest_neighbors', 'assign_labels': 'kmeans', 'random_state': 5055, 'n_neighbors': 5}",0.14534419568728998,596.2249046141518,1.8359129252289978
SpectralClustering,"{'n_clusters': 6, 'affinity': 'nearest_neighbors', 'assign_labels': 'kmeans', 'random_state': 6066, 'n_neighbors': 5}",0.14534419568728998,596.2249046141518,1.8359129252289978
SpectralClustering,"{'n_clusters': 6, 'affinity': 'nearest_neighbors', 'assign_labels': 'discretize', 'random_state': 42, 'n_neighbors': 5}",0.15786675744768097,601.9178781053978,1.9386251825417942
SpectralClustering,"{'n_clusters': 6, 'affinity': 'nearest_neighbors', 'assign_labels': 'discretize', 'random_state': 123, 'n_neighbors': 5}",0.15909624269277686,602.0670306482688,1.9428590029762243
SpectralClustering,"{'n_clusters': 6, 'affinity': 'nearest_neighbors', 'assign_labels': 'discretize', 'random_state': 456, 'n_neighbors': 5}",0.15909624269277686,602.0670306482688,1.942859002976224
SpectralClustering,"{'n_clusters': 6, 'affinity': 'nearest_neighbors', 'assign_labels': 'discretize', 'random_state': 789, 'n_neighbors': 5}",0.15909624269277686,602.0670306482688,1.942859002976224
SpectralClustering,"{'n_clusters': 6, 'affinity': 'nearest_neighbors', 'assign_labels': 'discretize', 'random_state': 1011, 'n_neighbors': 5}",0.15909624269277686,602.0670306482685,1.9428590029762243
SpectralClustering,"{'n_clusters': 6, 'affinity': 'nearest_neighbors', 'assign_labels': 'discretize', 'random_state': 2022, 'n_neighbors': 5}",0.15909624269277686,602.0670306482688,1.942859002976224
SpectralClustering,"{'n_clusters': 6, 'affinity': 'nearest_neighbors', 'assign_labels': 'discretize', 'random_state': 3033, 'n_neighbors': 5}",0.15909624269277686,602.0670306482687,1.942859002976224
SpectralClustering,"{'n_clusters': 6, 'affinity': 'nearest_neighbors', 'assign_labels': 'discretize', 'random_state': 4044, 'n_neighbors': 5}",0.15791512730312557,602.1200135011154,1.9395185940585067
SpectralClustering,"{'n_clusters': 6, 'affinity': 'nearest_neighbors', 'assign_labels': 'discretize', 'random_state': 5055, 'n_neighbors': 5}",0.15909624269277686,602.067030648269,1.942859002976224
SpectralClustering,"{'n_clusters': 6, 'affinity': 'nearest_neighbors', 'assign_labels': 'discretize', 'random_state': 6066, 'n_neighbors': 5}",0.15909624269277686,602.0670306482687,1.942859002976224
SpectralClustering,"{'n_clusters': 6, 'affinity': 'nearest_neighbors', 'assign_labels': 'cluster_qr', 'random_state': 42, 'n_neighbors': 5}",0.1582844146248167,605.2233034158163,1.9983305677659473
SpectralClustering,"{'n_clusters': 6, 'affinity': 'nearest_neighbors', 'assign_labels': 'cluster_qr', 'random_state': 123, 'n_neighbors': 5}",0.1582844146248167,605.2233034158163,1.9983305677659473
SpectralClustering,"{'n_clusters': 6, 'affinity': 'nearest_neighbors', 'assign_labels': 'cluster_qr', 'random_state': 456, 'n_neighbors': 5}",0.1582844146248167,605.2233034158163,1.9983305677659473
SpectralClustering,"{'n_clusters': 6, 'affinity': 'nearest_neighbors', 'assign_labels': 'cluster_qr', 'random_state': 789, 'n_neighbors': 5}",0.1582844146248167,605.2233034158163,1.9983305677659473
SpectralClustering,"{'n_clusters': 6, 'affinity': 'nearest_neighbors', 'assign_labels': 'cluster_qr', 'random_state': 1011, 'n_neighbors': 5}",0.1582844146248167,605.2233034158163,1.9983305677659473
SpectralClustering,"{'n_clusters': 6, 'affinity': 'nearest_neighbors', 'assign_labels': 'cluster_qr', 'random_state': 2022, 'n_neighbors': 5}",0.1582844146248167,605.2233034158163,1.9983305677659473
SpectralClustering,"{'n_clusters': 6, 'affinity': 'nearest_neighbors', 'assign_labels': 'cluster_qr', 'random_state': 3033, 'n_neighbors': 5}",0.1582844146248167,605.2233034158163,1.9983305677659473
SpectralClustering,"{'n_clusters': 6, 'affinity': 'nearest_neighbors', 'assign_labels': 'cluster_qr', 'random_state': 4044, 'n_neighbors': 5}",0.1582844146248167,605.2233034158163,1.9983305677659473
SpectralClustering,"{'n_clusters': 6, 'affinity': 'nearest_neighbors', 'assign_labels': 'cluster_qr', 'random_state': 5055, 'n_neighbors': 5}",0.1582844146248167,605.2233034158163,1.9983305677659473
SpectralClustering,"{'n_clusters': 6, 'affinity': 'nearest_neighbors', 'assign_labels': 'cluster_qr', 'random_state': 6066, 'n_neighbors': 5}",0.1582844146248167,605.2233034158163,1.9983305677659473
SpectralClustering,"{'n_clusters': 6, 'affinity': 'nearest_neighbors', 'assign_labels': 'kmeans', 'random_state': 42, 'n_neighbors': 10}",0.17758141597756458,664.054355982423,1.5077993413103472
SpectralClustering,"{'n_clusters': 6, 'affinity': 'nearest_neighbors', 'assign_labels': 'kmeans', 'random_state': 123, 'n_neighbors': 10}",0.17765459230910505,664.0632503467244,1.5076686610861578
SpectralClustering,"{'n_clusters': 6, 'affinity': 'nearest_neighbors', 'assign_labels': 'kmeans', 'random_state': 456, 'n_neighbors': 10}",0.17758141597756458,664.054355982423,1.5077993413103472
SpectralClustering,"{'n_clusters': 6, 'affinity': 'nearest_neighbors', 'assign_labels': 'kmeans', 'random_state': 789, 'n_neighbors': 10}",0.17758141597756458,664.0543559824229,1.5077993413103472
SpectralClustering,"{'n_clusters': 6, 'affinity': 'nearest_neighbors', 'assign_labels': 'kmeans', 'random_state': 1011, 'n_neighbors': 10}",0.17758141597756458,664.054355982423,1.5077993413103472
SpectralClustering,"{'n_clusters': 6, 'affinity': 'nearest_neighbors', 'assign_labels': 'kmeans', 'random_state': 2022, 'n_neighbors': 10}",0.17758141597756458,664.054355982423,1.5077993413103474
SpectralClustering,"{'n_clusters': 6, 'affinity': 'nearest_neighbors', 'assign_labels': 'kmeans', 'random_state': 3033, 'n_neighbors': 10}",0.17758141597756458,664.0543559824229,1.5077993413103472
SpectralClustering,"{'n_clusters': 6, 'affinity': 'nearest_neighbors', 'assign_labels': 'kmeans', 'random_state': 4044, 'n_neighbors': 10}",0.17765459230910505,664.0632503467245,1.5076686610861574
SpectralClustering,"{'n_clusters': 6, 'affinity': 'nearest_neighbors', 'assign_labels': 'kmeans', 'random_state': 5055, 'n_neighbors': 10}",0.17758141597756458,664.0543559824229,1.5077993413103472
SpectralClustering,"{'n_clusters': 6, 'affinity': 'nearest_neighbors', 'assign_labels': 'kmeans', 'random_state': 6066, 'n_neighbors': 10}",0.17765459230910505,664.0632503467244,1.5076686610861574
SpectralClustering,"{'n_clusters': 6, 'affinity': 'nearest_neighbors', 'assign_labels': 'discretize', 'random_state': 42, 'n_neighbors': 10}",0.17617858007785894,664.7593793979285,1.519452135456638
SpectralClustering,"{'n_clusters': 6, 'affinity': 'nearest_neighbors', 'assign_labels': 'discretize', 'random_state': 123, 'n_neighbors': 10}",0.17617858007785894,664.7593793979285,1.519452135456638
SpectralClustering,"{'n_clusters': 6, 'affinity': 'nearest_neighbors', 'assign_labels': 'discretize', 'random_state': 456, 'n_neighbors': 10}",0.17617858007785894,664.7593793979285,1.519452135456638
SpectralClustering,"{'n_clusters': 6, 'affinity': 'nearest_neighbors', 'assign_labels': 'discretize', 'random_state': 789, 'n_neighbors': 10}",0.17617858007785894,664.7593793979285,1.519452135456638
SpectralClustering,"{'n_clusters': 6, 'affinity': 'nearest_neighbors', 'assign_labels': 'discretize', 'random_state': 1011, 'n_neighbors': 10}",0.17617858007785894,664.7593793979285,1.519452135456638
SpectralClustering,"{'n_clusters': 6, 'affinity': 'nearest_neighbors', 'assign_labels': 'discretize', 'random_state': 2022, 'n_neighbors': 10}",0.17617858007785894,664.7593793979285,1.519452135456638
SpectralClustering,"{'n_clusters': 6, 'affinity': 'nearest_neighbors', 'assign_labels': 'discretize', 'random_state': 3033, 'n_neighbors': 10}",0.17617858007785894,664.7593793979285,1.519452135456638
SpectralClustering,"{'n_clusters': 6, 'affinity': 'nearest_neighbors', 'assign_labels': 'discretize', 'random_state': 4044, 'n_neighbors': 10}",0.17617858007785894,664.7593793979282,1.519452135456638
SpectralClustering,"{'n_clusters': 6, 'affinity': 'nearest_neighbors', 'assign_labels': 'discretize', 'random_state': 5055, 'n_neighbors': 10}",0.17617858007785894,664.7593793979282,1.5194521354566382
SpectralClustering,"{'n_clusters': 6, 'affinity': 'nearest_neighbors', 'assign_labels': 'discretize', 'random_state': 6066, 'n_neighbors': 10}",0.17617858007785894,664.7593793979282,1.519452135456638
SpectralClustering,"{'n_clusters': 6, 'affinity': 'nearest_neighbors', 'assign_labels': 'cluster_qr', 'random_state': 42, 'n_neighbors': 10}",0.17604016900150332,668.5745751699044,1.519492448775251
SpectralClustering,"{'n_clusters': 6, 'affinity': 'nearest_neighbors', 'assign_labels': 'cluster_qr', 'random_state': 123, 'n_neighbors': 10}",0.17604016900150332,668.5745751699044,1.519492448775251
SpectralClustering,"{'n_clusters': 6, 'affinity': 'nearest_neighbors', 'assign_labels': 'cluster_qr', 'random_state': 456, 'n_neighbors': 10}",0.17604016900150332,668.5745751699044,1.519492448775251
SpectralClustering,"{'n_clusters': 6, 'affinity': 'nearest_neighbors', 'assign_labels': 'cluster_qr', 'random_state': 789, 'n_neighbors': 10}",0.17604016900150332,668.5745751699044,1.519492448775251
SpectralClustering,"{'n_clusters': 6, 'affinity': 'nearest_neighbors', 'assign_labels': 'cluster_qr', 'random_state': 1011, 'n_neighbors': 10}",0.17604016900150332,668.5745751699044,1.519492448775251
SpectralClustering,"{'n_clusters': 6, 'affinity': 'nearest_neighbors', 'assign_labels': 'cluster_qr', 'random_state': 2022, 'n_neighbors': 10}",0.17604016900150332,668.5745751699044,1.519492448775251
SpectralClustering,"{'n_clusters': 6, 'affinity': 'nearest_neighbors', 'assign_labels': 'cluster_qr', 'random_state': 3033, 'n_neighbors': 10}",0.17604016900150332,668.5745751699044,1.519492448775251
SpectralClustering,"{'n_clusters': 6, 'affinity': 'nearest_neighbors', 'assign_labels': 'cluster_qr', 'random_state': 4044, 'n_neighbors': 10}",0.17604016900150332,668.5745751699044,1.519492448775251
SpectralClustering,"{'n_clusters': 6, 'affinity': 'nearest_neighbors', 'assign_labels': 'cluster_qr', 'random_state': 5055, 'n_neighbors': 10}",0.17604016900150332,668.5745751699044,1.519492448775251
SpectralClustering,"{'n_clusters': 6, 'affinity': 'nearest_neighbors', 'assign_labels': 'cluster_qr', 'random_state': 6066, 'n_neighbors': 10}",0.17604016900150332,668.5745751699044,1.519492448775251
SpectralClustering,"{'n_clusters': 6, 'affinity': 'nearest_neighbors', 'assign_labels': 'kmeans', 'random_state': 42, 'n_neighbors': 15}",0.17941454422194322,669.0449385085899,1.5135466329088647
SpectralClustering,"{'n_clusters': 6, 'affinity': 'nearest_neighbors', 'assign_labels': 'kmeans', 'random_state': 123, 'n_neighbors': 15}",0.17941454422194322,669.0449385085899,1.5135466329088647
SpectralClustering,"{'n_clusters': 6, 'affinity': 'nearest_neighbors', 'assign_labels': 'kmeans', 'random_state': 456, 'n_neighbors': 15}",0.17941454422194322,669.0449385085899,1.5135466329088647
SpectralClustering,"{'n_clusters': 6, 'affinity': 'nearest_neighbors', 'assign_labels': 'kmeans', 'random_state': 789, 'n_neighbors': 15}",0.17941454422194322,669.0449385085901,1.5135466329088647
SpectralClustering,"{'n_clusters': 6, 'affinity': 'nearest_neighbors', 'assign_labels': 'kmeans', 'random_state': 1011, 'n_neighbors': 15}",0.17941454422194322,669.0449385085901,1.5135466329088647
SpectralClustering,"{'n_clusters': 6, 'affinity': 'nearest_neighbors', 'assign_labels': 'kmeans', 'random_state': 2022, 'n_neighbors': 15}",0.17941454422194322,669.04493850859,1.5135466329088647
SpectralClustering,"{'n_clusters': 6, 'affinity': 'nearest_neighbors', 'assign_labels': 'kmeans', 'random_state': 3033, 'n_neighbors': 15}",0.17941454422194322,669.0449385085899,1.5135466329088647
SpectralClustering,"{'n_clusters': 6, 'affinity': 'nearest_neighbors', 'assign_labels': 'kmeans', 'random_state': 4044, 'n_neighbors': 15}",0.17941454422194322,669.04493850859,1.5135466329088647
SpectralClustering,"{'n_clusters': 6, 'affinity': 'nearest_neighbors', 'assign_labels': 'kmeans', 'random_state': 5055, 'n_neighbors': 15}",0.17941454422194322,669.04493850859,1.5135466329088647
SpectralClustering,"{'n_clusters': 6, 'affinity': 'nearest_neighbors', 'assign_labels': 'kmeans', 'random_state': 6066, 'n_neighbors': 15}",0.17941454422194322,669.0449385085899,1.5135466329088647
SpectralClustering,"{'n_clusters': 6, 'affinity': 'nearest_neighbors', 'assign_labels': 'discretize', 'random_state': 42, 'n_neighbors': 15}",0.18024745478064436,680.1906402965466,1.5139249887348711
SpectralClustering,"{'n_clusters': 6, 'affinity': 'nearest_neighbors', 'assign_labels': 'discretize', 'random_state': 123, 'n_neighbors': 15}",0.18024745478064436,680.1906402965466,1.5139249887348711
SpectralClustering,"{'n_clusters': 6, 'affinity': 'nearest_neighbors', 'assign_labels': 'discretize', 'random_state': 456, 'n_neighbors': 15}",0.18012801965605174,680.3440282157828,1.5150888330965824
SpectralClustering,"{'n_clusters': 6, 'affinity': 'nearest_neighbors', 'assign_labels': 'discretize', 'random_state': 789, 'n_neighbors': 15}",0.18012801965605174,680.3440282157828,1.5150888330965824
SpectralClustering,"{'n_clusters': 6, 'affinity': 'nearest_neighbors', 'assign_labels': 'discretize', 'random_state': 1011, 'n_neighbors': 15}",0.18024745478064436,680.1906402965466,1.5139249887348711
SpectralClustering,"{'n_clusters': 6, 'affinity': 'nearest_neighbors', 'assign_labels': 'discretize', 'random_state': 2022, 'n_neighbors': 15}",0.18024745478064436,680.1906402965467,1.5139249887348711
SpectralClustering,"{'n_clusters': 6, 'affinity': 'nearest_neighbors', 'assign_labels': 'discretize', 'random_state': 3033, 'n_neighbors': 15}",0.18012801965605174,680.3440282157828,1.5150888330965824
SpectralClustering,"{'n_clusters': 6, 'affinity': 'nearest_neighbors', 'assign_labels': 'discretize', 'random_state': 4044, 'n_neighbors': 15}",0.18012801965605174,680.3440282157828,1.5150888330965824
SpectralClustering,"{'n_clusters': 6, 'affinity': 'nearest_neighbors', 'assign_labels': 'discretize', 'random_state': 5055, 'n_neighbors': 15}",0.18024745478064436,680.1906402965466,1.5139249887348711
SpectralClustering,"{'n_clusters': 6, 'affinity': 'nearest_neighbors', 'assign_labels': 'discretize', 'random_state': 6066, 'n_neighbors': 15}",0.18012801965605174,680.3440282157828,1.5150888330965824
SpectralClustering,"{'n_clusters': 6, 'affinity': 'nearest_neighbors', 'assign_labels': 'cluster_qr', 'random_state': 42, 'n_neighbors': 15}",0.17959906654384725,681.4914793497012,1.518546113289237
SpectralClustering,"{'n_clusters': 6, 'affinity': 'nearest_neighbors', 'assign_labels': 'cluster_qr', 'random_state': 123, 'n_neighbors': 15}",0.17959906654384725,681.4914793497012,1.518546113289237
SpectralClustering,"{'n_clusters': 6, 'affinity': 'nearest_neighbors', 'assign_labels': 'cluster_qr', 'random_state': 456, 'n_neighbors': 15}",0.17959906654384725,681.4914793497012,1.518546113289237
SpectralClustering,"{'n_clusters': 6, 'affinity': 'nearest_neighbors', 'assign_labels': 'cluster_qr', 'random_state': 789, 'n_neighbors': 15}",0.17959906654384725,681.4914793497012,1.518546113289237
SpectralClustering,"{'n_clusters': 6, 'affinity': 'nearest_neighbors', 'assign_labels': 'cluster_qr', 'random_state': 1011, 'n_neighbors': 15}",0.17959906654384725,681.4914793497012,1.518546113289237
SpectralClustering,"{'n_clusters': 6, 'affinity': 'nearest_neighbors', 'assign_labels': 'cluster_qr', 'random_state': 2022, 'n_neighbors': 15}",0.17959906654384725,681.4914793497012,1.518546113289237
SpectralClustering,"{'n_clusters': 6, 'affinity': 'nearest_neighbors', 'assign_labels': 'cluster_qr', 'random_state': 3033, 'n_neighbors': 15}",0.17959906654384725,681.4914793497012,1.518546113289237
SpectralClustering,"{'n_clusters': 6, 'affinity': 'nearest_neighbors', 'assign_labels': 'cluster_qr', 'random_state': 4044, 'n_neighbors': 15}",0.17959906654384725,681.4914793497012,1.518546113289237
SpectralClustering,"{'n_clusters': 6, 'affinity': 'nearest_neighbors', 'assign_labels': 'cluster_qr', 'random_state': 5055, 'n_neighbors': 15}",0.17959906654384725,681.4914793497012,1.518546113289237
SpectralClustering,"{'n_clusters': 6, 'affinity': 'nearest_neighbors', 'assign_labels': 'cluster_qr', 'random_state': 6066, 'n_neighbors': 15}",0.17959906654384725,681.4914793497012,1.518546113289237
SpectralClustering,"{'n_clusters': 6, 'affinity': 'nearest_neighbors', 'assign_labels': 'kmeans', 'random_state': 42, 'n_neighbors': 20}",0.1722709290640291,653.7780422624714,1.4963310631906521
SpectralClustering,"{'n_clusters': 6, 'affinity': 'nearest_neighbors', 'assign_labels': 'kmeans', 'random_state': 123, 'n_neighbors': 20}",0.17212098007405527,652.9878383607513,1.4968311326615285
SpectralClustering,"{'n_clusters': 6, 'affinity': 'nearest_neighbors', 'assign_labels': 'kmeans', 'random_state': 456, 'n_neighbors': 20}",0.17210966715205894,652.8696026415305,1.4969146932808153
SpectralClustering,"{'n_clusters': 6, 'affinity': 'nearest_neighbors', 'assign_labels': 'kmeans', 'random_state': 789, 'n_neighbors': 20}",0.1722709290640291,653.7780422624714,1.4963310631906523
SpectralClustering,"{'n_clusters': 6, 'affinity': 'nearest_neighbors', 'assign_labels': 'kmeans', 'random_state': 1011, 'n_neighbors': 20}",0.1722709290640291,653.7780422624714,1.4963310631906523
SpectralClustering,"{'n_clusters': 6, 'affinity': 'nearest_neighbors', 'assign_labels': 'kmeans', 'random_state': 2022, 'n_neighbors': 20}",0.17210966715205894,652.8696026415304,1.4969146932808153
SpectralClustering,"{'n_clusters': 6, 'affinity': 'nearest_neighbors', 'assign_labels': 'kmeans', 'random_state': 3033, 'n_neighbors': 20}",0.17210966715205894,652.8696026415305,1.4969146932808153
SpectralClustering,"{'n_clusters': 6, 'affinity': 'nearest_neighbors', 'assign_labels': 'kmeans', 'random_state': 4044, 'n_neighbors': 20}",0.1722709290640291,653.7780422624714,1.4963310631906523
SpectralClustering,"{'n_clusters': 6, 'affinity': 'nearest_neighbors', 'assign_labels': 'kmeans', 'random_state': 5055, 'n_neighbors': 20}",0.1722709290640291,653.7780422624714,1.4963310631906523
SpectralClustering,"{'n_clusters': 6, 'affinity': 'nearest_neighbors', 'assign_labels': 'kmeans', 'random_state': 6066, 'n_neighbors': 20}",0.1722709290640291,653.7780422624714,1.4963310631906523
SpectralClustering,"{'n_clusters': 6, 'affinity': 'nearest_neighbors', 'assign_labels': 'discretize', 'random_state': 42, 'n_neighbors': 20}",0.18073261616944333,683.3580829492324,1.4930224986982317
SpectralClustering,"{'n_clusters': 6, 'affinity': 'nearest_neighbors', 'assign_labels': 'discretize', 'random_state': 123, 'n_neighbors': 20}",0.18073261616944333,683.3580829492323,1.4930224986982317
SpectralClustering,"{'n_clusters': 6, 'affinity': 'nearest_neighbors', 'assign_labels': 'discretize', 'random_state': 456, 'n_neighbors': 20}",0.18066783629691896,683.184292156812,1.4925506621550666
SpectralClustering,"{'n_clusters': 6, 'affinity': 'nearest_neighbors', 'assign_labels': 'discretize', 'random_state': 789, 'n_neighbors': 20}",0.18073261616944333,683.3580829492324,1.4930224986982317
SpectralClustering,"{'n_clusters': 6, 'affinity': 'nearest_neighbors', 'assign_labels': 'discretize', 'random_state': 1011, 'n_neighbors': 20}",0.18066783629691896,683.184292156812,1.4925506621550666
SpectralClustering,"{'n_clusters': 6, 'affinity': 'nearest_neighbors', 'assign_labels': 'discretize', 'random_state': 2022, 'n_neighbors': 20}",0.18066783629691896,683.1842921568121,1.4925506621550666
SpectralClustering,"{'n_clusters': 6, 'affinity': 'nearest_neighbors', 'assign_labels': 'discretize', 'random_state': 3033, 'n_neighbors': 20}",0.180680632245017,683.053620349801,1.4933392641147156
SpectralClustering,"{'n_clusters': 6, 'affinity': 'nearest_neighbors', 'assign_labels': 'discretize', 'random_state': 4044, 'n_neighbors': 20}",0.18073261616944333,683.3580829492324,1.4930224986982317
SpectralClustering,"{'n_clusters': 6, 'affinity': 'nearest_neighbors', 'assign_labels': 'discretize', 'random_state': 5055, 'n_neighbors': 20}",0.18073261616944333,683.3580829492324,1.4930224986982317
SpectralClustering,"{'n_clusters': 6, 'affinity': 'nearest_neighbors', 'assign_labels': 'discretize', 'random_state': 6066, 'n_neighbors': 20}",0.18066783629691896,683.184292156812,1.4925506621550666
SpectralClustering,"{'n_clusters': 6, 'affinity': 'nearest_neighbors', 'assign_labels': 'cluster_qr', 'random_state': 42, 'n_neighbors': 20}",0.1784412942572278,678.3721085807517,1.4873135870983178
SpectralClustering,"{'n_clusters': 6, 'affinity': 'nearest_neighbors', 'assign_labels': 'cluster_qr', 'random_state': 123, 'n_neighbors': 20}",0.1784412942572278,678.3721085807517,1.4873135870983178
SpectralClustering,"{'n_clusters': 6, 'affinity': 'nearest_neighbors', 'assign_labels': 'cluster_qr', 'random_state': 456, 'n_neighbors': 20}",0.1784412942572278,678.3721085807517,1.4873135870983178
SpectralClustering,"{'n_clusters': 6, 'affinity': 'nearest_neighbors', 'assign_labels': 'cluster_qr', 'random_state': 789, 'n_neighbors': 20}",0.1784412942572278,678.3721085807517,1.4873135870983178
SpectralClustering,"{'n_clusters': 6, 'affinity': 'nearest_neighbors', 'assign_labels': 'cluster_qr', 'random_state': 1011, 'n_neighbors': 20}",0.1784412942572278,678.3721085807517,1.4873135870983178
SpectralClustering,"{'n_clusters': 6, 'affinity': 'nearest_neighbors', 'assign_labels': 'cluster_qr', 'random_state': 2022, 'n_neighbors': 20}",0.1784412942572278,678.3721085807517,1.4873135870983178
SpectralClustering,"{'n_clusters': 6, 'affinity': 'nearest_neighbors', 'assign_labels': 'cluster_qr', 'random_state': 3033, 'n_neighbors': 20}",0.1784412942572278,678.3721085807517,1.4873135870983178
SpectralClustering,"{'n_clusters': 6, 'affinity': 'nearest_neighbors', 'assign_labels': 'cluster_qr', 'random_state': 4044, 'n_neighbors': 20}",0.1784412942572278,678.3721085807517,1.4873135870983178
SpectralClustering,"{'n_clusters': 6, 'affinity': 'nearest_neighbors', 'assign_labels': 'cluster_qr', 'random_state': 5055, 'n_neighbors': 20}",0.1784412942572278,678.3721085807517,1.4873135870983178
SpectralClustering,"{'n_clusters': 6, 'affinity': 'nearest_neighbors', 'assign_labels': 'cluster_qr', 'random_state': 6066, 'n_neighbors': 20}",0.1784412942572278,678.3721085807517,1.4873135870983178
SpectralClustering,"{'n_clusters': 6, 'affinity': 'nearest_neighbors', 'assign_labels': 'kmeans', 'random_state': 42, 'n_neighbors': 50}",0.17830923202389767,675.9677424475567,1.4888282313435237
SpectralClustering,"{'n_clusters': 6, 'affinity': 'nearest_neighbors', 'assign_labels': 'kmeans', 'random_state': 123, 'n_neighbors': 50}",0.17830923202389767,675.9677424475565,1.488828231343524
SpectralClustering,"{'n_clusters': 6, 'affinity': 'nearest_neighbors', 'assign_labels': 'kmeans', 'random_state': 456, 'n_neighbors': 50}",0.17830923202389767,675.9677424475565,1.4888282313435244
SpectralClustering,"{'n_clusters': 6, 'affinity': 'nearest_neighbors', 'assign_labels': 'kmeans', 'random_state': 789, 'n_neighbors': 50}",0.17830923202389767,675.9677424475565,1.488828231343524
SpectralClustering,"{'n_clusters': 6, 'affinity': 'nearest_neighbors', 'assign_labels': 'kmeans', 'random_state': 1011, 'n_neighbors': 50}",0.17830923202389767,675.9677424475565,1.488828231343524
SpectralClustering,"{'n_clusters': 6, 'affinity': 'nearest_neighbors', 'assign_labels': 'kmeans', 'random_state': 2022, 'n_neighbors': 50}",0.17830923202389767,675.9677424475567,1.4888282313435244
SpectralClustering,"{'n_clusters': 6, 'affinity': 'nearest_neighbors', 'assign_labels': 'kmeans', 'random_state': 3033, 'n_neighbors': 50}",0.1783521997554852,675.8257626279363,1.4889539447836615
SpectralClustering,"{'n_clusters': 6, 'affinity': 'nearest_neighbors', 'assign_labels': 'kmeans', 'random_state': 4044, 'n_neighbors': 50}",0.17830923202389767,675.9677424475569,1.4888282313435237
SpectralClustering,"{'n_clusters': 6, 'affinity': 'nearest_neighbors', 'assign_labels': 'kmeans', 'random_state': 5055, 'n_neighbors': 50}",0.17830923202389767,675.9677424475565,1.488828231343524
SpectralClustering,"{'n_clusters': 6, 'affinity': 'nearest_neighbors', 'assign_labels': 'kmeans', 'random_state': 6066, 'n_neighbors': 50}",0.17830923202389767,675.9677424475567,1.488828231343524
SpectralClustering,"{'n_clusters': 6, 'affinity': 'nearest_neighbors', 'assign_labels': 'discretize', 'random_state': 42, 'n_neighbors': 50}",0.18727597673551202,714.6424348821041,1.4688141536672303
SpectralClustering,"{'n_clusters': 6, 'affinity': 'nearest_neighbors', 'assign_labels': 'discretize', 'random_state': 123, 'n_neighbors': 50}",0.18727597673551202,714.6424348821042,1.4688141536672303
SpectralClustering,"{'n_clusters': 6, 'affinity': 'nearest_neighbors', 'assign_labels': 'discretize', 'random_state': 456, 'n_neighbors': 50}",0.18727597673551202,714.6424348821042,1.4688141536672308
SpectralClustering,"{'n_clusters': 6, 'affinity': 'nearest_neighbors', 'assign_labels': 'discretize', 'random_state': 789, 'n_neighbors': 50}",0.18727597673551202,714.6424348821042,1.4688141536672303
SpectralClustering,"{'n_clusters': 6, 'affinity': 'nearest_neighbors', 'assign_labels': 'discretize', 'random_state': 1011, 'n_neighbors': 50}",0.18727597673551202,714.6424348821042,1.4688141536672303
SpectralClustering,"{'n_clusters': 6, 'affinity': 'nearest_neighbors', 'assign_labels': 'discretize', 'random_state': 2022, 'n_neighbors': 50}",0.18727597673551202,714.6424348821042,1.4688141536672303
SpectralClustering,"{'n_clusters': 6, 'affinity': 'nearest_neighbors', 'assign_labels': 'discretize', 'random_state': 3033, 'n_neighbors': 50}",0.18727597673551202,714.6424348821042,1.4688141536672303
SpectralClustering,"{'n_clusters': 6, 'affinity': 'nearest_neighbors', 'assign_labels': 'discretize', 'random_state': 4044, 'n_neighbors': 50}",0.18727597673551202,714.6424348821043,1.4688141536672303
SpectralClustering,"{'n_clusters': 6, 'affinity': 'nearest_neighbors', 'assign_labels': 'discretize', 'random_state': 5055, 'n_neighbors': 50}",0.18727597673551202,714.6424348821042,1.4688141536672303
SpectralClustering,"{'n_clusters': 6, 'affinity': 'nearest_neighbors', 'assign_labels': 'discretize', 'random_state': 6066, 'n_neighbors': 50}",0.18727597673551202,714.6424348821042,1.4688141536672308
SpectralClustering,"{'n_clusters': 6, 'affinity': 'nearest_neighbors', 'assign_labels': 'cluster_qr', 'random_state': 42, 'n_neighbors': 50}",0.18651421603466906,712.2381898346852,1.4670597451421898
SpectralClustering,"{'n_clusters': 6, 'affinity': 'nearest_neighbors', 'assign_labels': 'cluster_qr', 'random_state': 123, 'n_neighbors': 50}",0.18651421603466906,712.2381898346852,1.4670597451421898
SpectralClustering,"{'n_clusters': 6, 'affinity': 'nearest_neighbors', 'assign_labels': 'cluster_qr', 'random_state': 456, 'n_neighbors': 50}",0.18651421603466906,712.2381898346852,1.4670597451421898
SpectralClustering,"{'n_clusters': 6, 'affinity': 'nearest_neighbors', 'assign_labels': 'cluster_qr', 'random_state': 789, 'n_neighbors': 50}",0.18651421603466906,712.2381898346852,1.4670597451421898
SpectralClustering,"{'n_clusters': 6, 'affinity': 'nearest_neighbors', 'assign_labels': 'cluster_qr', 'random_state': 1011, 'n_neighbors': 50}",0.18651421603466906,712.2381898346852,1.4670597451421898
SpectralClustering,"{'n_clusters': 6, 'affinity': 'nearest_neighbors', 'assign_labels': 'cluster_qr', 'random_state': 2022, 'n_neighbors': 50}",0.18651421603466906,712.2381898346852,1.4670597451421898
SpectralClustering,"{'n_clusters': 6, 'affinity': 'nearest_neighbors', 'assign_labels': 'cluster_qr', 'random_state': 3033, 'n_neighbors': 50}",0.18651421603466906,712.2381898346852,1.4670597451421898
SpectralClustering,"{'n_clusters': 6, 'affinity': 'nearest_neighbors', 'assign_labels': 'cluster_qr', 'random_state': 4044, 'n_neighbors': 50}",0.18651421603466906,712.2381898346852,1.4670597451421898
SpectralClustering,"{'n_clusters': 6, 'affinity': 'nearest_neighbors', 'assign_labels': 'cluster_qr', 'random_state': 5055, 'n_neighbors': 50}",0.18651421603466906,712.2381898346852,1.4670597451421898
SpectralClustering,"{'n_clusters': 6, 'affinity': 'nearest_neighbors', 'assign_labels': 'cluster_qr', 'random_state': 6066, 'n_neighbors': 50}",0.18651421603466906,712.2381898346852,1.4670597451421898
SpectralClustering,"{'n_clusters': 6, 'affinity': 'nearest_neighbors', 'assign_labels': 'kmeans', 'random_state': 42, 'n_neighbors': 100}",0.1875239453678939,719.1467893503046,1.4645465027723568
SpectralClustering,"{'n_clusters': 6, 'affinity': 'nearest_neighbors', 'assign_labels': 'kmeans', 'random_state': 123, 'n_neighbors': 100}",0.1875239453678939,719.1467893503045,1.4645465027723568
SpectralClustering,"{'n_clusters': 6, 'affinity': 'nearest_neighbors', 'assign_labels': 'kmeans', 'random_state': 456, 'n_neighbors': 100}",0.1875239453678939,719.1467893503045,1.4645465027723568
SpectralClustering,"{'n_clusters': 6, 'affinity': 'nearest_neighbors', 'assign_labels': 'kmeans', 'random_state': 789, 'n_neighbors': 100}",0.1875239453678939,719.1467893503045,1.4645465027723568
SpectralClustering,"{'n_clusters': 6, 'affinity': 'nearest_neighbors', 'assign_labels': 'kmeans', 'random_state': 1011, 'n_neighbors': 100}",0.1875239453678939,719.1467893503045,1.4645465027723568
SpectralClustering,"{'n_clusters': 6, 'affinity': 'nearest_neighbors', 'assign_labels': 'kmeans', 'random_state': 2022, 'n_neighbors': 100}",0.1875239453678939,719.1467893503047,1.4645465027723568
SpectralClustering,"{'n_clusters': 6, 'affinity': 'nearest_neighbors', 'assign_labels': 'kmeans', 'random_state': 3033, 'n_neighbors': 100}",0.1875239453678939,719.1467893503045,1.4645465027723568
SpectralClustering,"{'n_clusters': 6, 'affinity': 'nearest_neighbors', 'assign_labels': 'kmeans', 'random_state': 4044, 'n_neighbors': 100}",0.1875239453678939,719.1467893503045,1.4645465027723568
SpectralClustering,"{'n_clusters': 6, 'affinity': 'nearest_neighbors', 'assign_labels': 'kmeans', 'random_state': 5055, 'n_neighbors': 100}",0.1875239453678939,719.1467893503045,1.4645465027723568
SpectralClustering,"{'n_clusters': 6, 'affinity': 'nearest_neighbors', 'assign_labels': 'kmeans', 'random_state': 6066, 'n_neighbors': 100}",0.1875239453678939,719.1467893503045,1.4645465027723568
SpectralClustering,"{'n_clusters': 6, 'affinity': 'nearest_neighbors', 'assign_labels': 'discretize', 'random_state': 42, 'n_neighbors': 100}",0.18635472844460174,717.8451674724811,1.4547610995226388
SpectralClustering,"{'n_clusters': 6, 'affinity': 'nearest_neighbors', 'assign_labels': 'discretize', 'random_state': 123, 'n_neighbors': 100}",0.18637537148632066,718.0810946680322,1.4550106703998147
SpectralClustering,"{'n_clusters': 6, 'affinity': 'nearest_neighbors', 'assign_labels': 'discretize', 'random_state': 456, 'n_neighbors': 100}",0.18637537148632066,718.0810946680324,1.4550106703998147
SpectralClustering,"{'n_clusters': 6, 'affinity': 'nearest_neighbors', 'assign_labels': 'discretize', 'random_state': 789, 'n_neighbors': 100}",0.18637537148632066,718.0810946680324,1.4550106703998151
SpectralClustering,"{'n_clusters': 6, 'affinity': 'nearest_neighbors', 'assign_labels': 'discretize', 'random_state': 1011, 'n_neighbors': 100}",0.18635472844460174,717.8451674724809,1.4547610995226385
SpectralClustering,"{'n_clusters': 6, 'affinity': 'nearest_neighbors', 'assign_labels': 'discretize', 'random_state': 2022, 'n_neighbors': 100}",0.18635472844460174,717.8451674724809,1.4547610995226388
SpectralClustering,"{'n_clusters': 6, 'affinity': 'nearest_neighbors', 'assign_labels': 'discretize', 'random_state': 3033, 'n_neighbors': 100}",0.18637537148632066,718.0810946680324,1.4550106703998147
SpectralClustering,"{'n_clusters': 6, 'affinity': 'nearest_neighbors', 'assign_labels': 'discretize', 'random_state': 4044, 'n_neighbors': 100}",0.18637537148632066,718.0810946680322,1.4550106703998147
SpectralClustering,"{'n_clusters': 6, 'affinity': 'nearest_neighbors', 'assign_labels': 'discretize', 'random_state': 5055, 'n_neighbors': 100}",0.18644225751049767,718.1849514378382,1.454716433125905
SpectralClustering,"{'n_clusters': 6, 'affinity': 'nearest_neighbors', 'assign_labels': 'discretize', 'random_state': 6066, 'n_neighbors': 100}",0.18644225751049767,718.1849514378382,1.454716433125905
SpectralClustering,"{'n_clusters': 6, 'affinity': 'nearest_neighbors', 'assign_labels': 'cluster_qr', 'random_state': 42, 'n_neighbors': 100}",0.1858255416034807,718.3321944452282,1.4582550214851286
SpectralClustering,"{'n_clusters': 6, 'affinity': 'nearest_neighbors', 'assign_labels': 'cluster_qr', 'random_state': 123, 'n_neighbors': 100}",0.1858255416034807,718.3321944452282,1.4582550214851286
SpectralClustering,"{'n_clusters': 6, 'affinity': 'nearest_neighbors', 'assign_labels': 'cluster_qr', 'random_state': 456, 'n_neighbors': 100}",0.1858255416034807,718.3321944452282,1.4582550214851286
SpectralClustering,"{'n_clusters': 6, 'affinity': 'nearest_neighbors', 'assign_labels': 'cluster_qr', 'random_state': 789, 'n_neighbors': 100}",0.1858255416034807,718.3321944452282,1.4582550214851286
SpectralClustering,"{'n_clusters': 6, 'affinity': 'nearest_neighbors', 'assign_labels': 'cluster_qr', 'random_state': 1011, 'n_neighbors': 100}",0.1858255416034807,718.3321944452282,1.4582550214851286
SpectralClustering,"{'n_clusters': 6, 'affinity': 'nearest_neighbors', 'assign_labels': 'cluster_qr', 'random_state': 2022, 'n_neighbors': 100}",0.1858255416034807,718.3321944452282,1.4582550214851286
SpectralClustering,"{'n_clusters': 6, 'affinity': 'nearest_neighbors', 'assign_labels': 'cluster_qr', 'random_state': 3033, 'n_neighbors': 100}",0.1858255416034807,718.3321944452282,1.4582550214851286
SpectralClustering,"{'n_clusters': 6, 'affinity': 'nearest_neighbors', 'assign_labels': 'cluster_qr', 'random_state': 4044, 'n_neighbors': 100}",0.1858255416034807,718.3321944452282,1.4582550214851286
SpectralClustering,"{'n_clusters': 6, 'affinity': 'nearest_neighbors', 'assign_labels': 'cluster_qr', 'random_state': 5055, 'n_neighbors': 100}",0.1858255416034807,718.3321944452282,1.4582550214851286
SpectralClustering,"{'n_clusters': 6, 'affinity': 'nearest_neighbors', 'assign_labels': 'cluster_qr', 'random_state': 6066, 'n_neighbors': 100}",0.1858255416034807,718.3321944452282,1.4582550214851286
SpectralClustering,"{'n_clusters': 6, 'affinity': 'cosine', 'assign_labels': 'kmeans', 'random_state': 42}",0.1763184186911549,661.2004982253069,1.5013780940840205
SpectralClustering,"{'n_clusters': 6, 'affinity': 'cosine', 'assign_labels': 'kmeans', 'random_state': 123}",0.17678720582246793,664.3269995691101,1.5005823628453676
SpectralClustering,"{'n_clusters': 6, 'affinity': 'cosine', 'assign_labels': 'kmeans', 'random_state': 456}",0.17589259538045243,659.7352260990059,1.500985519833369
SpectralClustering,"{'n_clusters': 6, 'affinity': 'cosine', 'assign_labels': 'kmeans', 'random_state': 789}",0.17613403710175146,659.464661107384,1.5022390014083609
SpectralClustering,"{'n_clusters': 6, 'affinity': 'cosine', 'assign_labels': 'kmeans', 'random_state': 1011}",0.17631063829581872,661.098243046321,1.5017637932890031
SpectralClustering,"{'n_clusters': 6, 'affinity': 'cosine', 'assign_labels': 'kmeans', 'random_state': 2022}",0.17657970507154527,662.9237587080629,1.5018638000393683
SpectralClustering,"{'n_clusters': 6, 'affinity': 'cosine', 'assign_labels': 'kmeans', 'random_state': 3033}",0.17620281668712567,661.2986836674401,1.501892996434643
SpectralClustering,"{'n_clusters': 6, 'affinity': 'cosine', 'assign_labels': 'kmeans', 'random_state': 4044}",0.17589259538045243,659.735226099006,1.5009855198333686
SpectralClustering,"{'n_clusters': 6, 'affinity': 'cosine', 'assign_labels': 'kmeans', 'random_state': 5055}",0.17613403710175146,659.4646611073839,1.5022390014083609
SpectralClustering,"{'n_clusters': 6, 'affinity': 'cosine', 'assign_labels': 'kmeans', 'random_state': 6066}",0.1760809840169319,661.7291847642952,1.50013678376416
SpectralClustering,"{'n_clusters': 6, 'affinity': 'cosine', 'assign_labels': 'discretize', 'random_state': 42}",0.1668476906308149,635.8216671761126,1.5143624883671862
SpectralClustering,"{'n_clusters': 6, 'affinity': 'cosine', 'assign_labels': 'discretize', 'random_state': 123}",0.1667587531248364,635.6090584836005,1.5144135303488138
SpectralClustering,"{'n_clusters': 6, 'affinity': 'cosine', 'assign_labels': 'discretize', 'random_state': 456}",0.1667587531248364,635.6090584836005,1.514413530348814
SpectralClustering,"{'n_clusters': 6, 'affinity': 'cosine', 'assign_labels': 'discretize', 'random_state': 789}",0.16681666133333026,635.7955666052075,1.514252338653079
SpectralClustering,"{'n_clusters': 6, 'affinity': 'cosine', 'assign_labels': 'discretize', 'random_state': 1011}",0.16681666133333026,635.7955666052075,1.514252338653079
SpectralClustering,"{'n_clusters': 6, 'affinity': 'cosine', 'assign_labels': 'discretize', 'random_state': 2022}",0.1669796792078338,635.797592466192,1.5141475739713515
SpectralClustering,"{'n_clusters': 6, 'affinity': 'cosine', 'assign_labels': 'discretize', 'random_state': 3033}",0.16703858938160665,635.8869252529462,1.5142225167631829
SpectralClustering,"{'n_clusters': 6, 'affinity': 'cosine', 'assign_labels': 'discretize', 'random_state': 4044}",0.1667587531248364,635.6090584836005,1.514413530348814
SpectralClustering,"{'n_clusters': 6, 'affinity': 'cosine', 'assign_labels': 'discretize', 'random_state': 5055}",0.1667587531248364,635.6090584836004,1.514413530348814
SpectralClustering,"{'n_clusters': 6, 'affinity': 'cosine', 'assign_labels': 'discretize', 'random_state': 6066}",0.1667057511477432,635.7173842856774,1.5147736050548135
SpectralClustering,"{'n_clusters': 6, 'affinity': 'cosine', 'assign_labels': 'cluster_qr', 'random_state': 42}",0.13394412650573675,303.3828241832301,3.157373930634384
SpectralClustering,"{'n_clusters': 6, 'affinity': 'cosine', 'assign_labels': 'cluster_qr', 'random_state': 123}",0.13394412650573675,303.3828241832301,3.157373930634384
SpectralClustering,"{'n_clusters': 6, 'affinity': 'cosine', 'assign_labels': 'cluster_qr', 'random_state': 456}",0.13394412650573675,303.3828241832301,3.157373930634384
SpectralClustering,"{'n_clusters': 6, 'affinity': 'cosine', 'assign_labels': 'cluster_qr', 'random_state': 789}",0.13394412650573675,303.3828241832301,3.157373930634384
SpectralClustering,"{'n_clusters': 6, 'affinity': 'cosine', 'assign_labels': 'cluster_qr', 'random_state': 1011}",0.13394412650573675,303.3828241832301,3.157373930634384
SpectralClustering,"{'n_clusters': 6, 'affinity': 'cosine', 'assign_labels': 'cluster_qr', 'random_state': 2022}",0.13394412650573675,303.3828241832301,3.157373930634384
SpectralClustering,"{'n_clusters': 6, 'affinity': 'cosine', 'assign_labels': 'cluster_qr', 'random_state': 3033}",0.13394412650573675,303.3828241832301,3.157373930634384
SpectralClustering,"{'n_clusters': 6, 'affinity': 'cosine', 'assign_labels': 'cluster_qr', 'random_state': 4044}",0.13394412650573675,303.3828241832301,3.157373930634384
SpectralClustering,"{'n_clusters': 6, 'affinity': 'cosine', 'assign_labels': 'cluster_qr', 'random_state': 5055}",0.13394412650573675,303.3828241832301,3.157373930634384
SpectralClustering,"{'n_clusters': 6, 'affinity': 'cosine', 'assign_labels': 'cluster_qr', 'random_state': 6066}",0.13394412650573675,303.3828241832301,3.157373930634384
SpectralClustering,"{'n_clusters': 6, 'affinity': 'linear', 'assign_labels': 'kmeans', 'random_state': 42}",0.17901154266969443,655.620795488172,1.4926557014214383
SpectralClustering,"{'n_clusters': 6, 'affinity': 'linear', 'assign_labels': 'kmeans', 'random_state': 123}",0.17881481481429917,653.8235514900357,1.4897912797490116
SpectralClustering,"{'n_clusters': 6, 'affinity': 'linear', 'assign_labels': 'kmeans', 'random_state': 456}",0.1788028092801265,653.8105192861551,1.4907424043603033
SpectralClustering,"{'n_clusters': 6, 'affinity': 'linear', 'assign_labels': 'kmeans', 'random_state': 789}",0.17881481481429917,653.8235514900357,1.4897912797490116
SpectralClustering,"{'n_clusters': 6, 'affinity': 'linear', 'assign_labels': 'kmeans', 'random_state': 1011}",0.17881481481429917,653.8235514900357,1.4897912797490116
SpectralClustering,"{'n_clusters': 6, 'affinity': 'linear', 'assign_labels': 'kmeans', 'random_state': 2022}",0.17876465139991443,653.6373541596695,1.4908214729498714
SpectralClustering,"{'n_clusters': 6, 'affinity': 'linear', 'assign_labels': 'kmeans', 'random_state': 3033}",0.17881481481429917,653.8235514900358,1.4897912797490116
SpectralClustering,"{'n_clusters': 6, 'affinity': 'linear', 'assign_labels': 'kmeans', 'random_state': 4044}",0.1788028092801265,653.8105192861551,1.4907424043603033
SpectralClustering,"{'n_clusters': 6, 'affinity': 'linear', 'assign_labels': 'kmeans', 'random_state': 5055}",0.17876465139991443,653.6373541596695,1.4908214729498714
SpectralClustering,"{'n_clusters': 6, 'affinity': 'linear', 'assign_labels': 'kmeans', 'random_state': 6066}",0.17871128632987815,653.7286917055669,1.4910007559462584
SpectralClustering,"{'n_clusters': 6, 'affinity': 'linear', 'assign_labels': 'discretize', 'random_state': 42}",0.17411495769371982,639.6247347373223,1.484214540134383
SpectralClustering,"{'n_clusters': 6, 'affinity': 'linear', 'assign_labels': 'discretize', 'random_state': 123}",0.17424839675876302,639.8835624407092,1.4843885106385788
SpectralClustering,"{'n_clusters': 6, 'affinity': 'linear', 'assign_labels': 'discretize', 'random_state': 456}",0.17411495769371982,639.6247347373226,1.4842145401343831
SpectralClustering,"{'n_clusters': 6, 'affinity': 'linear', 'assign_labels': 'discretize', 'random_state': 789}",0.17411495769371982,639.6247347373223,1.484214540134383
SpectralClustering,"{'n_clusters': 6, 'affinity': 'linear', 'assign_labels': 'discretize', 'random_state': 1011}",0.17424839675876302,639.8835624407092,1.4843885106385788
SpectralClustering,"{'n_clusters': 6, 'affinity': 'linear', 'assign_labels': 'discretize', 'random_state': 2022}",0.17424839675876302,639.883562440709,1.4843885106385788
SpectralClustering,"{'n_clusters': 6, 'affinity': 'linear', 'assign_labels': 'discretize', 'random_state': 3033}",0.1741230093263653,639.6113633480148,1.4844879135981053
SpectralClustering,"{'n_clusters': 6, 'affinity': 'linear', 'assign_labels': 'discretize', 'random_state': 4044}",0.17411495769371982,639.6247347373223,1.484214540134383
SpectralClustering,"{'n_clusters': 6, 'affinity': 'linear', 'assign_labels': 'discretize', 'random_state': 5055}",0.17424839675876302,639.883562440709,1.4843885106385788
SpectralClustering,"{'n_clusters': 6, 'affinity': 'linear', 'assign_labels': 'discretize', 'random_state': 6066}",0.17424839675876302,639.8835624407092,1.4843885106385788
SpectralClustering,"{'n_clusters': 6, 'affinity': 'linear', 'assign_labels': 'cluster_qr', 'random_state': 42}",0.1403469545455165,316.7699880305147,3.1485405517123763
SpectralClustering,"{'n_clusters': 6, 'affinity': 'linear', 'assign_labels': 'cluster_qr', 'random_state': 123}",0.1403469545455165,316.7699880305147,3.1485405517123763
SpectralClustering,"{'n_clusters': 6, 'affinity': 'linear', 'assign_labels': 'cluster_qr', 'random_state': 456}",0.1403469545455165,316.7699880305147,3.1485405517123763
SpectralClustering,"{'n_clusters': 6, 'affinity': 'linear', 'assign_labels': 'cluster_qr', 'random_state': 789}",0.1403469545455165,316.7699880305147,3.1485405517123763
SpectralClustering,"{'n_clusters': 6, 'affinity': 'linear', 'assign_labels': 'cluster_qr', 'random_state': 1011}",0.1403469545455165,316.7699880305147,3.1485405517123763
SpectralClustering,"{'n_clusters': 6, 'affinity': 'linear', 'assign_labels': 'cluster_qr', 'random_state': 2022}",0.1403469545455165,316.7699880305147,3.1485405517123763
SpectralClustering,"{'n_clusters': 6, 'affinity': 'linear', 'assign_labels': 'cluster_qr', 'random_state': 3033}",0.1403469545455165,316.7699880305147,3.1485405517123763
SpectralClustering,"{'n_clusters': 6, 'affinity': 'linear', 'assign_labels': 'cluster_qr', 'random_state': 4044}",0.1403469545455165,316.7699880305147,3.1485405517123763
SpectralClustering,"{'n_clusters': 6, 'affinity': 'linear', 'assign_labels': 'cluster_qr', 'random_state': 5055}",0.1403469545455165,316.7699880305147,3.1485405517123763
SpectralClustering,"{'n_clusters': 6, 'affinity': 'linear', 'assign_labels': 'cluster_qr', 'random_state': 6066}",0.1403469545455165,316.7699880305147,3.1485405517123763
SpectralClustering,"{'n_clusters': 6, 'affinity': 'polynomial', 'assign_labels': 'kmeans', 'random_state': 42}",0.19216885273526596,668.0723699800443,1.3712524265647679
SpectralClustering,"{'n_clusters': 6, 'affinity': 'polynomial', 'assign_labels': 'kmeans', 'random_state': 123}",0.19216885273526596,668.0723699800445,1.3712524265647679
SpectralClustering,"{'n_clusters': 6, 'affinity': 'polynomial', 'assign_labels': 'kmeans', 'random_state': 456}",0.19217168945661667,667.9859767969754,1.3712543760258964
SpectralClustering,"{'n_clusters': 6, 'affinity': 'polynomial', 'assign_labels': 'kmeans', 'random_state': 789}",0.19213238984146813,668.077300741902,1.3713554011130304
SpectralClustering,"{'n_clusters': 6, 'affinity': 'polynomial', 'assign_labels': 'kmeans', 'random_state': 1011}",0.19213238984146813,668.077300741902,1.3713554011130304
SpectralClustering,"{'n_clusters': 6, 'affinity': 'polynomial', 'assign_labels': 'kmeans', 'random_state': 2022}",0.19217168945661667,667.9859767969754,1.3712543760258964
SpectralClustering,"{'n_clusters': 6, 'affinity': 'polynomial', 'assign_labels': 'kmeans', 'random_state': 3033}",0.19213238984146813,668.077300741902,1.3713554011130302
SpectralClustering,"{'n_clusters': 6, 'affinity': 'polynomial', 'assign_labels': 'kmeans', 'random_state': 4044}",0.19213238984146813,668.077300741902,1.3713554011130302
SpectralClustering,"{'n_clusters': 6, 'affinity': 'polynomial', 'assign_labels': 'kmeans', 'random_state': 5055}",0.19216885273526596,668.0723699800442,1.3712524265647679
SpectralClustering,"{'n_clusters': 6, 'affinity': 'polynomial', 'assign_labels': 'kmeans', 'random_state': 6066}",0.19212969860845727,668.1637106158654,1.371352656475456
SpectralClustering,"{'n_clusters': 6, 'affinity': 'polynomial', 'assign_labels': 'discretize', 'random_state': 42}",0.18211185872028335,652.7041929014082,1.4262879142277187
SpectralClustering,"{'n_clusters': 6, 'affinity': 'polynomial', 'assign_labels': 'discretize', 'random_state': 123}",0.18211185872028335,652.7041929014082,1.4262879142277187
SpectralClustering,"{'n_clusters': 6, 'affinity': 'polynomial', 'assign_labels': 'discretize', 'random_state': 456}",0.1821630961183334,652.8934422409869,1.426030381342813
SpectralClustering,"{'n_clusters': 6, 'affinity': 'polynomial', 'assign_labels': 'discretize', 'random_state': 789}",0.18269636036127965,651.3436338438257,1.4258093505600826
SpectralClustering,"{'n_clusters': 6, 'affinity': 'polynomial', 'assign_labels': 'discretize', 'random_state': 1011}",0.18269636036127965,651.3436338438257,1.4258093505600826
SpectralClustering,"{'n_clusters': 6, 'affinity': 'polynomial', 'assign_labels': 'discretize', 'random_state': 2022}",0.18269636036127965,651.3436338438257,1.4258093505600826
SpectralClustering,"{'n_clusters': 6, 'affinity': 'polynomial', 'assign_labels': 'discretize', 'random_state': 3033}",0.18269636036127965,651.3436338438257,1.4258093505600826
SpectralClustering,"{'n_clusters': 6, 'affinity': 'polynomial', 'assign_labels': 'discretize', 'random_state': 4044}",0.18211185872028335,652.7041929014082,1.4262879142277187
SpectralClustering,"{'n_clusters': 6, 'affinity': 'polynomial', 'assign_labels': 'discretize', 'random_state': 5055}",0.18211185872028335,652.7041929014082,1.4262879142277187
SpectralClustering,"{'n_clusters': 6, 'affinity': 'polynomial', 'assign_labels': 'discretize', 'random_state': 6066}",0.18211185872028335,652.7041929014083,1.4262879142277187
SpectralClustering,"{'n_clusters': 6, 'affinity': 'polynomial', 'assign_labels': 'cluster_qr', 'random_state': 42}",0.10199640261630674,351.51247603174534,2.464403676649798
SpectralClustering,"{'n_clusters': 6, 'affinity': 'polynomial', 'assign_labels': 'cluster_qr', 'random_state': 123}",0.10199640261630674,351.51247603174534,2.464403676649798
SpectralClustering,"{'n_clusters': 6, 'affinity': 'polynomial', 'assign_labels': 'cluster_qr', 'random_state': 456}",0.10199640261630674,351.51247603174534,2.464403676649798
SpectralClustering,"{'n_clusters': 6, 'affinity': 'polynomial', 'assign_labels': 'cluster_qr', 'random_state': 789}",0.10199640261630674,351.51247603174534,2.464403676649798
SpectralClustering,"{'n_clusters': 6, 'affinity': 'polynomial', 'assign_labels': 'cluster_qr', 'random_state': 1011}",0.10199640261630674,351.51247603174534,2.464403676649798
SpectralClustering,"{'n_clusters': 6, 'affinity': 'polynomial', 'assign_labels': 'cluster_qr', 'random_state': 2022}",0.10199640261630674,351.51247603174534,2.464403676649798
SpectralClustering,"{'n_clusters': 6, 'affinity': 'polynomial', 'assign_labels': 'cluster_qr', 'random_state': 3033}",0.10199640261630674,351.51247603174534,2.464403676649798
SpectralClustering,"{'n_clusters': 6, 'affinity': 'polynomial', 'assign_labels': 'cluster_qr', 'random_state': 4044}",0.10199640261630674,351.51247603174534,2.464403676649798
SpectralClustering,"{'n_clusters': 6, 'affinity': 'polynomial', 'assign_labels': 'cluster_qr', 'random_state': 5055}",0.10199640261630674,351.51247603174534,2.464403676649798
SpectralClustering,"{'n_clusters': 6, 'affinity': 'polynomial', 'assign_labels': 'cluster_qr', 'random_state': 6066}",0.10199640261630674,351.51247603174534,2.464403676649798
SpectralClustering,"{'n_clusters': 6, 'affinity': 'poly', 'assign_labels': 'kmeans', 'random_state': 42}",0.19216885273526596,668.0723699800443,1.3712524265647679
SpectralClustering,"{'n_clusters': 6, 'affinity': 'poly', 'assign_labels': 'kmeans', 'random_state': 123}",0.19216885273526596,668.0723699800445,1.3712524265647679
SpectralClustering,"{'n_clusters': 6, 'affinity': 'poly', 'assign_labels': 'kmeans', 'random_state': 456}",0.19217168945661667,667.9859767969754,1.3712543760258964
SpectralClustering,"{'n_clusters': 6, 'affinity': 'poly', 'assign_labels': 'kmeans', 'random_state': 789}",0.19213238984146813,668.077300741902,1.3713554011130304
SpectralClustering,"{'n_clusters': 6, 'affinity': 'poly', 'assign_labels': 'kmeans', 'random_state': 1011}",0.19213238984146813,668.077300741902,1.3713554011130304
SpectralClustering,"{'n_clusters': 6, 'affinity': 'poly', 'assign_labels': 'kmeans', 'random_state': 2022}",0.19217168945661667,667.9859767969754,1.3712543760258964
SpectralClustering,"{'n_clusters': 6, 'affinity': 'poly', 'assign_labels': 'kmeans', 'random_state': 3033}",0.19213238984146813,668.077300741902,1.3713554011130302
SpectralClustering,"{'n_clusters': 6, 'affinity': 'poly', 'assign_labels': 'kmeans', 'random_state': 4044}",0.19213238984146813,668.077300741902,1.3713554011130302
SpectralClustering,"{'n_clusters': 6, 'affinity': 'poly', 'assign_labels': 'kmeans', 'random_state': 5055}",0.19216885273526596,668.0723699800442,1.3712524265647679
SpectralClustering,"{'n_clusters': 6, 'affinity': 'poly', 'assign_labels': 'kmeans', 'random_state': 6066}",0.19212969860845727,668.1637106158654,1.371352656475456
SpectralClustering,"{'n_clusters': 6, 'affinity': 'poly', 'assign_labels': 'discretize', 'random_state': 42}",0.18211185872028335,652.7041929014082,1.4262879142277187
SpectralClustering,"{'n_clusters': 6, 'affinity': 'poly', 'assign_labels': 'discretize', 'random_state': 123}",0.18211185872028335,652.7041929014082,1.4262879142277187
SpectralClustering,"{'n_clusters': 6, 'affinity': 'poly', 'assign_labels': 'discretize', 'random_state': 456}",0.1821630961183334,652.8934422409869,1.426030381342813
SpectralClustering,"{'n_clusters': 6, 'affinity': 'poly', 'assign_labels': 'discretize', 'random_state': 789}",0.18269636036127965,651.3436338438257,1.4258093505600826
SpectralClustering,"{'n_clusters': 6, 'affinity': 'poly', 'assign_labels': 'discretize', 'random_state': 1011}",0.18269636036127965,651.3436338438257,1.4258093505600826
SpectralClustering,"{'n_clusters': 6, 'affinity': 'poly', 'assign_labels': 'discretize', 'random_state': 2022}",0.18269636036127965,651.3436338438257,1.4258093505600826
SpectralClustering,"{'n_clusters': 6, 'affinity': 'poly', 'assign_labels': 'discretize', 'random_state': 3033}",0.18269636036127965,651.3436338438257,1.4258093505600826
SpectralClustering,"{'n_clusters': 6, 'affinity': 'poly', 'assign_labels': 'discretize', 'random_state': 4044}",0.18211185872028335,652.7041929014082,1.4262879142277187
SpectralClustering,"{'n_clusters': 6, 'affinity': 'poly', 'assign_labels': 'discretize', 'random_state': 5055}",0.18211185872028335,652.7041929014082,1.4262879142277187
SpectralClustering,"{'n_clusters': 6, 'affinity': 'poly', 'assign_labels': 'discretize', 'random_state': 6066}",0.18211185872028335,652.7041929014083,1.4262879142277187
SpectralClustering,"{'n_clusters': 6, 'affinity': 'poly', 'assign_labels': 'cluster_qr', 'random_state': 42}",0.10199640261630674,351.51247603174534,2.464403676649798
SpectralClustering,"{'n_clusters': 6, 'affinity': 'poly', 'assign_labels': 'cluster_qr', 'random_state': 123}",0.10199640261630674,351.51247603174534,2.464403676649798
SpectralClustering,"{'n_clusters': 6, 'affinity': 'poly', 'assign_labels': 'cluster_qr', 'random_state': 456}",0.10199640261630674,351.51247603174534,2.464403676649798
SpectralClustering,"{'n_clusters': 6, 'affinity': 'poly', 'assign_labels': 'cluster_qr', 'random_state': 789}",0.10199640261630674,351.51247603174534,2.464403676649798
SpectralClustering,"{'n_clusters': 6, 'affinity': 'poly', 'assign_labels': 'cluster_qr', 'random_state': 1011}",0.10199640261630674,351.51247603174534,2.464403676649798
SpectralClustering,"{'n_clusters': 6, 'affinity': 'poly', 'assign_labels': 'cluster_qr', 'random_state': 2022}",0.10199640261630674,351.51247603174534,2.464403676649798
SpectralClustering,"{'n_clusters': 6, 'affinity': 'poly', 'assign_labels': 'cluster_qr', 'random_state': 3033}",0.10199640261630674,351.51247603174534,2.464403676649798
SpectralClustering,"{'n_clusters': 6, 'affinity': 'poly', 'assign_labels': 'cluster_qr', 'random_state': 4044}",0.10199640261630674,351.51247603174534,2.464403676649798
SpectralClustering,"{'n_clusters': 6, 'affinity': 'poly', 'assign_labels': 'cluster_qr', 'random_state': 5055}",0.10199640261630674,351.51247603174534,2.464403676649798
SpectralClustering,"{'n_clusters': 6, 'affinity': 'poly', 'assign_labels': 'cluster_qr', 'random_state': 6066}",0.10199640261630674,351.51247603174534,2.464403676649798
SpectralClustering,"{'n_clusters': 6, 'affinity': 'sigmoid', 'assign_labels': 'kmeans', 'random_state': 42}",-0.07457371461851121,6.632408219570608,1.7267107162459114
SpectralClustering,"{'n_clusters': 6, 'affinity': 'sigmoid', 'assign_labels': 'kmeans', 'random_state': 123}",-0.2969679748049492,5.896408523199969,1.0584689182158888
SpectralClustering,"{'n_clusters': 6, 'affinity': 'sigmoid', 'assign_labels': 'kmeans', 'random_state': 456}",-0.05251070526372114,5.891135375357843,4.499505774105567
SpectralClustering,"{'n_clusters': 6, 'affinity': 'sigmoid', 'assign_labels': 'kmeans', 'random_state': 789}",-0.22097470497614793,6.057839495114343,1.0050134971720064
SpectralClustering,"{'n_clusters': 6, 'affinity': 'sigmoid', 'assign_labels': 'kmeans', 'random_state': 1011}",-0.1377854167994219,6.207284840144646,2.715972611860075
SpectralClustering,"{'n_clusters': 6, 'affinity': 'sigmoid', 'assign_labels': 'kmeans', 'random_state': 2022}",-0.0819641868366371,6.0878229182207555,3.9746582308958693
SpectralClustering,"{'n_clusters': 6, 'affinity': 'sigmoid', 'assign_labels': 'kmeans', 'random_state': 3033}",-0.03472747876545723,7.0780929357506,7.505528752523227
SpectralClustering,"{'n_clusters': 6, 'affinity': 'sigmoid', 'assign_labels': 'kmeans', 'random_state': 4044}",-0.057054096575486865,6.591560414723973,2.5519851712341293
SpectralClustering,"{'n_clusters': 6, 'affinity': 'sigmoid', 'assign_labels': 'kmeans', 'random_state': 5055}",-0.022450773321508827,6.120136655975796,2.694845208803166
SpectralClustering,"{'n_clusters': 6, 'affinity': 'sigmoid', 'assign_labels': 'kmeans', 'random_state': 6066}",-0.13874787619005197,6.1819039297862695,3.4364852313044754
SpectralClustering,"{'n_clusters': 6, 'affinity': 'sigmoid', 'assign_labels': 'discretize', 'random_state': 42}",-0.08214636799274526,6.286646445485416,13.772107411304583
SpectralClustering,"{'n_clusters': 6, 'affinity': 'sigmoid', 'assign_labels': 'discretize', 'random_state': 123}",-0.05881947070856335,5.5721519043739605,14.66243515163557
SpectralClustering,"{'n_clusters': 6, 'affinity': 'sigmoid', 'assign_labels': 'discretize', 'random_state': 456}",0.009441130896147171,6.092113824496994,12.82036236589242
SpectralClustering,"{'n_clusters': 6, 'affinity': 'sigmoid', 'assign_labels': 'discretize', 'random_state': 789}",-0.056921281752236166,7.477014935637483,16.62982349953683
SpectralClustering,"{'n_clusters': 6, 'affinity': 'sigmoid', 'assign_labels': 'discretize', 'random_state': 1011}",-0.010865300374341837,6.284829152534465,12.959746534042507
SpectralClustering,"{'n_clusters': 6, 'affinity': 'sigmoid', 'assign_labels': 'discretize', 'random_state': 2022}",-0.05132471187775937,5.68121778618189,14.032349986679629
SpectralClustering,"{'n_clusters': 6, 'affinity': 'sigmoid', 'assign_labels': 'discretize', 'random_state': 3033}",0.009504113673223014,6.999369945705848,10.14089622098016
SpectralClustering,"{'n_clusters': 6, 'affinity': 'sigmoid', 'assign_labels': 'discretize', 'random_state': 4044}",-0.07639299289250258,5.9928138728689815,12.194293034445515
SpectralClustering,"{'n_clusters': 6, 'affinity': 'sigmoid', 'assign_labels': 'discretize', 'random_state': 5055}",-0.038169735093743315,4.6818878655293465,13.495844114974581
SpectralClustering,"{'n_clusters': 6, 'affinity': 'sigmoid', 'assign_labels': 'discretize', 'random_state': 6066}",-0.0628393424451705,5.231032342911195,11.645128037127188
SpectralClustering,"{'n_clusters': 6, 'affinity': 'sigmoid', 'assign_labels': 'cluster_qr', 'random_state': 42}",-0.025955943621052437,2.764123454772441,20.798606530843127
SpectralClustering,"{'n_clusters': 6, 'affinity': 'sigmoid', 'assign_labels': 'cluster_qr', 'random_state': 123}",-0.03521692105793681,2.646947030815268,16.97202227725067
SpectralClustering,"{'n_clusters': 6, 'affinity': 'sigmoid', 'assign_labels': 'cluster_qr', 'random_state': 456}",-0.008364752700497429,2.4192095208184217,27.698097264992494
SpectralClustering,"{'n_clusters': 6, 'affinity': 'sigmoid', 'assign_labels': 'cluster_qr', 'random_state': 789}",-0.04357418592871499,1.3866076970568648,29.53099198262868
SpectralClustering,"{'n_clusters': 6, 'affinity': 'sigmoid', 'assign_labels': 'cluster_qr', 'random_state': 1011}",-0.01577553369304191,2.18693089232944,18.3117726767902
SpectralClustering,"{'n_clusters': 6, 'affinity': 'sigmoid', 'assign_labels': 'cluster_qr', 'random_state': 2022}",-0.02251115443902492,1.9730642478604439,19.295528027410764
SpectralClustering,"{'n_clusters': 6, 'affinity': 'sigmoid', 'assign_labels': 'cluster_qr', 'random_state': 3033}",-0.01549713930535586,3.6899589700778472,17.629945416577968
SpectralClustering,"{'n_clusters': 6, 'affinity': 'sigmoid', 'assign_labels': 'cluster_qr', 'random_state': 4044}",-0.031232955552196295,1.2971524228031321,30.982306404446145
SpectralClustering,"{'n_clusters': 6, 'affinity': 'sigmoid', 'assign_labels': 'cluster_qr', 'random_state': 5055}",-0.02352231926823111,1.774633214231685,22.067036588707627
SpectralClustering,"{'n_clusters': 6, 'affinity': 'sigmoid', 'assign_labels': 'cluster_qr', 'random_state': 6066}",-0.04225870347783018,2.847275684645673,15.822297428710534
SpectralClustering,"{'n_clusters': 7, 'affinity': 'rbf', 'assign_labels': 'kmeans', 'random_state': 42}",0.15439476122168436,74.45881701057371,1.463564104107121
SpectralClustering,"{'n_clusters': 7, 'affinity': 'rbf', 'assign_labels': 'kmeans', 'random_state': 123}",0.15287960069757434,75.94496343191882,1.4634586399687308
SpectralClustering,"{'n_clusters': 7, 'affinity': 'rbf', 'assign_labels': 'kmeans', 'random_state': 456}",0.15439476122168436,74.4588170105737,1.463564104107121
SpectralClustering,"{'n_clusters': 7, 'affinity': 'rbf', 'assign_labels': 'kmeans', 'random_state': 789}",0.15439476122168436,74.45881701057371,1.463564104107121
SpectralClustering,"{'n_clusters': 7, 'affinity': 'rbf', 'assign_labels': 'kmeans', 'random_state': 1011}",0.15439476122168436,74.4588170105737,1.463564104107121
SpectralClustering,"{'n_clusters': 7, 'affinity': 'rbf', 'assign_labels': 'kmeans', 'random_state': 2022}",0.15439476122168436,74.4588170105737,1.463564104107121
SpectralClustering,"{'n_clusters': 7, 'affinity': 'rbf', 'assign_labels': 'kmeans', 'random_state': 3033}",0.15439476122168436,74.45881701057371,1.463564104107121
SpectralClustering,"{'n_clusters': 7, 'affinity': 'rbf', 'assign_labels': 'kmeans', 'random_state': 4044}",0.15454357746059927,74.27919666903867,1.4571469066494698
SpectralClustering,"{'n_clusters': 7, 'affinity': 'rbf', 'assign_labels': 'kmeans', 'random_state': 5055}",0.15287960069757434,75.94496343191884,1.463458639968731
SpectralClustering,"{'n_clusters': 7, 'affinity': 'rbf', 'assign_labels': 'kmeans', 'random_state': 6066}",0.15287960069757434,75.94496343191882,1.463458639968731
SpectralClustering,"{'n_clusters': 7, 'affinity': 'rbf', 'assign_labels': 'discretize', 'random_state': 42}",0.2651609775245251,365.9894901592182,1.4663755320378062
SpectralClustering,"{'n_clusters': 7, 'affinity': 'rbf', 'assign_labels': 'discretize', 'random_state': 123}",0.2651609775245251,365.9894901592182,1.4663755320378058
SpectralClustering,"{'n_clusters': 7, 'affinity': 'rbf', 'assign_labels': 'discretize', 'random_state': 456}",0.2651609775245251,365.9894901592182,1.4663755320378058
SpectralClustering,"{'n_clusters': 7, 'affinity': 'rbf', 'assign_labels': 'discretize', 'random_state': 789}",0.2651609775245251,365.9894901592182,1.4663755320378062
SpectralClustering,"{'n_clusters': 7, 'affinity': 'rbf', 'assign_labels': 'discretize', 'random_state': 1011}",0.2651609775245251,365.9894901592182,1.4663755320378058
SpectralClustering,"{'n_clusters': 7, 'affinity': 'rbf', 'assign_labels': 'discretize', 'random_state': 2022}",0.2651609775245251,365.9894901592182,1.4663755320378058
SpectralClustering,"{'n_clusters': 7, 'affinity': 'rbf', 'assign_labels': 'discretize', 'random_state': 3033}",0.2651609775245251,365.9894901592182,1.4663755320378058
SpectralClustering,"{'n_clusters': 7, 'affinity': 'rbf', 'assign_labels': 'discretize', 'random_state': 4044}",0.2651609775245251,365.9894901592182,1.4663755320378058
SpectralClustering,"{'n_clusters': 7, 'affinity': 'rbf', 'assign_labels': 'discretize', 'random_state': 5055}",0.2651609775245251,365.9894901592182,1.4663755320378062
SpectralClustering,"{'n_clusters': 7, 'affinity': 'rbf', 'assign_labels': 'discretize', 'random_state': 6066}",0.2651609775245251,365.9894901592182,1.4663755320378058
SpectralClustering,"{'n_clusters': 7, 'affinity': 'rbf', 'assign_labels': 'cluster_qr', 'random_state': 42}",0.268205004752997,366.2344728343749,1.470820686094377
SpectralClustering,"{'n_clusters': 7, 'affinity': 'rbf', 'assign_labels': 'cluster_qr', 'random_state': 123}",0.268205004752997,366.2344728343749,1.470820686094377
SpectralClustering,"{'n_clusters': 7, 'affinity': 'rbf', 'assign_labels': 'cluster_qr', 'random_state': 456}",0.268205004752997,366.2344728343749,1.470820686094377
SpectralClustering,"{'n_clusters': 7, 'affinity': 'rbf', 'assign_labels': 'cluster_qr', 'random_state': 789}",0.268205004752997,366.2344728343749,1.470820686094377
SpectralClustering,"{'n_clusters': 7, 'affinity': 'rbf', 'assign_labels': 'cluster_qr', 'random_state': 1011}",0.268205004752997,366.2344728343749,1.470820686094377
SpectralClustering,"{'n_clusters': 7, 'affinity': 'rbf', 'assign_labels': 'cluster_qr', 'random_state': 2022}",0.268205004752997,366.2344728343749,1.470820686094377
SpectralClustering,"{'n_clusters': 7, 'affinity': 'rbf', 'assign_labels': 'cluster_qr', 'random_state': 3033}",0.268205004752997,366.2344728343749,1.470820686094377
SpectralClustering,"{'n_clusters': 7, 'affinity': 'rbf', 'assign_labels': 'cluster_qr', 'random_state': 4044}",0.268205004752997,366.2344728343749,1.470820686094377
SpectralClustering,"{'n_clusters': 7, 'affinity': 'rbf', 'assign_labels': 'cluster_qr', 'random_state': 5055}",0.268205004752997,366.2344728343749,1.470820686094377
SpectralClustering,"{'n_clusters': 7, 'affinity': 'rbf', 'assign_labels': 'cluster_qr', 'random_state': 6066}",0.268205004752997,366.2344728343749,1.470820686094377
SpectralClustering,"{'n_clusters': 7, 'affinity': 'nearest_neighbors', 'assign_labels': 'kmeans', 'random_state': 42, 'n_neighbors': 5}",0.13878212023656897,550.9773061676736,1.732116423786793
SpectralClustering,"{'n_clusters': 7, 'affinity': 'nearest_neighbors', 'assign_labels': 'kmeans', 'random_state': 123, 'n_neighbors': 5}",0.1389183456223594,550.8789191631539,1.7295650589992133
SpectralClustering,"{'n_clusters': 7, 'affinity': 'nearest_neighbors', 'assign_labels': 'kmeans', 'random_state': 456, 'n_neighbors': 5}",0.1389183456223594,550.8789191631541,1.7295650589992133
SpectralClustering,"{'n_clusters': 7, 'affinity': 'nearest_neighbors', 'assign_labels': 'kmeans', 'random_state': 789, 'n_neighbors': 5}",0.1389183456223594,550.8789191631539,1.7295650589992133
SpectralClustering,"{'n_clusters': 7, 'affinity': 'nearest_neighbors', 'assign_labels': 'kmeans', 'random_state': 1011, 'n_neighbors': 5}",0.1389183456223594,550.8789191631541,1.729565058999213
SpectralClustering,"{'n_clusters': 7, 'affinity': 'nearest_neighbors', 'assign_labels': 'kmeans', 'random_state': 2022, 'n_neighbors': 5}",0.1389183456223594,550.8789191631539,1.7295650589992133
SpectralClustering,"{'n_clusters': 7, 'affinity': 'nearest_neighbors', 'assign_labels': 'kmeans', 'random_state': 3033, 'n_neighbors': 5}",0.1387709880987521,550.9475482651294,1.731295429241607
SpectralClustering,"{'n_clusters': 7, 'affinity': 'nearest_neighbors', 'assign_labels': 'kmeans', 'random_state': 4044, 'n_neighbors': 5}",0.13787334403918314,514.460035593515,1.62605521697572
SpectralClustering,"{'n_clusters': 7, 'affinity': 'nearest_neighbors', 'assign_labels': 'kmeans', 'random_state': 5055, 'n_neighbors': 5}",0.1389183456223594,550.8789191631539,1.729565058999213
SpectralClustering,"{'n_clusters': 7, 'affinity': 'nearest_neighbors', 'assign_labels': 'kmeans', 'random_state': 6066, 'n_neighbors': 5}",0.13878212023656897,550.9773061676734,1.732116423786793
SpectralClustering,"{'n_clusters': 7, 'affinity': 'nearest_neighbors', 'assign_labels': 'discretize', 'random_state': 42, 'n_neighbors': 5}",0.15428042306056397,539.9157499986493,1.8780724112993943
SpectralClustering,"{'n_clusters': 7, 'affinity': 'nearest_neighbors', 'assign_labels': 'discretize', 'random_state': 123, 'n_neighbors': 5}",0.16392623894248273,545.7822974808096,1.8308582782264888
SpectralClustering,"{'n_clusters': 7, 'affinity': 'nearest_neighbors', 'assign_labels': 'discretize', 'random_state': 456, 'n_neighbors': 5}",0.14416571865083855,544.7318067605152,1.8740590818898328
SpectralClustering,"{'n_clusters': 7, 'affinity': 'nearest_neighbors', 'assign_labels': 'discretize', 'random_state': 789, 'n_neighbors': 5}",0.16392623894248273,545.7822974808096,1.8308582782264888
SpectralClustering,"{'n_clusters': 7, 'affinity': 'nearest_neighbors', 'assign_labels': 'discretize', 'random_state': 1011, 'n_neighbors': 5}",0.16439193758434287,545.5434673097649,1.8313533423268262
SpectralClustering,"{'n_clusters': 7, 'affinity': 'nearest_neighbors', 'assign_labels': 'discretize', 'random_state': 2022, 'n_neighbors': 5}",0.14408912997000148,491.14136774792036,1.912068447380058
SpectralClustering,"{'n_clusters': 7, 'affinity': 'nearest_neighbors', 'assign_labels': 'discretize', 'random_state': 3033, 'n_neighbors': 5}",0.15428042306056397,539.9157499986493,1.8780724112993945
SpectralClustering,"{'n_clusters': 7, 'affinity': 'nearest_neighbors', 'assign_labels': 'discretize', 'random_state': 4044, 'n_neighbors': 5}",0.15428042306056397,539.9157499986494,1.8780724112993945
SpectralClustering,"{'n_clusters': 7, 'affinity': 'nearest_neighbors', 'assign_labels': 'discretize', 'random_state': 5055, 'n_neighbors': 5}",0.1444646306437415,546.4478099972222,1.8689323411124632
SpectralClustering,"{'n_clusters': 7, 'affinity': 'nearest_neighbors', 'assign_labels': 'discretize', 'random_state': 6066, 'n_neighbors': 5}",0.14426585581644466,544.7947334956893,1.874243984486791
SpectralClustering,"{'n_clusters': 7, 'affinity': 'nearest_neighbors', 'assign_labels': 'cluster_qr', 'random_state': 42, 'n_neighbors': 5}",0.0836401238144443,494.9982515009119,1.899491096001172
SpectralClustering,"{'n_clusters': 7, 'affinity': 'nearest_neighbors', 'assign_labels': 'cluster_qr', 'random_state': 123, 'n_neighbors': 5}",0.0836401238144443,494.9982515009119,1.899491096001172
SpectralClustering,"{'n_clusters': 7, 'affinity': 'nearest_neighbors', 'assign_labels': 'cluster_qr', 'random_state': 456, 'n_neighbors': 5}",0.0836401238144443,494.9982515009119,1.899491096001172
SpectralClustering,"{'n_clusters': 7, 'affinity': 'nearest_neighbors', 'assign_labels': 'cluster_qr', 'random_state': 789, 'n_neighbors': 5}",0.0836401238144443,494.9982515009119,1.899491096001172
SpectralClustering,"{'n_clusters': 7, 'affinity': 'nearest_neighbors', 'assign_labels': 'cluster_qr', 'random_state': 1011, 'n_neighbors': 5}",0.0836401238144443,494.9982515009119,1.899491096001172
SpectralClustering,"{'n_clusters': 7, 'affinity': 'nearest_neighbors', 'assign_labels': 'cluster_qr', 'random_state': 2022, 'n_neighbors': 5}",0.0836401238144443,494.9982515009119,1.899491096001172
SpectralClustering,"{'n_clusters': 7, 'affinity': 'nearest_neighbors', 'assign_labels': 'cluster_qr', 'random_state': 3033, 'n_neighbors': 5}",0.0836401238144443,494.9982515009119,1.899491096001172
SpectralClustering,"{'n_clusters': 7, 'affinity': 'nearest_neighbors', 'assign_labels': 'cluster_qr', 'random_state': 4044, 'n_neighbors': 5}",0.0836401238144443,494.9982515009119,1.899491096001172
SpectralClustering,"{'n_clusters': 7, 'affinity': 'nearest_neighbors', 'assign_labels': 'cluster_qr', 'random_state': 5055, 'n_neighbors': 5}",0.0836401238144443,494.9982515009119,1.899491096001172
SpectralClustering,"{'n_clusters': 7, 'affinity': 'nearest_neighbors', 'assign_labels': 'cluster_qr', 'random_state': 6066, 'n_neighbors': 5}",0.0836401238144443,494.9982515009119,1.899491096001172
SpectralClustering,"{'n_clusters': 7, 'affinity': 'nearest_neighbors', 'assign_labels': 'kmeans', 'random_state': 42, 'n_neighbors': 10}",0.16753455248288496,609.4159132129453,1.4332729899082826
SpectralClustering,"{'n_clusters': 7, 'affinity': 'nearest_neighbors', 'assign_labels': 'kmeans', 'random_state': 123, 'n_neighbors': 10}",0.16746529080662004,609.3378165401687,1.4334766624617685
SpectralClustering,"{'n_clusters': 7, 'affinity': 'nearest_neighbors', 'assign_labels': 'kmeans', 'random_state': 456, 'n_neighbors': 10}",0.16753455248288496,609.4159132129453,1.4332729899082823
SpectralClustering,"{'n_clusters': 7, 'affinity': 'nearest_neighbors', 'assign_labels': 'kmeans', 'random_state': 789, 'n_neighbors': 10}",0.16753455248288496,609.4159132129453,1.4332729899082823
SpectralClustering,"{'n_clusters': 7, 'affinity': 'nearest_neighbors', 'assign_labels': 'kmeans', 'random_state': 1011, 'n_neighbors': 10}",0.16753455248288496,609.4159132129453,1.4332729899082823
SpectralClustering,"{'n_clusters': 7, 'affinity': 'nearest_neighbors', 'assign_labels': 'kmeans', 'random_state': 2022, 'n_neighbors': 10}",0.16753455248288496,609.4159132129452,1.4332729899082823
SpectralClustering,"{'n_clusters': 7, 'affinity': 'nearest_neighbors', 'assign_labels': 'kmeans', 'random_state': 3033, 'n_neighbors': 10}",0.16746529080662004,609.3378165401687,1.433476662461769
SpectralClustering,"{'n_clusters': 7, 'affinity': 'nearest_neighbors', 'assign_labels': 'kmeans', 'random_state': 4044, 'n_neighbors': 10}",0.16753455248288496,609.4159132129453,1.4332729899082823
SpectralClustering,"{'n_clusters': 7, 'affinity': 'nearest_neighbors', 'assign_labels': 'kmeans', 'random_state': 5055, 'n_neighbors': 10}",0.16753455248288496,609.4159132129453,1.4332729899082823
SpectralClustering,"{'n_clusters': 7, 'affinity': 'nearest_neighbors', 'assign_labels': 'kmeans', 'random_state': 6066, 'n_neighbors': 10}",0.16753455248288496,609.4159132129453,1.4332729899082823
SpectralClustering,"{'n_clusters': 7, 'affinity': 'nearest_neighbors', 'assign_labels': 'discretize', 'random_state': 42, 'n_neighbors': 10}",0.17045179335954735,614.8621820291797,1.4483310136945602
SpectralClustering,"{'n_clusters': 7, 'affinity': 'nearest_neighbors', 'assign_labels': 'discretize', 'random_state': 123, 'n_neighbors': 10}",0.17045179335954735,614.8621820291797,1.4483310136945604
SpectralClustering,"{'n_clusters': 7, 'affinity': 'nearest_neighbors', 'assign_labels': 'discretize', 'random_state': 456, 'n_neighbors': 10}",0.17053878160698427,615.2424405330781,1.447704282506066
SpectralClustering,"{'n_clusters': 7, 'affinity': 'nearest_neighbors', 'assign_labels': 'discretize', 'random_state': 789, 'n_neighbors': 10}",0.17053878160698427,615.242440533078,1.4477042825060664
SpectralClustering,"{'n_clusters': 7, 'affinity': 'nearest_neighbors', 'assign_labels': 'discretize', 'random_state': 1011, 'n_neighbors': 10}",0.17045179335954735,614.8621820291797,1.4483310136945604
SpectralClustering,"{'n_clusters': 7, 'affinity': 'nearest_neighbors', 'assign_labels': 'discretize', 'random_state': 2022, 'n_neighbors': 10}",0.17045179335954735,614.8621820291797,1.4483310136945604
SpectralClustering,"{'n_clusters': 7, 'affinity': 'nearest_neighbors', 'assign_labels': 'discretize', 'random_state': 3033, 'n_neighbors': 10}",0.17053878160698427,615.2424405330781,1.4477042825060664
SpectralClustering,"{'n_clusters': 7, 'affinity': 'nearest_neighbors', 'assign_labels': 'discretize', 'random_state': 4044, 'n_neighbors': 10}",0.17053878160698427,615.2424405330781,1.4477042825060664
SpectralClustering,"{'n_clusters': 7, 'affinity': 'nearest_neighbors', 'assign_labels': 'discretize', 'random_state': 5055, 'n_neighbors': 10}",0.17045179335954735,614.8621820291798,1.4483310136945609
SpectralClustering,"{'n_clusters': 7, 'affinity': 'nearest_neighbors', 'assign_labels': 'discretize', 'random_state': 6066, 'n_neighbors': 10}",0.17053878160698427,615.2424405330781,1.4477042825060664
SpectralClustering,"{'n_clusters': 7, 'affinity': 'nearest_neighbors', 'assign_labels': 'cluster_qr', 'random_state': 42, 'n_neighbors': 10}",0.16930398692664594,617.0843127043827,1.4522095923427243
SpectralClustering,"{'n_clusters': 7, 'affinity': 'nearest_neighbors', 'assign_labels': 'cluster_qr', 'random_state': 123, 'n_neighbors': 10}",0.16930398692664594,617.0843127043827,1.4522095923427243
SpectralClustering,"{'n_clusters': 7, 'affinity': 'nearest_neighbors', 'assign_labels': 'cluster_qr', 'random_state': 456, 'n_neighbors': 10}",0.16930398692664594,617.0843127043827,1.4522095923427243
SpectralClustering,"{'n_clusters': 7, 'affinity': 'nearest_neighbors', 'assign_labels': 'cluster_qr', 'random_state': 789, 'n_neighbors': 10}",0.16930398692664594,617.0843127043827,1.4522095923427243
SpectralClustering,"{'n_clusters': 7, 'affinity': 'nearest_neighbors', 'assign_labels': 'cluster_qr', 'random_state': 1011, 'n_neighbors': 10}",0.16930398692664594,617.0843127043827,1.4522095923427243
SpectralClustering,"{'n_clusters': 7, 'affinity': 'nearest_neighbors', 'assign_labels': 'cluster_qr', 'random_state': 2022, 'n_neighbors': 10}",0.16930398692664594,617.0843127043827,1.4522095923427243
SpectralClustering,"{'n_clusters': 7, 'affinity': 'nearest_neighbors', 'assign_labels': 'cluster_qr', 'random_state': 3033, 'n_neighbors': 10}",0.16930398692664594,617.0843127043827,1.4522095923427243
SpectralClustering,"{'n_clusters': 7, 'affinity': 'nearest_neighbors', 'assign_labels': 'cluster_qr', 'random_state': 4044, 'n_neighbors': 10}",0.16930398692664594,617.0843127043827,1.4522095923427243
SpectralClustering,"{'n_clusters': 7, 'affinity': 'nearest_neighbors', 'assign_labels': 'cluster_qr', 'random_state': 5055, 'n_neighbors': 10}",0.16930398692664594,617.0843127043827,1.4522095923427243
SpectralClustering,"{'n_clusters': 7, 'affinity': 'nearest_neighbors', 'assign_labels': 'cluster_qr', 'random_state': 6066, 'n_neighbors': 10}",0.16930398692664594,617.0843127043827,1.4522095923427243
SpectralClustering,"{'n_clusters': 7, 'affinity': 'nearest_neighbors', 'assign_labels': 'kmeans', 'random_state': 42, 'n_neighbors': 15}",0.16862157522085797,613.2449252075548,1.4371280753885785
SpectralClustering,"{'n_clusters': 7, 'affinity': 'nearest_neighbors', 'assign_labels': 'kmeans', 'random_state': 123, 'n_neighbors': 15}",0.16862157522085797,613.2449252075547,1.4371280753885787
SpectralClustering,"{'n_clusters': 7, 'affinity': 'nearest_neighbors', 'assign_labels': 'kmeans', 'random_state': 456, 'n_neighbors': 15}",0.16862157522085797,613.2449252075548,1.4371280753885787
SpectralClustering,"{'n_clusters': 7, 'affinity': 'nearest_neighbors', 'assign_labels': 'kmeans', 'random_state': 789, 'n_neighbors': 15}",0.16862157522085797,613.2449252075548,1.4371280753885785
SpectralClustering,"{'n_clusters': 7, 'affinity': 'nearest_neighbors', 'assign_labels': 'kmeans', 'random_state': 1011, 'n_neighbors': 15}",0.16862157522085797,613.244925207555,1.4371280753885787
SpectralClustering,"{'n_clusters': 7, 'affinity': 'nearest_neighbors', 'assign_labels': 'kmeans', 'random_state': 2022, 'n_neighbors': 15}",0.16862157522085797,613.244925207555,1.4371280753885787
SpectralClustering,"{'n_clusters': 7, 'affinity': 'nearest_neighbors', 'assign_labels': 'kmeans', 'random_state': 3033, 'n_neighbors': 15}",0.16862157522085797,613.2449252075548,1.4371280753885787
SpectralClustering,"{'n_clusters': 7, 'affinity': 'nearest_neighbors', 'assign_labels': 'kmeans', 'random_state': 4044, 'n_neighbors': 15}",0.16862157522085797,613.2449252075548,1.4371280753885787
SpectralClustering,"{'n_clusters': 7, 'affinity': 'nearest_neighbors', 'assign_labels': 'kmeans', 'random_state': 5055, 'n_neighbors': 15}",0.16862157522085797,613.2449252075548,1.4371280753885787
SpectralClustering,"{'n_clusters': 7, 'affinity': 'nearest_neighbors', 'assign_labels': 'kmeans', 'random_state': 6066, 'n_neighbors': 15}",0.16862157522085797,613.2449252075547,1.4371280753885787
SpectralClustering,"{'n_clusters': 7, 'affinity': 'nearest_neighbors', 'assign_labels': 'discretize', 'random_state': 42, 'n_neighbors': 15}",0.17410459056692165,630.2463830019831,1.4430221247022537
SpectralClustering,"{'n_clusters': 7, 'affinity': 'nearest_neighbors', 'assign_labels': 'discretize', 'random_state': 123, 'n_neighbors': 15}",0.17410459056692165,630.2463830019831,1.4430221247022537
SpectralClustering,"{'n_clusters': 7, 'affinity': 'nearest_neighbors', 'assign_labels': 'discretize', 'random_state': 456, 'n_neighbors': 15}",0.17408052774046695,630.0145151920351,1.4435371874861052
SpectralClustering,"{'n_clusters': 7, 'affinity': 'nearest_neighbors', 'assign_labels': 'discretize', 'random_state': 789, 'n_neighbors': 15}",0.17408052774046695,630.0145151920351,1.4435371874861047
SpectralClustering,"{'n_clusters': 7, 'affinity': 'nearest_neighbors', 'assign_labels': 'discretize', 'random_state': 1011, 'n_neighbors': 15}",0.17410459056692165,630.2463830019831,1.4430221247022537
SpectralClustering,"{'n_clusters': 7, 'affinity': 'nearest_neighbors', 'assign_labels': 'discretize', 'random_state': 2022, 'n_neighbors': 15}",0.17408728511925997,630.244625413189,1.4430780803041945
SpectralClustering,"{'n_clusters': 7, 'affinity': 'nearest_neighbors', 'assign_labels': 'discretize', 'random_state': 3033, 'n_neighbors': 15}",0.17408052774046695,630.0145151920351,1.4435371874861047
SpectralClustering,"{'n_clusters': 7, 'affinity': 'nearest_neighbors', 'assign_labels': 'discretize', 'random_state': 4044, 'n_neighbors': 15}",0.17408052774046695,630.0145151920351,1.4435371874861047
SpectralClustering,"{'n_clusters': 7, 'affinity': 'nearest_neighbors', 'assign_labels': 'discretize', 'random_state': 5055, 'n_neighbors': 15}",0.17410459056692165,630.2463830019828,1.4430221247022537
SpectralClustering,"{'n_clusters': 7, 'affinity': 'nearest_neighbors', 'assign_labels': 'discretize', 'random_state': 6066, 'n_neighbors': 15}",0.17408052774046695,630.0145151920351,1.4435371874861047
SpectralClustering,"{'n_clusters': 7, 'affinity': 'nearest_neighbors', 'assign_labels': 'cluster_qr', 'random_state': 42, 'n_neighbors': 15}",0.17530597823663907,636.1615305677901,1.440286357765691
SpectralClustering,"{'n_clusters': 7, 'affinity': 'nearest_neighbors', 'assign_labels': 'cluster_qr', 'random_state': 123, 'n_neighbors': 15}",0.17530597823663907,636.1615305677901,1.440286357765691
SpectralClustering,"{'n_clusters': 7, 'affinity': 'nearest_neighbors', 'assign_labels': 'cluster_qr', 'random_state': 456, 'n_neighbors': 15}",0.17530597823663907,636.1615305677901,1.440286357765691
SpectralClustering,"{'n_clusters': 7, 'affinity': 'nearest_neighbors', 'assign_labels': 'cluster_qr', 'random_state': 789, 'n_neighbors': 15}",0.17530597823663907,636.1615305677901,1.440286357765691
SpectralClustering,"{'n_clusters': 7, 'affinity': 'nearest_neighbors', 'assign_labels': 'cluster_qr', 'random_state': 1011, 'n_neighbors': 15}",0.17530597823663907,636.1615305677901,1.440286357765691
SpectralClustering,"{'n_clusters': 7, 'affinity': 'nearest_neighbors', 'assign_labels': 'cluster_qr', 'random_state': 2022, 'n_neighbors': 15}",0.17530597823663907,636.1615305677901,1.440286357765691
SpectralClustering,"{'n_clusters': 7, 'affinity': 'nearest_neighbors', 'assign_labels': 'cluster_qr', 'random_state': 3033, 'n_neighbors': 15}",0.17530597823663907,636.1615305677901,1.440286357765691
SpectralClustering,"{'n_clusters': 7, 'affinity': 'nearest_neighbors', 'assign_labels': 'cluster_qr', 'random_state': 4044, 'n_neighbors': 15}",0.17530597823663907,636.1615305677901,1.440286357765691
SpectralClustering,"{'n_clusters': 7, 'affinity': 'nearest_neighbors', 'assign_labels': 'cluster_qr', 'random_state': 5055, 'n_neighbors': 15}",0.17530597823663907,636.1615305677901,1.440286357765691
SpectralClustering,"{'n_clusters': 7, 'affinity': 'nearest_neighbors', 'assign_labels': 'cluster_qr', 'random_state': 6066, 'n_neighbors': 15}",0.17530597823663907,636.1615305677901,1.440286357765691
SpectralClustering,"{'n_clusters': 7, 'affinity': 'nearest_neighbors', 'assign_labels': 'kmeans', 'random_state': 42, 'n_neighbors': 20}",0.17091874406440397,623.491484890505,1.437678708467584
SpectralClustering,"{'n_clusters': 7, 'affinity': 'nearest_neighbors', 'assign_labels': 'kmeans', 'random_state': 123, 'n_neighbors': 20}",0.17091874406440397,623.4914848905048,1.437678708467584
SpectralClustering,"{'n_clusters': 7, 'affinity': 'nearest_neighbors', 'assign_labels': 'kmeans', 'random_state': 456, 'n_neighbors': 20}",0.17091874406440397,623.491484890505,1.437678708467584
SpectralClustering,"{'n_clusters': 7, 'affinity': 'nearest_neighbors', 'assign_labels': 'kmeans', 'random_state': 789, 'n_neighbors': 20}",0.17091874406440397,623.491484890505,1.4376787084675837
SpectralClustering,"{'n_clusters': 7, 'affinity': 'nearest_neighbors', 'assign_labels': 'kmeans', 'random_state': 1011, 'n_neighbors': 20}",0.17091874406440397,623.4914848905048,1.437678708467584
SpectralClustering,"{'n_clusters': 7, 'affinity': 'nearest_neighbors', 'assign_labels': 'kmeans', 'random_state': 2022, 'n_neighbors': 20}",0.17091874406440397,623.4914848905048,1.437678708467584
SpectralClustering,"{'n_clusters': 7, 'affinity': 'nearest_neighbors', 'assign_labels': 'kmeans', 'random_state': 3033, 'n_neighbors': 20}",0.17091874406440397,623.4914848905048,1.437678708467584
SpectralClustering,"{'n_clusters': 7, 'affinity': 'nearest_neighbors', 'assign_labels': 'kmeans', 'random_state': 4044, 'n_neighbors': 20}",0.17091874406440397,623.491484890505,1.437678708467584
SpectralClustering,"{'n_clusters': 7, 'affinity': 'nearest_neighbors', 'assign_labels': 'kmeans', 'random_state': 5055, 'n_neighbors': 20}",0.17091874406440397,623.491484890505,1.437678708467584
SpectralClustering,"{'n_clusters': 7, 'affinity': 'nearest_neighbors', 'assign_labels': 'kmeans', 'random_state': 6066, 'n_neighbors': 20}",0.17091874406440397,623.4914848905048,1.437678708467584
SpectralClustering,"{'n_clusters': 7, 'affinity': 'nearest_neighbors', 'assign_labels': 'discretize', 'random_state': 42, 'n_neighbors': 20}",0.17447841610096276,638.0643306747522,1.4453621077795817
SpectralClustering,"{'n_clusters': 7, 'affinity': 'nearest_neighbors', 'assign_labels': 'discretize', 'random_state': 123, 'n_neighbors': 20}",0.17447841610096276,638.0643306747521,1.4453621077795815
SpectralClustering,"{'n_clusters': 7, 'affinity': 'nearest_neighbors', 'assign_labels': 'discretize', 'random_state': 456, 'n_neighbors': 20}",0.1751898858119005,642.063005843634,1.4432867899428246
SpectralClustering,"{'n_clusters': 7, 'affinity': 'nearest_neighbors', 'assign_labels': 'discretize', 'random_state': 789, 'n_neighbors': 20}",0.1745823351678016,638.6918736548043,1.445073458233166
SpectralClustering,"{'n_clusters': 7, 'affinity': 'nearest_neighbors', 'assign_labels': 'discretize', 'random_state': 1011, 'n_neighbors': 20}",0.17447841610096276,638.0643306747522,1.4453621077795815
SpectralClustering,"{'n_clusters': 7, 'affinity': 'nearest_neighbors', 'assign_labels': 'discretize', 'random_state': 2022, 'n_neighbors': 20}",0.17447841610096276,638.0643306747522,1.4453621077795817
SpectralClustering,"{'n_clusters': 7, 'affinity': 'nearest_neighbors', 'assign_labels': 'discretize', 'random_state': 3033, 'n_neighbors': 20}",0.17045500393043028,634.0233269111628,1.4579110894237606
SpectralClustering,"{'n_clusters': 7, 'affinity': 'nearest_neighbors', 'assign_labels': 'discretize', 'random_state': 4044, 'n_neighbors': 20}",0.14738698524048138,382.4693755169163,2.3794419073550572
SpectralClustering,"{'n_clusters': 7, 'affinity': 'nearest_neighbors', 'assign_labels': 'discretize', 'random_state': 5055, 'n_neighbors': 20}",0.17447841610096276,638.0643306747522,1.4453621077795815
SpectralClustering,"{'n_clusters': 7, 'affinity': 'nearest_neighbors', 'assign_labels': 'discretize', 'random_state': 6066, 'n_neighbors': 20}",0.17447841610096276,638.0643306747522,1.4453621077795817
SpectralClustering,"{'n_clusters': 7, 'affinity': 'nearest_neighbors', 'assign_labels': 'cluster_qr', 'random_state': 42, 'n_neighbors': 20}",0.17356045505569592,642.6189973666807,1.451781355903982
SpectralClustering,"{'n_clusters': 7, 'affinity': 'nearest_neighbors', 'assign_labels': 'cluster_qr', 'random_state': 123, 'n_neighbors': 20}",0.17356045505569592,642.6189973666807,1.451781355903982
SpectralClustering,"{'n_clusters': 7, 'affinity': 'nearest_neighbors', 'assign_labels': 'cluster_qr', 'random_state': 456, 'n_neighbors': 20}",0.17356045505569592,642.6189973666807,1.451781355903982
SpectralClustering,"{'n_clusters': 7, 'affinity': 'nearest_neighbors', 'assign_labels': 'cluster_qr', 'random_state': 789, 'n_neighbors': 20}",0.17356045505569592,642.6189973666807,1.451781355903982
SpectralClustering,"{'n_clusters': 7, 'affinity': 'nearest_neighbors', 'assign_labels': 'cluster_qr', 'random_state': 1011, 'n_neighbors': 20}",0.17356045505569592,642.6189973666807,1.451781355903982
SpectralClustering,"{'n_clusters': 7, 'affinity': 'nearest_neighbors', 'assign_labels': 'cluster_qr', 'random_state': 2022, 'n_neighbors': 20}",0.17356045505569592,642.6189973666807,1.451781355903982
SpectralClustering,"{'n_clusters': 7, 'affinity': 'nearest_neighbors', 'assign_labels': 'cluster_qr', 'random_state': 3033, 'n_neighbors': 20}",0.17356045505569592,642.6189973666807,1.451781355903982
SpectralClustering,"{'n_clusters': 7, 'affinity': 'nearest_neighbors', 'assign_labels': 'cluster_qr', 'random_state': 4044, 'n_neighbors': 20}",0.17356045505569592,642.6189973666807,1.451781355903982
SpectralClustering,"{'n_clusters': 7, 'affinity': 'nearest_neighbors', 'assign_labels': 'cluster_qr', 'random_state': 5055, 'n_neighbors': 20}",0.17356045505569592,642.6189973666807,1.451781355903982
SpectralClustering,"{'n_clusters': 7, 'affinity': 'nearest_neighbors', 'assign_labels': 'cluster_qr', 'random_state': 6066, 'n_neighbors': 20}",0.17356045505569592,642.6189973666807,1.451781355903982
SpectralClustering,"{'n_clusters': 7, 'affinity': 'nearest_neighbors', 'assign_labels': 'kmeans', 'random_state': 42, 'n_neighbors': 50}",0.14533301261735088,605.454441688533,1.5827083686604855
SpectralClustering,"{'n_clusters': 7, 'affinity': 'nearest_neighbors', 'assign_labels': 'kmeans', 'random_state': 123, 'n_neighbors': 50}",0.14526278621785502,605.2686073392873,1.5829833774687838
SpectralClustering,"{'n_clusters': 7, 'affinity': 'nearest_neighbors', 'assign_labels': 'kmeans', 'random_state': 456, 'n_neighbors': 50}",0.14538973236210467,605.4581864579651,1.5831405349909011
SpectralClustering,"{'n_clusters': 7, 'affinity': 'nearest_neighbors', 'assign_labels': 'kmeans', 'random_state': 789, 'n_neighbors': 50}",0.14538973236210467,605.4581864579651,1.5831405349909011
SpectralClustering,"{'n_clusters': 7, 'affinity': 'nearest_neighbors', 'assign_labels': 'kmeans', 'random_state': 1011, 'n_neighbors': 50}",0.14520606602821864,605.2648639088558,1.5825514771253475
SpectralClustering,"{'n_clusters': 7, 'affinity': 'nearest_neighbors', 'assign_labels': 'kmeans', 'random_state': 2022, 'n_neighbors': 50}",0.14507311356895924,605.3257859466631,1.5816977112492114
SpectralClustering,"{'n_clusters': 7, 'affinity': 'nearest_neighbors', 'assign_labels': 'kmeans', 'random_state': 3033, 'n_neighbors': 50}",0.14538973236210467,605.4581864579653,1.5831405349909011
SpectralClustering,"{'n_clusters': 7, 'affinity': 'nearest_neighbors', 'assign_labels': 'kmeans', 'random_state': 4044, 'n_neighbors': 50}",0.14520606602821864,605.2648639088557,1.5825514771253475
SpectralClustering,"{'n_clusters': 7, 'affinity': 'nearest_neighbors', 'assign_labels': 'kmeans', 'random_state': 5055, 'n_neighbors': 50}",0.1454277514297059,605.6140329469158,1.583008145828916
SpectralClustering,"{'n_clusters': 7, 'affinity': 'nearest_neighbors', 'assign_labels': 'kmeans', 'random_state': 6066, 'n_neighbors': 50}",0.14538973236210467,605.4581864579651,1.5831405349909011
SpectralClustering,"{'n_clusters': 7, 'affinity': 'nearest_neighbors', 'assign_labels': 'discretize', 'random_state': 42, 'n_neighbors': 50}",0.14871989773991634,611.0628916157028,1.5865165402118377
SpectralClustering,"{'n_clusters': 7, 'affinity': 'nearest_neighbors', 'assign_labels': 'discretize', 'random_state': 123, 'n_neighbors': 50}",0.14871989773991634,611.0628916157026,1.586516540211838
SpectralClustering,"{'n_clusters': 7, 'affinity': 'nearest_neighbors', 'assign_labels': 'discretize', 'random_state': 456, 'n_neighbors': 50}",0.14871989773991634,611.0628916157026,1.5865165402118377
SpectralClustering,"{'n_clusters': 7, 'affinity': 'nearest_neighbors', 'assign_labels': 'discretize', 'random_state': 789, 'n_neighbors': 50}",0.14879035082630812,611.2850965242876,1.5864714062681087
SpectralClustering,"{'n_clusters': 7, 'affinity': 'nearest_neighbors', 'assign_labels': 'discretize', 'random_state': 1011, 'n_neighbors': 50}",0.14879035082630812,611.2850965242877,1.5864714062681087
SpectralClustering,"{'n_clusters': 7, 'affinity': 'nearest_neighbors', 'assign_labels': 'discretize', 'random_state': 2022, 'n_neighbors': 50}",0.14886915538049406,611.5425722590152,1.5863314491675575
SpectralClustering,"{'n_clusters': 7, 'affinity': 'nearest_neighbors', 'assign_labels': 'discretize', 'random_state': 3033, 'n_neighbors': 50}",0.14879035082630812,611.2850965242876,1.5864714062681085
SpectralClustering,"{'n_clusters': 7, 'affinity': 'nearest_neighbors', 'assign_labels': 'discretize', 'random_state': 4044, 'n_neighbors': 50}",0.1487986948913751,611.3202600202987,1.5863765831112868
SpectralClustering,"{'n_clusters': 7, 'affinity': 'nearest_neighbors', 'assign_labels': 'discretize', 'random_state': 5055, 'n_neighbors': 50}",0.14871989773991634,611.0628916157028,1.586516540211838
SpectralClustering,"{'n_clusters': 7, 'affinity': 'nearest_neighbors', 'assign_labels': 'discretize', 'random_state': 6066, 'n_neighbors': 50}",0.14886915538049406,611.5425722590151,1.5863314491675575
SpectralClustering,"{'n_clusters': 7, 'affinity': 'nearest_neighbors', 'assign_labels': 'cluster_qr', 'random_state': 42, 'n_neighbors': 50}",0.15238498749458707,615.1506508549375,1.5832743922132964
SpectralClustering,"{'n_clusters': 7, 'affinity': 'nearest_neighbors', 'assign_labels': 'cluster_qr', 'random_state': 123, 'n_neighbors': 50}",0.15238498749458707,615.1506508549375,1.5832743922132964
SpectralClustering,"{'n_clusters': 7, 'affinity': 'nearest_neighbors', 'assign_labels': 'cluster_qr', 'random_state': 456, 'n_neighbors': 50}",0.15238498749458707,615.1506508549375,1.5832743922132964
SpectralClustering,"{'n_clusters': 7, 'affinity': 'nearest_neighbors', 'assign_labels': 'cluster_qr', 'random_state': 789, 'n_neighbors': 50}",0.15238498749458707,615.1506508549375,1.5832743922132964
SpectralClustering,"{'n_clusters': 7, 'affinity': 'nearest_neighbors', 'assign_labels': 'cluster_qr', 'random_state': 1011, 'n_neighbors': 50}",0.15238498749458707,615.1506508549375,1.5832743922132964
SpectralClustering,"{'n_clusters': 7, 'affinity': 'nearest_neighbors', 'assign_labels': 'cluster_qr', 'random_state': 2022, 'n_neighbors': 50}",0.15238498749458707,615.1506508549375,1.5832743922132964
SpectralClustering,"{'n_clusters': 7, 'affinity': 'nearest_neighbors', 'assign_labels': 'cluster_qr', 'random_state': 3033, 'n_neighbors': 50}",0.15238498749458707,615.1506508549375,1.5832743922132964
SpectralClustering,"{'n_clusters': 7, 'affinity': 'nearest_neighbors', 'assign_labels': 'cluster_qr', 'random_state': 4044, 'n_neighbors': 50}",0.15238498749458707,615.1506508549375,1.5832743922132964
SpectralClustering,"{'n_clusters': 7, 'affinity': 'nearest_neighbors', 'assign_labels': 'cluster_qr', 'random_state': 5055, 'n_neighbors': 50}",0.15238498749458707,615.1506508549375,1.5832743922132964
SpectralClustering,"{'n_clusters': 7, 'affinity': 'nearest_neighbors', 'assign_labels': 'cluster_qr', 'random_state': 6066, 'n_neighbors': 50}",0.15238498749458707,615.1506508549375,1.5832743922132964
SpectralClustering,"{'n_clusters': 7, 'affinity': 'nearest_neighbors', 'assign_labels': 'kmeans', 'random_state': 42, 'n_neighbors': 100}",0.15338751609403467,642.9251924455567,1.5320015307512644
SpectralClustering,"{'n_clusters': 7, 'affinity': 'nearest_neighbors', 'assign_labels': 'kmeans', 'random_state': 123, 'n_neighbors': 100}",0.1537112927073775,643.0445551151087,1.5326640823293693
SpectralClustering,"{'n_clusters': 7, 'affinity': 'nearest_neighbors', 'assign_labels': 'kmeans', 'random_state': 456, 'n_neighbors': 100}",0.1537112927073775,643.0445551151087,1.5326640823293693
SpectralClustering,"{'n_clusters': 7, 'affinity': 'nearest_neighbors', 'assign_labels': 'kmeans', 'random_state': 789, 'n_neighbors': 100}",0.1533445509899935,643.1190629586783,1.5319336989503973
SpectralClustering,"{'n_clusters': 7, 'affinity': 'nearest_neighbors', 'assign_labels': 'kmeans', 'random_state': 1011, 'n_neighbors': 100}",0.1533445509899935,643.1190629586786,1.5319336989503978
SpectralClustering,"{'n_clusters': 7, 'affinity': 'nearest_neighbors', 'assign_labels': 'kmeans', 'random_state': 2022, 'n_neighbors': 100}",0.1537112927073775,643.0445551151087,1.5326640823293691
SpectralClustering,"{'n_clusters': 7, 'affinity': 'nearest_neighbors', 'assign_labels': 'kmeans', 'random_state': 3033, 'n_neighbors': 100}",0.1533445509899935,643.1190629586786,1.5319336989503978
SpectralClustering,"{'n_clusters': 7, 'affinity': 'nearest_neighbors', 'assign_labels': 'kmeans', 'random_state': 4044, 'n_neighbors': 100}",0.1537112927073775,643.0445551151088,1.5326640823293691
SpectralClustering,"{'n_clusters': 7, 'affinity': 'nearest_neighbors', 'assign_labels': 'kmeans', 'random_state': 5055, 'n_neighbors': 100}",0.1536521935074916,643.0634179236393,1.5324834632512185
SpectralClustering,"{'n_clusters': 7, 'affinity': 'nearest_neighbors', 'assign_labels': 'kmeans', 'random_state': 6066, 'n_neighbors': 100}",0.1536521935074916,643.0634179236393,1.5324834632512185
SpectralClustering,"{'n_clusters': 7, 'affinity': 'nearest_neighbors', 'assign_labels': 'discretize', 'random_state': 42, 'n_neighbors': 100}",0.15293013549700363,639.9132421760282,1.5281970686389985
SpectralClustering,"{'n_clusters': 7, 'affinity': 'nearest_neighbors', 'assign_labels': 'discretize', 'random_state': 123, 'n_neighbors': 100}",0.15293013549700363,639.9132421760282,1.5281970686389985
SpectralClustering,"{'n_clusters': 7, 'affinity': 'nearest_neighbors', 'assign_labels': 'discretize', 'random_state': 456, 'n_neighbors': 100}",0.15293013549700363,639.913242176028,1.5281970686389987
SpectralClustering,"{'n_clusters': 7, 'affinity': 'nearest_neighbors', 'assign_labels': 'discretize', 'random_state': 789, 'n_neighbors': 100}",0.15293013549700363,639.913242176028,1.5281970686389985
SpectralClustering,"{'n_clusters': 7, 'affinity': 'nearest_neighbors', 'assign_labels': 'discretize', 'random_state': 1011, 'n_neighbors': 100}",0.15293013549700363,639.9132421760282,1.5281970686389987
SpectralClustering,"{'n_clusters': 7, 'affinity': 'nearest_neighbors', 'assign_labels': 'discretize', 'random_state': 2022, 'n_neighbors': 100}",0.15293013549700363,639.913242176028,1.5281970686389987
SpectralClustering,"{'n_clusters': 7, 'affinity': 'nearest_neighbors', 'assign_labels': 'discretize', 'random_state': 3033, 'n_neighbors': 100}",0.152880582199456,639.8918122061115,1.5280589546325476
SpectralClustering,"{'n_clusters': 7, 'affinity': 'nearest_neighbors', 'assign_labels': 'discretize', 'random_state': 4044, 'n_neighbors': 100}",0.152880582199456,639.8918122061115,1.5280589546325476
SpectralClustering,"{'n_clusters': 7, 'affinity': 'nearest_neighbors', 'assign_labels': 'discretize', 'random_state': 5055, 'n_neighbors': 100}",0.15293013549700363,639.913242176028,1.5281970686389985
SpectralClustering,"{'n_clusters': 7, 'affinity': 'nearest_neighbors', 'assign_labels': 'discretize', 'random_state': 6066, 'n_neighbors': 100}",0.15293013549700363,639.9132421760281,1.5281970686389987
SpectralClustering,"{'n_clusters': 7, 'affinity': 'nearest_neighbors', 'assign_labels': 'cluster_qr', 'random_state': 42, 'n_neighbors': 100}",0.15501985668910903,641.2410481982733,1.5297593332211794
SpectralClustering,"{'n_clusters': 7, 'affinity': 'nearest_neighbors', 'assign_labels': 'cluster_qr', 'random_state': 123, 'n_neighbors': 100}",0.15501985668910903,641.2410481982733,1.5297593332211794
SpectralClustering,"{'n_clusters': 7, 'affinity': 'nearest_neighbors', 'assign_labels': 'cluster_qr', 'random_state': 456, 'n_neighbors': 100}",0.15501985668910903,641.2410481982733,1.5297593332211794
SpectralClustering,"{'n_clusters': 7, 'affinity': 'nearest_neighbors', 'assign_labels': 'cluster_qr', 'random_state': 789, 'n_neighbors': 100}",0.15501985668910903,641.2410481982733,1.5297593332211794
SpectralClustering,"{'n_clusters': 7, 'affinity': 'nearest_neighbors', 'assign_labels': 'cluster_qr', 'random_state': 1011, 'n_neighbors': 100}",0.15501985668910903,641.2410481982733,1.5297593332211794
SpectralClustering,"{'n_clusters': 7, 'affinity': 'nearest_neighbors', 'assign_labels': 'cluster_qr', 'random_state': 2022, 'n_neighbors': 100}",0.15501985668910903,641.2410481982733,1.5297593332211794
SpectralClustering,"{'n_clusters': 7, 'affinity': 'nearest_neighbors', 'assign_labels': 'cluster_qr', 'random_state': 3033, 'n_neighbors': 100}",0.15501985668910903,641.2410481982733,1.5297593332211794
SpectralClustering,"{'n_clusters': 7, 'affinity': 'nearest_neighbors', 'assign_labels': 'cluster_qr', 'random_state': 4044, 'n_neighbors': 100}",0.15501985668910903,641.2410481982733,1.5297593332211794
SpectralClustering,"{'n_clusters': 7, 'affinity': 'nearest_neighbors', 'assign_labels': 'cluster_qr', 'random_state': 5055, 'n_neighbors': 100}",0.15501985668910903,641.2410481982733,1.5297593332211794
SpectralClustering,"{'n_clusters': 7, 'affinity': 'nearest_neighbors', 'assign_labels': 'cluster_qr', 'random_state': 6066, 'n_neighbors': 100}",0.15501985668910903,641.2410481982733,1.5297593332211794
SpectralClustering,"{'n_clusters': 7, 'affinity': 'cosine', 'assign_labels': 'kmeans', 'random_state': 42}",0.1358667286392184,578.2628286519375,1.6188956857537735
SpectralClustering,"{'n_clusters': 7, 'affinity': 'cosine', 'assign_labels': 'kmeans', 'random_state': 123}",0.13699234982515177,582.1057782741966,1.616931772274876
SpectralClustering,"{'n_clusters': 7, 'affinity': 'cosine', 'assign_labels': 'kmeans', 'random_state': 456}",0.13630540548377107,579.8142445834756,1.6179841600475786
SpectralClustering,"{'n_clusters': 7, 'affinity': 'cosine', 'assign_labels': 'kmeans', 'random_state': 789}",0.13668844135543312,581.4977165716623,1.6168522382149224
SpectralClustering,"{'n_clusters': 7, 'affinity': 'cosine', 'assign_labels': 'kmeans', 'random_state': 1011}",0.1361087662141835,579.832637320946,1.6167036340613359
SpectralClustering,"{'n_clusters': 7, 'affinity': 'cosine', 'assign_labels': 'kmeans', 'random_state': 2022}",0.13679705863113256,581.7713529597366,1.6160069920300069
SpectralClustering,"{'n_clusters': 7, 'affinity': 'cosine', 'assign_labels': 'kmeans', 'random_state': 3033}",0.1365665890471479,581.4843023342321,1.617295249302858
SpectralClustering,"{'n_clusters': 7, 'affinity': 'cosine', 'assign_labels': 'kmeans', 'random_state': 4044}",0.13667334566945266,581.6573024198924,1.6159089745820139
SpectralClustering,"{'n_clusters': 7, 'affinity': 'cosine', 'assign_labels': 'kmeans', 'random_state': 5055}",0.13665341961623223,581.5211802957181,1.6178088112596176
SpectralClustering,"{'n_clusters': 7, 'affinity': 'cosine', 'assign_labels': 'kmeans', 'random_state': 6066}",0.13667334566945266,581.6573024198924,1.6159089745820137
SpectralClustering,"{'n_clusters': 7, 'affinity': 'cosine', 'assign_labels': 'discretize', 'random_state': 42}",0.13994469320471375,568.4119045364027,1.602188301499764
SpectralClustering,"{'n_clusters': 7, 'affinity': 'cosine', 'assign_labels': 'discretize', 'random_state': 123}",0.13985683864129494,568.5703368268055,1.6029787389841679
SpectralClustering,"{'n_clusters': 7, 'affinity': 'cosine', 'assign_labels': 'discretize', 'random_state': 456}",0.13542310669295535,571.6696205031169,1.5789094872719127
SpectralClustering,"{'n_clusters': 7, 'affinity': 'cosine', 'assign_labels': 'discretize', 'random_state': 789}",0.13960796555421184,568.5900438411513,1.6027439042759297
SpectralClustering,"{'n_clusters': 7, 'affinity': 'cosine', 'assign_labels': 'discretize', 'random_state': 1011}",0.13938848864134395,568.6799063096121,1.5991680766269785
SpectralClustering,"{'n_clusters': 7, 'affinity': 'cosine', 'assign_labels': 'discretize', 'random_state': 2022}",0.13941901326713707,567.2631336576547,1.6034452931122871
SpectralClustering,"{'n_clusters': 7, 'affinity': 'cosine', 'assign_labels': 'discretize', 'random_state': 3033}",0.1408984456620419,568.6278203728785,1.5998693843511747
SpectralClustering,"{'n_clusters': 7, 'affinity': 'cosine', 'assign_labels': 'discretize', 'random_state': 4044}",0.13465281048694402,569.8403799069787,1.5793305098410555
SpectralClustering,"{'n_clusters': 7, 'affinity': 'cosine', 'assign_labels': 'discretize', 'random_state': 5055}",0.14146654188125182,568.3789927731801,1.6072897426074644
SpectralClustering,"{'n_clusters': 7, 'affinity': 'cosine', 'assign_labels': 'discretize', 'random_state': 6066}",0.14021134610615335,568.1406694213288,1.601750236378852
SpectralClustering,"{'n_clusters': 7, 'affinity': 'cosine', 'assign_labels': 'cluster_qr', 'random_state': 42}",0.08805444198841865,339.02463107080854,2.5467495712168726
SpectralClustering,"{'n_clusters': 7, 'affinity': 'cosine', 'assign_labels': 'cluster_qr', 'random_state': 123}",0.08805444198841865,339.02463107080854,2.5467495712168726
SpectralClustering,"{'n_clusters': 7, 'affinity': 'cosine', 'assign_labels': 'cluster_qr', 'random_state': 456}",0.08805444198841865,339.02463107080854,2.5467495712168726
SpectralClustering,"{'n_clusters': 7, 'affinity': 'cosine', 'assign_labels': 'cluster_qr', 'random_state': 789}",0.08805444198841865,339.02463107080854,2.5467495712168726
SpectralClustering,"{'n_clusters': 7, 'affinity': 'cosine', 'assign_labels': 'cluster_qr', 'random_state': 1011}",0.08805444198841865,339.02463107080854,2.5467495712168726
SpectralClustering,"{'n_clusters': 7, 'affinity': 'cosine', 'assign_labels': 'cluster_qr', 'random_state': 2022}",0.08805444198841865,339.02463107080854,2.5467495712168726
SpectralClustering,"{'n_clusters': 7, 'affinity': 'cosine', 'assign_labels': 'cluster_qr', 'random_state': 3033}",0.08805444198841865,339.02463107080854,2.5467495712168726
SpectralClustering,"{'n_clusters': 7, 'affinity': 'cosine', 'assign_labels': 'cluster_qr', 'random_state': 4044}",0.08805444198841865,339.02463107080854,2.5467495712168726
SpectralClustering,"{'n_clusters': 7, 'affinity': 'cosine', 'assign_labels': 'cluster_qr', 'random_state': 5055}",0.08805444198841865,339.02463107080854,2.5467495712168726
SpectralClustering,"{'n_clusters': 7, 'affinity': 'cosine', 'assign_labels': 'cluster_qr', 'random_state': 6066}",0.08805444198841865,339.02463107080854,2.5467495712168726
SpectralClustering,"{'n_clusters': 7, 'affinity': 'linear', 'assign_labels': 'kmeans', 'random_state': 42}",0.13591522620120894,574.4316109391723,1.6182065043064953
SpectralClustering,"{'n_clusters': 7, 'affinity': 'linear', 'assign_labels': 'kmeans', 'random_state': 123}",0.1383155189228792,573.8886251209143,1.6200674323756254
SpectralClustering,"{'n_clusters': 7, 'affinity': 'linear', 'assign_labels': 'kmeans', 'random_state': 456}",0.13556904708052298,573.661686372909,1.6181603774564748
SpectralClustering,"{'n_clusters': 7, 'affinity': 'linear', 'assign_labels': 'kmeans', 'random_state': 789}",0.13520301083770864,572.7619253003006,1.6172436422779872
SpectralClustering,"{'n_clusters': 7, 'affinity': 'linear', 'assign_labels': 'kmeans', 'random_state': 1011}",0.13554256019491898,573.1405240197191,1.6113734239910114
SpectralClustering,"{'n_clusters': 7, 'affinity': 'linear', 'assign_labels': 'kmeans', 'random_state': 2022}",0.13554256019491898,573.1405240197192,1.6113734239910114
SpectralClustering,"{'n_clusters': 7, 'affinity': 'linear', 'assign_labels': 'kmeans', 'random_state': 3033}",0.13578276544815035,574.9343180785878,1.6099405602833772
SpectralClustering,"{'n_clusters': 7, 'affinity': 'linear', 'assign_labels': 'kmeans', 'random_state': 4044}",0.13582977969369373,574.6683981807396,1.6101545645257904
SpectralClustering,"{'n_clusters': 7, 'affinity': 'linear', 'assign_labels': 'kmeans', 'random_state': 5055}",0.13545367357217847,574.2748550119327,1.6160792260741257
SpectralClustering,"{'n_clusters': 7, 'affinity': 'linear', 'assign_labels': 'kmeans', 'random_state': 6066}",0.13556257520521484,574.9537465150279,1.6144051095743397
SpectralClustering,"{'n_clusters': 7, 'affinity': 'linear', 'assign_labels': 'discretize', 'random_state': 42}",0.14146510561945103,570.8152576478427,1.604471478806648
SpectralClustering,"{'n_clusters': 7, 'affinity': 'linear', 'assign_labels': 'discretize', 'random_state': 123}",0.14146857950562133,571.1364899676887,1.603108870658252
SpectralClustering,"{'n_clusters': 7, 'affinity': 'linear', 'assign_labels': 'discretize', 'random_state': 456}",0.14865856765908259,573.5053598965998,1.6360902085361562
SpectralClustering,"{'n_clusters': 7, 'affinity': 'linear', 'assign_labels': 'discretize', 'random_state': 789}",0.14146857950562133,571.1364899676887,1.6031088706582521
SpectralClustering,"{'n_clusters': 7, 'affinity': 'linear', 'assign_labels': 'discretize', 'random_state': 1011}",0.14049890243442134,575.1984184340218,1.5650276169327986
SpectralClustering,"{'n_clusters': 7, 'affinity': 'linear', 'assign_labels': 'discretize', 'random_state': 2022}",0.14120280698872903,571.1465929758621,1.6034391156062517
SpectralClustering,"{'n_clusters': 7, 'affinity': 'linear', 'assign_labels': 'discretize', 'random_state': 3033}",0.1410070892055929,570.484971777907,1.6042213922951498
SpectralClustering,"{'n_clusters': 7, 'affinity': 'linear', 'assign_labels': 'discretize', 'random_state': 4044}",0.13612971278665711,571.6514620887868,1.5813842919355632
SpectralClustering,"{'n_clusters': 7, 'affinity': 'linear', 'assign_labels': 'discretize', 'random_state': 5055}",0.14139584136614358,570.7998096206298,1.6046064669451863
SpectralClustering,"{'n_clusters': 7, 'affinity': 'linear', 'assign_labels': 'discretize', 'random_state': 6066}",0.13715430579674845,572.1642536736022,1.5772916239626475
SpectralClustering,"{'n_clusters': 7, 'affinity': 'linear', 'assign_labels': 'cluster_qr', 'random_state': 42}",0.08993809744999708,343.86760033810964,2.539778136583571
SpectralClustering,"{'n_clusters': 7, 'affinity': 'linear', 'assign_labels': 'cluster_qr', 'random_state': 123}",0.08993809744999708,343.86760033810964,2.539778136583571
SpectralClustering,"{'n_clusters': 7, 'affinity': 'linear', 'assign_labels': 'cluster_qr', 'random_state': 456}",0.08993809744999708,343.86760033810964,2.539778136583571
SpectralClustering,"{'n_clusters': 7, 'affinity': 'linear', 'assign_labels': 'cluster_qr', 'random_state': 789}",0.08993809744999708,343.86760033810964,2.539778136583571
SpectralClustering,"{'n_clusters': 7, 'affinity': 'linear', 'assign_labels': 'cluster_qr', 'random_state': 1011}",0.08993809744999708,343.86760033810964,2.539778136583571
SpectralClustering,"{'n_clusters': 7, 'affinity': 'linear', 'assign_labels': 'cluster_qr', 'random_state': 2022}",0.08993809744999708,343.86760033810964,2.539778136583571
SpectralClustering,"{'n_clusters': 7, 'affinity': 'linear', 'assign_labels': 'cluster_qr', 'random_state': 3033}",0.08993809744999708,343.86760033810964,2.539778136583571
SpectralClustering,"{'n_clusters': 7, 'affinity': 'linear', 'assign_labels': 'cluster_qr', 'random_state': 4044}",0.08993809744999708,343.86760033810964,2.539778136583571
SpectralClustering,"{'n_clusters': 7, 'affinity': 'linear', 'assign_labels': 'cluster_qr', 'random_state': 5055}",0.08993809744999708,343.86760033810964,2.539778136583571
SpectralClustering,"{'n_clusters': 7, 'affinity': 'linear', 'assign_labels': 'cluster_qr', 'random_state': 6066}",0.08993809744999708,343.86760033810964,2.539778136583571
SpectralClustering,"{'n_clusters': 7, 'affinity': 'polynomial', 'assign_labels': 'kmeans', 'random_state': 42}",0.17945134380545455,662.3211465862482,1.4265197772677165
SpectralClustering,"{'n_clusters': 7, 'affinity': 'polynomial', 'assign_labels': 'kmeans', 'random_state': 123}",0.17760357660774825,660.6738642237533,1.433104184927068
SpectralClustering,"{'n_clusters': 7, 'affinity': 'polynomial', 'assign_labels': 'kmeans', 'random_state': 456}",0.17936273996707292,662.5033500878639,1.426745387061104
SpectralClustering,"{'n_clusters': 7, 'affinity': 'polynomial', 'assign_labels': 'kmeans', 'random_state': 789}",0.17686722574126215,658.8018615629414,1.4362208776839296
SpectralClustering,"{'n_clusters': 7, 'affinity': 'polynomial', 'assign_labels': 'kmeans', 'random_state': 1011}",0.17945134380545455,662.3211465862485,1.4265197772677165
SpectralClustering,"{'n_clusters': 7, 'affinity': 'polynomial', 'assign_labels': 'kmeans', 'random_state': 2022}",0.1769806662955447,658.6173586523374,1.4363544310068548
SpectralClustering,"{'n_clusters': 7, 'affinity': 'polynomial', 'assign_labels': 'kmeans', 'random_state': 3033}",0.1779286347950968,660.1420892925114,1.433935667721739
SpectralClustering,"{'n_clusters': 7, 'affinity': 'polynomial', 'assign_labels': 'kmeans', 'random_state': 4044}",0.17840891913505594,661.7587852249039,1.4285365442813904
SpectralClustering,"{'n_clusters': 7, 'affinity': 'polynomial', 'assign_labels': 'kmeans', 'random_state': 5055}",0.17937579744065818,662.1726019512896,1.4262079258296296
SpectralClustering,"{'n_clusters': 7, 'affinity': 'polynomial', 'assign_labels': 'kmeans', 'random_state': 6066}",0.17755952291432686,659.6146223469829,1.4354951559838167
SpectralClustering,"{'n_clusters': 7, 'affinity': 'polynomial', 'assign_labels': 'discretize', 'random_state': 42}",0.1522258381506435,548.2328601810763,1.454639595498443
SpectralClustering,"{'n_clusters': 7, 'affinity': 'polynomial', 'assign_labels': 'discretize', 'random_state': 123}",0.146019299071665,565.6752361997382,1.491901454500603
SpectralClustering,"{'n_clusters': 7, 'affinity': 'polynomial', 'assign_labels': 'discretize', 'random_state': 456}",0.14888424931871921,576.7616350180856,1.4975081448536258
SpectralClustering,"{'n_clusters': 7, 'affinity': 'polynomial', 'assign_labels': 'discretize', 'random_state': 789}",0.1303188333171033,571.5498684724022,1.5680463824288793
SpectralClustering,"{'n_clusters': 7, 'affinity': 'polynomial', 'assign_labels': 'discretize', 'random_state': 1011}",0.15390500832973386,561.6574841778075,1.4832848328379753
SpectralClustering,"{'n_clusters': 7, 'affinity': 'polynomial', 'assign_labels': 'discretize', 'random_state': 2022}",0.1550311636531986,552.4719751432353,1.4452168221392654
SpectralClustering,"{'n_clusters': 7, 'affinity': 'polynomial', 'assign_labels': 'discretize', 'random_state': 3033}",0.15913453495855986,557.5004026782227,1.4372344583532264
SpectralClustering,"{'n_clusters': 7, 'affinity': 'polynomial', 'assign_labels': 'discretize', 'random_state': 4044}",0.1550311636531986,552.4719751432353,1.4452168221392654
SpectralClustering,"{'n_clusters': 7, 'affinity': 'polynomial', 'assign_labels': 'discretize', 'random_state': 5055}",0.14594233738301388,550.6670852303822,1.4719796378820202
SpectralClustering,"{'n_clusters': 7, 'affinity': 'polynomial', 'assign_labels': 'discretize', 'random_state': 6066}",0.14520510672732717,562.492917859634,1.4961570285767318
SpectralClustering,"{'n_clusters': 7, 'affinity': 'polynomial', 'assign_labels': 'cluster_qr', 'random_state': 42}",0.07570724979844479,256.6896521715832,2.9135851580175536
SpectralClustering,"{'n_clusters': 7, 'affinity': 'polynomial', 'assign_labels': 'cluster_qr', 'random_state': 123}",0.07570724979844479,256.6896521715832,2.9135851580175536
SpectralClustering,"{'n_clusters': 7, 'affinity': 'polynomial', 'assign_labels': 'cluster_qr', 'random_state': 456}",0.07570724979844479,256.6896521715832,2.9135851580175536
SpectralClustering,"{'n_clusters': 7, 'affinity': 'polynomial', 'assign_labels': 'cluster_qr', 'random_state': 789}",0.07570724979844479,256.6896521715832,2.9135851580175536
SpectralClustering,"{'n_clusters': 7, 'affinity': 'polynomial', 'assign_labels': 'cluster_qr', 'random_state': 1011}",0.07570724979844479,256.6896521715832,2.9135851580175536
SpectralClustering,"{'n_clusters': 7, 'affinity': 'polynomial', 'assign_labels': 'cluster_qr', 'random_state': 2022}",0.07570724979844479,256.6896521715832,2.9135851580175536
SpectralClustering,"{'n_clusters': 7, 'affinity': 'polynomial', 'assign_labels': 'cluster_qr', 'random_state': 3033}",0.07570724979844479,256.6896521715832,2.9135851580175536
SpectralClustering,"{'n_clusters': 7, 'affinity': 'polynomial', 'assign_labels': 'cluster_qr', 'random_state': 4044}",0.07570724979844479,256.6896521715832,2.9135851580175536
SpectralClustering,"{'n_clusters': 7, 'affinity': 'polynomial', 'assign_labels': 'cluster_qr', 'random_state': 5055}",0.07570724979844479,256.6896521715832,2.9135851580175536
SpectralClustering,"{'n_clusters': 7, 'affinity': 'polynomial', 'assign_labels': 'cluster_qr', 'random_state': 6066}",0.07570724979844479,256.6896521715832,2.9135851580175536
SpectralClustering,"{'n_clusters': 7, 'affinity': 'poly', 'assign_labels': 'kmeans', 'random_state': 42}",0.17945134380545455,662.3211465862482,1.4265197772677165
SpectralClustering,"{'n_clusters': 7, 'affinity': 'poly', 'assign_labels': 'kmeans', 'random_state': 123}",0.17760357660774825,660.6738642237533,1.433104184927068
SpectralClustering,"{'n_clusters': 7, 'affinity': 'poly', 'assign_labels': 'kmeans', 'random_state': 456}",0.17936273996707292,662.5033500878639,1.426745387061104
SpectralClustering,"{'n_clusters': 7, 'affinity': 'poly', 'assign_labels': 'kmeans', 'random_state': 789}",0.17686722574126215,658.8018615629414,1.4362208776839296
SpectralClustering,"{'n_clusters': 7, 'affinity': 'poly', 'assign_labels': 'kmeans', 'random_state': 1011}",0.17945134380545455,662.3211465862485,1.4265197772677165
SpectralClustering,"{'n_clusters': 7, 'affinity': 'poly', 'assign_labels': 'kmeans', 'random_state': 2022}",0.1769806662955447,658.6173586523374,1.4363544310068548
SpectralClustering,"{'n_clusters': 7, 'affinity': 'poly', 'assign_labels': 'kmeans', 'random_state': 3033}",0.1779286347950968,660.1420892925114,1.433935667721739
SpectralClustering,"{'n_clusters': 7, 'affinity': 'poly', 'assign_labels': 'kmeans', 'random_state': 4044}",0.17840891913505594,661.7587852249039,1.4285365442813904
SpectralClustering,"{'n_clusters': 7, 'affinity': 'poly', 'assign_labels': 'kmeans', 'random_state': 5055}",0.17937579744065818,662.1726019512896,1.4262079258296296
SpectralClustering,"{'n_clusters': 7, 'affinity': 'poly', 'assign_labels': 'kmeans', 'random_state': 6066}",0.17755952291432686,659.6146223469829,1.4354951559838167
SpectralClustering,"{'n_clusters': 7, 'affinity': 'poly', 'assign_labels': 'discretize', 'random_state': 42}",0.1522258381506435,548.2328601810763,1.454639595498443
SpectralClustering,"{'n_clusters': 7, 'affinity': 'poly', 'assign_labels': 'discretize', 'random_state': 123}",0.146019299071665,565.6752361997382,1.491901454500603
SpectralClustering,"{'n_clusters': 7, 'affinity': 'poly', 'assign_labels': 'discretize', 'random_state': 456}",0.14888424931871921,576.7616350180856,1.4975081448536258
SpectralClustering,"{'n_clusters': 7, 'affinity': 'poly', 'assign_labels': 'discretize', 'random_state': 789}",0.1303188333171033,571.5498684724022,1.5680463824288793
SpectralClustering,"{'n_clusters': 7, 'affinity': 'poly', 'assign_labels': 'discretize', 'random_state': 1011}",0.15390500832973386,561.6574841778075,1.4832848328379753
SpectralClustering,"{'n_clusters': 7, 'affinity': 'poly', 'assign_labels': 'discretize', 'random_state': 2022}",0.1550311636531986,552.4719751432353,1.4452168221392654
SpectralClustering,"{'n_clusters': 7, 'affinity': 'poly', 'assign_labels': 'discretize', 'random_state': 3033}",0.15913453495855986,557.5004026782227,1.4372344583532264
SpectralClustering,"{'n_clusters': 7, 'affinity': 'poly', 'assign_labels': 'discretize', 'random_state': 4044}",0.1550311636531986,552.4719751432353,1.4452168221392654
SpectralClustering,"{'n_clusters': 7, 'affinity': 'poly', 'assign_labels': 'discretize', 'random_state': 5055}",0.14594233738301388,550.6670852303822,1.4719796378820202
SpectralClustering,"{'n_clusters': 7, 'affinity': 'poly', 'assign_labels': 'discretize', 'random_state': 6066}",0.14520510672732717,562.492917859634,1.4961570285767318
SpectralClustering,"{'n_clusters': 7, 'affinity': 'poly', 'assign_labels': 'cluster_qr', 'random_state': 42}",0.07570724979844479,256.6896521715832,2.9135851580175536
SpectralClustering,"{'n_clusters': 7, 'affinity': 'poly', 'assign_labels': 'cluster_qr', 'random_state': 123}",0.07570724979844479,256.6896521715832,2.9135851580175536
SpectralClustering,"{'n_clusters': 7, 'affinity': 'poly', 'assign_labels': 'cluster_qr', 'random_state': 456}",0.07570724979844479,256.6896521715832,2.9135851580175536
SpectralClustering,"{'n_clusters': 7, 'affinity': 'poly', 'assign_labels': 'cluster_qr', 'random_state': 789}",0.07570724979844479,256.6896521715832,2.9135851580175536
SpectralClustering,"{'n_clusters': 7, 'affinity': 'poly', 'assign_labels': 'cluster_qr', 'random_state': 1011}",0.07570724979844479,256.6896521715832,2.9135851580175536
SpectralClustering,"{'n_clusters': 7, 'affinity': 'poly', 'assign_labels': 'cluster_qr', 'random_state': 2022}",0.07570724979844479,256.6896521715832,2.9135851580175536
SpectralClustering,"{'n_clusters': 7, 'affinity': 'poly', 'assign_labels': 'cluster_qr', 'random_state': 3033}",0.07570724979844479,256.6896521715832,2.9135851580175536
SpectralClustering,"{'n_clusters': 7, 'affinity': 'poly', 'assign_labels': 'cluster_qr', 'random_state': 4044}",0.07570724979844479,256.6896521715832,2.9135851580175536
SpectralClustering,"{'n_clusters': 7, 'affinity': 'poly', 'assign_labels': 'cluster_qr', 'random_state': 5055}",0.07570724979844479,256.6896521715832,2.9135851580175536
SpectralClustering,"{'n_clusters': 7, 'affinity': 'poly', 'assign_labels': 'cluster_qr', 'random_state': 6066}",0.07570724979844479,256.6896521715832,2.9135851580175536
SpectralClustering,"{'n_clusters': 7, 'affinity': 'sigmoid', 'assign_labels': 'kmeans', 'random_state': 42}",-0.037977335414048144,6.122139695355465,3.710956118669514
SpectralClustering,"{'n_clusters': 7, 'affinity': 'sigmoid', 'assign_labels': 'kmeans', 'random_state': 123}",-0.2813070669797931,5.313058212147538,9.064282095014482
SpectralClustering,"{'n_clusters': 7, 'affinity': 'sigmoid', 'assign_labels': 'kmeans', 'random_state': 456}",-0.08585391472695343,4.979596169238797,18.22643769746233
SpectralClustering,"{'n_clusters': 7, 'affinity': 'sigmoid', 'assign_labels': 'kmeans', 'random_state': 789}",-0.2329945294242389,5.055424040168989,7.626615888878364
SpectralClustering,"{'n_clusters': 7, 'affinity': 'sigmoid', 'assign_labels': 'kmeans', 'random_state': 1011}",-0.283082820471478,5.085710219310785,2.392675589030706
SpectralClustering,"{'n_clusters': 7, 'affinity': 'sigmoid', 'assign_labels': 'kmeans', 'random_state': 2022}",-0.14211086406457552,3.3051014545711723,7.258050099482375
SpectralClustering,"{'n_clusters': 7, 'affinity': 'sigmoid', 'assign_labels': 'kmeans', 'random_state': 3033}",-0.09169051986383232,5.356585536555897,8.600658916202667
SpectralClustering,"{'n_clusters': 7, 'affinity': 'sigmoid', 'assign_labels': 'kmeans', 'random_state': 4044}",-0.10636063110519227,5.395030103887397,4.745483493571357
SpectralClustering,"{'n_clusters': 7, 'affinity': 'sigmoid', 'assign_labels': 'kmeans', 'random_state': 5055}",-0.25460558630361446,5.163527177790652,3.979322421519488
SpectralClustering,"{'n_clusters': 7, 'affinity': 'sigmoid', 'assign_labels': 'kmeans', 'random_state': 6066}",-0.09027322820594624,5.522187231647873,3.346285454305032
SpectralClustering,"{'n_clusters': 7, 'affinity': 'sigmoid', 'assign_labels': 'discretize', 'random_state': 42}",-0.027039512122642453,5.439300926208915,13.405104481127472
SpectralClustering,"{'n_clusters': 7, 'affinity': 'sigmoid', 'assign_labels': 'discretize', 'random_state': 123}",-0.027342488310452037,5.168834664921635,14.641361532157882
SpectralClustering,"{'n_clusters': 7, 'affinity': 'sigmoid', 'assign_labels': 'discretize', 'random_state': 456}",-0.051503640479724555,3.0625353977859366,26.48439107512625
SpectralClustering,"{'n_clusters': 7, 'affinity': 'sigmoid', 'assign_labels': 'discretize', 'random_state': 789}",-0.05336736831335099,5.18447444551328,15.54670588810258
SpectralClustering,"{'n_clusters': 7, 'affinity': 'sigmoid', 'assign_labels': 'discretize', 'random_state': 1011}",-0.06691894058585908,5.283306420717488,7.53211614274757
SpectralClustering,"{'n_clusters': 7, 'affinity': 'sigmoid', 'assign_labels': 'discretize', 'random_state': 2022}",-0.06296885885019944,5.10285024348211,10.743209778651387
SpectralClustering,"{'n_clusters': 7, 'affinity': 'sigmoid', 'assign_labels': 'discretize', 'random_state': 3033}",-0.015564362283825338,5.1965336765941395,16.25151323112245
SpectralClustering,"{'n_clusters': 7, 'affinity': 'sigmoid', 'assign_labels': 'discretize', 'random_state': 4044}",-0.0864452509611919,3.1922940269393467,9.089351038402492
SpectralClustering,"{'n_clusters': 7, 'affinity': 'sigmoid', 'assign_labels': 'discretize', 'random_state': 5055}",-0.07110895943923819,5.464770010839985,11.45957881485563
SpectralClustering,"{'n_clusters': 7, 'affinity': 'sigmoid', 'assign_labels': 'discretize', 'random_state': 6066}",-0.06897081376340487,4.330065211099897,12.338611637485178
SpectralClustering,"{'n_clusters': 7, 'affinity': 'sigmoid', 'assign_labels': 'cluster_qr', 'random_state': 42}",-0.021211552338247504,2.1708703697813565,20.10665072937112
SpectralClustering,"{'n_clusters': 7, 'affinity': 'sigmoid', 'assign_labels': 'cluster_qr', 'random_state': 123}",-0.023031085204753696,2.299715901368416,17.202809198192888
SpectralClustering,"{'n_clusters': 7, 'affinity': 'sigmoid', 'assign_labels': 'cluster_qr', 'random_state': 456}",-0.018464473223973304,2.1534871307185552,20.611789607149174
SpectralClustering,"{'n_clusters': 7, 'affinity': 'sigmoid', 'assign_labels': 'cluster_qr', 'random_state': 789}",-0.0469718759994065,2.0591947440972396,24.987349400230446
SpectralClustering,"{'n_clusters': 7, 'affinity': 'sigmoid', 'assign_labels': 'cluster_qr', 'random_state': 1011}",-0.021497011490853004,1.849914300186321,23.528536705740176
SpectralClustering,"{'n_clusters': 7, 'affinity': 'sigmoid', 'assign_labels': 'cluster_qr', 'random_state': 2022}",-0.051992892863466644,1.2012051680830507,30.31683154453874
SpectralClustering,"{'n_clusters': 7, 'affinity': 'sigmoid', 'assign_labels': 'cluster_qr', 'random_state': 3033}",-0.01348815240110164,1.9887686864813445,22.24654684444686
SpectralClustering,"{'n_clusters': 7, 'affinity': 'sigmoid', 'assign_labels': 'cluster_qr', 'random_state': 4044}",-0.034676991199404636,1.436433240622529,24.897377448874558
SpectralClustering,"{'n_clusters': 7, 'affinity': 'sigmoid', 'assign_labels': 'cluster_qr', 'random_state': 5055}",-0.028276053361623206,1.364715366083963,25.013930967059462
SpectralClustering,"{'n_clusters': 7, 'affinity': 'sigmoid', 'assign_labels': 'cluster_qr', 'random_state': 6066}",-0.01635754887197619,2.3195742716753065,20.146667684434274
SpectralClustering,"{'n_clusters': 8, 'affinity': 'rbf', 'assign_labels': 'kmeans', 'random_state': 42}",0.15271575467356285,63.2310919035513,1.4158408184975901
SpectralClustering,"{'n_clusters': 8, 'affinity': 'rbf', 'assign_labels': 'kmeans', 'random_state': 123}",0.15088629978709997,63.505967278890765,1.414609619378313
SpectralClustering,"{'n_clusters': 8, 'affinity': 'rbf', 'assign_labels': 'kmeans', 'random_state': 456}",0.15088629978709997,63.505967278890786,1.414609619378313
SpectralClustering,"{'n_clusters': 8, 'affinity': 'rbf', 'assign_labels': 'kmeans', 'random_state': 789}",0.15271575467356285,63.2310919035513,1.4158408184975901
SpectralClustering,"{'n_clusters': 8, 'affinity': 'rbf', 'assign_labels': 'kmeans', 'random_state': 1011}",0.15271575467356285,63.2310919035513,1.4158408184975901
SpectralClustering,"{'n_clusters': 8, 'affinity': 'rbf', 'assign_labels': 'kmeans', 'random_state': 2022}",0.15271575467356285,63.2310919035513,1.4158408184975901
SpectralClustering,"{'n_clusters': 8, 'affinity': 'rbf', 'assign_labels': 'kmeans', 'random_state': 3033}",0.15271575467356285,63.2310919035513,1.41584081849759
SpectralClustering,"{'n_clusters': 8, 'affinity': 'rbf', 'assign_labels': 'kmeans', 'random_state': 4044}",0.1451870132039979,64.13371774631177,1.5078086734719576
SpectralClustering,"{'n_clusters': 8, 'affinity': 'rbf', 'assign_labels': 'kmeans', 'random_state': 5055}",0.14518662133395766,64.1521513458982,1.5050114687828653
SpectralClustering,"{'n_clusters': 8, 'affinity': 'rbf', 'assign_labels': 'kmeans', 'random_state': 6066}",0.15271575467356285,63.2310919035513,1.4158408184975901
SpectralClustering,"{'n_clusters': 8, 'affinity': 'rbf', 'assign_labels': 'discretize', 'random_state': 42}",0.2581667989213414,318.9939725415312,1.4648679786041512
SpectralClustering,"{'n_clusters': 8, 'affinity': 'rbf', 'assign_labels': 'discretize', 'random_state': 123}",0.2581667989213414,318.9939725415313,1.4648679786041512
SpectralClustering,"{'n_clusters': 8, 'affinity': 'rbf', 'assign_labels': 'discretize', 'random_state': 456}",0.2581667989213414,318.9939725415313,1.4648679786041512
SpectralClustering,"{'n_clusters': 8, 'affinity': 'rbf', 'assign_labels': 'discretize', 'random_state': 789}",0.2581667989213414,318.9939725415312,1.4648679786041512
SpectralClustering,"{'n_clusters': 8, 'affinity': 'rbf', 'assign_labels': 'discretize', 'random_state': 1011}",0.2581667989213414,318.9939725415313,1.4648679786041512
SpectralClustering,"{'n_clusters': 8, 'affinity': 'rbf', 'assign_labels': 'discretize', 'random_state': 2022}",0.2581667989213414,318.9939725415313,1.4648679786041512
SpectralClustering,"{'n_clusters': 8, 'affinity': 'rbf', 'assign_labels': 'discretize', 'random_state': 3033}",0.2581667989213414,318.9939725415313,1.4648679786041512
SpectralClustering,"{'n_clusters': 8, 'affinity': 'rbf', 'assign_labels': 'discretize', 'random_state': 4044}",0.2581667989213414,318.9939725415313,1.4648679786041512
SpectralClustering,"{'n_clusters': 8, 'affinity': 'rbf', 'assign_labels': 'discretize', 'random_state': 5055}",0.2581667989213414,318.9939725415312,1.4648679786041512
SpectralClustering,"{'n_clusters': 8, 'affinity': 'rbf', 'assign_labels': 'discretize', 'random_state': 6066}",0.2581667989213414,318.9939725415313,1.4648679786041512
SpectralClustering,"{'n_clusters': 8, 'affinity': 'rbf', 'assign_labels': 'cluster_qr', 'random_state': 42}",0.2599095218639301,319.7028557895784,1.4950035871389555
SpectralClustering,"{'n_clusters': 8, 'affinity': 'rbf', 'assign_labels': 'cluster_qr', 'random_state': 123}",0.2599095218639301,319.7028557895784,1.4950035871389555
SpectralClustering,"{'n_clusters': 8, 'affinity': 'rbf', 'assign_labels': 'cluster_qr', 'random_state': 456}",0.2599095218639301,319.7028557895784,1.4950035871389555
SpectralClustering,"{'n_clusters': 8, 'affinity': 'rbf', 'assign_labels': 'cluster_qr', 'random_state': 789}",0.2599095218639301,319.7028557895784,1.4950035871389555
SpectralClustering,"{'n_clusters': 8, 'affinity': 'rbf', 'assign_labels': 'cluster_qr', 'random_state': 1011}",0.2599095218639301,319.7028557895784,1.4950035871389555
SpectralClustering,"{'n_clusters': 8, 'affinity': 'rbf', 'assign_labels': 'cluster_qr', 'random_state': 2022}",0.2599095218639301,319.7028557895784,1.4950035871389555
SpectralClustering,"{'n_clusters': 8, 'affinity': 'rbf', 'assign_labels': 'cluster_qr', 'random_state': 3033}",0.2599095218639301,319.7028557895784,1.4950035871389555
SpectralClustering,"{'n_clusters': 8, 'affinity': 'rbf', 'assign_labels': 'cluster_qr', 'random_state': 4044}",0.2599095218639301,319.7028557895784,1.4950035871389555
SpectralClustering,"{'n_clusters': 8, 'affinity': 'rbf', 'assign_labels': 'cluster_qr', 'random_state': 5055}",0.2599095218639301,319.7028557895784,1.4950035871389555
SpectralClustering,"{'n_clusters': 8, 'affinity': 'rbf', 'assign_labels': 'cluster_qr', 'random_state': 6066}",0.2599095218639301,319.7028557895784,1.4950035871389555
SpectralClustering,"{'n_clusters': 8, 'affinity': 'nearest_neighbors', 'assign_labels': 'kmeans', 'random_state': 42, 'n_neighbors': 5}",0.15245350882063463,514.2309932108403,1.6497330074098873
SpectralClustering,"{'n_clusters': 8, 'affinity': 'nearest_neighbors', 'assign_labels': 'kmeans', 'random_state': 123, 'n_neighbors': 5}",0.15245350882063463,514.2309932108402,1.6497330074098873
SpectralClustering,"{'n_clusters': 8, 'affinity': 'nearest_neighbors', 'assign_labels': 'kmeans', 'random_state': 456, 'n_neighbors': 5}",0.15245350882063463,514.2309932108401,1.6497330074098873
SpectralClustering,"{'n_clusters': 8, 'affinity': 'nearest_neighbors', 'assign_labels': 'kmeans', 'random_state': 789, 'n_neighbors': 5}",0.15115096694268515,513.6424343147543,1.6474860285130628
SpectralClustering,"{'n_clusters': 8, 'affinity': 'nearest_neighbors', 'assign_labels': 'kmeans', 'random_state': 1011, 'n_neighbors': 5}",0.15245350882063463,514.2309932108403,1.6497330074098873
SpectralClustering,"{'n_clusters': 8, 'affinity': 'nearest_neighbors', 'assign_labels': 'kmeans', 'random_state': 2022, 'n_neighbors': 5}",0.15245350882063463,514.2309932108401,1.6497330074098873
SpectralClustering,"{'n_clusters': 8, 'affinity': 'nearest_neighbors', 'assign_labels': 'kmeans', 'random_state': 3033, 'n_neighbors': 5}",0.15024887744939608,512.2614796396607,1.6486934571363525
SpectralClustering,"{'n_clusters': 8, 'affinity': 'nearest_neighbors', 'assign_labels': 'kmeans', 'random_state': 4044, 'n_neighbors': 5}",0.15245350882063463,514.2309932108402,1.6497330074098873
SpectralClustering,"{'n_clusters': 8, 'affinity': 'nearest_neighbors', 'assign_labels': 'kmeans', 'random_state': 5055, 'n_neighbors': 5}",0.15245350882063463,514.2309932108402,1.6497330074098873
SpectralClustering,"{'n_clusters': 8, 'affinity': 'nearest_neighbors', 'assign_labels': 'kmeans', 'random_state': 6066, 'n_neighbors': 5}",0.15245350882063463,514.23099321084,1.6497330074098873
SpectralClustering,"{'n_clusters': 8, 'affinity': 'nearest_neighbors', 'assign_labels': 'discretize', 'random_state': 42, 'n_neighbors': 5}",0.1569265229280393,513.7870935996721,1.7122214054844633
SpectralClustering,"{'n_clusters': 8, 'affinity': 'nearest_neighbors', 'assign_labels': 'discretize', 'random_state': 123, 'n_neighbors': 5}",0.1569310846897403,513.6852917636177,1.712542426005046
SpectralClustering,"{'n_clusters': 8, 'affinity': 'nearest_neighbors', 'assign_labels': 'discretize', 'random_state': 456, 'n_neighbors': 5}",0.1569265229280393,513.7870935996721,1.7122214054844633
SpectralClustering,"{'n_clusters': 8, 'affinity': 'nearest_neighbors', 'assign_labels': 'discretize', 'random_state': 789, 'n_neighbors': 5}",0.1569265229280393,513.7870935996721,1.7122214054844633
SpectralClustering,"{'n_clusters': 8, 'affinity': 'nearest_neighbors', 'assign_labels': 'discretize', 'random_state': 1011, 'n_neighbors': 5}",0.1569310846897403,513.6852917636177,1.712542426005046
SpectralClustering,"{'n_clusters': 8, 'affinity': 'nearest_neighbors', 'assign_labels': 'discretize', 'random_state': 2022, 'n_neighbors': 5}",0.1569265229280393,513.7870935996722,1.7122214054844633
SpectralClustering,"{'n_clusters': 8, 'affinity': 'nearest_neighbors', 'assign_labels': 'discretize', 'random_state': 3033, 'n_neighbors': 5}",0.1569265229280393,513.7870935996721,1.7122214054844633
SpectralClustering,"{'n_clusters': 8, 'affinity': 'nearest_neighbors', 'assign_labels': 'discretize', 'random_state': 4044, 'n_neighbors': 5}",0.1569265229280393,513.7870935996721,1.7122214054844633
SpectralClustering,"{'n_clusters': 8, 'affinity': 'nearest_neighbors', 'assign_labels': 'discretize', 'random_state': 5055, 'n_neighbors': 5}",0.1569265229280393,513.7870935996721,1.7122214054844633
SpectralClustering,"{'n_clusters': 8, 'affinity': 'nearest_neighbors', 'assign_labels': 'discretize', 'random_state': 6066, 'n_neighbors': 5}",0.1569265229280393,513.7870935996721,1.7122214054844633
SpectralClustering,"{'n_clusters': 8, 'affinity': 'nearest_neighbors', 'assign_labels': 'cluster_qr', 'random_state': 42, 'n_neighbors': 5}",0.08763224413054868,490.7622308712327,1.8195200684113004
SpectralClustering,"{'n_clusters': 8, 'affinity': 'nearest_neighbors', 'assign_labels': 'cluster_qr', 'random_state': 123, 'n_neighbors': 5}",0.08763224413054868,490.7622308712327,1.8195200684113004
SpectralClustering,"{'n_clusters': 8, 'affinity': 'nearest_neighbors', 'assign_labels': 'cluster_qr', 'random_state': 456, 'n_neighbors': 5}",0.08763224413054868,490.7622308712327,1.8195200684113004
SpectralClustering,"{'n_clusters': 8, 'affinity': 'nearest_neighbors', 'assign_labels': 'cluster_qr', 'random_state': 789, 'n_neighbors': 5}",0.08763224413054868,490.7622308712327,1.8195200684113004
SpectralClustering,"{'n_clusters': 8, 'affinity': 'nearest_neighbors', 'assign_labels': 'cluster_qr', 'random_state': 1011, 'n_neighbors': 5}",0.08763224413054868,490.7622308712327,1.8195200684113004
SpectralClustering,"{'n_clusters': 8, 'affinity': 'nearest_neighbors', 'assign_labels': 'cluster_qr', 'random_state': 2022, 'n_neighbors': 5}",0.08763224413054868,490.7622308712327,1.8195200684113004
SpectralClustering,"{'n_clusters': 8, 'affinity': 'nearest_neighbors', 'assign_labels': 'cluster_qr', 'random_state': 3033, 'n_neighbors': 5}",0.08763224413054868,490.7622308712327,1.8195200684113004
SpectralClustering,"{'n_clusters': 8, 'affinity': 'nearest_neighbors', 'assign_labels': 'cluster_qr', 'random_state': 4044, 'n_neighbors': 5}",0.08763224413054868,490.7622308712327,1.8195200684113004
SpectralClustering,"{'n_clusters': 8, 'affinity': 'nearest_neighbors', 'assign_labels': 'cluster_qr', 'random_state': 5055, 'n_neighbors': 5}",0.08763224413054868,490.7622308712327,1.8195200684113004
SpectralClustering,"{'n_clusters': 8, 'affinity': 'nearest_neighbors', 'assign_labels': 'cluster_qr', 'random_state': 6066, 'n_neighbors': 5}",0.08763224413054868,490.7622308712327,1.8195200684113004
SpectralClustering,"{'n_clusters': 8, 'affinity': 'nearest_neighbors', 'assign_labels': 'kmeans', 'random_state': 42, 'n_neighbors': 10}",0.16713916065266007,569.8682308294057,1.5461592109580156
SpectralClustering,"{'n_clusters': 8, 'affinity': 'nearest_neighbors', 'assign_labels': 'kmeans', 'random_state': 123, 'n_neighbors': 10}",0.16729012203013882,569.9050904698292,1.5469972630585618
SpectralClustering,"{'n_clusters': 8, 'affinity': 'nearest_neighbors', 'assign_labels': 'kmeans', 'random_state': 456, 'n_neighbors': 10}",0.16729012203013882,569.9050904698291,1.5469972630585616
SpectralClustering,"{'n_clusters': 8, 'affinity': 'nearest_neighbors', 'assign_labels': 'kmeans', 'random_state': 789, 'n_neighbors': 10}",0.167314639885001,569.9394126841393,1.5464163941860187
SpectralClustering,"{'n_clusters': 8, 'affinity': 'nearest_neighbors', 'assign_labels': 'kmeans', 'random_state': 1011, 'n_neighbors': 10}",0.16732129220532838,569.9716865562689,1.5461269952445682
SpectralClustering,"{'n_clusters': 8, 'affinity': 'nearest_neighbors', 'assign_labels': 'kmeans', 'random_state': 2022, 'n_neighbors': 10}",0.16732129220532838,569.9716865562689,1.5461269952445682
SpectralClustering,"{'n_clusters': 8, 'affinity': 'nearest_neighbors', 'assign_labels': 'kmeans', 'random_state': 3033, 'n_neighbors': 10}",0.16732129220532838,569.9716865562688,1.5461269952445682
SpectralClustering,"{'n_clusters': 8, 'affinity': 'nearest_neighbors', 'assign_labels': 'kmeans', 'random_state': 4044, 'n_neighbors': 10}",0.16713916065266007,569.8682308294054,1.5461592109580158
SpectralClustering,"{'n_clusters': 8, 'affinity': 'nearest_neighbors', 'assign_labels': 'kmeans', 'random_state': 5055, 'n_neighbors': 10}",0.167314639885001,569.9394126841391,1.5464163941860187
SpectralClustering,"{'n_clusters': 8, 'affinity': 'nearest_neighbors', 'assign_labels': 'kmeans', 'random_state': 6066, 'n_neighbors': 10}",0.167314639885001,569.9394126841393,1.546416394186019
SpectralClustering,"{'n_clusters': 8, 'affinity': 'nearest_neighbors', 'assign_labels': 'discretize', 'random_state': 42, 'n_neighbors': 10}",0.1677912161726854,574.586981519845,1.5473981161066253
SpectralClustering,"{'n_clusters': 8, 'affinity': 'nearest_neighbors', 'assign_labels': 'discretize', 'random_state': 123, 'n_neighbors': 10}",0.1679025192425981,574.5605473800621,1.5478662178078912
SpectralClustering,"{'n_clusters': 8, 'affinity': 'nearest_neighbors', 'assign_labels': 'discretize', 'random_state': 456, 'n_neighbors': 10}",0.1677912161726854,574.5869815198452,1.5473981161066253
SpectralClustering,"{'n_clusters': 8, 'affinity': 'nearest_neighbors', 'assign_labels': 'discretize', 'random_state': 789, 'n_neighbors': 10}",0.1679025192425981,574.5605473800622,1.547866217807891
SpectralClustering,"{'n_clusters': 8, 'affinity': 'nearest_neighbors', 'assign_labels': 'discretize', 'random_state': 1011, 'n_neighbors': 10}",0.1679025192425981,574.5605473800621,1.5478662178078912
SpectralClustering,"{'n_clusters': 8, 'affinity': 'nearest_neighbors', 'assign_labels': 'discretize', 'random_state': 2022, 'n_neighbors': 10}",0.1677912161726854,574.586981519845,1.5473981161066253
SpectralClustering,"{'n_clusters': 8, 'affinity': 'nearest_neighbors', 'assign_labels': 'discretize', 'random_state': 3033, 'n_neighbors': 10}",0.1679025192425981,574.5605473800622,1.547866217807891
SpectralClustering,"{'n_clusters': 8, 'affinity': 'nearest_neighbors', 'assign_labels': 'discretize', 'random_state': 4044, 'n_neighbors': 10}",0.1677912161726854,574.5869815198453,1.5473981161066253
SpectralClustering,"{'n_clusters': 8, 'affinity': 'nearest_neighbors', 'assign_labels': 'discretize', 'random_state': 5055, 'n_neighbors': 10}",0.1679025192425981,574.5605473800622,1.547866217807891
SpectralClustering,"{'n_clusters': 8, 'affinity': 'nearest_neighbors', 'assign_labels': 'discretize', 'random_state': 6066, 'n_neighbors': 10}",0.1677912161726854,574.5869815198452,1.5473981161066253
SpectralClustering,"{'n_clusters': 8, 'affinity': 'nearest_neighbors', 'assign_labels': 'cluster_qr', 'random_state': 42, 'n_neighbors': 10}",0.1690013791601118,574.5085927199153,1.5609829424549546
SpectralClustering,"{'n_clusters': 8, 'affinity': 'nearest_neighbors', 'assign_labels': 'cluster_qr', 'random_state': 123, 'n_neighbors': 10}",0.1690013791601118,574.5085927199153,1.5609829424549546
SpectralClustering,"{'n_clusters': 8, 'affinity': 'nearest_neighbors', 'assign_labels': 'cluster_qr', 'random_state': 456, 'n_neighbors': 10}",0.1690013791601118,574.5085927199153,1.5609829424549546
SpectralClustering,"{'n_clusters': 8, 'affinity': 'nearest_neighbors', 'assign_labels': 'cluster_qr', 'random_state': 789, 'n_neighbors': 10}",0.1690013791601118,574.5085927199153,1.5609829424549546
SpectralClustering,"{'n_clusters': 8, 'affinity': 'nearest_neighbors', 'assign_labels': 'cluster_qr', 'random_state': 1011, 'n_neighbors': 10}",0.1690013791601118,574.5085927199153,1.5609829424549546
SpectralClustering,"{'n_clusters': 8, 'affinity': 'nearest_neighbors', 'assign_labels': 'cluster_qr', 'random_state': 2022, 'n_neighbors': 10}",0.1690013791601118,574.5085927199153,1.5609829424549546
SpectralClustering,"{'n_clusters': 8, 'affinity': 'nearest_neighbors', 'assign_labels': 'cluster_qr', 'random_state': 3033, 'n_neighbors': 10}",0.1690013791601118,574.5085927199153,1.5609829424549546
SpectralClustering,"{'n_clusters': 8, 'affinity': 'nearest_neighbors', 'assign_labels': 'cluster_qr', 'random_state': 4044, 'n_neighbors': 10}",0.1690013791601118,574.5085927199153,1.5609829424549546
SpectralClustering,"{'n_clusters': 8, 'affinity': 'nearest_neighbors', 'assign_labels': 'cluster_qr', 'random_state': 5055, 'n_neighbors': 10}",0.1690013791601118,574.5085927199153,1.5609829424549546
SpectralClustering,"{'n_clusters': 8, 'affinity': 'nearest_neighbors', 'assign_labels': 'cluster_qr', 'random_state': 6066, 'n_neighbors': 10}",0.1690013791601118,574.5085927199153,1.5609829424549546
SpectralClustering,"{'n_clusters': 8, 'affinity': 'nearest_neighbors', 'assign_labels': 'kmeans', 'random_state': 42, 'n_neighbors': 15}",0.16686130648101247,573.1452625930602,1.549139612567313
SpectralClustering,"{'n_clusters': 8, 'affinity': 'nearest_neighbors', 'assign_labels': 'kmeans', 'random_state': 123, 'n_neighbors': 15}",0.16686130648101247,573.1452625930602,1.549139612567313
SpectralClustering,"{'n_clusters': 8, 'affinity': 'nearest_neighbors', 'assign_labels': 'kmeans', 'random_state': 456, 'n_neighbors': 15}",0.16686130648101247,573.1452625930601,1.549139612567313
SpectralClustering,"{'n_clusters': 8, 'affinity': 'nearest_neighbors', 'assign_labels': 'kmeans', 'random_state': 789, 'n_neighbors': 15}",0.16686130648101247,573.1452625930601,1.549139612567313
SpectralClustering,"{'n_clusters': 8, 'affinity': 'nearest_neighbors', 'assign_labels': 'kmeans', 'random_state': 1011, 'n_neighbors': 15}",0.16686130648101247,573.1452625930602,1.549139612567313
SpectralClustering,"{'n_clusters': 8, 'affinity': 'nearest_neighbors', 'assign_labels': 'kmeans', 'random_state': 2022, 'n_neighbors': 15}",0.16686130648101247,573.1452625930601,1.5491396125673131
SpectralClustering,"{'n_clusters': 8, 'affinity': 'nearest_neighbors', 'assign_labels': 'kmeans', 'random_state': 3033, 'n_neighbors': 15}",0.16686130648101247,573.1452625930602,1.549139612567313
SpectralClustering,"{'n_clusters': 8, 'affinity': 'nearest_neighbors', 'assign_labels': 'kmeans', 'random_state': 4044, 'n_neighbors': 15}",0.16686130648101247,573.1452625930602,1.549139612567313
SpectralClustering,"{'n_clusters': 8, 'affinity': 'nearest_neighbors', 'assign_labels': 'kmeans', 'random_state': 5055, 'n_neighbors': 15}",0.16686130648101247,573.1452625930601,1.549139612567313
SpectralClustering,"{'n_clusters': 8, 'affinity': 'nearest_neighbors', 'assign_labels': 'kmeans', 'random_state': 6066, 'n_neighbors': 15}",0.16686130648101247,573.1452625930602,1.549139612567313
SpectralClustering,"{'n_clusters': 8, 'affinity': 'nearest_neighbors', 'assign_labels': 'discretize', 'random_state': 42, 'n_neighbors': 15}",0.16932378522051753,583.3954933672823,1.5577540245155501
SpectralClustering,"{'n_clusters': 8, 'affinity': 'nearest_neighbors', 'assign_labels': 'discretize', 'random_state': 123, 'n_neighbors': 15}",0.16932378522051753,583.3954933672821,1.5577540245155501
SpectralClustering,"{'n_clusters': 8, 'affinity': 'nearest_neighbors', 'assign_labels': 'discretize', 'random_state': 456, 'n_neighbors': 15}",0.16932378522051753,583.3954933672823,1.5577540245155501
SpectralClustering,"{'n_clusters': 8, 'affinity': 'nearest_neighbors', 'assign_labels': 'discretize', 'random_state': 789, 'n_neighbors': 15}",0.16932378522051753,583.3954933672823,1.5577540245155501
SpectralClustering,"{'n_clusters': 8, 'affinity': 'nearest_neighbors', 'assign_labels': 'discretize', 'random_state': 1011, 'n_neighbors': 15}",0.16932378522051753,583.3954933672823,1.5577540245155501
SpectralClustering,"{'n_clusters': 8, 'affinity': 'nearest_neighbors', 'assign_labels': 'discretize', 'random_state': 2022, 'n_neighbors': 15}",0.16932378522051753,583.3954933672821,1.5577540245155501
SpectralClustering,"{'n_clusters': 8, 'affinity': 'nearest_neighbors', 'assign_labels': 'discretize', 'random_state': 3033, 'n_neighbors': 15}",0.16932378522051753,583.3954933672821,1.5577540245155501
SpectralClustering,"{'n_clusters': 8, 'affinity': 'nearest_neighbors', 'assign_labels': 'discretize', 'random_state': 4044, 'n_neighbors': 15}",0.16932378522051753,583.3954933672821,1.5577540245155501
SpectralClustering,"{'n_clusters': 8, 'affinity': 'nearest_neighbors', 'assign_labels': 'discretize', 'random_state': 5055, 'n_neighbors': 15}",0.16932378522051753,583.3954933672823,1.5577540245155501
SpectralClustering,"{'n_clusters': 8, 'affinity': 'nearest_neighbors', 'assign_labels': 'discretize', 'random_state': 6066, 'n_neighbors': 15}",0.16932378522051753,583.3954933672821,1.5577540245155501
SpectralClustering,"{'n_clusters': 8, 'affinity': 'nearest_neighbors', 'assign_labels': 'cluster_qr', 'random_state': 42, 'n_neighbors': 15}",0.17345708178285157,587.5016414790035,1.5637803352132127
SpectralClustering,"{'n_clusters': 8, 'affinity': 'nearest_neighbors', 'assign_labels': 'cluster_qr', 'random_state': 123, 'n_neighbors': 15}",0.17345708178285157,587.5016414790035,1.5637803352132127
SpectralClustering,"{'n_clusters': 8, 'affinity': 'nearest_neighbors', 'assign_labels': 'cluster_qr', 'random_state': 456, 'n_neighbors': 15}",0.17345708178285157,587.5016414790035,1.5637803352132127
SpectralClustering,"{'n_clusters': 8, 'affinity': 'nearest_neighbors', 'assign_labels': 'cluster_qr', 'random_state': 789, 'n_neighbors': 15}",0.17345708178285157,587.5016414790035,1.5637803352132127
SpectralClustering,"{'n_clusters': 8, 'affinity': 'nearest_neighbors', 'assign_labels': 'cluster_qr', 'random_state': 1011, 'n_neighbors': 15}",0.17345708178285157,587.5016414790035,1.5637803352132127
SpectralClustering,"{'n_clusters': 8, 'affinity': 'nearest_neighbors', 'assign_labels': 'cluster_qr', 'random_state': 2022, 'n_neighbors': 15}",0.17345708178285157,587.5016414790035,1.5637803352132127
SpectralClustering,"{'n_clusters': 8, 'affinity': 'nearest_neighbors', 'assign_labels': 'cluster_qr', 'random_state': 3033, 'n_neighbors': 15}",0.17345708178285157,587.5016414790035,1.5637803352132127
SpectralClustering,"{'n_clusters': 8, 'affinity': 'nearest_neighbors', 'assign_labels': 'cluster_qr', 'random_state': 4044, 'n_neighbors': 15}",0.17345708178285157,587.5016414790035,1.5637803352132127
SpectralClustering,"{'n_clusters': 8, 'affinity': 'nearest_neighbors', 'assign_labels': 'cluster_qr', 'random_state': 5055, 'n_neighbors': 15}",0.17345708178285157,587.5016414790035,1.5637803352132127
SpectralClustering,"{'n_clusters': 8, 'affinity': 'nearest_neighbors', 'assign_labels': 'cluster_qr', 'random_state': 6066, 'n_neighbors': 15}",0.17345708178285157,587.5016414790035,1.5637803352132127
SpectralClustering,"{'n_clusters': 8, 'affinity': 'nearest_neighbors', 'assign_labels': 'kmeans', 'random_state': 42, 'n_neighbors': 20}",0.16686959881466906,583.0694517585157,1.5488195507872022
SpectralClustering,"{'n_clusters': 8, 'affinity': 'nearest_neighbors', 'assign_labels': 'kmeans', 'random_state': 123, 'n_neighbors': 20}",0.16686959881466906,583.0694517585156,1.5488195507872022
SpectralClustering,"{'n_clusters': 8, 'affinity': 'nearest_neighbors', 'assign_labels': 'kmeans', 'random_state': 456, 'n_neighbors': 20}",0.16686959881466906,583.0694517585155,1.5488195507872022
SpectralClustering,"{'n_clusters': 8, 'affinity': 'nearest_neighbors', 'assign_labels': 'kmeans', 'random_state': 789, 'n_neighbors': 20}",0.16686959881466906,583.0694517585157,1.5488195507872022
SpectralClustering,"{'n_clusters': 8, 'affinity': 'nearest_neighbors', 'assign_labels': 'kmeans', 'random_state': 1011, 'n_neighbors': 20}",0.167007949764874,583.0810149395746,1.5489887811754368
SpectralClustering,"{'n_clusters': 8, 'affinity': 'nearest_neighbors', 'assign_labels': 'kmeans', 'random_state': 2022, 'n_neighbors': 20}",0.16686959881466906,583.0694517585157,1.548819550787202
SpectralClustering,"{'n_clusters': 8, 'affinity': 'nearest_neighbors', 'assign_labels': 'kmeans', 'random_state': 3033, 'n_neighbors': 20}",0.16686959881466906,583.0694517585156,1.548819550787202
SpectralClustering,"{'n_clusters': 8, 'affinity': 'nearest_neighbors', 'assign_labels': 'kmeans', 'random_state': 4044, 'n_neighbors': 20}",0.167007949764874,583.0810149395745,1.5489887811754368
SpectralClustering,"{'n_clusters': 8, 'affinity': 'nearest_neighbors', 'assign_labels': 'kmeans', 'random_state': 5055, 'n_neighbors': 20}",0.16686959881466906,583.0694517585156,1.548819550787202
SpectralClustering,"{'n_clusters': 8, 'affinity': 'nearest_neighbors', 'assign_labels': 'kmeans', 'random_state': 6066, 'n_neighbors': 20}",0.16686959881466906,583.0694517585157,1.548819550787202
SpectralClustering,"{'n_clusters': 8, 'affinity': 'nearest_neighbors', 'assign_labels': 'discretize', 'random_state': 42, 'n_neighbors': 20}",0.1694554583635907,594.8898771320011,1.557525439694793
SpectralClustering,"{'n_clusters': 8, 'affinity': 'nearest_neighbors', 'assign_labels': 'discretize', 'random_state': 123, 'n_neighbors': 20}",0.1694554583635907,594.889877132001,1.557525439694793
SpectralClustering,"{'n_clusters': 8, 'affinity': 'nearest_neighbors', 'assign_labels': 'discretize', 'random_state': 456, 'n_neighbors': 20}",0.1694554583635907,594.8898771320011,1.557525439694793
SpectralClustering,"{'n_clusters': 8, 'affinity': 'nearest_neighbors', 'assign_labels': 'discretize', 'random_state': 789, 'n_neighbors': 20}",0.1694554583635907,594.8898771320012,1.557525439694793
SpectralClustering,"{'n_clusters': 8, 'affinity': 'nearest_neighbors', 'assign_labels': 'discretize', 'random_state': 1011, 'n_neighbors': 20}",0.1694554583635907,594.8898771320011,1.557525439694793
SpectralClustering,"{'n_clusters': 8, 'affinity': 'nearest_neighbors', 'assign_labels': 'discretize', 'random_state': 2022, 'n_neighbors': 20}",0.16946967332527813,594.8354564424773,1.5573364522230229
SpectralClustering,"{'n_clusters': 8, 'affinity': 'nearest_neighbors', 'assign_labels': 'discretize', 'random_state': 3033, 'n_neighbors': 20}",0.16946967332527813,594.8354564424772,1.5573364522230229
SpectralClustering,"{'n_clusters': 8, 'affinity': 'nearest_neighbors', 'assign_labels': 'discretize', 'random_state': 4044, 'n_neighbors': 20}",0.16946967332527813,594.8354564424773,1.557336452223023
SpectralClustering,"{'n_clusters': 8, 'affinity': 'nearest_neighbors', 'assign_labels': 'discretize', 'random_state': 5055, 'n_neighbors': 20}",0.16946967332527813,594.8354564424773,1.557336452223023
SpectralClustering,"{'n_clusters': 8, 'affinity': 'nearest_neighbors', 'assign_labels': 'discretize', 'random_state': 6066, 'n_neighbors': 20}",0.1694554583635907,594.889877132001,1.557525439694793
SpectralClustering,"{'n_clusters': 8, 'affinity': 'nearest_neighbors', 'assign_labels': 'cluster_qr', 'random_state': 42, 'n_neighbors': 20}",0.17214805930087215,593.2443635132298,1.5689793867979942
SpectralClustering,"{'n_clusters': 8, 'affinity': 'nearest_neighbors', 'assign_labels': 'cluster_qr', 'random_state': 123, 'n_neighbors': 20}",0.17214805930087215,593.2443635132298,1.5689793867979942
SpectralClustering,"{'n_clusters': 8, 'affinity': 'nearest_neighbors', 'assign_labels': 'cluster_qr', 'random_state': 456, 'n_neighbors': 20}",0.17214805930087215,593.2443635132298,1.5689793867979942
SpectralClustering,"{'n_clusters': 8, 'affinity': 'nearest_neighbors', 'assign_labels': 'cluster_qr', 'random_state': 789, 'n_neighbors': 20}",0.17214805930087215,593.2443635132298,1.5689793867979942
SpectralClustering,"{'n_clusters': 8, 'affinity': 'nearest_neighbors', 'assign_labels': 'cluster_qr', 'random_state': 1011, 'n_neighbors': 20}",0.17214805930087215,593.2443635132298,1.5689793867979942
SpectralClustering,"{'n_clusters': 8, 'affinity': 'nearest_neighbors', 'assign_labels': 'cluster_qr', 'random_state': 2022, 'n_neighbors': 20}",0.17214805930087215,593.2443635132298,1.5689793867979942
SpectralClustering,"{'n_clusters': 8, 'affinity': 'nearest_neighbors', 'assign_labels': 'cluster_qr', 'random_state': 3033, 'n_neighbors': 20}",0.17214805930087215,593.2443635132298,1.5689793867979942
SpectralClustering,"{'n_clusters': 8, 'affinity': 'nearest_neighbors', 'assign_labels': 'cluster_qr', 'random_state': 4044, 'n_neighbors': 20}",0.17214805930087215,593.2443635132298,1.5689793867979942
SpectralClustering,"{'n_clusters': 8, 'affinity': 'nearest_neighbors', 'assign_labels': 'cluster_qr', 'random_state': 5055, 'n_neighbors': 20}",0.17214805930087215,593.2443635132298,1.5689793867979942
SpectralClustering,"{'n_clusters': 8, 'affinity': 'nearest_neighbors', 'assign_labels': 'cluster_qr', 'random_state': 6066, 'n_neighbors': 20}",0.17214805930087215,593.2443635132298,1.5689793867979942
SpectralClustering,"{'n_clusters': 8, 'affinity': 'nearest_neighbors', 'assign_labels': 'kmeans', 'random_state': 42, 'n_neighbors': 50}",0.1715253691204605,582.7062740696313,1.537694767879045
SpectralClustering,"{'n_clusters': 8, 'affinity': 'nearest_neighbors', 'assign_labels': 'kmeans', 'random_state': 123, 'n_neighbors': 50}",0.1763507979091774,584.232216311884,1.532866698572919
SpectralClustering,"{'n_clusters': 8, 'affinity': 'nearest_neighbors', 'assign_labels': 'kmeans', 'random_state': 456, 'n_neighbors': 50}",0.17313217697158928,583.2681841029001,1.5366008216061404
SpectralClustering,"{'n_clusters': 8, 'affinity': 'nearest_neighbors', 'assign_labels': 'kmeans', 'random_state': 789, 'n_neighbors': 50}",0.17412672732257137,583.431437412325,1.5363123160559027
SpectralClustering,"{'n_clusters': 8, 'affinity': 'nearest_neighbors', 'assign_labels': 'kmeans', 'random_state': 1011, 'n_neighbors': 50}",0.17323222180893033,583.3371817102558,1.5368843203449187
SpectralClustering,"{'n_clusters': 8, 'affinity': 'nearest_neighbors', 'assign_labels': 'kmeans', 'random_state': 2022, 'n_neighbors': 50}",0.1763507979091774,584.232216311884,1.532866698572919
SpectralClustering,"{'n_clusters': 8, 'affinity': 'nearest_neighbors', 'assign_labels': 'kmeans', 'random_state': 3033, 'n_neighbors': 50}",0.17313217697158928,583.2681841029001,1.5366008216061404
SpectralClustering,"{'n_clusters': 8, 'affinity': 'nearest_neighbors', 'assign_labels': 'kmeans', 'random_state': 4044, 'n_neighbors': 50}",0.17168464156534669,582.7766964859399,1.5374031203081817
SpectralClustering,"{'n_clusters': 8, 'affinity': 'nearest_neighbors', 'assign_labels': 'kmeans', 'random_state': 5055, 'n_neighbors': 50}",0.1715253691204605,582.7062740696313,1.537694767879045
SpectralClustering,"{'n_clusters': 8, 'affinity': 'nearest_neighbors', 'assign_labels': 'kmeans', 'random_state': 6066, 'n_neighbors': 50}",0.17168464156534669,582.77669648594,1.5374031203081817
SpectralClustering,"{'n_clusters': 8, 'affinity': 'nearest_neighbors', 'assign_labels': 'discretize', 'random_state': 42, 'n_neighbors': 50}",0.16140856162242512,582.9199821996889,1.5510804513880427
SpectralClustering,"{'n_clusters': 8, 'affinity': 'nearest_neighbors', 'assign_labels': 'discretize', 'random_state': 123, 'n_neighbors': 50}",0.1613814787631441,582.6090621730392,1.551794493506504
SpectralClustering,"{'n_clusters': 8, 'affinity': 'nearest_neighbors', 'assign_labels': 'discretize', 'random_state': 456, 'n_neighbors': 50}",0.16140856162242512,582.9199821996889,1.5510804513880427
SpectralClustering,"{'n_clusters': 8, 'affinity': 'nearest_neighbors', 'assign_labels': 'discretize', 'random_state': 789, 'n_neighbors': 50}",0.1613814787631441,582.6090621730392,1.5517944935065038
SpectralClustering,"{'n_clusters': 8, 'affinity': 'nearest_neighbors', 'assign_labels': 'discretize', 'random_state': 1011, 'n_neighbors': 50}",0.1613814787631441,582.6090621730391,1.551794493506504
SpectralClustering,"{'n_clusters': 8, 'affinity': 'nearest_neighbors', 'assign_labels': 'discretize', 'random_state': 2022, 'n_neighbors': 50}",0.16147840295255572,583.1323005403904,1.551038622478715
SpectralClustering,"{'n_clusters': 8, 'affinity': 'nearest_neighbors', 'assign_labels': 'discretize', 'random_state': 3033, 'n_neighbors': 50}",0.16140856162242512,582.9199821996889,1.5510804513880427
SpectralClustering,"{'n_clusters': 8, 'affinity': 'nearest_neighbors', 'assign_labels': 'discretize', 'random_state': 4044, 'n_neighbors': 50}",0.16147840295255572,583.1323005403904,1.551038622478715
SpectralClustering,"{'n_clusters': 8, 'affinity': 'nearest_neighbors', 'assign_labels': 'discretize', 'random_state': 5055, 'n_neighbors': 50}",0.16147840295255572,583.1323005403902,1.551038622478715
SpectralClustering,"{'n_clusters': 8, 'affinity': 'nearest_neighbors', 'assign_labels': 'discretize', 'random_state': 6066, 'n_neighbors': 50}",0.16131154720478663,582.3969721337338,1.5518368876143287
SpectralClustering,"{'n_clusters': 8, 'affinity': 'nearest_neighbors', 'assign_labels': 'cluster_qr', 'random_state': 42, 'n_neighbors': 50}",0.16290550671349993,581.5840835344363,1.5508600073855265
SpectralClustering,"{'n_clusters': 8, 'affinity': 'nearest_neighbors', 'assign_labels': 'cluster_qr', 'random_state': 123, 'n_neighbors': 50}",0.16290550671349993,581.5840835344363,1.5508600073855265
SpectralClustering,"{'n_clusters': 8, 'affinity': 'nearest_neighbors', 'assign_labels': 'cluster_qr', 'random_state': 456, 'n_neighbors': 50}",0.16290550671349993,581.5840835344363,1.5508600073855265
SpectralClustering,"{'n_clusters': 8, 'affinity': 'nearest_neighbors', 'assign_labels': 'cluster_qr', 'random_state': 789, 'n_neighbors': 50}",0.16290550671349993,581.5840835344363,1.5508600073855265
SpectralClustering,"{'n_clusters': 8, 'affinity': 'nearest_neighbors', 'assign_labels': 'cluster_qr', 'random_state': 1011, 'n_neighbors': 50}",0.16290550671349993,581.5840835344363,1.5508600073855265
SpectralClustering,"{'n_clusters': 8, 'affinity': 'nearest_neighbors', 'assign_labels': 'cluster_qr', 'random_state': 2022, 'n_neighbors': 50}",0.16290550671349993,581.5840835344363,1.5508600073855265
SpectralClustering,"{'n_clusters': 8, 'affinity': 'nearest_neighbors', 'assign_labels': 'cluster_qr', 'random_state': 3033, 'n_neighbors': 50}",0.16290550671349993,581.5840835344363,1.5508600073855265
SpectralClustering,"{'n_clusters': 8, 'affinity': 'nearest_neighbors', 'assign_labels': 'cluster_qr', 'random_state': 4044, 'n_neighbors': 50}",0.16290550671349993,581.5840835344363,1.5508600073855265
SpectralClustering,"{'n_clusters': 8, 'affinity': 'nearest_neighbors', 'assign_labels': 'cluster_qr', 'random_state': 5055, 'n_neighbors': 50}",0.16290550671349993,581.5840835344363,1.5508600073855265
SpectralClustering,"{'n_clusters': 8, 'affinity': 'nearest_neighbors', 'assign_labels': 'cluster_qr', 'random_state': 6066, 'n_neighbors': 50}",0.16290550671349993,581.5840835344363,1.5508600073855265
SpectralClustering,"{'n_clusters': 8, 'affinity': 'nearest_neighbors', 'assign_labels': 'kmeans', 'random_state': 42, 'n_neighbors': 100}",0.16026142947808292,590.8579529291989,1.5445433742753205
SpectralClustering,"{'n_clusters': 8, 'affinity': 'nearest_neighbors', 'assign_labels': 'kmeans', 'random_state': 123, 'n_neighbors': 100}",0.16026142947808292,590.8579529291989,1.5445433742753205
SpectralClustering,"{'n_clusters': 8, 'affinity': 'nearest_neighbors', 'assign_labels': 'kmeans', 'random_state': 456, 'n_neighbors': 100}",0.16026142947808292,590.8579529291987,1.5445433742753205
SpectralClustering,"{'n_clusters': 8, 'affinity': 'nearest_neighbors', 'assign_labels': 'kmeans', 'random_state': 789, 'n_neighbors': 100}",0.16026142947808292,590.8579529291989,1.5445433742753205
SpectralClustering,"{'n_clusters': 8, 'affinity': 'nearest_neighbors', 'assign_labels': 'kmeans', 'random_state': 1011, 'n_neighbors': 100}",0.1603895477136328,590.9234462616128,1.5447045902230006
SpectralClustering,"{'n_clusters': 8, 'affinity': 'nearest_neighbors', 'assign_labels': 'kmeans', 'random_state': 2022, 'n_neighbors': 100}",0.16026142947808292,590.8579529291987,1.5445433742753205
SpectralClustering,"{'n_clusters': 8, 'affinity': 'nearest_neighbors', 'assign_labels': 'kmeans', 'random_state': 3033, 'n_neighbors': 100}",0.16036072733178897,590.8965274066545,1.5444561511782346
SpectralClustering,"{'n_clusters': 8, 'affinity': 'nearest_neighbors', 'assign_labels': 'kmeans', 'random_state': 4044, 'n_neighbors': 100}",0.16026142947808292,590.8579529291987,1.5445433742753205
SpectralClustering,"{'n_clusters': 8, 'affinity': 'nearest_neighbors', 'assign_labels': 'kmeans', 'random_state': 5055, 'n_neighbors': 100}",0.16026142947808292,590.857952929199,1.5445433742753205
SpectralClustering,"{'n_clusters': 8, 'affinity': 'nearest_neighbors', 'assign_labels': 'kmeans', 'random_state': 6066, 'n_neighbors': 100}",0.16048757496458696,591.050139594569,1.5448188094465645
SpectralClustering,"{'n_clusters': 8, 'affinity': 'nearest_neighbors', 'assign_labels': 'discretize', 'random_state': 42, 'n_neighbors': 100}",0.15935294923876261,588.1054546778563,1.5490439291004015
SpectralClustering,"{'n_clusters': 8, 'affinity': 'nearest_neighbors', 'assign_labels': 'discretize', 'random_state': 123, 'n_neighbors': 100}",0.15935294923876261,588.1054546778564,1.5490439291004012
SpectralClustering,"{'n_clusters': 8, 'affinity': 'nearest_neighbors', 'assign_labels': 'discretize', 'random_state': 456, 'n_neighbors': 100}",0.15935294923876261,588.1054546778563,1.5490439291004015
SpectralClustering,"{'n_clusters': 8, 'affinity': 'nearest_neighbors', 'assign_labels': 'discretize', 'random_state': 789, 'n_neighbors': 100}",0.15941423299866464,588.3617833043666,1.549610500879371
SpectralClustering,"{'n_clusters': 8, 'affinity': 'nearest_neighbors', 'assign_labels': 'discretize', 'random_state': 1011, 'n_neighbors': 100}",0.15935294923876261,588.1054546778563,1.5490439291004015
SpectralClustering,"{'n_clusters': 8, 'affinity': 'nearest_neighbors', 'assign_labels': 'discretize', 'random_state': 2022, 'n_neighbors': 100}",0.15941423299866464,588.3617833043666,1.5496105008793712
SpectralClustering,"{'n_clusters': 8, 'affinity': 'nearest_neighbors', 'assign_labels': 'discretize', 'random_state': 3033, 'n_neighbors': 100}",0.15941423299866464,588.3617833043666,1.549610500879371
SpectralClustering,"{'n_clusters': 8, 'affinity': 'nearest_neighbors', 'assign_labels': 'discretize', 'random_state': 4044, 'n_neighbors': 100}",0.15935294923876261,588.1054546778564,1.5490439291004015
SpectralClustering,"{'n_clusters': 8, 'affinity': 'nearest_neighbors', 'assign_labels': 'discretize', 'random_state': 5055, 'n_neighbors': 100}",0.15941423299866464,588.3617833043666,1.549610500879371
SpectralClustering,"{'n_clusters': 8, 'affinity': 'nearest_neighbors', 'assign_labels': 'discretize', 'random_state': 6066, 'n_neighbors': 100}",0.15935294923876261,588.1054546778564,1.5490439291004012
SpectralClustering,"{'n_clusters': 8, 'affinity': 'nearest_neighbors', 'assign_labels': 'cluster_qr', 'random_state': 42, 'n_neighbors': 100}",0.16017675109619278,584.4052708039561,1.547107681404261
SpectralClustering,"{'n_clusters': 8, 'affinity': 'nearest_neighbors', 'assign_labels': 'cluster_qr', 'random_state': 123, 'n_neighbors': 100}",0.16017675109619278,584.4052708039561,1.547107681404261
SpectralClustering,"{'n_clusters': 8, 'affinity': 'nearest_neighbors', 'assign_labels': 'cluster_qr', 'random_state': 456, 'n_neighbors': 100}",0.16017675109619278,584.4052708039561,1.547107681404261
SpectralClustering,"{'n_clusters': 8, 'affinity': 'nearest_neighbors', 'assign_labels': 'cluster_qr', 'random_state': 789, 'n_neighbors': 100}",0.16017675109619278,584.4052708039561,1.547107681404261
SpectralClustering,"{'n_clusters': 8, 'affinity': 'nearest_neighbors', 'assign_labels': 'cluster_qr', 'random_state': 1011, 'n_neighbors': 100}",0.16017675109619278,584.4052708039561,1.547107681404261
SpectralClustering,"{'n_clusters': 8, 'affinity': 'nearest_neighbors', 'assign_labels': 'cluster_qr', 'random_state': 2022, 'n_neighbors': 100}",0.16017675109619278,584.4052708039561,1.547107681404261
SpectralClustering,"{'n_clusters': 8, 'affinity': 'nearest_neighbors', 'assign_labels': 'cluster_qr', 'random_state': 3033, 'n_neighbors': 100}",0.16017675109619278,584.4052708039561,1.547107681404261
SpectralClustering,"{'n_clusters': 8, 'affinity': 'nearest_neighbors', 'assign_labels': 'cluster_qr', 'random_state': 4044, 'n_neighbors': 100}",0.16017675109619278,584.4052708039561,1.547107681404261
SpectralClustering,"{'n_clusters': 8, 'affinity': 'nearest_neighbors', 'assign_labels': 'cluster_qr', 'random_state': 5055, 'n_neighbors': 100}",0.16017675109619278,584.4052708039561,1.547107681404261
SpectralClustering,"{'n_clusters': 8, 'affinity': 'nearest_neighbors', 'assign_labels': 'cluster_qr', 'random_state': 6066, 'n_neighbors': 100}",0.16017675109619278,584.4052708039561,1.547107681404261
SpectralClustering,"{'n_clusters': 8, 'affinity': 'cosine', 'assign_labels': 'kmeans', 'random_state': 42}",0.1261416167670462,497.2372965843243,1.9264560971000915
SpectralClustering,"{'n_clusters': 8, 'affinity': 'cosine', 'assign_labels': 'kmeans', 'random_state': 123}",0.1291644260499593,504.28303214432566,1.9161117641664083
SpectralClustering,"{'n_clusters': 8, 'affinity': 'cosine', 'assign_labels': 'kmeans', 'random_state': 456}",0.13792967301039796,545.6057697704933,1.660193162904526
SpectralClustering,"{'n_clusters': 8, 'affinity': 'cosine', 'assign_labels': 'kmeans', 'random_state': 789}",0.13072332244250315,503.3028529445391,1.931434461732839
SpectralClustering,"{'n_clusters': 8, 'affinity': 'cosine', 'assign_labels': 'kmeans', 'random_state': 1011}",0.1416379814902598,530.7163825234528,1.8424176274383672
SpectralClustering,"{'n_clusters': 8, 'affinity': 'cosine', 'assign_labels': 'kmeans', 'random_state': 2022}",0.14209921063852432,531.4874532516691,1.8336014957491034
SpectralClustering,"{'n_clusters': 8, 'affinity': 'cosine', 'assign_labels': 'kmeans', 'random_state': 3033}",0.12795544746821755,498.57471400996087,1.9331641212681643
SpectralClustering,"{'n_clusters': 8, 'affinity': 'cosine', 'assign_labels': 'kmeans', 'random_state': 4044}",0.12853315134859317,501.429687487431,1.9245973111581485
SpectralClustering,"{'n_clusters': 8, 'affinity': 'cosine', 'assign_labels': 'kmeans', 'random_state': 5055}",0.12889527633539347,500.8691832244954,1.9345807831960598
SpectralClustering,"{'n_clusters': 8, 'affinity': 'cosine', 'assign_labels': 'kmeans', 'random_state': 6066}",0.1280602692635616,498.3390908349063,1.9353254191462934
SpectralClustering,"{'n_clusters': 8, 'affinity': 'cosine', 'assign_labels': 'discretize', 'random_state': 42}",0.13039376390003007,474.3537346398955,1.8850426874646233
SpectralClustering,"{'n_clusters': 8, 'affinity': 'cosine', 'assign_labels': 'discretize', 'random_state': 123}",0.12632966690597805,488.6928697800873,1.8286813096522252
SpectralClustering,"{'n_clusters': 8, 'affinity': 'cosine', 'assign_labels': 'discretize', 'random_state': 456}",0.1266645722971439,492.178056349704,1.8466515215939814
SpectralClustering,"{'n_clusters': 8, 'affinity': 'cosine', 'assign_labels': 'discretize', 'random_state': 789}",0.1267916048378565,489.3396416771879,1.823814315703479
SpectralClustering,"{'n_clusters': 8, 'affinity': 'cosine', 'assign_labels': 'discretize', 'random_state': 1011}",0.12487183818248482,490.10350903646355,1.8313222740584192
SpectralClustering,"{'n_clusters': 8, 'affinity': 'cosine', 'assign_labels': 'discretize', 'random_state': 2022}",0.12398439709153279,485.3535838832133,1.8268860275246022
SpectralClustering,"{'n_clusters': 8, 'affinity': 'cosine', 'assign_labels': 'discretize', 'random_state': 3033}",0.12608959289752708,488.7444089632995,1.8292142775744018
SpectralClustering,"{'n_clusters': 8, 'affinity': 'cosine', 'assign_labels': 'discretize', 'random_state': 4044}",0.12668767556236762,489.14314469422,1.8252225754193914
SpectralClustering,"{'n_clusters': 8, 'affinity': 'cosine', 'assign_labels': 'discretize', 'random_state': 5055}",0.1269126193869452,488.69224037052925,1.8141869762026392
SpectralClustering,"{'n_clusters': 8, 'affinity': 'cosine', 'assign_labels': 'discretize', 'random_state': 6066}",0.12649787329730494,487.9735612483679,1.8223224570873047
SpectralClustering,"{'n_clusters': 8, 'affinity': 'cosine', 'assign_labels': 'cluster_qr', 'random_state': 42}",0.05785608685842437,237.9590570065928,4.155870714527903
SpectralClustering,"{'n_clusters': 8, 'affinity': 'cosine', 'assign_labels': 'cluster_qr', 'random_state': 123}",0.05785608685842437,237.9590570065928,4.155870714527903
SpectralClustering,"{'n_clusters': 8, 'affinity': 'cosine', 'assign_labels': 'cluster_qr', 'random_state': 456}",0.05785608685842437,237.9590570065928,4.155870714527903
SpectralClustering,"{'n_clusters': 8, 'affinity': 'cosine', 'assign_labels': 'cluster_qr', 'random_state': 789}",0.05785608685842437,237.9590570065928,4.155870714527903
SpectralClustering,"{'n_clusters': 8, 'affinity': 'cosine', 'assign_labels': 'cluster_qr', 'random_state': 1011}",0.05785608685842437,237.9590570065928,4.155870714527903
SpectralClustering,"{'n_clusters': 8, 'affinity': 'cosine', 'assign_labels': 'cluster_qr', 'random_state': 2022}",0.05785608685842437,237.9590570065928,4.155870714527903
SpectralClustering,"{'n_clusters': 8, 'affinity': 'cosine', 'assign_labels': 'cluster_qr', 'random_state': 3033}",0.05785608685842437,237.9590570065928,4.155870714527903
SpectralClustering,"{'n_clusters': 8, 'affinity': 'cosine', 'assign_labels': 'cluster_qr', 'random_state': 4044}",0.05785608685842437,237.9590570065928,4.155870714527903
SpectralClustering,"{'n_clusters': 8, 'affinity': 'cosine', 'assign_labels': 'cluster_qr', 'random_state': 5055}",0.05785608685842437,237.9590570065928,4.155870714527903
SpectralClustering,"{'n_clusters': 8, 'affinity': 'cosine', 'assign_labels': 'cluster_qr', 'random_state': 6066}",0.05785608685842437,237.9590570065928,4.155870714527903
SpectralClustering,"{'n_clusters': 8, 'affinity': 'linear', 'assign_labels': 'kmeans', 'random_state': 42}",0.12662103726349536,497.7716212855765,1.9022583105555175
SpectralClustering,"{'n_clusters': 8, 'affinity': 'linear', 'assign_labels': 'kmeans', 'random_state': 123}",0.12585943440324973,496.9633770766103,1.913135494492845
SpectralClustering,"{'n_clusters': 8, 'affinity': 'linear', 'assign_labels': 'kmeans', 'random_state': 456}",0.1286680646987912,498.8738612805675,1.9282580629844541
SpectralClustering,"{'n_clusters': 8, 'affinity': 'linear', 'assign_labels': 'kmeans', 'random_state': 789}",0.12667321150275931,497.88138824390035,1.8717198088239622
SpectralClustering,"{'n_clusters': 8, 'affinity': 'linear', 'assign_labels': 'kmeans', 'random_state': 1011}",0.1275603009273945,498.2443567086531,1.9039864599578724
SpectralClustering,"{'n_clusters': 8, 'affinity': 'linear', 'assign_labels': 'kmeans', 'random_state': 2022}",0.12706397062956815,498.9873030049073,1.9099289531486803
SpectralClustering,"{'n_clusters': 8, 'affinity': 'linear', 'assign_labels': 'kmeans', 'random_state': 3033}",0.1268826090082647,493.56422641715034,1.9033303962196286
SpectralClustering,"{'n_clusters': 8, 'affinity': 'linear', 'assign_labels': 'kmeans', 'random_state': 4044}",0.1288203889753248,498.56623590542534,1.919632131331784
SpectralClustering,"{'n_clusters': 8, 'affinity': 'linear', 'assign_labels': 'kmeans', 'random_state': 5055}",0.12746928883326816,496.60554344701825,1.9184239500574498
SpectralClustering,"{'n_clusters': 8, 'affinity': 'linear', 'assign_labels': 'kmeans', 'random_state': 6066}",0.12714452896065503,497.7471313350106,1.9005427689688377
SpectralClustering,"{'n_clusters': 8, 'affinity': 'linear', 'assign_labels': 'discretize', 'random_state': 42}",0.12810761581818692,487.96844648024233,1.8217742375979231
SpectralClustering,"{'n_clusters': 8, 'affinity': 'linear', 'assign_labels': 'discretize', 'random_state': 123}",0.12748989957192547,488.30197070449327,1.8252296577867178
SpectralClustering,"{'n_clusters': 8, 'affinity': 'linear', 'assign_labels': 'discretize', 'random_state': 456}",0.12867837547319533,489.46807797369615,1.8159919409920335
SpectralClustering,"{'n_clusters': 8, 'affinity': 'linear', 'assign_labels': 'discretize', 'random_state': 789}",0.12720336658566817,487.6374847450004,1.8145604602197536
SpectralClustering,"{'n_clusters': 8, 'affinity': 'linear', 'assign_labels': 'discretize', 'random_state': 1011}",0.12802291039675456,490.75353825170475,1.8322748219843172
SpectralClustering,"{'n_clusters': 8, 'affinity': 'linear', 'assign_labels': 'discretize', 'random_state': 2022}",0.1279290381437026,487.7764352542527,1.8163742357295005
SpectralClustering,"{'n_clusters': 8, 'affinity': 'linear', 'assign_labels': 'discretize', 'random_state': 3033}",0.1278644366517115,488.5327188864328,1.812013860727279
SpectralClustering,"{'n_clusters': 8, 'affinity': 'linear', 'assign_labels': 'discretize', 'random_state': 4044}",0.12283065488247372,486.8782968044425,1.8165090788266474
SpectralClustering,"{'n_clusters': 8, 'affinity': 'linear', 'assign_labels': 'discretize', 'random_state': 5055}",0.13634316444046138,495.0598495532575,1.914282763261427
SpectralClustering,"{'n_clusters': 8, 'affinity': 'linear', 'assign_labels': 'discretize', 'random_state': 6066}",0.12626369597585885,485.7000460978192,1.8482802902396882
SpectralClustering,"{'n_clusters': 8, 'affinity': 'linear', 'assign_labels': 'cluster_qr', 'random_state': 42}",0.06752000786988273,250.5172935994004,3.7774762239859627
SpectralClustering,"{'n_clusters': 8, 'affinity': 'linear', 'assign_labels': 'cluster_qr', 'random_state': 123}",0.06752000786988273,250.5172935994004,3.7774762239859627
SpectralClustering,"{'n_clusters': 8, 'affinity': 'linear', 'assign_labels': 'cluster_qr', 'random_state': 456}",0.06752000786988273,250.5172935994004,3.7774762239859627
SpectralClustering,"{'n_clusters': 8, 'affinity': 'linear', 'assign_labels': 'cluster_qr', 'random_state': 789}",0.06752000786988273,250.5172935994004,3.7774762239859627
SpectralClustering,"{'n_clusters': 8, 'affinity': 'linear', 'assign_labels': 'cluster_qr', 'random_state': 1011}",0.06752000786988273,250.5172935994004,3.7774762239859627
SpectralClustering,"{'n_clusters': 8, 'affinity': 'linear', 'assign_labels': 'cluster_qr', 'random_state': 2022}",0.06752000786988273,250.5172935994004,3.7774762239859627
SpectralClustering,"{'n_clusters': 8, 'affinity': 'linear', 'assign_labels': 'cluster_qr', 'random_state': 3033}",0.06752000786988273,250.5172935994004,3.7774762239859627
SpectralClustering,"{'n_clusters': 8, 'affinity': 'linear', 'assign_labels': 'cluster_qr', 'random_state': 4044}",0.06752000786988273,250.5172935994004,3.7774762239859627
SpectralClustering,"{'n_clusters': 8, 'affinity': 'linear', 'assign_labels': 'cluster_qr', 'random_state': 5055}",0.06752000786988273,250.5172935994004,3.7774762239859627
SpectralClustering,"{'n_clusters': 8, 'affinity': 'linear', 'assign_labels': 'cluster_qr', 'random_state': 6066}",0.06752000786988273,250.5172935994004,3.7774762239859627
SpectralClustering,"{'n_clusters': 8, 'affinity': 'polynomial', 'assign_labels': 'kmeans', 'random_state': 42}",0.1485051678463711,562.9049435993035,1.6827942842766839
SpectralClustering,"{'n_clusters': 8, 'affinity': 'polynomial', 'assign_labels': 'kmeans', 'random_state': 123}",0.14813222156145678,562.9610144418507,1.6838403760526481
SpectralClustering,"{'n_clusters': 8, 'affinity': 'polynomial', 'assign_labels': 'kmeans', 'random_state': 456}",0.1478429804317535,561.7314848543447,1.6943499830066266
SpectralClustering,"{'n_clusters': 8, 'affinity': 'polynomial', 'assign_labels': 'kmeans', 'random_state': 789}",0.148054080539551,563.0618958821486,1.684495034156324
SpectralClustering,"{'n_clusters': 8, 'affinity': 'polynomial', 'assign_labels': 'kmeans', 'random_state': 1011}",0.14858505438400343,563.0125120968747,1.6826585137894896
SpectralClustering,"{'n_clusters': 8, 'affinity': 'polynomial', 'assign_labels': 'kmeans', 'random_state': 2022}",0.14770257311682305,562.5639555865943,1.6957165637924705
SpectralClustering,"{'n_clusters': 8, 'affinity': 'polynomial', 'assign_labels': 'kmeans', 'random_state': 3033}",0.14772415053151142,562.6081174401135,1.6952405700321709
SpectralClustering,"{'n_clusters': 8, 'affinity': 'polynomial', 'assign_labels': 'kmeans', 'random_state': 4044}",0.14790883236968186,562.7552009685062,1.6953840899088615
SpectralClustering,"{'n_clusters': 8, 'affinity': 'polynomial', 'assign_labels': 'kmeans', 'random_state': 5055}",0.14774275046222557,562.653164513875,1.694756234224384
SpectralClustering,"{'n_clusters': 8, 'affinity': 'polynomial', 'assign_labels': 'kmeans', 'random_state': 6066}",0.1481601463451922,563.1356218624344,1.686630692650857
SpectralClustering,"{'n_clusters': 8, 'affinity': 'polynomial', 'assign_labels': 'discretize', 'random_state': 42}",0.13184066764785946,546.898643279205,1.530794890765795
SpectralClustering,"{'n_clusters': 8, 'affinity': 'polynomial', 'assign_labels': 'discretize', 'random_state': 123}",0.13231716618535738,547.7986014438463,1.5300451199453962
SpectralClustering,"{'n_clusters': 8, 'affinity': 'polynomial', 'assign_labels': 'discretize', 'random_state': 456}",0.13785753389761113,545.6025192708967,1.517054872327864
SpectralClustering,"{'n_clusters': 8, 'affinity': 'polynomial', 'assign_labels': 'discretize', 'random_state': 789}",0.13257973588269983,546.9497797339093,1.532044636964687
SpectralClustering,"{'n_clusters': 8, 'affinity': 'polynomial', 'assign_labels': 'discretize', 'random_state': 1011}",0.1363204028744492,531.027100918954,1.6214949531388312
SpectralClustering,"{'n_clusters': 8, 'affinity': 'polynomial', 'assign_labels': 'discretize', 'random_state': 2022}",0.13423148274326815,548.9399256181717,1.522340135124304
SpectralClustering,"{'n_clusters': 8, 'affinity': 'polynomial', 'assign_labels': 'discretize', 'random_state': 3033}",0.13565391691751008,547.8395736715096,1.5212590727692763
SpectralClustering,"{'n_clusters': 8, 'affinity': 'polynomial', 'assign_labels': 'discretize', 'random_state': 4044}",0.13785753389761113,545.6025192708966,1.517054872327864
SpectralClustering,"{'n_clusters': 8, 'affinity': 'polynomial', 'assign_labels': 'discretize', 'random_state': 5055}",0.13790468577826503,545.7690328002175,1.5164705763622677
SpectralClustering,"{'n_clusters': 8, 'affinity': 'polynomial', 'assign_labels': 'discretize', 'random_state': 6066}",0.13832576805020455,547.9779164428294,1.5186742269020446
SpectralClustering,"{'n_clusters': 8, 'affinity': 'polynomial', 'assign_labels': 'cluster_qr', 'random_state': 42}",0.11141811092534523,385.5067321933797,1.922339848366216
SpectralClustering,"{'n_clusters': 8, 'affinity': 'polynomial', 'assign_labels': 'cluster_qr', 'random_state': 123}",0.11141811092534523,385.5067321933797,1.922339848366216
SpectralClustering,"{'n_clusters': 8, 'affinity': 'polynomial', 'assign_labels': 'cluster_qr', 'random_state': 456}",0.11141811092534523,385.5067321933797,1.922339848366216
SpectralClustering,"{'n_clusters': 8, 'affinity': 'polynomial', 'assign_labels': 'cluster_qr', 'random_state': 789}",0.11141811092534523,385.5067321933797,1.922339848366216
SpectralClustering,"{'n_clusters': 8, 'affinity': 'polynomial', 'assign_labels': 'cluster_qr', 'random_state': 1011}",0.11141811092534523,385.5067321933797,1.922339848366216
SpectralClustering,"{'n_clusters': 8, 'affinity': 'polynomial', 'assign_labels': 'cluster_qr', 'random_state': 2022}",0.11141811092534523,385.5067321933797,1.922339848366216
SpectralClustering,"{'n_clusters': 8, 'affinity': 'polynomial', 'assign_labels': 'cluster_qr', 'random_state': 3033}",0.11141811092534523,385.5067321933797,1.922339848366216
SpectralClustering,"{'n_clusters': 8, 'affinity': 'polynomial', 'assign_labels': 'cluster_qr', 'random_state': 4044}",0.11141811092534523,385.5067321933797,1.922339848366216
SpectralClustering,"{'n_clusters': 8, 'affinity': 'polynomial', 'assign_labels': 'cluster_qr', 'random_state': 5055}",0.11141811092534523,385.5067321933797,1.922339848366216
SpectralClustering,"{'n_clusters': 8, 'affinity': 'polynomial', 'assign_labels': 'cluster_qr', 'random_state': 6066}",0.11141811092534523,385.5067321933797,1.922339848366216
SpectralClustering,"{'n_clusters': 8, 'affinity': 'poly', 'assign_labels': 'kmeans', 'random_state': 42}",0.1485051678463711,562.9049435993035,1.6827942842766839
SpectralClustering,"{'n_clusters': 8, 'affinity': 'poly', 'assign_labels': 'kmeans', 'random_state': 123}",0.14813222156145678,562.9610144418507,1.6838403760526481
SpectralClustering,"{'n_clusters': 8, 'affinity': 'poly', 'assign_labels': 'kmeans', 'random_state': 456}",0.1478429804317535,561.7314848543447,1.6943499830066266
SpectralClustering,"{'n_clusters': 8, 'affinity': 'poly', 'assign_labels': 'kmeans', 'random_state': 789}",0.148054080539551,563.0618958821486,1.684495034156324
SpectralClustering,"{'n_clusters': 8, 'affinity': 'poly', 'assign_labels': 'kmeans', 'random_state': 1011}",0.14858505438400343,563.0125120968747,1.6826585137894896
SpectralClustering,"{'n_clusters': 8, 'affinity': 'poly', 'assign_labels': 'kmeans', 'random_state': 2022}",0.14770257311682305,562.5639555865943,1.6957165637924705
SpectralClustering,"{'n_clusters': 8, 'affinity': 'poly', 'assign_labels': 'kmeans', 'random_state': 3033}",0.14772415053151142,562.6081174401135,1.6952405700321709
SpectralClustering,"{'n_clusters': 8, 'affinity': 'poly', 'assign_labels': 'kmeans', 'random_state': 4044}",0.14790883236968186,562.7552009685062,1.6953840899088615
SpectralClustering,"{'n_clusters': 8, 'affinity': 'poly', 'assign_labels': 'kmeans', 'random_state': 5055}",0.14774275046222557,562.653164513875,1.694756234224384
SpectralClustering,"{'n_clusters': 8, 'affinity': 'poly', 'assign_labels': 'kmeans', 'random_state': 6066}",0.1481601463451922,563.1356218624344,1.686630692650857
SpectralClustering,"{'n_clusters': 8, 'affinity': 'poly', 'assign_labels': 'discretize', 'random_state': 42}",0.13184066764785946,546.898643279205,1.530794890765795
SpectralClustering,"{'n_clusters': 8, 'affinity': 'poly', 'assign_labels': 'discretize', 'random_state': 123}",0.13231716618535738,547.7986014438463,1.5300451199453962
SpectralClustering,"{'n_clusters': 8, 'affinity': 'poly', 'assign_labels': 'discretize', 'random_state': 456}",0.13785753389761113,545.6025192708967,1.517054872327864
SpectralClustering,"{'n_clusters': 8, 'affinity': 'poly', 'assign_labels': 'discretize', 'random_state': 789}",0.13257973588269983,546.9497797339093,1.532044636964687
SpectralClustering,"{'n_clusters': 8, 'affinity': 'poly', 'assign_labels': 'discretize', 'random_state': 1011}",0.1363204028744492,531.027100918954,1.6214949531388312
SpectralClustering,"{'n_clusters': 8, 'affinity': 'poly', 'assign_labels': 'discretize', 'random_state': 2022}",0.13423148274326815,548.9399256181717,1.522340135124304
SpectralClustering,"{'n_clusters': 8, 'affinity': 'poly', 'assign_labels': 'discretize', 'random_state': 3033}",0.13565391691751008,547.8395736715096,1.5212590727692763
SpectralClustering,"{'n_clusters': 8, 'affinity': 'poly', 'assign_labels': 'discretize', 'random_state': 4044}",0.13785753389761113,545.6025192708966,1.517054872327864
SpectralClustering,"{'n_clusters': 8, 'affinity': 'poly', 'assign_labels': 'discretize', 'random_state': 5055}",0.13790468577826503,545.7690328002175,1.5164705763622677
SpectralClustering,"{'n_clusters': 8, 'affinity': 'poly', 'assign_labels': 'discretize', 'random_state': 6066}",0.13832576805020455,547.9779164428294,1.5186742269020446
SpectralClustering,"{'n_clusters': 8, 'affinity': 'poly', 'assign_labels': 'cluster_qr', 'random_state': 42}",0.11141811092534523,385.5067321933797,1.922339848366216
SpectralClustering,"{'n_clusters': 8, 'affinity': 'poly', 'assign_labels': 'cluster_qr', 'random_state': 123}",0.11141811092534523,385.5067321933797,1.922339848366216
SpectralClustering,"{'n_clusters': 8, 'affinity': 'poly', 'assign_labels': 'cluster_qr', 'random_state': 456}",0.11141811092534523,385.5067321933797,1.922339848366216
SpectralClustering,"{'n_clusters': 8, 'affinity': 'poly', 'assign_labels': 'cluster_qr', 'random_state': 789}",0.11141811092534523,385.5067321933797,1.922339848366216
SpectralClustering,"{'n_clusters': 8, 'affinity': 'poly', 'assign_labels': 'cluster_qr', 'random_state': 1011}",0.11141811092534523,385.5067321933797,1.922339848366216
SpectralClustering,"{'n_clusters': 8, 'affinity': 'poly', 'assign_labels': 'cluster_qr', 'random_state': 2022}",0.11141811092534523,385.5067321933797,1.922339848366216
SpectralClustering,"{'n_clusters': 8, 'affinity': 'poly', 'assign_labels': 'cluster_qr', 'random_state': 3033}",0.11141811092534523,385.5067321933797,1.922339848366216
SpectralClustering,"{'n_clusters': 8, 'affinity': 'poly', 'assign_labels': 'cluster_qr', 'random_state': 4044}",0.11141811092534523,385.5067321933797,1.922339848366216
SpectralClustering,"{'n_clusters': 8, 'affinity': 'poly', 'assign_labels': 'cluster_qr', 'random_state': 5055}",0.11141811092534523,385.5067321933797,1.922339848366216
SpectralClustering,"{'n_clusters': 8, 'affinity': 'poly', 'assign_labels': 'cluster_qr', 'random_state': 6066}",0.11141811092534523,385.5067321933797,1.922339848366216
SpectralClustering,"{'n_clusters': 8, 'affinity': 'sigmoid', 'assign_labels': 'kmeans', 'random_state': 42}",-0.061216558409132545,5.266565803272988,4.072338931501733
SpectralClustering,"{'n_clusters': 8, 'affinity': 'sigmoid', 'assign_labels': 'kmeans', 'random_state': 123}",-0.2930274158656841,4.884634038623044,1.738960063034205
SpectralClustering,"{'n_clusters': 8, 'affinity': 'sigmoid', 'assign_labels': 'kmeans', 'random_state': 456}",-0.08499520091439135,5.781034508236918,5.897801372613371
SpectralClustering,"{'n_clusters': 8, 'affinity': 'sigmoid', 'assign_labels': 'kmeans', 'random_state': 789}",-0.26583724523407365,4.473509960927899,13.772270684855906
SpectralClustering,"{'n_clusters': 8, 'affinity': 'sigmoid', 'assign_labels': 'kmeans', 'random_state': 1011}",-0.20494879495213703,4.698565463631302,2.6758263917004266
SpectralClustering,"{'n_clusters': 8, 'affinity': 'sigmoid', 'assign_labels': 'kmeans', 'random_state': 2022}",-0.1830654897904301,4.62324850101055,9.34679215651937
SpectralClustering,"{'n_clusters': 8, 'affinity': 'sigmoid', 'assign_labels': 'kmeans', 'random_state': 3033}",-0.0712615337261404,6.1963010724821475,7.080618257029325
SpectralClustering,"{'n_clusters': 8, 'affinity': 'sigmoid', 'assign_labels': 'kmeans', 'random_state': 4044}",-0.08545390479058765,4.826048872068979,5.915030085335303
SpectralClustering,"{'n_clusters': 8, 'affinity': 'sigmoid', 'assign_labels': 'kmeans', 'random_state': 5055}",-0.2673865331769882,4.593172134299868,2.6151917546022014
SpectralClustering,"{'n_clusters': 8, 'affinity': 'sigmoid', 'assign_labels': 'kmeans', 'random_state': 6066}",-0.33989605196578515,4.519729104502124,5.835313732655838
SpectralClustering,"{'n_clusters': 8, 'affinity': 'sigmoid', 'assign_labels': 'discretize', 'random_state': 42}",-0.10349136184603802,3.99466349324351,13.689406924247129
SpectralClustering,"{'n_clusters': 8, 'affinity': 'sigmoid', 'assign_labels': 'discretize', 'random_state': 123}",-0.09882188791915913,4.606175530094953,10.62005823872825
SpectralClustering,"{'n_clusters': 8, 'affinity': 'sigmoid', 'assign_labels': 'discretize', 'random_state': 456}",-0.06314273697492966,4.136552893387519,14.79877124354902
SpectralClustering,"{'n_clusters': 8, 'affinity': 'sigmoid', 'assign_labels': 'discretize', 'random_state': 789}",-0.07347848866384528,5.805895710396009,16.051018785301764
SpectralClustering,"{'n_clusters': 8, 'affinity': 'sigmoid', 'assign_labels': 'discretize', 'random_state': 1011}",-0.08720721036109585,2.33896743739459,15.752976690993993
SpectralClustering,"{'n_clusters': 8, 'affinity': 'sigmoid', 'assign_labels': 'discretize', 'random_state': 2022}",-0.061390105856349506,4.719956792523785,16.66209933056024
SpectralClustering,"{'n_clusters': 8, 'affinity': 'sigmoid', 'assign_labels': 'discretize', 'random_state': 3033}",-0.06288033991109429,4.338422129418152,13.833985004198563
SpectralClustering,"{'n_clusters': 8, 'affinity': 'sigmoid', 'assign_labels': 'discretize', 'random_state': 4044}",-0.07597880634779614,4.654813808644845,16.436507111925874
SpectralClustering,"{'n_clusters': 8, 'affinity': 'sigmoid', 'assign_labels': 'discretize', 'random_state': 5055}",-0.05579679221929131,3.9723663845850563,15.145958406636327
SpectralClustering,"{'n_clusters': 8, 'affinity': 'sigmoid', 'assign_labels': 'discretize', 'random_state': 6066}",-0.09676358680812933,3.5025557907186013,13.955249516405427
SpectralClustering,"{'n_clusters': 8, 'affinity': 'sigmoid', 'assign_labels': 'cluster_qr', 'random_state': 42}",-0.06275635747339717,1.7710596373704242,21.472504837581354
SpectralClustering,"{'n_clusters': 8, 'affinity': 'sigmoid', 'assign_labels': 'cluster_qr', 'random_state': 123}",-0.03943449675767752,1.9398379884563361,22.515411776044214
SpectralClustering,"{'n_clusters': 8, 'affinity': 'sigmoid', 'assign_labels': 'cluster_qr', 'random_state': 456}",-0.014812391372742765,3.439555177014133,15.412353947788572
SpectralClustering,"{'n_clusters': 8, 'affinity': 'sigmoid', 'assign_labels': 'cluster_qr', 'random_state': 789}",-0.041279386761410165,2.0644768349963543,21.913214473190713
SpectralClustering,"{'n_clusters': 8, 'affinity': 'sigmoid', 'assign_labels': 'cluster_qr', 'random_state': 1011}",-0.0136167282010084,2.1003888195863487,18.897538309538312
SpectralClustering,"{'n_clusters': 8, 'affinity': 'sigmoid', 'assign_labels': 'cluster_qr', 'random_state': 2022}",-0.042546004590133614,1.8175589818463747,24.69835262134907
SpectralClustering,"{'n_clusters': 8, 'affinity': 'sigmoid', 'assign_labels': 'cluster_qr', 'random_state': 3033}",-0.02407032818209973,1.4325403833058643,29.785623860742056
SpectralClustering,"{'n_clusters': 8, 'affinity': 'sigmoid', 'assign_labels': 'cluster_qr', 'random_state': 4044}",-0.04968717906256159,2.161566558017664,25.51385954267787
SpectralClustering,"{'n_clusters': 8, 'affinity': 'sigmoid', 'assign_labels': 'cluster_qr', 'random_state': 5055}",-0.04012499175997431,2.0444617304807693,19.848266072033823
SpectralClustering,"{'n_clusters': 8, 'affinity': 'sigmoid', 'assign_labels': 'cluster_qr', 'random_state': 6066}",-0.03730748030823141,1.8939231867235777,17.800129635093164
SpectralClustering,"{'n_clusters': 9, 'affinity': 'rbf', 'assign_labels': 'kmeans', 'random_state': 42}",0.16645602742043444,93.13195740141583,1.3198341239177902
SpectralClustering,"{'n_clusters': 9, 'affinity': 'rbf', 'assign_labels': 'kmeans', 'random_state': 123}",0.16512292542418702,93.09673330412002,1.3127779372122914
SpectralClustering,"{'n_clusters': 9, 'affinity': 'rbf', 'assign_labels': 'kmeans', 'random_state': 456}",0.18568252945341038,128.60106314319802,1.3245444844473768
SpectralClustering,"{'n_clusters': 9, 'affinity': 'rbf', 'assign_labels': 'kmeans', 'random_state': 789}",0.16512292542418702,93.09673330412002,1.3127779372122914
SpectralClustering,"{'n_clusters': 9, 'affinity': 'rbf', 'assign_labels': 'kmeans', 'random_state': 1011}",0.16512292542418702,93.09673330412002,1.3127779372122914
SpectralClustering,"{'n_clusters': 9, 'affinity': 'rbf', 'assign_labels': 'kmeans', 'random_state': 2022}",0.16772562607121846,92.56662665398835,1.31443564054585
SpectralClustering,"{'n_clusters': 9, 'affinity': 'rbf', 'assign_labels': 'kmeans', 'random_state': 3033}",0.16465578609065754,93.4069687882362,1.3187730460291993
SpectralClustering,"{'n_clusters': 9, 'affinity': 'rbf', 'assign_labels': 'kmeans', 'random_state': 4044}",0.18568252945341038,128.60106314319802,1.3245444844473768
SpectralClustering,"{'n_clusters': 9, 'affinity': 'rbf', 'assign_labels': 'kmeans', 'random_state': 5055}",0.16465578609065754,93.4069687882362,1.3187730460291995
SpectralClustering,"{'n_clusters': 9, 'affinity': 'rbf', 'assign_labels': 'kmeans', 'random_state': 6066}",0.16645602742043444,93.13195740141583,1.31983412391779
SpectralClustering,"{'n_clusters': 9, 'affinity': 'rbf', 'assign_labels': 'discretize', 'random_state': 42}",0.2609113472900413,314.35924174410536,1.4059412725233729
SpectralClustering,"{'n_clusters': 9, 'affinity': 'rbf', 'assign_labels': 'discretize', 'random_state': 123}",0.2609113472900413,314.35924174410525,1.4059412725233729
SpectralClustering,"{'n_clusters': 9, 'affinity': 'rbf', 'assign_labels': 'discretize', 'random_state': 456}",0.2609113472900413,314.3592417441053,1.405941272523373
SpectralClustering,"{'n_clusters': 9, 'affinity': 'rbf', 'assign_labels': 'discretize', 'random_state': 789}",0.2609113472900413,314.35924174410536,1.4059412725233729
SpectralClustering,"{'n_clusters': 9, 'affinity': 'rbf', 'assign_labels': 'discretize', 'random_state': 1011}",0.2609113472900413,314.35924174410525,1.4059412725233729
SpectralClustering,"{'n_clusters': 9, 'affinity': 'rbf', 'assign_labels': 'discretize', 'random_state': 2022}",0.2609113472900413,314.35924174410525,1.4059412725233729
SpectralClustering,"{'n_clusters': 9, 'affinity': 'rbf', 'assign_labels': 'discretize', 'random_state': 3033}",0.2609113472900413,314.35924174410525,1.4059412725233729
SpectralClustering,"{'n_clusters': 9, 'affinity': 'rbf', 'assign_labels': 'discretize', 'random_state': 4044}",0.2609113472900413,314.35924174410525,1.4059412725233729
SpectralClustering,"{'n_clusters': 9, 'affinity': 'rbf', 'assign_labels': 'discretize', 'random_state': 5055}",0.2609113472900413,314.35924174410536,1.4059412725233729
SpectralClustering,"{'n_clusters': 9, 'affinity': 'rbf', 'assign_labels': 'discretize', 'random_state': 6066}",0.2609113472900413,314.35924174410525,1.4059412725233729
SpectralClustering,"{'n_clusters': 9, 'affinity': 'rbf', 'assign_labels': 'cluster_qr', 'random_state': 42}",0.2626902979834358,309.0683810559805,1.4689852592115882
SpectralClustering,"{'n_clusters': 9, 'affinity': 'rbf', 'assign_labels': 'cluster_qr', 'random_state': 123}",0.2626902979834358,309.0683810559805,1.4689852592115882
SpectralClustering,"{'n_clusters': 9, 'affinity': 'rbf', 'assign_labels': 'cluster_qr', 'random_state': 456}",0.2626902979834358,309.0683810559805,1.4689852592115882
SpectralClustering,"{'n_clusters': 9, 'affinity': 'rbf', 'assign_labels': 'cluster_qr', 'random_state': 789}",0.2626902979834358,309.0683810559805,1.4689852592115882
SpectralClustering,"{'n_clusters': 9, 'affinity': 'rbf', 'assign_labels': 'cluster_qr', 'random_state': 1011}",0.2626902979834358,309.0683810559805,1.4689852592115882
SpectralClustering,"{'n_clusters': 9, 'affinity': 'rbf', 'assign_labels': 'cluster_qr', 'random_state': 2022}",0.2626902979834358,309.0683810559805,1.4689852592115882
SpectralClustering,"{'n_clusters': 9, 'affinity': 'rbf', 'assign_labels': 'cluster_qr', 'random_state': 3033}",0.2626902979834358,309.0683810559805,1.4689852592115882
SpectralClustering,"{'n_clusters': 9, 'affinity': 'rbf', 'assign_labels': 'cluster_qr', 'random_state': 4044}",0.2626902979834358,309.0683810559805,1.4689852592115882
SpectralClustering,"{'n_clusters': 9, 'affinity': 'rbf', 'assign_labels': 'cluster_qr', 'random_state': 5055}",0.2626902979834358,309.0683810559805,1.4689852592115882
SpectralClustering,"{'n_clusters': 9, 'affinity': 'rbf', 'assign_labels': 'cluster_qr', 'random_state': 6066}",0.2626902979834358,309.0683810559805,1.4689852592115882
SpectralClustering,"{'n_clusters': 9, 'affinity': 'nearest_neighbors', 'assign_labels': 'kmeans', 'random_state': 42, 'n_neighbors': 5}",0.15275951901492568,497.6001888209127,1.5884114939295653
SpectralClustering,"{'n_clusters': 9, 'affinity': 'nearest_neighbors', 'assign_labels': 'kmeans', 'random_state': 123, 'n_neighbors': 5}",0.15275951901492568,497.6001888209126,1.5884114939295653
SpectralClustering,"{'n_clusters': 9, 'affinity': 'nearest_neighbors', 'assign_labels': 'kmeans', 'random_state': 456, 'n_neighbors': 5}",0.15275951901492568,497.6001888209127,1.5884114939295653
SpectralClustering,"{'n_clusters': 9, 'affinity': 'nearest_neighbors', 'assign_labels': 'kmeans', 'random_state': 789, 'n_neighbors': 5}",0.15275951901492568,497.6001888209126,1.588411493929565
SpectralClustering,"{'n_clusters': 9, 'affinity': 'nearest_neighbors', 'assign_labels': 'kmeans', 'random_state': 1011, 'n_neighbors': 5}",0.15275951901492568,497.6001888209127,1.588411493929565
SpectralClustering,"{'n_clusters': 9, 'affinity': 'nearest_neighbors', 'assign_labels': 'kmeans', 'random_state': 2022, 'n_neighbors': 5}",0.15277898363726913,497.4702372347987,1.5874260019853
SpectralClustering,"{'n_clusters': 9, 'affinity': 'nearest_neighbors', 'assign_labels': 'kmeans', 'random_state': 3033, 'n_neighbors': 5}",0.15315995110947822,496.49244805602615,1.582863307589439
SpectralClustering,"{'n_clusters': 9, 'affinity': 'nearest_neighbors', 'assign_labels': 'kmeans', 'random_state': 4044, 'n_neighbors': 5}",0.15275951901492568,497.60018882091254,1.5884114939295653
SpectralClustering,"{'n_clusters': 9, 'affinity': 'nearest_neighbors', 'assign_labels': 'kmeans', 'random_state': 5055, 'n_neighbors': 5}",0.1530838614651976,497.4486327657182,1.5862843923719174
SpectralClustering,"{'n_clusters': 9, 'affinity': 'nearest_neighbors', 'assign_labels': 'kmeans', 'random_state': 6066, 'n_neighbors': 5}",0.15275951901492568,497.6001888209126,1.5884114939295653
SpectralClustering,"{'n_clusters': 9, 'affinity': 'nearest_neighbors', 'assign_labels': 'discretize', 'random_state': 42, 'n_neighbors': 5}",0.1581189703894861,494.5702119922447,1.6029355912273304
SpectralClustering,"{'n_clusters': 9, 'affinity': 'nearest_neighbors', 'assign_labels': 'discretize', 'random_state': 123, 'n_neighbors': 5}",0.1580503181794866,494.43563220226036,1.6028580339853107
SpectralClustering,"{'n_clusters': 9, 'affinity': 'nearest_neighbors', 'assign_labels': 'discretize', 'random_state': 456, 'n_neighbors': 5}",0.1581189703894861,494.57021199224465,1.6029355912273304
SpectralClustering,"{'n_clusters': 9, 'affinity': 'nearest_neighbors', 'assign_labels': 'discretize', 'random_state': 789, 'n_neighbors': 5}",0.15812888689232468,494.4274949180626,1.6014958247829916
SpectralClustering,"{'n_clusters': 9, 'affinity': 'nearest_neighbors', 'assign_labels': 'discretize', 'random_state': 1011, 'n_neighbors': 5}",0.1581189703894861,494.5702119922444,1.6029355912273302
SpectralClustering,"{'n_clusters': 9, 'affinity': 'nearest_neighbors', 'assign_labels': 'discretize', 'random_state': 2022, 'n_neighbors': 5}",0.15806023589145715,494.29296110032556,1.6014180340421122
SpectralClustering,"{'n_clusters': 9, 'affinity': 'nearest_neighbors', 'assign_labels': 'discretize', 'random_state': 3033, 'n_neighbors': 5}",0.15812888689232468,494.4274949180627,1.6014958247829914
SpectralClustering,"{'n_clusters': 9, 'affinity': 'nearest_neighbors', 'assign_labels': 'discretize', 'random_state': 4044, 'n_neighbors': 5}",0.15812888689232468,494.4274949180625,1.6014958247829916
SpectralClustering,"{'n_clusters': 9, 'affinity': 'nearest_neighbors', 'assign_labels': 'discretize', 'random_state': 5055, 'n_neighbors': 5}",0.15812888689232468,494.4274949180627,1.6014958247829914
SpectralClustering,"{'n_clusters': 9, 'affinity': 'nearest_neighbors', 'assign_labels': 'discretize', 'random_state': 6066, 'n_neighbors': 5}",0.15812888689232468,494.4274949180627,1.6014958247829916
SpectralClustering,"{'n_clusters': 9, 'affinity': 'nearest_neighbors', 'assign_labels': 'cluster_qr', 'random_state': 42, 'n_neighbors': 5}",0.10019327258504476,478.92790017190146,1.6502250525230169
SpectralClustering,"{'n_clusters': 9, 'affinity': 'nearest_neighbors', 'assign_labels': 'cluster_qr', 'random_state': 123, 'n_neighbors': 5}",0.10019327258504476,478.92790017190146,1.6502250525230169
SpectralClustering,"{'n_clusters': 9, 'affinity': 'nearest_neighbors', 'assign_labels': 'cluster_qr', 'random_state': 456, 'n_neighbors': 5}",0.10019327258504476,478.92790017190146,1.6502250525230169
SpectralClustering,"{'n_clusters': 9, 'affinity': 'nearest_neighbors', 'assign_labels': 'cluster_qr', 'random_state': 789, 'n_neighbors': 5}",0.10019327258504476,478.92790017190146,1.6502250525230169
SpectralClustering,"{'n_clusters': 9, 'affinity': 'nearest_neighbors', 'assign_labels': 'cluster_qr', 'random_state': 1011, 'n_neighbors': 5}",0.10019327258504476,478.92790017190146,1.6502250525230169
SpectralClustering,"{'n_clusters': 9, 'affinity': 'nearest_neighbors', 'assign_labels': 'cluster_qr', 'random_state': 2022, 'n_neighbors': 5}",0.10019327258504476,478.92790017190146,1.6502250525230169
SpectralClustering,"{'n_clusters': 9, 'affinity': 'nearest_neighbors', 'assign_labels': 'cluster_qr', 'random_state': 3033, 'n_neighbors': 5}",0.10019327258504476,478.92790017190146,1.6502250525230169
SpectralClustering,"{'n_clusters': 9, 'affinity': 'nearest_neighbors', 'assign_labels': 'cluster_qr', 'random_state': 4044, 'n_neighbors': 5}",0.10019327258504476,478.92790017190146,1.6502250525230169
SpectralClustering,"{'n_clusters': 9, 'affinity': 'nearest_neighbors', 'assign_labels': 'cluster_qr', 'random_state': 5055, 'n_neighbors': 5}",0.10019327258504476,478.92790017190146,1.6502250525230169
SpectralClustering,"{'n_clusters': 9, 'affinity': 'nearest_neighbors', 'assign_labels': 'cluster_qr', 'random_state': 6066, 'n_neighbors': 5}",0.10019327258504476,478.92790017190146,1.6502250525230169
SpectralClustering,"{'n_clusters': 9, 'affinity': 'nearest_neighbors', 'assign_labels': 'kmeans', 'random_state': 42, 'n_neighbors': 10}",0.144117854922021,510.60033548261936,1.5188029973038677
SpectralClustering,"{'n_clusters': 9, 'affinity': 'nearest_neighbors', 'assign_labels': 'kmeans', 'random_state': 123, 'n_neighbors': 10}",0.144117854922021,510.60033548261936,1.518802997303868
SpectralClustering,"{'n_clusters': 9, 'affinity': 'nearest_neighbors', 'assign_labels': 'kmeans', 'random_state': 456, 'n_neighbors': 10}",0.144117854922021,510.6003354826193,1.5188029973038677
SpectralClustering,"{'n_clusters': 9, 'affinity': 'nearest_neighbors', 'assign_labels': 'kmeans', 'random_state': 789, 'n_neighbors': 10}",0.144117854922021,510.6003354826194,1.518802997303868
SpectralClustering,"{'n_clusters': 9, 'affinity': 'nearest_neighbors', 'assign_labels': 'kmeans', 'random_state': 1011, 'n_neighbors': 10}",0.144117854922021,510.60033548261936,1.5188029973038677
SpectralClustering,"{'n_clusters': 9, 'affinity': 'nearest_neighbors', 'assign_labels': 'kmeans', 'random_state': 2022, 'n_neighbors': 10}",0.144117854922021,510.60033548261936,1.518802997303868
SpectralClustering,"{'n_clusters': 9, 'affinity': 'nearest_neighbors', 'assign_labels': 'kmeans', 'random_state': 3033, 'n_neighbors': 10}",0.144117854922021,510.60033548261936,1.518802997303868
SpectralClustering,"{'n_clusters': 9, 'affinity': 'nearest_neighbors', 'assign_labels': 'kmeans', 'random_state': 4044, 'n_neighbors': 10}",0.144117854922021,510.6003354826194,1.518802997303868
SpectralClustering,"{'n_clusters': 9, 'affinity': 'nearest_neighbors', 'assign_labels': 'kmeans', 'random_state': 5055, 'n_neighbors': 10}",0.144117854922021,510.6003354826193,1.518802997303868
SpectralClustering,"{'n_clusters': 9, 'affinity': 'nearest_neighbors', 'assign_labels': 'kmeans', 'random_state': 6066, 'n_neighbors': 10}",0.144117854922021,510.60033548261936,1.5188029973038677
SpectralClustering,"{'n_clusters': 9, 'affinity': 'nearest_neighbors', 'assign_labels': 'discretize', 'random_state': 42, 'n_neighbors': 10}",0.16710948941594442,521.8062992018104,1.6906971148675751
SpectralClustering,"{'n_clusters': 9, 'affinity': 'nearest_neighbors', 'assign_labels': 'discretize', 'random_state': 123, 'n_neighbors': 10}",0.16710948941594442,521.8062992018104,1.6906971148675756
SpectralClustering,"{'n_clusters': 9, 'affinity': 'nearest_neighbors', 'assign_labels': 'discretize', 'random_state': 456, 'n_neighbors': 10}",0.16710948941594442,521.8062992018104,1.6906971148675751
SpectralClustering,"{'n_clusters': 9, 'affinity': 'nearest_neighbors', 'assign_labels': 'discretize', 'random_state': 789, 'n_neighbors': 10}",0.16710948941594442,521.8062992018104,1.6906971148675751
SpectralClustering,"{'n_clusters': 9, 'affinity': 'nearest_neighbors', 'assign_labels': 'discretize', 'random_state': 1011, 'n_neighbors': 10}",0.16710948941594442,521.8062992018104,1.6906971148675751
SpectralClustering,"{'n_clusters': 9, 'affinity': 'nearest_neighbors', 'assign_labels': 'discretize', 'random_state': 2022, 'n_neighbors': 10}",0.16706039986483762,521.3274745259444,1.69625685643502
SpectralClustering,"{'n_clusters': 9, 'affinity': 'nearest_neighbors', 'assign_labels': 'discretize', 'random_state': 3033, 'n_neighbors': 10}",0.16706039986483762,521.3274745259442,1.6962568564350198
SpectralClustering,"{'n_clusters': 9, 'affinity': 'nearest_neighbors', 'assign_labels': 'discretize', 'random_state': 4044, 'n_neighbors': 10}",0.16706039986483762,521.3274745259442,1.6962568564350198
SpectralClustering,"{'n_clusters': 9, 'affinity': 'nearest_neighbors', 'assign_labels': 'discretize', 'random_state': 5055, 'n_neighbors': 10}",0.16710948941594442,521.8062992018104,1.6906971148675751
SpectralClustering,"{'n_clusters': 9, 'affinity': 'nearest_neighbors', 'assign_labels': 'discretize', 'random_state': 6066, 'n_neighbors': 10}",0.16710948941594442,521.8062992018104,1.6906971148675751
SpectralClustering,"{'n_clusters': 9, 'affinity': 'nearest_neighbors', 'assign_labels': 'cluster_qr', 'random_state': 42, 'n_neighbors': 10}",0.15701368389151435,519.7957637465431,1.7060643878763078
SpectralClustering,"{'n_clusters': 9, 'affinity': 'nearest_neighbors', 'assign_labels': 'cluster_qr', 'random_state': 123, 'n_neighbors': 10}",0.15701368389151435,519.7957637465431,1.7060643878763078
SpectralClustering,"{'n_clusters': 9, 'affinity': 'nearest_neighbors', 'assign_labels': 'cluster_qr', 'random_state': 456, 'n_neighbors': 10}",0.15701368389151435,519.7957637465431,1.7060643878763078
SpectralClustering,"{'n_clusters': 9, 'affinity': 'nearest_neighbors', 'assign_labels': 'cluster_qr', 'random_state': 789, 'n_neighbors': 10}",0.15701368389151435,519.7957637465431,1.7060643878763078
SpectralClustering,"{'n_clusters': 9, 'affinity': 'nearest_neighbors', 'assign_labels': 'cluster_qr', 'random_state': 1011, 'n_neighbors': 10}",0.15701368389151435,519.7957637465431,1.7060643878763078
SpectralClustering,"{'n_clusters': 9, 'affinity': 'nearest_neighbors', 'assign_labels': 'cluster_qr', 'random_state': 2022, 'n_neighbors': 10}",0.15701368389151435,519.7957637465431,1.7060643878763078
SpectralClustering,"{'n_clusters': 9, 'affinity': 'nearest_neighbors', 'assign_labels': 'cluster_qr', 'random_state': 3033, 'n_neighbors': 10}",0.15701368389151435,519.7957637465431,1.7060643878763078
SpectralClustering,"{'n_clusters': 9, 'affinity': 'nearest_neighbors', 'assign_labels': 'cluster_qr', 'random_state': 4044, 'n_neighbors': 10}",0.15701368389151435,519.7957637465431,1.7060643878763078
SpectralClustering,"{'n_clusters': 9, 'affinity': 'nearest_neighbors', 'assign_labels': 'cluster_qr', 'random_state': 5055, 'n_neighbors': 10}",0.15701368389151435,519.7957637465431,1.7060643878763078
SpectralClustering,"{'n_clusters': 9, 'affinity': 'nearest_neighbors', 'assign_labels': 'cluster_qr', 'random_state': 6066, 'n_neighbors': 10}",0.15701368389151435,519.7957637465431,1.7060643878763078
SpectralClustering,"{'n_clusters': 9, 'affinity': 'nearest_neighbors', 'assign_labels': 'kmeans', 'random_state': 42, 'n_neighbors': 15}",0.14482526029681406,514.8523888457,1.515191083126751
SpectralClustering,"{'n_clusters': 9, 'affinity': 'nearest_neighbors', 'assign_labels': 'kmeans', 'random_state': 123, 'n_neighbors': 15}",0.14510504957976114,514.9797833943613,1.5156642654750436
SpectralClustering,"{'n_clusters': 9, 'affinity': 'nearest_neighbors', 'assign_labels': 'kmeans', 'random_state': 456, 'n_neighbors': 15}",0.14482526029681406,514.8523888457001,1.515191083126751
SpectralClustering,"{'n_clusters': 9, 'affinity': 'nearest_neighbors', 'assign_labels': 'kmeans', 'random_state': 789, 'n_neighbors': 15}",0.14482526029681406,514.8523888457001,1.515191083126751
SpectralClustering,"{'n_clusters': 9, 'affinity': 'nearest_neighbors', 'assign_labels': 'kmeans', 'random_state': 1011, 'n_neighbors': 15}",0.14510504957976114,514.9797833943614,1.5156642654750436
SpectralClustering,"{'n_clusters': 9, 'affinity': 'nearest_neighbors', 'assign_labels': 'kmeans', 'random_state': 2022, 'n_neighbors': 15}",0.14510504957976114,514.9797833943614,1.5156642654750436
SpectralClustering,"{'n_clusters': 9, 'affinity': 'nearest_neighbors', 'assign_labels': 'kmeans', 'random_state': 3033, 'n_neighbors': 15}",0.14482526029681406,514.8523888457,1.515191083126751
SpectralClustering,"{'n_clusters': 9, 'affinity': 'nearest_neighbors', 'assign_labels': 'kmeans', 'random_state': 4044, 'n_neighbors': 15}",0.14482526029681406,514.8523888457,1.515191083126751
SpectralClustering,"{'n_clusters': 9, 'affinity': 'nearest_neighbors', 'assign_labels': 'kmeans', 'random_state': 5055, 'n_neighbors': 15}",0.14510504957976114,514.9797833943614,1.5156642654750438
SpectralClustering,"{'n_clusters': 9, 'affinity': 'nearest_neighbors', 'assign_labels': 'kmeans', 'random_state': 6066, 'n_neighbors': 15}",0.14482526029681406,514.8523888457,1.515191083126751
SpectralClustering,"{'n_clusters': 9, 'affinity': 'nearest_neighbors', 'assign_labels': 'discretize', 'random_state': 42, 'n_neighbors': 15}",0.16459983666376543,529.1249286404401,1.702755892582783
SpectralClustering,"{'n_clusters': 9, 'affinity': 'nearest_neighbors', 'assign_labels': 'discretize', 'random_state': 123, 'n_neighbors': 15}",0.16459983666376543,529.1249286404401,1.702755892582783
SpectralClustering,"{'n_clusters': 9, 'affinity': 'nearest_neighbors', 'assign_labels': 'discretize', 'random_state': 456, 'n_neighbors': 15}",0.16459983666376543,529.1249286404401,1.702755892582783
SpectralClustering,"{'n_clusters': 9, 'affinity': 'nearest_neighbors', 'assign_labels': 'discretize', 'random_state': 789, 'n_neighbors': 15}",0.16459983666376543,529.1249286404401,1.702755892582783
SpectralClustering,"{'n_clusters': 9, 'affinity': 'nearest_neighbors', 'assign_labels': 'discretize', 'random_state': 1011, 'n_neighbors': 15}",0.1641728279130413,529.0298361618349,1.7025989205300311
SpectralClustering,"{'n_clusters': 9, 'affinity': 'nearest_neighbors', 'assign_labels': 'discretize', 'random_state': 2022, 'n_neighbors': 15}",0.1641728279130413,529.029836161835,1.7025989205300311
SpectralClustering,"{'n_clusters': 9, 'affinity': 'nearest_neighbors', 'assign_labels': 'discretize', 'random_state': 3033, 'n_neighbors': 15}",0.16459983666376543,529.12492864044,1.702755892582783
SpectralClustering,"{'n_clusters': 9, 'affinity': 'nearest_neighbors', 'assign_labels': 'discretize', 'random_state': 4044, 'n_neighbors': 15}",0.1641728279130413,529.0298361618349,1.7025989205300311
SpectralClustering,"{'n_clusters': 9, 'affinity': 'nearest_neighbors', 'assign_labels': 'discretize', 'random_state': 5055, 'n_neighbors': 15}",0.1641728279130413,529.0298361618349,1.7025989205300311
SpectralClustering,"{'n_clusters': 9, 'affinity': 'nearest_neighbors', 'assign_labels': 'discretize', 'random_state': 6066, 'n_neighbors': 15}",0.16459983666376543,529.1249286404401,1.702755892582783
SpectralClustering,"{'n_clusters': 9, 'affinity': 'nearest_neighbors', 'assign_labels': 'cluster_qr', 'random_state': 42, 'n_neighbors': 15}",0.1546488002076857,528.2248123213426,1.6993013230462428
SpectralClustering,"{'n_clusters': 9, 'affinity': 'nearest_neighbors', 'assign_labels': 'cluster_qr', 'random_state': 123, 'n_neighbors': 15}",0.1546488002076857,528.2248123213426,1.6993013230462428
SpectralClustering,"{'n_clusters': 9, 'affinity': 'nearest_neighbors', 'assign_labels': 'cluster_qr', 'random_state': 456, 'n_neighbors': 15}",0.1546488002076857,528.2248123213426,1.6993013230462428
SpectralClustering,"{'n_clusters': 9, 'affinity': 'nearest_neighbors', 'assign_labels': 'cluster_qr', 'random_state': 789, 'n_neighbors': 15}",0.1546488002076857,528.2248123213426,1.6993013230462428
SpectralClustering,"{'n_clusters': 9, 'affinity': 'nearest_neighbors', 'assign_labels': 'cluster_qr', 'random_state': 1011, 'n_neighbors': 15}",0.1546488002076857,528.2248123213426,1.6993013230462428
SpectralClustering,"{'n_clusters': 9, 'affinity': 'nearest_neighbors', 'assign_labels': 'cluster_qr', 'random_state': 2022, 'n_neighbors': 15}",0.1546488002076857,528.2248123213426,1.6993013230462428
SpectralClustering,"{'n_clusters': 9, 'affinity': 'nearest_neighbors', 'assign_labels': 'cluster_qr', 'random_state': 3033, 'n_neighbors': 15}",0.1546488002076857,528.2248123213426,1.6993013230462428
SpectralClustering,"{'n_clusters': 9, 'affinity': 'nearest_neighbors', 'assign_labels': 'cluster_qr', 'random_state': 4044, 'n_neighbors': 15}",0.1546488002076857,528.2248123213426,1.6993013230462428
SpectralClustering,"{'n_clusters': 9, 'affinity': 'nearest_neighbors', 'assign_labels': 'cluster_qr', 'random_state': 5055, 'n_neighbors': 15}",0.1546488002076857,528.2248123213426,1.6993013230462428
SpectralClustering,"{'n_clusters': 9, 'affinity': 'nearest_neighbors', 'assign_labels': 'cluster_qr', 'random_state': 6066, 'n_neighbors': 15}",0.1546488002076857,528.2248123213426,1.6993013230462428
SpectralClustering,"{'n_clusters': 9, 'affinity': 'nearest_neighbors', 'assign_labels': 'kmeans', 'random_state': 42, 'n_neighbors': 20}",0.12553771921836376,517.165636745198,1.5040112087671806
SpectralClustering,"{'n_clusters': 9, 'affinity': 'nearest_neighbors', 'assign_labels': 'kmeans', 'random_state': 123, 'n_neighbors': 20}",0.12557243081930156,517.5415495097911,1.5046561652248034
SpectralClustering,"{'n_clusters': 9, 'affinity': 'nearest_neighbors', 'assign_labels': 'kmeans', 'random_state': 456, 'n_neighbors': 20}",0.12536619973037844,516.5228974029394,1.5040382665878327
SpectralClustering,"{'n_clusters': 9, 'affinity': 'nearest_neighbors', 'assign_labels': 'kmeans', 'random_state': 789, 'n_neighbors': 20}",0.12553771921836376,517.165636745198,1.5040112087671806
SpectralClustering,"{'n_clusters': 9, 'affinity': 'nearest_neighbors', 'assign_labels': 'kmeans', 'random_state': 1011, 'n_neighbors': 20}",0.12536619973037844,516.5228974029394,1.5040382665878327
SpectralClustering,"{'n_clusters': 9, 'affinity': 'nearest_neighbors', 'assign_labels': 'kmeans', 'random_state': 2022, 'n_neighbors': 20}",0.12549552550670742,516.8398691812042,1.5039747765996192
SpectralClustering,"{'n_clusters': 9, 'affinity': 'nearest_neighbors', 'assign_labels': 'kmeans', 'random_state': 3033, 'n_neighbors': 20}",0.12532400808802863,516.1976176142566,1.5040014665031225
SpectralClustering,"{'n_clusters': 9, 'affinity': 'nearest_neighbors', 'assign_labels': 'kmeans', 'random_state': 4044, 'n_neighbors': 20}",0.12553771921836376,517.1656367451981,1.5040112087671806
SpectralClustering,"{'n_clusters': 9, 'affinity': 'nearest_neighbors', 'assign_labels': 'kmeans', 'random_state': 5055, 'n_neighbors': 20}",0.1280521021173653,518.3526647840499,1.5053207619700137
SpectralClustering,"{'n_clusters': 9, 'affinity': 'nearest_neighbors', 'assign_labels': 'kmeans', 'random_state': 6066, 'n_neighbors': 20}",0.12536619973037844,516.5228974029394,1.5040382665878325
SpectralClustering,"{'n_clusters': 9, 'affinity': 'nearest_neighbors', 'assign_labels': 'discretize', 'random_state': 42, 'n_neighbors': 20}",0.14247893630796496,532.2553535836872,1.5367525052172082
SpectralClustering,"{'n_clusters': 9, 'affinity': 'nearest_neighbors', 'assign_labels': 'discretize', 'random_state': 123, 'n_neighbors': 20}",0.14247893630796496,532.2553535836871,1.5367525052172084
SpectralClustering,"{'n_clusters': 9, 'affinity': 'nearest_neighbors', 'assign_labels': 'discretize', 'random_state': 456, 'n_neighbors': 20}",0.14247893630796496,532.2553535836872,1.5367525052172084
SpectralClustering,"{'n_clusters': 9, 'affinity': 'nearest_neighbors', 'assign_labels': 'discretize', 'random_state': 789, 'n_neighbors': 20}",0.1424407702610963,532.2065786305697,1.5365447049828023
SpectralClustering,"{'n_clusters': 9, 'affinity': 'nearest_neighbors', 'assign_labels': 'discretize', 'random_state': 1011, 'n_neighbors': 20}",0.1424407702610963,532.2065786305695,1.5365447049828025
SpectralClustering,"{'n_clusters': 9, 'affinity': 'nearest_neighbors', 'assign_labels': 'discretize', 'random_state': 2022, 'n_neighbors': 20}",0.1424407702610963,532.2065786305695,1.5365447049828025
SpectralClustering,"{'n_clusters': 9, 'affinity': 'nearest_neighbors', 'assign_labels': 'discretize', 'random_state': 3033, 'n_neighbors': 20}",0.1424407702610963,532.2065786305697,1.5365447049828023
SpectralClustering,"{'n_clusters': 9, 'affinity': 'nearest_neighbors', 'assign_labels': 'discretize', 'random_state': 4044, 'n_neighbors': 20}",0.14231843373388176,532.1818943479799,1.5366978896725485
SpectralClustering,"{'n_clusters': 9, 'affinity': 'nearest_neighbors', 'assign_labels': 'discretize', 'random_state': 5055, 'n_neighbors': 20}",0.14247893630796496,532.2553535836872,1.5367525052172084
SpectralClustering,"{'n_clusters': 9, 'affinity': 'nearest_neighbors', 'assign_labels': 'discretize', 'random_state': 6066, 'n_neighbors': 20}",0.14247893630796496,532.2553535836872,1.5367525052172084
SpectralClustering,"{'n_clusters': 9, 'affinity': 'nearest_neighbors', 'assign_labels': 'cluster_qr', 'random_state': 42, 'n_neighbors': 20}",0.14766755924718028,533.8143926605534,1.5443786521306129
SpectralClustering,"{'n_clusters': 9, 'affinity': 'nearest_neighbors', 'assign_labels': 'cluster_qr', 'random_state': 123, 'n_neighbors': 20}",0.14766755924718028,533.8143926605534,1.5443786521306129
SpectralClustering,"{'n_clusters': 9, 'affinity': 'nearest_neighbors', 'assign_labels': 'cluster_qr', 'random_state': 456, 'n_neighbors': 20}",0.14766755924718028,533.8143926605534,1.5443786521306129
SpectralClustering,"{'n_clusters': 9, 'affinity': 'nearest_neighbors', 'assign_labels': 'cluster_qr', 'random_state': 789, 'n_neighbors': 20}",0.14766755924718028,533.8143926605534,1.5443786521306129
SpectralClustering,"{'n_clusters': 9, 'affinity': 'nearest_neighbors', 'assign_labels': 'cluster_qr', 'random_state': 1011, 'n_neighbors': 20}",0.14766755924718028,533.8143926605534,1.5443786521306129
SpectralClustering,"{'n_clusters': 9, 'affinity': 'nearest_neighbors', 'assign_labels': 'cluster_qr', 'random_state': 2022, 'n_neighbors': 20}",0.14766755924718028,533.8143926605534,1.5443786521306129
SpectralClustering,"{'n_clusters': 9, 'affinity': 'nearest_neighbors', 'assign_labels': 'cluster_qr', 'random_state': 3033, 'n_neighbors': 20}",0.14766755924718028,533.8143926605534,1.5443786521306129
SpectralClustering,"{'n_clusters': 9, 'affinity': 'nearest_neighbors', 'assign_labels': 'cluster_qr', 'random_state': 4044, 'n_neighbors': 20}",0.14766755924718028,533.8143926605534,1.5443786521306129
SpectralClustering,"{'n_clusters': 9, 'affinity': 'nearest_neighbors', 'assign_labels': 'cluster_qr', 'random_state': 5055, 'n_neighbors': 20}",0.14766755924718028,533.8143926605534,1.5443786521306129
SpectralClustering,"{'n_clusters': 9, 'affinity': 'nearest_neighbors', 'assign_labels': 'cluster_qr', 'random_state': 6066, 'n_neighbors': 20}",0.14766755924718028,533.8143926605534,1.5443786521306129
SpectralClustering,"{'n_clusters': 9, 'affinity': 'nearest_neighbors', 'assign_labels': 'kmeans', 'random_state': 42, 'n_neighbors': 50}",0.17397857771530853,582.4241990404811,1.4990977879029734
SpectralClustering,"{'n_clusters': 9, 'affinity': 'nearest_neighbors', 'assign_labels': 'kmeans', 'random_state': 123, 'n_neighbors': 50}",0.17235400111439572,581.8457414084213,1.5000366983802833
SpectralClustering,"{'n_clusters': 9, 'affinity': 'nearest_neighbors', 'assign_labels': 'kmeans', 'random_state': 456, 'n_neighbors': 50}",0.17763138818884747,583.3830464944464,1.4959716081216827
SpectralClustering,"{'n_clusters': 9, 'affinity': 'nearest_neighbors', 'assign_labels': 'kmeans', 'random_state': 789, 'n_neighbors': 50}",0.17610006777828846,583.0430307614939,1.4973980015367958
SpectralClustering,"{'n_clusters': 9, 'affinity': 'nearest_neighbors', 'assign_labels': 'kmeans', 'random_state': 1011, 'n_neighbors': 50}",0.17235400111439572,581.8457414084214,1.5000366983802829
SpectralClustering,"{'n_clusters': 9, 'affinity': 'nearest_neighbors', 'assign_labels': 'kmeans', 'random_state': 2022, 'n_neighbors': 50}",0.17251448481875803,581.9182345743761,1.4997585006098193
SpectralClustering,"{'n_clusters': 9, 'affinity': 'nearest_neighbors', 'assign_labels': 'kmeans', 'random_state': 3033, 'n_neighbors': 50}",0.17506735115995883,582.5787899849255,1.49857328692014
SpectralClustering,"{'n_clusters': 9, 'affinity': 'nearest_neighbors', 'assign_labels': 'kmeans', 'random_state': 4044, 'n_neighbors': 50}",0.1753269347341563,582.7100985597872,1.4986050312795036
SpectralClustering,"{'n_clusters': 9, 'affinity': 'nearest_neighbors', 'assign_labels': 'kmeans', 'random_state': 5055, 'n_neighbors': 50}",0.17397857771530853,582.4241990404811,1.4990977879029732
SpectralClustering,"{'n_clusters': 9, 'affinity': 'nearest_neighbors', 'assign_labels': 'kmeans', 'random_state': 6066, 'n_neighbors': 50}",0.17235400111439572,581.8457414084213,1.500036698380283
SpectralClustering,"{'n_clusters': 9, 'affinity': 'nearest_neighbors', 'assign_labels': 'discretize', 'random_state': 42, 'n_neighbors': 50}",0.15608917732011998,575.1600952692427,1.5609102419676024
SpectralClustering,"{'n_clusters': 9, 'affinity': 'nearest_neighbors', 'assign_labels': 'discretize', 'random_state': 123, 'n_neighbors': 50}",0.15615079725131306,574.6240150675904,1.5608578818100256
SpectralClustering,"{'n_clusters': 9, 'affinity': 'nearest_neighbors', 'assign_labels': 'discretize', 'random_state': 456, 'n_neighbors': 50}",0.15615079725131306,574.6240150675906,1.5608578818100256
SpectralClustering,"{'n_clusters': 9, 'affinity': 'nearest_neighbors', 'assign_labels': 'discretize', 'random_state': 789, 'n_neighbors': 50}",0.15614830323433163,575.6895223300709,1.561583725129485
SpectralClustering,"{'n_clusters': 9, 'affinity': 'nearest_neighbors', 'assign_labels': 'discretize', 'random_state': 1011, 'n_neighbors': 50}",0.15615079725131306,574.6240150675906,1.5608578818100258
SpectralClustering,"{'n_clusters': 9, 'affinity': 'nearest_neighbors', 'assign_labels': 'discretize', 'random_state': 2022, 'n_neighbors': 50}",0.15614830323433163,575.6895223300708,1.561583725129485
SpectralClustering,"{'n_clusters': 9, 'affinity': 'nearest_neighbors', 'assign_labels': 'discretize', 'random_state': 3033, 'n_neighbors': 50}",0.15615079725131306,574.6240150675906,1.5608578818100256
SpectralClustering,"{'n_clusters': 9, 'affinity': 'nearest_neighbors', 'assign_labels': 'discretize', 'random_state': 4044, 'n_neighbors': 50}",0.15602855970766788,574.8402757643181,1.561085176241485
SpectralClustering,"{'n_clusters': 9, 'affinity': 'nearest_neighbors', 'assign_labels': 'discretize', 'random_state': 5055, 'n_neighbors': 50}",0.15614830323433163,575.689522330071,1.561583725129485
SpectralClustering,"{'n_clusters': 9, 'affinity': 'nearest_neighbors', 'assign_labels': 'discretize', 'random_state': 6066, 'n_neighbors': 50}",0.15615079725131306,574.6240150675906,1.5608578818100256
SpectralClustering,"{'n_clusters': 9, 'affinity': 'nearest_neighbors', 'assign_labels': 'cluster_qr', 'random_state': 42, 'n_neighbors': 50}",0.1585662269097258,573.964098487837,1.5470288277386937
SpectralClustering,"{'n_clusters': 9, 'affinity': 'nearest_neighbors', 'assign_labels': 'cluster_qr', 'random_state': 123, 'n_neighbors': 50}",0.1585662269097258,573.964098487837,1.5470288277386937
SpectralClustering,"{'n_clusters': 9, 'affinity': 'nearest_neighbors', 'assign_labels': 'cluster_qr', 'random_state': 456, 'n_neighbors': 50}",0.1585662269097258,573.964098487837,1.5470288277386937
SpectralClustering,"{'n_clusters': 9, 'affinity': 'nearest_neighbors', 'assign_labels': 'cluster_qr', 'random_state': 789, 'n_neighbors': 50}",0.1585662269097258,573.964098487837,1.5470288277386937
SpectralClustering,"{'n_clusters': 9, 'affinity': 'nearest_neighbors', 'assign_labels': 'cluster_qr', 'random_state': 1011, 'n_neighbors': 50}",0.1585662269097258,573.964098487837,1.5470288277386937
SpectralClustering,"{'n_clusters': 9, 'affinity': 'nearest_neighbors', 'assign_labels': 'cluster_qr', 'random_state': 2022, 'n_neighbors': 50}",0.1585662269097258,573.964098487837,1.5470288277386937
SpectralClustering,"{'n_clusters': 9, 'affinity': 'nearest_neighbors', 'assign_labels': 'cluster_qr', 'random_state': 3033, 'n_neighbors': 50}",0.1585662269097258,573.964098487837,1.5470288277386937
SpectralClustering,"{'n_clusters': 9, 'affinity': 'nearest_neighbors', 'assign_labels': 'cluster_qr', 'random_state': 4044, 'n_neighbors': 50}",0.1585662269097258,573.964098487837,1.5470288277386937
SpectralClustering,"{'n_clusters': 9, 'affinity': 'nearest_neighbors', 'assign_labels': 'cluster_qr', 'random_state': 5055, 'n_neighbors': 50}",0.1585662269097258,573.964098487837,1.5470288277386937
SpectralClustering,"{'n_clusters': 9, 'affinity': 'nearest_neighbors', 'assign_labels': 'cluster_qr', 'random_state': 6066, 'n_neighbors': 50}",0.1585662269097258,573.964098487837,1.5470288277386937
SpectralClustering,"{'n_clusters': 9, 'affinity': 'nearest_neighbors', 'assign_labels': 'kmeans', 'random_state': 42, 'n_neighbors': 100}",0.14981511194325114,547.2678208472058,1.5433067772434501
SpectralClustering,"{'n_clusters': 9, 'affinity': 'nearest_neighbors', 'assign_labels': 'kmeans', 'random_state': 123, 'n_neighbors': 100}",0.14963276666204772,547.2624518100096,1.5442396082248158
SpectralClustering,"{'n_clusters': 9, 'affinity': 'nearest_neighbors', 'assign_labels': 'kmeans', 'random_state': 456, 'n_neighbors': 100}",0.14963276666204772,547.2624518100095,1.5442396082248158
SpectralClustering,"{'n_clusters': 9, 'affinity': 'nearest_neighbors', 'assign_labels': 'kmeans', 'random_state': 789, 'n_neighbors': 100}",0.14963276666204772,547.2624518100096,1.5442396082248155
SpectralClustering,"{'n_clusters': 9, 'affinity': 'nearest_neighbors', 'assign_labels': 'kmeans', 'random_state': 1011, 'n_neighbors': 100}",0.14963276666204772,547.2624518100096,1.5442396082248158
SpectralClustering,"{'n_clusters': 9, 'affinity': 'nearest_neighbors', 'assign_labels': 'kmeans', 'random_state': 2022, 'n_neighbors': 100}",0.14963276666204772,547.2624518100095,1.5442396082248155
SpectralClustering,"{'n_clusters': 9, 'affinity': 'nearest_neighbors', 'assign_labels': 'kmeans', 'random_state': 3033, 'n_neighbors': 100}",0.14963276666204772,547.2624518100096,1.5442396082248158
SpectralClustering,"{'n_clusters': 9, 'affinity': 'nearest_neighbors', 'assign_labels': 'kmeans', 'random_state': 4044, 'n_neighbors': 100}",0.14963276666204772,547.2624518100095,1.5442396082248153
SpectralClustering,"{'n_clusters': 9, 'affinity': 'nearest_neighbors', 'assign_labels': 'kmeans', 'random_state': 5055, 'n_neighbors': 100}",0.14963276666204772,547.2624518100096,1.5442396082248158
SpectralClustering,"{'n_clusters': 9, 'affinity': 'nearest_neighbors', 'assign_labels': 'kmeans', 'random_state': 6066, 'n_neighbors': 100}",0.14963276666204772,547.2624518100096,1.5442396082248158
SpectralClustering,"{'n_clusters': 9, 'affinity': 'nearest_neighbors', 'assign_labels': 'discretize', 'random_state': 42, 'n_neighbors': 100}",0.14833031181479964,544.6465574425132,1.5491232591734063
SpectralClustering,"{'n_clusters': 9, 'affinity': 'nearest_neighbors', 'assign_labels': 'discretize', 'random_state': 123, 'n_neighbors': 100}",0.14834970724711918,544.6561131820341,1.5489547395079017
SpectralClustering,"{'n_clusters': 9, 'affinity': 'nearest_neighbors', 'assign_labels': 'discretize', 'random_state': 456, 'n_neighbors': 100}",0.14834878185033215,544.6348646693192,1.5486750866834451
SpectralClustering,"{'n_clusters': 9, 'affinity': 'nearest_neighbors', 'assign_labels': 'discretize', 'random_state': 789, 'n_neighbors': 100}",0.14834878185033215,544.6348646693193,1.548675086683445
SpectralClustering,"{'n_clusters': 9, 'affinity': 'nearest_neighbors', 'assign_labels': 'discretize', 'random_state': 1011, 'n_neighbors': 100}",0.14834878185033215,544.6348646693191,1.548675086683445
SpectralClustering,"{'n_clusters': 9, 'affinity': 'nearest_neighbors', 'assign_labels': 'discretize', 'random_state': 2022, 'n_neighbors': 100}",0.14833031181479964,544.6465574425133,1.5491232591734063
SpectralClustering,"{'n_clusters': 9, 'affinity': 'nearest_neighbors', 'assign_labels': 'discretize', 'random_state': 3033, 'n_neighbors': 100}",0.14833031181479964,544.6465574425133,1.5491232591734063
SpectralClustering,"{'n_clusters': 9, 'affinity': 'nearest_neighbors', 'assign_labels': 'discretize', 'random_state': 4044, 'n_neighbors': 100}",0.14834970724711918,544.6561131820341,1.5489547395079017
SpectralClustering,"{'n_clusters': 9, 'affinity': 'nearest_neighbors', 'assign_labels': 'discretize', 'random_state': 5055, 'n_neighbors': 100}",0.14834970724711918,544.6561131820342,1.5489547395079017
SpectralClustering,"{'n_clusters': 9, 'affinity': 'nearest_neighbors', 'assign_labels': 'discretize', 'random_state': 6066, 'n_neighbors': 100}",0.14839704411805615,544.7198036011439,1.5479810880482276
SpectralClustering,"{'n_clusters': 9, 'affinity': 'nearest_neighbors', 'assign_labels': 'cluster_qr', 'random_state': 42, 'n_neighbors': 100}",0.14823743107847556,544.6808144791685,1.5483259440735913
SpectralClustering,"{'n_clusters': 9, 'affinity': 'nearest_neighbors', 'assign_labels': 'cluster_qr', 'random_state': 123, 'n_neighbors': 100}",0.14823743107847556,544.6808144791685,1.5483259440735913
SpectralClustering,"{'n_clusters': 9, 'affinity': 'nearest_neighbors', 'assign_labels': 'cluster_qr', 'random_state': 456, 'n_neighbors': 100}",0.14823743107847556,544.6808144791685,1.5483259440735913
SpectralClustering,"{'n_clusters': 9, 'affinity': 'nearest_neighbors', 'assign_labels': 'cluster_qr', 'random_state': 789, 'n_neighbors': 100}",0.14823743107847556,544.6808144791685,1.5483259440735913
SpectralClustering,"{'n_clusters': 9, 'affinity': 'nearest_neighbors', 'assign_labels': 'cluster_qr', 'random_state': 1011, 'n_neighbors': 100}",0.14823743107847556,544.6808144791685,1.5483259440735913
SpectralClustering,"{'n_clusters': 9, 'affinity': 'nearest_neighbors', 'assign_labels': 'cluster_qr', 'random_state': 2022, 'n_neighbors': 100}",0.14823743107847556,544.6808144791685,1.5483259440735913
SpectralClustering,"{'n_clusters': 9, 'affinity': 'nearest_neighbors', 'assign_labels': 'cluster_qr', 'random_state': 3033, 'n_neighbors': 100}",0.14823743107847556,544.6808144791685,1.5483259440735913
SpectralClustering,"{'n_clusters': 9, 'affinity': 'nearest_neighbors', 'assign_labels': 'cluster_qr', 'random_state': 4044, 'n_neighbors': 100}",0.14823743107847556,544.6808144791685,1.5483259440735913
SpectralClustering,"{'n_clusters': 9, 'affinity': 'nearest_neighbors', 'assign_labels': 'cluster_qr', 'random_state': 5055, 'n_neighbors': 100}",0.14823743107847556,544.6808144791685,1.5483259440735913
SpectralClustering,"{'n_clusters': 9, 'affinity': 'nearest_neighbors', 'assign_labels': 'cluster_qr', 'random_state': 6066, 'n_neighbors': 100}",0.14823743107847556,544.6808144791685,1.5483259440735913
SpectralClustering,"{'n_clusters': 9, 'affinity': 'cosine', 'assign_labels': 'kmeans', 'random_state': 42}",0.12798511084248784,466.9149788769016,1.797283417561028
SpectralClustering,"{'n_clusters': 9, 'affinity': 'cosine', 'assign_labels': 'kmeans', 'random_state': 123}",0.11871585257231915,440.64487718780873,2.004709697263804
SpectralClustering,"{'n_clusters': 9, 'affinity': 'cosine', 'assign_labels': 'kmeans', 'random_state': 456}",0.12053585850014355,442.48257944734706,1.9958264216094252
SpectralClustering,"{'n_clusters': 9, 'affinity': 'cosine', 'assign_labels': 'kmeans', 'random_state': 789}",0.11709021937356359,439.45049367804523,1.9024379680425392
SpectralClustering,"{'n_clusters': 9, 'affinity': 'cosine', 'assign_labels': 'kmeans', 'random_state': 1011}",0.12827818474082742,480.5385771688822,1.7865387466637574
SpectralClustering,"{'n_clusters': 9, 'affinity': 'cosine', 'assign_labels': 'kmeans', 'random_state': 2022}",0.12608940515529013,481.5977372201786,1.7792161073931707
SpectralClustering,"{'n_clusters': 9, 'affinity': 'cosine', 'assign_labels': 'kmeans', 'random_state': 3033}",0.13000285571951112,485.9665386359726,1.7572404037429008
SpectralClustering,"{'n_clusters': 9, 'affinity': 'cosine', 'assign_labels': 'kmeans', 'random_state': 4044}",0.12851360069897938,482.10181460899514,1.783546121162885
SpectralClustering,"{'n_clusters': 9, 'affinity': 'cosine', 'assign_labels': 'kmeans', 'random_state': 5055}",0.11774286579906441,436.48154062709835,2.0032804521749825
SpectralClustering,"{'n_clusters': 9, 'affinity': 'cosine', 'assign_labels': 'kmeans', 'random_state': 6066}",0.12936852790792897,485.3246296968378,1.7538024184676608
SpectralClustering,"{'n_clusters': 9, 'affinity': 'cosine', 'assign_labels': 'discretize', 'random_state': 42}",0.11685159094996411,436.59757904575525,1.903237420442569
SpectralClustering,"{'n_clusters': 9, 'affinity': 'cosine', 'assign_labels': 'discretize', 'random_state': 123}",0.10645337067113157,429.65433008071017,1.9764749424662176
SpectralClustering,"{'n_clusters': 9, 'affinity': 'cosine', 'assign_labels': 'discretize', 'random_state': 456}",0.11518246065426241,431.8795244024061,1.8948627035219208
SpectralClustering,"{'n_clusters': 9, 'affinity': 'cosine', 'assign_labels': 'discretize', 'random_state': 789}",0.10056061209502834,413.63734821673387,1.950458131075836
SpectralClustering,"{'n_clusters': 9, 'affinity': 'cosine', 'assign_labels': 'discretize', 'random_state': 1011}",0.10297795390179833,414.8571787702836,1.9567554927235433
SpectralClustering,"{'n_clusters': 9, 'affinity': 'cosine', 'assign_labels': 'discretize', 'random_state': 2022}",0.1163158426064155,435.72836448577164,1.9168881624981655
SpectralClustering,"{'n_clusters': 9, 'affinity': 'cosine', 'assign_labels': 'discretize', 'random_state': 3033}",0.1154859521719632,430.51524903058055,1.8946545409921134
SpectralClustering,"{'n_clusters': 9, 'affinity': 'cosine', 'assign_labels': 'discretize', 'random_state': 4044}",0.11573090697337153,432.51939081338696,1.9053313582410898
SpectralClustering,"{'n_clusters': 9, 'affinity': 'cosine', 'assign_labels': 'discretize', 'random_state': 5055}",0.11459476943212049,431.7822519567795,1.9019081065883527
SpectralClustering,"{'n_clusters': 9, 'affinity': 'cosine', 'assign_labels': 'discretize', 'random_state': 6066}",0.10958964759180698,430.4795550165574,1.8398051508905422
SpectralClustering,"{'n_clusters': 9, 'affinity': 'cosine', 'assign_labels': 'cluster_qr', 'random_state': 42}",0.03612438644439106,264.89738734591697,3.1688409239722284
SpectralClustering,"{'n_clusters': 9, 'affinity': 'cosine', 'assign_labels': 'cluster_qr', 'random_state': 123}",0.03612438644439106,264.89738734591697,3.1688409239722284
SpectralClustering,"{'n_clusters': 9, 'affinity': 'cosine', 'assign_labels': 'cluster_qr', 'random_state': 456}",0.03612438644439106,264.89738734591697,3.1688409239722284
SpectralClustering,"{'n_clusters': 9, 'affinity': 'cosine', 'assign_labels': 'cluster_qr', 'random_state': 789}",0.03612438644439106,264.89738734591697,3.1688409239722284
SpectralClustering,"{'n_clusters': 9, 'affinity': 'cosine', 'assign_labels': 'cluster_qr', 'random_state': 1011}",0.03612438644439106,264.89738734591697,3.1688409239722284
SpectralClustering,"{'n_clusters': 9, 'affinity': 'cosine', 'assign_labels': 'cluster_qr', 'random_state': 2022}",0.03612438644439106,264.89738734591697,3.1688409239722284
SpectralClustering,"{'n_clusters': 9, 'affinity': 'cosine', 'assign_labels': 'cluster_qr', 'random_state': 3033}",0.03612438644439106,264.89738734591697,3.1688409239722284
SpectralClustering,"{'n_clusters': 9, 'affinity': 'cosine', 'assign_labels': 'cluster_qr', 'random_state': 4044}",0.03612438644439106,264.89738734591697,3.1688409239722284
SpectralClustering,"{'n_clusters': 9, 'affinity': 'cosine', 'assign_labels': 'cluster_qr', 'random_state': 5055}",0.03612438644439106,264.89738734591697,3.1688409239722284
SpectralClustering,"{'n_clusters': 9, 'affinity': 'cosine', 'assign_labels': 'cluster_qr', 'random_state': 6066}",0.03612438644439106,264.89738734591697,3.1688409239722284
SpectralClustering,"{'n_clusters': 9, 'affinity': 'linear', 'assign_labels': 'kmeans', 'random_state': 42}",0.11689177096166253,434.9625649259129,1.9839844079699414
SpectralClustering,"{'n_clusters': 9, 'affinity': 'linear', 'assign_labels': 'kmeans', 'random_state': 123}",0.12800559797258684,477.6303348272674,1.7908116173252653
SpectralClustering,"{'n_clusters': 9, 'affinity': 'linear', 'assign_labels': 'kmeans', 'random_state': 456}",0.1181413351585348,438.7666120088266,2.019168873829703
SpectralClustering,"{'n_clusters': 9, 'affinity': 'linear', 'assign_labels': 'kmeans', 'random_state': 789}",0.11369112863384463,428.1784030282658,1.9148287016145922
SpectralClustering,"{'n_clusters': 9, 'affinity': 'linear', 'assign_labels': 'kmeans', 'random_state': 1011}",0.11788599936983063,435.3826554485224,1.9864089177669482
SpectralClustering,"{'n_clusters': 9, 'affinity': 'linear', 'assign_labels': 'kmeans', 'random_state': 2022}",0.11919265049508546,469.719880797113,1.8092308986722807
SpectralClustering,"{'n_clusters': 9, 'affinity': 'linear', 'assign_labels': 'kmeans', 'random_state': 3033}",0.1287989168113186,478.19397811655523,1.788543933209153
SpectralClustering,"{'n_clusters': 9, 'affinity': 'linear', 'assign_labels': 'kmeans', 'random_state': 4044}",0.12828861140745826,468.28789104762495,1.8069088721755682
SpectralClustering,"{'n_clusters': 9, 'affinity': 'linear', 'assign_labels': 'kmeans', 'random_state': 5055}",0.11669356058829014,434.88903291823567,1.9784742861648827
SpectralClustering,"{'n_clusters': 9, 'affinity': 'linear', 'assign_labels': 'kmeans', 'random_state': 6066}",0.11661967825345833,434.70641338515105,1.9774332815862334
SpectralClustering,"{'n_clusters': 9, 'affinity': 'linear', 'assign_labels': 'discretize', 'random_state': 42}",0.11708089235621165,435.2876952830525,1.928561364437125
SpectralClustering,"{'n_clusters': 9, 'affinity': 'linear', 'assign_labels': 'discretize', 'random_state': 123}",0.11720329406933996,435.47789008505504,1.9039490614298766
SpectralClustering,"{'n_clusters': 9, 'affinity': 'linear', 'assign_labels': 'discretize', 'random_state': 456}",0.10423935633160929,419.5765186273965,1.991287616111443
SpectralClustering,"{'n_clusters': 9, 'affinity': 'linear', 'assign_labels': 'discretize', 'random_state': 789}",0.10671213898091024,418.1182367200141,1.9496628181085696
SpectralClustering,"{'n_clusters': 9, 'affinity': 'linear', 'assign_labels': 'discretize', 'random_state': 1011}",0.10653679883817514,427.9170069706698,1.9834165670546275
SpectralClustering,"{'n_clusters': 9, 'affinity': 'linear', 'assign_labels': 'discretize', 'random_state': 2022}",0.10497531880881492,417.48578070147863,1.9724283686219977
SpectralClustering,"{'n_clusters': 9, 'affinity': 'linear', 'assign_labels': 'discretize', 'random_state': 3033}",0.11119326382040076,434.063991341805,1.8197978810734468
SpectralClustering,"{'n_clusters': 9, 'affinity': 'linear', 'assign_labels': 'discretize', 'random_state': 4044}",0.11703345295183892,435.23325310697544,1.8963621204627334
SpectralClustering,"{'n_clusters': 9, 'affinity': 'linear', 'assign_labels': 'discretize', 'random_state': 5055}",0.10500676057846454,416.55495351878955,1.9223902621372235
SpectralClustering,"{'n_clusters': 9, 'affinity': 'linear', 'assign_labels': 'discretize', 'random_state': 6066}",0.09835575094988962,418.33782400660294,1.8943689197545852
SpectralClustering,"{'n_clusters': 9, 'affinity': 'linear', 'assign_labels': 'cluster_qr', 'random_state': 42}",0.03745423687388324,260.1920690363897,3.184253579372272
SpectralClustering,"{'n_clusters': 9, 'affinity': 'linear', 'assign_labels': 'cluster_qr', 'random_state': 123}",0.03745423687388324,260.1920690363897,3.184253579372272
SpectralClustering,"{'n_clusters': 9, 'affinity': 'linear', 'assign_labels': 'cluster_qr', 'random_state': 456}",0.03745423687388324,260.1920690363897,3.184253579372272
SpectralClustering,"{'n_clusters': 9, 'affinity': 'linear', 'assign_labels': 'cluster_qr', 'random_state': 789}",0.03745423687388324,260.1920690363897,3.184253579372272
SpectralClustering,"{'n_clusters': 9, 'affinity': 'linear', 'assign_labels': 'cluster_qr', 'random_state': 1011}",0.03745423687388324,260.1920690363897,3.184253579372272
SpectralClustering,"{'n_clusters': 9, 'affinity': 'linear', 'assign_labels': 'cluster_qr', 'random_state': 2022}",0.03745423687388324,260.1920690363897,3.184253579372272
SpectralClustering,"{'n_clusters': 9, 'affinity': 'linear', 'assign_labels': 'cluster_qr', 'random_state': 3033}",0.03745423687388324,260.1920690363897,3.184253579372272
SpectralClustering,"{'n_clusters': 9, 'affinity': 'linear', 'assign_labels': 'cluster_qr', 'random_state': 4044}",0.03745423687388324,260.1920690363897,3.184253579372272
SpectralClustering,"{'n_clusters': 9, 'affinity': 'linear', 'assign_labels': 'cluster_qr', 'random_state': 5055}",0.03745423687388324,260.1920690363897,3.184253579372272
SpectralClustering,"{'n_clusters': 9, 'affinity': 'linear', 'assign_labels': 'cluster_qr', 'random_state': 6066}",0.03745423687388324,260.1920690363897,3.184253579372272
SpectralClustering,"{'n_clusters': 9, 'affinity': 'polynomial', 'assign_labels': 'kmeans', 'random_state': 42}",0.14233429540404122,534.1068645183472,1.5798271068727858
SpectralClustering,"{'n_clusters': 9, 'affinity': 'polynomial', 'assign_labels': 'kmeans', 'random_state': 123}",0.14254940820996312,535.5768447325765,1.5727478711170173
SpectralClustering,"{'n_clusters': 9, 'affinity': 'polynomial', 'assign_labels': 'kmeans', 'random_state': 456}",0.14266731228890334,535.5074844605203,1.5702947454198033
SpectralClustering,"{'n_clusters': 9, 'affinity': 'polynomial', 'assign_labels': 'kmeans', 'random_state': 789}",0.14220440936200943,534.0450757662732,1.5754762335818338
SpectralClustering,"{'n_clusters': 9, 'affinity': 'polynomial', 'assign_labels': 'kmeans', 'random_state': 1011}",0.1418760826204828,533.6424127371498,1.5771892079871042
SpectralClustering,"{'n_clusters': 9, 'affinity': 'polynomial', 'assign_labels': 'kmeans', 'random_state': 2022}",0.14314237297409568,538.1287505674832,1.574298510650483
SpectralClustering,"{'n_clusters': 9, 'affinity': 'polynomial', 'assign_labels': 'kmeans', 'random_state': 3033}",0.1421330461674807,534.2639544399068,1.5697808169890375
SpectralClustering,"{'n_clusters': 9, 'affinity': 'polynomial', 'assign_labels': 'kmeans', 'random_state': 4044}",0.14234390931445173,534.4365527110954,1.5699000947208583
SpectralClustering,"{'n_clusters': 9, 'affinity': 'polynomial', 'assign_labels': 'kmeans', 'random_state': 5055}",0.14267997125041107,536.0372103954873,1.5807931338205135
SpectralClustering,"{'n_clusters': 9, 'affinity': 'polynomial', 'assign_labels': 'kmeans', 'random_state': 6066}",0.14262368922712426,537.1532622328513,1.574448502281908
SpectralClustering,"{'n_clusters': 9, 'affinity': 'polynomial', 'assign_labels': 'discretize', 'random_state': 42}",0.13926852208644905,502.9491887603712,1.688804270579765
SpectralClustering,"{'n_clusters': 9, 'affinity': 'polynomial', 'assign_labels': 'discretize', 'random_state': 123}",0.1427151981148727,518.6932760880338,1.6566288584855688
SpectralClustering,"{'n_clusters': 9, 'affinity': 'polynomial', 'assign_labels': 'discretize', 'random_state': 456}",0.13760934695768606,512.2260076068155,1.6474353280788376
SpectralClustering,"{'n_clusters': 9, 'affinity': 'polynomial', 'assign_labels': 'discretize', 'random_state': 789}",0.13731377700326888,510.6443884571699,1.6489834833840706
SpectralClustering,"{'n_clusters': 9, 'affinity': 'polynomial', 'assign_labels': 'discretize', 'random_state': 1011}",0.1396050553286214,520.5612405889059,1.6370171230875097
SpectralClustering,"{'n_clusters': 9, 'affinity': 'polynomial', 'assign_labels': 'discretize', 'random_state': 2022}",0.13466739323770915,513.3033334761888,1.6498782424814105
SpectralClustering,"{'n_clusters': 9, 'affinity': 'polynomial', 'assign_labels': 'discretize', 'random_state': 3033}",0.13742085884107982,509.8365213367736,1.6505881148076358
SpectralClustering,"{'n_clusters': 9, 'affinity': 'polynomial', 'assign_labels': 'discretize', 'random_state': 4044}",0.13730601167178083,512.2629336739795,1.648499266525131
SpectralClustering,"{'n_clusters': 9, 'affinity': 'polynomial', 'assign_labels': 'discretize', 'random_state': 5055}",0.13782240826528333,511.72800325465096,1.6464310346324895
SpectralClustering,"{'n_clusters': 9, 'affinity': 'polynomial', 'assign_labels': 'discretize', 'random_state': 6066}",0.137278317173016,510.99510113751677,1.6497033578390885
SpectralClustering,"{'n_clusters': 9, 'affinity': 'polynomial', 'assign_labels': 'cluster_qr', 'random_state': 42}",0.07435070960706698,233.85107565830614,3.7043670495664003
SpectralClustering,"{'n_clusters': 9, 'affinity': 'polynomial', 'assign_labels': 'cluster_qr', 'random_state': 123}",0.07435070960706698,233.85107565830614,3.7043670495664003
SpectralClustering,"{'n_clusters': 9, 'affinity': 'polynomial', 'assign_labels': 'cluster_qr', 'random_state': 456}",0.07435070960706698,233.85107565830614,3.7043670495664003
SpectralClustering,"{'n_clusters': 9, 'affinity': 'polynomial', 'assign_labels': 'cluster_qr', 'random_state': 789}",0.07435070960706698,233.85107565830614,3.7043670495664003
SpectralClustering,"{'n_clusters': 9, 'affinity': 'polynomial', 'assign_labels': 'cluster_qr', 'random_state': 1011}",0.07435070960706698,233.85107565830614,3.7043670495664003
SpectralClustering,"{'n_clusters': 9, 'affinity': 'polynomial', 'assign_labels': 'cluster_qr', 'random_state': 2022}",0.07435070960706698,233.85107565830614,3.7043670495664003
SpectralClustering,"{'n_clusters': 9, 'affinity': 'polynomial', 'assign_labels': 'cluster_qr', 'random_state': 3033}",0.07435070960706698,233.85107565830614,3.7043670495664003
SpectralClustering,"{'n_clusters': 9, 'affinity': 'polynomial', 'assign_labels': 'cluster_qr', 'random_state': 4044}",0.07435070960706698,233.85107565830614,3.7043670495664003
SpectralClustering,"{'n_clusters': 9, 'affinity': 'polynomial', 'assign_labels': 'cluster_qr', 'random_state': 5055}",0.07435070960706698,233.85107565830614,3.7043670495664003
SpectralClustering,"{'n_clusters': 9, 'affinity': 'polynomial', 'assign_labels': 'cluster_qr', 'random_state': 6066}",0.07435070960706698,233.85107565830614,3.7043670495664003
SpectralClustering,"{'n_clusters': 9, 'affinity': 'poly', 'assign_labels': 'kmeans', 'random_state': 42}",0.14233429540404122,534.1068645183472,1.5798271068727858
SpectralClustering,"{'n_clusters': 9, 'affinity': 'poly', 'assign_labels': 'kmeans', 'random_state': 123}",0.14254940820996312,535.5768447325765,1.5727478711170173
SpectralClustering,"{'n_clusters': 9, 'affinity': 'poly', 'assign_labels': 'kmeans', 'random_state': 456}",0.14266731228890334,535.5074844605203,1.5702947454198033
SpectralClustering,"{'n_clusters': 9, 'affinity': 'poly', 'assign_labels': 'kmeans', 'random_state': 789}",0.14220440936200943,534.0450757662732,1.5754762335818338
SpectralClustering,"{'n_clusters': 9, 'affinity': 'poly', 'assign_labels': 'kmeans', 'random_state': 1011}",0.1418760826204828,533.6424127371498,1.5771892079871042
SpectralClustering,"{'n_clusters': 9, 'affinity': 'poly', 'assign_labels': 'kmeans', 'random_state': 2022}",0.14314237297409568,538.1287505674832,1.574298510650483
SpectralClustering,"{'n_clusters': 9, 'affinity': 'poly', 'assign_labels': 'kmeans', 'random_state': 3033}",0.1421330461674807,534.2639544399068,1.5697808169890375
SpectralClustering,"{'n_clusters': 9, 'affinity': 'poly', 'assign_labels': 'kmeans', 'random_state': 4044}",0.14234390931445173,534.4365527110954,1.5699000947208583
SpectralClustering,"{'n_clusters': 9, 'affinity': 'poly', 'assign_labels': 'kmeans', 'random_state': 5055}",0.14267997125041107,536.0372103954873,1.5807931338205135
SpectralClustering,"{'n_clusters': 9, 'affinity': 'poly', 'assign_labels': 'kmeans', 'random_state': 6066}",0.14262368922712426,537.1532622328513,1.574448502281908
SpectralClustering,"{'n_clusters': 9, 'affinity': 'poly', 'assign_labels': 'discretize', 'random_state': 42}",0.13926852208644905,502.9491887603712,1.688804270579765
SpectralClustering,"{'n_clusters': 9, 'affinity': 'poly', 'assign_labels': 'discretize', 'random_state': 123}",0.1427151981148727,518.6932760880338,1.6566288584855688
SpectralClustering,"{'n_clusters': 9, 'affinity': 'poly', 'assign_labels': 'discretize', 'random_state': 456}",0.13760934695768606,512.2260076068155,1.6474353280788376
SpectralClustering,"{'n_clusters': 9, 'affinity': 'poly', 'assign_labels': 'discretize', 'random_state': 789}",0.13731377700326888,510.6443884571699,1.6489834833840706
SpectralClustering,"{'n_clusters': 9, 'affinity': 'poly', 'assign_labels': 'discretize', 'random_state': 1011}",0.1396050553286214,520.5612405889059,1.6370171230875097
SpectralClustering,"{'n_clusters': 9, 'affinity': 'poly', 'assign_labels': 'discretize', 'random_state': 2022}",0.13466739323770915,513.3033334761888,1.6498782424814105
SpectralClustering,"{'n_clusters': 9, 'affinity': 'poly', 'assign_labels': 'discretize', 'random_state': 3033}",0.13742085884107982,509.8365213367736,1.6505881148076358
SpectralClustering,"{'n_clusters': 9, 'affinity': 'poly', 'assign_labels': 'discretize', 'random_state': 4044}",0.13730601167178083,512.2629336739795,1.648499266525131
SpectralClustering,"{'n_clusters': 9, 'affinity': 'poly', 'assign_labels': 'discretize', 'random_state': 5055}",0.13782240826528333,511.72800325465096,1.6464310346324895
SpectralClustering,"{'n_clusters': 9, 'affinity': 'poly', 'assign_labels': 'discretize', 'random_state': 6066}",0.137278317173016,510.99510113751677,1.6497033578390885
SpectralClustering,"{'n_clusters': 9, 'affinity': 'poly', 'assign_labels': 'cluster_qr', 'random_state': 42}",0.07435070960706698,233.85107565830614,3.7043670495664003
SpectralClustering,"{'n_clusters': 9, 'affinity': 'poly', 'assign_labels': 'cluster_qr', 'random_state': 123}",0.07435070960706698,233.85107565830614,3.7043670495664003
SpectralClustering,"{'n_clusters': 9, 'affinity': 'poly', 'assign_labels': 'cluster_qr', 'random_state': 456}",0.07435070960706698,233.85107565830614,3.7043670495664003
SpectralClustering,"{'n_clusters': 9, 'affinity': 'poly', 'assign_labels': 'cluster_qr', 'random_state': 789}",0.07435070960706698,233.85107565830614,3.7043670495664003
SpectralClustering,"{'n_clusters': 9, 'affinity': 'poly', 'assign_labels': 'cluster_qr', 'random_state': 1011}",0.07435070960706698,233.85107565830614,3.7043670495664003
SpectralClustering,"{'n_clusters': 9, 'affinity': 'poly', 'assign_labels': 'cluster_qr', 'random_state': 2022}",0.07435070960706698,233.85107565830614,3.7043670495664003
SpectralClustering,"{'n_clusters': 9, 'affinity': 'poly', 'assign_labels': 'cluster_qr', 'random_state': 3033}",0.07435070960706698,233.85107565830614,3.7043670495664003
SpectralClustering,"{'n_clusters': 9, 'affinity': 'poly', 'assign_labels': 'cluster_qr', 'random_state': 4044}",0.07435070960706698,233.85107565830614,3.7043670495664003
SpectralClustering,"{'n_clusters': 9, 'affinity': 'poly', 'assign_labels': 'cluster_qr', 'random_state': 5055}",0.07435070960706698,233.85107565830614,3.7043670495664003
SpectralClustering,"{'n_clusters': 9, 'affinity': 'poly', 'assign_labels': 'cluster_qr', 'random_state': 6066}",0.07435070960706698,233.85107565830614,3.7043670495664003
SpectralClustering,"{'n_clusters': 9, 'affinity': 'sigmoid', 'assign_labels': 'kmeans', 'random_state': 42}",-0.1822400468011783,4.244086741090934,8.242347179683666
SpectralClustering,"{'n_clusters': 9, 'affinity': 'sigmoid', 'assign_labels': 'kmeans', 'random_state': 123}",-0.27671076235225983,4.109678877186107,4.469393447156677
SpectralClustering,"{'n_clusters': 9, 'affinity': 'sigmoid', 'assign_labels': 'kmeans', 'random_state': 456}",-0.1808233904369289,4.077927256686388,9.125255676074104
SpectralClustering,"{'n_clusters': 9, 'affinity': 'sigmoid', 'assign_labels': 'kmeans', 'random_state': 789}",-0.2789947252196246,4.039296104281752,12.44230023422501
SpectralClustering,"{'n_clusters': 9, 'affinity': 'sigmoid', 'assign_labels': 'kmeans', 'random_state': 1011}",-0.08710079463961504,4.5446227504967265,8.733762175293556
SpectralClustering,"{'n_clusters': 9, 'affinity': 'sigmoid', 'assign_labels': 'kmeans', 'random_state': 2022}",-0.08359153701636139,4.844098190813364,9.014829464123913
SpectralClustering,"{'n_clusters': 9, 'affinity': 'sigmoid', 'assign_labels': 'kmeans', 'random_state': 3033}",-0.08624372320982963,5.32459615120009,5.317438796092912
SpectralClustering,"{'n_clusters': 9, 'affinity': 'sigmoid', 'assign_labels': 'kmeans', 'random_state': 4044}",-0.09159528015680642,4.390340449849401,17.653865188041078
SpectralClustering,"{'n_clusters': 9, 'affinity': 'sigmoid', 'assign_labels': 'kmeans', 'random_state': 5055}",-0.3340129822906144,3.9070602434939503,17.34120277968578
SpectralClustering,"{'n_clusters': 9, 'affinity': 'sigmoid', 'assign_labels': 'kmeans', 'random_state': 6066}",-0.31443624476303067,4.471302561840336,6.314817902517171
SpectralClustering,"{'n_clusters': 9, 'affinity': 'sigmoid', 'assign_labels': 'discretize', 'random_state': 42}",-0.09016374745786866,4.757049986107152,14.431339339457654
SpectralClustering,"{'n_clusters': 9, 'affinity': 'sigmoid', 'assign_labels': 'discretize', 'random_state': 123}",-0.07558538255712104,4.380453772308032,12.916110430536976
SpectralClustering,"{'n_clusters': 9, 'affinity': 'sigmoid', 'assign_labels': 'discretize', 'random_state': 456}",-0.06229355663285682,3.939208412781495,16.142610808780766
SpectralClustering,"{'n_clusters': 9, 'affinity': 'sigmoid', 'assign_labels': 'discretize', 'random_state': 789}",-0.06808093857047862,2.781145052347252,15.330588193171057
SpectralClustering,"{'n_clusters': 9, 'affinity': 'sigmoid', 'assign_labels': 'discretize', 'random_state': 1011}",-0.05735081222010541,4.305068423326688,13.998250980847065
SpectralClustering,"{'n_clusters': 9, 'affinity': 'sigmoid', 'assign_labels': 'discretize', 'random_state': 2022}",-0.06534270879476699,4.168642734306184,15.566086942850669
SpectralClustering,"{'n_clusters': 9, 'affinity': 'sigmoid', 'assign_labels': 'discretize', 'random_state': 3033}",-0.046225783987653875,5.454146288189191,15.28449615556722
SpectralClustering,"{'n_clusters': 9, 'affinity': 'sigmoid', 'assign_labels': 'discretize', 'random_state': 4044}",-0.039179028024988787,4.363203132672427,21.589115271237922
SpectralClustering,"{'n_clusters': 9, 'affinity': 'sigmoid', 'assign_labels': 'discretize', 'random_state': 5055}",-0.06491682714154327,4.1965716064865894,26.231883980517818
SpectralClustering,"{'n_clusters': 9, 'affinity': 'sigmoid', 'assign_labels': 'discretize', 'random_state': 6066}",-0.07301374724317866,5.044995212637306,16.882963084493085
SpectralClustering,"{'n_clusters': 9, 'affinity': 'sigmoid', 'assign_labels': 'cluster_qr', 'random_state': 42}",-0.04252074432248324,2.1764335347704216,18.3278014414462
SpectralClustering,"{'n_clusters': 9, 'affinity': 'sigmoid', 'assign_labels': 'cluster_qr', 'random_state': 123}",-0.12282835566747825,1.9763308599466476,17.59387193278523
SpectralClustering,"{'n_clusters': 9, 'affinity': 'sigmoid', 'assign_labels': 'cluster_qr', 'random_state': 456}",-0.030484075417880622,2.440728953902238,19.86732886428604
SpectralClustering,"{'n_clusters': 9, 'affinity': 'sigmoid', 'assign_labels': 'cluster_qr', 'random_state': 789}",-0.028196771285843292,1.3050445445729917,26.35702453863303
SpectralClustering,"{'n_clusters': 9, 'affinity': 'sigmoid', 'assign_labels': 'cluster_qr', 'random_state': 1011}",-0.03301913064417376,1.8692627948610883,18.773531775659002
SpectralClustering,"{'n_clusters': 9, 'affinity': 'sigmoid', 'assign_labels': 'cluster_qr', 'random_state': 2022}",-0.01874524655730849,1.7259179392049298,25.016275941506464
SpectralClustering,"{'n_clusters': 9, 'affinity': 'sigmoid', 'assign_labels': 'cluster_qr', 'random_state': 3033}",-0.037026794398608925,2.5071835309537978,20.841517857749743
SpectralClustering,"{'n_clusters': 9, 'affinity': 'sigmoid', 'assign_labels': 'cluster_qr', 'random_state': 4044}",-0.03133561329441071,2.171190494437961,25.215924534647836
SpectralClustering,"{'n_clusters': 9, 'affinity': 'sigmoid', 'assign_labels': 'cluster_qr', 'random_state': 5055}",-0.04930992451982514,1.4727644357823773,26.8507226556947
SpectralClustering,"{'n_clusters': 9, 'affinity': 'sigmoid', 'assign_labels': 'cluster_qr', 'random_state': 6066}",-0.05998010383702275,2.2905834459221777,16.568043411103957
SpectralClustering,"{'n_clusters': 10, 'affinity': 'rbf', 'assign_labels': 'kmeans', 'random_state': 42}",0.22833334253036192,83.35373771551028,1.159274435601809
SpectralClustering,"{'n_clusters': 10, 'affinity': 'rbf', 'assign_labels': 'kmeans', 'random_state': 123}",0.16416711563763595,82.9018933230062,1.356840980968346
SpectralClustering,"{'n_clusters': 10, 'affinity': 'rbf', 'assign_labels': 'kmeans', 'random_state': 456}",0.2286858548772062,83.29568658592332,1.5236489365998416
SpectralClustering,"{'n_clusters': 10, 'affinity': 'rbf', 'assign_labels': 'kmeans', 'random_state': 789}",0.1632955916200349,83.22852863811003,1.362474884766884
SpectralClustering,"{'n_clusters': 10, 'affinity': 'rbf', 'assign_labels': 'kmeans', 'random_state': 1011}",0.1632955916200349,83.22852863811003,1.362474884766884
SpectralClustering,"{'n_clusters': 10, 'affinity': 'rbf', 'assign_labels': 'kmeans', 'random_state': 2022}",0.16181998440289394,83.29675139465444,1.3568427326513215
SpectralClustering,"{'n_clusters': 10, 'affinity': 'rbf', 'assign_labels': 'kmeans', 'random_state': 3033}",0.1632955916200349,83.22852863811006,1.362474884766884
SpectralClustering,"{'n_clusters': 10, 'affinity': 'rbf', 'assign_labels': 'kmeans', 'random_state': 4044}",0.18263021817669697,114.6186387587948,1.3578914595119318
SpectralClustering,"{'n_clusters': 10, 'affinity': 'rbf', 'assign_labels': 'kmeans', 'random_state': 5055}",0.2122740168234991,55.48909954073798,1.1406541062516236
SpectralClustering,"{'n_clusters': 10, 'affinity': 'rbf', 'assign_labels': 'kmeans', 'random_state': 6066}",0.2122740168234991,55.48909954073798,1.1406541062516233
SpectralClustering,"{'n_clusters': 10, 'affinity': 'rbf', 'assign_labels': 'discretize', 'random_state': 42}",0.2593216375935899,281.11220165154145,1.3906823688033694
SpectralClustering,"{'n_clusters': 10, 'affinity': 'rbf', 'assign_labels': 'discretize', 'random_state': 123}",0.2593216375935899,281.1122016515414,1.3906823688033696
SpectralClustering,"{'n_clusters': 10, 'affinity': 'rbf', 'assign_labels': 'discretize', 'random_state': 456}",0.2593216375935899,281.1122016515415,1.3906823688033696
SpectralClustering,"{'n_clusters': 10, 'affinity': 'rbf', 'assign_labels': 'discretize', 'random_state': 789}",0.2593216375935899,281.11220165154145,1.3906823688033694
SpectralClustering,"{'n_clusters': 10, 'affinity': 'rbf', 'assign_labels': 'discretize', 'random_state': 1011}",0.2593216375935899,281.1122016515414,1.3906823688033696
SpectralClustering,"{'n_clusters': 10, 'affinity': 'rbf', 'assign_labels': 'discretize', 'random_state': 2022}",0.2593216375935899,281.1122016515414,1.3906823688033696
SpectralClustering,"{'n_clusters': 10, 'affinity': 'rbf', 'assign_labels': 'discretize', 'random_state': 3033}",0.2593216375935899,281.1122016515414,1.3906823688033696
SpectralClustering,"{'n_clusters': 10, 'affinity': 'rbf', 'assign_labels': 'discretize', 'random_state': 4044}",0.2593216375935899,281.1122016515414,1.3906823688033696
SpectralClustering,"{'n_clusters': 10, 'affinity': 'rbf', 'assign_labels': 'discretize', 'random_state': 5055}",0.2593216375935899,281.11220165154145,1.3906823688033694
SpectralClustering,"{'n_clusters': 10, 'affinity': 'rbf', 'assign_labels': 'discretize', 'random_state': 6066}",0.2593216375935899,281.1122016515414,1.3906823688033696
SpectralClustering,"{'n_clusters': 10, 'affinity': 'rbf', 'assign_labels': 'cluster_qr', 'random_state': 42}",0.2604773922232014,276.27625253175785,1.4566457709191176
SpectralClustering,"{'n_clusters': 10, 'affinity': 'rbf', 'assign_labels': 'cluster_qr', 'random_state': 123}",0.2604773922232014,276.27625253175785,1.4566457709191176
SpectralClustering,"{'n_clusters': 10, 'affinity': 'rbf', 'assign_labels': 'cluster_qr', 'random_state': 456}",0.2604773922232014,276.27625253175785,1.4566457709191176
SpectralClustering,"{'n_clusters': 10, 'affinity': 'rbf', 'assign_labels': 'cluster_qr', 'random_state': 789}",0.2604773922232014,276.27625253175785,1.4566457709191176
SpectralClustering,"{'n_clusters': 10, 'affinity': 'rbf', 'assign_labels': 'cluster_qr', 'random_state': 1011}",0.2604773922232014,276.27625253175785,1.4566457709191176
SpectralClustering,"{'n_clusters': 10, 'affinity': 'rbf', 'assign_labels': 'cluster_qr', 'random_state': 2022}",0.2604773922232014,276.27625253175785,1.4566457709191176
SpectralClustering,"{'n_clusters': 10, 'affinity': 'rbf', 'assign_labels': 'cluster_qr', 'random_state': 3033}",0.2604773922232014,276.27625253175785,1.4566457709191176
SpectralClustering,"{'n_clusters': 10, 'affinity': 'rbf', 'assign_labels': 'cluster_qr', 'random_state': 4044}",0.2604773922232014,276.27625253175785,1.4566457709191176
SpectralClustering,"{'n_clusters': 10, 'affinity': 'rbf', 'assign_labels': 'cluster_qr', 'random_state': 5055}",0.2604773922232014,276.27625253175785,1.4566457709191176
SpectralClustering,"{'n_clusters': 10, 'affinity': 'rbf', 'assign_labels': 'cluster_qr', 'random_state': 6066}",0.2604773922232014,276.27625253175785,1.4566457709191176
SpectralClustering,"{'n_clusters': 10, 'affinity': 'nearest_neighbors', 'assign_labels': 'kmeans', 'random_state': 42, 'n_neighbors': 5}",0.08131944457925418,425.9016940150545,1.5182847820099252
SpectralClustering,"{'n_clusters': 10, 'affinity': 'nearest_neighbors', 'assign_labels': 'kmeans', 'random_state': 123, 'n_neighbors': 5}",0.08144333327590875,426.13719498020123,1.5178658002506342
SpectralClustering,"{'n_clusters': 10, 'affinity': 'nearest_neighbors', 'assign_labels': 'kmeans', 'random_state': 456, 'n_neighbors': 5}",0.08144333327590875,426.13719498020134,1.5178658002506344
SpectralClustering,"{'n_clusters': 10, 'affinity': 'nearest_neighbors', 'assign_labels': 'kmeans', 'random_state': 789, 'n_neighbors': 5}",0.08144333327590875,426.1371949802014,1.517865800250634
SpectralClustering,"{'n_clusters': 10, 'affinity': 'nearest_neighbors', 'assign_labels': 'kmeans', 'random_state': 1011, 'n_neighbors': 5}",0.08144333327590875,426.1371949802013,1.517865800250634
SpectralClustering,"{'n_clusters': 10, 'affinity': 'nearest_neighbors', 'assign_labels': 'kmeans', 'random_state': 2022, 'n_neighbors': 5}",0.08144333327590875,426.1371949802014,1.5178658002506342
SpectralClustering,"{'n_clusters': 10, 'affinity': 'nearest_neighbors', 'assign_labels': 'kmeans', 'random_state': 3033, 'n_neighbors': 5}",0.08144333327590875,426.1371949802014,1.5178658002506342
SpectralClustering,"{'n_clusters': 10, 'affinity': 'nearest_neighbors', 'assign_labels': 'kmeans', 'random_state': 4044, 'n_neighbors': 5}",0.08144333327590875,426.1371949802014,1.5178658002506342
SpectralClustering,"{'n_clusters': 10, 'affinity': 'nearest_neighbors', 'assign_labels': 'kmeans', 'random_state': 5055, 'n_neighbors': 5}",0.08144333327590875,426.1371949802014,1.5178658002506342
SpectralClustering,"{'n_clusters': 10, 'affinity': 'nearest_neighbors', 'assign_labels': 'kmeans', 'random_state': 6066, 'n_neighbors': 5}",0.08144333327590875,426.1371949802014,1.5178658002506344
SpectralClustering,"{'n_clusters': 10, 'affinity': 'nearest_neighbors', 'assign_labels': 'discretize', 'random_state': 42, 'n_neighbors': 5}",0.09396809265689715,442.2118649779567,1.5796692200403624
SpectralClustering,"{'n_clusters': 10, 'affinity': 'nearest_neighbors', 'assign_labels': 'discretize', 'random_state': 123, 'n_neighbors': 5}",0.09401150422810746,442.2275035650625,1.5802905816776107
SpectralClustering,"{'n_clusters': 10, 'affinity': 'nearest_neighbors', 'assign_labels': 'discretize', 'random_state': 456, 'n_neighbors': 5}",0.09402193204592914,442.0997421383934,1.5791904786375954
SpectralClustering,"{'n_clusters': 10, 'affinity': 'nearest_neighbors', 'assign_labels': 'discretize', 'random_state': 789, 'n_neighbors': 5}",0.09402193204592914,442.0997421383935,1.5791904786375954
SpectralClustering,"{'n_clusters': 10, 'affinity': 'nearest_neighbors', 'assign_labels': 'discretize', 'random_state': 1011, 'n_neighbors': 5}",0.09401150422810746,442.2275035650625,1.5802905816776107
SpectralClustering,"{'n_clusters': 10, 'affinity': 'nearest_neighbors', 'assign_labels': 'discretize', 'random_state': 2022, 'n_neighbors': 5}",0.09402193204592914,442.0997421383934,1.5791904786375957
SpectralClustering,"{'n_clusters': 10, 'affinity': 'nearest_neighbors', 'assign_labels': 'discretize', 'random_state': 3033, 'n_neighbors': 5}",0.09402193204592914,442.0997421383935,1.5791904786375957
SpectralClustering,"{'n_clusters': 10, 'affinity': 'nearest_neighbors', 'assign_labels': 'discretize', 'random_state': 4044, 'n_neighbors': 5}",0.09402193204592914,442.0997421383934,1.5791904786375954
SpectralClustering,"{'n_clusters': 10, 'affinity': 'nearest_neighbors', 'assign_labels': 'discretize', 'random_state': 5055, 'n_neighbors': 5}",0.0939785165646765,442.08410891371403,1.5785687343425283
SpectralClustering,"{'n_clusters': 10, 'affinity': 'nearest_neighbors', 'assign_labels': 'discretize', 'random_state': 6066, 'n_neighbors': 5}",0.0939785165646765,442.08410891371403,1.5785687343425283
SpectralClustering,"{'n_clusters': 10, 'affinity': 'nearest_neighbors', 'assign_labels': 'cluster_qr', 'random_state': 42, 'n_neighbors': 5}",0.09572079813877324,446.98375768118075,1.5900106126451075
SpectralClustering,"{'n_clusters': 10, 'affinity': 'nearest_neighbors', 'assign_labels': 'cluster_qr', 'random_state': 123, 'n_neighbors': 5}",0.09572079813877324,446.98375768118075,1.5900106126451075
SpectralClustering,"{'n_clusters': 10, 'affinity': 'nearest_neighbors', 'assign_labels': 'cluster_qr', 'random_state': 456, 'n_neighbors': 5}",0.09572079813877324,446.98375768118075,1.5900106126451075
SpectralClustering,"{'n_clusters': 10, 'affinity': 'nearest_neighbors', 'assign_labels': 'cluster_qr', 'random_state': 789, 'n_neighbors': 5}",0.09572079813877324,446.98375768118075,1.5900106126451075
SpectralClustering,"{'n_clusters': 10, 'affinity': 'nearest_neighbors', 'assign_labels': 'cluster_qr', 'random_state': 1011, 'n_neighbors': 5}",0.09572079813877324,446.98375768118075,1.5900106126451075
SpectralClustering,"{'n_clusters': 10, 'affinity': 'nearest_neighbors', 'assign_labels': 'cluster_qr', 'random_state': 2022, 'n_neighbors': 5}",0.09572079813877324,446.98375768118075,1.5900106126451075
SpectralClustering,"{'n_clusters': 10, 'affinity': 'nearest_neighbors', 'assign_labels': 'cluster_qr', 'random_state': 3033, 'n_neighbors': 5}",0.09572079813877324,446.98375768118075,1.5900106126451075
SpectralClustering,"{'n_clusters': 10, 'affinity': 'nearest_neighbors', 'assign_labels': 'cluster_qr', 'random_state': 4044, 'n_neighbors': 5}",0.09572079813877324,446.98375768118075,1.5900106126451075
SpectralClustering,"{'n_clusters': 10, 'affinity': 'nearest_neighbors', 'assign_labels': 'cluster_qr', 'random_state': 5055, 'n_neighbors': 5}",0.09572079813877324,446.98375768118075,1.5900106126451075
SpectralClustering,"{'n_clusters': 10, 'affinity': 'nearest_neighbors', 'assign_labels': 'cluster_qr', 'random_state': 6066, 'n_neighbors': 5}",0.09572079813877324,446.98375768118075,1.5900106126451075
SpectralClustering,"{'n_clusters': 10, 'affinity': 'nearest_neighbors', 'assign_labels': 'kmeans', 'random_state': 42, 'n_neighbors': 10}",0.15326130840643573,493.0703168869534,1.6386548815196011
SpectralClustering,"{'n_clusters': 10, 'affinity': 'nearest_neighbors', 'assign_labels': 'kmeans', 'random_state': 123, 'n_neighbors': 10}",0.15326130840643573,493.0703168869533,1.6386548815196016
SpectralClustering,"{'n_clusters': 10, 'affinity': 'nearest_neighbors', 'assign_labels': 'kmeans', 'random_state': 456, 'n_neighbors': 10}",0.15326130840643573,493.0703168869534,1.6386548815196016
SpectralClustering,"{'n_clusters': 10, 'affinity': 'nearest_neighbors', 'assign_labels': 'kmeans', 'random_state': 789, 'n_neighbors': 10}",0.15326130840643573,493.0703168869533,1.6386548815196016
SpectralClustering,"{'n_clusters': 10, 'affinity': 'nearest_neighbors', 'assign_labels': 'kmeans', 'random_state': 1011, 'n_neighbors': 10}",0.15326130840643573,493.0703168869533,1.6386548815196016
SpectralClustering,"{'n_clusters': 10, 'affinity': 'nearest_neighbors', 'assign_labels': 'kmeans', 'random_state': 2022, 'n_neighbors': 10}",0.15326130840643573,493.0703168869533,1.6386548815196016
SpectralClustering,"{'n_clusters': 10, 'affinity': 'nearest_neighbors', 'assign_labels': 'kmeans', 'random_state': 3033, 'n_neighbors': 10}",0.15326130840643573,493.0703168869533,1.6386548815196016
SpectralClustering,"{'n_clusters': 10, 'affinity': 'nearest_neighbors', 'assign_labels': 'kmeans', 'random_state': 4044, 'n_neighbors': 10}",0.15326130840643573,493.0703168869533,1.6386548815196016
SpectralClustering,"{'n_clusters': 10, 'affinity': 'nearest_neighbors', 'assign_labels': 'kmeans', 'random_state': 5055, 'n_neighbors': 10}",0.15326130840643573,493.0703168869534,1.6386548815196016
SpectralClustering,"{'n_clusters': 10, 'affinity': 'nearest_neighbors', 'assign_labels': 'kmeans', 'random_state': 6066, 'n_neighbors': 10}",0.15326130840643573,493.0703168869534,1.6386548815196016
SpectralClustering,"{'n_clusters': 10, 'affinity': 'nearest_neighbors', 'assign_labels': 'discretize', 'random_state': 42, 'n_neighbors': 10}",0.17584694080294883,502.9484485514914,1.7901966405806877
SpectralClustering,"{'n_clusters': 10, 'affinity': 'nearest_neighbors', 'assign_labels': 'discretize', 'random_state': 123, 'n_neighbors': 10}",0.1759456765092865,503.08253897276444,1.7898666539765535
SpectralClustering,"{'n_clusters': 10, 'affinity': 'nearest_neighbors', 'assign_labels': 'discretize', 'random_state': 456, 'n_neighbors': 10}",0.17584694080294883,502.9484485514914,1.7901966405806877
SpectralClustering,"{'n_clusters': 10, 'affinity': 'nearest_neighbors', 'assign_labels': 'discretize', 'random_state': 789, 'n_neighbors': 10}",0.1759456765092865,503.08253897276444,1.7898666539765535
SpectralClustering,"{'n_clusters': 10, 'affinity': 'nearest_neighbors', 'assign_labels': 'discretize', 'random_state': 1011, 'n_neighbors': 10}",0.17584694080294883,502.9484485514914,1.7901966405806877
SpectralClustering,"{'n_clusters': 10, 'affinity': 'nearest_neighbors', 'assign_labels': 'discretize', 'random_state': 2022, 'n_neighbors': 10}",0.1759456765092865,503.0825389727645,1.7898666539765535
SpectralClustering,"{'n_clusters': 10, 'affinity': 'nearest_neighbors', 'assign_labels': 'discretize', 'random_state': 3033, 'n_neighbors': 10}",0.1759456765092865,503.08253897276444,1.7898666539765535
SpectralClustering,"{'n_clusters': 10, 'affinity': 'nearest_neighbors', 'assign_labels': 'discretize', 'random_state': 4044, 'n_neighbors': 10}",0.1759456765092865,503.08253897276444,1.7898666539765535
SpectralClustering,"{'n_clusters': 10, 'affinity': 'nearest_neighbors', 'assign_labels': 'discretize', 'random_state': 5055, 'n_neighbors': 10}",0.17584694080294883,502.94844855149137,1.7901966405806877
SpectralClustering,"{'n_clusters': 10, 'affinity': 'nearest_neighbors', 'assign_labels': 'discretize', 'random_state': 6066, 'n_neighbors': 10}",0.17584694080294883,502.94844855149137,1.7901966405806877
SpectralClustering,"{'n_clusters': 10, 'affinity': 'nearest_neighbors', 'assign_labels': 'cluster_qr', 'random_state': 42, 'n_neighbors': 10}",0.16461089706510462,497.9440275343201,1.8004284242463633
SpectralClustering,"{'n_clusters': 10, 'affinity': 'nearest_neighbors', 'assign_labels': 'cluster_qr', 'random_state': 123, 'n_neighbors': 10}",0.16461089706510462,497.9440275343201,1.8004284242463633
SpectralClustering,"{'n_clusters': 10, 'affinity': 'nearest_neighbors', 'assign_labels': 'cluster_qr', 'random_state': 456, 'n_neighbors': 10}",0.16461089706510462,497.9440275343201,1.8004284242463633
SpectralClustering,"{'n_clusters': 10, 'affinity': 'nearest_neighbors', 'assign_labels': 'cluster_qr', 'random_state': 789, 'n_neighbors': 10}",0.16461089706510462,497.9440275343201,1.8004284242463633
SpectralClustering,"{'n_clusters': 10, 'affinity': 'nearest_neighbors', 'assign_labels': 'cluster_qr', 'random_state': 1011, 'n_neighbors': 10}",0.16461089706510462,497.9440275343201,1.8004284242463633
SpectralClustering,"{'n_clusters': 10, 'affinity': 'nearest_neighbors', 'assign_labels': 'cluster_qr', 'random_state': 2022, 'n_neighbors': 10}",0.16461089706510462,497.9440275343201,1.8004284242463633
SpectralClustering,"{'n_clusters': 10, 'affinity': 'nearest_neighbors', 'assign_labels': 'cluster_qr', 'random_state': 3033, 'n_neighbors': 10}",0.16461089706510462,497.9440275343201,1.8004284242463633
SpectralClustering,"{'n_clusters': 10, 'affinity': 'nearest_neighbors', 'assign_labels': 'cluster_qr', 'random_state': 4044, 'n_neighbors': 10}",0.16461089706510462,497.9440275343201,1.8004284242463633
SpectralClustering,"{'n_clusters': 10, 'affinity': 'nearest_neighbors', 'assign_labels': 'cluster_qr', 'random_state': 5055, 'n_neighbors': 10}",0.16461089706510462,497.9440275343201,1.8004284242463633
SpectralClustering,"{'n_clusters': 10, 'affinity': 'nearest_neighbors', 'assign_labels': 'cluster_qr', 'random_state': 6066, 'n_neighbors': 10}",0.16461089706510462,497.9440275343201,1.8004284242463633
SpectralClustering,"{'n_clusters': 10, 'affinity': 'nearest_neighbors', 'assign_labels': 'kmeans', 'random_state': 42, 'n_neighbors': 15}",0.1597915622412909,502.9606059652754,1.453747656032652
SpectralClustering,"{'n_clusters': 10, 'affinity': 'nearest_neighbors', 'assign_labels': 'kmeans', 'random_state': 123, 'n_neighbors': 15}",0.1597915622412909,502.9606059652755,1.453747656032652
SpectralClustering,"{'n_clusters': 10, 'affinity': 'nearest_neighbors', 'assign_labels': 'kmeans', 'random_state': 456, 'n_neighbors': 15}",0.15994019632491055,503.13003352347766,1.4534345000911664
SpectralClustering,"{'n_clusters': 10, 'affinity': 'nearest_neighbors', 'assign_labels': 'kmeans', 'random_state': 789, 'n_neighbors': 15}",0.15994019632491055,503.13003352347766,1.4534345000911664
SpectralClustering,"{'n_clusters': 10, 'affinity': 'nearest_neighbors', 'assign_labels': 'kmeans', 'random_state': 1011, 'n_neighbors': 15}",0.1597915622412909,502.9606059652753,1.453747656032652
SpectralClustering,"{'n_clusters': 10, 'affinity': 'nearest_neighbors', 'assign_labels': 'kmeans', 'random_state': 2022, 'n_neighbors': 15}",0.1597915622412909,502.96060596527553,1.4537476560326523
SpectralClustering,"{'n_clusters': 10, 'affinity': 'nearest_neighbors', 'assign_labels': 'kmeans', 'random_state': 3033, 'n_neighbors': 15}",0.1597915622412909,502.9606059652755,1.453747656032652
SpectralClustering,"{'n_clusters': 10, 'affinity': 'nearest_neighbors', 'assign_labels': 'kmeans', 'random_state': 4044, 'n_neighbors': 15}",0.1597915622412909,502.9606059652755,1.453747656032652
SpectralClustering,"{'n_clusters': 10, 'affinity': 'nearest_neighbors', 'assign_labels': 'kmeans', 'random_state': 5055, 'n_neighbors': 15}",0.16006768514735029,503.51647218179363,1.453171820505935
SpectralClustering,"{'n_clusters': 10, 'affinity': 'nearest_neighbors', 'assign_labels': 'kmeans', 'random_state': 6066, 'n_neighbors': 15}",0.1599190401822459,503.34688214064244,1.4534850657490435
SpectralClustering,"{'n_clusters': 10, 'affinity': 'nearest_neighbors', 'assign_labels': 'discretize', 'random_state': 42, 'n_neighbors': 15}",0.17423867797588263,519.513321222805,1.6411086643950408
SpectralClustering,"{'n_clusters': 10, 'affinity': 'nearest_neighbors', 'assign_labels': 'discretize', 'random_state': 123, 'n_neighbors': 15}",0.1747374019585,519.4623830526975,1.6410725747620678
SpectralClustering,"{'n_clusters': 10, 'affinity': 'nearest_neighbors', 'assign_labels': 'discretize', 'random_state': 456, 'n_neighbors': 15}",0.1747374019585,519.4623830526976,1.6410725747620678
SpectralClustering,"{'n_clusters': 10, 'affinity': 'nearest_neighbors', 'assign_labels': 'discretize', 'random_state': 789, 'n_neighbors': 15}",0.17423867797588263,519.513321222805,1.6411086643950408
SpectralClustering,"{'n_clusters': 10, 'affinity': 'nearest_neighbors', 'assign_labels': 'discretize', 'random_state': 1011, 'n_neighbors': 15}",0.1747374019585,519.4623830526975,1.6410725747620678
SpectralClustering,"{'n_clusters': 10, 'affinity': 'nearest_neighbors', 'assign_labels': 'discretize', 'random_state': 2022, 'n_neighbors': 15}",0.1747374019585,519.4623830526975,1.6410725747620678
SpectralClustering,"{'n_clusters': 10, 'affinity': 'nearest_neighbors', 'assign_labels': 'discretize', 'random_state': 3033, 'n_neighbors': 15}",0.1747374019585,519.4623830526975,1.6410725747620678
SpectralClustering,"{'n_clusters': 10, 'affinity': 'nearest_neighbors', 'assign_labels': 'discretize', 'random_state': 4044, 'n_neighbors': 15}",0.17423867797588263,519.5133212228048,1.6411086643950408
SpectralClustering,"{'n_clusters': 10, 'affinity': 'nearest_neighbors', 'assign_labels': 'discretize', 'random_state': 5055, 'n_neighbors': 15}",0.17423867797588263,519.513321222805,1.6411086643950408
SpectralClustering,"{'n_clusters': 10, 'affinity': 'nearest_neighbors', 'assign_labels': 'discretize', 'random_state': 6066, 'n_neighbors': 15}",0.17435255973270483,519.490232993944,1.6409118606634494
SpectralClustering,"{'n_clusters': 10, 'affinity': 'nearest_neighbors', 'assign_labels': 'cluster_qr', 'random_state': 42, 'n_neighbors': 15}",0.16685604518911676,519.7507029067268,1.652788984789829
SpectralClustering,"{'n_clusters': 10, 'affinity': 'nearest_neighbors', 'assign_labels': 'cluster_qr', 'random_state': 123, 'n_neighbors': 15}",0.16685604518911676,519.7507029067268,1.652788984789829
SpectralClustering,"{'n_clusters': 10, 'affinity': 'nearest_neighbors', 'assign_labels': 'cluster_qr', 'random_state': 456, 'n_neighbors': 15}",0.16685604518911676,519.7507029067268,1.652788984789829
SpectralClustering,"{'n_clusters': 10, 'affinity': 'nearest_neighbors', 'assign_labels': 'cluster_qr', 'random_state': 789, 'n_neighbors': 15}",0.16685604518911676,519.7507029067268,1.652788984789829
SpectralClustering,"{'n_clusters': 10, 'affinity': 'nearest_neighbors', 'assign_labels': 'cluster_qr', 'random_state': 1011, 'n_neighbors': 15}",0.16685604518911676,519.7507029067268,1.652788984789829
SpectralClustering,"{'n_clusters': 10, 'affinity': 'nearest_neighbors', 'assign_labels': 'cluster_qr', 'random_state': 2022, 'n_neighbors': 15}",0.16685604518911676,519.7507029067268,1.652788984789829
SpectralClustering,"{'n_clusters': 10, 'affinity': 'nearest_neighbors', 'assign_labels': 'cluster_qr', 'random_state': 3033, 'n_neighbors': 15}",0.16685604518911676,519.7507029067268,1.652788984789829
SpectralClustering,"{'n_clusters': 10, 'affinity': 'nearest_neighbors', 'assign_labels': 'cluster_qr', 'random_state': 4044, 'n_neighbors': 15}",0.16685604518911676,519.7507029067268,1.652788984789829
SpectralClustering,"{'n_clusters': 10, 'affinity': 'nearest_neighbors', 'assign_labels': 'cluster_qr', 'random_state': 5055, 'n_neighbors': 15}",0.16685604518911676,519.7507029067268,1.652788984789829
SpectralClustering,"{'n_clusters': 10, 'affinity': 'nearest_neighbors', 'assign_labels': 'cluster_qr', 'random_state': 6066, 'n_neighbors': 15}",0.16685604518911676,519.7507029067268,1.652788984789829
SpectralClustering,"{'n_clusters': 10, 'affinity': 'nearest_neighbors', 'assign_labels': 'kmeans', 'random_state': 42, 'n_neighbors': 20}",0.16242307853327922,513.8646750484128,1.4556203946034134
SpectralClustering,"{'n_clusters': 10, 'affinity': 'nearest_neighbors', 'assign_labels': 'kmeans', 'random_state': 123, 'n_neighbors': 20}",0.1622647396606697,513.5157059999303,1.4556509028292717
SpectralClustering,"{'n_clusters': 10, 'affinity': 'nearest_neighbors', 'assign_labels': 'kmeans', 'random_state': 456, 'n_neighbors': 20}",0.1622647396606697,513.5157059999302,1.4556509028292715
SpectralClustering,"{'n_clusters': 10, 'affinity': 'nearest_neighbors', 'assign_labels': 'kmeans', 'random_state': 789, 'n_neighbors': 20}",0.16242307853327922,513.8646750484129,1.4556203946034132
SpectralClustering,"{'n_clusters': 10, 'affinity': 'nearest_neighbors', 'assign_labels': 'kmeans', 'random_state': 1011, 'n_neighbors': 20}",0.1622647396606697,513.5157059999302,1.4556509028292717
SpectralClustering,"{'n_clusters': 10, 'affinity': 'nearest_neighbors', 'assign_labels': 'kmeans', 'random_state': 2022, 'n_neighbors': 20}",0.16242307853327922,513.8646750484128,1.4556203946034134
SpectralClustering,"{'n_clusters': 10, 'affinity': 'nearest_neighbors', 'assign_labels': 'kmeans', 'random_state': 3033, 'n_neighbors': 20}",0.16242307853327922,513.8646750484127,1.4556203946034132
SpectralClustering,"{'n_clusters': 10, 'affinity': 'nearest_neighbors', 'assign_labels': 'kmeans', 'random_state': 4044, 'n_neighbors': 20}",0.16242307853327922,513.8646750484129,1.4556203946034136
SpectralClustering,"{'n_clusters': 10, 'affinity': 'nearest_neighbors', 'assign_labels': 'kmeans', 'random_state': 5055, 'n_neighbors': 20}",0.1622647396606697,513.5157059999302,1.4556509028292717
SpectralClustering,"{'n_clusters': 10, 'affinity': 'nearest_neighbors', 'assign_labels': 'kmeans', 'random_state': 6066, 'n_neighbors': 20}",0.16242307853327922,513.8646750484129,1.4556203946034134
SpectralClustering,"{'n_clusters': 10, 'affinity': 'nearest_neighbors', 'assign_labels': 'discretize', 'random_state': 42, 'n_neighbors': 20}",0.15408514336029727,522.2248753995486,1.5073434836696475
SpectralClustering,"{'n_clusters': 10, 'affinity': 'nearest_neighbors', 'assign_labels': 'discretize', 'random_state': 123, 'n_neighbors': 20}",0.15436557874405335,522.2520628088893,1.51192273238732
SpectralClustering,"{'n_clusters': 10, 'affinity': 'nearest_neighbors', 'assign_labels': 'discretize', 'random_state': 456, 'n_neighbors': 20}",0.15408514336029727,522.2248753995485,1.507343483669648
SpectralClustering,"{'n_clusters': 10, 'affinity': 'nearest_neighbors', 'assign_labels': 'discretize', 'random_state': 789, 'n_neighbors': 20}",0.15436557874405335,522.2520628088893,1.51192273238732
SpectralClustering,"{'n_clusters': 10, 'affinity': 'nearest_neighbors', 'assign_labels': 'discretize', 'random_state': 1011, 'n_neighbors': 20}",0.15436557874405335,522.2520628088893,1.51192273238732
SpectralClustering,"{'n_clusters': 10, 'affinity': 'nearest_neighbors', 'assign_labels': 'discretize', 'random_state': 2022, 'n_neighbors': 20}",0.15436557874405335,522.2520628088894,1.5119227323873197
SpectralClustering,"{'n_clusters': 10, 'affinity': 'nearest_neighbors', 'assign_labels': 'discretize', 'random_state': 3033, 'n_neighbors': 20}",0.15408514336029727,522.2248753995483,1.5073434836696478
SpectralClustering,"{'n_clusters': 10, 'affinity': 'nearest_neighbors', 'assign_labels': 'discretize', 'random_state': 4044, 'n_neighbors': 20}",0.15436557874405335,522.2520628088893,1.5119227323873197
SpectralClustering,"{'n_clusters': 10, 'affinity': 'nearest_neighbors', 'assign_labels': 'discretize', 'random_state': 5055, 'n_neighbors': 20}",0.15408514336029727,522.2248753995485,1.5073434836696478
SpectralClustering,"{'n_clusters': 10, 'affinity': 'nearest_neighbors', 'assign_labels': 'discretize', 'random_state': 6066, 'n_neighbors': 20}",0.15408514336029727,522.2248753995485,1.5073434836696478
SpectralClustering,"{'n_clusters': 10, 'affinity': 'nearest_neighbors', 'assign_labels': 'cluster_qr', 'random_state': 42, 'n_neighbors': 20}",0.15903559236542894,523.9913943067851,1.5126505651703432
SpectralClustering,"{'n_clusters': 10, 'affinity': 'nearest_neighbors', 'assign_labels': 'cluster_qr', 'random_state': 123, 'n_neighbors': 20}",0.15903559236542894,523.9913943067851,1.5126505651703432
SpectralClustering,"{'n_clusters': 10, 'affinity': 'nearest_neighbors', 'assign_labels': 'cluster_qr', 'random_state': 456, 'n_neighbors': 20}",0.15903559236542894,523.9913943067851,1.5126505651703432
SpectralClustering,"{'n_clusters': 10, 'affinity': 'nearest_neighbors', 'assign_labels': 'cluster_qr', 'random_state': 789, 'n_neighbors': 20}",0.15903559236542894,523.9913943067851,1.5126505651703432
SpectralClustering,"{'n_clusters': 10, 'affinity': 'nearest_neighbors', 'assign_labels': 'cluster_qr', 'random_state': 1011, 'n_neighbors': 20}",0.15903559236542894,523.9913943067851,1.5126505651703432
SpectralClustering,"{'n_clusters': 10, 'affinity': 'nearest_neighbors', 'assign_labels': 'cluster_qr', 'random_state': 2022, 'n_neighbors': 20}",0.15903559236542894,523.9913943067851,1.5126505651703432
SpectralClustering,"{'n_clusters': 10, 'affinity': 'nearest_neighbors', 'assign_labels': 'cluster_qr', 'random_state': 3033, 'n_neighbors': 20}",0.15903559236542894,523.9913943067851,1.5126505651703432
SpectralClustering,"{'n_clusters': 10, 'affinity': 'nearest_neighbors', 'assign_labels': 'cluster_qr', 'random_state': 4044, 'n_neighbors': 20}",0.15903559236542894,523.9913943067851,1.5126505651703432
SpectralClustering,"{'n_clusters': 10, 'affinity': 'nearest_neighbors', 'assign_labels': 'cluster_qr', 'random_state': 5055, 'n_neighbors': 20}",0.15903559236542894,523.9913943067851,1.5126505651703432
SpectralClustering,"{'n_clusters': 10, 'affinity': 'nearest_neighbors', 'assign_labels': 'cluster_qr', 'random_state': 6066, 'n_neighbors': 20}",0.15903559236542894,523.9913943067851,1.5126505651703432
SpectralClustering,"{'n_clusters': 10, 'affinity': 'nearest_neighbors', 'assign_labels': 'kmeans', 'random_state': 42, 'n_neighbors': 50}",0.144147215138622,542.8485072476878,1.5381593194820178
SpectralClustering,"{'n_clusters': 10, 'affinity': 'nearest_neighbors', 'assign_labels': 'kmeans', 'random_state': 123, 'n_neighbors': 50}",0.1440546608304846,542.7593357032554,1.539158661762754
SpectralClustering,"{'n_clusters': 10, 'affinity': 'nearest_neighbors', 'assign_labels': 'kmeans', 'random_state': 456, 'n_neighbors': 50}",0.144147215138622,542.8485072476881,1.538159319482018
SpectralClustering,"{'n_clusters': 10, 'affinity': 'nearest_neighbors', 'assign_labels': 'kmeans', 'random_state': 789, 'n_neighbors': 50}",0.144147215138622,542.848507247688,1.5381593194820178
SpectralClustering,"{'n_clusters': 10, 'affinity': 'nearest_neighbors', 'assign_labels': 'kmeans', 'random_state': 1011, 'n_neighbors': 50}",0.144147215138622,542.8485072476878,1.538159319482018
SpectralClustering,"{'n_clusters': 10, 'affinity': 'nearest_neighbors', 'assign_labels': 'kmeans', 'random_state': 2022, 'n_neighbors': 50}",0.144147215138622,542.848507247688,1.538159319482018
SpectralClustering,"{'n_clusters': 10, 'affinity': 'nearest_neighbors', 'assign_labels': 'kmeans', 'random_state': 3033, 'n_neighbors': 50}",0.144147215138622,542.848507247688,1.538159319482018
SpectralClustering,"{'n_clusters': 10, 'affinity': 'nearest_neighbors', 'assign_labels': 'kmeans', 'random_state': 4044, 'n_neighbors': 50}",0.144147215138622,542.848507247688,1.538159319482018
SpectralClustering,"{'n_clusters': 10, 'affinity': 'nearest_neighbors', 'assign_labels': 'kmeans', 'random_state': 5055, 'n_neighbors': 50}",0.1441073933590372,542.8398529965008,1.5381568060136044
SpectralClustering,"{'n_clusters': 10, 'affinity': 'nearest_neighbors', 'assign_labels': 'kmeans', 'random_state': 6066, 'n_neighbors': 50}",0.144147215138622,542.848507247688,1.538159319482018
SpectralClustering,"{'n_clusters': 10, 'affinity': 'nearest_neighbors', 'assign_labels': 'discretize', 'random_state': 42, 'n_neighbors': 50}",0.138846739529972,538.4913127037963,1.582391414164816
SpectralClustering,"{'n_clusters': 10, 'affinity': 'nearest_neighbors', 'assign_labels': 'discretize', 'random_state': 123, 'n_neighbors': 50}",0.138991178652536,538.6752009667124,1.5827294298760133
SpectralClustering,"{'n_clusters': 10, 'affinity': 'nearest_neighbors', 'assign_labels': 'discretize', 'random_state': 456, 'n_neighbors': 50}",0.138991178652536,538.6752009667124,1.5827294298760133
SpectralClustering,"{'n_clusters': 10, 'affinity': 'nearest_neighbors', 'assign_labels': 'discretize', 'random_state': 789, 'n_neighbors': 50}",0.13881089387974688,539.2837495158867,1.5854382607114628
SpectralClustering,"{'n_clusters': 10, 'affinity': 'nearest_neighbors', 'assign_labels': 'discretize', 'random_state': 1011, 'n_neighbors': 50}",0.138991178652536,538.6752009667123,1.582729429876013
SpectralClustering,"{'n_clusters': 10, 'affinity': 'nearest_neighbors', 'assign_labels': 'discretize', 'random_state': 2022, 'n_neighbors': 50}",0.138991178652536,538.6752009667125,1.5827294298760133
SpectralClustering,"{'n_clusters': 10, 'affinity': 'nearest_neighbors', 'assign_labels': 'discretize', 'random_state': 3033, 'n_neighbors': 50}",0.13895519791978717,539.4679843626757,1.585783066555288
SpectralClustering,"{'n_clusters': 10, 'affinity': 'nearest_neighbors', 'assign_labels': 'discretize', 'random_state': 4044, 'n_neighbors': 50}",0.13881089387974688,539.2837495158866,1.5854382607114625
SpectralClustering,"{'n_clusters': 10, 'affinity': 'nearest_neighbors', 'assign_labels': 'discretize', 'random_state': 5055, 'n_neighbors': 50}",0.13881089387974688,539.2837495158865,1.5854382607114628
SpectralClustering,"{'n_clusters': 10, 'affinity': 'nearest_neighbors', 'assign_labels': 'discretize', 'random_state': 6066, 'n_neighbors': 50}",0.138846739529972,538.4913127037963,1.5823914141648159
SpectralClustering,"{'n_clusters': 10, 'affinity': 'nearest_neighbors', 'assign_labels': 'cluster_qr', 'random_state': 42, 'n_neighbors': 50}",0.13948932842087153,539.7714823012549,1.5749924800270454
SpectralClustering,"{'n_clusters': 10, 'affinity': 'nearest_neighbors', 'assign_labels': 'cluster_qr', 'random_state': 123, 'n_neighbors': 50}",0.13948932842087153,539.7714823012549,1.5749924800270454
SpectralClustering,"{'n_clusters': 10, 'affinity': 'nearest_neighbors', 'assign_labels': 'cluster_qr', 'random_state': 456, 'n_neighbors': 50}",0.13948932842087153,539.7714823012549,1.5749924800270454
SpectralClustering,"{'n_clusters': 10, 'affinity': 'nearest_neighbors', 'assign_labels': 'cluster_qr', 'random_state': 789, 'n_neighbors': 50}",0.13948932842087153,539.7714823012549,1.5749924800270454
SpectralClustering,"{'n_clusters': 10, 'affinity': 'nearest_neighbors', 'assign_labels': 'cluster_qr', 'random_state': 1011, 'n_neighbors': 50}",0.13948932842087153,539.7714823012549,1.5749924800270454
SpectralClustering,"{'n_clusters': 10, 'affinity': 'nearest_neighbors', 'assign_labels': 'cluster_qr', 'random_state': 2022, 'n_neighbors': 50}",0.13948932842087153,539.7714823012549,1.5749924800270454
SpectralClustering,"{'n_clusters': 10, 'affinity': 'nearest_neighbors', 'assign_labels': 'cluster_qr', 'random_state': 3033, 'n_neighbors': 50}",0.13948932842087153,539.7714823012549,1.5749924800270454
SpectralClustering,"{'n_clusters': 10, 'affinity': 'nearest_neighbors', 'assign_labels': 'cluster_qr', 'random_state': 4044, 'n_neighbors': 50}",0.13948932842087153,539.7714823012549,1.5749924800270454
SpectralClustering,"{'n_clusters': 10, 'affinity': 'nearest_neighbors', 'assign_labels': 'cluster_qr', 'random_state': 5055, 'n_neighbors': 50}",0.13948932842087153,539.7714823012549,1.5749924800270454
SpectralClustering,"{'n_clusters': 10, 'affinity': 'nearest_neighbors', 'assign_labels': 'cluster_qr', 'random_state': 6066, 'n_neighbors': 50}",0.13948932842087153,539.7714823012549,1.5749924800270454
SpectralClustering,"{'n_clusters': 10, 'affinity': 'nearest_neighbors', 'assign_labels': 'kmeans', 'random_state': 42, 'n_neighbors': 100}",0.140724154824303,500.2605060845531,1.5945288701819815
SpectralClustering,"{'n_clusters': 10, 'affinity': 'nearest_neighbors', 'assign_labels': 'kmeans', 'random_state': 123, 'n_neighbors': 100}",0.14081195208784456,500.35004796220977,1.5954198025469384
SpectralClustering,"{'n_clusters': 10, 'affinity': 'nearest_neighbors', 'assign_labels': 'kmeans', 'random_state': 456, 'n_neighbors': 100}",0.14081977756658237,500.3934240395921,1.5956054177346268
SpectralClustering,"{'n_clusters': 10, 'affinity': 'nearest_neighbors', 'assign_labels': 'kmeans', 'random_state': 789, 'n_neighbors': 100}",0.14075516140705904,500.2613572561236,1.5939291547421175
SpectralClustering,"{'n_clusters': 10, 'affinity': 'nearest_neighbors', 'assign_labels': 'kmeans', 'random_state': 1011, 'n_neighbors': 100}",0.14072882033326284,500.1305813103292,1.5957120080267984
SpectralClustering,"{'n_clusters': 10, 'affinity': 'nearest_neighbors', 'assign_labels': 'kmeans', 'random_state': 2022, 'n_neighbors': 100}",0.14081321096700106,500.5135123567998,1.5943312020584508
SpectralClustering,"{'n_clusters': 10, 'affinity': 'nearest_neighbors', 'assign_labels': 'kmeans', 'random_state': 3033, 'n_neighbors': 100}",0.14081977756658237,500.39342403959205,1.5956054177346268
SpectralClustering,"{'n_clusters': 10, 'affinity': 'nearest_neighbors', 'assign_labels': 'kmeans', 'random_state': 4044, 'n_neighbors': 100}",0.1408313805430043,500.4667091163151,1.5951606541403474
SpectralClustering,"{'n_clusters': 10, 'affinity': 'nearest_neighbors', 'assign_labels': 'kmeans', 'random_state': 5055, 'n_neighbors': 100}",0.14081195208784456,500.35004796220977,1.5954198025469384
SpectralClustering,"{'n_clusters': 10, 'affinity': 'nearest_neighbors', 'assign_labels': 'kmeans', 'random_state': 6066, 'n_neighbors': 100}",0.14081195208784456,500.35004796220977,1.5954198025469384
SpectralClustering,"{'n_clusters': 10, 'affinity': 'nearest_neighbors', 'assign_labels': 'discretize', 'random_state': 42, 'n_neighbors': 100}",0.1410301733928634,499.58085266362207,1.59410820921352
SpectralClustering,"{'n_clusters': 10, 'affinity': 'nearest_neighbors', 'assign_labels': 'discretize', 'random_state': 123, 'n_neighbors': 100}",0.14103182862969124,499.5032526273547,1.5957651036282614
SpectralClustering,"{'n_clusters': 10, 'affinity': 'nearest_neighbors', 'assign_labels': 'discretize', 'random_state': 456, 'n_neighbors': 100}",0.14103749604944343,499.5140175187274,1.595811227640097
SpectralClustering,"{'n_clusters': 10, 'affinity': 'nearest_neighbors', 'assign_labels': 'discretize', 'random_state': 789, 'n_neighbors': 100}",0.14093454452856521,499.49856076519586,1.5930137461163794
SpectralClustering,"{'n_clusters': 10, 'affinity': 'nearest_neighbors', 'assign_labels': 'discretize', 'random_state': 1011, 'n_neighbors': 100}",0.1412236223272092,499.55425254021065,1.5947332522352609
SpectralClustering,"{'n_clusters': 10, 'affinity': 'nearest_neighbors', 'assign_labels': 'discretize', 'random_state': 2022, 'n_neighbors': 100}",0.14112707949354433,499.5849729446969,1.5968526028829741
SpectralClustering,"{'n_clusters': 10, 'affinity': 'nearest_neighbors', 'assign_labels': 'discretize', 'random_state': 3033, 'n_neighbors': 100}",0.14093465536803684,499.4363428938181,1.5928599238518149
SpectralClustering,"{'n_clusters': 10, 'affinity': 'nearest_neighbors', 'assign_labels': 'discretize', 'random_state': 4044, 'n_neighbors': 100}",0.14103749604944343,499.5140175187275,1.5958112276400969
SpectralClustering,"{'n_clusters': 10, 'affinity': 'nearest_neighbors', 'assign_labels': 'discretize', 'random_state': 5055, 'n_neighbors': 100}",0.14093465536803684,499.43634289381816,1.5928599238518149
SpectralClustering,"{'n_clusters': 10, 'affinity': 'nearest_neighbors', 'assign_labels': 'discretize', 'random_state': 6066, 'n_neighbors': 100}",0.14113155853487672,499.6576725979265,1.597056970338309
SpectralClustering,"{'n_clusters': 10, 'affinity': 'nearest_neighbors', 'assign_labels': 'cluster_qr', 'random_state': 42, 'n_neighbors': 100}",0.13382087758971845,497.4492209846433,1.5757032904236152
SpectralClustering,"{'n_clusters': 10, 'affinity': 'nearest_neighbors', 'assign_labels': 'cluster_qr', 'random_state': 123, 'n_neighbors': 100}",0.13382087758971845,497.4492209846433,1.5757032904236152
SpectralClustering,"{'n_clusters': 10, 'affinity': 'nearest_neighbors', 'assign_labels': 'cluster_qr', 'random_state': 456, 'n_neighbors': 100}",0.13382087758971845,497.4492209846433,1.5757032904236152
SpectralClustering,"{'n_clusters': 10, 'affinity': 'nearest_neighbors', 'assign_labels': 'cluster_qr', 'random_state': 789, 'n_neighbors': 100}",0.13382087758971845,497.4492209846433,1.5757032904236152
SpectralClustering,"{'n_clusters': 10, 'affinity': 'nearest_neighbors', 'assign_labels': 'cluster_qr', 'random_state': 1011, 'n_neighbors': 100}",0.13382087758971845,497.4492209846433,1.5757032904236152
SpectralClustering,"{'n_clusters': 10, 'affinity': 'nearest_neighbors', 'assign_labels': 'cluster_qr', 'random_state': 2022, 'n_neighbors': 100}",0.13382087758971845,497.4492209846433,1.5757032904236152
SpectralClustering,"{'n_clusters': 10, 'affinity': 'nearest_neighbors', 'assign_labels': 'cluster_qr', 'random_state': 3033, 'n_neighbors': 100}",0.13382087758971845,497.4492209846433,1.5757032904236152
SpectralClustering,"{'n_clusters': 10, 'affinity': 'nearest_neighbors', 'assign_labels': 'cluster_qr', 'random_state': 4044, 'n_neighbors': 100}",0.13382087758971845,497.4492209846433,1.5757032904236152
SpectralClustering,"{'n_clusters': 10, 'affinity': 'nearest_neighbors', 'assign_labels': 'cluster_qr', 'random_state': 5055, 'n_neighbors': 100}",0.13382087758971845,497.4492209846433,1.5757032904236152
SpectralClustering,"{'n_clusters': 10, 'affinity': 'nearest_neighbors', 'assign_labels': 'cluster_qr', 'random_state': 6066, 'n_neighbors': 100}",0.13382087758971845,497.4492209846433,1.5757032904236152
SpectralClustering,"{'n_clusters': 10, 'affinity': 'cosine', 'assign_labels': 'kmeans', 'random_state': 42}",0.1274261187285873,437.97013710131347,1.8049745618976725
SpectralClustering,"{'n_clusters': 10, 'affinity': 'cosine', 'assign_labels': 'kmeans', 'random_state': 123}",0.12809825432373254,438.2974063200601,1.7794262871186024
SpectralClustering,"{'n_clusters': 10, 'affinity': 'cosine', 'assign_labels': 'kmeans', 'random_state': 456}",0.1285804844431459,437.4504943318091,1.7430614915069687
SpectralClustering,"{'n_clusters': 10, 'affinity': 'cosine', 'assign_labels': 'kmeans', 'random_state': 789}",0.134972924593269,447.75310725404927,1.8170541019473188
SpectralClustering,"{'n_clusters': 10, 'affinity': 'cosine', 'assign_labels': 'kmeans', 'random_state': 1011}",0.11336609328733394,427.15821650048105,1.8959522074678752
SpectralClustering,"{'n_clusters': 10, 'affinity': 'cosine', 'assign_labels': 'kmeans', 'random_state': 2022}",0.1355823802388508,442.7405275020717,1.8718970641081891
SpectralClustering,"{'n_clusters': 10, 'affinity': 'cosine', 'assign_labels': 'kmeans', 'random_state': 3033}",0.13446184003219694,451.2553653199031,1.7608298670385065
SpectralClustering,"{'n_clusters': 10, 'affinity': 'cosine', 'assign_labels': 'kmeans', 'random_state': 4044}",0.12718059243122903,461.9553022990913,1.670353537894562
SpectralClustering,"{'n_clusters': 10, 'affinity': 'cosine', 'assign_labels': 'kmeans', 'random_state': 5055}",0.12898725310547676,468.62967330376205,1.6628874981016692
SpectralClustering,"{'n_clusters': 10, 'affinity': 'cosine', 'assign_labels': 'kmeans', 'random_state': 6066}",0.13502122795828764,446.33561403936386,1.82342635685569
SpectralClustering,"{'n_clusters': 10, 'affinity': 'cosine', 'assign_labels': 'discretize', 'random_state': 42}",0.10367742143550701,381.1992895524162,1.8648991652524192
SpectralClustering,"{'n_clusters': 10, 'affinity': 'cosine', 'assign_labels': 'discretize', 'random_state': 123}",0.10802395570763716,388.01005219712346,1.9351554400114697
SpectralClustering,"{'n_clusters': 10, 'affinity': 'cosine', 'assign_labels': 'discretize', 'random_state': 456}",0.08894172345592848,367.44691306002477,1.944207056324761
SpectralClustering,"{'n_clusters': 10, 'affinity': 'cosine', 'assign_labels': 'discretize', 'random_state': 789}",0.09008067742053487,378.7499072741909,1.8860376601496445
SpectralClustering,"{'n_clusters': 10, 'affinity': 'cosine', 'assign_labels': 'discretize', 'random_state': 1011}",0.10951142843397743,386.5788319379178,1.9728338040101867
SpectralClustering,"{'n_clusters': 10, 'affinity': 'cosine', 'assign_labels': 'discretize', 'random_state': 2022}",0.09040185829884773,378.8651772962117,1.8852766008192212
SpectralClustering,"{'n_clusters': 10, 'affinity': 'cosine', 'assign_labels': 'discretize', 'random_state': 3033}",0.09472811381738128,375.93977663790184,2.0094671544056846
SpectralClustering,"{'n_clusters': 10, 'affinity': 'cosine', 'assign_labels': 'discretize', 'random_state': 4044}",0.10538357698816511,382.62050596157815,1.8770185251478277
SpectralClustering,"{'n_clusters': 10, 'affinity': 'cosine', 'assign_labels': 'discretize', 'random_state': 5055}",0.09332250442808492,370.7943783884116,1.949818426232158
SpectralClustering,"{'n_clusters': 10, 'affinity': 'cosine', 'assign_labels': 'discretize', 'random_state': 6066}",0.11168707393755421,393.23957254986817,1.867705790916212
SpectralClustering,"{'n_clusters': 10, 'affinity': 'cosine', 'assign_labels': 'cluster_qr', 'random_state': 42}",0.0025932388333101738,168.374868385405,3.582775572696417
SpectralClustering,"{'n_clusters': 10, 'affinity': 'cosine', 'assign_labels': 'cluster_qr', 'random_state': 123}",0.0025932388333101738,168.374868385405,3.582775572696417
SpectralClustering,"{'n_clusters': 10, 'affinity': 'cosine', 'assign_labels': 'cluster_qr', 'random_state': 456}",0.0025932388333101738,168.374868385405,3.582775572696417
SpectralClustering,"{'n_clusters': 10, 'affinity': 'cosine', 'assign_labels': 'cluster_qr', 'random_state': 789}",0.0025932388333101738,168.374868385405,3.582775572696417
SpectralClustering,"{'n_clusters': 10, 'affinity': 'cosine', 'assign_labels': 'cluster_qr', 'random_state': 1011}",0.0025932388333101738,168.374868385405,3.582775572696417
SpectralClustering,"{'n_clusters': 10, 'affinity': 'cosine', 'assign_labels': 'cluster_qr', 'random_state': 2022}",0.0025932388333101738,168.374868385405,3.582775572696417
SpectralClustering,"{'n_clusters': 10, 'affinity': 'cosine', 'assign_labels': 'cluster_qr', 'random_state': 3033}",0.0025932388333101738,168.374868385405,3.582775572696417
SpectralClustering,"{'n_clusters': 10, 'affinity': 'cosine', 'assign_labels': 'cluster_qr', 'random_state': 4044}",0.0025932388333101738,168.374868385405,3.582775572696417
SpectralClustering,"{'n_clusters': 10, 'affinity': 'cosine', 'assign_labels': 'cluster_qr', 'random_state': 5055}",0.0025932388333101738,168.374868385405,3.582775572696417
SpectralClustering,"{'n_clusters': 10, 'affinity': 'cosine', 'assign_labels': 'cluster_qr', 'random_state': 6066}",0.0025932388333101738,168.374868385405,3.582775572696417
SpectralClustering,"{'n_clusters': 10, 'affinity': 'linear', 'assign_labels': 'kmeans', 'random_state': 42}",0.12360219104942093,414.09907118565087,1.8142089842416513
SpectralClustering,"{'n_clusters': 10, 'affinity': 'linear', 'assign_labels': 'kmeans', 'random_state': 123}",0.1342441902354427,446.77960427065733,1.765923228333974
SpectralClustering,"{'n_clusters': 10, 'affinity': 'linear', 'assign_labels': 'kmeans', 'random_state': 456}",0.11286624202919333,426.3943552433716,1.895957657261975
SpectralClustering,"{'n_clusters': 10, 'affinity': 'linear', 'assign_labels': 'kmeans', 'random_state': 789}",0.11171297131357229,424.49412543232603,1.8930903433959703
SpectralClustering,"{'n_clusters': 10, 'affinity': 'linear', 'assign_labels': 'kmeans', 'random_state': 1011}",0.134533031784517,447.12928286753385,1.762544115566086
SpectralClustering,"{'n_clusters': 10, 'affinity': 'linear', 'assign_labels': 'kmeans', 'random_state': 2022}",0.12464105101006684,430.90662023419003,1.8276992097630356
SpectralClustering,"{'n_clusters': 10, 'affinity': 'linear', 'assign_labels': 'kmeans', 'random_state': 3033}",0.12196098694612052,409.4649239107682,1.8450126211426674
SpectralClustering,"{'n_clusters': 10, 'affinity': 'linear', 'assign_labels': 'kmeans', 'random_state': 4044}",0.12077642510479922,408.71417542275555,1.8443313054722696
SpectralClustering,"{'n_clusters': 10, 'affinity': 'linear', 'assign_labels': 'kmeans', 'random_state': 5055}",0.12559414284886783,432.0837362484408,1.8179909498507782
SpectralClustering,"{'n_clusters': 10, 'affinity': 'linear', 'assign_labels': 'kmeans', 'random_state': 6066}",0.11439536421332924,396.28543013044947,1.886797454283127
SpectralClustering,"{'n_clusters': 10, 'affinity': 'linear', 'assign_labels': 'discretize', 'random_state': 42}",0.10269552262608055,389.8421551104762,1.8217072634934997
SpectralClustering,"{'n_clusters': 10, 'affinity': 'linear', 'assign_labels': 'discretize', 'random_state': 123}",0.11169543208240239,388.8257200462322,1.9653498265587768
SpectralClustering,"{'n_clusters': 10, 'affinity': 'linear', 'assign_labels': 'discretize', 'random_state': 456}",0.09160417624730026,368.4393010699275,1.939144259305967
SpectralClustering,"{'n_clusters': 10, 'affinity': 'linear', 'assign_labels': 'discretize', 'random_state': 789}",0.10768552860027139,383.29341879454415,1.891030580057927
SpectralClustering,"{'n_clusters': 10, 'affinity': 'linear', 'assign_labels': 'discretize', 'random_state': 1011}",0.09736384109103857,376.5103568330677,2.0219892965771837
SpectralClustering,"{'n_clusters': 10, 'affinity': 'linear', 'assign_labels': 'discretize', 'random_state': 2022}",0.10140824048771561,390.4785751092026,1.8328986935071954
SpectralClustering,"{'n_clusters': 10, 'affinity': 'linear', 'assign_labels': 'discretize', 'random_state': 3033}",0.09434128944529024,373.2316884733981,2.0257202074255054
SpectralClustering,"{'n_clusters': 10, 'affinity': 'linear', 'assign_labels': 'discretize', 'random_state': 4044}",0.10039045303803076,395.27824486993524,1.814158383729709
SpectralClustering,"{'n_clusters': 10, 'affinity': 'linear', 'assign_labels': 'discretize', 'random_state': 5055}",0.09552329730713295,381.9836644593997,1.9823837999750347
SpectralClustering,"{'n_clusters': 10, 'affinity': 'linear', 'assign_labels': 'discretize', 'random_state': 6066}",0.11228056747423301,389.5577378957544,1.9838347687129754
SpectralClustering,"{'n_clusters': 10, 'affinity': 'linear', 'assign_labels': 'cluster_qr', 'random_state': 42}",0.019673421448025995,214.42943096999505,3.5604060542039435
SpectralClustering,"{'n_clusters': 10, 'affinity': 'linear', 'assign_labels': 'cluster_qr', 'random_state': 123}",0.019673421448025995,214.42943096999505,3.5604060542039435
SpectralClustering,"{'n_clusters': 10, 'affinity': 'linear', 'assign_labels': 'cluster_qr', 'random_state': 456}",0.019673421448025995,214.42943096999505,3.5604060542039435
SpectralClustering,"{'n_clusters': 10, 'affinity': 'linear', 'assign_labels': 'cluster_qr', 'random_state': 789}",0.019673421448025995,214.42943096999505,3.5604060542039435
SpectralClustering,"{'n_clusters': 10, 'affinity': 'linear', 'assign_labels': 'cluster_qr', 'random_state': 1011}",0.019673421448025995,214.42943096999505,3.5604060542039435
SpectralClustering,"{'n_clusters': 10, 'affinity': 'linear', 'assign_labels': 'cluster_qr', 'random_state': 2022}",0.019673421448025995,214.42943096999505,3.5604060542039435
SpectralClustering,"{'n_clusters': 10, 'affinity': 'linear', 'assign_labels': 'cluster_qr', 'random_state': 3033}",0.019673421448025995,214.42943096999505,3.5604060542039435
SpectralClustering,"{'n_clusters': 10, 'affinity': 'linear', 'assign_labels': 'cluster_qr', 'random_state': 4044}",0.019673421448025995,214.42943096999505,3.5604060542039435
SpectralClustering,"{'n_clusters': 10, 'affinity': 'linear', 'assign_labels': 'cluster_qr', 'random_state': 5055}",0.019673421448025995,214.42943096999505,3.5604060542039435
SpectralClustering,"{'n_clusters': 10, 'affinity': 'linear', 'assign_labels': 'cluster_qr', 'random_state': 6066}",0.019673421448025995,214.42943096999505,3.5604060542039435
SpectralClustering,"{'n_clusters': 10, 'affinity': 'polynomial', 'assign_labels': 'kmeans', 'random_state': 42}",0.14634044045942254,513.4831852388905,1.6259073843846163
SpectralClustering,"{'n_clusters': 10, 'affinity': 'polynomial', 'assign_labels': 'kmeans', 'random_state': 123}",0.14655664223099013,513.0194757615479,1.6260983322249696
SpectralClustering,"{'n_clusters': 10, 'affinity': 'polynomial', 'assign_labels': 'kmeans', 'random_state': 456}",0.14606151692874295,514.3026163357094,1.6255839126631748
SpectralClustering,"{'n_clusters': 10, 'affinity': 'polynomial', 'assign_labels': 'kmeans', 'random_state': 789}",0.14518497415430154,512.0186126731188,1.6262328044711425
SpectralClustering,"{'n_clusters': 10, 'affinity': 'polynomial', 'assign_labels': 'kmeans', 'random_state': 1011}",0.14599577496823998,513.6665664568982,1.628524717565444
SpectralClustering,"{'n_clusters': 10, 'affinity': 'polynomial', 'assign_labels': 'kmeans', 'random_state': 2022}",0.14596218704552796,514.4380842586254,1.6257308984770968
SpectralClustering,"{'n_clusters': 10, 'affinity': 'polynomial', 'assign_labels': 'kmeans', 'random_state': 3033}",0.1454409300203068,512.1530198846515,1.6263508538452975
SpectralClustering,"{'n_clusters': 10, 'affinity': 'polynomial', 'assign_labels': 'kmeans', 'random_state': 4044}",0.14554577675100144,514.1101521849506,1.6295772198882303
SpectralClustering,"{'n_clusters': 10, 'affinity': 'polynomial', 'assign_labels': 'kmeans', 'random_state': 5055}",0.14737400719015728,516.3305885894472,1.6301811959001373
SpectralClustering,"{'n_clusters': 10, 'affinity': 'polynomial', 'assign_labels': 'kmeans', 'random_state': 6066}",0.1462437780754764,513.57556479977,1.6271920313977741
SpectralClustering,"{'n_clusters': 10, 'affinity': 'polynomial', 'assign_labels': 'discretize', 'random_state': 42}",0.13089759202276816,476.82344260959934,1.7413579255014713
SpectralClustering,"{'n_clusters': 10, 'affinity': 'polynomial', 'assign_labels': 'discretize', 'random_state': 123}",0.12925424129273527,475.33949281527657,1.7555722864986762
SpectralClustering,"{'n_clusters': 10, 'affinity': 'polynomial', 'assign_labels': 'discretize', 'random_state': 456}",0.13262166830703323,474.21188672118774,1.7763794025671378
SpectralClustering,"{'n_clusters': 10, 'affinity': 'polynomial', 'assign_labels': 'discretize', 'random_state': 789}",0.13065362918171286,478.0019033015338,1.7311111679435605
SpectralClustering,"{'n_clusters': 10, 'affinity': 'polynomial', 'assign_labels': 'discretize', 'random_state': 1011}",0.13011642595523526,476.4007297448528,1.7425489294418217
SpectralClustering,"{'n_clusters': 10, 'affinity': 'polynomial', 'assign_labels': 'discretize', 'random_state': 2022}",0.13020140883085718,476.62395040514616,1.7448288341205398
SpectralClustering,"{'n_clusters': 10, 'affinity': 'polynomial', 'assign_labels': 'discretize', 'random_state': 3033}",0.13501520038702677,474.1203983753702,1.775617503561356
SpectralClustering,"{'n_clusters': 10, 'affinity': 'polynomial', 'assign_labels': 'discretize', 'random_state': 4044}",0.13832366472115945,476.15724123488076,1.7213427695132215
SpectralClustering,"{'n_clusters': 10, 'affinity': 'polynomial', 'assign_labels': 'discretize', 'random_state': 5055}",0.13960166680693606,476.53580477057574,1.7900962436349275
SpectralClustering,"{'n_clusters': 10, 'affinity': 'polynomial', 'assign_labels': 'discretize', 'random_state': 6066}",0.1335769455773931,477.0926633925639,1.7229179342472847
SpectralClustering,"{'n_clusters': 10, 'affinity': 'polynomial', 'assign_labels': 'cluster_qr', 'random_state': 42}",0.06852291958401806,277.93750232747806,2.6657894866519003
SpectralClustering,"{'n_clusters': 10, 'affinity': 'polynomial', 'assign_labels': 'cluster_qr', 'random_state': 123}",0.06852291958401806,277.93750232747806,2.6657894866519003
SpectralClustering,"{'n_clusters': 10, 'affinity': 'polynomial', 'assign_labels': 'cluster_qr', 'random_state': 456}",0.06852291958401806,277.93750232747806,2.6657894866519003
SpectralClustering,"{'n_clusters': 10, 'affinity': 'polynomial', 'assign_labels': 'cluster_qr', 'random_state': 789}",0.06852291958401806,277.93750232747806,2.6657894866519003
SpectralClustering,"{'n_clusters': 10, 'affinity': 'polynomial', 'assign_labels': 'cluster_qr', 'random_state': 1011}",0.06852291958401806,277.93750232747806,2.6657894866519003
SpectralClustering,"{'n_clusters': 10, 'affinity': 'polynomial', 'assign_labels': 'cluster_qr', 'random_state': 2022}",0.06852291958401806,277.93750232747806,2.6657894866519003
SpectralClustering,"{'n_clusters': 10, 'affinity': 'polynomial', 'assign_labels': 'cluster_qr', 'random_state': 3033}",0.06852291958401806,277.93750232747806,2.6657894866519003
SpectralClustering,"{'n_clusters': 10, 'affinity': 'polynomial', 'assign_labels': 'cluster_qr', 'random_state': 4044}",0.06852291958401806,277.93750232747806,2.6657894866519003
SpectralClustering,"{'n_clusters': 10, 'affinity': 'polynomial', 'assign_labels': 'cluster_qr', 'random_state': 5055}",0.06852291958401806,277.93750232747806,2.6657894866519003
SpectralClustering,"{'n_clusters': 10, 'affinity': 'polynomial', 'assign_labels': 'cluster_qr', 'random_state': 6066}",0.06852291958401806,277.93750232747806,2.6657894866519003
SpectralClustering,"{'n_clusters': 10, 'affinity': 'poly', 'assign_labels': 'kmeans', 'random_state': 42}",0.14634044045942254,513.4831852388905,1.6259073843846163
SpectralClustering,"{'n_clusters': 10, 'affinity': 'poly', 'assign_labels': 'kmeans', 'random_state': 123}",0.14655664223099013,513.0194757615479,1.6260983322249696
SpectralClustering,"{'n_clusters': 10, 'affinity': 'poly', 'assign_labels': 'kmeans', 'random_state': 456}",0.14606151692874295,514.3026163357094,1.6255839126631748
SpectralClustering,"{'n_clusters': 10, 'affinity': 'poly', 'assign_labels': 'kmeans', 'random_state': 789}",0.14518497415430154,512.0186126731188,1.6262328044711425
SpectralClustering,"{'n_clusters': 10, 'affinity': 'poly', 'assign_labels': 'kmeans', 'random_state': 1011}",0.14599577496823998,513.6665664568982,1.628524717565444
SpectralClustering,"{'n_clusters': 10, 'affinity': 'poly', 'assign_labels': 'kmeans', 'random_state': 2022}",0.14596218704552796,514.4380842586254,1.6257308984770968
SpectralClustering,"{'n_clusters': 10, 'affinity': 'poly', 'assign_labels': 'kmeans', 'random_state': 3033}",0.1454409300203068,512.1530198846515,1.6263508538452975
SpectralClustering,"{'n_clusters': 10, 'affinity': 'poly', 'assign_labels': 'kmeans', 'random_state': 4044}",0.14554577675100144,514.1101521849506,1.6295772198882303
SpectralClustering,"{'n_clusters': 10, 'affinity': 'poly', 'assign_labels': 'kmeans', 'random_state': 5055}",0.14737400719015728,516.3305885894472,1.6301811959001373
SpectralClustering,"{'n_clusters': 10, 'affinity': 'poly', 'assign_labels': 'kmeans', 'random_state': 6066}",0.1462437780754764,513.57556479977,1.6271920313977741
SpectralClustering,"{'n_clusters': 10, 'affinity': 'poly', 'assign_labels': 'discretize', 'random_state': 42}",0.13089759202276816,476.82344260959934,1.7413579255014713
SpectralClustering,"{'n_clusters': 10, 'affinity': 'poly', 'assign_labels': 'discretize', 'random_state': 123}",0.12925424129273527,475.33949281527657,1.7555722864986762
SpectralClustering,"{'n_clusters': 10, 'affinity': 'poly', 'assign_labels': 'discretize', 'random_state': 456}",0.13262166830703323,474.21188672118774,1.7763794025671378
SpectralClustering,"{'n_clusters': 10, 'affinity': 'poly', 'assign_labels': 'discretize', 'random_state': 789}",0.13065362918171286,478.0019033015338,1.7311111679435605
SpectralClustering,"{'n_clusters': 10, 'affinity': 'poly', 'assign_labels': 'discretize', 'random_state': 1011}",0.13011642595523526,476.4007297448528,1.7425489294418217
SpectralClustering,"{'n_clusters': 10, 'affinity': 'poly', 'assign_labels': 'discretize', 'random_state': 2022}",0.13020140883085718,476.62395040514616,1.7448288341205398
SpectralClustering,"{'n_clusters': 10, 'affinity': 'poly', 'assign_labels': 'discretize', 'random_state': 3033}",0.13501520038702677,474.1203983753702,1.775617503561356
SpectralClustering,"{'n_clusters': 10, 'affinity': 'poly', 'assign_labels': 'discretize', 'random_state': 4044}",0.13832366472115945,476.15724123488076,1.7213427695132215
SpectralClustering,"{'n_clusters': 10, 'affinity': 'poly', 'assign_labels': 'discretize', 'random_state': 5055}",0.13960166680693606,476.53580477057574,1.7900962436349275
SpectralClustering,"{'n_clusters': 10, 'affinity': 'poly', 'assign_labels': 'discretize', 'random_state': 6066}",0.1335769455773931,477.0926633925639,1.7229179342472847
SpectralClustering,"{'n_clusters': 10, 'affinity': 'poly', 'assign_labels': 'cluster_qr', 'random_state': 42}",0.06852291958401806,277.93750232747806,2.6657894866519003
SpectralClustering,"{'n_clusters': 10, 'affinity': 'poly', 'assign_labels': 'cluster_qr', 'random_state': 123}",0.06852291958401806,277.93750232747806,2.6657894866519003
SpectralClustering,"{'n_clusters': 10, 'affinity': 'poly', 'assign_labels': 'cluster_qr', 'random_state': 456}",0.06852291958401806,277.93750232747806,2.6657894866519003
SpectralClustering,"{'n_clusters': 10, 'affinity': 'poly', 'assign_labels': 'cluster_qr', 'random_state': 789}",0.06852291958401806,277.93750232747806,2.6657894866519003
SpectralClustering,"{'n_clusters': 10, 'affinity': 'poly', 'assign_labels': 'cluster_qr', 'random_state': 1011}",0.06852291958401806,277.93750232747806,2.6657894866519003
SpectralClustering,"{'n_clusters': 10, 'affinity': 'poly', 'assign_labels': 'cluster_qr', 'random_state': 2022}",0.06852291958401806,277.93750232747806,2.6657894866519003
SpectralClustering,"{'n_clusters': 10, 'affinity': 'poly', 'assign_labels': 'cluster_qr', 'random_state': 3033}",0.06852291958401806,277.93750232747806,2.6657894866519003
SpectralClustering,"{'n_clusters': 10, 'affinity': 'poly', 'assign_labels': 'cluster_qr', 'random_state': 4044}",0.06852291958401806,277.93750232747806,2.6657894866519003
SpectralClustering,"{'n_clusters': 10, 'affinity': 'poly', 'assign_labels': 'cluster_qr', 'random_state': 5055}",0.06852291958401806,277.93750232747806,2.6657894866519003
SpectralClustering,"{'n_clusters': 10, 'affinity': 'poly', 'assign_labels': 'cluster_qr', 'random_state': 6066}",0.06852291958401806,277.93750232747806,2.6657894866519003
SpectralClustering,"{'n_clusters': 10, 'affinity': 'sigmoid', 'assign_labels': 'kmeans', 'random_state': 42}",-0.08339427139734,3.8340325833063487,13.256065663086375
SpectralClustering,"{'n_clusters': 10, 'affinity': 'sigmoid', 'assign_labels': 'kmeans', 'random_state': 123}",-0.19517601900450687,4.409520643480925,6.605367041127586
SpectralClustering,"{'n_clusters': 10, 'affinity': 'sigmoid', 'assign_labels': 'kmeans', 'random_state': 456}",-0.1986181471281723,4.4296172772452715,6.471858564585825
SpectralClustering,"{'n_clusters': 10, 'affinity': 'sigmoid', 'assign_labels': 'kmeans', 'random_state': 789}",-0.291722401067789,3.7419800383153436,10.715545048090775
SpectralClustering,"{'n_clusters': 10, 'affinity': 'sigmoid', 'assign_labels': 'kmeans', 'random_state': 1011}",-0.13011343247442897,4.281082274848629,8.302078385792003
SpectralClustering,"{'n_clusters': 10, 'affinity': 'sigmoid', 'assign_labels': 'kmeans', 'random_state': 2022}",-0.28525169202677125,4.002808698524856,5.34917734825123
SpectralClustering,"{'n_clusters': 10, 'affinity': 'sigmoid', 'assign_labels': 'kmeans', 'random_state': 3033}",-0.3002030403701192,4.671360632664714,3.6193034594335343
SpectralClustering,"{'n_clusters': 10, 'affinity': 'sigmoid', 'assign_labels': 'kmeans', 'random_state': 4044}",-0.19356034409253559,3.9846244467532834,10.169328319765928
SpectralClustering,"{'n_clusters': 10, 'affinity': 'sigmoid', 'assign_labels': 'kmeans', 'random_state': 5055}",-0.25401654053077743,3.868111340194659,15.879241763452592
SpectralClustering,"{'n_clusters': 10, 'affinity': 'sigmoid', 'assign_labels': 'kmeans', 'random_state': 6066}",-0.25338650671659446,3.6953785312752654,14.28367843755064
SpectralClustering,"{'n_clusters': 10, 'affinity': 'sigmoid', 'assign_labels': 'discretize', 'random_state': 42}",-0.10919356351719994,1.98951173227886,14.635297341106554
SpectralClustering,"{'n_clusters': 10, 'affinity': 'sigmoid', 'assign_labels': 'discretize', 'random_state': 123}",-0.05698660122982035,4.121999856287483,13.29054240861267
SpectralClustering,"{'n_clusters': 10, 'affinity': 'sigmoid', 'assign_labels': 'discretize', 'random_state': 456}",-0.08224502315162704,4.505242285742866,12.752233227069155
SpectralClustering,"{'n_clusters': 10, 'affinity': 'sigmoid', 'assign_labels': 'discretize', 'random_state': 789}",-0.07562278379559331,1.3846704683236966,20.445839663270004
SpectralClustering,"{'n_clusters': 10, 'affinity': 'sigmoid', 'assign_labels': 'discretize', 'random_state': 1011}",-0.06418468459405076,1.921531671384307,16.449886735659323
SpectralClustering,"{'n_clusters': 10, 'affinity': 'sigmoid', 'assign_labels': 'discretize', 'random_state': 2022}",-0.07678874106758976,2.862852860172245,15.838615306775688
SpectralClustering,"{'n_clusters': 10, 'affinity': 'sigmoid', 'assign_labels': 'discretize', 'random_state': 3033}",-0.060974034260699764,4.601299070159192,10.950735004076126
SpectralClustering,"{'n_clusters': 10, 'affinity': 'sigmoid', 'assign_labels': 'discretize', 'random_state': 4044}",-0.13813730938009358,3.821878559783336,19.890907817209413
SpectralClustering,"{'n_clusters': 10, 'affinity': 'sigmoid', 'assign_labels': 'discretize', 'random_state': 5055}",-0.048935401791801655,3.3998140956618244,24.0395676713366
SpectralClustering,"{'n_clusters': 10, 'affinity': 'sigmoid', 'assign_labels': 'discretize', 'random_state': 6066}",-0.10194671878271601,2.262271145049986,18.128232866606577
SpectralClustering,"{'n_clusters': 10, 'affinity': 'sigmoid', 'assign_labels': 'cluster_qr', 'random_state': 42}",-0.06347325396780254,1.4055674726602774,26.23958617050892
SpectralClustering,"{'n_clusters': 10, 'affinity': 'sigmoid', 'assign_labels': 'cluster_qr', 'random_state': 123}",-0.027534873140547655,1.481036874612214,27.059890191145918
SpectralClustering,"{'n_clusters': 10, 'affinity': 'sigmoid', 'assign_labels': 'cluster_qr', 'random_state': 456}",-0.03989739564241759,2.202127481842095,21.790073698195705
SpectralClustering,"{'n_clusters': 10, 'affinity': 'sigmoid', 'assign_labels': 'cluster_qr', 'random_state': 789}",-0.04004464128842292,1.3323571284853424,20.55813725398747
SpectralClustering,"{'n_clusters': 10, 'affinity': 'sigmoid', 'assign_labels': 'cluster_qr', 'random_state': 1011}",-0.030551651073910054,1.7899090752655442,19.577761079125185
SpectralClustering,"{'n_clusters': 10, 'affinity': 'sigmoid', 'assign_labels': 'cluster_qr', 'random_state': 2022}",-0.0801431933960173,2.2073863124462427,15.87505538850102
SpectralClustering,"{'n_clusters': 10, 'affinity': 'sigmoid', 'assign_labels': 'cluster_qr', 'random_state': 3033}",-0.038036402143125383,1.4204720921478091,21.778126032909174
SpectralClustering,"{'n_clusters': 10, 'affinity': 'sigmoid', 'assign_labels': 'cluster_qr', 'random_state': 4044}",-0.059483285360109696,1.6569824191864846,24.057665043231093
SpectralClustering,"{'n_clusters': 10, 'affinity': 'sigmoid', 'assign_labels': 'cluster_qr', 'random_state': 5055}",-0.06783625747799228,1.3641595024536486,26.277018774792094
SpectralClustering,"{'n_clusters': 10, 'affinity': 'sigmoid', 'assign_labels': 'cluster_qr', 'random_state': 6066}",-0.048041527667574975,1.7159371485238262,16.561837974893955
SpectralClustering,"{'n_clusters': 11, 'affinity': 'rbf', 'assign_labels': 'kmeans', 'random_state': 42}",0.15928611965483347,26.328377473813152,1.1809373977460462
SpectralClustering,"{'n_clusters': 11, 'affinity': 'rbf', 'assign_labels': 'kmeans', 'random_state': 123}",0.19249050213286834,52.03083798362774,1.1308497820843106
SpectralClustering,"{'n_clusters': 11, 'affinity': 'rbf', 'assign_labels': 'kmeans', 'random_state': 456}",0.19237130963750101,51.34669809819149,1.1205602906082726
SpectralClustering,"{'n_clusters': 11, 'affinity': 'rbf', 'assign_labels': 'kmeans', 'random_state': 789}",0.13928030931678043,46.69013663880794,1.3055381880156416
SpectralClustering,"{'n_clusters': 11, 'affinity': 'rbf', 'assign_labels': 'kmeans', 'random_state': 1011}",0.19237130963750101,51.34669809819149,1.1205602906082726
SpectralClustering,"{'n_clusters': 11, 'affinity': 'rbf', 'assign_labels': 'kmeans', 'random_state': 2022}",0.19237130963750101,51.34669809819149,1.1205602906082726
SpectralClustering,"{'n_clusters': 11, 'affinity': 'rbf', 'assign_labels': 'kmeans', 'random_state': 3033}",0.19249050213286834,52.03083798362774,1.1308497820843106
SpectralClustering,"{'n_clusters': 11, 'affinity': 'rbf', 'assign_labels': 'kmeans', 'random_state': 4044}",0.19237130963750101,51.34669809819149,1.1205602906082726
SpectralClustering,"{'n_clusters': 11, 'affinity': 'rbf', 'assign_labels': 'kmeans', 'random_state': 5055}",0.1504744016867634,41.76843052898243,1.2955711791182483
SpectralClustering,"{'n_clusters': 11, 'affinity': 'rbf', 'assign_labels': 'kmeans', 'random_state': 6066}",0.19237130963750101,51.34669809819149,1.1205602906082726
SpectralClustering,"{'n_clusters': 11, 'affinity': 'rbf', 'assign_labels': 'discretize', 'random_state': 42}",0.2537431182986326,257.11442068749096,1.34236701885768
SpectralClustering,"{'n_clusters': 11, 'affinity': 'rbf', 'assign_labels': 'discretize', 'random_state': 123}",0.2537431182986326,257.11442068749096,1.3423670188576802
SpectralClustering,"{'n_clusters': 11, 'affinity': 'rbf', 'assign_labels': 'discretize', 'random_state': 456}",0.24877170527299344,254.2333878327697,1.3626218468782196
SpectralClustering,"{'n_clusters': 11, 'affinity': 'rbf', 'assign_labels': 'discretize', 'random_state': 789}",0.2537431182986326,257.11442068749096,1.34236701885768
SpectralClustering,"{'n_clusters': 11, 'affinity': 'rbf', 'assign_labels': 'discretize', 'random_state': 1011}",0.2537431182986326,257.11442068749096,1.3423670188576802
SpectralClustering,"{'n_clusters': 11, 'affinity': 'rbf', 'assign_labels': 'discretize', 'random_state': 2022}",0.2537431182986326,257.11442068749096,1.3423670188576802
SpectralClustering,"{'n_clusters': 11, 'affinity': 'rbf', 'assign_labels': 'discretize', 'random_state': 3033}",0.2537431182986326,257.11442068749096,1.3423670188576802
SpectralClustering,"{'n_clusters': 11, 'affinity': 'rbf', 'assign_labels': 'discretize', 'random_state': 4044}",0.2537431182986326,257.11442068749096,1.3423670188576802
SpectralClustering,"{'n_clusters': 11, 'affinity': 'rbf', 'assign_labels': 'discretize', 'random_state': 5055}",0.2537431182986326,257.11442068749096,1.34236701885768
SpectralClustering,"{'n_clusters': 11, 'affinity': 'rbf', 'assign_labels': 'discretize', 'random_state': 6066}",0.2537431182986326,257.11442068749096,1.3423670188576802
SpectralClustering,"{'n_clusters': 11, 'affinity': 'rbf', 'assign_labels': 'cluster_qr', 'random_state': 42}",0.24729281744527176,262.2026077563016,1.4297134749643232
SpectralClustering,"{'n_clusters': 11, 'affinity': 'rbf', 'assign_labels': 'cluster_qr', 'random_state': 123}",0.24729281744527176,262.2026077563016,1.4297134749643232
SpectralClustering,"{'n_clusters': 11, 'affinity': 'rbf', 'assign_labels': 'cluster_qr', 'random_state': 456}",0.24729281744527176,262.2026077563016,1.4297134749643232
SpectralClustering,"{'n_clusters': 11, 'affinity': 'rbf', 'assign_labels': 'cluster_qr', 'random_state': 789}",0.24729281744527176,262.2026077563016,1.4297134749643232
SpectralClustering,"{'n_clusters': 11, 'affinity': 'rbf', 'assign_labels': 'cluster_qr', 'random_state': 1011}",0.24729281744527176,262.2026077563016,1.4297134749643232
SpectralClustering,"{'n_clusters': 11, 'affinity': 'rbf', 'assign_labels': 'cluster_qr', 'random_state': 2022}",0.24729281744527176,262.2026077563016,1.4297134749643232
SpectralClustering,"{'n_clusters': 11, 'affinity': 'rbf', 'assign_labels': 'cluster_qr', 'random_state': 3033}",0.24729281744527176,262.2026077563016,1.4297134749643232
SpectralClustering,"{'n_clusters': 11, 'affinity': 'rbf', 'assign_labels': 'cluster_qr', 'random_state': 4044}",0.24729281744527176,262.2026077563016,1.4297134749643232
SpectralClustering,"{'n_clusters': 11, 'affinity': 'rbf', 'assign_labels': 'cluster_qr', 'random_state': 5055}",0.24729281744527176,262.2026077563016,1.4297134749643232
SpectralClustering,"{'n_clusters': 11, 'affinity': 'rbf', 'assign_labels': 'cluster_qr', 'random_state': 6066}",0.24729281744527176,262.2026077563016,1.4297134749643232
SpectralClustering,"{'n_clusters': 11, 'affinity': 'nearest_neighbors', 'assign_labels': 'kmeans', 'random_state': 42, 'n_neighbors': 5}",0.05717458801310202,384.4570207812983,1.503396302226647
SpectralClustering,"{'n_clusters': 11, 'affinity': 'nearest_neighbors', 'assign_labels': 'kmeans', 'random_state': 123, 'n_neighbors': 5}",0.05717458801310202,384.45702078129835,1.5033963022266468
SpectralClustering,"{'n_clusters': 11, 'affinity': 'nearest_neighbors', 'assign_labels': 'kmeans', 'random_state': 456, 'n_neighbors': 5}",0.05717458801310202,384.45702078129835,1.5033963022266474
SpectralClustering,"{'n_clusters': 11, 'affinity': 'nearest_neighbors', 'assign_labels': 'kmeans', 'random_state': 789, 'n_neighbors': 5}",0.05717458801310202,384.45702078129835,1.503396302226647
SpectralClustering,"{'n_clusters': 11, 'affinity': 'nearest_neighbors', 'assign_labels': 'kmeans', 'random_state': 1011, 'n_neighbors': 5}",0.05717458801310202,384.4570207812983,1.503396302226647
SpectralClustering,"{'n_clusters': 11, 'affinity': 'nearest_neighbors', 'assign_labels': 'kmeans', 'random_state': 2022, 'n_neighbors': 5}",0.05717458801310202,384.45702078129835,1.503396302226647
SpectralClustering,"{'n_clusters': 11, 'affinity': 'nearest_neighbors', 'assign_labels': 'kmeans', 'random_state': 3033, 'n_neighbors': 5}",0.05717458801310202,384.45702078129835,1.503396302226647
SpectralClustering,"{'n_clusters': 11, 'affinity': 'nearest_neighbors', 'assign_labels': 'kmeans', 'random_state': 4044, 'n_neighbors': 5}",0.05717458801310202,384.45702078129835,1.5033963022266474
SpectralClustering,"{'n_clusters': 11, 'affinity': 'nearest_neighbors', 'assign_labels': 'kmeans', 'random_state': 5055, 'n_neighbors': 5}",0.05717458801310202,384.4570207812983,1.503396302226647
SpectralClustering,"{'n_clusters': 11, 'affinity': 'nearest_neighbors', 'assign_labels': 'kmeans', 'random_state': 6066, 'n_neighbors': 5}",0.05717458801310202,384.45702078129835,1.503396302226647
SpectralClustering,"{'n_clusters': 11, 'affinity': 'nearest_neighbors', 'assign_labels': 'discretize', 'random_state': 42, 'n_neighbors': 5}",0.07867825086439786,409.37009172628893,1.6361432299587901
SpectralClustering,"{'n_clusters': 11, 'affinity': 'nearest_neighbors', 'assign_labels': 'discretize', 'random_state': 123, 'n_neighbors': 5}",0.0786248559139262,409.0571190521785,1.635118338364158
SpectralClustering,"{'n_clusters': 11, 'affinity': 'nearest_neighbors', 'assign_labels': 'discretize', 'random_state': 456, 'n_neighbors': 5}",0.07867825086439786,409.3700917262889,1.6361432299587901
SpectralClustering,"{'n_clusters': 11, 'affinity': 'nearest_neighbors', 'assign_labels': 'discretize', 'random_state': 789, 'n_neighbors': 5}",0.07867825086439786,409.37009172628893,1.6361432299587901
SpectralClustering,"{'n_clusters': 11, 'affinity': 'nearest_neighbors', 'assign_labels': 'discretize', 'random_state': 1011, 'n_neighbors': 5}",0.0786248559139262,409.0571190521785,1.6351183383641585
SpectralClustering,"{'n_clusters': 11, 'affinity': 'nearest_neighbors', 'assign_labels': 'discretize', 'random_state': 2022, 'n_neighbors': 5}",0.07867825086439786,409.3700917262889,1.6361432299587897
SpectralClustering,"{'n_clusters': 11, 'affinity': 'nearest_neighbors', 'assign_labels': 'discretize', 'random_state': 3033, 'n_neighbors': 5}",0.0786248559139262,409.05711905217856,1.6351183383641583
SpectralClustering,"{'n_clusters': 11, 'affinity': 'nearest_neighbors', 'assign_labels': 'discretize', 'random_state': 4044, 'n_neighbors': 5}",0.07867825086439786,409.3700917262889,1.6361432299587901
SpectralClustering,"{'n_clusters': 11, 'affinity': 'nearest_neighbors', 'assign_labels': 'discretize', 'random_state': 5055, 'n_neighbors': 5}",0.0786248559139262,409.0571190521785,1.6351183383641583
SpectralClustering,"{'n_clusters': 11, 'affinity': 'nearest_neighbors', 'assign_labels': 'discretize', 'random_state': 6066, 'n_neighbors': 5}",0.07867825086439786,409.37009172628893,1.6361432299587901
SpectralClustering,"{'n_clusters': 11, 'affinity': 'nearest_neighbors', 'assign_labels': 'cluster_qr', 'random_state': 42, 'n_neighbors': 5}",0.08885980465917526,416.39038253512416,1.7387864417063357
SpectralClustering,"{'n_clusters': 11, 'affinity': 'nearest_neighbors', 'assign_labels': 'cluster_qr', 'random_state': 123, 'n_neighbors': 5}",0.08885980465917526,416.39038253512416,1.7387864417063357
SpectralClustering,"{'n_clusters': 11, 'affinity': 'nearest_neighbors', 'assign_labels': 'cluster_qr', 'random_state': 456, 'n_neighbors': 5}",0.08885980465917526,416.39038253512416,1.7387864417063357
SpectralClustering,"{'n_clusters': 11, 'affinity': 'nearest_neighbors', 'assign_labels': 'cluster_qr', 'random_state': 789, 'n_neighbors': 5}",0.08885980465917526,416.39038253512416,1.7387864417063357
SpectralClustering,"{'n_clusters': 11, 'affinity': 'nearest_neighbors', 'assign_labels': 'cluster_qr', 'random_state': 1011, 'n_neighbors': 5}",0.08885980465917526,416.39038253512416,1.7387864417063357
SpectralClustering,"{'n_clusters': 11, 'affinity': 'nearest_neighbors', 'assign_labels': 'cluster_qr', 'random_state': 2022, 'n_neighbors': 5}",0.08885980465917526,416.39038253512416,1.7387864417063357
SpectralClustering,"{'n_clusters': 11, 'affinity': 'nearest_neighbors', 'assign_labels': 'cluster_qr', 'random_state': 3033, 'n_neighbors': 5}",0.08885980465917526,416.39038253512416,1.7387864417063357
SpectralClustering,"{'n_clusters': 11, 'affinity': 'nearest_neighbors', 'assign_labels': 'cluster_qr', 'random_state': 4044, 'n_neighbors': 5}",0.08885980465917526,416.39038253512416,1.7387864417063357
SpectralClustering,"{'n_clusters': 11, 'affinity': 'nearest_neighbors', 'assign_labels': 'cluster_qr', 'random_state': 5055, 'n_neighbors': 5}",0.08885980465917526,416.39038253512416,1.7387864417063357
SpectralClustering,"{'n_clusters': 11, 'affinity': 'nearest_neighbors', 'assign_labels': 'cluster_qr', 'random_state': 6066, 'n_neighbors': 5}",0.08885980465917526,416.39038253512416,1.7387864417063357
SpectralClustering,"{'n_clusters': 11, 'affinity': 'nearest_neighbors', 'assign_labels': 'kmeans', 'random_state': 42, 'n_neighbors': 10}",0.1675450434317344,488.73244031962685,1.5687944455827347
SpectralClustering,"{'n_clusters': 11, 'affinity': 'nearest_neighbors', 'assign_labels': 'kmeans', 'random_state': 123, 'n_neighbors': 10}",0.1675450434317344,488.73244031962685,1.5687944455827343
SpectralClustering,"{'n_clusters': 11, 'affinity': 'nearest_neighbors', 'assign_labels': 'kmeans', 'random_state': 456, 'n_neighbors': 10}",0.1675450434317344,488.7324403196271,1.5687944455827343
SpectralClustering,"{'n_clusters': 11, 'affinity': 'nearest_neighbors', 'assign_labels': 'kmeans', 'random_state': 789, 'n_neighbors': 10}",0.1675450434317344,488.73244031962696,1.5687944455827343
SpectralClustering,"{'n_clusters': 11, 'affinity': 'nearest_neighbors', 'assign_labels': 'kmeans', 'random_state': 1011, 'n_neighbors': 10}",0.1675450434317344,488.73244031962685,1.5687944455827347
SpectralClustering,"{'n_clusters': 11, 'affinity': 'nearest_neighbors', 'assign_labels': 'kmeans', 'random_state': 2022, 'n_neighbors': 10}",0.1675450434317344,488.73244031962685,1.5687944455827347
SpectralClustering,"{'n_clusters': 11, 'affinity': 'nearest_neighbors', 'assign_labels': 'kmeans', 'random_state': 3033, 'n_neighbors': 10}",0.1675450434317344,488.73244031962673,1.5687944455827347
SpectralClustering,"{'n_clusters': 11, 'affinity': 'nearest_neighbors', 'assign_labels': 'kmeans', 'random_state': 4044, 'n_neighbors': 10}",0.1675450434317344,488.73244031962685,1.5687944455827343
SpectralClustering,"{'n_clusters': 11, 'affinity': 'nearest_neighbors', 'assign_labels': 'kmeans', 'random_state': 5055, 'n_neighbors': 10}",0.1675450434317344,488.73244031962685,1.5687944455827347
SpectralClustering,"{'n_clusters': 11, 'affinity': 'nearest_neighbors', 'assign_labels': 'kmeans', 'random_state': 6066, 'n_neighbors': 10}",0.1675365049107583,488.77454653974723,1.5682814102985942
SpectralClustering,"{'n_clusters': 11, 'affinity': 'nearest_neighbors', 'assign_labels': 'discretize', 'random_state': 42, 'n_neighbors': 10}",0.18344714305563872,498.8956370426235,1.727150385124608
SpectralClustering,"{'n_clusters': 11, 'affinity': 'nearest_neighbors', 'assign_labels': 'discretize', 'random_state': 123, 'n_neighbors': 10}",0.18353302290413795,498.77834608661595,1.728775726206711
SpectralClustering,"{'n_clusters': 11, 'affinity': 'nearest_neighbors', 'assign_labels': 'discretize', 'random_state': 456, 'n_neighbors': 10}",0.18348145465397986,498.7746122567897,1.7276665665208142
SpectralClustering,"{'n_clusters': 11, 'affinity': 'nearest_neighbors', 'assign_labels': 'discretize', 'random_state': 789, 'n_neighbors': 10}",0.18353302290413795,498.77834608661607,1.7287757262067112
SpectralClustering,"{'n_clusters': 11, 'affinity': 'nearest_neighbors', 'assign_labels': 'discretize', 'random_state': 1011, 'n_neighbors': 10}",0.18333678673646123,498.78756271833817,1.7277175879117244
SpectralClustering,"{'n_clusters': 11, 'affinity': 'nearest_neighbors', 'assign_labels': 'discretize', 'random_state': 2022, 'n_neighbors': 10}",0.18337109862791695,498.6665718391777,1.7282337693079304
SpectralClustering,"{'n_clusters': 11, 'affinity': 'nearest_neighbors', 'assign_labels': 'discretize', 'random_state': 3033, 'n_neighbors': 10}",0.1834987510160507,498.89937204433465,1.728259544810505
SpectralClustering,"{'n_clusters': 11, 'affinity': 'nearest_neighbors', 'assign_labels': 'discretize', 'random_state': 4044, 'n_neighbors': 10}",0.18338838347653158,498.7912966735551,1.728818698703085
SpectralClustering,"{'n_clusters': 11, 'affinity': 'nearest_neighbors', 'assign_labels': 'discretize', 'random_state': 5055, 'n_neighbors': 10}",0.18342265565773347,498.67030462300215,1.729334880099291
SpectralClustering,"{'n_clusters': 11, 'affinity': 'nearest_neighbors', 'assign_labels': 'discretize', 'random_state': 6066, 'n_neighbors': 10}",0.18344714305563872,498.8956370426235,1.727150385124608
SpectralClustering,"{'n_clusters': 11, 'affinity': 'nearest_neighbors', 'assign_labels': 'cluster_qr', 'random_state': 42, 'n_neighbors': 10}",0.1736703436045149,493.4373709111372,1.762663497497445
SpectralClustering,"{'n_clusters': 11, 'affinity': 'nearest_neighbors', 'assign_labels': 'cluster_qr', 'random_state': 123, 'n_neighbors': 10}",0.1736703436045149,493.4373709111372,1.762663497497445
SpectralClustering,"{'n_clusters': 11, 'affinity': 'nearest_neighbors', 'assign_labels': 'cluster_qr', 'random_state': 456, 'n_neighbors': 10}",0.1736703436045149,493.4373709111372,1.762663497497445
SpectralClustering,"{'n_clusters': 11, 'affinity': 'nearest_neighbors', 'assign_labels': 'cluster_qr', 'random_state': 789, 'n_neighbors': 10}",0.1736703436045149,493.4373709111372,1.762663497497445
SpectralClustering,"{'n_clusters': 11, 'affinity': 'nearest_neighbors', 'assign_labels': 'cluster_qr', 'random_state': 1011, 'n_neighbors': 10}",0.1736703436045149,493.4373709111372,1.762663497497445
SpectralClustering,"{'n_clusters': 11, 'affinity': 'nearest_neighbors', 'assign_labels': 'cluster_qr', 'random_state': 2022, 'n_neighbors': 10}",0.1736703436045149,493.4373709111372,1.762663497497445
SpectralClustering,"{'n_clusters': 11, 'affinity': 'nearest_neighbors', 'assign_labels': 'cluster_qr', 'random_state': 3033, 'n_neighbors': 10}",0.1736703436045149,493.4373709111372,1.762663497497445
SpectralClustering,"{'n_clusters': 11, 'affinity': 'nearest_neighbors', 'assign_labels': 'cluster_qr', 'random_state': 4044, 'n_neighbors': 10}",0.1736703436045149,493.4373709111372,1.762663497497445
SpectralClustering,"{'n_clusters': 11, 'affinity': 'nearest_neighbors', 'assign_labels': 'cluster_qr', 'random_state': 5055, 'n_neighbors': 10}",0.1736703436045149,493.4373709111372,1.762663497497445
SpectralClustering,"{'n_clusters': 11, 'affinity': 'nearest_neighbors', 'assign_labels': 'cluster_qr', 'random_state': 6066, 'n_neighbors': 10}",0.1736703436045149,493.4373709111372,1.762663497497445
SpectralClustering,"{'n_clusters': 11, 'affinity': 'nearest_neighbors', 'assign_labels': 'kmeans', 'random_state': 42, 'n_neighbors': 15}",0.16589823543110263,467.0974944096146,1.5806771891223361
SpectralClustering,"{'n_clusters': 11, 'affinity': 'nearest_neighbors', 'assign_labels': 'kmeans', 'random_state': 123, 'n_neighbors': 15}",0.1659622013923469,467.1907885875738,1.580639333901978
SpectralClustering,"{'n_clusters': 11, 'affinity': 'nearest_neighbors', 'assign_labels': 'kmeans', 'random_state': 456, 'n_neighbors': 15}",0.1653473292324072,467.1865171306109,1.5820384607705231
SpectralClustering,"{'n_clusters': 11, 'affinity': 'nearest_neighbors', 'assign_labels': 'kmeans', 'random_state': 789, 'n_neighbors': 15}",0.16589823543110263,467.0974944096145,1.5806771891223361
SpectralClustering,"{'n_clusters': 11, 'affinity': 'nearest_neighbors', 'assign_labels': 'kmeans', 'random_state': 1011, 'n_neighbors': 15}",0.16589823543110263,467.0974944096146,1.5806771891223361
SpectralClustering,"{'n_clusters': 11, 'affinity': 'nearest_neighbors', 'assign_labels': 'kmeans', 'random_state': 2022, 'n_neighbors': 15}",0.16589823543110263,467.0974944096144,1.5806771891223361
SpectralClustering,"{'n_clusters': 11, 'affinity': 'nearest_neighbors', 'assign_labels': 'kmeans', 'random_state': 3033, 'n_neighbors': 15}",0.16589823543110263,467.0974944096145,1.5806771891223361
SpectralClustering,"{'n_clusters': 11, 'affinity': 'nearest_neighbors', 'assign_labels': 'kmeans', 'random_state': 4044, 'n_neighbors': 15}",0.16589823543110263,467.0974944096145,1.5806771891223363
SpectralClustering,"{'n_clusters': 11, 'affinity': 'nearest_neighbors', 'assign_labels': 'kmeans', 'random_state': 5055, 'n_neighbors': 15}",0.1653846149981495,467.19857230312,1.5821833827509748
SpectralClustering,"{'n_clusters': 11, 'affinity': 'nearest_neighbors', 'assign_labels': 'kmeans', 'random_state': 6066, 'n_neighbors': 15}",0.16589823543110263,467.0974944096146,1.5806771891223361
SpectralClustering,"{'n_clusters': 11, 'affinity': 'nearest_neighbors', 'assign_labels': 'discretize', 'random_state': 42, 'n_neighbors': 15}",0.1699891427648617,475.738695218298,1.6039480955966576
SpectralClustering,"{'n_clusters': 11, 'affinity': 'nearest_neighbors', 'assign_labels': 'discretize', 'random_state': 123, 'n_neighbors': 15}",0.1699891427648617,475.7386952182979,1.6039480955966574
SpectralClustering,"{'n_clusters': 11, 'affinity': 'nearest_neighbors', 'assign_labels': 'discretize', 'random_state': 456, 'n_neighbors': 15}",0.16978160720270713,475.7125656206348,1.6040907588856017
SpectralClustering,"{'n_clusters': 11, 'affinity': 'nearest_neighbors', 'assign_labels': 'discretize', 'random_state': 789, 'n_neighbors': 15}",0.16978160720270713,475.7125656206347,1.6040907588856022
SpectralClustering,"{'n_clusters': 11, 'affinity': 'nearest_neighbors', 'assign_labels': 'discretize', 'random_state': 1011, 'n_neighbors': 15}",0.17014408732556557,476.0627333162595,1.6059104029434756
SpectralClustering,"{'n_clusters': 11, 'affinity': 'nearest_neighbors', 'assign_labels': 'discretize', 'random_state': 2022, 'n_neighbors': 15}",0.17035141951163252,476.0888873776711,1.6057677396545313
SpectralClustering,"{'n_clusters': 11, 'affinity': 'nearest_neighbors', 'assign_labels': 'discretize', 'random_state': 3033, 'n_neighbors': 15}",0.17035141951163252,476.088887377671,1.605767739654531
SpectralClustering,"{'n_clusters': 11, 'affinity': 'nearest_neighbors', 'assign_labels': 'discretize', 'random_state': 4044, 'n_neighbors': 15}",0.17014408732556557,476.0627333162595,1.6059104029434759
SpectralClustering,"{'n_clusters': 11, 'affinity': 'nearest_neighbors', 'assign_labels': 'discretize', 'random_state': 5055, 'n_neighbors': 15}",0.16978160720270713,475.7125656206348,1.6040907588856017
SpectralClustering,"{'n_clusters': 11, 'affinity': 'nearest_neighbors', 'assign_labels': 'discretize', 'random_state': 6066, 'n_neighbors': 15}",0.17014408732556557,476.0627333162595,1.6059104029434759
SpectralClustering,"{'n_clusters': 11, 'affinity': 'nearest_neighbors', 'assign_labels': 'cluster_qr', 'random_state': 42, 'n_neighbors': 15}",0.16025272660665843,474.47169616873697,1.6122375851993402
SpectralClustering,"{'n_clusters': 11, 'affinity': 'nearest_neighbors', 'assign_labels': 'cluster_qr', 'random_state': 123, 'n_neighbors': 15}",0.16025272660665843,474.47169616873697,1.6122375851993402
SpectralClustering,"{'n_clusters': 11, 'affinity': 'nearest_neighbors', 'assign_labels': 'cluster_qr', 'random_state': 456, 'n_neighbors': 15}",0.16025272660665843,474.47169616873697,1.6122375851993402
SpectralClustering,"{'n_clusters': 11, 'affinity': 'nearest_neighbors', 'assign_labels': 'cluster_qr', 'random_state': 789, 'n_neighbors': 15}",0.16025272660665843,474.47169616873697,1.6122375851993402
SpectralClustering,"{'n_clusters': 11, 'affinity': 'nearest_neighbors', 'assign_labels': 'cluster_qr', 'random_state': 1011, 'n_neighbors': 15}",0.16025272660665843,474.47169616873697,1.6122375851993402
SpectralClustering,"{'n_clusters': 11, 'affinity': 'nearest_neighbors', 'assign_labels': 'cluster_qr', 'random_state': 2022, 'n_neighbors': 15}",0.16025272660665843,474.47169616873697,1.6122375851993402
SpectralClustering,"{'n_clusters': 11, 'affinity': 'nearest_neighbors', 'assign_labels': 'cluster_qr', 'random_state': 3033, 'n_neighbors': 15}",0.16025272660665843,474.47169616873697,1.6122375851993402
SpectralClustering,"{'n_clusters': 11, 'affinity': 'nearest_neighbors', 'assign_labels': 'cluster_qr', 'random_state': 4044, 'n_neighbors': 15}",0.16025272660665843,474.47169616873697,1.6122375851993402
SpectralClustering,"{'n_clusters': 11, 'affinity': 'nearest_neighbors', 'assign_labels': 'cluster_qr', 'random_state': 5055, 'n_neighbors': 15}",0.16025272660665843,474.47169616873697,1.6122375851993402
SpectralClustering,"{'n_clusters': 11, 'affinity': 'nearest_neighbors', 'assign_labels': 'cluster_qr', 'random_state': 6066, 'n_neighbors': 15}",0.16025272660665843,474.47169616873697,1.6122375851993402
SpectralClustering,"{'n_clusters': 11, 'affinity': 'nearest_neighbors', 'assign_labels': 'kmeans', 'random_state': 42, 'n_neighbors': 20}",0.14577590185577388,460.9812465048426,1.6541641454097473
SpectralClustering,"{'n_clusters': 11, 'affinity': 'nearest_neighbors', 'assign_labels': 'kmeans', 'random_state': 123, 'n_neighbors': 20}",0.14745397734769197,461.7902244875772,1.638754169710115
SpectralClustering,"{'n_clusters': 11, 'affinity': 'nearest_neighbors', 'assign_labels': 'kmeans', 'random_state': 456, 'n_neighbors': 20}",0.14773122977697473,461.6009609779124,1.6341496271981173
SpectralClustering,"{'n_clusters': 11, 'affinity': 'nearest_neighbors', 'assign_labels': 'kmeans', 'random_state': 789, 'n_neighbors': 20}",0.14780678068274397,461.63490841310477,1.6345882770951539
SpectralClustering,"{'n_clusters': 11, 'affinity': 'nearest_neighbors', 'assign_labels': 'kmeans', 'random_state': 1011, 'n_neighbors': 20}",0.14773122977697473,461.6009609779123,1.6341496271981173
SpectralClustering,"{'n_clusters': 11, 'affinity': 'nearest_neighbors', 'assign_labels': 'kmeans', 'random_state': 2022, 'n_neighbors': 20}",0.14773122977697473,461.6009609779122,1.6341496271981173
SpectralClustering,"{'n_clusters': 11, 'affinity': 'nearest_neighbors', 'assign_labels': 'kmeans', 'random_state': 3033, 'n_neighbors': 20}",0.1430089466088283,469.6755143274465,1.6269543974992227
SpectralClustering,"{'n_clusters': 11, 'affinity': 'nearest_neighbors', 'assign_labels': 'kmeans', 'random_state': 4044, 'n_neighbors': 20}",0.14780678068274397,461.63490841310477,1.6345882770951534
SpectralClustering,"{'n_clusters': 11, 'affinity': 'nearest_neighbors', 'assign_labels': 'kmeans', 'random_state': 5055, 'n_neighbors': 20}",0.1462175886390471,461.1270522491806,1.6526426694683374
SpectralClustering,"{'n_clusters': 11, 'affinity': 'nearest_neighbors', 'assign_labels': 'kmeans', 'random_state': 6066, 'n_neighbors': 20}",0.14584876750975798,461.0151366473088,1.6546027953067834
SpectralClustering,"{'n_clusters': 11, 'affinity': 'nearest_neighbors', 'assign_labels': 'discretize', 'random_state': 42, 'n_neighbors': 20}",0.13632245512241956,462.8262943227754,1.7189229619969046
SpectralClustering,"{'n_clusters': 11, 'affinity': 'nearest_neighbors', 'assign_labels': 'discretize', 'random_state': 123, 'n_neighbors': 20}",0.13687200889041415,462.84687399964474,1.7224611581963638
SpectralClustering,"{'n_clusters': 11, 'affinity': 'nearest_neighbors', 'assign_labels': 'discretize', 'random_state': 456, 'n_neighbors': 20}",0.13230308617456574,474.8788356941511,1.568015301498891
SpectralClustering,"{'n_clusters': 11, 'affinity': 'nearest_neighbors', 'assign_labels': 'discretize', 'random_state': 789, 'n_neighbors': 20}",0.13687200889041415,462.8468739996448,1.7224611581963638
SpectralClustering,"{'n_clusters': 11, 'affinity': 'nearest_neighbors', 'assign_labels': 'discretize', 'random_state': 1011, 'n_neighbors': 20}",0.13632245512241956,462.8262943227753,1.7189229619969046
SpectralClustering,"{'n_clusters': 11, 'affinity': 'nearest_neighbors', 'assign_labels': 'discretize', 'random_state': 2022, 'n_neighbors': 20}",0.13687200889041415,462.84687399964474,1.7224611581963638
SpectralClustering,"{'n_clusters': 11, 'affinity': 'nearest_neighbors', 'assign_labels': 'discretize', 'random_state': 3033, 'n_neighbors': 20}",0.13722328216992719,463.1194655003862,1.717747116245475
SpectralClustering,"{'n_clusters': 11, 'affinity': 'nearest_neighbors', 'assign_labels': 'discretize', 'random_state': 4044, 'n_neighbors': 20}",0.13613708773353267,462.61938372392405,1.7233134973423332
SpectralClustering,"{'n_clusters': 11, 'affinity': 'nearest_neighbors', 'assign_labels': 'discretize', 'random_state': 5055, 'n_neighbors': 20}",0.13230308617456574,474.87883569415123,1.568015301498891
SpectralClustering,"{'n_clusters': 11, 'affinity': 'nearest_neighbors', 'assign_labels': 'discretize', 'random_state': 6066, 'n_neighbors': 20}",0.13687200889041415,462.8468739996448,1.7224611581963638
SpectralClustering,"{'n_clusters': 11, 'affinity': 'nearest_neighbors', 'assign_labels': 'cluster_qr', 'random_state': 42, 'n_neighbors': 20}",0.1420698943352433,451.62274055046885,1.7534100341718128
SpectralClustering,"{'n_clusters': 11, 'affinity': 'nearest_neighbors', 'assign_labels': 'cluster_qr', 'random_state': 123, 'n_neighbors': 20}",0.1420698943352433,451.62274055046885,1.7534100341718128
SpectralClustering,"{'n_clusters': 11, 'affinity': 'nearest_neighbors', 'assign_labels': 'cluster_qr', 'random_state': 456, 'n_neighbors': 20}",0.1420698943352433,451.62274055046885,1.7534100341718128
SpectralClustering,"{'n_clusters': 11, 'affinity': 'nearest_neighbors', 'assign_labels': 'cluster_qr', 'random_state': 789, 'n_neighbors': 20}",0.1420698943352433,451.62274055046885,1.7534100341718128
SpectralClustering,"{'n_clusters': 11, 'affinity': 'nearest_neighbors', 'assign_labels': 'cluster_qr', 'random_state': 1011, 'n_neighbors': 20}",0.1420698943352433,451.62274055046885,1.7534100341718128
SpectralClustering,"{'n_clusters': 11, 'affinity': 'nearest_neighbors', 'assign_labels': 'cluster_qr', 'random_state': 2022, 'n_neighbors': 20}",0.1420698943352433,451.62274055046885,1.7534100341718128
SpectralClustering,"{'n_clusters': 11, 'affinity': 'nearest_neighbors', 'assign_labels': 'cluster_qr', 'random_state': 3033, 'n_neighbors': 20}",0.1420698943352433,451.62274055046885,1.7534100341718128
SpectralClustering,"{'n_clusters': 11, 'affinity': 'nearest_neighbors', 'assign_labels': 'cluster_qr', 'random_state': 4044, 'n_neighbors': 20}",0.1420698943352433,451.62274055046885,1.7534100341718128
SpectralClustering,"{'n_clusters': 11, 'affinity': 'nearest_neighbors', 'assign_labels': 'cluster_qr', 'random_state': 5055, 'n_neighbors': 20}",0.1420698943352433,451.62274055046885,1.7534100341718128
SpectralClustering,"{'n_clusters': 11, 'affinity': 'nearest_neighbors', 'assign_labels': 'cluster_qr', 'random_state': 6066, 'n_neighbors': 20}",0.1420698943352433,451.62274055046885,1.7534100341718128
SpectralClustering,"{'n_clusters': 11, 'affinity': 'nearest_neighbors', 'assign_labels': 'kmeans', 'random_state': 42, 'n_neighbors': 50}",0.13236165285992646,499.8295548110871,1.654203469163815
SpectralClustering,"{'n_clusters': 11, 'affinity': 'nearest_neighbors', 'assign_labels': 'kmeans', 'random_state': 123, 'n_neighbors': 50}",0.13238006801681557,499.75159254064596,1.6544420656060532
SpectralClustering,"{'n_clusters': 11, 'affinity': 'nearest_neighbors', 'assign_labels': 'kmeans', 'random_state': 456, 'n_neighbors': 50}",0.13238006801681557,499.75159254064596,1.6544420656060532
SpectralClustering,"{'n_clusters': 11, 'affinity': 'nearest_neighbors', 'assign_labels': 'kmeans', 'random_state': 789, 'n_neighbors': 50}",0.13238006801681557,499.75159254064596,1.6544420656060532
SpectralClustering,"{'n_clusters': 11, 'affinity': 'nearest_neighbors', 'assign_labels': 'kmeans', 'random_state': 1011, 'n_neighbors': 50}",0.13238006801681557,499.75159254064585,1.6544420656060532
SpectralClustering,"{'n_clusters': 11, 'affinity': 'nearest_neighbors', 'assign_labels': 'kmeans', 'random_state': 2022, 'n_neighbors': 50}",0.13238006801681557,499.75159254064596,1.654442065606053
SpectralClustering,"{'n_clusters': 11, 'affinity': 'nearest_neighbors', 'assign_labels': 'kmeans', 'random_state': 3033, 'n_neighbors': 50}",0.13238006801681557,499.75159254064596,1.6544420656060532
SpectralClustering,"{'n_clusters': 11, 'affinity': 'nearest_neighbors', 'assign_labels': 'kmeans', 'random_state': 4044, 'n_neighbors': 50}",0.13238006801681557,499.75159254064596,1.6544420656060532
SpectralClustering,"{'n_clusters': 11, 'affinity': 'nearest_neighbors', 'assign_labels': 'kmeans', 'random_state': 5055, 'n_neighbors': 50}",0.13238006801681557,499.75159254064596,1.654442065606053
SpectralClustering,"{'n_clusters': 11, 'affinity': 'nearest_neighbors', 'assign_labels': 'kmeans', 'random_state': 6066, 'n_neighbors': 50}",0.13236165285992646,499.82955481108723,1.654203469163815
SpectralClustering,"{'n_clusters': 11, 'affinity': 'nearest_neighbors', 'assign_labels': 'discretize', 'random_state': 42, 'n_neighbors': 50}",0.1281405825795928,496.9267867811586,1.7038568819982098
SpectralClustering,"{'n_clusters': 11, 'affinity': 'nearest_neighbors', 'assign_labels': 'discretize', 'random_state': 123, 'n_neighbors': 50}",0.12814823821936985,495.7972668297813,1.6995924290171338
SpectralClustering,"{'n_clusters': 11, 'affinity': 'nearest_neighbors', 'assign_labels': 'discretize', 'random_state': 456, 'n_neighbors': 50}",0.12814823821936985,495.7972668297813,1.699592429017134
SpectralClustering,"{'n_clusters': 11, 'affinity': 'nearest_neighbors', 'assign_labels': 'discretize', 'random_state': 789, 'n_neighbors': 50}",0.1281058287894361,496.81025896600715,1.7032104424936738
SpectralClustering,"{'n_clusters': 11, 'affinity': 'nearest_neighbors', 'assign_labels': 'discretize', 'random_state': 1011, 'n_neighbors': 50}",0.12814823821936985,495.7972668297813,1.6995924290171338
SpectralClustering,"{'n_clusters': 11, 'affinity': 'nearest_neighbors', 'assign_labels': 'discretize', 'random_state': 2022, 'n_neighbors': 50}",0.128176289222533,495.8203506364662,1.6992338644182416
SpectralClustering,"{'n_clusters': 11, 'affinity': 'nearest_neighbors', 'assign_labels': 'discretize', 'random_state': 3033, 'n_neighbors': 50}",0.12814823821936985,495.7972668297813,1.699592429017134
SpectralClustering,"{'n_clusters': 11, 'affinity': 'nearest_neighbors', 'assign_labels': 'discretize', 'random_state': 4044, 'n_neighbors': 50}",0.1280765248484731,496.7871156392823,1.7035690070925662
SpectralClustering,"{'n_clusters': 11, 'affinity': 'nearest_neighbors', 'assign_labels': 'discretize', 'random_state': 5055, 'n_neighbors': 50}",0.1280765248484731,496.7871156392822,1.7035690070925662
SpectralClustering,"{'n_clusters': 11, 'affinity': 'nearest_neighbors', 'assign_labels': 'discretize', 'random_state': 6066, 'n_neighbors': 50}",0.1280765248484731,496.7871156392823,1.7035690070925666
SpectralClustering,"{'n_clusters': 11, 'affinity': 'nearest_neighbors', 'assign_labels': 'cluster_qr', 'random_state': 42, 'n_neighbors': 50}",0.12905435353148376,497.5106819017529,1.7097575026679537
SpectralClustering,"{'n_clusters': 11, 'affinity': 'nearest_neighbors', 'assign_labels': 'cluster_qr', 'random_state': 123, 'n_neighbors': 50}",0.12905435353148376,497.5106819017529,1.7097575026679537
SpectralClustering,"{'n_clusters': 11, 'affinity': 'nearest_neighbors', 'assign_labels': 'cluster_qr', 'random_state': 456, 'n_neighbors': 50}",0.12905435353148376,497.5106819017529,1.7097575026679537
SpectralClustering,"{'n_clusters': 11, 'affinity': 'nearest_neighbors', 'assign_labels': 'cluster_qr', 'random_state': 789, 'n_neighbors': 50}",0.12905435353148376,497.5106819017529,1.7097575026679537
SpectralClustering,"{'n_clusters': 11, 'affinity': 'nearest_neighbors', 'assign_labels': 'cluster_qr', 'random_state': 1011, 'n_neighbors': 50}",0.12905435353148376,497.5106819017529,1.7097575026679537
SpectralClustering,"{'n_clusters': 11, 'affinity': 'nearest_neighbors', 'assign_labels': 'cluster_qr', 'random_state': 2022, 'n_neighbors': 50}",0.12905435353148376,497.5106819017529,1.7097575026679537
SpectralClustering,"{'n_clusters': 11, 'affinity': 'nearest_neighbors', 'assign_labels': 'cluster_qr', 'random_state': 3033, 'n_neighbors': 50}",0.12905435353148376,497.5106819017529,1.7097575026679537
SpectralClustering,"{'n_clusters': 11, 'affinity': 'nearest_neighbors', 'assign_labels': 'cluster_qr', 'random_state': 4044, 'n_neighbors': 50}",0.12905435353148376,497.5106819017529,1.7097575026679537
SpectralClustering,"{'n_clusters': 11, 'affinity': 'nearest_neighbors', 'assign_labels': 'cluster_qr', 'random_state': 5055, 'n_neighbors': 50}",0.12905435353148376,497.5106819017529,1.7097575026679537
SpectralClustering,"{'n_clusters': 11, 'affinity': 'nearest_neighbors', 'assign_labels': 'cluster_qr', 'random_state': 6066, 'n_neighbors': 50}",0.12905435353148376,497.5106819017529,1.7097575026679537
SpectralClustering,"{'n_clusters': 11, 'affinity': 'nearest_neighbors', 'assign_labels': 'kmeans', 'random_state': 42, 'n_neighbors': 100}",0.1368439142721216,502.30632866315904,1.600251847510981
SpectralClustering,"{'n_clusters': 11, 'affinity': 'nearest_neighbors', 'assign_labels': 'kmeans', 'random_state': 123, 'n_neighbors': 100}",0.1370146522287939,501.8903138888985,1.5966128210479191
SpectralClustering,"{'n_clusters': 11, 'affinity': 'nearest_neighbors', 'assign_labels': 'kmeans', 'random_state': 456, 'n_neighbors': 100}",0.1372974672306451,502.48538701632714,1.6008385465667077
SpectralClustering,"{'n_clusters': 11, 'affinity': 'nearest_neighbors', 'assign_labels': 'kmeans', 'random_state': 789, 'n_neighbors': 100}",0.1371223039542171,502.42788713539056,1.6011897969676399
SpectralClustering,"{'n_clusters': 11, 'affinity': 'nearest_neighbors', 'assign_labels': 'kmeans', 'random_state': 1011, 'n_neighbors': 100}",0.136863310059604,502.23077284545377,1.6006668270248803
SpectralClustering,"{'n_clusters': 11, 'affinity': 'nearest_neighbors', 'assign_labels': 'kmeans', 'random_state': 2022, 'n_neighbors': 100}",0.1372974672306451,502.48538701632714,1.6008385465667077
SpectralClustering,"{'n_clusters': 11, 'affinity': 'nearest_neighbors', 'assign_labels': 'kmeans', 'random_state': 3033, 'n_neighbors': 100}",0.1368439142721216,502.30632866315904,1.600251847510981
SpectralClustering,"{'n_clusters': 11, 'affinity': 'nearest_neighbors', 'assign_labels': 'kmeans', 'random_state': 4044, 'n_neighbors': 100}",0.13727603957406556,502.4010999347335,1.6016159891266846
SpectralClustering,"{'n_clusters': 11, 'affinity': 'nearest_neighbors', 'assign_labels': 'kmeans', 'random_state': 5055, 'n_neighbors': 100}",0.136863310059604,502.2307728454537,1.6006668270248803
SpectralClustering,"{'n_clusters': 11, 'affinity': 'nearest_neighbors', 'assign_labels': 'kmeans', 'random_state': 6066, 'n_neighbors': 100}",0.13687481497369455,502.17864665643737,1.6011994380388261
SpectralClustering,"{'n_clusters': 11, 'affinity': 'nearest_neighbors', 'assign_labels': 'discretize', 'random_state': 42, 'n_neighbors': 100}",0.1369058597558834,500.3239214433359,1.6062957825901727
SpectralClustering,"{'n_clusters': 11, 'affinity': 'nearest_neighbors', 'assign_labels': 'discretize', 'random_state': 123, 'n_neighbors': 100}",0.13690370970657126,500.3609675713651,1.6061900343084121
SpectralClustering,"{'n_clusters': 11, 'affinity': 'nearest_neighbors', 'assign_labels': 'discretize', 'random_state': 456, 'n_neighbors': 100}",0.13704704761516764,500.37901644229066,1.6056380674086916
SpectralClustering,"{'n_clusters': 11, 'affinity': 'nearest_neighbors', 'assign_labels': 'discretize', 'random_state': 789, 'n_neighbors': 100}",0.1369780588683955,500.4496746389272,1.6030921236969684
SpectralClustering,"{'n_clusters': 11, 'affinity': 'nearest_neighbors', 'assign_labels': 'discretize', 'random_state': 1011, 'n_neighbors': 100}",0.13695320602987143,500.3831483588292,1.6033635453888488
SpectralClustering,"{'n_clusters': 11, 'affinity': 'nearest_neighbors', 'assign_labels': 'discretize', 'random_state': 2022, 'n_neighbors': 100}",0.1370520571507535,500.43184118288366,1.6052955116271403
SpectralClustering,"{'n_clusters': 11, 'affinity': 'nearest_neighbors', 'assign_labels': 'discretize', 'random_state': 3033, 'n_neighbors': 100}",0.13691092444639733,500.37710988340405,1.6059541632538334
SpectralClustering,"{'n_clusters': 11, 'affinity': 'nearest_neighbors', 'assign_labels': 'discretize', 'random_state': 4044, 'n_neighbors': 100}",0.13689468283958905,500.1901406986858,1.6030413928091323
SpectralClustering,"{'n_clusters': 11, 'affinity': 'nearest_neighbors', 'assign_labels': 'discretize', 'random_state': 5055, 'n_neighbors': 100}",0.13689468283958905,500.1901406986859,1.6030413928091323
SpectralClustering,"{'n_clusters': 11, 'affinity': 'nearest_neighbors', 'assign_labels': 'discretize', 'random_state': 6066, 'n_neighbors': 100}",0.13704704761516764,500.3790164422909,1.6056380674086916
SpectralClustering,"{'n_clusters': 11, 'affinity': 'nearest_neighbors', 'assign_labels': 'cluster_qr', 'random_state': 42, 'n_neighbors': 100}",0.13458852825504428,479.68694422219477,1.6612634263241313
SpectralClustering,"{'n_clusters': 11, 'affinity': 'nearest_neighbors', 'assign_labels': 'cluster_qr', 'random_state': 123, 'n_neighbors': 100}",0.13458852825504428,479.68694422219477,1.6612634263241313
SpectralClustering,"{'n_clusters': 11, 'affinity': 'nearest_neighbors', 'assign_labels': 'cluster_qr', 'random_state': 456, 'n_neighbors': 100}",0.13458852825504428,479.68694422219477,1.6612634263241313
SpectralClustering,"{'n_clusters': 11, 'affinity': 'nearest_neighbors', 'assign_labels': 'cluster_qr', 'random_state': 789, 'n_neighbors': 100}",0.13458852825504428,479.68694422219477,1.6612634263241313
SpectralClustering,"{'n_clusters': 11, 'affinity': 'nearest_neighbors', 'assign_labels': 'cluster_qr', 'random_state': 1011, 'n_neighbors': 100}",0.13458852825504428,479.68694422219477,1.6612634263241313
SpectralClustering,"{'n_clusters': 11, 'affinity': 'nearest_neighbors', 'assign_labels': 'cluster_qr', 'random_state': 2022, 'n_neighbors': 100}",0.13458852825504428,479.68694422219477,1.6612634263241313
SpectralClustering,"{'n_clusters': 11, 'affinity': 'nearest_neighbors', 'assign_labels': 'cluster_qr', 'random_state': 3033, 'n_neighbors': 100}",0.13458852825504428,479.68694422219477,1.6612634263241313
SpectralClustering,"{'n_clusters': 11, 'affinity': 'nearest_neighbors', 'assign_labels': 'cluster_qr', 'random_state': 4044, 'n_neighbors': 100}",0.13458852825504428,479.68694422219477,1.6612634263241313
SpectralClustering,"{'n_clusters': 11, 'affinity': 'nearest_neighbors', 'assign_labels': 'cluster_qr', 'random_state': 5055, 'n_neighbors': 100}",0.13458852825504428,479.68694422219477,1.6612634263241313
SpectralClustering,"{'n_clusters': 11, 'affinity': 'nearest_neighbors', 'assign_labels': 'cluster_qr', 'random_state': 6066, 'n_neighbors': 100}",0.13458852825504428,479.68694422219477,1.6612634263241313
SpectralClustering,"{'n_clusters': 11, 'affinity': 'cosine', 'assign_labels': 'kmeans', 'random_state': 42}",0.11343415355383461,429.45403751690696,1.8226438186567924
SpectralClustering,"{'n_clusters': 11, 'affinity': 'cosine', 'assign_labels': 'kmeans', 'random_state': 123}",0.11304255139503092,427.92297747910095,1.8265615613213655
SpectralClustering,"{'n_clusters': 11, 'affinity': 'cosine', 'assign_labels': 'kmeans', 'random_state': 456}",0.12370456411185282,435.5228192175424,1.6960760682166338
SpectralClustering,"{'n_clusters': 11, 'affinity': 'cosine', 'assign_labels': 'kmeans', 'random_state': 789}",0.11064848130424543,416.4745665371208,1.8300996857958005
SpectralClustering,"{'n_clusters': 11, 'affinity': 'cosine', 'assign_labels': 'kmeans', 'random_state': 1011}",0.1130248953345163,428.70611136903983,1.819099050634051
SpectralClustering,"{'n_clusters': 11, 'affinity': 'cosine', 'assign_labels': 'kmeans', 'random_state': 2022}",0.1094435960088591,413.94488611564657,1.856149441082733
SpectralClustering,"{'n_clusters': 11, 'affinity': 'cosine', 'assign_labels': 'kmeans', 'random_state': 3033}",0.11623350898239572,428.9560790175099,1.8315499426830428
SpectralClustering,"{'n_clusters': 11, 'affinity': 'cosine', 'assign_labels': 'kmeans', 'random_state': 4044}",0.11071121306768435,417.03785111359144,1.824947938245903
SpectralClustering,"{'n_clusters': 11, 'affinity': 'cosine', 'assign_labels': 'kmeans', 'random_state': 5055}",0.1183741932114539,401.9826119500774,1.9351549272163295
SpectralClustering,"{'n_clusters': 11, 'affinity': 'cosine', 'assign_labels': 'kmeans', 'random_state': 6066}",0.1093431392536101,413.72735186532793,1.8383078661324603
SpectralClustering,"{'n_clusters': 11, 'affinity': 'cosine', 'assign_labels': 'discretize', 'random_state': 42}",0.08646770648834468,336.2428469783603,2.073780414229309
SpectralClustering,"{'n_clusters': 11, 'affinity': 'cosine', 'assign_labels': 'discretize', 'random_state': 123}",0.08712771200857662,339.14349955292903,2.0047590939106015
SpectralClustering,"{'n_clusters': 11, 'affinity': 'cosine', 'assign_labels': 'discretize', 'random_state': 456}",0.08785519586588238,336.9548889086332,2.0701571007495643
SpectralClustering,"{'n_clusters': 11, 'affinity': 'cosine', 'assign_labels': 'discretize', 'random_state': 789}",0.09204694317332235,341.81516786728946,2.026633470273127
SpectralClustering,"{'n_clusters': 11, 'affinity': 'cosine', 'assign_labels': 'discretize', 'random_state': 1011}",0.08647650324668564,335.87540680222463,2.0723352771278516
SpectralClustering,"{'n_clusters': 11, 'affinity': 'cosine', 'assign_labels': 'discretize', 'random_state': 2022}",0.07819810176953627,329.4097428016637,1.981231678061191
SpectralClustering,"{'n_clusters': 11, 'affinity': 'cosine', 'assign_labels': 'discretize', 'random_state': 3033}",0.08867490852318562,338.94683049167486,2.0168476184243933
SpectralClustering,"{'n_clusters': 11, 'affinity': 'cosine', 'assign_labels': 'discretize', 'random_state': 4044}",0.0941868965402286,346.9589940393978,2.0103053666952952
SpectralClustering,"{'n_clusters': 11, 'affinity': 'cosine', 'assign_labels': 'discretize', 'random_state': 5055}",0.10224272971949429,353.4191886801739,1.942369030070626
SpectralClustering,"{'n_clusters': 11, 'affinity': 'cosine', 'assign_labels': 'discretize', 'random_state': 6066}",0.08823058390174601,337.59096043642,2.064126528934977
SpectralClustering,"{'n_clusters': 11, 'affinity': 'cosine', 'assign_labels': 'cluster_qr', 'random_state': 42}",-0.0017478742129912869,171.04562202949492,5.262169025446462
SpectralClustering,"{'n_clusters': 11, 'affinity': 'cosine', 'assign_labels': 'cluster_qr', 'random_state': 123}",-0.0017478742129912869,171.04562202949492,5.262169025446462
SpectralClustering,"{'n_clusters': 11, 'affinity': 'cosine', 'assign_labels': 'cluster_qr', 'random_state': 456}",-0.0017478742129912869,171.04562202949492,5.262169025446462
SpectralClustering,"{'n_clusters': 11, 'affinity': 'cosine', 'assign_labels': 'cluster_qr', 'random_state': 789}",-0.0017478742129912869,171.04562202949492,5.262169025446462
SpectralClustering,"{'n_clusters': 11, 'affinity': 'cosine', 'assign_labels': 'cluster_qr', 'random_state': 1011}",-0.0017478742129912869,171.04562202949492,5.262169025446462
SpectralClustering,"{'n_clusters': 11, 'affinity': 'cosine', 'assign_labels': 'cluster_qr', 'random_state': 2022}",-0.0017478742129912869,171.04562202949492,5.262169025446462
SpectralClustering,"{'n_clusters': 11, 'affinity': 'cosine', 'assign_labels': 'cluster_qr', 'random_state': 3033}",-0.0017478742129912869,171.04562202949492,5.262169025446462
SpectralClustering,"{'n_clusters': 11, 'affinity': 'cosine', 'assign_labels': 'cluster_qr', 'random_state': 4044}",-0.0017478742129912869,171.04562202949492,5.262169025446462
SpectralClustering,"{'n_clusters': 11, 'affinity': 'cosine', 'assign_labels': 'cluster_qr', 'random_state': 5055}",-0.0017478742129912869,171.04562202949492,5.262169025446462
SpectralClustering,"{'n_clusters': 11, 'affinity': 'cosine', 'assign_labels': 'cluster_qr', 'random_state': 6066}",-0.0017478742129912869,171.04562202949492,5.262169025446462
SpectralClustering,"{'n_clusters': 11, 'affinity': 'linear', 'assign_labels': 'kmeans', 'random_state': 42}",0.11349921600584088,391.2639880700562,1.8623351920782718
SpectralClustering,"{'n_clusters': 11, 'affinity': 'linear', 'assign_labels': 'kmeans', 'random_state': 123}",0.11553729648734268,397.5763037286207,1.9274970992521927
SpectralClustering,"{'n_clusters': 11, 'affinity': 'linear', 'assign_labels': 'kmeans', 'random_state': 456}",0.11180165464615154,381.86232675411287,1.9563343178250547
SpectralClustering,"{'n_clusters': 11, 'affinity': 'linear', 'assign_labels': 'kmeans', 'random_state': 789}",0.0985673648468502,361.29926513516614,2.0252156961973453
SpectralClustering,"{'n_clusters': 11, 'affinity': 'linear', 'assign_labels': 'kmeans', 'random_state': 1011}",0.09553619282687738,358.26744640635303,2.0200624955099213
SpectralClustering,"{'n_clusters': 11, 'affinity': 'linear', 'assign_labels': 'kmeans', 'random_state': 2022}",0.11282541345754336,393.26890898320454,1.8414441275775169
SpectralClustering,"{'n_clusters': 11, 'affinity': 'linear', 'assign_labels': 'kmeans', 'random_state': 3033}",0.10962679710538202,376.4660201557833,1.846325997975005
SpectralClustering,"{'n_clusters': 11, 'affinity': 'linear', 'assign_labels': 'kmeans', 'random_state': 4044}",0.11160840381136,379.78765702539005,1.9683778073392804
SpectralClustering,"{'n_clusters': 11, 'affinity': 'linear', 'assign_labels': 'kmeans', 'random_state': 5055}",0.11052940528898997,377.9242264229499,1.9726308551785003
SpectralClustering,"{'n_clusters': 11, 'affinity': 'linear', 'assign_labels': 'kmeans', 'random_state': 6066}",0.10749645879267881,373.09016523256975,1.880336830226595
SpectralClustering,"{'n_clusters': 11, 'affinity': 'linear', 'assign_labels': 'discretize', 'random_state': 42}",0.08044855554639535,342.87607694836476,1.890583296485987
SpectralClustering,"{'n_clusters': 11, 'affinity': 'linear', 'assign_labels': 'discretize', 'random_state': 123}",0.09845022738634998,349.4782823759941,2.0028532199633506
SpectralClustering,"{'n_clusters': 11, 'affinity': 'linear', 'assign_labels': 'discretize', 'random_state': 456}",0.09792381220903947,346.13659280181764,2.037726577810903
SpectralClustering,"{'n_clusters': 11, 'affinity': 'linear', 'assign_labels': 'discretize', 'random_state': 789}",0.08067692629537306,329.84576960165685,2.0451630054482757
SpectralClustering,"{'n_clusters': 11, 'affinity': 'linear', 'assign_labels': 'discretize', 'random_state': 1011}",0.09823022568429202,346.2898018670978,2.0261677268336205
SpectralClustering,"{'n_clusters': 11, 'affinity': 'linear', 'assign_labels': 'discretize', 'random_state': 2022}",0.09450289610659723,353.6026089461734,1.9081899528466983
SpectralClustering,"{'n_clusters': 11, 'affinity': 'linear', 'assign_labels': 'discretize', 'random_state': 3033}",0.08786247917987594,340.84576427092424,1.966334024561531
SpectralClustering,"{'n_clusters': 11, 'affinity': 'linear', 'assign_labels': 'discretize', 'random_state': 4044}",0.08835953958843579,336.48736044150826,2.0708112740796634
SpectralClustering,"{'n_clusters': 11, 'affinity': 'linear', 'assign_labels': 'discretize', 'random_state': 5055}",0.07758104925762994,338.2759599418815,1.9580014955136833
SpectralClustering,"{'n_clusters': 11, 'affinity': 'linear', 'assign_labels': 'discretize', 'random_state': 6066}",0.10488293836332528,354.6242837992592,2.005385784673388
SpectralClustering,"{'n_clusters': 11, 'affinity': 'linear', 'assign_labels': 'cluster_qr', 'random_state': 42}",0.006038563457230106,181.68291787845254,5.5461756012432
SpectralClustering,"{'n_clusters': 11, 'affinity': 'linear', 'assign_labels': 'cluster_qr', 'random_state': 123}",0.006038563457230106,181.68291787845254,5.5461756012432
SpectralClustering,"{'n_clusters': 11, 'affinity': 'linear', 'assign_labels': 'cluster_qr', 'random_state': 456}",0.006038563457230106,181.68291787845254,5.5461756012432
SpectralClustering,"{'n_clusters': 11, 'affinity': 'linear', 'assign_labels': 'cluster_qr', 'random_state': 789}",0.006038563457230106,181.68291787845254,5.5461756012432
SpectralClustering,"{'n_clusters': 11, 'affinity': 'linear', 'assign_labels': 'cluster_qr', 'random_state': 1011}",0.006038563457230106,181.68291787845254,5.5461756012432
SpectralClustering,"{'n_clusters': 11, 'affinity': 'linear', 'assign_labels': 'cluster_qr', 'random_state': 2022}",0.006038563457230106,181.68291787845254,5.5461756012432
SpectralClustering,"{'n_clusters': 11, 'affinity': 'linear', 'assign_labels': 'cluster_qr', 'random_state': 3033}",0.006038563457230106,181.68291787845254,5.5461756012432
SpectralClustering,"{'n_clusters': 11, 'affinity': 'linear', 'assign_labels': 'cluster_qr', 'random_state': 4044}",0.006038563457230106,181.68291787845254,5.5461756012432
SpectralClustering,"{'n_clusters': 11, 'affinity': 'linear', 'assign_labels': 'cluster_qr', 'random_state': 5055}",0.006038563457230106,181.68291787845254,5.5461756012432
SpectralClustering,"{'n_clusters': 11, 'affinity': 'linear', 'assign_labels': 'cluster_qr', 'random_state': 6066}",0.006038563457230106,181.68291787845254,5.5461756012432
SpectralClustering,"{'n_clusters': 11, 'affinity': 'polynomial', 'assign_labels': 'kmeans', 'random_state': 42}",0.14282997263684857,479.92408623814003,1.7002606946343073
SpectralClustering,"{'n_clusters': 11, 'affinity': 'polynomial', 'assign_labels': 'kmeans', 'random_state': 123}",0.14269677203703493,479.6221170709723,1.6986459825541227
SpectralClustering,"{'n_clusters': 11, 'affinity': 'polynomial', 'assign_labels': 'kmeans', 'random_state': 456}",0.14332168622859803,479.2783144033919,1.6894423300225176
SpectralClustering,"{'n_clusters': 11, 'affinity': 'polynomial', 'assign_labels': 'kmeans', 'random_state': 789}",0.14404983249522654,481.83713045160385,1.6983698666351146
SpectralClustering,"{'n_clusters': 11, 'affinity': 'polynomial', 'assign_labels': 'kmeans', 'random_state': 1011}",0.14236229005226467,478.0860592733263,1.7005981404116524
SpectralClustering,"{'n_clusters': 11, 'affinity': 'polynomial', 'assign_labels': 'kmeans', 'random_state': 2022}",0.14441980791469314,481.63344694877816,1.6921449247168476
SpectralClustering,"{'n_clusters': 11, 'affinity': 'polynomial', 'assign_labels': 'kmeans', 'random_state': 3033}",0.1349005131405023,454.237390785413,1.73155420038674
SpectralClustering,"{'n_clusters': 11, 'affinity': 'polynomial', 'assign_labels': 'kmeans', 'random_state': 4044}",0.1423129789153018,477.81934135691387,1.6896326565736268
SpectralClustering,"{'n_clusters': 11, 'affinity': 'polynomial', 'assign_labels': 'kmeans', 'random_state': 5055}",0.12174509726831707,457.05457475331986,1.7547483754821755
SpectralClustering,"{'n_clusters': 11, 'affinity': 'polynomial', 'assign_labels': 'kmeans', 'random_state': 6066}",0.14305138445576907,479.8865473404685,1.698396596125564
SpectralClustering,"{'n_clusters': 11, 'affinity': 'polynomial', 'assign_labels': 'discretize', 'random_state': 42}",0.12940087923262175,438.12626978173336,1.7880388152993916
SpectralClustering,"{'n_clusters': 11, 'affinity': 'polynomial', 'assign_labels': 'discretize', 'random_state': 123}",0.12930972438182295,440.3968400339961,1.7886933607395141
SpectralClustering,"{'n_clusters': 11, 'affinity': 'polynomial', 'assign_labels': 'discretize', 'random_state': 456}",0.1280687388797942,434.73841336448487,1.778065622923039
SpectralClustering,"{'n_clusters': 11, 'affinity': 'polynomial', 'assign_labels': 'discretize', 'random_state': 789}",0.12960371738187051,439.9179928549856,1.7985283250347095
SpectralClustering,"{'n_clusters': 11, 'affinity': 'polynomial', 'assign_labels': 'discretize', 'random_state': 1011}",0.1289333383322634,439.70236391569574,1.7918517989573124
SpectralClustering,"{'n_clusters': 11, 'affinity': 'polynomial', 'assign_labels': 'discretize', 'random_state': 2022}",0.1293429445393807,439.1220381712637,1.7782827845129858
SpectralClustering,"{'n_clusters': 11, 'affinity': 'polynomial', 'assign_labels': 'discretize', 'random_state': 3033}",0.12600499766135104,433.6204153354138,1.8272600739996034
SpectralClustering,"{'n_clusters': 11, 'affinity': 'polynomial', 'assign_labels': 'discretize', 'random_state': 4044}",0.12847877839803154,433.85589492510445,1.8429394035443154
SpectralClustering,"{'n_clusters': 11, 'affinity': 'polynomial', 'assign_labels': 'discretize', 'random_state': 5055}",0.13002288355114866,438.2890697949922,1.7908825795771248
SpectralClustering,"{'n_clusters': 11, 'affinity': 'polynomial', 'assign_labels': 'discretize', 'random_state': 6066}",0.12998950622324906,438.80079325873675,1.7885189643568504
SpectralClustering,"{'n_clusters': 11, 'affinity': 'polynomial', 'assign_labels': 'cluster_qr', 'random_state': 42}",0.05707090704294401,243.2847939895776,2.668111955463049
SpectralClustering,"{'n_clusters': 11, 'affinity': 'polynomial', 'assign_labels': 'cluster_qr', 'random_state': 123}",0.05707090704294401,243.2847939895776,2.668111955463049
SpectralClustering,"{'n_clusters': 11, 'affinity': 'polynomial', 'assign_labels': 'cluster_qr', 'random_state': 456}",0.05707090704294401,243.2847939895776,2.668111955463049
SpectralClustering,"{'n_clusters': 11, 'affinity': 'polynomial', 'assign_labels': 'cluster_qr', 'random_state': 789}",0.05707090704294401,243.2847939895776,2.668111955463049
SpectralClustering,"{'n_clusters': 11, 'affinity': 'polynomial', 'assign_labels': 'cluster_qr', 'random_state': 1011}",0.05707090704294401,243.2847939895776,2.668111955463049
SpectralClustering,"{'n_clusters': 11, 'affinity': 'polynomial', 'assign_labels': 'cluster_qr', 'random_state': 2022}",0.05707090704294401,243.2847939895776,2.668111955463049
SpectralClustering,"{'n_clusters': 11, 'affinity': 'polynomial', 'assign_labels': 'cluster_qr', 'random_state': 3033}",0.05707090704294401,243.2847939895776,2.668111955463049
SpectralClustering,"{'n_clusters': 11, 'affinity': 'polynomial', 'assign_labels': 'cluster_qr', 'random_state': 4044}",0.05707090704294401,243.2847939895776,2.668111955463049
SpectralClustering,"{'n_clusters': 11, 'affinity': 'polynomial', 'assign_labels': 'cluster_qr', 'random_state': 5055}",0.05707090704294401,243.2847939895776,2.668111955463049
SpectralClustering,"{'n_clusters': 11, 'affinity': 'polynomial', 'assign_labels': 'cluster_qr', 'random_state': 6066}",0.05707090704294401,243.2847939895776,2.668111955463049
SpectralClustering,"{'n_clusters': 11, 'affinity': 'poly', 'assign_labels': 'kmeans', 'random_state': 42}",0.14282997263684857,479.92408623814003,1.7002606946343073
SpectralClustering,"{'n_clusters': 11, 'affinity': 'poly', 'assign_labels': 'kmeans', 'random_state': 123}",0.14269677203703493,479.6221170709723,1.6986459825541227
SpectralClustering,"{'n_clusters': 11, 'affinity': 'poly', 'assign_labels': 'kmeans', 'random_state': 456}",0.14332168622859803,479.2783144033919,1.6894423300225176
SpectralClustering,"{'n_clusters': 11, 'affinity': 'poly', 'assign_labels': 'kmeans', 'random_state': 789}",0.14404983249522654,481.83713045160385,1.6983698666351146
SpectralClustering,"{'n_clusters': 11, 'affinity': 'poly', 'assign_labels': 'kmeans', 'random_state': 1011}",0.14236229005226467,478.0860592733263,1.7005981404116524
SpectralClustering,"{'n_clusters': 11, 'affinity': 'poly', 'assign_labels': 'kmeans', 'random_state': 2022}",0.14441980791469314,481.63344694877816,1.6921449247168476
SpectralClustering,"{'n_clusters': 11, 'affinity': 'poly', 'assign_labels': 'kmeans', 'random_state': 3033}",0.1349005131405023,454.237390785413,1.73155420038674
SpectralClustering,"{'n_clusters': 11, 'affinity': 'poly', 'assign_labels': 'kmeans', 'random_state': 4044}",0.1423129789153018,477.81934135691387,1.6896326565736268
SpectralClustering,"{'n_clusters': 11, 'affinity': 'poly', 'assign_labels': 'kmeans', 'random_state': 5055}",0.12174509726831707,457.05457475331986,1.7547483754821755
SpectralClustering,"{'n_clusters': 11, 'affinity': 'poly', 'assign_labels': 'kmeans', 'random_state': 6066}",0.14305138445576907,479.8865473404685,1.698396596125564
SpectralClustering,"{'n_clusters': 11, 'affinity': 'poly', 'assign_labels': 'discretize', 'random_state': 42}",0.12940087923262175,438.12626978173336,1.7880388152993916
SpectralClustering,"{'n_clusters': 11, 'affinity': 'poly', 'assign_labels': 'discretize', 'random_state': 123}",0.12930972438182295,440.3968400339961,1.7886933607395141
SpectralClustering,"{'n_clusters': 11, 'affinity': 'poly', 'assign_labels': 'discretize', 'random_state': 456}",0.1280687388797942,434.73841336448487,1.778065622923039
SpectralClustering,"{'n_clusters': 11, 'affinity': 'poly', 'assign_labels': 'discretize', 'random_state': 789}",0.12960371738187051,439.9179928549856,1.7985283250347095
SpectralClustering,"{'n_clusters': 11, 'affinity': 'poly', 'assign_labels': 'discretize', 'random_state': 1011}",0.1289333383322634,439.70236391569574,1.7918517989573124
SpectralClustering,"{'n_clusters': 11, 'affinity': 'poly', 'assign_labels': 'discretize', 'random_state': 2022}",0.1293429445393807,439.1220381712637,1.7782827845129858
SpectralClustering,"{'n_clusters': 11, 'affinity': 'poly', 'assign_labels': 'discretize', 'random_state': 3033}",0.12600499766135104,433.6204153354138,1.8272600739996034
SpectralClustering,"{'n_clusters': 11, 'affinity': 'poly', 'assign_labels': 'discretize', 'random_state': 4044}",0.12847877839803154,433.85589492510445,1.8429394035443154
SpectralClustering,"{'n_clusters': 11, 'affinity': 'poly', 'assign_labels': 'discretize', 'random_state': 5055}",0.13002288355114866,438.2890697949922,1.7908825795771248
SpectralClustering,"{'n_clusters': 11, 'affinity': 'poly', 'assign_labels': 'discretize', 'random_state': 6066}",0.12998950622324906,438.80079325873675,1.7885189643568504
SpectralClustering,"{'n_clusters': 11, 'affinity': 'poly', 'assign_labels': 'cluster_qr', 'random_state': 42}",0.05707090704294401,243.2847939895776,2.668111955463049
SpectralClustering,"{'n_clusters': 11, 'affinity': 'poly', 'assign_labels': 'cluster_qr', 'random_state': 123}",0.05707090704294401,243.2847939895776,2.668111955463049
SpectralClustering,"{'n_clusters': 11, 'affinity': 'poly', 'assign_labels': 'cluster_qr', 'random_state': 456}",0.05707090704294401,243.2847939895776,2.668111955463049
SpectralClustering,"{'n_clusters': 11, 'affinity': 'poly', 'assign_labels': 'cluster_qr', 'random_state': 789}",0.05707090704294401,243.2847939895776,2.668111955463049
SpectralClustering,"{'n_clusters': 11, 'affinity': 'poly', 'assign_labels': 'cluster_qr', 'random_state': 1011}",0.05707090704294401,243.2847939895776,2.668111955463049
SpectralClustering,"{'n_clusters': 11, 'affinity': 'poly', 'assign_labels': 'cluster_qr', 'random_state': 2022}",0.05707090704294401,243.2847939895776,2.668111955463049
SpectralClustering,"{'n_clusters': 11, 'affinity': 'poly', 'assign_labels': 'cluster_qr', 'random_state': 3033}",0.05707090704294401,243.2847939895776,2.668111955463049
SpectralClustering,"{'n_clusters': 11, 'affinity': 'poly', 'assign_labels': 'cluster_qr', 'random_state': 4044}",0.05707090704294401,243.2847939895776,2.668111955463049
SpectralClustering,"{'n_clusters': 11, 'affinity': 'poly', 'assign_labels': 'cluster_qr', 'random_state': 5055}",0.05707090704294401,243.2847939895776,2.668111955463049
SpectralClustering,"{'n_clusters': 11, 'affinity': 'poly', 'assign_labels': 'cluster_qr', 'random_state': 6066}",0.05707090704294401,243.2847939895776,2.668111955463049
SpectralClustering,"{'n_clusters': 11, 'affinity': 'sigmoid', 'assign_labels': 'kmeans', 'random_state': 42}",-0.2852830555553941,3.694758215049941,5.161083935881327
SpectralClustering,"{'n_clusters': 11, 'affinity': 'sigmoid', 'assign_labels': 'kmeans', 'random_state': 123}",-0.3374390226181185,4.149578163117558,6.243614328174283
SpectralClustering,"{'n_clusters': 11, 'affinity': 'sigmoid', 'assign_labels': 'kmeans', 'random_state': 456}",-0.3806700875650919,3.91559013586924,5.066708017216592
SpectralClustering,"{'n_clusters': 11, 'affinity': 'sigmoid', 'assign_labels': 'kmeans', 'random_state': 789}",-0.2682852780116845,3.565244423115652,8.813654822958172
SpectralClustering,"{'n_clusters': 11, 'affinity': 'sigmoid', 'assign_labels': 'kmeans', 'random_state': 1011}",-0.14820199256544336,3.751013465073769,7.074375756832587
SpectralClustering,"{'n_clusters': 11, 'affinity': 'sigmoid', 'assign_labels': 'kmeans', 'random_state': 2022}",-0.2999364091309815,3.6785808731221192,8.772206931298847
SpectralClustering,"{'n_clusters': 11, 'affinity': 'sigmoid', 'assign_labels': 'kmeans', 'random_state': 3033}",-0.15042629913355005,5.030271106267777,5.019315703886473
SpectralClustering,"{'n_clusters': 11, 'affinity': 'sigmoid', 'assign_labels': 'kmeans', 'random_state': 4044}",-0.10423402438736556,3.0701668408676737,16.257270644947138
SpectralClustering,"{'n_clusters': 11, 'affinity': 'sigmoid', 'assign_labels': 'kmeans', 'random_state': 5055}",-0.2890518169810498,3.5533066654520353,13.380893235663704
SpectralClustering,"{'n_clusters': 11, 'affinity': 'sigmoid', 'assign_labels': 'kmeans', 'random_state': 6066}",-0.2565423032161897,3.5227940189360982,8.148199096277796
SpectralClustering,"{'n_clusters': 11, 'affinity': 'sigmoid', 'assign_labels': 'discretize', 'random_state': 42}",-0.10096556711090075,2.160302698532032,17.82384495330906
SpectralClustering,"{'n_clusters': 11, 'affinity': 'sigmoid', 'assign_labels': 'discretize', 'random_state': 123}",-0.09707448848600146,4.001230721328847,12.337012876250496
SpectralClustering,"{'n_clusters': 11, 'affinity': 'sigmoid', 'assign_labels': 'discretize', 'random_state': 456}",-0.0713034419502598,2.172999033885932,17.431917669867083
SpectralClustering,"{'n_clusters': 11, 'affinity': 'sigmoid', 'assign_labels': 'discretize', 'random_state': 789}",-0.08639176867836361,2.6782842193339556,19.512459566058098
SpectralClustering,"{'n_clusters': 11, 'affinity': 'sigmoid', 'assign_labels': 'discretize', 'random_state': 1011}",-0.09087563009328088,3.7669459300413632,13.093125797674206
SpectralClustering,"{'n_clusters': 11, 'affinity': 'sigmoid', 'assign_labels': 'discretize', 'random_state': 2022}",-0.07719543915921183,3.362954451311389,20.638643651471032
SpectralClustering,"{'n_clusters': 11, 'affinity': 'sigmoid', 'assign_labels': 'discretize', 'random_state': 3033}",-0.05901491301213404,3.866437597975122,14.254766647790781
SpectralClustering,"{'n_clusters': 11, 'affinity': 'sigmoid', 'assign_labels': 'discretize', 'random_state': 4044}",-0.07908920577677932,1.8745457251966806,19.758877312459614
SpectralClustering,"{'n_clusters': 11, 'affinity': 'sigmoid', 'assign_labels': 'discretize', 'random_state': 5055}",-0.12657100681426944,3.522179608638669,18.388027091340124
SpectralClustering,"{'n_clusters': 11, 'affinity': 'sigmoid', 'assign_labels': 'discretize', 'random_state': 6066}",-0.08731101665640856,3.535157946777907,12.855414017188496
SpectralClustering,"{'n_clusters': 11, 'affinity': 'sigmoid', 'assign_labels': 'cluster_qr', 'random_state': 42}",-0.04978105863605384,2.005144205458865,17.98697575238269
SpectralClustering,"{'n_clusters': 11, 'affinity': 'sigmoid', 'assign_labels': 'cluster_qr', 'random_state': 123}",-0.07143743206937782,1.4476503427305527,24.016790374439427
SpectralClustering,"{'n_clusters': 11, 'affinity': 'sigmoid', 'assign_labels': 'cluster_qr', 'random_state': 456}",-0.07608656493644675,1.9156927763124927,22.142116613167097
SpectralClustering,"{'n_clusters': 11, 'affinity': 'sigmoid', 'assign_labels': 'cluster_qr', 'random_state': 789}",-0.0334874302446498,1.0305550845872555,35.42281819474043
SpectralClustering,"{'n_clusters': 11, 'affinity': 'sigmoid', 'assign_labels': 'cluster_qr', 'random_state': 1011}",-0.051140664489453896,1.6478139224426445,19.255427897933277
SpectralClustering,"{'n_clusters': 11, 'affinity': 'sigmoid', 'assign_labels': 'cluster_qr', 'random_state': 2022}",-0.058683948532395336,1.7189445622528536,20.23627795330538
SpectralClustering,"{'n_clusters': 11, 'affinity': 'sigmoid', 'assign_labels': 'cluster_qr', 'random_state': 3033}",-0.049178822962330886,1.4688296575646738,18.21776230638201
SpectralClustering,"{'n_clusters': 11, 'affinity': 'sigmoid', 'assign_labels': 'cluster_qr', 'random_state': 4044}",-0.06408186660755262,1.969575499519458,17.95763522544308
SpectralClustering,"{'n_clusters': 11, 'affinity': 'sigmoid', 'assign_labels': 'cluster_qr', 'random_state': 5055}",-0.06941021729057051,1.205557662886469,33.05730990765684
SpectralClustering,"{'n_clusters': 11, 'affinity': 'sigmoid', 'assign_labels': 'cluster_qr', 'random_state': 6066}",-0.16299580863036683,1.564331614569528,19.639973258310018
SpectralClustering,"{'n_clusters': 12, 'affinity': 'rbf', 'assign_labels': 'kmeans', 'random_state': 42}",0.19063995447055077,48.06231510004998,1.1258424352878895
SpectralClustering,"{'n_clusters': 12, 'affinity': 'rbf', 'assign_labels': 'kmeans', 'random_state': 123}",0.1884805378282449,47.767126674324295,1.089162422712663
SpectralClustering,"{'n_clusters': 12, 'affinity': 'rbf', 'assign_labels': 'kmeans', 'random_state': 456}",0.1884805378282449,47.767126674324295,1.089162422712663
SpectralClustering,"{'n_clusters': 12, 'affinity': 'rbf', 'assign_labels': 'kmeans', 'random_state': 789}",0.19063995447055077,48.062315100049986,1.1258424352878895
SpectralClustering,"{'n_clusters': 12, 'affinity': 'rbf', 'assign_labels': 'kmeans', 'random_state': 1011}",0.19079321717638667,48.69242275636138,1.1351984686691283
SpectralClustering,"{'n_clusters': 12, 'affinity': 'rbf', 'assign_labels': 'kmeans', 'random_state': 2022}",0.17356818257537715,24.047202167824192,1.0679227862552352
SpectralClustering,"{'n_clusters': 12, 'affinity': 'rbf', 'assign_labels': 'kmeans', 'random_state': 3033}",0.207359262382991,70.81303994421893,1.1280120817561825
SpectralClustering,"{'n_clusters': 12, 'affinity': 'rbf', 'assign_labels': 'kmeans', 'random_state': 4044}",0.1884805378282449,47.767126674324295,1.089162422712663
SpectralClustering,"{'n_clusters': 12, 'affinity': 'rbf', 'assign_labels': 'kmeans', 'random_state': 5055}",0.15543629922175342,25.457573643210928,1.1459680532233356
SpectralClustering,"{'n_clusters': 12, 'affinity': 'rbf', 'assign_labels': 'kmeans', 'random_state': 6066}",0.15955362952991398,25.336483437975925,1.155823021388193
SpectralClustering,"{'n_clusters': 12, 'affinity': 'rbf', 'assign_labels': 'discretize', 'random_state': 42}",0.24862360987256066,234.8906645279786,1.3233317330168393
SpectralClustering,"{'n_clusters': 12, 'affinity': 'rbf', 'assign_labels': 'discretize', 'random_state': 123}",0.24862360987256066,234.89066452797857,1.3233317330168393
SpectralClustering,"{'n_clusters': 12, 'affinity': 'rbf', 'assign_labels': 'discretize', 'random_state': 456}",0.24862360987256066,234.8906645279786,1.3233317330168393
SpectralClustering,"{'n_clusters': 12, 'affinity': 'rbf', 'assign_labels': 'discretize', 'random_state': 789}",0.24862360987256066,234.89066452797857,1.3233317330168393
SpectralClustering,"{'n_clusters': 12, 'affinity': 'rbf', 'assign_labels': 'discretize', 'random_state': 1011}",0.24862360987256066,234.89066452797857,1.3233317330168393
SpectralClustering,"{'n_clusters': 12, 'affinity': 'rbf', 'assign_labels': 'discretize', 'random_state': 2022}",0.24862360987256066,234.89066452797857,1.3233317330168393
SpectralClustering,"{'n_clusters': 12, 'affinity': 'rbf', 'assign_labels': 'discretize', 'random_state': 3033}",0.24862360987256066,234.89066452797857,1.3233317330168393
SpectralClustering,"{'n_clusters': 12, 'affinity': 'rbf', 'assign_labels': 'discretize', 'random_state': 4044}",0.24862360987256066,234.89066452797857,1.3233317330168393
SpectralClustering,"{'n_clusters': 12, 'affinity': 'rbf', 'assign_labels': 'discretize', 'random_state': 5055}",0.24862360987256066,234.89066452797857,1.3233317330168393
SpectralClustering,"{'n_clusters': 12, 'affinity': 'rbf', 'assign_labels': 'discretize', 'random_state': 6066}",0.24862360987256066,234.89066452797857,1.3233317330168393
SpectralClustering,"{'n_clusters': 12, 'affinity': 'rbf', 'assign_labels': 'cluster_qr', 'random_state': 42}",0.24437609331253995,241.11336611264488,1.370496806114404
SpectralClustering,"{'n_clusters': 12, 'affinity': 'rbf', 'assign_labels': 'cluster_qr', 'random_state': 123}",0.24437609331253995,241.11336611264488,1.370496806114404
SpectralClustering,"{'n_clusters': 12, 'affinity': 'rbf', 'assign_labels': 'cluster_qr', 'random_state': 456}",0.24437609331253995,241.11336611264488,1.370496806114404
SpectralClustering,"{'n_clusters': 12, 'affinity': 'rbf', 'assign_labels': 'cluster_qr', 'random_state': 789}",0.24437609331253995,241.11336611264488,1.370496806114404
SpectralClustering,"{'n_clusters': 12, 'affinity': 'rbf', 'assign_labels': 'cluster_qr', 'random_state': 1011}",0.24437609331253995,241.11336611264488,1.370496806114404
SpectralClustering,"{'n_clusters': 12, 'affinity': 'rbf', 'assign_labels': 'cluster_qr', 'random_state': 2022}",0.24437609331253995,241.11336611264488,1.370496806114404
SpectralClustering,"{'n_clusters': 12, 'affinity': 'rbf', 'assign_labels': 'cluster_qr', 'random_state': 3033}",0.24437609331253995,241.11336611264488,1.370496806114404
SpectralClustering,"{'n_clusters': 12, 'affinity': 'rbf', 'assign_labels': 'cluster_qr', 'random_state': 4044}",0.24437609331253995,241.11336611264488,1.370496806114404
SpectralClustering,"{'n_clusters': 12, 'affinity': 'rbf', 'assign_labels': 'cluster_qr', 'random_state': 5055}",0.24437609331253995,241.11336611264488,1.370496806114404
SpectralClustering,"{'n_clusters': 12, 'affinity': 'rbf', 'assign_labels': 'cluster_qr', 'random_state': 6066}",0.24437609331253995,241.11336611264488,1.370496806114404
SpectralClustering,"{'n_clusters': 12, 'affinity': 'nearest_neighbors', 'assign_labels': 'kmeans', 'random_state': 42, 'n_neighbors': 5}",0.06211854954306598,371.24224040774146,1.5626643282522539
SpectralClustering,"{'n_clusters': 12, 'affinity': 'nearest_neighbors', 'assign_labels': 'kmeans', 'random_state': 123, 'n_neighbors': 5}",0.06211854954306598,371.24224040774135,1.5626643282522543
SpectralClustering,"{'n_clusters': 12, 'affinity': 'nearest_neighbors', 'assign_labels': 'kmeans', 'random_state': 456, 'n_neighbors': 5}",0.06211854954306598,371.24224040774146,1.5626643282522539
SpectralClustering,"{'n_clusters': 12, 'affinity': 'nearest_neighbors', 'assign_labels': 'kmeans', 'random_state': 789, 'n_neighbors': 5}",0.06211854954306598,371.2422404077415,1.5626643282522543
SpectralClustering,"{'n_clusters': 12, 'affinity': 'nearest_neighbors', 'assign_labels': 'kmeans', 'random_state': 1011, 'n_neighbors': 5}",0.06211854954306598,371.2422404077416,1.5626643282522543
SpectralClustering,"{'n_clusters': 12, 'affinity': 'nearest_neighbors', 'assign_labels': 'kmeans', 'random_state': 2022, 'n_neighbors': 5}",0.06211854954306598,371.2422404077414,1.5626643282522539
SpectralClustering,"{'n_clusters': 12, 'affinity': 'nearest_neighbors', 'assign_labels': 'kmeans', 'random_state': 3033, 'n_neighbors': 5}",0.06211854954306598,371.24224040774146,1.5626643282522543
SpectralClustering,"{'n_clusters': 12, 'affinity': 'nearest_neighbors', 'assign_labels': 'kmeans', 'random_state': 4044, 'n_neighbors': 5}",0.06211854954306598,371.2422404077414,1.5626643282522539
SpectralClustering,"{'n_clusters': 12, 'affinity': 'nearest_neighbors', 'assign_labels': 'kmeans', 'random_state': 5055, 'n_neighbors': 5}",0.06201242195169601,370.78363800788895,1.5615694640437026
SpectralClustering,"{'n_clusters': 12, 'affinity': 'nearest_neighbors', 'assign_labels': 'kmeans', 'random_state': 6066, 'n_neighbors': 5}",0.06211854954306598,371.2422404077415,1.5626643282522539
SpectralClustering,"{'n_clusters': 12, 'affinity': 'nearest_neighbors', 'assign_labels': 'discretize', 'random_state': 42, 'n_neighbors': 5}",0.07885232703018731,391.28530190359805,1.6395396604870172
SpectralClustering,"{'n_clusters': 12, 'affinity': 'nearest_neighbors', 'assign_labels': 'discretize', 'random_state': 123, 'n_neighbors': 5}",0.07885232703018731,391.285301903598,1.6395396604870172
SpectralClustering,"{'n_clusters': 12, 'affinity': 'nearest_neighbors', 'assign_labels': 'discretize', 'random_state': 456, 'n_neighbors': 5}",0.07885232703018731,391.28530190359805,1.6395396604870172
SpectralClustering,"{'n_clusters': 12, 'affinity': 'nearest_neighbors', 'assign_labels': 'discretize', 'random_state': 789, 'n_neighbors': 5}",0.07885232703018731,391.28530190359794,1.6395396604870172
SpectralClustering,"{'n_clusters': 12, 'affinity': 'nearest_neighbors', 'assign_labels': 'discretize', 'random_state': 1011, 'n_neighbors': 5}",0.07885232703018731,391.28530190359805,1.6395396604870172
SpectralClustering,"{'n_clusters': 12, 'affinity': 'nearest_neighbors', 'assign_labels': 'discretize', 'random_state': 2022, 'n_neighbors': 5}",0.07885232703018731,391.28530190359805,1.639539660487017
SpectralClustering,"{'n_clusters': 12, 'affinity': 'nearest_neighbors', 'assign_labels': 'discretize', 'random_state': 3033, 'n_neighbors': 5}",0.07885232703018731,391.28530190359805,1.6395396604870172
SpectralClustering,"{'n_clusters': 12, 'affinity': 'nearest_neighbors', 'assign_labels': 'discretize', 'random_state': 4044, 'n_neighbors': 5}",0.07885232703018731,391.28530190359805,1.6395396604870172
SpectralClustering,"{'n_clusters': 12, 'affinity': 'nearest_neighbors', 'assign_labels': 'discretize', 'random_state': 5055, 'n_neighbors': 5}",0.07885232703018731,391.28530190359805,1.6395396604870172
SpectralClustering,"{'n_clusters': 12, 'affinity': 'nearest_neighbors', 'assign_labels': 'discretize', 'random_state': 6066, 'n_neighbors': 5}",0.07885232703018731,391.28530190359805,1.6395396604870172
SpectralClustering,"{'n_clusters': 12, 'affinity': 'nearest_neighbors', 'assign_labels': 'cluster_qr', 'random_state': 42, 'n_neighbors': 5}",0.0801499175138859,391.6658598434961,1.6480493719638183
SpectralClustering,"{'n_clusters': 12, 'affinity': 'nearest_neighbors', 'assign_labels': 'cluster_qr', 'random_state': 123, 'n_neighbors': 5}",0.0801499175138859,391.6658598434961,1.6480493719638183
SpectralClustering,"{'n_clusters': 12, 'affinity': 'nearest_neighbors', 'assign_labels': 'cluster_qr', 'random_state': 456, 'n_neighbors': 5}",0.0801499175138859,391.6658598434961,1.6480493719638183
SpectralClustering,"{'n_clusters': 12, 'affinity': 'nearest_neighbors', 'assign_labels': 'cluster_qr', 'random_state': 789, 'n_neighbors': 5}",0.0801499175138859,391.6658598434961,1.6480493719638183
SpectralClustering,"{'n_clusters': 12, 'affinity': 'nearest_neighbors', 'assign_labels': 'cluster_qr', 'random_state': 1011, 'n_neighbors': 5}",0.0801499175138859,391.6658598434961,1.6480493719638183
SpectralClustering,"{'n_clusters': 12, 'affinity': 'nearest_neighbors', 'assign_labels': 'cluster_qr', 'random_state': 2022, 'n_neighbors': 5}",0.0801499175138859,391.6658598434961,1.6480493719638183
SpectralClustering,"{'n_clusters': 12, 'affinity': 'nearest_neighbors', 'assign_labels': 'cluster_qr', 'random_state': 3033, 'n_neighbors': 5}",0.0801499175138859,391.6658598434961,1.6480493719638183
SpectralClustering,"{'n_clusters': 12, 'affinity': 'nearest_neighbors', 'assign_labels': 'cluster_qr', 'random_state': 4044, 'n_neighbors': 5}",0.0801499175138859,391.6658598434961,1.6480493719638183
SpectralClustering,"{'n_clusters': 12, 'affinity': 'nearest_neighbors', 'assign_labels': 'cluster_qr', 'random_state': 5055, 'n_neighbors': 5}",0.0801499175138859,391.6658598434961,1.6480493719638183
SpectralClustering,"{'n_clusters': 12, 'affinity': 'nearest_neighbors', 'assign_labels': 'cluster_qr', 'random_state': 6066, 'n_neighbors': 5}",0.0801499175138859,391.6658598434961,1.6480493719638183
SpectralClustering,"{'n_clusters': 12, 'affinity': 'nearest_neighbors', 'assign_labels': 'kmeans', 'random_state': 42, 'n_neighbors': 10}",0.16780034493885834,440.9490405940947,1.5321500286873857
SpectralClustering,"{'n_clusters': 12, 'affinity': 'nearest_neighbors', 'assign_labels': 'kmeans', 'random_state': 123, 'n_neighbors': 10}",0.16780034493885834,440.9490405940947,1.5321500286873857
SpectralClustering,"{'n_clusters': 12, 'affinity': 'nearest_neighbors', 'assign_labels': 'kmeans', 'random_state': 456, 'n_neighbors': 10}",0.16780034493885834,440.94904059409464,1.5321500286873857
SpectralClustering,"{'n_clusters': 12, 'affinity': 'nearest_neighbors', 'assign_labels': 'kmeans', 'random_state': 789, 'n_neighbors': 10}",0.16777857017412434,440.577670866348,1.5334232173096087
SpectralClustering,"{'n_clusters': 12, 'affinity': 'nearest_neighbors', 'assign_labels': 'kmeans', 'random_state': 1011, 'n_neighbors': 10}",0.16780034493885834,440.9490405940947,1.5321500286873857
SpectralClustering,"{'n_clusters': 12, 'affinity': 'nearest_neighbors', 'assign_labels': 'kmeans', 'random_state': 2022, 'n_neighbors': 10}",0.16780034493885834,440.9490405940947,1.5321500286873857
SpectralClustering,"{'n_clusters': 12, 'affinity': 'nearest_neighbors', 'assign_labels': 'kmeans', 'random_state': 3033, 'n_neighbors': 10}",0.16780034493885834,440.9490405940945,1.5321500286873857
SpectralClustering,"{'n_clusters': 12, 'affinity': 'nearest_neighbors', 'assign_labels': 'kmeans', 'random_state': 4044, 'n_neighbors': 10}",0.16780034493885834,440.9490405940947,1.5321500286873861
SpectralClustering,"{'n_clusters': 12, 'affinity': 'nearest_neighbors', 'assign_labels': 'kmeans', 'random_state': 5055, 'n_neighbors': 10}",0.16780034493885834,440.9490405940947,1.5321500286873857
SpectralClustering,"{'n_clusters': 12, 'affinity': 'nearest_neighbors', 'assign_labels': 'kmeans', 'random_state': 6066, 'n_neighbors': 10}",0.16780034493885834,440.94904059409464,1.5321500286873857
SpectralClustering,"{'n_clusters': 12, 'affinity': 'nearest_neighbors', 'assign_labels': 'discretize', 'random_state': 42, 'n_neighbors': 10}",0.18941640124678985,485.1930358068688,1.655285108514601
SpectralClustering,"{'n_clusters': 12, 'affinity': 'nearest_neighbors', 'assign_labels': 'discretize', 'random_state': 123, 'n_neighbors': 10}",0.18445217522969998,475.168884064528,1.633211108321303
SpectralClustering,"{'n_clusters': 12, 'affinity': 'nearest_neighbors', 'assign_labels': 'discretize', 'random_state': 456, 'n_neighbors': 10}",0.18156921222404201,468.84298365937013,1.598264553618998
SpectralClustering,"{'n_clusters': 12, 'affinity': 'nearest_neighbors', 'assign_labels': 'discretize', 'random_state': 789, 'n_neighbors': 10}",0.18163614449123514,468.69180902593996,1.5981443343608746
SpectralClustering,"{'n_clusters': 12, 'affinity': 'nearest_neighbors', 'assign_labels': 'discretize', 'random_state': 1011, 'n_neighbors': 10}",0.18937517583966978,485.15699602282257,1.655522435979209
SpectralClustering,"{'n_clusters': 12, 'affinity': 'nearest_neighbors', 'assign_labels': 'discretize', 'random_state': 2022, 'n_neighbors': 10}",0.18161012493811027,468.877436577054,1.598023410971819
SpectralClustering,"{'n_clusters': 12, 'affinity': 'nearest_neighbors', 'assign_labels': 'discretize', 'random_state': 3033, 'n_neighbors': 10}",0.1877086828016507,477.73192736503836,1.6810121073535875
SpectralClustering,"{'n_clusters': 12, 'affinity': 'nearest_neighbors', 'assign_labels': 'discretize', 'random_state': 4044, 'n_neighbors': 10}",0.18937517583966978,485.15699602282245,1.655522435979209
SpectralClustering,"{'n_clusters': 12, 'affinity': 'nearest_neighbors', 'assign_labels': 'discretize', 'random_state': 5055, 'n_neighbors': 10}",0.1844406132750541,473.7123780236616,1.6271278938214218
SpectralClustering,"{'n_clusters': 12, 'affinity': 'nearest_neighbors', 'assign_labels': 'discretize', 'random_state': 6066, 'n_neighbors': 10}",0.18133884955085444,464.15573004903564,1.6487913248507875
SpectralClustering,"{'n_clusters': 12, 'affinity': 'nearest_neighbors', 'assign_labels': 'cluster_qr', 'random_state': 42, 'n_neighbors': 10}",0.17525141669952335,467.0207562838238,1.629391389940589
SpectralClustering,"{'n_clusters': 12, 'affinity': 'nearest_neighbors', 'assign_labels': 'cluster_qr', 'random_state': 123, 'n_neighbors': 10}",0.17525141669952335,467.0207562838238,1.629391389940589
SpectralClustering,"{'n_clusters': 12, 'affinity': 'nearest_neighbors', 'assign_labels': 'cluster_qr', 'random_state': 456, 'n_neighbors': 10}",0.17525141669952335,467.0207562838238,1.629391389940589
SpectralClustering,"{'n_clusters': 12, 'affinity': 'nearest_neighbors', 'assign_labels': 'cluster_qr', 'random_state': 789, 'n_neighbors': 10}",0.17525141669952335,467.0207562838238,1.629391389940589
SpectralClustering,"{'n_clusters': 12, 'affinity': 'nearest_neighbors', 'assign_labels': 'cluster_qr', 'random_state': 1011, 'n_neighbors': 10}",0.17525141669952335,467.0207562838238,1.629391389940589
SpectralClustering,"{'n_clusters': 12, 'affinity': 'nearest_neighbors', 'assign_labels': 'cluster_qr', 'random_state': 2022, 'n_neighbors': 10}",0.17525141669952335,467.0207562838238,1.629391389940589
SpectralClustering,"{'n_clusters': 12, 'affinity': 'nearest_neighbors', 'assign_labels': 'cluster_qr', 'random_state': 3033, 'n_neighbors': 10}",0.17525141669952335,467.0207562838238,1.629391389940589
SpectralClustering,"{'n_clusters': 12, 'affinity': 'nearest_neighbors', 'assign_labels': 'cluster_qr', 'random_state': 4044, 'n_neighbors': 10}",0.17525141669952335,467.0207562838238,1.629391389940589
SpectralClustering,"{'n_clusters': 12, 'affinity': 'nearest_neighbors', 'assign_labels': 'cluster_qr', 'random_state': 5055, 'n_neighbors': 10}",0.17525141669952335,467.0207562838238,1.629391389940589
SpectralClustering,"{'n_clusters': 12, 'affinity': 'nearest_neighbors', 'assign_labels': 'cluster_qr', 'random_state': 6066, 'n_neighbors': 10}",0.17525141669952335,467.0207562838238,1.629391389940589
SpectralClustering,"{'n_clusters': 12, 'affinity': 'nearest_neighbors', 'assign_labels': 'kmeans', 'random_state': 42, 'n_neighbors': 15}",0.17080915686364997,445.82976835132496,1.5537512737913008
SpectralClustering,"{'n_clusters': 12, 'affinity': 'nearest_neighbors', 'assign_labels': 'kmeans', 'random_state': 123, 'n_neighbors': 15}",0.17071739147268833,446.58175028351224,1.5542386729779114
SpectralClustering,"{'n_clusters': 12, 'affinity': 'nearest_neighbors', 'assign_labels': 'kmeans', 'random_state': 456, 'n_neighbors': 15}",0.17080915686364997,445.82976835132496,1.5537512737913008
SpectralClustering,"{'n_clusters': 12, 'affinity': 'nearest_neighbors', 'assign_labels': 'kmeans', 'random_state': 789, 'n_neighbors': 15}",0.17080915686364997,445.82976835132496,1.5537512737913008
SpectralClustering,"{'n_clusters': 12, 'affinity': 'nearest_neighbors', 'assign_labels': 'kmeans', 'random_state': 1011, 'n_neighbors': 15}",0.17075459351234584,446.5934351089167,1.5544664682095835
SpectralClustering,"{'n_clusters': 12, 'affinity': 'nearest_neighbors', 'assign_labels': 'kmeans', 'random_state': 2022, 'n_neighbors': 15}",0.17075459351234584,446.5934351089167,1.554466468209583
SpectralClustering,"{'n_clusters': 12, 'affinity': 'nearest_neighbors', 'assign_labels': 'kmeans', 'random_state': 3033, 'n_neighbors': 15}",0.17080915686364997,445.82976835132484,1.553751273791301
SpectralClustering,"{'n_clusters': 12, 'affinity': 'nearest_neighbors', 'assign_labels': 'kmeans', 'random_state': 4044, 'n_neighbors': 15}",0.170172582622256,444.22042502351735,1.545679733365388
SpectralClustering,"{'n_clusters': 12, 'affinity': 'nearest_neighbors', 'assign_labels': 'kmeans', 'random_state': 5055, 'n_neighbors': 15}",0.17022925089644245,445.6034267419881,1.552691656294588
SpectralClustering,"{'n_clusters': 12, 'affinity': 'nearest_neighbors', 'assign_labels': 'kmeans', 'random_state': 6066, 'n_neighbors': 15}",0.17075459351234584,446.59343510891665,1.5544664682095835
SpectralClustering,"{'n_clusters': 12, 'affinity': 'nearest_neighbors', 'assign_labels': 'discretize', 'random_state': 42, 'n_neighbors': 15}",0.17759307804733554,462.2986180886471,1.5668259433711806
SpectralClustering,"{'n_clusters': 12, 'affinity': 'nearest_neighbors', 'assign_labels': 'discretize', 'random_state': 123, 'n_neighbors': 15}",0.17702984636083094,464.5491153921792,1.6294492785121497
SpectralClustering,"{'n_clusters': 12, 'affinity': 'nearest_neighbors', 'assign_labels': 'discretize', 'random_state': 456, 'n_neighbors': 15}",0.17761251622127622,464.4656990841741,1.6275968755405437
SpectralClustering,"{'n_clusters': 12, 'affinity': 'nearest_neighbors', 'assign_labels': 'discretize', 'random_state': 789, 'n_neighbors': 15}",0.17759307804733554,462.29861808864706,1.5668259433711806
SpectralClustering,"{'n_clusters': 12, 'affinity': 'nearest_neighbors', 'assign_labels': 'discretize', 'random_state': 1011, 'n_neighbors': 15}",0.17718616723709663,458.5135188225815,1.6464903972003953
SpectralClustering,"{'n_clusters': 12, 'affinity': 'nearest_neighbors', 'assign_labels': 'discretize', 'random_state': 2022, 'n_neighbors': 15}",0.18724018170347664,484.78080874665795,1.6503528634438638
SpectralClustering,"{'n_clusters': 12, 'affinity': 'nearest_neighbors', 'assign_labels': 'discretize', 'random_state': 3033, 'n_neighbors': 15}",0.17759307804733554,462.29861808864706,1.5668259433711806
SpectralClustering,"{'n_clusters': 12, 'affinity': 'nearest_neighbors', 'assign_labels': 'discretize', 'random_state': 4044, 'n_neighbors': 15}",0.17690860291787014,458.153166960192,1.646214903646939
SpectralClustering,"{'n_clusters': 12, 'affinity': 'nearest_neighbors', 'assign_labels': 'discretize', 'random_state': 5055, 'n_neighbors': 15}",0.17795373308994267,465.1770965534196,1.6295306191591494
SpectralClustering,"{'n_clusters': 12, 'affinity': 'nearest_neighbors', 'assign_labels': 'discretize', 'random_state': 6066, 'n_neighbors': 15}",0.18670665509573875,484.8425803596543,1.6504799540968413
SpectralClustering,"{'n_clusters': 12, 'affinity': 'nearest_neighbors', 'assign_labels': 'cluster_qr', 'random_state': 42, 'n_neighbors': 15}",0.1604775323986394,433.1373421546183,1.7214280999600866
SpectralClustering,"{'n_clusters': 12, 'affinity': 'nearest_neighbors', 'assign_labels': 'cluster_qr', 'random_state': 123, 'n_neighbors': 15}",0.1604775323986394,433.1373421546183,1.7214280999600866
SpectralClustering,"{'n_clusters': 12, 'affinity': 'nearest_neighbors', 'assign_labels': 'cluster_qr', 'random_state': 456, 'n_neighbors': 15}",0.1604775323986394,433.1373421546183,1.7214280999600866
SpectralClustering,"{'n_clusters': 12, 'affinity': 'nearest_neighbors', 'assign_labels': 'cluster_qr', 'random_state': 789, 'n_neighbors': 15}",0.1604775323986394,433.1373421546183,1.7214280999600866
SpectralClustering,"{'n_clusters': 12, 'affinity': 'nearest_neighbors', 'assign_labels': 'cluster_qr', 'random_state': 1011, 'n_neighbors': 15}",0.1604775323986394,433.1373421546183,1.7214280999600866
SpectralClustering,"{'n_clusters': 12, 'affinity': 'nearest_neighbors', 'assign_labels': 'cluster_qr', 'random_state': 2022, 'n_neighbors': 15}",0.1604775323986394,433.1373421546183,1.7214280999600866
SpectralClustering,"{'n_clusters': 12, 'affinity': 'nearest_neighbors', 'assign_labels': 'cluster_qr', 'random_state': 3033, 'n_neighbors': 15}",0.1604775323986394,433.1373421546183,1.7214280999600866
SpectralClustering,"{'n_clusters': 12, 'affinity': 'nearest_neighbors', 'assign_labels': 'cluster_qr', 'random_state': 4044, 'n_neighbors': 15}",0.1604775323986394,433.1373421546183,1.7214280999600866
SpectralClustering,"{'n_clusters': 12, 'affinity': 'nearest_neighbors', 'assign_labels': 'cluster_qr', 'random_state': 5055, 'n_neighbors': 15}",0.1604775323986394,433.1373421546183,1.7214280999600866
SpectralClustering,"{'n_clusters': 12, 'affinity': 'nearest_neighbors', 'assign_labels': 'cluster_qr', 'random_state': 6066, 'n_neighbors': 15}",0.1604775323986394,433.1373421546183,1.7214280999600866
SpectralClustering,"{'n_clusters': 12, 'affinity': 'nearest_neighbors', 'assign_labels': 'kmeans', 'random_state': 42, 'n_neighbors': 20}",0.12062771850459944,431.8755104196638,1.6627929960034313
SpectralClustering,"{'n_clusters': 12, 'affinity': 'nearest_neighbors', 'assign_labels': 'kmeans', 'random_state': 123, 'n_neighbors': 20}",0.12256884833720115,432.93289495537636,1.6324306945786882
SpectralClustering,"{'n_clusters': 12, 'affinity': 'nearest_neighbors', 'assign_labels': 'kmeans', 'random_state': 456, 'n_neighbors': 20}",0.12276264729747728,433.01442128844127,1.6334806370051138
SpectralClustering,"{'n_clusters': 12, 'affinity': 'nearest_neighbors', 'assign_labels': 'kmeans', 'random_state': 789, 'n_neighbors': 20}",0.12268681605263522,432.95870562876655,1.632975719176594
SpectralClustering,"{'n_clusters': 12, 'affinity': 'nearest_neighbors', 'assign_labels': 'kmeans', 'random_state': 1011, 'n_neighbors': 20}",0.12268681605263522,432.9587056287665,1.632975719176594
SpectralClustering,"{'n_clusters': 12, 'affinity': 'nearest_neighbors', 'assign_labels': 'kmeans', 'random_state': 2022, 'n_neighbors': 20}",0.12088958870830636,432.0525116690915,1.66313848227819
SpectralClustering,"{'n_clusters': 12, 'affinity': 'nearest_neighbors', 'assign_labels': 'kmeans', 'random_state': 3033, 'n_neighbors': 20}",0.12265152035926753,432.9655033285886,1.633043691302859
SpectralClustering,"{'n_clusters': 12, 'affinity': 'nearest_neighbors', 'assign_labels': 'kmeans', 'random_state': 4044, 'n_neighbors': 20}",0.12268681605263522,432.9587056287667,1.632975719176594
SpectralClustering,"{'n_clusters': 12, 'affinity': 'nearest_neighbors', 'assign_labels': 'kmeans', 'random_state': 5055, 'n_neighbors': 20}",0.12190163464292687,438.88386458978636,1.6243828392994086
SpectralClustering,"{'n_clusters': 12, 'affinity': 'nearest_neighbors', 'assign_labels': 'kmeans', 'random_state': 6066, 'n_neighbors': 20}",0.12121097322559862,432.18394478104466,1.6550373256374158
SpectralClustering,"{'n_clusters': 12, 'affinity': 'nearest_neighbors', 'assign_labels': 'discretize', 'random_state': 42, 'n_neighbors': 20}",0.12964608479925013,438.89078670791014,1.7103277150232625
SpectralClustering,"{'n_clusters': 12, 'affinity': 'nearest_neighbors', 'assign_labels': 'discretize', 'random_state': 123, 'n_neighbors': 20}",0.12964608479925013,438.8907867079102,1.7103277150232632
SpectralClustering,"{'n_clusters': 12, 'affinity': 'nearest_neighbors', 'assign_labels': 'discretize', 'random_state': 456, 'n_neighbors': 20}",0.1409086619174793,431.6910708970855,1.710497351840597
SpectralClustering,"{'n_clusters': 12, 'affinity': 'nearest_neighbors', 'assign_labels': 'discretize', 'random_state': 789, 'n_neighbors': 20}",0.14198279662034735,434.90272854250964,1.6736116261139113
SpectralClustering,"{'n_clusters': 12, 'affinity': 'nearest_neighbors', 'assign_labels': 'discretize', 'random_state': 1011, 'n_neighbors': 20}",0.12964608479925013,438.8907867079103,1.7103277150232625
SpectralClustering,"{'n_clusters': 12, 'affinity': 'nearest_neighbors', 'assign_labels': 'discretize', 'random_state': 2022, 'n_neighbors': 20}",0.12964608479925013,438.89078670791014,1.7103277150232625
SpectralClustering,"{'n_clusters': 12, 'affinity': 'nearest_neighbors', 'assign_labels': 'discretize', 'random_state': 3033, 'n_neighbors': 20}",0.12964608479925013,438.89078670791014,1.710327715023263
SpectralClustering,"{'n_clusters': 12, 'affinity': 'nearest_neighbors', 'assign_labels': 'discretize', 'random_state': 4044, 'n_neighbors': 20}",0.12964608479925013,438.89078670791014,1.710327715023263
SpectralClustering,"{'n_clusters': 12, 'affinity': 'nearest_neighbors', 'assign_labels': 'discretize', 'random_state': 5055, 'n_neighbors': 20}",0.12964608479925013,438.89078670791,1.7103277150232625
SpectralClustering,"{'n_clusters': 12, 'affinity': 'nearest_neighbors', 'assign_labels': 'discretize', 'random_state': 6066, 'n_neighbors': 20}",0.12964608479925013,438.8907867079103,1.710327715023263
SpectralClustering,"{'n_clusters': 12, 'affinity': 'nearest_neighbors', 'assign_labels': 'cluster_qr', 'random_state': 42, 'n_neighbors': 20}",0.12165314813294588,393.27187569185963,2.0896736861533762
SpectralClustering,"{'n_clusters': 12, 'affinity': 'nearest_neighbors', 'assign_labels': 'cluster_qr', 'random_state': 123, 'n_neighbors': 20}",0.12165314813294588,393.27187569185963,2.0896736861533762
SpectralClustering,"{'n_clusters': 12, 'affinity': 'nearest_neighbors', 'assign_labels': 'cluster_qr', 'random_state': 456, 'n_neighbors': 20}",0.12165314813294588,393.27187569185963,2.0896736861533762
SpectralClustering,"{'n_clusters': 12, 'affinity': 'nearest_neighbors', 'assign_labels': 'cluster_qr', 'random_state': 789, 'n_neighbors': 20}",0.12165314813294588,393.27187569185963,2.0896736861533762
SpectralClustering,"{'n_clusters': 12, 'affinity': 'nearest_neighbors', 'assign_labels': 'cluster_qr', 'random_state': 1011, 'n_neighbors': 20}",0.12165314813294588,393.27187569185963,2.0896736861533762
SpectralClustering,"{'n_clusters': 12, 'affinity': 'nearest_neighbors', 'assign_labels': 'cluster_qr', 'random_state': 2022, 'n_neighbors': 20}",0.12165314813294588,393.27187569185963,2.0896736861533762
SpectralClustering,"{'n_clusters': 12, 'affinity': 'nearest_neighbors', 'assign_labels': 'cluster_qr', 'random_state': 3033, 'n_neighbors': 20}",0.12165314813294588,393.27187569185963,2.0896736861533762
SpectralClustering,"{'n_clusters': 12, 'affinity': 'nearest_neighbors', 'assign_labels': 'cluster_qr', 'random_state': 4044, 'n_neighbors': 20}",0.12165314813294588,393.27187569185963,2.0896736861533762
SpectralClustering,"{'n_clusters': 12, 'affinity': 'nearest_neighbors', 'assign_labels': 'cluster_qr', 'random_state': 5055, 'n_neighbors': 20}",0.12165314813294588,393.27187569185963,2.0896736861533762
SpectralClustering,"{'n_clusters': 12, 'affinity': 'nearest_neighbors', 'assign_labels': 'cluster_qr', 'random_state': 6066, 'n_neighbors': 20}",0.12165314813294588,393.27187569185963,2.0896736861533762
SpectralClustering,"{'n_clusters': 12, 'affinity': 'nearest_neighbors', 'assign_labels': 'kmeans', 'random_state': 42, 'n_neighbors': 50}",0.12848763198399316,466.93143140581105,1.6729395253820583
SpectralClustering,"{'n_clusters': 12, 'affinity': 'nearest_neighbors', 'assign_labels': 'kmeans', 'random_state': 123, 'n_neighbors': 50}",0.12845650044855658,466.787858726551,1.6741704734483367
SpectralClustering,"{'n_clusters': 12, 'affinity': 'nearest_neighbors', 'assign_labels': 'kmeans', 'random_state': 456, 'n_neighbors': 50}",0.12845650044855658,466.7878587265509,1.6741704734483365
SpectralClustering,"{'n_clusters': 12, 'affinity': 'nearest_neighbors', 'assign_labels': 'kmeans', 'random_state': 789, 'n_neighbors': 50}",0.12845650044855658,466.7878587265509,1.6741704734483365
SpectralClustering,"{'n_clusters': 12, 'affinity': 'nearest_neighbors', 'assign_labels': 'kmeans', 'random_state': 1011, 'n_neighbors': 50}",0.12847033446731976,466.89794622818437,1.6740763973996646
SpectralClustering,"{'n_clusters': 12, 'affinity': 'nearest_neighbors', 'assign_labels': 'kmeans', 'random_state': 2022, 'n_neighbors': 50}",0.12845650044855658,466.7878587265509,1.6741704734483367
SpectralClustering,"{'n_clusters': 12, 'affinity': 'nearest_neighbors', 'assign_labels': 'kmeans', 'random_state': 3033, 'n_neighbors': 50}",0.1284225691495525,466.7456571242257,1.6736039533492166
SpectralClustering,"{'n_clusters': 12, 'affinity': 'nearest_neighbors', 'assign_labels': 'kmeans', 'random_state': 4044, 'n_neighbors': 50}",0.12845650044855658,466.7878587265509,1.6741704734483367
SpectralClustering,"{'n_clusters': 12, 'affinity': 'nearest_neighbors', 'assign_labels': 'kmeans', 'random_state': 5055, 'n_neighbors': 50}",0.1284225691495525,466.7456571242257,1.6736039533492166
SpectralClustering,"{'n_clusters': 12, 'affinity': 'nearest_neighbors', 'assign_labels': 'kmeans', 'random_state': 6066, 'n_neighbors': 50}",0.12845650044855658,466.787858726551,1.6741704734483367
SpectralClustering,"{'n_clusters': 12, 'affinity': 'nearest_neighbors', 'assign_labels': 'discretize', 'random_state': 42, 'n_neighbors': 50}",0.12304653515051982,463.00763529908346,1.7026165824645838
SpectralClustering,"{'n_clusters': 12, 'affinity': 'nearest_neighbors', 'assign_labels': 'discretize', 'random_state': 123, 'n_neighbors': 50}",0.1225612647491744,462.7268083194251,1.7013107479604905
SpectralClustering,"{'n_clusters': 12, 'affinity': 'nearest_neighbors', 'assign_labels': 'discretize', 'random_state': 456, 'n_neighbors': 50}",0.12231183750494255,463.09990246299355,1.700788805756418
SpectralClustering,"{'n_clusters': 12, 'affinity': 'nearest_neighbors', 'assign_labels': 'discretize', 'random_state': 789, 'n_neighbors': 50}",0.12538633100946073,464.0008298111953,1.6950329226565788
SpectralClustering,"{'n_clusters': 12, 'affinity': 'nearest_neighbors', 'assign_labels': 'discretize', 'random_state': 1011, 'n_neighbors': 50}",0.12301129103941397,463.4212923438362,1.6996643265671665
SpectralClustering,"{'n_clusters': 12, 'affinity': 'nearest_neighbors', 'assign_labels': 'discretize', 'random_state': 2022, 'n_neighbors': 50}",0.12288241908226392,463.19342427873454,1.700798070427804
SpectralClustering,"{'n_clusters': 12, 'affinity': 'nearest_neighbors', 'assign_labels': 'discretize', 'random_state': 3033, 'n_neighbors': 50}",0.12262741772211445,463.04610078962406,1.7010540216030823
SpectralClustering,"{'n_clusters': 12, 'affinity': 'nearest_neighbors', 'assign_labels': 'discretize', 'random_state': 4044, 'n_neighbors': 50}",0.12231183750494255,463.0999024629936,1.7007888057564182
SpectralClustering,"{'n_clusters': 12, 'affinity': 'nearest_neighbors', 'assign_labels': 'discretize', 'random_state': 5055, 'n_neighbors': 50}",0.12269768429510497,463.212532637373,1.7035109599875369
SpectralClustering,"{'n_clusters': 12, 'affinity': 'nearest_neighbors', 'assign_labels': 'discretize', 'random_state': 6066, 'n_neighbors': 50}",0.12288241908226392,463.1934242787347,1.700798070427804
SpectralClustering,"{'n_clusters': 12, 'affinity': 'nearest_neighbors', 'assign_labels': 'cluster_qr', 'random_state': 42, 'n_neighbors': 50}",0.1233282418732173,462.27177257687754,1.7620097834533308
SpectralClustering,"{'n_clusters': 12, 'affinity': 'nearest_neighbors', 'assign_labels': 'cluster_qr', 'random_state': 123, 'n_neighbors': 50}",0.1233282418732173,462.27177257687754,1.7620097834533308
SpectralClustering,"{'n_clusters': 12, 'affinity': 'nearest_neighbors', 'assign_labels': 'cluster_qr', 'random_state': 456, 'n_neighbors': 50}",0.1233282418732173,462.27177257687754,1.7620097834533308
SpectralClustering,"{'n_clusters': 12, 'affinity': 'nearest_neighbors', 'assign_labels': 'cluster_qr', 'random_state': 789, 'n_neighbors': 50}",0.1233282418732173,462.27177257687754,1.7620097834533308
SpectralClustering,"{'n_clusters': 12, 'affinity': 'nearest_neighbors', 'assign_labels': 'cluster_qr', 'random_state': 1011, 'n_neighbors': 50}",0.1233282418732173,462.27177257687754,1.7620097834533308
SpectralClustering,"{'n_clusters': 12, 'affinity': 'nearest_neighbors', 'assign_labels': 'cluster_qr', 'random_state': 2022, 'n_neighbors': 50}",0.1233282418732173,462.27177257687754,1.7620097834533308
SpectralClustering,"{'n_clusters': 12, 'affinity': 'nearest_neighbors', 'assign_labels': 'cluster_qr', 'random_state': 3033, 'n_neighbors': 50}",0.1233282418732173,462.27177257687754,1.7620097834533308
SpectralClustering,"{'n_clusters': 12, 'affinity': 'nearest_neighbors', 'assign_labels': 'cluster_qr', 'random_state': 4044, 'n_neighbors': 50}",0.1233282418732173,462.27177257687754,1.7620097834533308
SpectralClustering,"{'n_clusters': 12, 'affinity': 'nearest_neighbors', 'assign_labels': 'cluster_qr', 'random_state': 5055, 'n_neighbors': 50}",0.1233282418732173,462.27177257687754,1.7620097834533308
SpectralClustering,"{'n_clusters': 12, 'affinity': 'nearest_neighbors', 'assign_labels': 'cluster_qr', 'random_state': 6066, 'n_neighbors': 50}",0.1233282418732173,462.27177257687754,1.7620097834533308
SpectralClustering,"{'n_clusters': 12, 'affinity': 'nearest_neighbors', 'assign_labels': 'kmeans', 'random_state': 42, 'n_neighbors': 100}",0.12752968083960306,466.82221532403247,1.7056618579211156
SpectralClustering,"{'n_clusters': 12, 'affinity': 'nearest_neighbors', 'assign_labels': 'kmeans', 'random_state': 123, 'n_neighbors': 100}",0.12764410555340763,466.9095853706233,1.7067614206542847
SpectralClustering,"{'n_clusters': 12, 'affinity': 'nearest_neighbors', 'assign_labels': 'kmeans', 'random_state': 456, 'n_neighbors': 100}",0.12758510553199887,466.92378116180214,1.7062352000123415
SpectralClustering,"{'n_clusters': 12, 'affinity': 'nearest_neighbors', 'assign_labels': 'kmeans', 'random_state': 789, 'n_neighbors': 100}",0.12752968083960306,466.8222153240323,1.7056618579211156
SpectralClustering,"{'n_clusters': 12, 'affinity': 'nearest_neighbors', 'assign_labels': 'kmeans', 'random_state': 1011, 'n_neighbors': 100}",0.12758510553199887,466.9237811618021,1.706235200012342
SpectralClustering,"{'n_clusters': 12, 'affinity': 'nearest_neighbors', 'assign_labels': 'kmeans', 'random_state': 2022, 'n_neighbors': 100}",0.12758510553199887,466.92378116180214,1.706235200012342
SpectralClustering,"{'n_clusters': 12, 'affinity': 'nearest_neighbors', 'assign_labels': 'kmeans', 'random_state': 3033, 'n_neighbors': 100}",0.12758510553199887,466.92378116180214,1.706235200012342
SpectralClustering,"{'n_clusters': 12, 'affinity': 'nearest_neighbors', 'assign_labels': 'kmeans', 'random_state': 4044, 'n_neighbors': 100}",0.12758510553199887,466.92378116180214,1.706235200012342
SpectralClustering,"{'n_clusters': 12, 'affinity': 'nearest_neighbors', 'assign_labels': 'kmeans', 'random_state': 5055, 'n_neighbors': 100}",0.12758510553199887,466.92378116180214,1.7062352000123415
SpectralClustering,"{'n_clusters': 12, 'affinity': 'nearest_neighbors', 'assign_labels': 'kmeans', 'random_state': 6066, 'n_neighbors': 100}",0.12758510553199887,466.9237811618021,1.706235200012342
SpectralClustering,"{'n_clusters': 12, 'affinity': 'nearest_neighbors', 'assign_labels': 'discretize', 'random_state': 42, 'n_neighbors': 100}",0.12744580711332737,466.80713405508226,1.7144603025100782
SpectralClustering,"{'n_clusters': 12, 'affinity': 'nearest_neighbors', 'assign_labels': 'discretize', 'random_state': 123, 'n_neighbors': 100}",0.1275440600101807,466.9653789789417,1.715351901670538
SpectralClustering,"{'n_clusters': 12, 'affinity': 'nearest_neighbors', 'assign_labels': 'discretize', 'random_state': 456, 'n_neighbors': 100}",0.1275628615179917,466.85931900540845,1.7144362158326987
SpectralClustering,"{'n_clusters': 12, 'affinity': 'nearest_neighbors', 'assign_labels': 'discretize', 'random_state': 789, 'n_neighbors': 100}",0.12759585249190752,467.29656123166995,1.7164022102854266
SpectralClustering,"{'n_clusters': 12, 'affinity': 'nearest_neighbors', 'assign_labels': 'discretize', 'random_state': 1011, 'n_neighbors': 100}",0.1274578056748911,466.7146885888814,1.7135809465377758
SpectralClustering,"{'n_clusters': 12, 'affinity': 'nearest_neighbors', 'assign_labels': 'discretize', 'random_state': 2022, 'n_neighbors': 100}",0.1275440600101807,466.9653789789416,1.715351901670538
SpectralClustering,"{'n_clusters': 12, 'affinity': 'nearest_neighbors', 'assign_labels': 'discretize', 'random_state': 3033, 'n_neighbors': 100}",0.12749737688452328,467.13340123133054,1.7154981202925417
SpectralClustering,"{'n_clusters': 12, 'affinity': 'nearest_neighbors', 'assign_labels': 'discretize', 'random_state': 4044, 'n_neighbors': 100}",0.1274578056748911,466.7146885888813,1.7135809465377756
SpectralClustering,"{'n_clusters': 12, 'affinity': 'nearest_neighbors', 'assign_labels': 'discretize', 'random_state': 5055, 'n_neighbors': 100}",0.1275355423180377,466.9481764316294,1.7155640085949517
SpectralClustering,"{'n_clusters': 12, 'affinity': 'nearest_neighbors', 'assign_labels': 'discretize', 'random_state': 6066, 'n_neighbors': 100}",0.12744094499642983,466.7557199606904,1.7147742117135856
SpectralClustering,"{'n_clusters': 12, 'affinity': 'nearest_neighbors', 'assign_labels': 'cluster_qr', 'random_state': 42, 'n_neighbors': 100}",0.11569851718455523,450.2585601106641,1.775073497390509
SpectralClustering,"{'n_clusters': 12, 'affinity': 'nearest_neighbors', 'assign_labels': 'cluster_qr', 'random_state': 123, 'n_neighbors': 100}",0.11569851718455523,450.2585601106641,1.775073497390509
SpectralClustering,"{'n_clusters': 12, 'affinity': 'nearest_neighbors', 'assign_labels': 'cluster_qr', 'random_state': 456, 'n_neighbors': 100}",0.11569851718455523,450.2585601106641,1.775073497390509
SpectralClustering,"{'n_clusters': 12, 'affinity': 'nearest_neighbors', 'assign_labels': 'cluster_qr', 'random_state': 789, 'n_neighbors': 100}",0.11569851718455523,450.2585601106641,1.775073497390509
SpectralClustering,"{'n_clusters': 12, 'affinity': 'nearest_neighbors', 'assign_labels': 'cluster_qr', 'random_state': 1011, 'n_neighbors': 100}",0.11569851718455523,450.2585601106641,1.775073497390509
SpectralClustering,"{'n_clusters': 12, 'affinity': 'nearest_neighbors', 'assign_labels': 'cluster_qr', 'random_state': 2022, 'n_neighbors': 100}",0.11569851718455523,450.2585601106641,1.775073497390509
SpectralClustering,"{'n_clusters': 12, 'affinity': 'nearest_neighbors', 'assign_labels': 'cluster_qr', 'random_state': 3033, 'n_neighbors': 100}",0.11569851718455523,450.2585601106641,1.775073497390509
SpectralClustering,"{'n_clusters': 12, 'affinity': 'nearest_neighbors', 'assign_labels': 'cluster_qr', 'random_state': 4044, 'n_neighbors': 100}",0.11569851718455523,450.2585601106641,1.775073497390509
SpectralClustering,"{'n_clusters': 12, 'affinity': 'nearest_neighbors', 'assign_labels': 'cluster_qr', 'random_state': 5055, 'n_neighbors': 100}",0.11569851718455523,450.2585601106641,1.775073497390509
SpectralClustering,"{'n_clusters': 12, 'affinity': 'nearest_neighbors', 'assign_labels': 'cluster_qr', 'random_state': 6066, 'n_neighbors': 100}",0.11569851718455523,450.2585601106641,1.775073497390509
SpectralClustering,"{'n_clusters': 12, 'affinity': 'cosine', 'assign_labels': 'kmeans', 'random_state': 42}",0.09090393703077795,345.33330120984033,2.014401499330311
SpectralClustering,"{'n_clusters': 12, 'affinity': 'cosine', 'assign_labels': 'kmeans', 'random_state': 123}",0.10853506758744483,393.3403405658252,1.7675502360461348
SpectralClustering,"{'n_clusters': 12, 'affinity': 'cosine', 'assign_labels': 'kmeans', 'random_state': 456}",0.10723836013455718,376.5436388883157,1.818540745614822
SpectralClustering,"{'n_clusters': 12, 'affinity': 'cosine', 'assign_labels': 'kmeans', 'random_state': 789}",0.10121926366510654,366.7200922896546,1.8418822184290464
SpectralClustering,"{'n_clusters': 12, 'affinity': 'cosine', 'assign_labels': 'kmeans', 'random_state': 1011}",0.1175232573734536,405.9436064941548,1.8623372051668496
SpectralClustering,"{'n_clusters': 12, 'affinity': 'cosine', 'assign_labels': 'kmeans', 'random_state': 2022}",0.11325754511008128,356.5113392353753,2.064431379494494
SpectralClustering,"{'n_clusters': 12, 'affinity': 'cosine', 'assign_labels': 'kmeans', 'random_state': 3033}",0.10607836813257503,375.4321084577227,1.8183432461202818
SpectralClustering,"{'n_clusters': 12, 'affinity': 'cosine', 'assign_labels': 'kmeans', 'random_state': 4044}",0.11412131648329096,394.4795527888716,1.835819195602939
SpectralClustering,"{'n_clusters': 12, 'affinity': 'cosine', 'assign_labels': 'kmeans', 'random_state': 5055}",0.09356200189963494,349.277477969986,2.0089704355290277
SpectralClustering,"{'n_clusters': 12, 'affinity': 'cosine', 'assign_labels': 'kmeans', 'random_state': 6066}",0.10824033483428742,374.4867127275973,1.9233744157075279
SpectralClustering,"{'n_clusters': 12, 'affinity': 'cosine', 'assign_labels': 'discretize', 'random_state': 42}",0.07898181779312112,305.01619147587377,2.131109864890875
SpectralClustering,"{'n_clusters': 12, 'affinity': 'cosine', 'assign_labels': 'discretize', 'random_state': 123}",0.0776813657667834,302.2014067235315,2.084015970458139
SpectralClustering,"{'n_clusters': 12, 'affinity': 'cosine', 'assign_labels': 'discretize', 'random_state': 456}",0.07137593834150514,289.3883369299874,2.327558117347522
SpectralClustering,"{'n_clusters': 12, 'affinity': 'cosine', 'assign_labels': 'discretize', 'random_state': 789}",0.06213736696570318,291.6050222121578,2.1472669475108956
SpectralClustering,"{'n_clusters': 12, 'affinity': 'cosine', 'assign_labels': 'discretize', 'random_state': 1011}",0.07502266804510443,297.96008054033064,2.202206714687451
SpectralClustering,"{'n_clusters': 12, 'affinity': 'cosine', 'assign_labels': 'discretize', 'random_state': 2022}",0.07935895254295977,301.7600121140678,2.065887691771738
SpectralClustering,"{'n_clusters': 12, 'affinity': 'cosine', 'assign_labels': 'discretize', 'random_state': 3033}",0.08869415866696181,308.77266279605516,2.157795602597353
SpectralClustering,"{'n_clusters': 12, 'affinity': 'cosine', 'assign_labels': 'discretize', 'random_state': 4044}",0.07586689404843257,295.7251141150109,2.167774971854173
SpectralClustering,"{'n_clusters': 12, 'affinity': 'cosine', 'assign_labels': 'discretize', 'random_state': 5055}",0.0774087118843334,301.98975333457383,2.167817185390457
SpectralClustering,"{'n_clusters': 12, 'affinity': 'cosine', 'assign_labels': 'discretize', 'random_state': 6066}",0.07937121072443104,300.58457637381105,2.1528340418375476
SpectralClustering,"{'n_clusters': 12, 'affinity': 'cosine', 'assign_labels': 'cluster_qr', 'random_state': 42}",-0.0008841307510317071,148.98070955396219,4.171895869356738
SpectralClustering,"{'n_clusters': 12, 'affinity': 'cosine', 'assign_labels': 'cluster_qr', 'random_state': 123}",-0.0008841307510317071,148.98070955396219,4.171895869356738
SpectralClustering,"{'n_clusters': 12, 'affinity': 'cosine', 'assign_labels': 'cluster_qr', 'random_state': 456}",-0.0008841307510317071,148.98070955396219,4.171895869356738
SpectralClustering,"{'n_clusters': 12, 'affinity': 'cosine', 'assign_labels': 'cluster_qr', 'random_state': 789}",-0.0008841307510317071,148.98070955396219,4.171895869356738
SpectralClustering,"{'n_clusters': 12, 'affinity': 'cosine', 'assign_labels': 'cluster_qr', 'random_state': 1011}",-0.0008841307510317071,148.98070955396219,4.171895869356738
SpectralClustering,"{'n_clusters': 12, 'affinity': 'cosine', 'assign_labels': 'cluster_qr', 'random_state': 2022}",-0.0008841307510317071,148.98070955396219,4.171895869356738
SpectralClustering,"{'n_clusters': 12, 'affinity': 'cosine', 'assign_labels': 'cluster_qr', 'random_state': 3033}",-0.0008841307510317071,148.98070955396219,4.171895869356738
SpectralClustering,"{'n_clusters': 12, 'affinity': 'cosine', 'assign_labels': 'cluster_qr', 'random_state': 4044}",-0.0008841307510317071,148.98070955396219,4.171895869356738
SpectralClustering,"{'n_clusters': 12, 'affinity': 'cosine', 'assign_labels': 'cluster_qr', 'random_state': 5055}",-0.0008841307510317071,148.98070955396219,4.171895869356738
SpectralClustering,"{'n_clusters': 12, 'affinity': 'cosine', 'assign_labels': 'cluster_qr', 'random_state': 6066}",-0.0008841307510317071,148.98070955396219,4.171895869356738
SpectralClustering,"{'n_clusters': 12, 'affinity': 'linear', 'assign_labels': 'kmeans', 'random_state': 42}",0.09166986481841792,320.04650160266385,2.0943902598458397
SpectralClustering,"{'n_clusters': 12, 'affinity': 'linear', 'assign_labels': 'kmeans', 'random_state': 123}",0.11469657124978618,370.20559414457625,1.858725503792183
SpectralClustering,"{'n_clusters': 12, 'affinity': 'linear', 'assign_labels': 'kmeans', 'random_state': 456}",0.10460383404524963,335.50917791493015,1.9817622986049643
SpectralClustering,"{'n_clusters': 12, 'affinity': 'linear', 'assign_labels': 'kmeans', 'random_state': 789}",0.10091463684973175,327.2436639518858,2.1191093387174726
SpectralClustering,"{'n_clusters': 12, 'affinity': 'linear', 'assign_labels': 'kmeans', 'random_state': 1011}",0.11784080416468921,362.20218299417377,1.9226213271826078
SpectralClustering,"{'n_clusters': 12, 'affinity': 'linear', 'assign_labels': 'kmeans', 'random_state': 2022}",0.09633062116904315,323.9585126142418,2.1340105904057096
SpectralClustering,"{'n_clusters': 12, 'affinity': 'linear', 'assign_labels': 'kmeans', 'random_state': 3033}",0.11002968966714184,357.6550361476246,1.9222086096119648
SpectralClustering,"{'n_clusters': 12, 'affinity': 'linear', 'assign_labels': 'kmeans', 'random_state': 4044}",0.08712605620042153,319.44655650828247,2.100876000558752
SpectralClustering,"{'n_clusters': 12, 'affinity': 'linear', 'assign_labels': 'kmeans', 'random_state': 5055}",0.10753493091135265,343.0575824770452,1.9155495738275856
SpectralClustering,"{'n_clusters': 12, 'affinity': 'linear', 'assign_labels': 'kmeans', 'random_state': 6066}",0.1072225433144844,347.7632809200325,2.017493486419153
SpectralClustering,"{'n_clusters': 12, 'affinity': 'linear', 'assign_labels': 'discretize', 'random_state': 42}",0.08682893786068306,305.7406117006492,2.1363163941170353
SpectralClustering,"{'n_clusters': 12, 'affinity': 'linear', 'assign_labels': 'discretize', 'random_state': 123}",0.09522734459359891,308.9913727025575,2.2549406680169595
SpectralClustering,"{'n_clusters': 12, 'affinity': 'linear', 'assign_labels': 'discretize', 'random_state': 456}",0.07128026164641157,298.53724013369623,2.1056247914529833
SpectralClustering,"{'n_clusters': 12, 'affinity': 'linear', 'assign_labels': 'discretize', 'random_state': 789}",0.07750473890759492,295.9331073165833,2.2015014876794177
SpectralClustering,"{'n_clusters': 12, 'affinity': 'linear', 'assign_labels': 'discretize', 'random_state': 1011}",0.06835933520765276,294.82636558752813,2.123468011837625
SpectralClustering,"{'n_clusters': 12, 'affinity': 'linear', 'assign_labels': 'discretize', 'random_state': 2022}",0.0827563357720068,303.72703368833777,2.187817065794905
SpectralClustering,"{'n_clusters': 12, 'affinity': 'linear', 'assign_labels': 'discretize', 'random_state': 3033}",0.0802709051225398,299.7267982216199,2.188973711014823
SpectralClustering,"{'n_clusters': 12, 'affinity': 'linear', 'assign_labels': 'discretize', 'random_state': 4044}",0.07928879500667181,296.8196455542325,2.192112659947868
SpectralClustering,"{'n_clusters': 12, 'affinity': 'linear', 'assign_labels': 'discretize', 'random_state': 5055}",0.08258386304167069,293.52611444391283,2.2685673642505564
SpectralClustering,"{'n_clusters': 12, 'affinity': 'linear', 'assign_labels': 'discretize', 'random_state': 6066}",0.07372896273575658,306.8635799653542,2.0946067074357546
SpectralClustering,"{'n_clusters': 12, 'affinity': 'linear', 'assign_labels': 'cluster_qr', 'random_state': 42}",-0.00840645730796184,147.08686489361892,4.036783545149443
SpectralClustering,"{'n_clusters': 12, 'affinity': 'linear', 'assign_labels': 'cluster_qr', 'random_state': 123}",-0.00840645730796184,147.08686489361892,4.036783545149443
SpectralClustering,"{'n_clusters': 12, 'affinity': 'linear', 'assign_labels': 'cluster_qr', 'random_state': 456}",-0.00840645730796184,147.08686489361892,4.036783545149443
SpectralClustering,"{'n_clusters': 12, 'affinity': 'linear', 'assign_labels': 'cluster_qr', 'random_state': 789}",-0.00840645730796184,147.08686489361892,4.036783545149443
SpectralClustering,"{'n_clusters': 12, 'affinity': 'linear', 'assign_labels': 'cluster_qr', 'random_state': 1011}",-0.00840645730796184,147.08686489361892,4.036783545149443
SpectralClustering,"{'n_clusters': 12, 'affinity': 'linear', 'assign_labels': 'cluster_qr', 'random_state': 2022}",-0.00840645730796184,147.08686489361892,4.036783545149443
SpectralClustering,"{'n_clusters': 12, 'affinity': 'linear', 'assign_labels': 'cluster_qr', 'random_state': 3033}",-0.00840645730796184,147.08686489361892,4.036783545149443
SpectralClustering,"{'n_clusters': 12, 'affinity': 'linear', 'assign_labels': 'cluster_qr', 'random_state': 4044}",-0.00840645730796184,147.08686489361892,4.036783545149443
SpectralClustering,"{'n_clusters': 12, 'affinity': 'linear', 'assign_labels': 'cluster_qr', 'random_state': 5055}",-0.00840645730796184,147.08686489361892,4.036783545149443
SpectralClustering,"{'n_clusters': 12, 'affinity': 'linear', 'assign_labels': 'cluster_qr', 'random_state': 6066}",-0.00840645730796184,147.08686489361892,4.036783545149443
SpectralClustering,"{'n_clusters': 12, 'affinity': 'polynomial', 'assign_labels': 'kmeans', 'random_state': 42}",0.1295189393431085,433.7777291322538,1.8601609657682683
SpectralClustering,"{'n_clusters': 12, 'affinity': 'polynomial', 'assign_labels': 'kmeans', 'random_state': 123}",0.12946122944837268,432.45117854143353,1.853640718846093
SpectralClustering,"{'n_clusters': 12, 'affinity': 'polynomial', 'assign_labels': 'kmeans', 'random_state': 456}",0.12817306537876189,430.09827464154756,1.8612120117696929
SpectralClustering,"{'n_clusters': 12, 'affinity': 'polynomial', 'assign_labels': 'kmeans', 'random_state': 789}",0.1386468056293067,436.14163635857744,1.7646413841477566
SpectralClustering,"{'n_clusters': 12, 'affinity': 'polynomial', 'assign_labels': 'kmeans', 'random_state': 1011}",0.1404100281240999,443.6921480967702,1.8155495450172634
SpectralClustering,"{'n_clusters': 12, 'affinity': 'polynomial', 'assign_labels': 'kmeans', 'random_state': 2022}",0.140141191232078,451.03496540336164,1.7337580355198805
SpectralClustering,"{'n_clusters': 12, 'affinity': 'polynomial', 'assign_labels': 'kmeans', 'random_state': 3033}",0.12947642276538537,434.54636215392946,1.8629808409756434
SpectralClustering,"{'n_clusters': 12, 'affinity': 'polynomial', 'assign_labels': 'kmeans', 'random_state': 4044}",0.1395801815531622,438.77144157547497,1.8258862634224446
SpectralClustering,"{'n_clusters': 12, 'affinity': 'polynomial', 'assign_labels': 'kmeans', 'random_state': 5055}",0.12968732311815465,434.2205598689127,1.8597951866527642
SpectralClustering,"{'n_clusters': 12, 'affinity': 'polynomial', 'assign_labels': 'kmeans', 'random_state': 6066}",0.13936923529322398,437.78548875743314,1.8312084381655647
SpectralClustering,"{'n_clusters': 12, 'affinity': 'polynomial', 'assign_labels': 'discretize', 'random_state': 42}",0.12691401970854257,400.20511301138384,1.8345793030275968
SpectralClustering,"{'n_clusters': 12, 'affinity': 'polynomial', 'assign_labels': 'discretize', 'random_state': 123}",0.1163859239360062,408.0033701474979,1.884857785152055
SpectralClustering,"{'n_clusters': 12, 'affinity': 'polynomial', 'assign_labels': 'discretize', 'random_state': 456}",0.12515504942017042,400.4164718575894,1.8606535762994572
SpectralClustering,"{'n_clusters': 12, 'affinity': 'polynomial', 'assign_labels': 'discretize', 'random_state': 789}",0.12556253241486764,401.8347778348399,1.8667256585824985
SpectralClustering,"{'n_clusters': 12, 'affinity': 'polynomial', 'assign_labels': 'discretize', 'random_state': 1011}",0.11559795316602574,407.6002901482183,1.828702994037284
SpectralClustering,"{'n_clusters': 12, 'affinity': 'polynomial', 'assign_labels': 'discretize', 'random_state': 2022}",0.12704069721863467,403.64202629887035,1.8496968799307467
SpectralClustering,"{'n_clusters': 12, 'affinity': 'polynomial', 'assign_labels': 'discretize', 'random_state': 3033}",0.12714914003287708,402.17255486262235,1.904594472163281
SpectralClustering,"{'n_clusters': 12, 'affinity': 'polynomial', 'assign_labels': 'discretize', 'random_state': 4044}",0.11923232744136077,393.8458978464761,1.9203709644409004
SpectralClustering,"{'n_clusters': 12, 'affinity': 'polynomial', 'assign_labels': 'discretize', 'random_state': 5055}",0.12456090659156888,399.896212331915,1.861685880819114
SpectralClustering,"{'n_clusters': 12, 'affinity': 'polynomial', 'assign_labels': 'discretize', 'random_state': 6066}",0.11369793641101787,408.37716354296947,1.850654721288041
SpectralClustering,"{'n_clusters': 12, 'affinity': 'polynomial', 'assign_labels': 'cluster_qr', 'random_state': 42}",0.04559014454522159,211.90527567640723,3.399591876398467
SpectralClustering,"{'n_clusters': 12, 'affinity': 'polynomial', 'assign_labels': 'cluster_qr', 'random_state': 123}",0.04559014454522159,211.90527567640723,3.399591876398467
SpectralClustering,"{'n_clusters': 12, 'affinity': 'polynomial', 'assign_labels': 'cluster_qr', 'random_state': 456}",0.04559014454522159,211.90527567640723,3.399591876398467
SpectralClustering,"{'n_clusters': 12, 'affinity': 'polynomial', 'assign_labels': 'cluster_qr', 'random_state': 789}",0.04559014454522159,211.90527567640723,3.399591876398467
SpectralClustering,"{'n_clusters': 12, 'affinity': 'polynomial', 'assign_labels': 'cluster_qr', 'random_state': 1011}",0.04559014454522159,211.90527567640723,3.399591876398467
SpectralClustering,"{'n_clusters': 12, 'affinity': 'polynomial', 'assign_labels': 'cluster_qr', 'random_state': 2022}",0.04559014454522159,211.90527567640723,3.399591876398467
SpectralClustering,"{'n_clusters': 12, 'affinity': 'polynomial', 'assign_labels': 'cluster_qr', 'random_state': 3033}",0.04559014454522159,211.90527567640723,3.399591876398467
SpectralClustering,"{'n_clusters': 12, 'affinity': 'polynomial', 'assign_labels': 'cluster_qr', 'random_state': 4044}",0.04559014454522159,211.90527567640723,3.399591876398467
SpectralClustering,"{'n_clusters': 12, 'affinity': 'polynomial', 'assign_labels': 'cluster_qr', 'random_state': 5055}",0.04559014454522159,211.90527567640723,3.399591876398467
SpectralClustering,"{'n_clusters': 12, 'affinity': 'polynomial', 'assign_labels': 'cluster_qr', 'random_state': 6066}",0.04559014454522159,211.90527567640723,3.399591876398467
SpectralClustering,"{'n_clusters': 12, 'affinity': 'poly', 'assign_labels': 'kmeans', 'random_state': 42}",0.1295189393431085,433.7777291322538,1.8601609657682683
SpectralClustering,"{'n_clusters': 12, 'affinity': 'poly', 'assign_labels': 'kmeans', 'random_state': 123}",0.12946122944837268,432.45117854143353,1.853640718846093
SpectralClustering,"{'n_clusters': 12, 'affinity': 'poly', 'assign_labels': 'kmeans', 'random_state': 456}",0.12817306537876189,430.09827464154756,1.8612120117696929
SpectralClustering,"{'n_clusters': 12, 'affinity': 'poly', 'assign_labels': 'kmeans', 'random_state': 789}",0.1386468056293067,436.14163635857744,1.7646413841477566
SpectralClustering,"{'n_clusters': 12, 'affinity': 'poly', 'assign_labels': 'kmeans', 'random_state': 1011}",0.1404100281240999,443.6921480967702,1.8155495450172634
SpectralClustering,"{'n_clusters': 12, 'affinity': 'poly', 'assign_labels': 'kmeans', 'random_state': 2022}",0.140141191232078,451.03496540336164,1.7337580355198805
SpectralClustering,"{'n_clusters': 12, 'affinity': 'poly', 'assign_labels': 'kmeans', 'random_state': 3033}",0.12947642276538537,434.54636215392946,1.8629808409756434
SpectralClustering,"{'n_clusters': 12, 'affinity': 'poly', 'assign_labels': 'kmeans', 'random_state': 4044}",0.1395801815531622,438.77144157547497,1.8258862634224446
SpectralClustering,"{'n_clusters': 12, 'affinity': 'poly', 'assign_labels': 'kmeans', 'random_state': 5055}",0.12968732311815465,434.2205598689127,1.8597951866527642
SpectralClustering,"{'n_clusters': 12, 'affinity': 'poly', 'assign_labels': 'kmeans', 'random_state': 6066}",0.13936923529322398,437.78548875743314,1.8312084381655647
SpectralClustering,"{'n_clusters': 12, 'affinity': 'poly', 'assign_labels': 'discretize', 'random_state': 42}",0.12691401970854257,400.20511301138384,1.8345793030275968
SpectralClustering,"{'n_clusters': 12, 'affinity': 'poly', 'assign_labels': 'discretize', 'random_state': 123}",0.1163859239360062,408.0033701474979,1.884857785152055
SpectralClustering,"{'n_clusters': 12, 'affinity': 'poly', 'assign_labels': 'discretize', 'random_state': 456}",0.12515504942017042,400.4164718575894,1.8606535762994572
SpectralClustering,"{'n_clusters': 12, 'affinity': 'poly', 'assign_labels': 'discretize', 'random_state': 789}",0.12556253241486764,401.8347778348399,1.8667256585824985
SpectralClustering,"{'n_clusters': 12, 'affinity': 'poly', 'assign_labels': 'discretize', 'random_state': 1011}",0.11559795316602574,407.6002901482183,1.828702994037284
SpectralClustering,"{'n_clusters': 12, 'affinity': 'poly', 'assign_labels': 'discretize', 'random_state': 2022}",0.12704069721863467,403.64202629887035,1.8496968799307467
SpectralClustering,"{'n_clusters': 12, 'affinity': 'poly', 'assign_labels': 'discretize', 'random_state': 3033}",0.12714914003287708,402.17255486262235,1.904594472163281
SpectralClustering,"{'n_clusters': 12, 'affinity': 'poly', 'assign_labels': 'discretize', 'random_state': 4044}",0.11923232744136077,393.8458978464761,1.9203709644409004
SpectralClustering,"{'n_clusters': 12, 'affinity': 'poly', 'assign_labels': 'discretize', 'random_state': 5055}",0.12456090659156888,399.896212331915,1.861685880819114
SpectralClustering,"{'n_clusters': 12, 'affinity': 'poly', 'assign_labels': 'discretize', 'random_state': 6066}",0.11369793641101787,408.37716354296947,1.850654721288041
SpectralClustering,"{'n_clusters': 12, 'affinity': 'poly', 'assign_labels': 'cluster_qr', 'random_state': 42}",0.04559014454522159,211.90527567640723,3.399591876398467
SpectralClustering,"{'n_clusters': 12, 'affinity': 'poly', 'assign_labels': 'cluster_qr', 'random_state': 123}",0.04559014454522159,211.90527567640723,3.399591876398467
SpectralClustering,"{'n_clusters': 12, 'affinity': 'poly', 'assign_labels': 'cluster_qr', 'random_state': 456}",0.04559014454522159,211.90527567640723,3.399591876398467
SpectralClustering,"{'n_clusters': 12, 'affinity': 'poly', 'assign_labels': 'cluster_qr', 'random_state': 789}",0.04559014454522159,211.90527567640723,3.399591876398467
SpectralClustering,"{'n_clusters': 12, 'affinity': 'poly', 'assign_labels': 'cluster_qr', 'random_state': 1011}",0.04559014454522159,211.90527567640723,3.399591876398467
SpectralClustering,"{'n_clusters': 12, 'affinity': 'poly', 'assign_labels': 'cluster_qr', 'random_state': 2022}",0.04559014454522159,211.90527567640723,3.399591876398467
SpectralClustering,"{'n_clusters': 12, 'affinity': 'poly', 'assign_labels': 'cluster_qr', 'random_state': 3033}",0.04559014454522159,211.90527567640723,3.399591876398467
SpectralClustering,"{'n_clusters': 12, 'affinity': 'poly', 'assign_labels': 'cluster_qr', 'random_state': 4044}",0.04559014454522159,211.90527567640723,3.399591876398467
SpectralClustering,"{'n_clusters': 12, 'affinity': 'poly', 'assign_labels': 'cluster_qr', 'random_state': 5055}",0.04559014454522159,211.90527567640723,3.399591876398467
SpectralClustering,"{'n_clusters': 12, 'affinity': 'poly', 'assign_labels': 'cluster_qr', 'random_state': 6066}",0.04559014454522159,211.90527567640723,3.399591876398467
SpectralClustering,"{'n_clusters': 12, 'affinity': 'sigmoid', 'assign_labels': 'kmeans', 'random_state': 42}",-0.20155781026784048,3.3617827806321983,8.547498684353961
SpectralClustering,"{'n_clusters': 12, 'affinity': 'sigmoid', 'assign_labels': 'kmeans', 'random_state': 123}",-0.32800330842545744,3.525899347808558,6.690436543525679
SpectralClustering,"{'n_clusters': 12, 'affinity': 'sigmoid', 'assign_labels': 'kmeans', 'random_state': 456}",-0.3139745675897361,3.6443611557316,5.852256083260664
SpectralClustering,"{'n_clusters': 12, 'affinity': 'sigmoid', 'assign_labels': 'kmeans', 'random_state': 789}",-0.2531238638102774,3.102388373473221,10.952944072085488
SpectralClustering,"{'n_clusters': 12, 'affinity': 'sigmoid', 'assign_labels': 'kmeans', 'random_state': 1011}",-0.19071895283451645,3.51843254003838,9.09177731883509
SpectralClustering,"{'n_clusters': 12, 'affinity': 'sigmoid', 'assign_labels': 'kmeans', 'random_state': 2022}",-0.27073199874515674,3.55790953193011,7.186980004465073
SpectralClustering,"{'n_clusters': 12, 'affinity': 'sigmoid', 'assign_labels': 'kmeans', 'random_state': 3033}",-0.139442525958606,4.132351536062304,5.997841912361621
SpectralClustering,"{'n_clusters': 12, 'affinity': 'sigmoid', 'assign_labels': 'kmeans', 'random_state': 4044}",-0.2624190506301314,3.2995215657657404,10.147094806732577
SpectralClustering,"{'n_clusters': 12, 'affinity': 'sigmoid', 'assign_labels': 'kmeans', 'random_state': 5055}",-0.38045400704466276,3.1998962671658044,14.45170318615891
SpectralClustering,"{'n_clusters': 12, 'affinity': 'sigmoid', 'assign_labels': 'kmeans', 'random_state': 6066}",-0.24717289121819824,3.270660415698618,9.161876704149183
SpectralClustering,"{'n_clusters': 12, 'affinity': 'sigmoid', 'assign_labels': 'discretize', 'random_state': 42}",-0.0745021606155238,3.1765337616076024,18.35870588801475
SpectralClustering,"{'n_clusters': 12, 'affinity': 'sigmoid', 'assign_labels': 'discretize', 'random_state': 123}",-0.09896830812108733,3.8803015913600034,12.000439025603088
SpectralClustering,"{'n_clusters': 12, 'affinity': 'sigmoid', 'assign_labels': 'discretize', 'random_state': 456}",-0.06780816773407039,2.6597543910224903,16.866203784725567
SpectralClustering,"{'n_clusters': 12, 'affinity': 'sigmoid', 'assign_labels': 'discretize', 'random_state': 789}",-0.10349506406418875,3.502699996187087,14.225287793439096
SpectralClustering,"{'n_clusters': 12, 'affinity': 'sigmoid', 'assign_labels': 'discretize', 'random_state': 1011}",-0.08205905919029258,2.0881752826659437,13.530856952758656
SpectralClustering,"{'n_clusters': 12, 'affinity': 'sigmoid', 'assign_labels': 'discretize', 'random_state': 2022}",-0.13623046097578156,3.8640872572964198,13.547281823411701
SpectralClustering,"{'n_clusters': 12, 'affinity': 'sigmoid', 'assign_labels': 'discretize', 'random_state': 3033}",-0.07212750673988098,3.9588762695210304,14.152431222392932
SpectralClustering,"{'n_clusters': 12, 'affinity': 'sigmoid', 'assign_labels': 'discretize', 'random_state': 4044}",-0.1071085054359926,2.145968803593726,18.204316791916742
SpectralClustering,"{'n_clusters': 12, 'affinity': 'sigmoid', 'assign_labels': 'discretize', 'random_state': 5055}",-0.12922684120270705,3.158683554460289,19.62423639296839
SpectralClustering,"{'n_clusters': 12, 'affinity': 'sigmoid', 'assign_labels': 'discretize', 'random_state': 6066}",-0.11775619354794813,2.928494456419545,15.178545543544073
SpectralClustering,"{'n_clusters': 12, 'affinity': 'sigmoid', 'assign_labels': 'cluster_qr', 'random_state': 42}",-0.06086896894538771,1.709170879822821,23.707919495614405
SpectralClustering,"{'n_clusters': 12, 'affinity': 'sigmoid', 'assign_labels': 'cluster_qr', 'random_state': 123}",-0.09018664598915217,2.3072625613615205,17.97640703899642
SpectralClustering,"{'n_clusters': 12, 'affinity': 'sigmoid', 'assign_labels': 'cluster_qr', 'random_state': 456}",-0.022985622893773847,2.0189664515486547,24.97442881035603
SpectralClustering,"{'n_clusters': 12, 'affinity': 'sigmoid', 'assign_labels': 'cluster_qr', 'random_state': 789}",-0.05209774354558107,1.7008726348805967,23.11030178399139
SpectralClustering,"{'n_clusters': 12, 'affinity': 'sigmoid', 'assign_labels': 'cluster_qr', 'random_state': 1011}",-0.0636157256843263,2.035525757516879,20.029028846157708
SpectralClustering,"{'n_clusters': 12, 'affinity': 'sigmoid', 'assign_labels': 'cluster_qr', 'random_state': 2022}",-0.0967079955247128,1.548939845001382,23.537633401628852
SpectralClustering,"{'n_clusters': 12, 'affinity': 'sigmoid', 'assign_labels': 'cluster_qr', 'random_state': 3033}",-0.04941761180182007,1.7997655911610084,21.68043136608406
SpectralClustering,"{'n_clusters': 12, 'affinity': 'sigmoid', 'assign_labels': 'cluster_qr', 'random_state': 4044}",-0.07185640406632215,1.7073784117278792,22.031773859762968
SpectralClustering,"{'n_clusters': 12, 'affinity': 'sigmoid', 'assign_labels': 'cluster_qr', 'random_state': 5055}",-0.09526187168262573,1.1844088911544215,26.324064642942886
SpectralClustering,"{'n_clusters': 12, 'affinity': 'sigmoid', 'assign_labels': 'cluster_qr', 'random_state': 6066}",-0.08370789894710015,2.330238081036814,23.622481754665937
