algorithm,options,silhouette_score,calinski_harabasz_score,davies_bouldin_score
KMeans,"{'n_clusters': 5, 'init': 'k-means++', 'algorithm': 'lloyd', 'random_state': 42}",0.37097274964349314,1081.414772412223,1.2137301479018245
KMeans,"{'n_clusters': 5, 'init': 'k-means++', 'algorithm': 'lloyd', 'random_state': 123}",0.36851925644243705,1224.921151672236,0.9522074568817105
KMeans,"{'n_clusters': 5, 'init': 'k-means++', 'algorithm': 'lloyd', 'random_state': 456}",0.3300166520376231,1008.1329669602001,1.1385954357804007
KMeans,"{'n_clusters': 5, 'init': 'k-means++', 'algorithm': 'lloyd', 'random_state': 789}",0.36996532345575106,1224.7252227873555,0.9517264166270112
KMeans,"{'n_clusters': 5, 'init': 'k-means++', 'algorithm': 'lloyd', 'random_state': 1011}",0.36851925644243705,1224.9211516722357,0.9522074568817105
KMeans,"{'n_clusters': 5, 'init': 'k-means++', 'algorithm': 'lloyd', 'random_state': 2022}",0.3735623108958964,1109.1349424818939,1.1606536553237452
KMeans,"{'n_clusters': 5, 'init': 'k-means++', 'algorithm': 'lloyd', 'random_state': 3033}",0.36996532345575106,1224.7252227873553,0.9517264166270113
KMeans,"{'n_clusters': 5, 'init': 'k-means++', 'algorithm': 'lloyd', 'random_state': 4044}",0.3300758115140919,1008.1534039873221,1.1388690288876524
KMeans,"{'n_clusters': 5, 'init': 'k-means++', 'algorithm': 'lloyd', 'random_state': 5055}",0.36851925644243705,1224.921151672236,0.9522074568817105
KMeans,"{'n_clusters': 5, 'init': 'k-means++', 'algorithm': 'lloyd', 'random_state': 6066}",0.36851925644243705,1224.921151672236,0.9522074568817105
KMeans,"{'n_clusters': 5, 'init': 'k-means++', 'algorithm': 'elkan', 'random_state': 42}",0.37097274964349314,1081.414772412223,1.2137301479018245
KMeans,"{'n_clusters': 5, 'init': 'k-means++', 'algorithm': 'elkan', 'random_state': 123}",0.36851925644243705,1224.921151672236,0.9522074568817105
KMeans,"{'n_clusters': 5, 'init': 'k-means++', 'algorithm': 'elkan', 'random_state': 456}",0.3300166520376231,1008.1329669602001,1.1385954357804007
KMeans,"{'n_clusters': 5, 'init': 'k-means++', 'algorithm': 'elkan', 'random_state': 789}",0.36996532345575106,1224.7252227873555,0.9517264166270112
KMeans,"{'n_clusters': 5, 'init': 'k-means++', 'algorithm': 'elkan', 'random_state': 1011}",0.36851925644243705,1224.9211516722357,0.9522074568817105
KMeans,"{'n_clusters': 5, 'init': 'k-means++', 'algorithm': 'elkan', 'random_state': 2022}",0.3735623108958964,1109.1349424818939,1.1606536553237452
KMeans,"{'n_clusters': 5, 'init': 'k-means++', 'algorithm': 'elkan', 'random_state': 3033}",0.36996532345575106,1224.7252227873553,0.9517264166270113
KMeans,"{'n_clusters': 5, 'init': 'k-means++', 'algorithm': 'elkan', 'random_state': 4044}",0.3300758115140919,1008.1534039873221,1.1388690288876524
KMeans,"{'n_clusters': 5, 'init': 'k-means++', 'algorithm': 'elkan', 'random_state': 5055}",0.36851925644243705,1224.921151672236,0.9522074568817105
KMeans,"{'n_clusters': 5, 'init': 'k-means++', 'algorithm': 'elkan', 'random_state': 6066}",0.36851925644243705,1224.921151672236,0.9522074568817105
KMeans,"{'n_clusters': 5, 'init': 'random', 'algorithm': 'lloyd', 'random_state': 42}",0.36851925644243705,1224.921151672236,0.9522074568817105
KMeans,"{'n_clusters': 5, 'init': 'random', 'algorithm': 'lloyd', 'random_state': 123}",0.36851925644243705,1224.9211516722357,0.9522074568817105
KMeans,"{'n_clusters': 5, 'init': 'random', 'algorithm': 'lloyd', 'random_state': 456}",0.36851925644243705,1224.9211516722357,0.9522074568817105
KMeans,"{'n_clusters': 5, 'init': 'random', 'algorithm': 'lloyd', 'random_state': 789}",0.36851925644243705,1224.921151672236,0.9522074568817105
KMeans,"{'n_clusters': 5, 'init': 'random', 'algorithm': 'lloyd', 'random_state': 1011}",0.36851925644243705,1224.921151672236,0.9522074568817105
KMeans,"{'n_clusters': 5, 'init': 'random', 'algorithm': 'lloyd', 'random_state': 2022}",0.36851925644243705,1224.9211516722357,0.9522074568817105
KMeans,"{'n_clusters': 5, 'init': 'random', 'algorithm': 'lloyd', 'random_state': 3033}",0.36851925644243705,1224.921151672236,0.9522074568817105
KMeans,"{'n_clusters': 5, 'init': 'random', 'algorithm': 'lloyd', 'random_state': 4044}",0.36851925644243705,1224.9211516722362,0.9522074568817105
KMeans,"{'n_clusters': 5, 'init': 'random', 'algorithm': 'lloyd', 'random_state': 5055}",0.36851925644243705,1224.9211516722357,0.9522074568817105
KMeans,"{'n_clusters': 5, 'init': 'random', 'algorithm': 'lloyd', 'random_state': 6066}",0.36851925644243705,1224.9211516722357,0.9522074568817105
KMeans,"{'n_clusters': 5, 'init': 'random', 'algorithm': 'elkan', 'random_state': 42}",0.36851925644243705,1224.921151672236,0.9522074568817105
KMeans,"{'n_clusters': 5, 'init': 'random', 'algorithm': 'elkan', 'random_state': 123}",0.36851925644243705,1224.9211516722357,0.9522074568817105
KMeans,"{'n_clusters': 5, 'init': 'random', 'algorithm': 'elkan', 'random_state': 456}",0.36851925644243705,1224.9211516722357,0.9522074568817105
KMeans,"{'n_clusters': 5, 'init': 'random', 'algorithm': 'elkan', 'random_state': 789}",0.36851925644243705,1224.921151672236,0.9522074568817105
KMeans,"{'n_clusters': 5, 'init': 'random', 'algorithm': 'elkan', 'random_state': 1011}",0.36851925644243705,1224.921151672236,0.9522074568817105
KMeans,"{'n_clusters': 5, 'init': 'random', 'algorithm': 'elkan', 'random_state': 2022}",0.36851925644243705,1224.9211516722357,0.9522074568817105
KMeans,"{'n_clusters': 5, 'init': 'random', 'algorithm': 'elkan', 'random_state': 3033}",0.36851925644243705,1224.921151672236,0.9522074568817105
KMeans,"{'n_clusters': 5, 'init': 'random', 'algorithm': 'elkan', 'random_state': 4044}",0.36851925644243705,1224.9211516722362,0.9522074568817105
KMeans,"{'n_clusters': 5, 'init': 'random', 'algorithm': 'elkan', 'random_state': 5055}",0.36851925644243705,1224.9211516722357,0.9522074568817105
KMeans,"{'n_clusters': 5, 'init': 'random', 'algorithm': 'elkan', 'random_state': 6066}",0.36851925644243705,1224.9211516722357,0.9522074568817105
KMeans,"{'n_clusters': 6, 'init': 'k-means++', 'algorithm': 'lloyd', 'random_state': 42}",0.3752728561017521,1019.5102648839039,1.2042566217512152
KMeans,"{'n_clusters': 6, 'init': 'k-means++', 'algorithm': 'lloyd', 'random_state': 123}",0.3847039676651004,1116.0909577924488,0.943172412037031
KMeans,"{'n_clusters': 6, 'init': 'k-means++', 'algorithm': 'lloyd', 'random_state': 456}",0.38334606699978674,1171.7101654822,0.9719752357225054
KMeans,"{'n_clusters': 6, 'init': 'k-means++', 'algorithm': 'lloyd', 'random_state': 789}",0.38474321800536404,1116.095125265673,0.9432655444548237
KMeans,"{'n_clusters': 6, 'init': 'k-means++', 'algorithm': 'lloyd', 'random_state': 1011}",0.3823126473991988,1171.6649202279289,0.9720999572798745
KMeans,"{'n_clusters': 6, 'init': 'k-means++', 'algorithm': 'lloyd', 'random_state': 2022}",0.3796175197971319,1201.4193688764576,1.0628471358568192
KMeans,"{'n_clusters': 6, 'init': 'k-means++', 'algorithm': 'lloyd', 'random_state': 3033}",0.38334606699978674,1171.7101654822002,0.9719752357225054
KMeans,"{'n_clusters': 6, 'init': 'k-means++', 'algorithm': 'lloyd', 'random_state': 4044}",0.38096344854304776,1201.2290263947893,1.0631843577311015
KMeans,"{'n_clusters': 6, 'init': 'k-means++', 'algorithm': 'lloyd', 'random_state': 5055}",0.3833459780041166,1171.7043096418042,0.973086920575132
KMeans,"{'n_clusters': 6, 'init': 'k-means++', 'algorithm': 'lloyd', 'random_state': 6066}",0.382040967532924,1171.6789248188716,0.9727959448928013
KMeans,"{'n_clusters': 6, 'init': 'k-means++', 'algorithm': 'elkan', 'random_state': 42}",0.3752728561017521,1019.5102648839039,1.2042566217512152
KMeans,"{'n_clusters': 6, 'init': 'k-means++', 'algorithm': 'elkan', 'random_state': 123}",0.3847039676651004,1116.0909577924488,0.943172412037031
KMeans,"{'n_clusters': 6, 'init': 'k-means++', 'algorithm': 'elkan', 'random_state': 456}",0.38334606699978674,1171.7101654822,0.9719752357225054
KMeans,"{'n_clusters': 6, 'init': 'k-means++', 'algorithm': 'elkan', 'random_state': 789}",0.38474321800536404,1116.095125265673,0.9432655444548237
KMeans,"{'n_clusters': 6, 'init': 'k-means++', 'algorithm': 'elkan', 'random_state': 1011}",0.3823126473991988,1171.6649202279289,0.9720999572798745
KMeans,"{'n_clusters': 6, 'init': 'k-means++', 'algorithm': 'elkan', 'random_state': 2022}",0.3796175197971319,1201.4193688764576,1.0628471358568192
KMeans,"{'n_clusters': 6, 'init': 'k-means++', 'algorithm': 'elkan', 'random_state': 3033}",0.38334606699978674,1171.7101654822002,0.9719752357225054
KMeans,"{'n_clusters': 6, 'init': 'k-means++', 'algorithm': 'elkan', 'random_state': 4044}",0.38096344854304776,1201.2290263947893,1.0631843577311015
KMeans,"{'n_clusters': 6, 'init': 'k-means++', 'algorithm': 'elkan', 'random_state': 5055}",0.3833459780041166,1171.7043096418042,0.973086920575132
KMeans,"{'n_clusters': 6, 'init': 'k-means++', 'algorithm': 'elkan', 'random_state': 6066}",0.382040967532924,1171.6789248188716,0.9727959448928013
KMeans,"{'n_clusters': 6, 'init': 'random', 'algorithm': 'lloyd', 'random_state': 42}",0.38334606699978674,1171.7101654821997,0.9719752357225052
KMeans,"{'n_clusters': 6, 'init': 'random', 'algorithm': 'lloyd', 'random_state': 123}",0.38334606699978674,1171.7101654822,0.9719752357225054
KMeans,"{'n_clusters': 6, 'init': 'random', 'algorithm': 'lloyd', 'random_state': 456}",0.3809075595035179,1201.2168526297517,1.0640201608413056
KMeans,"{'n_clusters': 6, 'init': 'random', 'algorithm': 'lloyd', 'random_state': 789}",0.37952161014881824,1201.4003408469791,1.0634863656912625
KMeans,"{'n_clusters': 6, 'init': 'random', 'algorithm': 'lloyd', 'random_state': 1011}",0.37954533325422146,1201.4028973394566,1.0637584675751783
KMeans,"{'n_clusters': 6, 'init': 'random', 'algorithm': 'lloyd', 'random_state': 2022}",0.37952161014881824,1201.4003408469791,1.0634863656912625
KMeans,"{'n_clusters': 6, 'init': 'random', 'algorithm': 'lloyd', 'random_state': 3033}",0.3809075595035179,1201.2168526297514,1.0640201608413054
KMeans,"{'n_clusters': 6, 'init': 'random', 'algorithm': 'lloyd', 'random_state': 4044}",0.3795376310871465,1201.405235361241,1.0634117116888853
KMeans,"{'n_clusters': 6, 'init': 'random', 'algorithm': 'lloyd', 'random_state': 5055}",0.3809075595035179,1201.2168526297517,1.0640201608413056
KMeans,"{'n_clusters': 6, 'init': 'random', 'algorithm': 'lloyd', 'random_state': 6066}",0.38334606699978674,1171.7101654821997,0.9719752357225054
KMeans,"{'n_clusters': 6, 'init': 'random', 'algorithm': 'elkan', 'random_state': 42}",0.38334606699978674,1171.7101654821997,0.9719752357225052
KMeans,"{'n_clusters': 6, 'init': 'random', 'algorithm': 'elkan', 'random_state': 123}",0.38334606699978674,1171.7101654822,0.9719752357225054
KMeans,"{'n_clusters': 6, 'init': 'random', 'algorithm': 'elkan', 'random_state': 456}",0.3809075595035179,1201.2168526297517,1.0640201608413056
KMeans,"{'n_clusters': 6, 'init': 'random', 'algorithm': 'elkan', 'random_state': 789}",0.37952161014881824,1201.4003408469791,1.0634863656912625
KMeans,"{'n_clusters': 6, 'init': 'random', 'algorithm': 'elkan', 'random_state': 1011}",0.37954533325422146,1201.4028973394566,1.0637584675751783
KMeans,"{'n_clusters': 6, 'init': 'random', 'algorithm': 'elkan', 'random_state': 2022}",0.37952161014881824,1201.4003408469791,1.0634863656912625
KMeans,"{'n_clusters': 6, 'init': 'random', 'algorithm': 'elkan', 'random_state': 3033}",0.3809075595035179,1201.2168526297514,1.0640201608413054
KMeans,"{'n_clusters': 6, 'init': 'random', 'algorithm': 'elkan', 'random_state': 4044}",0.3795376310871465,1201.405235361241,1.0634117116888853
KMeans,"{'n_clusters': 6, 'init': 'random', 'algorithm': 'elkan', 'random_state': 5055}",0.3809075595035179,1201.2168526297517,1.0640201608413056
KMeans,"{'n_clusters': 6, 'init': 'random', 'algorithm': 'elkan', 'random_state': 6066}",0.38334606699978674,1171.7101654821997,0.9719752357225054
KMeans,"{'n_clusters': 7, 'init': 'k-means++', 'algorithm': 'lloyd', 'random_state': 42}",0.39152348026964057,1161.9069038050288,1.1032981175321452
KMeans,"{'n_clusters': 7, 'init': 'k-means++', 'algorithm': 'lloyd', 'random_state': 123}",0.3984472322519898,1113.3411242519446,0.9465421774282967
KMeans,"{'n_clusters': 7, 'init': 'k-means++', 'algorithm': 'lloyd', 'random_state': 456}",0.39144420447742295,1162.7792855541634,1.0879939169392505
KMeans,"{'n_clusters': 7, 'init': 'k-means++', 'algorithm': 'lloyd', 'random_state': 789}",0.3624673187486745,980.97231146648,0.982791861829071
KMeans,"{'n_clusters': 7, 'init': 'k-means++', 'algorithm': 'lloyd', 'random_state': 1011}",0.3936057434002125,1195.693772029093,1.0573368072351557
KMeans,"{'n_clusters': 7, 'init': 'k-means++', 'algorithm': 'lloyd', 'random_state': 2022}",0.3965460735966858,1151.8523439040985,1.039630516619921
KMeans,"{'n_clusters': 7, 'init': 'k-means++', 'algorithm': 'lloyd', 'random_state': 3033}",0.3985135216928007,1113.3438635142911,0.9445139986326819
KMeans,"{'n_clusters': 7, 'init': 'k-means++', 'algorithm': 'lloyd', 'random_state': 4044}",0.3936880684322845,1195.6722278933235,1.0577007815224084
KMeans,"{'n_clusters': 7, 'init': 'k-means++', 'algorithm': 'lloyd', 'random_state': 5055}",0.30061671321435895,1061.761375521251,1.0487894856008502
KMeans,"{'n_clusters': 7, 'init': 'k-means++', 'algorithm': 'lloyd', 'random_state': 6066}",0.30149819492225644,1062.2029665893936,1.0466031875625623
KMeans,"{'n_clusters': 7, 'init': 'k-means++', 'algorithm': 'elkan', 'random_state': 42}",0.39152348026964057,1161.9069038050288,1.1032981175321452
KMeans,"{'n_clusters': 7, 'init': 'k-means++', 'algorithm': 'elkan', 'random_state': 123}",0.3984472322519898,1113.3411242519446,0.9465421774282967
KMeans,"{'n_clusters': 7, 'init': 'k-means++', 'algorithm': 'elkan', 'random_state': 456}",0.39144420447742295,1162.7792855541634,1.0879939169392505
KMeans,"{'n_clusters': 7, 'init': 'k-means++', 'algorithm': 'elkan', 'random_state': 789}",0.3624673187486745,980.97231146648,0.982791861829071
KMeans,"{'n_clusters': 7, 'init': 'k-means++', 'algorithm': 'elkan', 'random_state': 1011}",0.3936057434002125,1195.693772029093,1.0573368072351557
KMeans,"{'n_clusters': 7, 'init': 'k-means++', 'algorithm': 'elkan', 'random_state': 2022}",0.3965460735966858,1151.8523439040985,1.039630516619921
KMeans,"{'n_clusters': 7, 'init': 'k-means++', 'algorithm': 'elkan', 'random_state': 3033}",0.3985135216928007,1113.3438635142911,0.9445139986326819
KMeans,"{'n_clusters': 7, 'init': 'k-means++', 'algorithm': 'elkan', 'random_state': 4044}",0.3936880684322845,1195.6722278933235,1.0577007815224084
KMeans,"{'n_clusters': 7, 'init': 'k-means++', 'algorithm': 'elkan', 'random_state': 5055}",0.30061671321435895,1061.761375521251,1.0487894856008502
KMeans,"{'n_clusters': 7, 'init': 'k-means++', 'algorithm': 'elkan', 'random_state': 6066}",0.30149819492225644,1062.2029665893936,1.0466031875625623
KMeans,"{'n_clusters': 7, 'init': 'random', 'algorithm': 'lloyd', 'random_state': 42}",0.39361714921811986,1195.663920804033,1.0578264180677324
KMeans,"{'n_clusters': 7, 'init': 'random', 'algorithm': 'lloyd', 'random_state': 123}",0.39152348026964057,1161.9069038050288,1.1032981175321452
KMeans,"{'n_clusters': 7, 'init': 'random', 'algorithm': 'lloyd', 'random_state': 456}",0.392406743612874,1195.7172221131864,1.0583156712544866
KMeans,"{'n_clusters': 7, 'init': 'random', 'algorithm': 'lloyd', 'random_state': 789}",0.39265374999155256,1195.6732289181123,1.0573173769762423
KMeans,"{'n_clusters': 7, 'init': 'random', 'algorithm': 'lloyd', 'random_state': 1011}",0.39250234931729583,1195.677964322088,1.057338366235387
KMeans,"{'n_clusters': 7, 'init': 'random', 'algorithm': 'lloyd', 'random_state': 2022}",0.3924462628185027,1195.6839421592238,1.058075528292423
KMeans,"{'n_clusters': 7, 'init': 'random', 'algorithm': 'lloyd', 'random_state': 3033}",0.3926139597365731,1195.706508440042,1.057557519938306
KMeans,"{'n_clusters': 7, 'init': 'random', 'algorithm': 'lloyd', 'random_state': 4044}",0.3965720907716627,1151.8559657185983,1.0391046592880822
KMeans,"{'n_clusters': 7, 'init': 'random', 'algorithm': 'lloyd', 'random_state': 5055}",0.392406743612874,1195.7172221131862,1.0583156712544866
KMeans,"{'n_clusters': 7, 'init': 'random', 'algorithm': 'lloyd', 'random_state': 6066}",0.39153089034185345,1163.214873995478,1.0731978010118846
KMeans,"{'n_clusters': 7, 'init': 'random', 'algorithm': 'elkan', 'random_state': 42}",0.39361714921811986,1195.663920804033,1.0578264180677324
KMeans,"{'n_clusters': 7, 'init': 'random', 'algorithm': 'elkan', 'random_state': 123}",0.39152348026964057,1161.9069038050288,1.1032981175321452
KMeans,"{'n_clusters': 7, 'init': 'random', 'algorithm': 'elkan', 'random_state': 456}",0.392406743612874,1195.7172221131864,1.0583156712544866
KMeans,"{'n_clusters': 7, 'init': 'random', 'algorithm': 'elkan', 'random_state': 789}",0.39265374999155256,1195.6732289181123,1.0573173769762423
KMeans,"{'n_clusters': 7, 'init': 'random', 'algorithm': 'elkan', 'random_state': 1011}",0.39250234931729583,1195.677964322088,1.057338366235387
KMeans,"{'n_clusters': 7, 'init': 'random', 'algorithm': 'elkan', 'random_state': 2022}",0.3924462628185027,1195.6839421592238,1.058075528292423
KMeans,"{'n_clusters': 7, 'init': 'random', 'algorithm': 'elkan', 'random_state': 3033}",0.3926139597365731,1195.706508440042,1.057557519938306
KMeans,"{'n_clusters': 7, 'init': 'random', 'algorithm': 'elkan', 'random_state': 4044}",0.3965720907716627,1151.8559657185983,1.0391046592880822
KMeans,"{'n_clusters': 7, 'init': 'random', 'algorithm': 'elkan', 'random_state': 5055}",0.392406743612874,1195.7172221131862,1.0583156712544866
KMeans,"{'n_clusters': 7, 'init': 'random', 'algorithm': 'elkan', 'random_state': 6066}",0.39153089034185345,1163.214873995478,1.0731978010118846
KMeans,"{'n_clusters': 8, 'init': 'k-means++', 'algorithm': 'lloyd', 'random_state': 42}",0.409533624095793,1182.1474389883701,1.0199404309779527
KMeans,"{'n_clusters': 8, 'init': 'k-means++', 'algorithm': 'lloyd', 'random_state': 123}",0.38601867068810375,1094.346496903379,1.1995584328451407
KMeans,"{'n_clusters': 8, 'init': 'k-means++', 'algorithm': 'lloyd', 'random_state': 456}",0.4075835631744503,1147.8227872018488,1.0421916238646671
KMeans,"{'n_clusters': 8, 'init': 'k-means++', 'algorithm': 'lloyd', 'random_state': 789}",0.40753170417465784,1147.82920394138,1.0419827814457734
KMeans,"{'n_clusters': 8, 'init': 'k-means++', 'algorithm': 'lloyd', 'random_state': 1011}",0.409533624095793,1182.14743898837,1.0199404309779527
KMeans,"{'n_clusters': 8, 'init': 'k-means++', 'algorithm': 'lloyd', 'random_state': 2022}",0.39916857962794267,1081.0186778018146,1.0542191391328575
KMeans,"{'n_clusters': 8, 'init': 'k-means++', 'algorithm': 'lloyd', 'random_state': 3033}",0.40753170417465784,1147.82920394138,1.0419827814457734
KMeans,"{'n_clusters': 8, 'init': 'k-means++', 'algorithm': 'lloyd', 'random_state': 4044}",0.3925427786626743,1110.3299415824492,1.0495201254179953
KMeans,"{'n_clusters': 8, 'init': 'k-means++', 'algorithm': 'lloyd', 'random_state': 5055}",0.3123442909924653,1123.1318411517352,1.1099718275965844
KMeans,"{'n_clusters': 8, 'init': 'k-means++', 'algorithm': 'lloyd', 'random_state': 6066}",0.3123470917764804,1123.156327531792,1.1102860881288028
KMeans,"{'n_clusters': 8, 'init': 'k-means++', 'algorithm': 'elkan', 'random_state': 42}",0.409533624095793,1182.1474389883701,1.0199404309779527
KMeans,"{'n_clusters': 8, 'init': 'k-means++', 'algorithm': 'elkan', 'random_state': 123}",0.38601867068810375,1094.346496903379,1.1995584328451407
KMeans,"{'n_clusters': 8, 'init': 'k-means++', 'algorithm': 'elkan', 'random_state': 456}",0.4075835631744503,1147.8227872018488,1.0421916238646671
KMeans,"{'n_clusters': 8, 'init': 'k-means++', 'algorithm': 'elkan', 'random_state': 789}",0.40753170417465784,1147.82920394138,1.0419827814457734
KMeans,"{'n_clusters': 8, 'init': 'k-means++', 'algorithm': 'elkan', 'random_state': 1011}",0.409533624095793,1182.14743898837,1.0199404309779527
KMeans,"{'n_clusters': 8, 'init': 'k-means++', 'algorithm': 'elkan', 'random_state': 2022}",0.39916857962794267,1081.0186778018146,1.0542191391328575
KMeans,"{'n_clusters': 8, 'init': 'k-means++', 'algorithm': 'elkan', 'random_state': 3033}",0.40753170417465784,1147.82920394138,1.0419827814457734
KMeans,"{'n_clusters': 8, 'init': 'k-means++', 'algorithm': 'elkan', 'random_state': 4044}",0.3925427786626743,1110.3299415824492,1.0495201254179953
KMeans,"{'n_clusters': 8, 'init': 'k-means++', 'algorithm': 'elkan', 'random_state': 5055}",0.3123442909924653,1123.1318411517352,1.1099718275965844
KMeans,"{'n_clusters': 8, 'init': 'k-means++', 'algorithm': 'elkan', 'random_state': 6066}",0.3123470917764804,1123.156327531792,1.1102860881288028
KMeans,"{'n_clusters': 8, 'init': 'random', 'algorithm': 'lloyd', 'random_state': 42}",0.31279908403072754,1123.1264114113987,1.1118263281860683
KMeans,"{'n_clusters': 8, 'init': 'random', 'algorithm': 'lloyd', 'random_state': 123}",0.40955521625355135,1182.10012141944,1.019585234993575
KMeans,"{'n_clusters': 8, 'init': 'random', 'algorithm': 'lloyd', 'random_state': 456}",0.39657998158084623,1125.1730117847694,1.0740473334145886
KMeans,"{'n_clusters': 8, 'init': 'random', 'algorithm': 'lloyd', 'random_state': 789}",0.40953584801419773,1182.1407851618878,1.0190469173284622
KMeans,"{'n_clusters': 8, 'init': 'random', 'algorithm': 'lloyd', 'random_state': 1011}",0.4095253987683392,1182.1492874217697,1.020007705140209
KMeans,"{'n_clusters': 8, 'init': 'random', 'algorithm': 'lloyd', 'random_state': 2022}",0.3125340088132363,1123.0806116701838,1.1108320381044496
KMeans,"{'n_clusters': 8, 'init': 'random', 'algorithm': 'lloyd', 'random_state': 3033}",0.409533624095793,1182.14743898837,1.0199404309779527
KMeans,"{'n_clusters': 8, 'init': 'random', 'algorithm': 'lloyd', 'random_state': 4044}",0.40953584801419773,1182.140785161888,1.0190469173284622
KMeans,"{'n_clusters': 8, 'init': 'random', 'algorithm': 'lloyd', 'random_state': 5055}",0.4095253987683392,1182.1492874217693,1.020007705140209
KMeans,"{'n_clusters': 8, 'init': 'random', 'algorithm': 'lloyd', 'random_state': 6066}",0.40953584801419773,1182.1407851618876,1.019046917328462
KMeans,"{'n_clusters': 8, 'init': 'random', 'algorithm': 'elkan', 'random_state': 42}",0.31279908403072754,1123.1264114113987,1.1118263281860683
KMeans,"{'n_clusters': 8, 'init': 'random', 'algorithm': 'elkan', 'random_state': 123}",0.40955521625355135,1182.10012141944,1.019585234993575
KMeans,"{'n_clusters': 8, 'init': 'random', 'algorithm': 'elkan', 'random_state': 456}",0.39657998158084623,1125.1730117847694,1.0740473334145886
KMeans,"{'n_clusters': 8, 'init': 'random', 'algorithm': 'elkan', 'random_state': 789}",0.40953584801419773,1182.1407851618878,1.0190469173284622
KMeans,"{'n_clusters': 8, 'init': 'random', 'algorithm': 'elkan', 'random_state': 1011}",0.4095253987683392,1182.1492874217697,1.020007705140209
KMeans,"{'n_clusters': 8, 'init': 'random', 'algorithm': 'elkan', 'random_state': 2022}",0.3125340088132363,1123.0806116701838,1.1108320381044496
KMeans,"{'n_clusters': 8, 'init': 'random', 'algorithm': 'elkan', 'random_state': 3033}",0.409533624095793,1182.14743898837,1.0199404309779527
KMeans,"{'n_clusters': 8, 'init': 'random', 'algorithm': 'elkan', 'random_state': 4044}",0.40953584801419773,1182.140785161888,1.0190469173284622
KMeans,"{'n_clusters': 8, 'init': 'random', 'algorithm': 'elkan', 'random_state': 5055}",0.4095253987683392,1182.1492874217693,1.020007705140209
KMeans,"{'n_clusters': 8, 'init': 'random', 'algorithm': 'elkan', 'random_state': 6066}",0.40953584801419773,1182.1407851618876,1.019046917328462
KMeans,"{'n_clusters': 9, 'init': 'k-means++', 'algorithm': 'lloyd', 'random_state': 42}",0.3386442132433671,1139.3495012105489,1.0804309299800463
KMeans,"{'n_clusters': 9, 'init': 'k-means++', 'algorithm': 'lloyd', 'random_state': 123}",0.30538288642109707,1052.4981644534437,1.2310660399623599
KMeans,"{'n_clusters': 9, 'init': 'k-means++', 'algorithm': 'lloyd', 'random_state': 456}",0.38716383158072126,1064.218811663224,1.059000603922392
KMeans,"{'n_clusters': 9, 'init': 'k-means++', 'algorithm': 'lloyd', 'random_state': 789}",0.41275770826930464,1141.955216309094,1.035139241221271
KMeans,"{'n_clusters': 9, 'init': 'k-means++', 'algorithm': 'lloyd', 'random_state': 1011}",0.3387313041781577,1139.9901345233393,1.0777005937800281
KMeans,"{'n_clusters': 9, 'init': 'k-means++', 'algorithm': 'lloyd', 'random_state': 2022}",0.412753602492597,1141.956836567684,1.0359216691756887
KMeans,"{'n_clusters': 9, 'init': 'k-means++', 'algorithm': 'lloyd', 'random_state': 3033}",0.4102304089056491,1127.6123007557962,1.018172690359214
KMeans,"{'n_clusters': 9, 'init': 'k-means++', 'algorithm': 'lloyd', 'random_state': 4044}",0.31280510633673686,1068.6867526496283,1.0969633174090576
KMeans,"{'n_clusters': 9, 'init': 'k-means++', 'algorithm': 'lloyd', 'random_state': 5055}",0.33872331758074664,1139.9324163827143,1.0770056040271117
KMeans,"{'n_clusters': 9, 'init': 'k-means++', 'algorithm': 'lloyd', 'random_state': 6066}",0.31264516280320725,1068.6747130384144,1.0966728452847487
KMeans,"{'n_clusters': 9, 'init': 'k-means++', 'algorithm': 'elkan', 'random_state': 42}",0.3386442132433671,1139.3495012105489,1.0804309299800463
KMeans,"{'n_clusters': 9, 'init': 'k-means++', 'algorithm': 'elkan', 'random_state': 123}",0.30538288642109707,1052.4981644534437,1.2310660399623599
KMeans,"{'n_clusters': 9, 'init': 'k-means++', 'algorithm': 'elkan', 'random_state': 456}",0.38716383158072126,1064.218811663224,1.059000603922392
KMeans,"{'n_clusters': 9, 'init': 'k-means++', 'algorithm': 'elkan', 'random_state': 789}",0.41275770826930464,1141.955216309094,1.035139241221271
KMeans,"{'n_clusters': 9, 'init': 'k-means++', 'algorithm': 'elkan', 'random_state': 1011}",0.3387313041781577,1139.9901345233393,1.0777005937800281
KMeans,"{'n_clusters': 9, 'init': 'k-means++', 'algorithm': 'elkan', 'random_state': 2022}",0.412753602492597,1141.956836567684,1.0359216691756887
KMeans,"{'n_clusters': 9, 'init': 'k-means++', 'algorithm': 'elkan', 'random_state': 3033}",0.4102304089056491,1127.6123007557962,1.018172690359214
KMeans,"{'n_clusters': 9, 'init': 'k-means++', 'algorithm': 'elkan', 'random_state': 4044}",0.31280510633673686,1068.6867526496283,1.0969633174090576
KMeans,"{'n_clusters': 9, 'init': 'k-means++', 'algorithm': 'elkan', 'random_state': 5055}",0.33872331758074664,1139.9324163827143,1.0770056040271117
KMeans,"{'n_clusters': 9, 'init': 'k-means++', 'algorithm': 'elkan', 'random_state': 6066}",0.31264516280320725,1068.6747130384144,1.0966728452847487
KMeans,"{'n_clusters': 9, 'init': 'random', 'algorithm': 'lloyd', 'random_state': 42}",0.31533404430200435,1083.6736746967085,1.119132002026291
KMeans,"{'n_clusters': 9, 'init': 'random', 'algorithm': 'lloyd', 'random_state': 123}",0.3391127347087004,1139.9051436066973,1.0762414937135807
KMeans,"{'n_clusters': 9, 'init': 'random', 'algorithm': 'lloyd', 'random_state': 456}",0.412753602492597,1141.956836567684,1.0359216691756887
KMeans,"{'n_clusters': 9, 'init': 'random', 'algorithm': 'lloyd', 'random_state': 789}",0.3387313041781577,1139.9901345233393,1.0777005937800284
KMeans,"{'n_clusters': 9, 'init': 'random', 'algorithm': 'lloyd', 'random_state': 1011}",0.3386978691290408,1140.0056372876138,1.0784407175607402
KMeans,"{'n_clusters': 9, 'init': 'random', 'algorithm': 'lloyd', 'random_state': 2022}",0.33906900478135105,1139.8870083278557,1.0762872309961797
KMeans,"{'n_clusters': 9, 'init': 'random', 'algorithm': 'lloyd', 'random_state': 3033}",0.3386101628800747,1139.3693131308628,1.0800395716914009
KMeans,"{'n_clusters': 9, 'init': 'random', 'algorithm': 'lloyd', 'random_state': 4044}",0.338721476056419,1139.985722399474,1.0777229109957014
KMeans,"{'n_clusters': 9, 'init': 'random', 'algorithm': 'lloyd', 'random_state': 5055}",0.338721476056419,1139.985722399474,1.0777229109957014
KMeans,"{'n_clusters': 9, 'init': 'random', 'algorithm': 'lloyd', 'random_state': 6066}",0.33904496119016775,1139.289182170937,1.0796437637591285
KMeans,"{'n_clusters': 9, 'init': 'random', 'algorithm': 'elkan', 'random_state': 42}",0.31533404430200435,1083.6736746967085,1.119132002026291
KMeans,"{'n_clusters': 9, 'init': 'random', 'algorithm': 'elkan', 'random_state': 123}",0.3391127347087004,1139.9051436066973,1.0762414937135807
KMeans,"{'n_clusters': 9, 'init': 'random', 'algorithm': 'elkan', 'random_state': 456}",0.412753602492597,1141.956836567684,1.0359216691756887
KMeans,"{'n_clusters': 9, 'init': 'random', 'algorithm': 'elkan', 'random_state': 789}",0.3387313041781577,1139.9901345233393,1.0777005937800284
KMeans,"{'n_clusters': 9, 'init': 'random', 'algorithm': 'elkan', 'random_state': 1011}",0.3386978691290408,1140.0056372876138,1.0784407175607402
KMeans,"{'n_clusters': 9, 'init': 'random', 'algorithm': 'elkan', 'random_state': 2022}",0.33906900478135105,1139.8870083278557,1.0762872309961797
KMeans,"{'n_clusters': 9, 'init': 'random', 'algorithm': 'elkan', 'random_state': 3033}",0.3386101628800747,1139.3693131308628,1.0800395716914009
KMeans,"{'n_clusters': 9, 'init': 'random', 'algorithm': 'elkan', 'random_state': 4044}",0.338721476056419,1139.985722399474,1.0777229109957014
KMeans,"{'n_clusters': 9, 'init': 'random', 'algorithm': 'elkan', 'random_state': 5055}",0.338721476056419,1139.985722399474,1.0777229109957014
KMeans,"{'n_clusters': 9, 'init': 'random', 'algorithm': 'elkan', 'random_state': 6066}",0.33904496119016775,1139.289182170937,1.0796437637591285
KMeans,"{'n_clusters': 10, 'init': 'k-means++', 'algorithm': 'lloyd', 'random_state': 42}",0.3326466505873351,1068.5079156823654,1.100496414489988
KMeans,"{'n_clusters': 10, 'init': 'k-means++', 'algorithm': 'lloyd', 'random_state': 123}",0.332415162727012,1090.2378619533904,1.1848858246187353
KMeans,"{'n_clusters': 10, 'init': 'k-means++', 'algorithm': 'lloyd', 'random_state': 456}",0.3232517594578722,1043.796506348369,1.1057574287250735
KMeans,"{'n_clusters': 10, 'init': 'k-means++', 'algorithm': 'lloyd', 'random_state': 789}",0.3922873878034201,1079.0145204386713,1.0536715806741932
KMeans,"{'n_clusters': 10, 'init': 'k-means++', 'algorithm': 'lloyd', 'random_state': 1011}",0.3483911877171998,1012.2220086331185,1.1486639875439504
KMeans,"{'n_clusters': 10, 'init': 'k-means++', 'algorithm': 'lloyd', 'random_state': 2022}",0.39291964847609334,1078.9967545540924,1.051910900419988
KMeans,"{'n_clusters': 10, 'init': 'k-means++', 'algorithm': 'lloyd', 'random_state': 3033}",0.339628689430968,1109.9700076521451,1.069977764445095
KMeans,"{'n_clusters': 10, 'init': 'k-means++', 'algorithm': 'lloyd', 'random_state': 4044}",0.33965164265436026,1110.2228928120894,1.0722677467814807
KMeans,"{'n_clusters': 10, 'init': 'k-means++', 'algorithm': 'lloyd', 'random_state': 5055}",0.32551938187813084,1076.9443530181272,1.087298044918134
KMeans,"{'n_clusters': 10, 'init': 'k-means++', 'algorithm': 'lloyd', 'random_state': 6066}",0.339737796224513,1110.2423434353273,1.072701715107573
KMeans,"{'n_clusters': 10, 'init': 'k-means++', 'algorithm': 'elkan', 'random_state': 42}",0.3326466505873351,1068.5079156823654,1.100496414489988
KMeans,"{'n_clusters': 10, 'init': 'k-means++', 'algorithm': 'elkan', 'random_state': 123}",0.332415162727012,1090.2378619533904,1.1848858246187353
KMeans,"{'n_clusters': 10, 'init': 'k-means++', 'algorithm': 'elkan', 'random_state': 456}",0.3232517594578722,1043.796506348369,1.1057574287250735
KMeans,"{'n_clusters': 10, 'init': 'k-means++', 'algorithm': 'elkan', 'random_state': 789}",0.3922873878034201,1079.0145204386713,1.0536715806741932
KMeans,"{'n_clusters': 10, 'init': 'k-means++', 'algorithm': 'elkan', 'random_state': 1011}",0.3483911877171998,1012.2220086331185,1.1486639875439504
KMeans,"{'n_clusters': 10, 'init': 'k-means++', 'algorithm': 'elkan', 'random_state': 2022}",0.39291964847609334,1078.9967545540924,1.051910900419988
KMeans,"{'n_clusters': 10, 'init': 'k-means++', 'algorithm': 'elkan', 'random_state': 3033}",0.339628689430968,1109.9700076521451,1.069977764445095
KMeans,"{'n_clusters': 10, 'init': 'k-means++', 'algorithm': 'elkan', 'random_state': 4044}",0.33965164265436026,1110.2228928120894,1.0722677467814807
KMeans,"{'n_clusters': 10, 'init': 'k-means++', 'algorithm': 'elkan', 'random_state': 5055}",0.32551938187813084,1076.9443530181272,1.087298044918134
KMeans,"{'n_clusters': 10, 'init': 'k-means++', 'algorithm': 'elkan', 'random_state': 6066}",0.339737796224513,1110.2423434353273,1.072701715107573
KMeans,"{'n_clusters': 10, 'init': 'random', 'algorithm': 'lloyd', 'random_state': 42}",0.3424714881109385,1124.903038246284,1.0839739770520302
KMeans,"{'n_clusters': 10, 'init': 'random', 'algorithm': 'lloyd', 'random_state': 123}",0.3424889203713366,1124.8889017314912,1.0845064507094613
KMeans,"{'n_clusters': 10, 'init': 'random', 'algorithm': 'lloyd', 'random_state': 456}",0.3326074472520759,1069.0864470033,1.0982669599461479
KMeans,"{'n_clusters': 10, 'init': 'random', 'algorithm': 'lloyd', 'random_state': 789}",0.3304944542493436,1068.8874871870964,1.079403472211779
KMeans,"{'n_clusters': 10, 'init': 'random', 'algorithm': 'lloyd', 'random_state': 1011}",0.3402767954069344,1110.6029800739575,1.079604336124451
KMeans,"{'n_clusters': 10, 'init': 'random', 'algorithm': 'lloyd', 'random_state': 2022}",0.3424613872345298,1124.8984223268212,1.0839940625461355
KMeans,"{'n_clusters': 10, 'init': 'random', 'algorithm': 'lloyd', 'random_state': 3033}",0.3327438968135831,1090.089149831265,1.1816584401038568
KMeans,"{'n_clusters': 10, 'init': 'random', 'algorithm': 'lloyd', 'random_state': 4044}",0.3399630281033019,1109.887747067002,1.069060996462783
KMeans,"{'n_clusters': 10, 'init': 'random', 'algorithm': 'lloyd', 'random_state': 5055}",0.3322783904758517,1090.162637394542,1.183142440686011
KMeans,"{'n_clusters': 10, 'init': 'random', 'algorithm': 'lloyd', 'random_state': 6066}",0.3258203455455933,1076.8744763387217,1.0867685370920592
KMeans,"{'n_clusters': 10, 'init': 'random', 'algorithm': 'elkan', 'random_state': 42}",0.3424714881109385,1124.903038246284,1.0839739770520302
KMeans,"{'n_clusters': 10, 'init': 'random', 'algorithm': 'elkan', 'random_state': 123}",0.3424889203713366,1124.8889017314912,1.0845064507094613
KMeans,"{'n_clusters': 10, 'init': 'random', 'algorithm': 'elkan', 'random_state': 456}",0.3326074472520759,1069.0864470033,1.0982669599461479
KMeans,"{'n_clusters': 10, 'init': 'random', 'algorithm': 'elkan', 'random_state': 789}",0.3304944542493436,1068.8874871870964,1.079403472211779
KMeans,"{'n_clusters': 10, 'init': 'random', 'algorithm': 'elkan', 'random_state': 1011}",0.3402767954069344,1110.6029800739575,1.079604336124451
KMeans,"{'n_clusters': 10, 'init': 'random', 'algorithm': 'elkan', 'random_state': 2022}",0.3424613872345298,1124.8984223268212,1.0839940625461355
KMeans,"{'n_clusters': 10, 'init': 'random', 'algorithm': 'elkan', 'random_state': 3033}",0.3327438968135831,1090.089149831265,1.1816584401038568
KMeans,"{'n_clusters': 10, 'init': 'random', 'algorithm': 'elkan', 'random_state': 4044}",0.3399630281033019,1109.887747067002,1.069060996462783
KMeans,"{'n_clusters': 10, 'init': 'random', 'algorithm': 'elkan', 'random_state': 5055}",0.3322783904758517,1090.162637394542,1.183142440686011
KMeans,"{'n_clusters': 10, 'init': 'random', 'algorithm': 'elkan', 'random_state': 6066}",0.3258203455455933,1076.8744763387217,1.0867685370920592
KMeans,"{'n_clusters': 11, 'init': 'k-means++', 'algorithm': 'lloyd', 'random_state': 42}",0.32643327704787767,1037.594023665273,1.1946739010366179
KMeans,"{'n_clusters': 11, 'init': 'k-means++', 'algorithm': 'lloyd', 'random_state': 123}",0.32053232284186295,1034.8033145869413,1.1678211468495079
KMeans,"{'n_clusters': 11, 'init': 'k-means++', 'algorithm': 'lloyd', 'random_state': 456}",0.3293449234397984,1079.4989447846183,1.094114180711887
KMeans,"{'n_clusters': 11, 'init': 'k-means++', 'algorithm': 'lloyd', 'random_state': 789}",0.32954241174748355,1079.4449903107932,1.0944475209148035
KMeans,"{'n_clusters': 11, 'init': 'k-means++', 'algorithm': 'lloyd', 'random_state': 1011}",0.3136460957726242,1017.0565179687719,1.1157306392116915
KMeans,"{'n_clusters': 11, 'init': 'k-means++', 'algorithm': 'lloyd', 'random_state': 2022}",0.3865390858515465,1025.1679309281762,1.1089008378155003
KMeans,"{'n_clusters': 11, 'init': 'k-means++', 'algorithm': 'lloyd', 'random_state': 3033}",0.33175520525308055,1056.693932693504,1.0712023123963004
KMeans,"{'n_clusters': 11, 'init': 'k-means++', 'algorithm': 'lloyd', 'random_state': 4044}",0.3337057557111908,1057.0557396823187,1.0909114205151142
KMeans,"{'n_clusters': 11, 'init': 'k-means++', 'algorithm': 'lloyd', 'random_state': 5055}",0.31986694113610237,1023.4932613676366,1.1099733360182003
KMeans,"{'n_clusters': 11, 'init': 'k-means++', 'algorithm': 'lloyd', 'random_state': 6066}",0.3463604087250955,1104.1991831748492,1.0787412566049281
KMeans,"{'n_clusters': 11, 'init': 'k-means++', 'algorithm': 'elkan', 'random_state': 42}",0.32643327704787767,1037.594023665273,1.1946739010366179
KMeans,"{'n_clusters': 11, 'init': 'k-means++', 'algorithm': 'elkan', 'random_state': 123}",0.32053232284186295,1034.8033145869413,1.1678211468495079
KMeans,"{'n_clusters': 11, 'init': 'k-means++', 'algorithm': 'elkan', 'random_state': 456}",0.3293449234397984,1079.4989447846183,1.094114180711887
KMeans,"{'n_clusters': 11, 'init': 'k-means++', 'algorithm': 'elkan', 'random_state': 789}",0.32954241174748355,1079.4449903107932,1.0944475209148035
KMeans,"{'n_clusters': 11, 'init': 'k-means++', 'algorithm': 'elkan', 'random_state': 1011}",0.3136460957726242,1017.0565179687719,1.1157306392116915
KMeans,"{'n_clusters': 11, 'init': 'k-means++', 'algorithm': 'elkan', 'random_state': 2022}",0.3865390858515465,1025.1679309281762,1.1089008378155003
KMeans,"{'n_clusters': 11, 'init': 'k-means++', 'algorithm': 'elkan', 'random_state': 3033}",0.33175520525308055,1056.693932693504,1.0712023123963004
KMeans,"{'n_clusters': 11, 'init': 'k-means++', 'algorithm': 'elkan', 'random_state': 4044}",0.3337057557111908,1057.0557396823187,1.0909114205151142
KMeans,"{'n_clusters': 11, 'init': 'k-means++', 'algorithm': 'elkan', 'random_state': 5055}",0.31986694113610237,1023.4932613676366,1.1099733360182003
KMeans,"{'n_clusters': 11, 'init': 'k-means++', 'algorithm': 'elkan', 'random_state': 6066}",0.3463604087250955,1104.1991831748492,1.0787412566049281
KMeans,"{'n_clusters': 11, 'init': 'random', 'algorithm': 'lloyd', 'random_state': 42}",0.32716026391946634,1065.7089654360452,1.0876845585700285
KMeans,"{'n_clusters': 11, 'init': 'random', 'algorithm': 'lloyd', 'random_state': 123}",0.3160938442725657,1000.6100009363538,1.0987416814122903
KMeans,"{'n_clusters': 11, 'init': 'random', 'algorithm': 'lloyd', 'random_state': 456}",0.333937500071066,1056.839537981512,1.0881017229766454
KMeans,"{'n_clusters': 11, 'init': 'random', 'algorithm': 'lloyd', 'random_state': 789}",0.32753944016923997,1067.7700930889853,1.0740730970558108
KMeans,"{'n_clusters': 11, 'init': 'random', 'algorithm': 'lloyd', 'random_state': 1011}",0.32753944016923997,1067.7700930889855,1.0740730970558106
KMeans,"{'n_clusters': 11, 'init': 'random', 'algorithm': 'lloyd', 'random_state': 2022}",0.3299274011328837,1079.4179901565578,1.0927229400711593
KMeans,"{'n_clusters': 11, 'init': 'random', 'algorithm': 'lloyd', 'random_state': 3033}",0.3249295417711954,1006.798848582118,1.0877324423506454
KMeans,"{'n_clusters': 11, 'init': 'random', 'algorithm': 'lloyd', 'random_state': 4044}",0.3329303345092609,1057.4828817804262,1.0853282174798913
KMeans,"{'n_clusters': 11, 'init': 'random', 'algorithm': 'lloyd', 'random_state': 5055}",0.33434955550765305,1071.449725864595,1.0869957605521463
KMeans,"{'n_clusters': 11, 'init': 'random', 'algorithm': 'lloyd', 'random_state': 6066}",0.3248144871422302,1053.7624859818425,1.0672876539295753
KMeans,"{'n_clusters': 11, 'init': 'random', 'algorithm': 'elkan', 'random_state': 42}",0.32716026391946634,1065.7089654360452,1.0876845585700285
KMeans,"{'n_clusters': 11, 'init': 'random', 'algorithm': 'elkan', 'random_state': 123}",0.3160938442725657,1000.6100009363538,1.0987416814122903
KMeans,"{'n_clusters': 11, 'init': 'random', 'algorithm': 'elkan', 'random_state': 456}",0.333937500071066,1056.839537981512,1.0881017229766454
KMeans,"{'n_clusters': 11, 'init': 'random', 'algorithm': 'elkan', 'random_state': 789}",0.32753944016923997,1067.7700930889853,1.0740730970558108
KMeans,"{'n_clusters': 11, 'init': 'random', 'algorithm': 'elkan', 'random_state': 1011}",0.32753944016923997,1067.7700930889855,1.0740730970558106
KMeans,"{'n_clusters': 11, 'init': 'random', 'algorithm': 'elkan', 'random_state': 2022}",0.3299274011328837,1079.4179901565578,1.0927229400711593
KMeans,"{'n_clusters': 11, 'init': 'random', 'algorithm': 'elkan', 'random_state': 3033}",0.3249295417711954,1006.798848582118,1.0877324423506454
KMeans,"{'n_clusters': 11, 'init': 'random', 'algorithm': 'elkan', 'random_state': 4044}",0.3329303345092609,1057.4828817804262,1.0853282174798913
KMeans,"{'n_clusters': 11, 'init': 'random', 'algorithm': 'elkan', 'random_state': 5055}",0.33434955550765305,1071.449725864595,1.0869957605521463
KMeans,"{'n_clusters': 11, 'init': 'random', 'algorithm': 'elkan', 'random_state': 6066}",0.3248144871422302,1053.7624859818425,1.0672876539295753
KMeans,"{'n_clusters': 12, 'init': 'k-means++', 'algorithm': 'lloyd', 'random_state': 42}",0.33147055836671663,1034.0106360532795,1.1737776814975598
KMeans,"{'n_clusters': 12, 'init': 'k-means++', 'algorithm': 'lloyd', 'random_state': 123}",0.3244437139745713,1028.8522156648296,1.127468221817968
KMeans,"{'n_clusters': 12, 'init': 'k-means++', 'algorithm': 'lloyd', 'random_state': 456}",0.3331540557220385,1074.0719640773707,1.0880995014041632
KMeans,"{'n_clusters': 12, 'init': 'k-means++', 'algorithm': 'lloyd', 'random_state': 789}",0.32192950109230845,1040.5110710993656,1.0975107423379262
KMeans,"{'n_clusters': 12, 'init': 'k-means++', 'algorithm': 'lloyd', 'random_state': 1011}",0.3179115777596799,1033.6294289665027,1.1184198811078716
KMeans,"{'n_clusters': 12, 'init': 'k-means++', 'algorithm': 'lloyd', 'random_state': 2022}",0.3881248516053166,964.1844849019766,1.115068736532263
KMeans,"{'n_clusters': 12, 'init': 'k-means++', 'algorithm': 'lloyd', 'random_state': 3033}",0.3320072335816712,1000.4148402763907,1.0617087565448207
KMeans,"{'n_clusters': 12, 'init': 'k-means++', 'algorithm': 'lloyd', 'random_state': 4044}",0.32093848143454645,1026.1931704681701,1.0990672729164688
KMeans,"{'n_clusters': 12, 'init': 'k-means++', 'algorithm': 'lloyd', 'random_state': 5055}",0.32405726523160233,1040.5515191970514,1.1115936666680173
KMeans,"{'n_clusters': 12, 'init': 'k-means++', 'algorithm': 'lloyd', 'random_state': 6066}",0.33938942763306673,1065.6602850797574,1.085066077620729
KMeans,"{'n_clusters': 12, 'init': 'k-means++', 'algorithm': 'elkan', 'random_state': 42}",0.33147055836671663,1034.0106360532795,1.1737776814975598
KMeans,"{'n_clusters': 12, 'init': 'k-means++', 'algorithm': 'elkan', 'random_state': 123}",0.3244437139745713,1028.8522156648296,1.127468221817968
KMeans,"{'n_clusters': 12, 'init': 'k-means++', 'algorithm': 'elkan', 'random_state': 456}",0.3331540557220385,1074.0719640773707,1.0880995014041632
KMeans,"{'n_clusters': 12, 'init': 'k-means++', 'algorithm': 'elkan', 'random_state': 789}",0.32192950109230845,1040.5110710993656,1.0975107423379262
KMeans,"{'n_clusters': 12, 'init': 'k-means++', 'algorithm': 'elkan', 'random_state': 1011}",0.3179115777596799,1033.6294289665027,1.1184198811078716
KMeans,"{'n_clusters': 12, 'init': 'k-means++', 'algorithm': 'elkan', 'random_state': 2022}",0.3881248516053166,964.1844849019766,1.115068736532263
KMeans,"{'n_clusters': 12, 'init': 'k-means++', 'algorithm': 'elkan', 'random_state': 3033}",0.3320072335816712,1000.4148402763907,1.0617087565448207
KMeans,"{'n_clusters': 12, 'init': 'k-means++', 'algorithm': 'elkan', 'random_state': 4044}",0.32093848143454645,1026.1931704681701,1.0990672729164688
KMeans,"{'n_clusters': 12, 'init': 'k-means++', 'algorithm': 'elkan', 'random_state': 5055}",0.32405726523160233,1040.5515191970514,1.1115936666680173
KMeans,"{'n_clusters': 12, 'init': 'k-means++', 'algorithm': 'elkan', 'random_state': 6066}",0.33938942763306673,1065.6602850797574,1.085066077620729
KMeans,"{'n_clusters': 12, 'init': 'random', 'algorithm': 'lloyd', 'random_state': 42}",0.32986728761788486,1031.9619487385353,1.1352740458124058
KMeans,"{'n_clusters': 12, 'init': 'random', 'algorithm': 'lloyd', 'random_state': 123}",0.3301216437760336,1051.8197066564085,1.0992424195415629
KMeans,"{'n_clusters': 12, 'init': 'random', 'algorithm': 'lloyd', 'random_state': 456}",0.32297288517856204,1040.3326231585074,1.1053762160320053
KMeans,"{'n_clusters': 12, 'init': 'random', 'algorithm': 'lloyd', 'random_state': 789}",0.30679277528548915,971.2099896229269,1.1246553289620052
KMeans,"{'n_clusters': 12, 'init': 'random', 'algorithm': 'lloyd', 'random_state': 1011}",0.31279734642932544,1023.3054432702114,1.0787700200564154
KMeans,"{'n_clusters': 12, 'init': 'random', 'algorithm': 'lloyd', 'random_state': 2022}",0.33142554911516914,1061.7808226107459,1.069690229066077
KMeans,"{'n_clusters': 12, 'init': 'random', 'algorithm': 'lloyd', 'random_state': 3033}",0.3100367169437603,982.9770671307311,1.1879069072476718
KMeans,"{'n_clusters': 12, 'init': 'random', 'algorithm': 'lloyd', 'random_state': 4044}",0.31517252675802615,1036.9326281617427,1.0840131803734334
KMeans,"{'n_clusters': 12, 'init': 'random', 'algorithm': 'lloyd', 'random_state': 5055}",0.322897190174266,1017.6365960159287,1.1132433452940662
KMeans,"{'n_clusters': 12, 'init': 'random', 'algorithm': 'lloyd', 'random_state': 6066}",0.30307078567056533,969.654800533208,1.1072557605524305
KMeans,"{'n_clusters': 12, 'init': 'random', 'algorithm': 'elkan', 'random_state': 42}",0.32986728761788486,1031.9619487385353,1.1352740458124058
KMeans,"{'n_clusters': 12, 'init': 'random', 'algorithm': 'elkan', 'random_state': 123}",0.3301216437760336,1051.8197066564085,1.0992424195415629
KMeans,"{'n_clusters': 12, 'init': 'random', 'algorithm': 'elkan', 'random_state': 456}",0.32297288517856204,1040.3326231585074,1.1053762160320053
KMeans,"{'n_clusters': 12, 'init': 'random', 'algorithm': 'elkan', 'random_state': 789}",0.30679277528548915,971.2099896229269,1.1246553289620052
KMeans,"{'n_clusters': 12, 'init': 'random', 'algorithm': 'elkan', 'random_state': 1011}",0.31279734642932544,1023.3054432702114,1.0787700200564154
KMeans,"{'n_clusters': 12, 'init': 'random', 'algorithm': 'elkan', 'random_state': 2022}",0.33142554911516914,1061.7808226107459,1.069690229066077
KMeans,"{'n_clusters': 12, 'init': 'random', 'algorithm': 'elkan', 'random_state': 3033}",0.3100367169437603,982.9770671307311,1.1879069072476718
KMeans,"{'n_clusters': 12, 'init': 'random', 'algorithm': 'elkan', 'random_state': 4044}",0.31517252675802615,1036.9326281617427,1.0840131803734334
KMeans,"{'n_clusters': 12, 'init': 'random', 'algorithm': 'elkan', 'random_state': 5055}",0.322897190174266,1017.6365960159287,1.1132433452940662
KMeans,"{'n_clusters': 12, 'init': 'random', 'algorithm': 'elkan', 'random_state': 6066}",0.30307078567056533,969.654800533208,1.1072557605524305
BisectingKMeans,"{'n_clusters': 5, 'init': 'k-means++', 'algorithm': 'lloyd', 'random_state': 42}",0.34764662919930533,878.9237551041617,1.2769334783026651
BisectingKMeans,"{'n_clusters': 5, 'init': 'k-means++', 'algorithm': 'lloyd', 'random_state': 123}",0.32506532974194025,937.7406979888174,1.1036323877365284
BisectingKMeans,"{'n_clusters': 5, 'init': 'k-means++', 'algorithm': 'lloyd', 'random_state': 456}",0.3519839832163715,907.2961907840632,1.1554578971329654
BisectingKMeans,"{'n_clusters': 5, 'init': 'k-means++', 'algorithm': 'lloyd', 'random_state': 789}",0.35827956073877143,1192.7479228186194,0.9741608964863474
BisectingKMeans,"{'n_clusters': 5, 'init': 'k-means++', 'algorithm': 'lloyd', 'random_state': 1011}",0.36475070850954766,1177.8469020355878,0.9923178207818838
BisectingKMeans,"{'n_clusters': 5, 'init': 'k-means++', 'algorithm': 'lloyd', 'random_state': 2022}",0.35256296743943893,909.142873774898,1.1565241126721815
BisectingKMeans,"{'n_clusters': 5, 'init': 'k-means++', 'algorithm': 'lloyd', 'random_state': 3033}",0.3609260615623793,949.8897972783424,1.1653920543482437
BisectingKMeans,"{'n_clusters': 5, 'init': 'k-means++', 'algorithm': 'lloyd', 'random_state': 4044}",0.35827956073877143,1192.7479228186194,0.9741608964863474
BisectingKMeans,"{'n_clusters': 5, 'init': 'k-means++', 'algorithm': 'lloyd', 'random_state': 5055}",0.3674740213559587,1096.1937789250435,1.1565611364874029
BisectingKMeans,"{'n_clusters': 5, 'init': 'k-means++', 'algorithm': 'lloyd', 'random_state': 6066}",0.36492749036970007,1068.6666654166236,1.0462083865474952
BisectingKMeans,"{'n_clusters': 5, 'init': 'k-means++', 'algorithm': 'elkan', 'random_state': 42}",0.34764662919930533,878.9237551041617,1.2769334783026651
BisectingKMeans,"{'n_clusters': 5, 'init': 'k-means++', 'algorithm': 'elkan', 'random_state': 123}",0.32506532974194025,937.7406979888174,1.1036323877365284
BisectingKMeans,"{'n_clusters': 5, 'init': 'k-means++', 'algorithm': 'elkan', 'random_state': 456}",0.3519839832163715,907.2961907840632,1.1554578971329654
BisectingKMeans,"{'n_clusters': 5, 'init': 'k-means++', 'algorithm': 'elkan', 'random_state': 789}",0.35827956073877143,1192.7479228186194,0.9741608964863474
BisectingKMeans,"{'n_clusters': 5, 'init': 'k-means++', 'algorithm': 'elkan', 'random_state': 1011}",0.36475070850954766,1177.8469020355878,0.9923178207818838
BisectingKMeans,"{'n_clusters': 5, 'init': 'k-means++', 'algorithm': 'elkan', 'random_state': 2022}",0.35256296743943893,909.142873774898,1.1565241126721815
BisectingKMeans,"{'n_clusters': 5, 'init': 'k-means++', 'algorithm': 'elkan', 'random_state': 3033}",0.3609260615623793,949.8897972783424,1.1653920543482437
BisectingKMeans,"{'n_clusters': 5, 'init': 'k-means++', 'algorithm': 'elkan', 'random_state': 4044}",0.35827956073877143,1192.7479228186194,0.9741608964863474
BisectingKMeans,"{'n_clusters': 5, 'init': 'k-means++', 'algorithm': 'elkan', 'random_state': 5055}",0.3674740213559587,1096.1937789250435,1.1565611364874029
BisectingKMeans,"{'n_clusters': 5, 'init': 'k-means++', 'algorithm': 'elkan', 'random_state': 6066}",0.36492749036970007,1068.6666654166236,1.0462083865474952
BisectingKMeans,"{'n_clusters': 5, 'init': 'random', 'algorithm': 'lloyd', 'random_state': 42}",0.3583391199244742,1192.7425301204491,0.9737960395738385
BisectingKMeans,"{'n_clusters': 5, 'init': 'random', 'algorithm': 'lloyd', 'random_state': 123}",0.34764662919930533,878.9237551041616,1.2769334783026653
BisectingKMeans,"{'n_clusters': 5, 'init': 'random', 'algorithm': 'lloyd', 'random_state': 456}",0.35827956073877143,1192.7479228186194,0.9741608964863474
BisectingKMeans,"{'n_clusters': 5, 'init': 'random', 'algorithm': 'lloyd', 'random_state': 789}",0.3634499031315408,1172.6114689397648,0.9787437020436418
BisectingKMeans,"{'n_clusters': 5, 'init': 'random', 'algorithm': 'lloyd', 'random_state': 1011}",0.36490776727420293,1178.5121496944955,0.9918497161765412
BisectingKMeans,"{'n_clusters': 5, 'init': 'random', 'algorithm': 'lloyd', 'random_state': 2022}",0.35256296743943893,909.142873774898,1.1565241126721815
BisectingKMeans,"{'n_clusters': 5, 'init': 'random', 'algorithm': 'lloyd', 'random_state': 3033}",0.33182230593039724,1017.1336769138954,1.0989976290952386
BisectingKMeans,"{'n_clusters': 5, 'init': 'random', 'algorithm': 'lloyd', 'random_state': 4044}",0.35827956073877143,1192.7479228186194,0.9741608964863474
BisectingKMeans,"{'n_clusters': 5, 'init': 'random', 'algorithm': 'lloyd', 'random_state': 5055}",0.36475070850954766,1177.846902035588,0.9923178207818838
BisectingKMeans,"{'n_clusters': 5, 'init': 'random', 'algorithm': 'lloyd', 'random_state': 6066}",0.36490776727420293,1178.5121496944953,0.9918497161765412
BisectingKMeans,"{'n_clusters': 5, 'init': 'random', 'algorithm': 'elkan', 'random_state': 42}",0.3583391199244742,1192.7425301204491,0.9737960395738385
BisectingKMeans,"{'n_clusters': 5, 'init': 'random', 'algorithm': 'elkan', 'random_state': 123}",0.34764662919930533,878.9237551041616,1.2769334783026653
BisectingKMeans,"{'n_clusters': 5, 'init': 'random', 'algorithm': 'elkan', 'random_state': 456}",0.35827956073877143,1192.7479228186194,0.9741608964863474
BisectingKMeans,"{'n_clusters': 5, 'init': 'random', 'algorithm': 'elkan', 'random_state': 789}",0.3634499031315408,1172.6114689397648,0.9787437020436418
BisectingKMeans,"{'n_clusters': 5, 'init': 'random', 'algorithm': 'elkan', 'random_state': 1011}",0.36490776727420293,1178.5121496944955,0.9918497161765412
BisectingKMeans,"{'n_clusters': 5, 'init': 'random', 'algorithm': 'elkan', 'random_state': 2022}",0.35256296743943893,909.142873774898,1.1565241126721815
BisectingKMeans,"{'n_clusters': 5, 'init': 'random', 'algorithm': 'elkan', 'random_state': 3033}",0.33182230593039724,1017.1336769138954,1.0989976290952386
BisectingKMeans,"{'n_clusters': 5, 'init': 'random', 'algorithm': 'elkan', 'random_state': 4044}",0.35827956073877143,1192.7479228186194,0.9741608964863474
BisectingKMeans,"{'n_clusters': 5, 'init': 'random', 'algorithm': 'elkan', 'random_state': 5055}",0.36475070850954766,1177.846902035588,0.9923178207818838
BisectingKMeans,"{'n_clusters': 5, 'init': 'random', 'algorithm': 'elkan', 'random_state': 6066}",0.36490776727420293,1178.5121496944953,0.9918497161765412
BisectingKMeans,"{'n_clusters': 6, 'init': 'k-means++', 'algorithm': 'lloyd', 'random_state': 42}",0.3187162703945504,931.782506044181,1.1761570662599043
BisectingKMeans,"{'n_clusters': 6, 'init': 'k-means++', 'algorithm': 'lloyd', 'random_state': 123}",0.3358781408232995,911.2478905665922,1.208389501294516
BisectingKMeans,"{'n_clusters': 6, 'init': 'k-means++', 'algorithm': 'lloyd', 'random_state': 456}",0.34080321646807504,963.7468111180058,1.0931845536410185
BisectingKMeans,"{'n_clusters': 6, 'init': 'k-means++', 'algorithm': 'lloyd', 'random_state': 789}",0.36471493697239804,1140.4065535634493,1.093686541717628
BisectingKMeans,"{'n_clusters': 6, 'init': 'k-means++', 'algorithm': 'lloyd', 'random_state': 1011}",0.3704940751827359,1106.3537286035444,1.1490977193251215
BisectingKMeans,"{'n_clusters': 6, 'init': 'k-means++', 'algorithm': 'lloyd', 'random_state': 2022}",0.3413792440086575,965.7398962886571,1.0939409284392732
BisectingKMeans,"{'n_clusters': 6, 'init': 'k-means++', 'algorithm': 'lloyd', 'random_state': 3033}",0.35158864415787505,998.3535061870951,1.0861475362762383
BisectingKMeans,"{'n_clusters': 6, 'init': 'k-means++', 'algorithm': 'lloyd', 'random_state': 4044}",0.36426338406751174,1121.0623193949034,1.133966949078841
BisectingKMeans,"{'n_clusters': 6, 'init': 'k-means++', 'algorithm': 'lloyd', 'random_state': 5055}",0.36837576839183117,1168.9324049295142,1.0595638657746844
BisectingKMeans,"{'n_clusters': 6, 'init': 'k-means++', 'algorithm': 'lloyd', 'random_state': 6066}",0.3737847155617416,1014.6507252556166,1.2154691648350788
BisectingKMeans,"{'n_clusters': 6, 'init': 'k-means++', 'algorithm': 'elkan', 'random_state': 42}",0.3187162703945504,931.782506044181,1.1761570662599043
BisectingKMeans,"{'n_clusters': 6, 'init': 'k-means++', 'algorithm': 'elkan', 'random_state': 123}",0.3358781408232995,911.2478905665922,1.208389501294516
BisectingKMeans,"{'n_clusters': 6, 'init': 'k-means++', 'algorithm': 'elkan', 'random_state': 456}",0.34080321646807504,963.7468111180058,1.0931845536410185
BisectingKMeans,"{'n_clusters': 6, 'init': 'k-means++', 'algorithm': 'elkan', 'random_state': 789}",0.36471493697239804,1140.4065535634493,1.093686541717628
BisectingKMeans,"{'n_clusters': 6, 'init': 'k-means++', 'algorithm': 'elkan', 'random_state': 1011}",0.3704940751827359,1106.3537286035444,1.1490977193251215
BisectingKMeans,"{'n_clusters': 6, 'init': 'k-means++', 'algorithm': 'elkan', 'random_state': 2022}",0.3413792440086575,965.7398962886571,1.0939409284392732
BisectingKMeans,"{'n_clusters': 6, 'init': 'k-means++', 'algorithm': 'elkan', 'random_state': 3033}",0.35158864415787505,998.3535061870951,1.0861475362762383
BisectingKMeans,"{'n_clusters': 6, 'init': 'k-means++', 'algorithm': 'elkan', 'random_state': 4044}",0.36426338406751174,1121.0623193949034,1.133966949078841
BisectingKMeans,"{'n_clusters': 6, 'init': 'k-means++', 'algorithm': 'elkan', 'random_state': 5055}",0.36837576839183117,1168.9324049295142,1.0595638657746844
BisectingKMeans,"{'n_clusters': 6, 'init': 'k-means++', 'algorithm': 'elkan', 'random_state': 6066}",0.3737847155617416,1014.6507252556166,1.2154691648350788
BisectingKMeans,"{'n_clusters': 6, 'init': 'random', 'algorithm': 'lloyd', 'random_state': 42}",0.3647745688328923,1140.401101430823,1.0933824942905372
BisectingKMeans,"{'n_clusters': 6, 'init': 'random', 'algorithm': 'lloyd', 'random_state': 123}",0.31877464921878196,931.7851256001835,1.1761296998696735
BisectingKMeans,"{'n_clusters': 6, 'init': 'random', 'algorithm': 'lloyd', 'random_state': 456}",0.36470445342387764,1140.4706851092735,1.097979042186165
BisectingKMeans,"{'n_clusters': 6, 'init': 'random', 'algorithm': 'lloyd', 'random_state': 789}",0.37422031031169517,1153.1165316518343,1.0777692293886776
BisectingKMeans,"{'n_clusters': 6, 'init': 'random', 'algorithm': 'lloyd', 'random_state': 1011}",0.3709793606003473,1126.0770083075288,1.1135957947451616
BisectingKMeans,"{'n_clusters': 6, 'init': 'random', 'algorithm': 'lloyd', 'random_state': 2022}",0.3413792440086575,965.7398962886571,1.0939409284392732
BisectingKMeans,"{'n_clusters': 6, 'init': 'random', 'algorithm': 'lloyd', 'random_state': 3033}",0.34241928401802185,992.0238103222263,1.1778553842408768
BisectingKMeans,"{'n_clusters': 6, 'init': 'random', 'algorithm': 'lloyd', 'random_state': 4044}",0.3646407787564665,1140.4569633765605,1.0989650739327435
BisectingKMeans,"{'n_clusters': 6, 'init': 'random', 'algorithm': 'lloyd', 'random_state': 5055}",0.37082251983361586,1125.4056865352911,1.1140958441790239
BisectingKMeans,"{'n_clusters': 6, 'init': 'random', 'algorithm': 'lloyd', 'random_state': 6066}",0.37105928299945923,1126.0274544779863,1.1083155833144618
BisectingKMeans,"{'n_clusters': 6, 'init': 'random', 'algorithm': 'elkan', 'random_state': 42}",0.3647745688328923,1140.401101430823,1.0933824942905372
BisectingKMeans,"{'n_clusters': 6, 'init': 'random', 'algorithm': 'elkan', 'random_state': 123}",0.31877464921878196,931.7851256001835,1.1761296998696735
BisectingKMeans,"{'n_clusters': 6, 'init': 'random', 'algorithm': 'elkan', 'random_state': 456}",0.36470445342387764,1140.4706851092735,1.097979042186165
BisectingKMeans,"{'n_clusters': 6, 'init': 'random', 'algorithm': 'elkan', 'random_state': 789}",0.37422031031169517,1153.1165316518343,1.0777692293886776
BisectingKMeans,"{'n_clusters': 6, 'init': 'random', 'algorithm': 'elkan', 'random_state': 1011}",0.3709793606003473,1126.0770083075288,1.1135957947451616
BisectingKMeans,"{'n_clusters': 6, 'init': 'random', 'algorithm': 'elkan', 'random_state': 2022}",0.3413792440086575,965.7398962886571,1.0939409284392732
BisectingKMeans,"{'n_clusters': 6, 'init': 'random', 'algorithm': 'elkan', 'random_state': 3033}",0.34241928401802185,992.0238103222263,1.1778553842408768
BisectingKMeans,"{'n_clusters': 6, 'init': 'random', 'algorithm': 'elkan', 'random_state': 4044}",0.3646407787564665,1140.4569633765605,1.0989650739327435
BisectingKMeans,"{'n_clusters': 6, 'init': 'random', 'algorithm': 'elkan', 'random_state': 5055}",0.37082251983361586,1125.4056865352911,1.1140958441790239
BisectingKMeans,"{'n_clusters': 6, 'init': 'random', 'algorithm': 'elkan', 'random_state': 6066}",0.37105928299945923,1126.0274544779863,1.1083155833144618
BisectingKMeans,"{'n_clusters': 7, 'init': 'k-means++', 'algorithm': 'lloyd', 'random_state': 42}",0.3718888149702256,1097.639569221107,1.1270306171051503
BisectingKMeans,"{'n_clusters': 7, 'init': 'k-means++', 'algorithm': 'lloyd', 'random_state': 123}",0.3657762036364122,1037.2617312693499,1.10566048855982
BisectingKMeans,"{'n_clusters': 7, 'init': 'k-means++', 'algorithm': 'lloyd', 'random_state': 456}",0.3689680328701707,938.6326019128694,1.0825283675820538
BisectingKMeans,"{'n_clusters': 7, 'init': 'k-means++', 'algorithm': 'lloyd', 'random_state': 789}",0.3735333469105331,1121.5235879100883,1.0894382250475243
BisectingKMeans,"{'n_clusters': 7, 'init': 'k-means++', 'algorithm': 'lloyd', 'random_state': 1011}",0.3789847250448277,1085.894180960266,1.1441884893126573
BisectingKMeans,"{'n_clusters': 7, 'init': 'k-means++', 'algorithm': 'lloyd', 'random_state': 2022}",0.36957051948263964,940.6711107564086,1.0836474518728576
BisectingKMeans,"{'n_clusters': 7, 'init': 'k-means++', 'algorithm': 'lloyd', 'random_state': 3033}",0.36455799078527906,980.4658959668315,1.1327653349131288
BisectingKMeans,"{'n_clusters': 7, 'init': 'k-means++', 'algorithm': 'lloyd', 'random_state': 4044}",0.3728631271631239,1101.2622274272396,1.1312192576729883
BisectingKMeans,"{'n_clusters': 7, 'init': 'k-means++', 'algorithm': 'lloyd', 'random_state': 5055}",0.3849767697062983,1180.0368577219135,1.0726948816336466
BisectingKMeans,"{'n_clusters': 7, 'init': 'k-means++', 'algorithm': 'lloyd', 'random_state': 6066}",0.38135291968704976,1140.4366955162998,1.1176694385796806
BisectingKMeans,"{'n_clusters': 7, 'init': 'k-means++', 'algorithm': 'elkan', 'random_state': 42}",0.3718888149702256,1097.639569221107,1.1270306171051503
BisectingKMeans,"{'n_clusters': 7, 'init': 'k-means++', 'algorithm': 'elkan', 'random_state': 123}",0.3657762036364122,1037.2617312693499,1.10566048855982
BisectingKMeans,"{'n_clusters': 7, 'init': 'k-means++', 'algorithm': 'elkan', 'random_state': 456}",0.3689680328701707,938.6326019128694,1.0825283675820538
BisectingKMeans,"{'n_clusters': 7, 'init': 'k-means++', 'algorithm': 'elkan', 'random_state': 789}",0.3735333469105331,1121.5235879100883,1.0894382250475243
BisectingKMeans,"{'n_clusters': 7, 'init': 'k-means++', 'algorithm': 'elkan', 'random_state': 1011}",0.3789847250448277,1085.894180960266,1.1441884893126573
BisectingKMeans,"{'n_clusters': 7, 'init': 'k-means++', 'algorithm': 'elkan', 'random_state': 2022}",0.36957051948263964,940.6711107564086,1.0836474518728576
BisectingKMeans,"{'n_clusters': 7, 'init': 'k-means++', 'algorithm': 'elkan', 'random_state': 3033}",0.36455799078527906,980.4658959668315,1.1327653349131288
BisectingKMeans,"{'n_clusters': 7, 'init': 'k-means++', 'algorithm': 'elkan', 'random_state': 4044}",0.3728631271631239,1101.2622274272396,1.1312192576729883
BisectingKMeans,"{'n_clusters': 7, 'init': 'k-means++', 'algorithm': 'elkan', 'random_state': 5055}",0.3849767697062983,1180.0368577219135,1.0726948816336466
BisectingKMeans,"{'n_clusters': 7, 'init': 'k-means++', 'algorithm': 'elkan', 'random_state': 6066}",0.38135291968704976,1140.4366955162998,1.1176694385796806
BisectingKMeans,"{'n_clusters': 7, 'init': 'random', 'algorithm': 'lloyd', 'random_state': 42}",0.37358501175645964,1121.5178692912427,1.0891776129671606
BisectingKMeans,"{'n_clusters': 7, 'init': 'random', 'algorithm': 'lloyd', 'random_state': 123}",0.37193433748626165,1097.6430397467764,1.1264561359653684
BisectingKMeans,"{'n_clusters': 7, 'init': 'random', 'algorithm': 'lloyd', 'random_state': 456}",0.3735268407462627,1121.5908543798105,1.0919201115533832
BisectingKMeans,"{'n_clusters': 7, 'init': 'random', 'algorithm': 'lloyd', 'random_state': 789}",0.390633825819294,1162.8051583354836,1.0890948481038942
BisectingKMeans,"{'n_clusters': 7, 'init': 'random', 'algorithm': 'lloyd', 'random_state': 1011}",0.3798292211859079,1107.0293230757775,1.105519566900019
BisectingKMeans,"{'n_clusters': 7, 'init': 'random', 'algorithm': 'lloyd', 'random_state': 2022}",0.3705698460719356,943.826238462219,1.1694380903775659
BisectingKMeans,"{'n_clusters': 7, 'init': 'random', 'algorithm': 'lloyd', 'random_state': 3033}",0.3624000923000515,1031.3790658462046,1.35031064495923
BisectingKMeans,"{'n_clusters': 7, 'init': 'random', 'algorithm': 'lloyd', 'random_state': 4044}",0.3734578792302976,1121.5764618390554,1.0929233019178328
BisectingKMeans,"{'n_clusters': 7, 'init': 'random', 'algorithm': 'lloyd', 'random_state': 5055}",0.37952963279789426,1105.806581500839,1.1058925335575016
BisectingKMeans,"{'n_clusters': 7, 'init': 'random', 'algorithm': 'lloyd', 'random_state': 6066}",0.37991058721820703,1106.977420471386,1.1020344900297105
BisectingKMeans,"{'n_clusters': 7, 'init': 'random', 'algorithm': 'elkan', 'random_state': 42}",0.37358501175645964,1121.5178692912427,1.0891776129671606
BisectingKMeans,"{'n_clusters': 7, 'init': 'random', 'algorithm': 'elkan', 'random_state': 123}",0.37193433748626165,1097.6430397467764,1.1264561359653684
BisectingKMeans,"{'n_clusters': 7, 'init': 'random', 'algorithm': 'elkan', 'random_state': 456}",0.3735268407462627,1121.5908543798105,1.0919201115533832
BisectingKMeans,"{'n_clusters': 7, 'init': 'random', 'algorithm': 'elkan', 'random_state': 789}",0.390633825819294,1162.8051583354836,1.0890948481038942
BisectingKMeans,"{'n_clusters': 7, 'init': 'random', 'algorithm': 'elkan', 'random_state': 1011}",0.3798292211859079,1107.0293230757775,1.105519566900019
BisectingKMeans,"{'n_clusters': 7, 'init': 'random', 'algorithm': 'elkan', 'random_state': 2022}",0.3705698460719356,943.826238462219,1.1694380903775659
BisectingKMeans,"{'n_clusters': 7, 'init': 'random', 'algorithm': 'elkan', 'random_state': 3033}",0.3624000923000515,1031.3790658462046,1.35031064495923
BisectingKMeans,"{'n_clusters': 7, 'init': 'random', 'algorithm': 'elkan', 'random_state': 4044}",0.3734578792302976,1121.5764618390554,1.0929233019178328
BisectingKMeans,"{'n_clusters': 7, 'init': 'random', 'algorithm': 'elkan', 'random_state': 5055}",0.37952963279789426,1105.806581500839,1.1058925335575016
BisectingKMeans,"{'n_clusters': 7, 'init': 'random', 'algorithm': 'elkan', 'random_state': 6066}",0.37991058721820703,1106.977420471386,1.1020344900297105
BisectingKMeans,"{'n_clusters': 8, 'init': 'k-means++', 'algorithm': 'lloyd', 'random_state': 42}",0.3060509870700505,1044.0158948149503,1.1705897792398414
BisectingKMeans,"{'n_clusters': 8, 'init': 'k-means++', 'algorithm': 'lloyd', 'random_state': 123}",0.37100881656600104,1046.9001575953712,1.2033129269889073
BisectingKMeans,"{'n_clusters': 8, 'init': 'k-means++', 'algorithm': 'lloyd', 'random_state': 456}",0.3846250337888437,1012.3245629334375,1.0392823181287363
BisectingKMeans,"{'n_clusters': 8, 'init': 'k-means++', 'algorithm': 'lloyd', 'random_state': 789}",0.351522458353635,981.7864033690927,1.182736957483589
BisectingKMeans,"{'n_clusters': 8, 'init': 'k-means++', 'algorithm': 'lloyd', 'random_state': 1011}",0.39311531448045883,1084.5483139908813,1.0800805395437922
BisectingKMeans,"{'n_clusters': 8, 'init': 'k-means++', 'algorithm': 'lloyd', 'random_state': 2022}",0.3851857867297997,1014.7336731962731,1.0403565888083852
BisectingKMeans,"{'n_clusters': 8, 'init': 'k-means++', 'algorithm': 'lloyd', 'random_state': 3033}",0.38061950857903476,1062.0105081622871,1.0683783695658264
BisectingKMeans,"{'n_clusters': 8, 'init': 'k-means++', 'algorithm': 'lloyd', 'random_state': 4044}",0.3034415232809514,1042.7337311741335,1.1789367616854967
BisectingKMeans,"{'n_clusters': 8, 'init': 'k-means++', 'algorithm': 'lloyd', 'random_state': 5055}",0.37740813997971573,1078.6919034237715,1.2112234239930189
BisectingKMeans,"{'n_clusters': 8, 'init': 'k-means++', 'algorithm': 'lloyd', 'random_state': 6066}",0.3832105190783503,1084.547748590893,1.0845118893227579
BisectingKMeans,"{'n_clusters': 8, 'init': 'k-means++', 'algorithm': 'elkan', 'random_state': 42}",0.3060509870700505,1044.0158948149503,1.1705897792398414
BisectingKMeans,"{'n_clusters': 8, 'init': 'k-means++', 'algorithm': 'elkan', 'random_state': 123}",0.37100881656600104,1046.9001575953712,1.2033129269889073
BisectingKMeans,"{'n_clusters': 8, 'init': 'k-means++', 'algorithm': 'elkan', 'random_state': 456}",0.3846250337888437,1012.3245629334375,1.0392823181287363
BisectingKMeans,"{'n_clusters': 8, 'init': 'k-means++', 'algorithm': 'elkan', 'random_state': 789}",0.351522458353635,981.7864033690927,1.182736957483589
BisectingKMeans,"{'n_clusters': 8, 'init': 'k-means++', 'algorithm': 'elkan', 'random_state': 1011}",0.39311531448045883,1084.5483139908813,1.0800805395437922
BisectingKMeans,"{'n_clusters': 8, 'init': 'k-means++', 'algorithm': 'elkan', 'random_state': 2022}",0.3851857867297997,1014.7336731962731,1.0403565888083852
BisectingKMeans,"{'n_clusters': 8, 'init': 'k-means++', 'algorithm': 'elkan', 'random_state': 3033}",0.38061950857903476,1062.0105081622871,1.0683783695658264
BisectingKMeans,"{'n_clusters': 8, 'init': 'k-means++', 'algorithm': 'elkan', 'random_state': 4044}",0.3034415232809514,1042.7337311741335,1.1789367616854967
BisectingKMeans,"{'n_clusters': 8, 'init': 'k-means++', 'algorithm': 'elkan', 'random_state': 5055}",0.37740813997971573,1078.6919034237715,1.2112234239930189
BisectingKMeans,"{'n_clusters': 8, 'init': 'k-means++', 'algorithm': 'elkan', 'random_state': 6066}",0.3832105190783503,1084.547748590893,1.0845118893227579
BisectingKMeans,"{'n_clusters': 8, 'init': 'random', 'algorithm': 'lloyd', 'random_state': 42}",0.3028521996921072,1062.9100438748849,1.143671017450747
BisectingKMeans,"{'n_clusters': 8, 'init': 'random', 'algorithm': 'lloyd', 'random_state': 123}",0.3054009390284737,1044.2347626702579,1.1713386351549426
BisectingKMeans,"{'n_clusters': 8, 'init': 'random', 'algorithm': 'lloyd', 'random_state': 456}",0.30322143016224123,1062.8808449566727,1.1452097397002339
BisectingKMeans,"{'n_clusters': 8, 'init': 'random', 'algorithm': 'lloyd', 'random_state': 789}",0.4047742146466116,1161.3169075169335,1.0222896912920845
BisectingKMeans,"{'n_clusters': 8, 'init': 'random', 'algorithm': 'lloyd', 'random_state': 1011}",0.393724733275273,1107.1689718650907,1.0462228058941005
BisectingKMeans,"{'n_clusters': 8, 'init': 'random', 'algorithm': 'lloyd', 'random_state': 2022}",0.38653601358496853,1018.4648274629905,1.0967520357281235
BisectingKMeans,"{'n_clusters': 8, 'init': 'random', 'algorithm': 'lloyd', 'random_state': 3033}",0.3756357376941128,1021.022702148207,1.2467086789182011
BisectingKMeans,"{'n_clusters': 8, 'init': 'random', 'algorithm': 'lloyd', 'random_state': 4044}",0.30405077239430767,1062.842878970893,1.1454525358302468
BisectingKMeans,"{'n_clusters': 8, 'init': 'random', 'algorithm': 'lloyd', 'random_state': 5055}",0.39339233790024886,1105.8583104427164,1.0465715782580312
BisectingKMeans,"{'n_clusters': 8, 'init': 'random', 'algorithm': 'lloyd', 'random_state': 6066}",0.39379795436327586,1107.1133323189742,1.0431733636325804
BisectingKMeans,"{'n_clusters': 8, 'init': 'random', 'algorithm': 'elkan', 'random_state': 42}",0.3028521996921072,1062.9100438748849,1.143671017450747
BisectingKMeans,"{'n_clusters': 8, 'init': 'random', 'algorithm': 'elkan', 'random_state': 123}",0.3054009390284737,1044.2347626702579,1.1713386351549426
BisectingKMeans,"{'n_clusters': 8, 'init': 'random', 'algorithm': 'elkan', 'random_state': 456}",0.30322143016224123,1062.8808449566727,1.1452097397002339
BisectingKMeans,"{'n_clusters': 8, 'init': 'random', 'algorithm': 'elkan', 'random_state': 789}",0.4047742146466116,1161.3169075169335,1.0222896912920845
BisectingKMeans,"{'n_clusters': 8, 'init': 'random', 'algorithm': 'elkan', 'random_state': 1011}",0.393724733275273,1107.1689718650907,1.0462228058941005
BisectingKMeans,"{'n_clusters': 8, 'init': 'random', 'algorithm': 'elkan', 'random_state': 2022}",0.38653601358496853,1018.4648274629905,1.0967520357281235
BisectingKMeans,"{'n_clusters': 8, 'init': 'random', 'algorithm': 'elkan', 'random_state': 3033}",0.3756357376941128,1021.022702148207,1.2467086789182011
BisectingKMeans,"{'n_clusters': 8, 'init': 'random', 'algorithm': 'elkan', 'random_state': 4044}",0.30405077239430767,1062.842878970893,1.1454525358302468
BisectingKMeans,"{'n_clusters': 8, 'init': 'random', 'algorithm': 'elkan', 'random_state': 5055}",0.39339233790024886,1105.8583104427164,1.0465715782580312
BisectingKMeans,"{'n_clusters': 8, 'init': 'random', 'algorithm': 'elkan', 'random_state': 6066}",0.39379795436327586,1107.1133323189742,1.0431733636325804
BisectingKMeans,"{'n_clusters': 9, 'init': 'k-means++', 'algorithm': 'lloyd', 'random_state': 42}",0.33149580247061416,1055.4620369949428,1.12699689225704
BisectingKMeans,"{'n_clusters': 9, 'init': 'k-means++', 'algorithm': 'lloyd', 'random_state': 123}",0.36339225991905755,977.7974745216048,1.3132222573516374
BisectingKMeans,"{'n_clusters': 9, 'init': 'k-means++', 'algorithm': 'lloyd', 'random_state': 456}",0.3213380407878058,987.2036550284345,1.107557996147532
BisectingKMeans,"{'n_clusters': 9, 'init': 'k-means++', 'algorithm': 'lloyd', 'random_state': 789}",0.28182923003658394,948.5123014684352,1.2143702641556042
BisectingKMeans,"{'n_clusters': 9, 'init': 'k-means++', 'algorithm': 'lloyd', 'random_state': 1011}",0.32649021956899155,1054.1357565325652,1.1347256792685811
BisectingKMeans,"{'n_clusters': 9, 'init': 'k-means++', 'algorithm': 'lloyd', 'random_state': 2022}",0.321045635481821,988.9552831449085,1.1061994274064384
BisectingKMeans,"{'n_clusters': 9, 'init': 'k-means++', 'algorithm': 'lloyd', 'random_state': 3033}",0.4034758441494548,1076.9699339730284,1.0309446228830712
BisectingKMeans,"{'n_clusters': 9, 'init': 'k-means++', 'algorithm': 'lloyd', 'random_state': 4044}",0.3290816487422175,1055.9023578067279,1.134026440235427
BisectingKMeans,"{'n_clusters': 9, 'init': 'k-means++', 'algorithm': 'lloyd', 'random_state': 5055}",0.3977606384339419,1089.1325293666594,1.1521596086995083
BisectingKMeans,"{'n_clusters': 9, 'init': 'k-means++', 'algorithm': 'lloyd', 'random_state': 6066}",0.40487522204035115,1098.3837056325042,1.042494684313231
BisectingKMeans,"{'n_clusters': 9, 'init': 'k-means++', 'algorithm': 'elkan', 'random_state': 42}",0.33149580247061416,1055.4620369949428,1.12699689225704
BisectingKMeans,"{'n_clusters': 9, 'init': 'k-means++', 'algorithm': 'elkan', 'random_state': 123}",0.36339225991905755,977.7974745216048,1.3132222573516374
BisectingKMeans,"{'n_clusters': 9, 'init': 'k-means++', 'algorithm': 'elkan', 'random_state': 456}",0.3213380407878058,987.2036550284345,1.107557996147532
BisectingKMeans,"{'n_clusters': 9, 'init': 'k-means++', 'algorithm': 'elkan', 'random_state': 789}",0.28182923003658394,948.5123014684352,1.2143702641556042
BisectingKMeans,"{'n_clusters': 9, 'init': 'k-means++', 'algorithm': 'elkan', 'random_state': 1011}",0.32649021956899155,1054.1357565325652,1.1347256792685811
BisectingKMeans,"{'n_clusters': 9, 'init': 'k-means++', 'algorithm': 'elkan', 'random_state': 2022}",0.321045635481821,988.9552831449085,1.1061994274064384
BisectingKMeans,"{'n_clusters': 9, 'init': 'k-means++', 'algorithm': 'elkan', 'random_state': 3033}",0.4034758441494548,1076.9699339730284,1.0309446228830712
BisectingKMeans,"{'n_clusters': 9, 'init': 'k-means++', 'algorithm': 'elkan', 'random_state': 4044}",0.3290816487422175,1055.9023578067279,1.134026440235427
BisectingKMeans,"{'n_clusters': 9, 'init': 'k-means++', 'algorithm': 'elkan', 'random_state': 5055}",0.3977606384339419,1089.1325293666594,1.1521596086995083
BisectingKMeans,"{'n_clusters': 9, 'init': 'k-means++', 'algorithm': 'elkan', 'random_state': 6066}",0.40487522204035115,1098.3837056325042,1.042494684313231
BisectingKMeans,"{'n_clusters': 9, 'init': 'random', 'algorithm': 'lloyd', 'random_state': 42}",0.3282860623353697,1077.870455986329,1.1025324091629671
BisectingKMeans,"{'n_clusters': 9, 'init': 'random', 'algorithm': 'lloyd', 'random_state': 123}",0.3309009846743766,1055.69938541207,1.1274844676223204
BisectingKMeans,"{'n_clusters': 9, 'init': 'random', 'algorithm': 'lloyd', 'random_state': 456}",0.32859626345094917,1077.838612599087,1.1039572504142796
BisectingKMeans,"{'n_clusters': 9, 'init': 'random', 'algorithm': 'lloyd', 'random_state': 789}",0.40645341351181535,1114.7500717053024,1.0315771160757958
BisectingKMeans,"{'n_clusters': 9, 'init': 'random', 'algorithm': 'lloyd', 'random_state': 1011}",0.32699248417131405,1076.8992222268657,1.1046947484295664
BisectingKMeans,"{'n_clusters': 9, 'init': 'random', 'algorithm': 'lloyd', 'random_state': 2022}",0.32320833781683045,992.7858080781582,1.1578277336484655
BisectingKMeans,"{'n_clusters': 9, 'init': 'random', 'algorithm': 'lloyd', 'random_state': 3033}",0.3683496081891205,953.0609530808799,1.3515003585225762
BisectingKMeans,"{'n_clusters': 9, 'init': 'random', 'algorithm': 'lloyd', 'random_state': 4044}",0.32939618419117833,1077.797208357328,1.1044333917134406
BisectingKMeans,"{'n_clusters': 9, 'init': 'random', 'algorithm': 'lloyd', 'random_state': 5055}",0.32745168237913497,1076.2643153449465,1.10440347271558
BisectingKMeans,"{'n_clusters': 9, 'init': 'random', 'algorithm': 'lloyd', 'random_state': 6066}",0.3284303126524003,1077.0221756296037,1.1009029682922171
BisectingKMeans,"{'n_clusters': 9, 'init': 'random', 'algorithm': 'elkan', 'random_state': 42}",0.3282860623353697,1077.870455986329,1.1025324091629671
BisectingKMeans,"{'n_clusters': 9, 'init': 'random', 'algorithm': 'elkan', 'random_state': 123}",0.3309009846743766,1055.69938541207,1.1274844676223204
BisectingKMeans,"{'n_clusters': 9, 'init': 'random', 'algorithm': 'elkan', 'random_state': 456}",0.32859626345094917,1077.838612599087,1.1039572504142796
BisectingKMeans,"{'n_clusters': 9, 'init': 'random', 'algorithm': 'elkan', 'random_state': 789}",0.40645341351181535,1114.7500717053024,1.0315771160757958
BisectingKMeans,"{'n_clusters': 9, 'init': 'random', 'algorithm': 'elkan', 'random_state': 1011}",0.32699248417131405,1076.8992222268657,1.1046947484295664
BisectingKMeans,"{'n_clusters': 9, 'init': 'random', 'algorithm': 'elkan', 'random_state': 2022}",0.32320833781683045,992.7858080781582,1.1578277336484655
BisectingKMeans,"{'n_clusters': 9, 'init': 'random', 'algorithm': 'elkan', 'random_state': 3033}",0.3683496081891205,953.0609530808799,1.3515003585225762
BisectingKMeans,"{'n_clusters': 9, 'init': 'random', 'algorithm': 'elkan', 'random_state': 4044}",0.32939618419117833,1077.797208357328,1.1044333917134406
BisectingKMeans,"{'n_clusters': 9, 'init': 'random', 'algorithm': 'elkan', 'random_state': 5055}",0.32745168237913497,1076.2643153449465,1.10440347271558
BisectingKMeans,"{'n_clusters': 9, 'init': 'random', 'algorithm': 'elkan', 'random_state': 6066}",0.3284303126524003,1077.0221756296037,1.1009029682922171
BisectingKMeans,"{'n_clusters': 10, 'init': 'k-means++', 'algorithm': 'lloyd', 'random_state': 42}",0.33141578846514014,1039.194099044437,1.1019961081707546
BisectingKMeans,"{'n_clusters': 10, 'init': 'k-means++', 'algorithm': 'lloyd', 'random_state': 123}",0.38543850761152587,1008.3527632518424,1.2527966595718367
BisectingKMeans,"{'n_clusters': 10, 'init': 'k-means++', 'algorithm': 'lloyd', 'random_state': 456}",0.3213653529111441,968.511045974336,1.1368717987086974
BisectingKMeans,"{'n_clusters': 10, 'init': 'k-means++', 'algorithm': 'lloyd', 'random_state': 789}",0.30780163211622485,978.6275966705707,1.1719704564737696
BisectingKMeans,"{'n_clusters': 10, 'init': 'k-means++', 'algorithm': 'lloyd', 'random_state': 1011}",0.3262361958717784,1036.033530694248,1.1017855683290714
BisectingKMeans,"{'n_clusters': 10, 'init': 'k-means++', 'algorithm': 'lloyd', 'random_state': 2022}",0.3210739074704972,970.317865686852,1.1356490868417135
BisectingKMeans,"{'n_clusters': 10, 'init': 'k-means++', 'algorithm': 'lloyd', 'random_state': 3033}",0.41060186851051184,1075.5191702042328,1.0440186175136599
BisectingKMeans,"{'n_clusters': 10, 'init': 'k-means++', 'algorithm': 'lloyd', 'random_state': 4044}",0.3288233077963373,1037.8652130142907,1.1011562531992327
BisectingKMeans,"{'n_clusters': 10, 'init': 'k-means++', 'algorithm': 'lloyd', 'random_state': 5055}",0.3266302158417908,1064.1593408343936,1.1919106327512565
BisectingKMeans,"{'n_clusters': 10, 'init': 'k-means++', 'algorithm': 'lloyd', 'random_state': 6066}",0.3330403109960657,1072.1641123125253,1.0948657681020564
BisectingKMeans,"{'n_clusters': 10, 'init': 'k-means++', 'algorithm': 'elkan', 'random_state': 42}",0.33141578846514014,1039.194099044437,1.1019961081707546
BisectingKMeans,"{'n_clusters': 10, 'init': 'k-means++', 'algorithm': 'elkan', 'random_state': 123}",0.38543850761152587,1008.3527632518424,1.2527966595718367
BisectingKMeans,"{'n_clusters': 10, 'init': 'k-means++', 'algorithm': 'elkan', 'random_state': 456}",0.3213653529111441,968.511045974336,1.1368717987086974
BisectingKMeans,"{'n_clusters': 10, 'init': 'k-means++', 'algorithm': 'elkan', 'random_state': 789}",0.30780163211622485,978.6275966705707,1.1719704564737696
BisectingKMeans,"{'n_clusters': 10, 'init': 'k-means++', 'algorithm': 'elkan', 'random_state': 1011}",0.3262361958717784,1036.033530694248,1.1017855683290714
BisectingKMeans,"{'n_clusters': 10, 'init': 'k-means++', 'algorithm': 'elkan', 'random_state': 2022}",0.3210739074704972,970.317865686852,1.1356490868417135
BisectingKMeans,"{'n_clusters': 10, 'init': 'k-means++', 'algorithm': 'elkan', 'random_state': 3033}",0.41060186851051184,1075.5191702042328,1.0440186175136599
BisectingKMeans,"{'n_clusters': 10, 'init': 'k-means++', 'algorithm': 'elkan', 'random_state': 4044}",0.3288233077963373,1037.8652130142907,1.1011562531992327
BisectingKMeans,"{'n_clusters': 10, 'init': 'k-means++', 'algorithm': 'elkan', 'random_state': 5055}",0.3266302158417908,1064.1593408343936,1.1919106327512565
BisectingKMeans,"{'n_clusters': 10, 'init': 'k-means++', 'algorithm': 'elkan', 'random_state': 6066}",0.3330403109960657,1072.1641123125253,1.0948657681020564
BisectingKMeans,"{'n_clusters': 10, 'init': 'random', 'algorithm': 'lloyd', 'random_state': 42}",0.3208587210284235,1024.8976415686263,1.2098183344776587
BisectingKMeans,"{'n_clusters': 10, 'init': 'random', 'algorithm': 'lloyd', 'random_state': 123}",0.33082127613161816,1039.4408633881144,1.102434925999507
BisectingKMeans,"{'n_clusters': 10, 'init': 'random', 'algorithm': 'lloyd', 'random_state': 456}",0.3209576451643995,1023.5942190156743,1.211418552820039
BisectingKMeans,"{'n_clusters': 10, 'init': 'random', 'algorithm': 'lloyd', 'random_state': 789}",0.3352235090182121,1090.5517263371696,1.0831411465070115
BisectingKMeans,"{'n_clusters': 10, 'init': 'random', 'algorithm': 'lloyd', 'random_state': 1011}",0.3195163058416415,1022.6513196229904,1.2094376443744765
BisectingKMeans,"{'n_clusters': 10, 'init': 'random', 'algorithm': 'lloyd', 'random_state': 2022}",0.3233760374452902,974.2703712107956,1.1821145624595375
BisectingKMeans,"{'n_clusters': 10, 'init': 'random', 'algorithm': 'lloyd', 'random_state': 3033}",0.38457229398644066,986.6262666617807,1.2504047808280758
BisectingKMeans,"{'n_clusters': 10, 'init': 'random', 'algorithm': 'lloyd', 'random_state': 4044}",0.3314231232758974,1053.6621941955611,1.0946870013823424
BisectingKMeans,"{'n_clusters': 10, 'init': 'random', 'algorithm': 'lloyd', 'random_state': 5055}",0.3197506215327685,1021.8493921313917,1.2120609390140833
BisectingKMeans,"{'n_clusters': 10, 'init': 'random', 'algorithm': 'lloyd', 'random_state': 6066}",0.32099681629417787,1024.061490132974,1.2083518376939844
BisectingKMeans,"{'n_clusters': 10, 'init': 'random', 'algorithm': 'elkan', 'random_state': 42}",0.3208587210284235,1024.8976415686263,1.2098183344776587
BisectingKMeans,"{'n_clusters': 10, 'init': 'random', 'algorithm': 'elkan', 'random_state': 123}",0.33082127613161816,1039.4408633881144,1.102434925999507
BisectingKMeans,"{'n_clusters': 10, 'init': 'random', 'algorithm': 'elkan', 'random_state': 456}",0.3209576451643995,1023.5942190156743,1.211418552820039
BisectingKMeans,"{'n_clusters': 10, 'init': 'random', 'algorithm': 'elkan', 'random_state': 789}",0.3352235090182121,1090.5517263371696,1.0831411465070115
BisectingKMeans,"{'n_clusters': 10, 'init': 'random', 'algorithm': 'elkan', 'random_state': 1011}",0.3195163058416415,1022.6513196229904,1.2094376443744765
BisectingKMeans,"{'n_clusters': 10, 'init': 'random', 'algorithm': 'elkan', 'random_state': 2022}",0.3233760374452902,974.2703712107956,1.1821145624595375
BisectingKMeans,"{'n_clusters': 10, 'init': 'random', 'algorithm': 'elkan', 'random_state': 3033}",0.38457229398644066,986.6262666617807,1.2504047808280758
BisectingKMeans,"{'n_clusters': 10, 'init': 'random', 'algorithm': 'elkan', 'random_state': 4044}",0.3314231232758974,1053.6621941955611,1.0946870013823424
BisectingKMeans,"{'n_clusters': 10, 'init': 'random', 'algorithm': 'elkan', 'random_state': 5055}",0.3197506215327685,1021.8493921313917,1.2120609390140833
BisectingKMeans,"{'n_clusters': 10, 'init': 'random', 'algorithm': 'elkan', 'random_state': 6066}",0.32099681629417787,1024.061490132974,1.2083518376939844
BisectingKMeans,"{'n_clusters': 11, 'init': 'k-means++', 'algorithm': 'lloyd', 'random_state': 42}",0.3393944106259639,1045.0482815330126,1.0903017074346486
BisectingKMeans,"{'n_clusters': 11, 'init': 'k-means++', 'algorithm': 'lloyd', 'random_state': 123}",0.3162215042233231,999.1191966214537,1.2777869633508443
BisectingKMeans,"{'n_clusters': 11, 'init': 'k-means++', 'algorithm': 'lloyd', 'random_state': 456}",0.30608187980415696,929.0359873881029,1.1748883380766384
BisectingKMeans,"{'n_clusters': 11, 'init': 'k-means++', 'algorithm': 'lloyd', 'random_state': 789}",0.3135712710387861,942.9191516304245,1.27763385319344
BisectingKMeans,"{'n_clusters': 11, 'init': 'k-means++', 'algorithm': 'lloyd', 'random_state': 1011}",0.33234478602065226,1028.2460875142988,1.0916709038793444
BisectingKMeans,"{'n_clusters': 11, 'init': 'k-means++', 'algorithm': 'lloyd', 'random_state': 2022}",0.3058751479404924,930.8297789803169,1.1737767818339258
BisectingKMeans,"{'n_clusters': 11, 'init': 'k-means++', 'algorithm': 'lloyd', 'random_state': 3033}",0.3382293293737271,1067.9791721096178,1.0886000927783166
BisectingKMeans,"{'n_clusters': 11, 'init': 'k-means++', 'algorithm': 'lloyd', 'random_state': 4044}",0.33493531130502624,1030.17298862285,1.092967324436869
BisectingKMeans,"{'n_clusters': 11, 'init': 'k-means++', 'algorithm': 'lloyd', 'random_state': 5055}",0.33088824095954783,1041.2402946028694,1.1798423012997497
BisectingKMeans,"{'n_clusters': 11, 'init': 'k-means++', 'algorithm': 'lloyd', 'random_state': 6066}",0.34032758263734203,1077.5890374869282,1.0843141192071968
BisectingKMeans,"{'n_clusters': 11, 'init': 'k-means++', 'algorithm': 'elkan', 'random_state': 42}",0.3393944106259639,1045.0482815330126,1.0903017074346486
BisectingKMeans,"{'n_clusters': 11, 'init': 'k-means++', 'algorithm': 'elkan', 'random_state': 123}",0.3162215042233231,999.1191966214537,1.2777869633508443
BisectingKMeans,"{'n_clusters': 11, 'init': 'k-means++', 'algorithm': 'elkan', 'random_state': 456}",0.30608187980415696,929.0359873881029,1.1748883380766384
BisectingKMeans,"{'n_clusters': 11, 'init': 'k-means++', 'algorithm': 'elkan', 'random_state': 789}",0.3135712710387861,942.9191516304245,1.27763385319344
BisectingKMeans,"{'n_clusters': 11, 'init': 'k-means++', 'algorithm': 'elkan', 'random_state': 1011}",0.33234478602065226,1028.2460875142988,1.0916709038793444
BisectingKMeans,"{'n_clusters': 11, 'init': 'k-means++', 'algorithm': 'elkan', 'random_state': 2022}",0.3058751479404924,930.8297789803169,1.1737767818339258
BisectingKMeans,"{'n_clusters': 11, 'init': 'k-means++', 'algorithm': 'elkan', 'random_state': 3033}",0.3382293293737271,1067.9791721096178,1.0886000927783166
BisectingKMeans,"{'n_clusters': 11, 'init': 'k-means++', 'algorithm': 'elkan', 'random_state': 4044}",0.33493531130502624,1030.17298862285,1.092967324436869
BisectingKMeans,"{'n_clusters': 11, 'init': 'k-means++', 'algorithm': 'elkan', 'random_state': 5055}",0.33088824095954783,1041.2402946028694,1.1798423012997497
BisectingKMeans,"{'n_clusters': 11, 'init': 'k-means++', 'algorithm': 'elkan', 'random_state': 6066}",0.34032758263734203,1077.5890374869282,1.0843141192071968
BisectingKMeans,"{'n_clusters': 11, 'init': 'random', 'algorithm': 'lloyd', 'random_state': 42}",0.3237407705780528,992.4181883569393,1.1869038082564614
BisectingKMeans,"{'n_clusters': 11, 'init': 'random', 'algorithm': 'lloyd', 'random_state': 123}",0.3388008095065378,1045.3126324732248,1.0907006327335145
BisectingKMeans,"{'n_clusters': 11, 'init': 'random', 'algorithm': 'lloyd', 'random_state': 456}",0.32412599068127795,993.0718139559533,1.190171906325843
BisectingKMeans,"{'n_clusters': 11, 'init': 'random', 'algorithm': 'lloyd', 'random_state': 789}",0.33909523276428305,1068.3683612587374,1.0847469734142796
BisectingKMeans,"{'n_clusters': 11, 'init': 'random', 'algorithm': 'lloyd', 'random_state': 1011}",0.32285695437366646,993.081352634412,1.1888166263608122
BisectingKMeans,"{'n_clusters': 11, 'init': 'random', 'algorithm': 'lloyd', 'random_state': 2022}",0.33634999382704095,1033.6853759790065,1.0912094805904908
BisectingKMeans,"{'n_clusters': 11, 'init': 'random', 'algorithm': 'lloyd', 'random_state': 3033}",0.31587831304066205,979.1070528580221,1.2856394115631182
BisectingKMeans,"{'n_clusters': 11, 'init': 'random', 'algorithm': 'lloyd', 'random_state': 4044}",0.33421752225689266,1024.5478094441405,1.0896693607392676
BisectingKMeans,"{'n_clusters': 11, 'init': 'random', 'algorithm': 'lloyd', 'random_state': 5055}",0.32308931733361784,992.268839912185,1.1906586067965745
BisectingKMeans,"{'n_clusters': 11, 'init': 'random', 'algorithm': 'lloyd', 'random_state': 6066}",0.3238801949106573,991.5747486803972,1.1855706293622115
BisectingKMeans,"{'n_clusters': 11, 'init': 'random', 'algorithm': 'elkan', 'random_state': 42}",0.3237407705780528,992.4181883569393,1.1869038082564614
BisectingKMeans,"{'n_clusters': 11, 'init': 'random', 'algorithm': 'elkan', 'random_state': 123}",0.3388008095065378,1045.3126324732248,1.0907006327335145
BisectingKMeans,"{'n_clusters': 11, 'init': 'random', 'algorithm': 'elkan', 'random_state': 456}",0.32412599068127795,993.0718139559533,1.190171906325843
BisectingKMeans,"{'n_clusters': 11, 'init': 'random', 'algorithm': 'elkan', 'random_state': 789}",0.33909523276428305,1068.3683612587374,1.0847469734142796
BisectingKMeans,"{'n_clusters': 11, 'init': 'random', 'algorithm': 'elkan', 'random_state': 1011}",0.32285695437366646,993.081352634412,1.1888166263608122
BisectingKMeans,"{'n_clusters': 11, 'init': 'random', 'algorithm': 'elkan', 'random_state': 2022}",0.33634999382704095,1033.6853759790065,1.0912094805904908
BisectingKMeans,"{'n_clusters': 11, 'init': 'random', 'algorithm': 'elkan', 'random_state': 3033}",0.31587831304066205,979.1070528580221,1.2856394115631182
BisectingKMeans,"{'n_clusters': 11, 'init': 'random', 'algorithm': 'elkan', 'random_state': 4044}",0.33421752225689266,1024.5478094441405,1.0896693607392676
BisectingKMeans,"{'n_clusters': 11, 'init': 'random', 'algorithm': 'elkan', 'random_state': 5055}",0.32308931733361784,992.268839912185,1.1906586067965745
BisectingKMeans,"{'n_clusters': 11, 'init': 'random', 'algorithm': 'elkan', 'random_state': 6066}",0.3238801949106573,991.5747486803972,1.1855706293622115
BisectingKMeans,"{'n_clusters': 12, 'init': 'k-means++', 'algorithm': 'lloyd', 'random_state': 42}",0.3291122764309555,1006.4569082712492,1.1392558860386996
BisectingKMeans,"{'n_clusters': 12, 'init': 'k-means++', 'algorithm': 'lloyd', 'random_state': 123}",0.32054364806239094,989.6014908035709,1.259875018467321
BisectingKMeans,"{'n_clusters': 12, 'init': 'k-means++', 'algorithm': 'lloyd', 'random_state': 456}",0.29058363129168535,890.0917284864881,1.2214279689552587
BisectingKMeans,"{'n_clusters': 12, 'init': 'k-means++', 'algorithm': 'lloyd', 'random_state': 789}",0.3167616384617995,923.1337355939721,1.2509775775976937
BisectingKMeans,"{'n_clusters': 12, 'init': 'k-means++', 'algorithm': 'lloyd', 'random_state': 1011}",0.31616451237609844,987.8854224053819,1.1572226258424225
BisectingKMeans,"{'n_clusters': 12, 'init': 'k-means++', 'algorithm': 'lloyd', 'random_state': 2022}",0.2903487212369671,893.0866154883772,1.2214836892861725
BisectingKMeans,"{'n_clusters': 12, 'init': 'k-means++', 'algorithm': 'lloyd', 'random_state': 3033}",0.33025282310879966,1027.2487011991284,1.155067018890388
BisectingKMeans,"{'n_clusters': 12, 'init': 'k-means++', 'algorithm': 'lloyd', 'random_state': 4044}",0.31819543964021824,988.772865828153,1.1603043065897596
BisectingKMeans,"{'n_clusters': 12, 'init': 'k-means++', 'algorithm': 'lloyd', 'random_state': 5055}",0.3193791134895047,991.1901931104062,1.2403247150580377
BisectingKMeans,"{'n_clusters': 12, 'init': 'k-means++', 'algorithm': 'lloyd', 'random_state': 6066}",0.32978893500133905,1024.1640067394553,1.1755907991379468
BisectingKMeans,"{'n_clusters': 12, 'init': 'k-means++', 'algorithm': 'elkan', 'random_state': 42}",0.3291122764309555,1006.4569082712492,1.1392558860386996
BisectingKMeans,"{'n_clusters': 12, 'init': 'k-means++', 'algorithm': 'elkan', 'random_state': 123}",0.32054364806239094,989.6014908035709,1.259875018467321
BisectingKMeans,"{'n_clusters': 12, 'init': 'k-means++', 'algorithm': 'elkan', 'random_state': 456}",0.29058363129168535,890.0917284864881,1.2214279689552587
BisectingKMeans,"{'n_clusters': 12, 'init': 'k-means++', 'algorithm': 'elkan', 'random_state': 789}",0.3167616384617995,923.1337355939721,1.2509775775976937
BisectingKMeans,"{'n_clusters': 12, 'init': 'k-means++', 'algorithm': 'elkan', 'random_state': 1011}",0.31616451237609844,987.8854224053819,1.1572226258424225
BisectingKMeans,"{'n_clusters': 12, 'init': 'k-means++', 'algorithm': 'elkan', 'random_state': 2022}",0.2903487212369671,893.0866154883772,1.2214836892861725
BisectingKMeans,"{'n_clusters': 12, 'init': 'k-means++', 'algorithm': 'elkan', 'random_state': 3033}",0.33025282310879966,1027.2487011991284,1.155067018890388
BisectingKMeans,"{'n_clusters': 12, 'init': 'k-means++', 'algorithm': 'elkan', 'random_state': 4044}",0.31819543964021824,988.772865828153,1.1603043065897596
BisectingKMeans,"{'n_clusters': 12, 'init': 'k-means++', 'algorithm': 'elkan', 'random_state': 5055}",0.3193791134895047,991.1901931104062,1.2403247150580377
BisectingKMeans,"{'n_clusters': 12, 'init': 'k-means++', 'algorithm': 'elkan', 'random_state': 6066}",0.32978893500133905,1024.1640067394553,1.1755907991379468
BisectingKMeans,"{'n_clusters': 12, 'init': 'random', 'algorithm': 'lloyd', 'random_state': 42}",0.3093710542456933,949.7926023124679,1.24299307297335
BisectingKMeans,"{'n_clusters': 12, 'init': 'random', 'algorithm': 'lloyd', 'random_state': 123}",0.32406684547726555,1006.2921375596981,1.151445006163949
BisectingKMeans,"{'n_clusters': 12, 'init': 'random', 'algorithm': 'lloyd', 'random_state': 456}",0.30743727276882715,952.040896589671,1.24934669996889
BisectingKMeans,"{'n_clusters': 12, 'init': 'random', 'algorithm': 'lloyd', 'random_state': 789}",0.335198380447568,1026.9293175037292,1.127392231958658
BisectingKMeans,"{'n_clusters': 12, 'init': 'random', 'algorithm': 'lloyd', 'random_state': 1011}",0.3065428316626897,952.758882935296,1.2474602465942402
BisectingKMeans,"{'n_clusters': 12, 'init': 'random', 'algorithm': 'lloyd', 'random_state': 2022}",0.32169493810406596,995.1782690719803,1.1535266747613133
BisectingKMeans,"{'n_clusters': 12, 'init': 'random', 'algorithm': 'lloyd', 'random_state': 3033}",0.3202741796000199,968.7779137851898,1.2660359895168452
BisectingKMeans,"{'n_clusters': 12, 'init': 'random', 'algorithm': 'lloyd', 'random_state': 4044}",0.31748025021390647,983.1976870646954,1.1574074291637402
BisectingKMeans,"{'n_clusters': 12, 'init': 'random', 'algorithm': 'lloyd', 'random_state': 5055}",0.3092021272488629,950.9276235230847,1.2458200858658872
BisectingKMeans,"{'n_clusters': 12, 'init': 'random', 'algorithm': 'lloyd', 'random_state': 6066}",0.3100910743403547,950.9487990221975,1.2352429879529732
BisectingKMeans,"{'n_clusters': 12, 'init': 'random', 'algorithm': 'elkan', 'random_state': 42}",0.3093710542456933,949.7926023124679,1.24299307297335
BisectingKMeans,"{'n_clusters': 12, 'init': 'random', 'algorithm': 'elkan', 'random_state': 123}",0.32406684547726555,1006.2921375596981,1.151445006163949
BisectingKMeans,"{'n_clusters': 12, 'init': 'random', 'algorithm': 'elkan', 'random_state': 456}",0.30743727276882715,952.040896589671,1.24934669996889
BisectingKMeans,"{'n_clusters': 12, 'init': 'random', 'algorithm': 'elkan', 'random_state': 789}",0.335198380447568,1026.9293175037292,1.127392231958658
BisectingKMeans,"{'n_clusters': 12, 'init': 'random', 'algorithm': 'elkan', 'random_state': 1011}",0.3065428316626897,952.758882935296,1.2474602465942402
BisectingKMeans,"{'n_clusters': 12, 'init': 'random', 'algorithm': 'elkan', 'random_state': 2022}",0.32169493810406596,995.1782690719803,1.1535266747613133
BisectingKMeans,"{'n_clusters': 12, 'init': 'random', 'algorithm': 'elkan', 'random_state': 3033}",0.3202741796000199,968.7779137851898,1.2660359895168452
BisectingKMeans,"{'n_clusters': 12, 'init': 'random', 'algorithm': 'elkan', 'random_state': 4044}",0.31748025021390647,983.1976870646954,1.1574074291637402
BisectingKMeans,"{'n_clusters': 12, 'init': 'random', 'algorithm': 'elkan', 'random_state': 5055}",0.3092021272488629,950.9276235230847,1.2458200858658872
BisectingKMeans,"{'n_clusters': 12, 'init': 'random', 'algorithm': 'elkan', 'random_state': 6066}",0.3100910743403547,950.9487990221975,1.2352429879529732
AgglomerativeClustering,"{'n_clusters': 5, 'linkage': 'ward', 'metric': 'euclidean'}",0.33744630885298094,1151.0387562829487,1.0094559574539008
AgglomerativeClustering,"{'n_clusters': 5, 'linkage': 'complete', 'metric': 'euclidean'}",0.3798697681296038,654.5781016742881,1.6553548811156695
AgglomerativeClustering,"{'n_clusters': 5, 'linkage': 'complete', 'metric': 'l1'}",0.26020893979366255,558.1933579266284,1.6919732090741388
AgglomerativeClustering,"{'n_clusters': 5, 'linkage': 'complete', 'metric': 'l2'}",0.3798697681296038,654.5781016742881,1.6553548811156695
AgglomerativeClustering,"{'n_clusters': 5, 'linkage': 'complete', 'metric': 'manhattan'}",0.26020893979366255,558.1933579266284,1.6919732090741388
AgglomerativeClustering,"{'n_clusters': 5, 'linkage': 'complete', 'metric': 'cosine'}",-0.05969428059842373,129.51297029688567,1.6713717808792399
AgglomerativeClustering,"{'n_clusters': 5, 'linkage': 'average', 'metric': 'euclidean'}",0.3901994433702672,346.6104692209932,0.9876672629676563
AgglomerativeClustering,"{'n_clusters': 5, 'linkage': 'average', 'metric': 'l1'}",0.3682600034315692,317.47896976241447,0.8719922276067752
AgglomerativeClustering,"{'n_clusters': 5, 'linkage': 'average', 'metric': 'l2'}",0.3901994433702672,346.6104692209932,0.9876672629676563
AgglomerativeClustering,"{'n_clusters': 5, 'linkage': 'average', 'metric': 'manhattan'}",0.3682600034315692,317.47896976241447,0.8719922276067752
AgglomerativeClustering,"{'n_clusters': 5, 'linkage': 'average', 'metric': 'cosine'}",0.0795531091988726,381.9160885858468,1.5279801574589753
AgglomerativeClustering,"{'n_clusters': 5, 'linkage': 'single', 'metric': 'euclidean'}",0.40324820073605666,263.8712145943222,0.808633166270301
AgglomerativeClustering,"{'n_clusters': 5, 'linkage': 'single', 'metric': 'l1'}",0.2538984362503075,6.281006404625338,0.44516146558395764
AgglomerativeClustering,"{'n_clusters': 5, 'linkage': 'single', 'metric': 'l2'}",0.40324820073605666,263.8712145943222,0.808633166270301
AgglomerativeClustering,"{'n_clusters': 5, 'linkage': 'single', 'metric': 'manhattan'}",0.2538984362503075,6.281006404625338,0.44516146558395764
AgglomerativeClustering,"{'n_clusters': 5, 'linkage': 'single', 'metric': 'cosine'}",-0.3687547756474563,1.0773198829081931,1.964223054422341
AgglomerativeClustering,"{'n_clusters': 6, 'linkage': 'ward', 'metric': 'euclidean'}",0.3468296779167479,1120.9860283835399,1.11860510225843
AgglomerativeClustering,"{'n_clusters': 6, 'linkage': 'complete', 'metric': 'euclidean'}",0.37686664169715434,527.3292428088884,1.5580429050537405
AgglomerativeClustering,"{'n_clusters': 6, 'linkage': 'complete', 'metric': 'l1'}",0.2621154286239044,484.549105876467,1.6122579058839286
AgglomerativeClustering,"{'n_clusters': 6, 'linkage': 'complete', 'metric': 'l2'}",0.37686664169715434,527.3292428088884,1.5580429050537405
AgglomerativeClustering,"{'n_clusters': 6, 'linkage': 'complete', 'metric': 'manhattan'}",0.2621154286239044,484.549105876467,1.6122579058839286
AgglomerativeClustering,"{'n_clusters': 6, 'linkage': 'complete', 'metric': 'cosine'}",-0.06846144932784994,104.59536790403457,1.7126231731612365
AgglomerativeClustering,"{'n_clusters': 6, 'linkage': 'average', 'metric': 'euclidean'}",0.36408982904198894,562.2368320978152,1.0541546214911073
AgglomerativeClustering,"{'n_clusters': 6, 'linkage': 'average', 'metric': 'l1'}",0.35764817944281446,280.1970617925724,0.9793386368080724
AgglomerativeClustering,"{'n_clusters': 6, 'linkage': 'average', 'metric': 'l2'}",0.36408982904198894,562.2368320978152,1.0541546214911073
AgglomerativeClustering,"{'n_clusters': 6, 'linkage': 'average', 'metric': 'manhattan'}",0.35764817944281446,280.1970617925724,0.9793386368080724
AgglomerativeClustering,"{'n_clusters': 6, 'linkage': 'average', 'metric': 'cosine'}",0.1905224590339997,745.4235440846991,1.1334819531413987
AgglomerativeClustering,"{'n_clusters': 6, 'linkage': 'single', 'metric': 'euclidean'}",0.3978418012669666,211.73786854062422,0.7928036329787286
AgglomerativeClustering,"{'n_clusters': 6, 'linkage': 'single', 'metric': 'l1'}",0.25358269767203956,5.918949860821848,0.4426754007662775
AgglomerativeClustering,"{'n_clusters': 6, 'linkage': 'single', 'metric': 'l2'}",0.3978418012669666,211.73786854062422,0.7928036329787286
AgglomerativeClustering,"{'n_clusters': 6, 'linkage': 'single', 'metric': 'manhattan'}",0.25358269767203956,5.918949860821848,0.4426754007662775
AgglomerativeClustering,"{'n_clusters': 6, 'linkage': 'single', 'metric': 'cosine'}",-0.2786074956721741,209.08224953960695,1.848276770278962
AgglomerativeClustering,"{'n_clusters': 7, 'linkage': 'ward', 'metric': 'euclidean'}",0.36269964492102175,1123.7672812772507,1.1229458678867075
AgglomerativeClustering,"{'n_clusters': 7, 'linkage': 'complete', 'metric': 'euclidean'}",0.33662273587088026,508.77542492641356,1.4665728330791186
AgglomerativeClustering,"{'n_clusters': 7, 'linkage': 'complete', 'metric': 'l1'}",0.29546990074510593,608.1114471002629,1.4902259115734091
AgglomerativeClustering,"{'n_clusters': 7, 'linkage': 'complete', 'metric': 'l2'}",0.33662273587088026,508.77542492641356,1.4665728330791186
AgglomerativeClustering,"{'n_clusters': 7, 'linkage': 'complete', 'metric': 'manhattan'}",0.29546990074510593,608.1114471002629,1.4902259115734091
AgglomerativeClustering,"{'n_clusters': 7, 'linkage': 'complete', 'metric': 'cosine'}",-0.026876571418598692,157.5374511885448,1.6555859560969861
AgglomerativeClustering,"{'n_clusters': 7, 'linkage': 'average', 'metric': 'euclidean'}",0.3687392114464899,506.43946112508166,1.0732831230336062
AgglomerativeClustering,"{'n_clusters': 7, 'linkage': 'average', 'metric': 'l1'}",0.37373070687312976,465.3364951643422,1.0386124647940838
AgglomerativeClustering,"{'n_clusters': 7, 'linkage': 'average', 'metric': 'l2'}",0.3687392114464899,506.43946112508166,1.0732831230336062
AgglomerativeClustering,"{'n_clusters': 7, 'linkage': 'average', 'metric': 'manhattan'}",0.37373070687312976,465.3364951643422,1.0386124647940838
AgglomerativeClustering,"{'n_clusters': 7, 'linkage': 'average', 'metric': 'cosine'}",0.15466856002791204,644.5056456618854,1.1520412975916265
AgglomerativeClustering,"{'n_clusters': 7, 'linkage': 'single', 'metric': 'euclidean'}",0.38544969758694897,212.95219153964294,0.9229939773733813
AgglomerativeClustering,"{'n_clusters': 7, 'linkage': 'single', 'metric': 'l1'}",0.2538655511567317,6.724978257162634,0.4187872186915421
AgglomerativeClustering,"{'n_clusters': 7, 'linkage': 'single', 'metric': 'l2'}",0.38544969758694897,212.95219153964294,0.9229939773733813
AgglomerativeClustering,"{'n_clusters': 7, 'linkage': 'single', 'metric': 'manhattan'}",0.2538655511567317,6.724978257162634,0.4187872186915421
AgglomerativeClustering,"{'n_clusters': 7, 'linkage': 'single', 'metric': 'cosine'}",-0.2871476966752482,174.2132966468197,1.8843528666645908
AgglomerativeClustering,"{'n_clusters': 8, 'linkage': 'ward', 'metric': 'euclidean'}",0.381634644126385,1099.8884627111859,1.0745251822998771
AgglomerativeClustering,"{'n_clusters': 8, 'linkage': 'complete', 'metric': 'euclidean'}",0.2942862709592301,591.6060556009191,1.4632334654535677
AgglomerativeClustering,"{'n_clusters': 8, 'linkage': 'complete', 'metric': 'l1'}",0.2930767826096145,532.9123272960526,1.3439101817366557
AgglomerativeClustering,"{'n_clusters': 8, 'linkage': 'complete', 'metric': 'l2'}",0.2942862709592301,591.6060556009191,1.4632334654535677
AgglomerativeClustering,"{'n_clusters': 8, 'linkage': 'complete', 'metric': 'manhattan'}",0.2930767826096145,532.9123272960526,1.3439101817366557
AgglomerativeClustering,"{'n_clusters': 8, 'linkage': 'complete', 'metric': 'cosine'}",0.061328256197137,266.66403824822305,1.5881593871724604
AgglomerativeClustering,"{'n_clusters': 8, 'linkage': 'average', 'metric': 'euclidean'}",0.33513106986574576,537.4202244854794,1.050772631376286
AgglomerativeClustering,"{'n_clusters': 8, 'linkage': 'average', 'metric': 'l1'}",0.37747775998811306,432.83233178111647,1.019331644346074
AgglomerativeClustering,"{'n_clusters': 8, 'linkage': 'average', 'metric': 'l2'}",0.33513106986574576,537.4202244854794,1.050772631376286
AgglomerativeClustering,"{'n_clusters': 8, 'linkage': 'average', 'metric': 'manhattan'}",0.37747775998811306,432.83233178111647,1.019331644346074
AgglomerativeClustering,"{'n_clusters': 8, 'linkage': 'average', 'metric': 'cosine'}",0.18287096275145825,669.0742527780441,1.13062936838899
AgglomerativeClustering,"{'n_clusters': 8, 'linkage': 'single', 'metric': 'euclidean'}",0.34105026240219266,183.00725457976463,0.8870813796109845
AgglomerativeClustering,"{'n_clusters': 8, 'linkage': 'single', 'metric': 'l1'}",0.2499273366751702,6.549376953613943,0.41494988204849825
AgglomerativeClustering,"{'n_clusters': 8, 'linkage': 'single', 'metric': 'l2'}",0.34105026240219266,183.00725457976463,0.8870813796109845
AgglomerativeClustering,"{'n_clusters': 8, 'linkage': 'single', 'metric': 'manhattan'}",0.2499273366751702,6.549376953613943,0.41494988204849825
AgglomerativeClustering,"{'n_clusters': 8, 'linkage': 'single', 'metric': 'cosine'}",-0.293382774991651,149.27336944991313,1.877879834121147
AgglomerativeClustering,"{'n_clusters': 9, 'linkage': 'ward', 'metric': 'euclidean'}",0.38509274099969487,1064.4007913836456,1.083915806931829
AgglomerativeClustering,"{'n_clusters': 9, 'linkage': 'complete', 'metric': 'euclidean'}",0.3021934290592987,561.772992354152,1.4330097887350006
AgglomerativeClustering,"{'n_clusters': 9, 'linkage': 'complete', 'metric': 'l1'}",0.30157254633799624,583.5466855306437,1.3626445731392902
AgglomerativeClustering,"{'n_clusters': 9, 'linkage': 'complete', 'metric': 'l2'}",0.3021934290592987,561.772992354152,1.4330097887350006
AgglomerativeClustering,"{'n_clusters': 9, 'linkage': 'complete', 'metric': 'manhattan'}",0.30157254633799624,583.5466855306437,1.3626445731392902
AgglomerativeClustering,"{'n_clusters': 9, 'linkage': 'complete', 'metric': 'cosine'}",0.029622035347652724,234.57602386034395,1.5567764866356204
AgglomerativeClustering,"{'n_clusters': 9, 'linkage': 'average', 'metric': 'euclidean'}",0.3323888417435493,471.0219460158112,0.9932144357218973
AgglomerativeClustering,"{'n_clusters': 9, 'linkage': 'average', 'metric': 'l1'}",0.371341302537332,383.54410927265974,1.0602861788868865
AgglomerativeClustering,"{'n_clusters': 9, 'linkage': 'average', 'metric': 'l2'}",0.3323888417435493,471.0219460158112,0.9932144357218973
AgglomerativeClustering,"{'n_clusters': 9, 'linkage': 'average', 'metric': 'manhattan'}",0.371341302537332,383.54410927265974,1.0602861788868865
AgglomerativeClustering,"{'n_clusters': 9, 'linkage': 'average', 'metric': 'cosine'}",0.18003024220203803,587.6758893224193,1.1450639289549498
AgglomerativeClustering,"{'n_clusters': 9, 'linkage': 'single', 'metric': 'euclidean'}",0.3035619008672303,160.3871243797342,0.8655598411956434
AgglomerativeClustering,"{'n_clusters': 9, 'linkage': 'single', 'metric': 'l1'}",0.1963029227498659,5.976298599876915,0.44609083276392564
AgglomerativeClustering,"{'n_clusters': 9, 'linkage': 'single', 'metric': 'l2'}",0.3035619008672303,160.3871243797342,0.8655598411956434
AgglomerativeClustering,"{'n_clusters': 9, 'linkage': 'single', 'metric': 'manhattan'}",0.1963029227498659,5.976298599876915,0.44609083276392564
AgglomerativeClustering,"{'n_clusters': 9, 'linkage': 'single', 'metric': 'cosine'}",-0.3018696881685865,130.6169589692911,1.8528967118682114
AgglomerativeClustering,"{'n_clusters': 10, 'linkage': 'ward', 'metric': 'euclidean'}",0.39020561247765445,1031.6803532598194,1.07122737159397
AgglomerativeClustering,"{'n_clusters': 10, 'linkage': 'complete', 'metric': 'euclidean'}",0.29740661173898225,517.4741182989901,1.3724549669873398
AgglomerativeClustering,"{'n_clusters': 10, 'linkage': 'complete', 'metric': 'l1'}",0.2938027292054485,532.6875746413803,1.4571555890994359
AgglomerativeClustering,"{'n_clusters': 10, 'linkage': 'complete', 'metric': 'l2'}",0.29740661173898225,517.4741182989901,1.3724549669873398
AgglomerativeClustering,"{'n_clusters': 10, 'linkage': 'complete', 'metric': 'manhattan'}",0.2938027292054485,532.6875746413803,1.4571555890994359
AgglomerativeClustering,"{'n_clusters': 10, 'linkage': 'complete', 'metric': 'cosine'}",0.12918970251032685,474.17995154400774,1.3618501917990045
AgglomerativeClustering,"{'n_clusters': 10, 'linkage': 'average', 'metric': 'euclidean'}",0.3305794372734024,424.2731091964,1.0348283546294905
AgglomerativeClustering,"{'n_clusters': 10, 'linkage': 'average', 'metric': 'l1'}",0.3708576321152891,345.1053204173909,1.0958068097995055
AgglomerativeClustering,"{'n_clusters': 10, 'linkage': 'average', 'metric': 'l2'}",0.3305794372734024,424.2731091964,1.0348283546294905
AgglomerativeClustering,"{'n_clusters': 10, 'linkage': 'average', 'metric': 'manhattan'}",0.3708576321152891,345.1053204173909,1.0958068097995055
AgglomerativeClustering,"{'n_clusters': 10, 'linkage': 'average', 'metric': 'cosine'}",0.18510923946897354,554.758103109053,1.143133635692446
AgglomerativeClustering,"{'n_clusters': 10, 'linkage': 'single', 'metric': 'euclidean'}",0.29948648736844324,142.95339668006255,0.8452005846891973
AgglomerativeClustering,"{'n_clusters': 10, 'linkage': 'single', 'metric': 'l1'}",0.1943355832861234,5.921718017820122,0.4402647395986235
AgglomerativeClustering,"{'n_clusters': 10, 'linkage': 'single', 'metric': 'l2'}",0.29948648736844324,142.95339668006255,0.8452005846891973
AgglomerativeClustering,"{'n_clusters': 10, 'linkage': 'single', 'metric': 'manhattan'}",0.1943355832861234,5.921718017820122,0.4402647395986235
AgglomerativeClustering,"{'n_clusters': 10, 'linkage': 'single', 'metric': 'cosine'}",-0.33073767034092316,116.30057640290887,1.760378005375803
AgglomerativeClustering,"{'n_clusters': 11, 'linkage': 'ward', 'metric': 'euclidean'}",0.36639566204570523,1001.820240545312,1.114014639776347
AgglomerativeClustering,"{'n_clusters': 11, 'linkage': 'complete', 'metric': 'euclidean'}",0.1942550978345597,533.0060624831275,1.548670160953239
AgglomerativeClustering,"{'n_clusters': 11, 'linkage': 'complete', 'metric': 'l1'}",0.2873987500726389,514.9733573615515,1.4161203910460238
AgglomerativeClustering,"{'n_clusters': 11, 'linkage': 'complete', 'metric': 'l2'}",0.1942550978345597,533.0060624831275,1.548670160953239
AgglomerativeClustering,"{'n_clusters': 11, 'linkage': 'complete', 'metric': 'manhattan'}",0.2873987500726389,514.9733573615515,1.4161203910460238
AgglomerativeClustering,"{'n_clusters': 11, 'linkage': 'complete', 'metric': 'cosine'}",0.10762210350256246,427.4411784631621,1.4693501168983154
AgglomerativeClustering,"{'n_clusters': 11, 'linkage': 'average', 'metric': 'euclidean'}",0.32146483909089085,452.13088932900234,1.0167362812494145
AgglomerativeClustering,"{'n_clusters': 11, 'linkage': 'average', 'metric': 'l1'}",0.30345341893270794,367.88512054617695,1.0722090132719055
AgglomerativeClustering,"{'n_clusters': 11, 'linkage': 'average', 'metric': 'l2'}",0.32146483909089085,452.13088932900234,1.0167362812494145
AgglomerativeClustering,"{'n_clusters': 11, 'linkage': 'average', 'metric': 'manhattan'}",0.30345341893270794,367.88512054617695,1.0722090132719055
AgglomerativeClustering,"{'n_clusters': 11, 'linkage': 'average', 'metric': 'cosine'}",0.18359134654131198,508.4018310616704,1.1492397260561595
AgglomerativeClustering,"{'n_clusters': 11, 'linkage': 'single', 'metric': 'euclidean'}",0.28737023921817745,128.78998269474522,0.8438368104658417
AgglomerativeClustering,"{'n_clusters': 11, 'linkage': 'single', 'metric': 'l1'}",0.1939388264416793,5.954547372690877,0.43320284743268794
AgglomerativeClustering,"{'n_clusters': 11, 'linkage': 'single', 'metric': 'l2'}",0.28737023921817745,128.78998269474522,0.8438368104658417
AgglomerativeClustering,"{'n_clusters': 11, 'linkage': 'single', 'metric': 'manhattan'}",0.1939388264416793,5.954547372690877,0.43320284743268794
AgglomerativeClustering,"{'n_clusters': 11, 'linkage': 'single', 'metric': 'cosine'}",-0.3389238580715385,104.93628506419826,1.6709443727718294
AgglomerativeClustering,"{'n_clusters': 12, 'linkage': 'ward', 'metric': 'euclidean'}",0.29883903020899216,972.2626921799941,1.166108520786056
AgglomerativeClustering,"{'n_clusters': 12, 'linkage': 'complete', 'metric': 'euclidean'}",0.1928759358639503,505.0882198676124,1.4499503566226988
AgglomerativeClustering,"{'n_clusters': 12, 'linkage': 'complete', 'metric': 'l1'}",0.29427867953155085,493.8633143790272,1.3738541230812649
AgglomerativeClustering,"{'n_clusters': 12, 'linkage': 'complete', 'metric': 'l2'}",0.1928759358639503,505.0882198676124,1.4499503566226988
AgglomerativeClustering,"{'n_clusters': 12, 'linkage': 'complete', 'metric': 'manhattan'}",0.29427867953155085,493.8633143790272,1.3738541230812649
AgglomerativeClustering,"{'n_clusters': 12, 'linkage': 'complete', 'metric': 'cosine'}",0.10634803719268526,391.7773953952252,1.4619094917711566
AgglomerativeClustering,"{'n_clusters': 12, 'linkage': 'average', 'metric': 'euclidean'}",0.31920304305856506,412.04290054456993,1.0260305862620782
AgglomerativeClustering,"{'n_clusters': 12, 'linkage': 'average', 'metric': 'l1'}",0.3029571693883579,335.75181838875847,1.0348103367723283
AgglomerativeClustering,"{'n_clusters': 12, 'linkage': 'average', 'metric': 'l2'}",0.31920304305856506,412.04290054456993,1.0260305862620782
AgglomerativeClustering,"{'n_clusters': 12, 'linkage': 'average', 'metric': 'manhattan'}",0.3029571693883579,335.75181838875847,1.0348103367723283
AgglomerativeClustering,"{'n_clusters': 12, 'linkage': 'average', 'metric': 'cosine'}",0.15453199929822192,462.38358104669663,1.1362008720765424
AgglomerativeClustering,"{'n_clusters': 12, 'linkage': 'single', 'metric': 'euclidean'}",0.2645548743900012,225.39497332387117,0.9293451834115446
AgglomerativeClustering,"{'n_clusters': 12, 'linkage': 'single', 'metric': 'l1'}",0.19222676363239952,5.843253999406195,0.4319738308992444
AgglomerativeClustering,"{'n_clusters': 12, 'linkage': 'single', 'metric': 'l2'}",0.2645548743900012,225.39497332387117,0.9293451834115446
AgglomerativeClustering,"{'n_clusters': 12, 'linkage': 'single', 'metric': 'manhattan'}",0.19222676363239952,5.843253999406195,0.4319738308992444
AgglomerativeClustering,"{'n_clusters': 12, 'linkage': 'single', 'metric': 'cosine'}",-0.34266295523406326,95.39857180607507,1.6693312510582092
AgglomerativeClustering,"{'n_clusters': 13, 'linkage': 'ward', 'metric': 'euclidean'}",0.29991823869329165,942.883134151581,1.1667891412794544
AgglomerativeClustering,"{'n_clusters': 13, 'linkage': 'complete', 'metric': 'euclidean'}",0.19102576164993665,466.06784635058125,1.460742007237294
AgglomerativeClustering,"{'n_clusters': 13, 'linkage': 'complete', 'metric': 'l1'}",0.2927044673007907,457.1186129533176,1.481785211018033
AgglomerativeClustering,"{'n_clusters': 13, 'linkage': 'complete', 'metric': 'l2'}",0.19102576164993665,466.06784635058125,1.460742007237294
AgglomerativeClustering,"{'n_clusters': 13, 'linkage': 'complete', 'metric': 'manhattan'}",0.2927044673007907,457.1186129533176,1.481785211018033
AgglomerativeClustering,"{'n_clusters': 13, 'linkage': 'complete', 'metric': 'cosine'}",0.09968655854814451,360.8374548590989,1.4515402789160978
AgglomerativeClustering,"{'n_clusters': 13, 'linkage': 'average', 'metric': 'euclidean'}",0.31906425870877064,382.3573208137619,1.0519765889346557
AgglomerativeClustering,"{'n_clusters': 13, 'linkage': 'average', 'metric': 'l1'}",0.2988569271875744,310.1597390113819,1.0207110100530987
AgglomerativeClustering,"{'n_clusters': 13, 'linkage': 'average', 'metric': 'l2'}",0.31906425870877064,382.3573208137619,1.0519765889346557
AgglomerativeClustering,"{'n_clusters': 13, 'linkage': 'average', 'metric': 'manhattan'}",0.2988569271875744,310.1597390113819,1.0207110100530987
AgglomerativeClustering,"{'n_clusters': 13, 'linkage': 'average', 'metric': 'cosine'}",0.15553328927727378,437.52940034876417,1.1514045547643141
AgglomerativeClustering,"{'n_clusters': 13, 'linkage': 'single', 'metric': 'euclidean'}",0.2500449672399112,206.70807670865696,0.9534763448072522
AgglomerativeClustering,"{'n_clusters': 13, 'linkage': 'single', 'metric': 'l1'}",0.1910585019286152,5.743559310349636,0.4312257353453053
AgglomerativeClustering,"{'n_clusters': 13, 'linkage': 'single', 'metric': 'l2'}",0.2500449672399112,206.70807670865696,0.9534763448072522
AgglomerativeClustering,"{'n_clusters': 13, 'linkage': 'single', 'metric': 'manhattan'}",0.1910585019286152,5.743559310349636,0.4312257353453053
AgglomerativeClustering,"{'n_clusters': 13, 'linkage': 'single', 'metric': 'cosine'}",-0.3430590927852548,87.44940136039517,1.6700520006528319
AgglomerativeClustering,"{'n_clusters': 14, 'linkage': 'ward', 'metric': 'euclidean'}",0.28103002788161874,922.4463359006412,1.1884805098063054
AgglomerativeClustering,"{'n_clusters': 14, 'linkage': 'complete', 'metric': 'euclidean'}",0.17719880109487277,519.8745375652205,1.341304028480264
AgglomerativeClustering,"{'n_clusters': 14, 'linkage': 'complete', 'metric': 'l1'}",0.2889934109184305,474.5539330995855,1.4218714008552242
AgglomerativeClustering,"{'n_clusters': 14, 'linkage': 'complete', 'metric': 'l2'}",0.17719880109487277,519.8745375652205,1.341304028480264
AgglomerativeClustering,"{'n_clusters': 14, 'linkage': 'complete', 'metric': 'manhattan'}",0.2889934109184305,474.5539330995855,1.4218714008552242
AgglomerativeClustering,"{'n_clusters': 14, 'linkage': 'complete', 'metric': 'cosine'}",0.09191151525477917,345.4615911339875,1.529033700956186
AgglomerativeClustering,"{'n_clusters': 14, 'linkage': 'average', 'metric': 'euclidean'}",0.3136131206444835,354.0075601169596,1.0315602352810567
AgglomerativeClustering,"{'n_clusters': 14, 'linkage': 'average', 'metric': 'l1'}",0.2934272235982757,286.95864033039464,1.0340682950305997
AgglomerativeClustering,"{'n_clusters': 14, 'linkage': 'average', 'metric': 'l2'}",0.3136131206444835,354.0075601169596,1.0315602352810567
AgglomerativeClustering,"{'n_clusters': 14, 'linkage': 'average', 'metric': 'manhattan'}",0.2934272235982757,286.95864033039464,1.0340682950305997
AgglomerativeClustering,"{'n_clusters': 14, 'linkage': 'average', 'metric': 'cosine'}",0.15413598109062077,405.38282793343325,1.1234953979811757
AgglomerativeClustering,"{'n_clusters': 14, 'linkage': 'single', 'metric': 'euclidean'}",0.24890103452240345,190.92855433707624,0.9663582059321401
AgglomerativeClustering,"{'n_clusters': 14, 'linkage': 'single', 'metric': 'l1'}",0.1740633089995154,5.6026276451784165,0.4333997780247545
AgglomerativeClustering,"{'n_clusters': 14, 'linkage': 'single', 'metric': 'l2'}",0.24890103452240345,190.92855433707624,0.9663582059321401
AgglomerativeClustering,"{'n_clusters': 14, 'linkage': 'single', 'metric': 'manhattan'}",0.1740633089995154,5.6026276451784165,0.4333997780247545
AgglomerativeClustering,"{'n_clusters': 14, 'linkage': 'single', 'metric': 'cosine'}",-0.34494762179540456,80.75036605304464,1.6746929638599677
AgglomerativeClustering,"{'n_clusters': 15, 'linkage': 'ward', 'metric': 'euclidean'}",0.2764823204448522,906.8398552462157,1.205789216164536
AgglomerativeClustering,"{'n_clusters': 15, 'linkage': 'complete', 'metric': 'euclidean'}",0.17402829093845065,486.7272506176312,1.4176496303755486
AgglomerativeClustering,"{'n_clusters': 15, 'linkage': 'complete', 'metric': 'l1'}",0.2909196747181076,451.01473196694286,1.3933721527666678
AgglomerativeClustering,"{'n_clusters': 15, 'linkage': 'complete', 'metric': 'l2'}",0.17402829093845065,486.7272506176312,1.4176496303755486
AgglomerativeClustering,"{'n_clusters': 15, 'linkage': 'complete', 'metric': 'manhattan'}",0.2909196747181076,451.01473196694286,1.3933721527666678
AgglomerativeClustering,"{'n_clusters': 15, 'linkage': 'complete', 'metric': 'cosine'}",0.0825780945741845,321.4836192630326,1.4616510397045166
AgglomerativeClustering,"{'n_clusters': 15, 'linkage': 'average', 'metric': 'euclidean'}",0.3132789944334778,330.0760123586235,1.0050814816907214
AgglomerativeClustering,"{'n_clusters': 15, 'linkage': 'average', 'metric': 'l1'}",0.2949438103884515,302.5723528016648,1.0266661814535574
AgglomerativeClustering,"{'n_clusters': 15, 'linkage': 'average', 'metric': 'l2'}",0.3132789944334778,330.0760123586235,1.0050814816907214
AgglomerativeClustering,"{'n_clusters': 15, 'linkage': 'average', 'metric': 'manhattan'}",0.2949438103884515,302.5723528016648,1.0266661814535574
AgglomerativeClustering,"{'n_clusters': 15, 'linkage': 'average', 'metric': 'cosine'}",0.13428363891576545,376.5203165878954,1.1003140911110563
AgglomerativeClustering,"{'n_clusters': 15, 'linkage': 'single', 'metric': 'euclidean'}",0.24753825494428197,177.7246843618332,0.9399005617473672
AgglomerativeClustering,"{'n_clusters': 15, 'linkage': 'single', 'metric': 'l1'}",0.1734766191217623,5.677467352266454,0.4278794570598157
AgglomerativeClustering,"{'n_clusters': 15, 'linkage': 'single', 'metric': 'l2'}",0.24753825494428197,177.7246843618332,0.9399005617473672
AgglomerativeClustering,"{'n_clusters': 15, 'linkage': 'single', 'metric': 'manhattan'}",0.1734766191217623,5.677467352266454,0.4278794570598157
AgglomerativeClustering,"{'n_clusters': 15, 'linkage': 'single', 'metric': 'cosine'}",-0.24416466121825287,148.6841998554059,1.7705371462478283
AgglomerativeClustering,"{'n_clusters': 16, 'linkage': 'ward', 'metric': 'euclidean'}",0.27088903680917775,887.7657545743693,1.2780371455806447
AgglomerativeClustering,"{'n_clusters': 16, 'linkage': 'complete', 'metric': 'euclidean'}",0.18381447906912282,510.3222708487201,1.3620492668025403
AgglomerativeClustering,"{'n_clusters': 16, 'linkage': 'complete', 'metric': 'l1'}",0.29102683345310687,424.5230334446798,1.399808168852219
AgglomerativeClustering,"{'n_clusters': 16, 'linkage': 'complete', 'metric': 'l2'}",0.18381447906912282,510.3222708487201,1.3620492668025403
AgglomerativeClustering,"{'n_clusters': 16, 'linkage': 'complete', 'metric': 'manhattan'}",0.29102683345310687,424.5230334446798,1.399808168852219
AgglomerativeClustering,"{'n_clusters': 16, 'linkage': 'complete', 'metric': 'cosine'}",0.08234762686469237,305.2481146741591,1.4501616075718622
AgglomerativeClustering,"{'n_clusters': 16, 'linkage': 'average', 'metric': 'euclidean'}",0.31261693828310827,308.8341371100113,0.975547907369971
AgglomerativeClustering,"{'n_clusters': 16, 'linkage': 'average', 'metric': 'l1'}",0.29387558690800336,283.2793563673673,1.0085917017424737
AgglomerativeClustering,"{'n_clusters': 16, 'linkage': 'average', 'metric': 'l2'}",0.31261693828310827,308.8341371100113,0.975547907369971
AgglomerativeClustering,"{'n_clusters': 16, 'linkage': 'average', 'metric': 'manhattan'}",0.29387558690800336,283.2793563673673,1.0085917017424737
AgglomerativeClustering,"{'n_clusters': 16, 'linkage': 'average', 'metric': 'cosine'}",0.1332044190275799,352.05902824326137,1.0856227562307623
AgglomerativeClustering,"{'n_clusters': 16, 'linkage': 'single', 'metric': 'euclidean'}",0.2476970957228928,166.5081596682696,0.9123849766296892
AgglomerativeClustering,"{'n_clusters': 16, 'linkage': 'single', 'metric': 'l1'}",0.1716075753834592,5.553172208957006,0.4303200198648808
AgglomerativeClustering,"{'n_clusters': 16, 'linkage': 'single', 'metric': 'l2'}",0.2476970957228928,166.5081596682696,0.9123849766296892
AgglomerativeClustering,"{'n_clusters': 16, 'linkage': 'single', 'metric': 'manhattan'}",0.1716075753834592,5.553172208957006,0.4303200198648808
AgglomerativeClustering,"{'n_clusters': 16, 'linkage': 'single', 'metric': 'cosine'}",-0.24440076800370406,138.7419600844633,1.7783883915080712
AgglomerativeClustering,"{'n_clusters': 17, 'linkage': 'ward', 'metric': 'euclidean'}",0.2622280909502121,872.8492223022021,1.2474308538734247
AgglomerativeClustering,"{'n_clusters': 17, 'linkage': 'complete', 'metric': 'euclidean'}",0.18633432609171363,495.24113827770935,1.3663397627534377
AgglomerativeClustering,"{'n_clusters': 17, 'linkage': 'complete', 'metric': 'l1'}",0.2892295792740342,399.9831225122558,1.436831577013324
AgglomerativeClustering,"{'n_clusters': 17, 'linkage': 'complete', 'metric': 'l2'}",0.18633432609171363,495.24113827770935,1.3663397627534377
AgglomerativeClustering,"{'n_clusters': 17, 'linkage': 'complete', 'metric': 'manhattan'}",0.2892295792740342,399.9831225122558,1.436831577013324
AgglomerativeClustering,"{'n_clusters': 17, 'linkage': 'complete', 'metric': 'cosine'}",0.08263728068943704,286.6547410736641,1.4459857726877043
AgglomerativeClustering,"{'n_clusters': 17, 'linkage': 'average', 'metric': 'euclidean'}",0.36097694224406607,450.59069722984134,0.9617057698247293
AgglomerativeClustering,"{'n_clusters': 17, 'linkage': 'average', 'metric': 'l1'}",0.29096880175966355,265.87516592836,0.9866506483892025
AgglomerativeClustering,"{'n_clusters': 17, 'linkage': 'average', 'metric': 'l2'}",0.36097694224406607,450.59069722984134,0.9617057698247293
AgglomerativeClustering,"{'n_clusters': 17, 'linkage': 'average', 'metric': 'manhattan'}",0.29096880175966355,265.87516592836,0.9866506483892025
AgglomerativeClustering,"{'n_clusters': 17, 'linkage': 'average', 'metric': 'cosine'}",0.13587741383752683,335.9829494819947,1.0882407218001906
AgglomerativeClustering,"{'n_clusters': 17, 'linkage': 'single', 'metric': 'euclidean'}",0.24678222094720728,156.42886553711708,0.8920050571315654
AgglomerativeClustering,"{'n_clusters': 17, 'linkage': 'single', 'metric': 'l1'}",0.1729751177261786,6.049275252068154,0.4294937421522481
AgglomerativeClustering,"{'n_clusters': 17, 'linkage': 'single', 'metric': 'l2'}",0.24678222094720728,156.42886553711708,0.8920050571315654
AgglomerativeClustering,"{'n_clusters': 17, 'linkage': 'single', 'metric': 'manhattan'}",0.1729751177261786,6.049275252068154,0.4294937421522481
AgglomerativeClustering,"{'n_clusters': 17, 'linkage': 'single', 'metric': 'cosine'}",-0.24469906229159497,130.03654136602844,1.807295916092345
AgglomerativeClustering,"{'n_clusters': 18, 'linkage': 'ward', 'metric': 'euclidean'}",0.2604236019332951,859.2071748423292,1.255161260736057
AgglomerativeClustering,"{'n_clusters': 18, 'linkage': 'complete', 'metric': 'euclidean'}",0.1874887170884754,473.3537311675187,1.3272141331944474
AgglomerativeClustering,"{'n_clusters': 18, 'linkage': 'complete', 'metric': 'l1'}",0.22485450035974347,424.65894028858776,1.433452841157834
AgglomerativeClustering,"{'n_clusters': 18, 'linkage': 'complete', 'metric': 'l2'}",0.1874887170884754,473.3537311675187,1.3272141331944474
AgglomerativeClustering,"{'n_clusters': 18, 'linkage': 'complete', 'metric': 'manhattan'}",0.22485450035974347,424.65894028858776,1.433452841157834
AgglomerativeClustering,"{'n_clusters': 18, 'linkage': 'complete', 'metric': 'cosine'}",0.08405058225821123,270.4957309102955,1.4444235215007137
AgglomerativeClustering,"{'n_clusters': 18, 'linkage': 'average', 'metric': 'euclidean'}",0.36149754566421577,438.4908134957514,0.9928249393099955
AgglomerativeClustering,"{'n_clusters': 18, 'linkage': 'average', 'metric': 'l1'}",0.29091405279089955,253.45716000486587,0.9768017207214476
AgglomerativeClustering,"{'n_clusters': 18, 'linkage': 'average', 'metric': 'l2'}",0.36149754566421577,438.4908134957514,0.9928249393099955
AgglomerativeClustering,"{'n_clusters': 18, 'linkage': 'average', 'metric': 'manhattan'}",0.29091405279089955,253.45716000486587,0.9768017207214476
AgglomerativeClustering,"{'n_clusters': 18, 'linkage': 'average', 'metric': 'cosine'}",0.1349761310018873,316.60155241235987,1.0866245895536346
AgglomerativeClustering,"{'n_clusters': 18, 'linkage': 'single', 'metric': 'euclidean'}",0.24665087077985307,147.32056560989892,0.9048635697671141
AgglomerativeClustering,"{'n_clusters': 18, 'linkage': 'single', 'metric': 'l1'}",0.1660684186018785,5.869224057985574,0.4350686005292673
AgglomerativeClustering,"{'n_clusters': 18, 'linkage': 'single', 'metric': 'l2'}",0.24665087077985307,147.32056560989892,0.9048635697671141
AgglomerativeClustering,"{'n_clusters': 18, 'linkage': 'single', 'metric': 'manhattan'}",0.1660684186018785,5.869224057985574,0.4350686005292673
AgglomerativeClustering,"{'n_clusters': 18, 'linkage': 'single', 'metric': 'cosine'}",-0.24385603841964054,122.43729982623209,1.8170480323948597
AgglomerativeClustering,"{'n_clusters': 19, 'linkage': 'ward', 'metric': 'euclidean'}",0.26273516757726106,842.5059683799274,1.2509510559026091
AgglomerativeClustering,"{'n_clusters': 19, 'linkage': 'complete', 'metric': 'euclidean'}",0.2638473997698747,623.995229280064,1.3149623308254121
AgglomerativeClustering,"{'n_clusters': 19, 'linkage': 'complete', 'metric': 'l1'}",0.24211218572383483,449.5036860204072,1.3839280818846549
AgglomerativeClustering,"{'n_clusters': 19, 'linkage': 'complete', 'metric': 'l2'}",0.2638473997698747,623.995229280064,1.3149623308254121
AgglomerativeClustering,"{'n_clusters': 19, 'linkage': 'complete', 'metric': 'manhattan'}",0.24211218572383483,449.5036860204072,1.3839280818846549
AgglomerativeClustering,"{'n_clusters': 19, 'linkage': 'complete', 'metric': 'cosine'}",0.11712812627156907,319.5844032381391,1.426460499375965
AgglomerativeClustering,"{'n_clusters': 19, 'linkage': 'average', 'metric': 'euclidean'}",0.36370367937419246,421.3297446287178,0.9956089082240589
AgglomerativeClustering,"{'n_clusters': 19, 'linkage': 'average', 'metric': 'l1'}",0.2906481943454349,240.87498194389173,0.9815534616849672
AgglomerativeClustering,"{'n_clusters': 19, 'linkage': 'average', 'metric': 'l2'}",0.36370367937419246,421.3297446287178,0.9956089082240589
AgglomerativeClustering,"{'n_clusters': 19, 'linkage': 'average', 'metric': 'manhattan'}",0.2906481943454349,240.87498194389173,0.9815534616849672
AgglomerativeClustering,"{'n_clusters': 19, 'linkage': 'average', 'metric': 'cosine'}",0.16032555843564938,337.9700874246227,1.0660778525769772
AgglomerativeClustering,"{'n_clusters': 19, 'linkage': 'single', 'metric': 'euclidean'}",0.24555699513062498,139.14715920133173,0.9578664025705431
AgglomerativeClustering,"{'n_clusters': 19, 'linkage': 'single', 'metric': 'l1'}",0.16575789579359518,5.791618127949953,0.43481873809136534
AgglomerativeClustering,"{'n_clusters': 19, 'linkage': 'single', 'metric': 'l2'}",0.24555699513062498,139.14715920133173,0.9578664025705431
AgglomerativeClustering,"{'n_clusters': 19, 'linkage': 'single', 'metric': 'manhattan'}",0.16575789579359518,5.791618127949953,0.43481873809136534
AgglomerativeClustering,"{'n_clusters': 19, 'linkage': 'single', 'metric': 'cosine'}",-0.2433691745625083,115.6206007735984,1.8362569536303865
AgglomerativeClustering,"{'n_clusters': 20, 'linkage': 'ward', 'metric': 'euclidean'}",0.26229818300332886,828.1744966878202,1.220129059349142
AgglomerativeClustering,"{'n_clusters': 20, 'linkage': 'complete', 'metric': 'euclidean'}",0.2645787756545721,600.5254032417844,1.3524575741024667
AgglomerativeClustering,"{'n_clusters': 20, 'linkage': 'complete', 'metric': 'l1'}",0.24198291371681366,428.6447050352909,1.3420816158707694
AgglomerativeClustering,"{'n_clusters': 20, 'linkage': 'complete', 'metric': 'l2'}",0.2645787756545721,600.5254032417844,1.3524575741024667
AgglomerativeClustering,"{'n_clusters': 20, 'linkage': 'complete', 'metric': 'manhattan'}",0.24198291371681366,428.6447050352909,1.3420816158707694
AgglomerativeClustering,"{'n_clusters': 20, 'linkage': 'complete', 'metric': 'cosine'}",0.1471072516254533,335.10944528019644,1.4050538961255372
AgglomerativeClustering,"{'n_clusters': 20, 'linkage': 'average', 'metric': 'euclidean'}",0.3568166372629202,412.6099508162409,0.994973554367476
AgglomerativeClustering,"{'n_clusters': 20, 'linkage': 'average', 'metric': 'l1'}",0.3302398871413904,360.52207665368303,0.9773375926535905
AgglomerativeClustering,"{'n_clusters': 20, 'linkage': 'average', 'metric': 'l2'}",0.3568166372629202,412.6099508162409,0.994973554367476
AgglomerativeClustering,"{'n_clusters': 20, 'linkage': 'average', 'metric': 'manhattan'}",0.3302398871413904,360.52207665368303,0.9773375926535905
AgglomerativeClustering,"{'n_clusters': 20, 'linkage': 'average', 'metric': 'cosine'}",0.15745566801202535,320.1368233331931,1.0463230907255994
AgglomerativeClustering,"{'n_clusters': 20, 'linkage': 'single', 'metric': 'euclidean'}",0.24601671662294486,132.50737533162953,0.9406496692355489
AgglomerativeClustering,"{'n_clusters': 20, 'linkage': 'single', 'metric': 'l1'}",0.16458192436437616,5.694150216619225,0.43604620211647915
AgglomerativeClustering,"{'n_clusters': 20, 'linkage': 'single', 'metric': 'l2'}",0.24601671662294486,132.50737533162953,0.9406496692355489
AgglomerativeClustering,"{'n_clusters': 20, 'linkage': 'single', 'metric': 'manhattan'}",0.16458192436437616,5.694150216619225,0.43604620211647915
AgglomerativeClustering,"{'n_clusters': 20, 'linkage': 'single', 'metric': 'cosine'}",-0.24477822150131143,109.53136672952432,1.8616827650403944
AgglomerativeClustering,"{'n_clusters': 21, 'linkage': 'ward', 'metric': 'euclidean'}",0.26795076609664115,814.4878057216876,1.1847943037586608
AgglomerativeClustering,"{'n_clusters': 21, 'linkage': 'complete', 'metric': 'euclidean'}",0.2663447633266245,594.2792645969521,1.3704192037494611
AgglomerativeClustering,"{'n_clusters': 21, 'linkage': 'complete', 'metric': 'l1'}",0.23963489352749828,466.68035490334603,1.3377821536015002
AgglomerativeClustering,"{'n_clusters': 21, 'linkage': 'complete', 'metric': 'l2'}",0.2663447633266245,594.2792645969521,1.3704192037494611
AgglomerativeClustering,"{'n_clusters': 21, 'linkage': 'complete', 'metric': 'manhattan'}",0.23963489352749828,466.68035490334603,1.3377821536015002
AgglomerativeClustering,"{'n_clusters': 21, 'linkage': 'complete', 'metric': 'cosine'}",0.14561390775244124,322.3262167254147,1.4271577509275268
AgglomerativeClustering,"{'n_clusters': 21, 'linkage': 'average', 'metric': 'euclidean'}",0.3553638161522655,394.7668308346098,1.0099407885260783
AgglomerativeClustering,"{'n_clusters': 21, 'linkage': 'average', 'metric': 'l1'}",0.3336526984597526,356.64018392264626,0.9954300967439247
AgglomerativeClustering,"{'n_clusters': 21, 'linkage': 'average', 'metric': 'l2'}",0.3553638161522655,394.7668308346098,1.0099407885260783
AgglomerativeClustering,"{'n_clusters': 21, 'linkage': 'average', 'metric': 'manhattan'}",0.3336526984597526,356.64018392264626,0.9954300967439247
AgglomerativeClustering,"{'n_clusters': 21, 'linkage': 'average', 'metric': 'cosine'}",0.15579465702579537,308.14876703209717,1.0749363016098663
AgglomerativeClustering,"{'n_clusters': 21, 'linkage': 'single', 'metric': 'euclidean'}",0.23186317643807794,126.3586361721554,0.9161149524069107
AgglomerativeClustering,"{'n_clusters': 21, 'linkage': 'single', 'metric': 'l1'}",0.10197840230751182,5.488882992729061,0.45383973298973745
AgglomerativeClustering,"{'n_clusters': 21, 'linkage': 'single', 'metric': 'l2'}",0.23186317643807794,126.3586361721554,0.9161149524069107
AgglomerativeClustering,"{'n_clusters': 21, 'linkage': 'single', 'metric': 'manhattan'}",0.10197840230751182,5.488882992729061,0.45383973298973745
AgglomerativeClustering,"{'n_clusters': 21, 'linkage': 'single', 'metric': 'cosine'}",-0.24629771618708138,104.04032765937227,1.846515325508846
AgglomerativeClustering,"{'n_clusters': 22, 'linkage': 'ward', 'metric': 'euclidean'}",0.2655655956533837,802.3982683617007,1.1677901836598168
AgglomerativeClustering,"{'n_clusters': 22, 'linkage': 'complete', 'metric': 'euclidean'}",0.26812479796278404,590.2080916858893,1.365564841393593
AgglomerativeClustering,"{'n_clusters': 22, 'linkage': 'complete', 'metric': 'l1'}",0.23883145264467795,447.40506486952665,1.2990658059140627
AgglomerativeClustering,"{'n_clusters': 22, 'linkage': 'complete', 'metric': 'l2'}",0.26812479796278404,590.2080916858893,1.365564841393593
AgglomerativeClustering,"{'n_clusters': 22, 'linkage': 'complete', 'metric': 'manhattan'}",0.23883145264467795,447.40506486952665,1.2990658059140627
AgglomerativeClustering,"{'n_clusters': 22, 'linkage': 'complete', 'metric': 'cosine'}",0.1375370284957274,307.6540690057949,1.3982798121458002
AgglomerativeClustering,"{'n_clusters': 22, 'linkage': 'average', 'metric': 'euclidean'}",0.35541469285422334,379.7796855836194,1.0236423129218084
AgglomerativeClustering,"{'n_clusters': 22, 'linkage': 'average', 'metric': 'l1'}",0.33600744667800136,353.4377659874271,1.0345895826291367
AgglomerativeClustering,"{'n_clusters': 22, 'linkage': 'average', 'metric': 'l2'}",0.35541469285422334,379.7796855836194,1.0236423129218084
AgglomerativeClustering,"{'n_clusters': 22, 'linkage': 'average', 'metric': 'manhattan'}",0.33600744667800136,353.4377659874271,1.0345895826291367
AgglomerativeClustering,"{'n_clusters': 22, 'linkage': 'average', 'metric': 'cosine'}",0.15375092638296126,293.372383531701,1.0546682259051563
AgglomerativeClustering,"{'n_clusters': 22, 'linkage': 'single', 'metric': 'euclidean'}",0.2325796507207971,120.92375348232297,0.900813016898254
AgglomerativeClustering,"{'n_clusters': 22, 'linkage': 'single', 'metric': 'l1'}",0.10255980743127893,5.619351019783743,0.44730927189617536
AgglomerativeClustering,"{'n_clusters': 22, 'linkage': 'single', 'metric': 'l2'}",0.2325796507207971,120.92375348232297,0.900813016898254
AgglomerativeClustering,"{'n_clusters': 22, 'linkage': 'single', 'metric': 'manhattan'}",0.10255980743127893,5.619351019783743,0.44730927189617536
AgglomerativeClustering,"{'n_clusters': 22, 'linkage': 'single', 'metric': 'cosine'}",-0.2513485525720045,99.06893285937062,1.792003554910378
AgglomerativeClustering,"{'n_clusters': 23, 'linkage': 'ward', 'metric': 'euclidean'}",0.26378740503009296,792.3152263163608,1.1668414176658908
AgglomerativeClustering,"{'n_clusters': 23, 'linkage': 'complete', 'metric': 'euclidean'}",0.2532992261320349,576.4365609395282,1.4513071976292853
AgglomerativeClustering,"{'n_clusters': 23, 'linkage': 'complete', 'metric': 'l1'}",0.23816100949179866,428.816907489947,1.2852013920079768
AgglomerativeClustering,"{'n_clusters': 23, 'linkage': 'complete', 'metric': 'l2'}",0.2532992261320349,576.4365609395282,1.4513071976292853
AgglomerativeClustering,"{'n_clusters': 23, 'linkage': 'complete', 'metric': 'manhattan'}",0.23816100949179866,428.816907489947,1.2852013920079768
AgglomerativeClustering,"{'n_clusters': 23, 'linkage': 'complete', 'metric': 'cosine'}",0.14848730973547497,366.0424507419479,1.4100862140635069
AgglomerativeClustering,"{'n_clusters': 23, 'linkage': 'average', 'metric': 'euclidean'}",0.35340965489326165,363.8266591206523,1.0101889225898741
AgglomerativeClustering,"{'n_clusters': 23, 'linkage': 'average', 'metric': 'l1'}",0.3352601735881669,339.6657723188062,1.0823754931244705
AgglomerativeClustering,"{'n_clusters': 23, 'linkage': 'average', 'metric': 'l2'}",0.35340965489326165,363.8266591206523,1.0101889225898741
AgglomerativeClustering,"{'n_clusters': 23, 'linkage': 'average', 'metric': 'manhattan'}",0.3352601735881669,339.6657723188062,1.0823754931244705
AgglomerativeClustering,"{'n_clusters': 23, 'linkage': 'average', 'metric': 'cosine'}",0.17882971213145107,337.0281949837493,1.048220005807606
AgglomerativeClustering,"{'n_clusters': 23, 'linkage': 'single', 'metric': 'euclidean'}",0.23014976206706173,115.56562651906967,0.8925695028688458
AgglomerativeClustering,"{'n_clusters': 23, 'linkage': 'single', 'metric': 'l1'}",0.102919571850595,5.572040025307968,0.4463171030416695
AgglomerativeClustering,"{'n_clusters': 23, 'linkage': 'single', 'metric': 'l2'}",0.23014976206706173,115.56562651906967,0.8925695028688458
AgglomerativeClustering,"{'n_clusters': 23, 'linkage': 'single', 'metric': 'manhattan'}",0.102919571850595,5.572040025307968,0.4463171030416695
AgglomerativeClustering,"{'n_clusters': 23, 'linkage': 'single', 'metric': 'cosine'}",-0.2508284503691237,94.61517059620986,1.7843434480666085
AgglomerativeClustering,"{'n_clusters': 24, 'linkage': 'ward', 'metric': 'euclidean'}",0.2599596879304092,784.186852346646,1.1471267055344814
AgglomerativeClustering,"{'n_clusters': 24, 'linkage': 'complete', 'metric': 'euclidean'}",0.25209901137132557,553.903712819817,1.4199055967896126
AgglomerativeClustering,"{'n_clusters': 24, 'linkage': 'complete', 'metric': 'l1'}",0.23948281478252226,438.0201129496653,1.3024576639193999
AgglomerativeClustering,"{'n_clusters': 24, 'linkage': 'complete', 'metric': 'l2'}",0.25209901137132557,553.903712819817,1.4199055967896126
AgglomerativeClustering,"{'n_clusters': 24, 'linkage': 'complete', 'metric': 'manhattan'}",0.23948281478252226,438.0201129496653,1.3024576639193999
AgglomerativeClustering,"{'n_clusters': 24, 'linkage': 'complete', 'metric': 'cosine'}",0.1441974198286706,392.5584240467524,1.3871151424279653
AgglomerativeClustering,"{'n_clusters': 24, 'linkage': 'average', 'metric': 'euclidean'}",0.35060235744650714,348.187766872547,0.9684069920294238
AgglomerativeClustering,"{'n_clusters': 24, 'linkage': 'average', 'metric': 'l1'}",0.33507765459415934,325.1086605006159,1.067644550194404
AgglomerativeClustering,"{'n_clusters': 24, 'linkage': 'average', 'metric': 'l2'}",0.35060235744650714,348.187766872547,0.9684069920294238
AgglomerativeClustering,"{'n_clusters': 24, 'linkage': 'average', 'metric': 'manhattan'}",0.33507765459415934,325.1086605006159,1.067644550194404
AgglomerativeClustering,"{'n_clusters': 24, 'linkage': 'average', 'metric': 'cosine'}",0.18091963077838227,323.58404748322755,1.0982182061891421
AgglomerativeClustering,"{'n_clusters': 24, 'linkage': 'single', 'metric': 'euclidean'}",0.23046352075287446,110.91761102302519,0.8921258007161711
AgglomerativeClustering,"{'n_clusters': 24, 'linkage': 'single', 'metric': 'l1'}",0.08121750129092697,5.391551593058352,0.4614927391729884
AgglomerativeClustering,"{'n_clusters': 24, 'linkage': 'single', 'metric': 'l2'}",0.23046352075287446,110.91761102302519,0.8921258007161711
AgglomerativeClustering,"{'n_clusters': 24, 'linkage': 'single', 'metric': 'manhattan'}",0.08121750129092697,5.391551593058352,0.4614927391729884
AgglomerativeClustering,"{'n_clusters': 24, 'linkage': 'single', 'metric': 'cosine'}",-0.23279090353387563,106.33533313681733,1.7751088480449873
AgglomerativeClustering,"{'n_clusters': 25, 'linkage': 'ward', 'metric': 'euclidean'}",0.2612914542253717,773.7643753842523,1.161339970735854
AgglomerativeClustering,"{'n_clusters': 25, 'linkage': 'complete', 'metric': 'euclidean'}",0.2552686389689641,545.7530567994825,1.3987520755871685
AgglomerativeClustering,"{'n_clusters': 25, 'linkage': 'complete', 'metric': 'l1'}",0.24105815503951264,428.38481101290273,1.28074509423255
AgglomerativeClustering,"{'n_clusters': 25, 'linkage': 'complete', 'metric': 'l2'}",0.2552686389689641,545.7530567994825,1.3987520755871685
AgglomerativeClustering,"{'n_clusters': 25, 'linkage': 'complete', 'metric': 'manhattan'}",0.24105815503951264,428.38481101290273,1.28074509423255
AgglomerativeClustering,"{'n_clusters': 25, 'linkage': 'complete', 'metric': 'cosine'}",0.14150267633680205,376.41811884282635,1.3553430037332843
AgglomerativeClustering,"{'n_clusters': 25, 'linkage': 'average', 'metric': 'euclidean'}",0.3496411721786643,336.79511543246576,0.9639921350622166
AgglomerativeClustering,"{'n_clusters': 25, 'linkage': 'average', 'metric': 'l1'}",0.3346936661307509,313.01023422387,1.0782422334253878
AgglomerativeClustering,"{'n_clusters': 25, 'linkage': 'average', 'metric': 'l2'}",0.3496411721786643,336.79511543246576,0.9639921350622166
AgglomerativeClustering,"{'n_clusters': 25, 'linkage': 'average', 'metric': 'manhattan'}",0.3346936661307509,313.01023422387,1.0782422334253878
AgglomerativeClustering,"{'n_clusters': 25, 'linkage': 'average', 'metric': 'cosine'}",0.19246018273153523,392.2599289147244,1.1271760873470134
AgglomerativeClustering,"{'n_clusters': 25, 'linkage': 'single', 'metric': 'euclidean'}",0.22797380064303607,106.44518214707452,0.8891203897602223
AgglomerativeClustering,"{'n_clusters': 25, 'linkage': 'single', 'metric': 'l1'}",0.08059395481872556,5.401644562521215,0.4582369146680124
AgglomerativeClustering,"{'n_clusters': 25, 'linkage': 'single', 'metric': 'l2'}",0.22797380064303607,106.44518214707452,0.8891203897602223
AgglomerativeClustering,"{'n_clusters': 25, 'linkage': 'single', 'metric': 'manhattan'}",0.08059395481872556,5.401644562521215,0.4582369146680124
AgglomerativeClustering,"{'n_clusters': 25, 'linkage': 'single', 'metric': 'cosine'}",-0.23416120734497883,101.86744413037081,1.788041982987995
AgglomerativeClustering,"{'n_clusters': 26, 'linkage': 'ward', 'metric': 'euclidean'}",0.2607657748331987,764.8988162460319,1.174424793943341
AgglomerativeClustering,"{'n_clusters': 26, 'linkage': 'complete', 'metric': 'euclidean'}",0.25603366068505634,528.9218807123515,1.372856264158835
AgglomerativeClustering,"{'n_clusters': 26, 'linkage': 'complete', 'metric': 'l1'}",0.28988698716156425,537.0237140971997,1.3161793459102191
AgglomerativeClustering,"{'n_clusters': 26, 'linkage': 'complete', 'metric': 'l2'}",0.25603366068505634,528.9218807123515,1.372856264158835
AgglomerativeClustering,"{'n_clusters': 26, 'linkage': 'complete', 'metric': 'manhattan'}",0.28988698716156425,537.0237140971997,1.3161793459102191
AgglomerativeClustering,"{'n_clusters': 26, 'linkage': 'complete', 'metric': 'cosine'}",0.13495917507768576,362.6230606924301,1.3709561508958843
AgglomerativeClustering,"{'n_clusters': 26, 'linkage': 'average', 'metric': 'euclidean'}",0.3493737847378234,323.54601400950196,0.9557968852644448
AgglomerativeClustering,"{'n_clusters': 26, 'linkage': 'average', 'metric': 'l1'}",0.32996341144921654,301.08689532712543,1.065546210610872
AgglomerativeClustering,"{'n_clusters': 26, 'linkage': 'average', 'metric': 'l2'}",0.3493737847378234,323.54601400950196,0.9557968852644448
AgglomerativeClustering,"{'n_clusters': 26, 'linkage': 'average', 'metric': 'manhattan'}",0.32996341144921654,301.08689532712543,1.065546210610872
AgglomerativeClustering,"{'n_clusters': 26, 'linkage': 'average', 'metric': 'cosine'}",0.1925697859329118,386.6074727356257,1.1381911820104478
AgglomerativeClustering,"{'n_clusters': 26, 'linkage': 'single', 'metric': 'euclidean'}",0.22811172376949823,102.41897758508343,0.8759942210802959
AgglomerativeClustering,"{'n_clusters': 26, 'linkage': 'single', 'metric': 'l1'}",0.0804987764981928,5.300579852096429,0.46132146701318294
AgglomerativeClustering,"{'n_clusters': 26, 'linkage': 'single', 'metric': 'l2'}",0.22811172376949823,102.41897758508343,0.8759942210802959
AgglomerativeClustering,"{'n_clusters': 26, 'linkage': 'single', 'metric': 'manhattan'}",0.0804987764981928,5.300579852096429,0.46132146701318294
AgglomerativeClustering,"{'n_clusters': 26, 'linkage': 'single', 'metric': 'cosine'}",-0.23521358137629964,97.75715951808323,1.7932433057094053
AgglomerativeClustering,"{'n_clusters': 27, 'linkage': 'ward', 'metric': 'euclidean'}",0.258052827076528,752.1159548945933,1.1654581166589753
AgglomerativeClustering,"{'n_clusters': 27, 'linkage': 'complete', 'metric': 'euclidean'}",0.25585207540882554,512.6864893203553,1.3604006271465379
AgglomerativeClustering,"{'n_clusters': 27, 'linkage': 'complete', 'metric': 'l1'}",0.2898060396877997,520.3451718543473,1.3069962582291215
AgglomerativeClustering,"{'n_clusters': 27, 'linkage': 'complete', 'metric': 'l2'}",0.25585207540882554,512.6864893203553,1.3604006271465379
AgglomerativeClustering,"{'n_clusters': 27, 'linkage': 'complete', 'metric': 'manhattan'}",0.2898060396877997,520.3451718543473,1.3069962582291215
AgglomerativeClustering,"{'n_clusters': 27, 'linkage': 'complete', 'metric': 'cosine'}",0.1433922986927698,372.72920015629967,1.354431880926451
AgglomerativeClustering,"{'n_clusters': 27, 'linkage': 'average', 'metric': 'euclidean'}",0.3495160823917435,312.63603015402276,0.9841871351343444
AgglomerativeClustering,"{'n_clusters': 27, 'linkage': 'average', 'metric': 'l1'}",0.3287670950997799,289.7235750961589,1.0503626117821032
AgglomerativeClustering,"{'n_clusters': 27, 'linkage': 'average', 'metric': 'l2'}",0.3495160823917435,312.63603015402276,0.9841871351343444
AgglomerativeClustering,"{'n_clusters': 27, 'linkage': 'average', 'metric': 'manhattan'}",0.3287670950997799,289.7235750961589,1.0503626117821032
AgglomerativeClustering,"{'n_clusters': 27, 'linkage': 'average', 'metric': 'cosine'}",0.19220525289423934,371.8915592400469,1.165484012286376
AgglomerativeClustering,"{'n_clusters': 27, 'linkage': 'single', 'metric': 'euclidean'}",0.22686649145391452,98.57626463710265,0.9541088816507826
AgglomerativeClustering,"{'n_clusters': 27, 'linkage': 'single', 'metric': 'l1'}",0.08202736049605919,5.543635241594636,0.46028044322689243
AgglomerativeClustering,"{'n_clusters': 27, 'linkage': 'single', 'metric': 'l2'}",0.22686649145391452,98.57626463710265,0.9541088816507826
AgglomerativeClustering,"{'n_clusters': 27, 'linkage': 'single', 'metric': 'manhattan'}",0.08202736049605919,5.543635241594636,0.46028044322689243
AgglomerativeClustering,"{'n_clusters': 27, 'linkage': 'single', 'metric': 'cosine'}",-0.24057263500518294,94.02101421578277,1.7608809245250299
AgglomerativeClustering,"{'n_clusters': 28, 'linkage': 'ward', 'metric': 'euclidean'}",0.2535507877722749,740.9295269907279,1.1852006362849739
AgglomerativeClustering,"{'n_clusters': 28, 'linkage': 'complete', 'metric': 'euclidean'}",0.255815060741263,497.1447181537727,1.3671486036132108
AgglomerativeClustering,"{'n_clusters': 28, 'linkage': 'complete', 'metric': 'l1'}",0.2893794333484484,504.76466202319455,1.3400313438485902
AgglomerativeClustering,"{'n_clusters': 28, 'linkage': 'complete', 'metric': 'l2'}",0.255815060741263,497.1447181537727,1.3671486036132108
AgglomerativeClustering,"{'n_clusters': 28, 'linkage': 'complete', 'metric': 'manhattan'}",0.2893794333484484,504.76466202319455,1.3400313438485902
AgglomerativeClustering,"{'n_clusters': 28, 'linkage': 'complete', 'metric': 'cosine'}",0.1409637092481705,359.1335592130295,1.3683162208829152
AgglomerativeClustering,"{'n_clusters': 28, 'linkage': 'average', 'metric': 'euclidean'}",0.3485594638002228,301.8612798208529,0.9845048830044607
AgglomerativeClustering,"{'n_clusters': 28, 'linkage': 'average', 'metric': 'l1'}",0.32951686136939257,280.65932803360477,1.0609449588429132
AgglomerativeClustering,"{'n_clusters': 28, 'linkage': 'average', 'metric': 'l2'}",0.3485594638002228,301.8612798208529,0.9845048830044607
AgglomerativeClustering,"{'n_clusters': 28, 'linkage': 'average', 'metric': 'manhattan'}",0.32951686136939257,280.65932803360477,1.0609449588429132
AgglomerativeClustering,"{'n_clusters': 28, 'linkage': 'average', 'metric': 'cosine'}",0.1874906198462437,358.15635348251885,1.19329010143843
AgglomerativeClustering,"{'n_clusters': 28, 'linkage': 'single', 'metric': 'euclidean'}",0.22650945457023014,95.09847252158875,0.9446695656478131
AgglomerativeClustering,"{'n_clusters': 28, 'linkage': 'single', 'metric': 'l1'}",0.09375075735890824,9.124524443679334,0.601266053030674
AgglomerativeClustering,"{'n_clusters': 28, 'linkage': 'single', 'metric': 'l2'}",0.22650945457023014,95.09847252158875,0.9446695656478131
AgglomerativeClustering,"{'n_clusters': 28, 'linkage': 'single', 'metric': 'manhattan'}",0.09375075735890824,9.124524443679334,0.601266053030674
AgglomerativeClustering,"{'n_clusters': 28, 'linkage': 'single', 'metric': 'cosine'}",-0.24204502701733382,90.51947486695812,1.7646629013430915
AgglomerativeClustering,"{'n_clusters': 29, 'linkage': 'ward', 'metric': 'euclidean'}",0.2527981800559037,729.2020374355587,1.2106337775559302
AgglomerativeClustering,"{'n_clusters': 29, 'linkage': 'complete', 'metric': 'euclidean'}",0.24973635833456187,487.05615547999844,1.384122287372834
AgglomerativeClustering,"{'n_clusters': 29, 'linkage': 'complete', 'metric': 'l1'}",0.2880235775689685,491.3386620829415,1.3275021233909177
AgglomerativeClustering,"{'n_clusters': 29, 'linkage': 'complete', 'metric': 'l2'}",0.24973635833456187,487.05615547999844,1.384122287372834
AgglomerativeClustering,"{'n_clusters': 29, 'linkage': 'complete', 'metric': 'manhattan'}",0.2880235775689685,491.3386620829415,1.3275021233909177
AgglomerativeClustering,"{'n_clusters': 29, 'linkage': 'complete', 'metric': 'cosine'}",0.1423423938431715,346.73102497513065,1.3596501725369468
AgglomerativeClustering,"{'n_clusters': 29, 'linkage': 'average', 'metric': 'euclidean'}",0.3479024344474646,291.31604011556027,0.9686473804025052
AgglomerativeClustering,"{'n_clusters': 29, 'linkage': 'average', 'metric': 'l1'}",0.32983252118390144,271.44300361912167,1.0548258222689948
AgglomerativeClustering,"{'n_clusters': 29, 'linkage': 'average', 'metric': 'l2'}",0.3479024344474646,291.31604011556027,0.9686473804025052
AgglomerativeClustering,"{'n_clusters': 29, 'linkage': 'average', 'metric': 'manhattan'}",0.32983252118390144,271.44300361912167,1.0548258222689948
AgglomerativeClustering,"{'n_clusters': 29, 'linkage': 'average', 'metric': 'cosine'}",0.1855204845664967,346.28133513331085,1.2185944581735675
AgglomerativeClustering,"{'n_clusters': 29, 'linkage': 'single', 'metric': 'euclidean'}",0.23454930168702529,96.28333730484593,0.8384514471758117
AgglomerativeClustering,"{'n_clusters': 29, 'linkage': 'single', 'metric': 'l1'}",0.09381199878287921,8.850002432896169,0.586011418068082
AgglomerativeClustering,"{'n_clusters': 29, 'linkage': 'single', 'metric': 'l2'}",0.23454930168702529,96.28333730484593,0.8384514471758117
AgglomerativeClustering,"{'n_clusters': 29, 'linkage': 'single', 'metric': 'manhattan'}",0.09381199878287921,8.850002432896169,0.586011418068082
AgglomerativeClustering,"{'n_clusters': 29, 'linkage': 'single', 'metric': 'cosine'}",-0.24353938730144814,87.25468532259966,1.7652645431287077
AgglomerativeClustering,"{'n_clusters': 30, 'linkage': 'ward', 'metric': 'euclidean'}",0.25504694862227595,718.4590108543462,1.2004400540509623
AgglomerativeClustering,"{'n_clusters': 30, 'linkage': 'complete', 'metric': 'euclidean'}",0.24978202425001372,471.8160551816327,1.3443369383572998
AgglomerativeClustering,"{'n_clusters': 30, 'linkage': 'complete', 'metric': 'l1'}",0.2777110005846698,487.78253209756355,1.3434599739277275
AgglomerativeClustering,"{'n_clusters': 30, 'linkage': 'complete', 'metric': 'l2'}",0.24978202425001372,471.8160551816327,1.3443369383572998
AgglomerativeClustering,"{'n_clusters': 30, 'linkage': 'complete', 'metric': 'manhattan'}",0.2777110005846698,487.78253209756355,1.3434599739277275
AgglomerativeClustering,"{'n_clusters': 30, 'linkage': 'complete', 'metric': 'cosine'}",0.14444012373418552,336.46033629967786,1.3346119804930103
AgglomerativeClustering,"{'n_clusters': 30, 'linkage': 'average', 'metric': 'euclidean'}",0.3493403985318209,283.2142938997048,0.9677743500912535
AgglomerativeClustering,"{'n_clusters': 30, 'linkage': 'average', 'metric': 'l1'}",0.3300465785392421,262.7882826321254,1.062113663238661
AgglomerativeClustering,"{'n_clusters': 30, 'linkage': 'average', 'metric': 'l2'}",0.3493403985318209,283.2142938997048,0.9677743500912535
AgglomerativeClustering,"{'n_clusters': 30, 'linkage': 'average', 'metric': 'manhattan'}",0.3300465785392421,262.7882826321254,1.062113663238661
AgglomerativeClustering,"{'n_clusters': 30, 'linkage': 'average', 'metric': 'cosine'}",0.18978465066501726,375.5967171514468,1.2149436158162898
AgglomerativeClustering,"{'n_clusters': 30, 'linkage': 'single', 'metric': 'euclidean'}",0.23264156562015964,93.26680930336123,0.8256442871442519
AgglomerativeClustering,"{'n_clusters': 30, 'linkage': 'single', 'metric': 'l1'}",0.11413733378902487,16.096123559926678,0.6131882886033418
AgglomerativeClustering,"{'n_clusters': 30, 'linkage': 'single', 'metric': 'l2'}",0.23264156562015964,93.26680930336123,0.8256442871442519
AgglomerativeClustering,"{'n_clusters': 30, 'linkage': 'single', 'metric': 'manhattan'}",0.11413733378902487,16.096123559926678,0.6131882886033418
AgglomerativeClustering,"{'n_clusters': 30, 'linkage': 'single', 'metric': 'cosine'}",-0.24348045171467775,84.22322087973397,1.7840882310594783
AgglomerativeClustering,"{'n_clusters': 31, 'linkage': 'ward', 'metric': 'euclidean'}",0.2549111893889509,708.160663645615,1.202495052208494
AgglomerativeClustering,"{'n_clusters': 31, 'linkage': 'complete', 'metric': 'euclidean'}",0.2504069233797134,461.1098036263289,1.3359434535123627
AgglomerativeClustering,"{'n_clusters': 31, 'linkage': 'complete', 'metric': 'l1'}",0.2762672589945451,475.0519275582235,1.3427771783383071
AgglomerativeClustering,"{'n_clusters': 31, 'linkage': 'complete', 'metric': 'l2'}",0.2504069233797134,461.1098036263289,1.3359434535123627
AgglomerativeClustering,"{'n_clusters': 31, 'linkage': 'complete', 'metric': 'manhattan'}",0.2762672589945451,475.0519275582235,1.3427771783383071
AgglomerativeClustering,"{'n_clusters': 31, 'linkage': 'complete', 'metric': 'cosine'}",0.148996208500792,336.05510504538984,1.3704796956786474
AgglomerativeClustering,"{'n_clusters': 31, 'linkage': 'average', 'metric': 'euclidean'}",0.32333257655159287,290.27480684972426,1.0064571648064762
AgglomerativeClustering,"{'n_clusters': 31, 'linkage': 'average', 'metric': 'l1'}",0.32035852312999324,255.73450009436726,1.0520615754413873
AgglomerativeClustering,"{'n_clusters': 31, 'linkage': 'average', 'metric': 'l2'}",0.32333257655159287,290.27480684972426,1.0064571648064762
AgglomerativeClustering,"{'n_clusters': 31, 'linkage': 'average', 'metric': 'manhattan'}",0.32035852312999324,255.73450009436726,1.0520615754413873
AgglomerativeClustering,"{'n_clusters': 31, 'linkage': 'average', 'metric': 'cosine'}",0.18665563209609745,363.2762882012676,1.2298574794531918
AgglomerativeClustering,"{'n_clusters': 31, 'linkage': 'single', 'metric': 'euclidean'}",0.23254019997706069,90.20797203526543,0.8313288775123192
AgglomerativeClustering,"{'n_clusters': 31, 'linkage': 'single', 'metric': 'l1'}",0.11080242515524713,15.590419243928393,0.6122695212292738
AgglomerativeClustering,"{'n_clusters': 31, 'linkage': 'single', 'metric': 'l2'}",0.23254019997706069,90.20797203526543,0.8313288775123192
AgglomerativeClustering,"{'n_clusters': 31, 'linkage': 'single', 'metric': 'manhattan'}",0.11080242515524713,15.590419243928393,0.6122695212292738
AgglomerativeClustering,"{'n_clusters': 31, 'linkage': 'single', 'metric': 'cosine'}",-0.2436151248573177,81.38587410462178,1.7850601372698989
AgglomerativeClustering,"{'n_clusters': 32, 'linkage': 'ward', 'metric': 'euclidean'}",0.2546950759749691,698.8349184283128,1.2072074105942918
AgglomerativeClustering,"{'n_clusters': 32, 'linkage': 'complete', 'metric': 'euclidean'}",0.24961330898796763,458.78083460674196,1.2939351504270262
AgglomerativeClustering,"{'n_clusters': 32, 'linkage': 'complete', 'metric': 'l1'}",0.27687929737830447,462.8400934383819,1.314191842736841
AgglomerativeClustering,"{'n_clusters': 32, 'linkage': 'complete', 'metric': 'l2'}",0.24961330898796763,458.78083460674196,1.2939351504270262
AgglomerativeClustering,"{'n_clusters': 32, 'linkage': 'complete', 'metric': 'manhattan'}",0.27687929737830447,462.8400934383819,1.314191842736841
AgglomerativeClustering,"{'n_clusters': 32, 'linkage': 'complete', 'metric': 'cosine'}",0.14455833626817424,325.2471856359444,1.3562835680372496
AgglomerativeClustering,"{'n_clusters': 32, 'linkage': 'average', 'metric': 'euclidean'}",0.3793042576197649,411.2206220649271,0.9921876266816959
AgglomerativeClustering,"{'n_clusters': 32, 'linkage': 'average', 'metric': 'l1'}",0.31985124447049096,247.60833117784367,1.0167699812338826
AgglomerativeClustering,"{'n_clusters': 32, 'linkage': 'average', 'metric': 'l2'}",0.3793042576197649,411.2206220649271,0.9921876266816959
AgglomerativeClustering,"{'n_clusters': 32, 'linkage': 'average', 'metric': 'manhattan'}",0.31985124447049096,247.60833117784367,1.0167699812338826
AgglomerativeClustering,"{'n_clusters': 32, 'linkage': 'average', 'metric': 'cosine'}",0.18460675976559499,352.3090484435053,1.2314368542808856
AgglomerativeClustering,"{'n_clusters': 32, 'linkage': 'single', 'metric': 'euclidean'}",0.23720911054985147,89.54366577978918,0.8155456771338839
AgglomerativeClustering,"{'n_clusters': 32, 'linkage': 'single', 'metric': 'l1'}",0.11169641392798367,15.43311372662342,0.6094804758918797
AgglomerativeClustering,"{'n_clusters': 32, 'linkage': 'single', 'metric': 'l2'}",0.23720911054985147,89.54366577978918,0.8155456771338839
AgglomerativeClustering,"{'n_clusters': 32, 'linkage': 'single', 'metric': 'manhattan'}",0.11169641392798367,15.43311372662342,0.6094804758918797
AgglomerativeClustering,"{'n_clusters': 32, 'linkage': 'single', 'metric': 'cosine'}",-0.2523517522649334,78.74452191854805,1.7861675755416524
AgglomerativeClustering,"{'n_clusters': 33, 'linkage': 'ward', 'metric': 'euclidean'}",0.25143330257219,689.755838126173,1.1900217149367776
AgglomerativeClustering,"{'n_clusters': 33, 'linkage': 'complete', 'metric': 'euclidean'}",0.24942370588174737,446.047589531585,1.2783626291961219
AgglomerativeClustering,"{'n_clusters': 33, 'linkage': 'complete', 'metric': 'l1'}",0.2761239634157668,456.47331313926304,1.297488986136268
AgglomerativeClustering,"{'n_clusters': 33, 'linkage': 'complete', 'metric': 'l2'}",0.24942370588174737,446.047589531585,1.2783626291961219
AgglomerativeClustering,"{'n_clusters': 33, 'linkage': 'complete', 'metric': 'manhattan'}",0.2761239634157668,456.47331313926304,1.297488986136268
AgglomerativeClustering,"{'n_clusters': 33, 'linkage': 'complete', 'metric': 'cosine'}",0.14604218280367937,315.9623578186725,1.3796605672777749
AgglomerativeClustering,"{'n_clusters': 33, 'linkage': 'average', 'metric': 'euclidean'}",0.3648952212384844,398.9323589234298,0.9746351790263987
AgglomerativeClustering,"{'n_clusters': 33, 'linkage': 'average', 'metric': 'l1'}",0.3166770121302887,240.0026634066578,0.9947095980861697
AgglomerativeClustering,"{'n_clusters': 33, 'linkage': 'average', 'metric': 'l2'}",0.3648952212384844,398.9323589234298,0.9746351790263987
AgglomerativeClustering,"{'n_clusters': 33, 'linkage': 'average', 'metric': 'manhattan'}",0.3166770121302887,240.0026634066578,0.9947095980861697
AgglomerativeClustering,"{'n_clusters': 33, 'linkage': 'average', 'metric': 'cosine'}",0.1806630580048804,341.32926004366533,1.2107117766109214
AgglomerativeClustering,"{'n_clusters': 33, 'linkage': 'single', 'metric': 'euclidean'}",0.23574967143909759,86.84646522361457,0.8123894168554121
AgglomerativeClustering,"{'n_clusters': 33, 'linkage': 'single', 'metric': 'l1'}",0.11149387603659268,14.985179090575507,0.6206471788703067
AgglomerativeClustering,"{'n_clusters': 33, 'linkage': 'single', 'metric': 'l2'}",0.23574967143909759,86.84646522361457,0.8123894168554121
AgglomerativeClustering,"{'n_clusters': 33, 'linkage': 'single', 'metric': 'manhattan'}",0.11149387603659268,14.985179090575507,0.6206471788703067
AgglomerativeClustering,"{'n_clusters': 33, 'linkage': 'single', 'metric': 'cosine'}",-0.25386248916801923,76.25591242861651,1.7767906674050038
AgglomerativeClustering,"{'n_clusters': 34, 'linkage': 'ward', 'metric': 'euclidean'}",0.24849796988647482,681.475053644703,1.2024014542635106
AgglomerativeClustering,"{'n_clusters': 34, 'linkage': 'complete', 'metric': 'euclidean'}",0.22650401761729386,438.9222515446909,1.2749840417006448
AgglomerativeClustering,"{'n_clusters': 34, 'linkage': 'complete', 'metric': 'l1'}",0.27622802874949093,445.1987188942025,1.2995501160959004
AgglomerativeClustering,"{'n_clusters': 34, 'linkage': 'complete', 'metric': 'l2'}",0.22650401761729386,438.9222515446909,1.2749840417006448
AgglomerativeClustering,"{'n_clusters': 34, 'linkage': 'complete', 'metric': 'manhattan'}",0.27622802874949093,445.1987188942025,1.2995501160959004
AgglomerativeClustering,"{'n_clusters': 34, 'linkage': 'complete', 'metric': 'cosine'}",0.1460489582798072,310.50900047306027,1.3796482628507984
AgglomerativeClustering,"{'n_clusters': 34, 'linkage': 'average', 'metric': 'euclidean'}",0.3691198545866654,402.43542081127384,0.9804033161435486
AgglomerativeClustering,"{'n_clusters': 34, 'linkage': 'average', 'metric': 'l1'}",0.31620842619043005,232.86108640844208,0.9796890191946749
AgglomerativeClustering,"{'n_clusters': 34, 'linkage': 'average', 'metric': 'l2'}",0.3691198545866654,402.43542081127384,0.9804033161435486
AgglomerativeClustering,"{'n_clusters': 34, 'linkage': 'average', 'metric': 'manhattan'}",0.31620842619043005,232.86108640844208,0.9796890191946749
AgglomerativeClustering,"{'n_clusters': 34, 'linkage': 'average', 'metric': 'cosine'}",0.17873078882888752,330.91511280279,1.2022073676458729
AgglomerativeClustering,"{'n_clusters': 34, 'linkage': 'single', 'metric': 'euclidean'}",0.2397484936100961,86.01687198746185,0.7557177069975015
AgglomerativeClustering,"{'n_clusters': 34, 'linkage': 'single', 'metric': 'l1'}",0.1118012083822674,14.668591380098544,0.6205663174719644
AgglomerativeClustering,"{'n_clusters': 34, 'linkage': 'single', 'metric': 'l2'}",0.2397484936100961,86.01687198746185,0.7557177069975015
AgglomerativeClustering,"{'n_clusters': 34, 'linkage': 'single', 'metric': 'manhattan'}",0.1118012083822674,14.668591380098544,0.6205663174719644
AgglomerativeClustering,"{'n_clusters': 34, 'linkage': 'single', 'metric': 'cosine'}",-0.26518454362764987,73.92662687981492,1.7877272698005955
AgglomerativeClustering,"{'n_clusters': 35, 'linkage': 'ward', 'metric': 'euclidean'}",0.24858221146654352,673.5504181070936,1.2150082303705279
AgglomerativeClustering,"{'n_clusters': 35, 'linkage': 'complete', 'metric': 'euclidean'}",0.2274577141404723,430.2361476449181,1.263802754724811
AgglomerativeClustering,"{'n_clusters': 35, 'linkage': 'complete', 'metric': 'l1'}",0.27570110094397354,435.67901575237306,1.303222258361664
AgglomerativeClustering,"{'n_clusters': 35, 'linkage': 'complete', 'metric': 'l2'}",0.2274577141404723,430.2361476449181,1.263802754724811
AgglomerativeClustering,"{'n_clusters': 35, 'linkage': 'complete', 'metric': 'manhattan'}",0.27570110094397354,435.67901575237306,1.303222258361664
AgglomerativeClustering,"{'n_clusters': 35, 'linkage': 'complete', 'metric': 'cosine'}",0.14457898024724997,301.2926967747851,1.3609309497964956
AgglomerativeClustering,"{'n_clusters': 35, 'linkage': 'average', 'metric': 'euclidean'}",0.3688204295872805,392.23099238031404,0.9740783862992615
AgglomerativeClustering,"{'n_clusters': 35, 'linkage': 'average', 'metric': 'l1'}",0.3162208550870059,226.26659237753756,0.9625545712956101
AgglomerativeClustering,"{'n_clusters': 35, 'linkage': 'average', 'metric': 'l2'}",0.3688204295872805,392.23099238031404,0.9740783862992615
AgglomerativeClustering,"{'n_clusters': 35, 'linkage': 'average', 'metric': 'manhattan'}",0.3162208550870059,226.26659237753756,0.9625545712956101
AgglomerativeClustering,"{'n_clusters': 35, 'linkage': 'average', 'metric': 'cosine'}",0.16416662738322915,338.1552984067305,1.2081600232135123
AgglomerativeClustering,"{'n_clusters': 35, 'linkage': 'single', 'metric': 'euclidean'}",0.23839838218780268,83.4918688860871,0.7401131826131508
AgglomerativeClustering,"{'n_clusters': 35, 'linkage': 'single', 'metric': 'l1'}",0.11312671492644316,14.579086394482296,0.6174864835108752
AgglomerativeClustering,"{'n_clusters': 35, 'linkage': 'single', 'metric': 'l2'}",0.23839838218780268,83.4918688860871,0.7401131826131508
AgglomerativeClustering,"{'n_clusters': 35, 'linkage': 'single', 'metric': 'manhattan'}",0.11312671492644316,14.579086394482296,0.6174864835108752
AgglomerativeClustering,"{'n_clusters': 35, 'linkage': 'single', 'metric': 'cosine'}",-0.26696651543463207,71.73224179122585,1.758234788252422
AgglomerativeClustering,"{'n_clusters': 36, 'linkage': 'ward', 'metric': 'euclidean'}",0.2463840391495898,666.0792927647184,1.2558505404259663
AgglomerativeClustering,"{'n_clusters': 36, 'linkage': 'complete', 'metric': 'euclidean'}",0.230228625335224,466.18517840051703,1.2436511775826615
AgglomerativeClustering,"{'n_clusters': 36, 'linkage': 'complete', 'metric': 'l1'}",0.2714418215163084,429.15684087930833,1.2980689060012485
AgglomerativeClustering,"{'n_clusters': 36, 'linkage': 'complete', 'metric': 'l2'}",0.230228625335224,466.18517840051703,1.2436511775826615
AgglomerativeClustering,"{'n_clusters': 36, 'linkage': 'complete', 'metric': 'manhattan'}",0.2714418215163084,429.15684087930833,1.2980689060012485
AgglomerativeClustering,"{'n_clusters': 36, 'linkage': 'complete', 'metric': 'cosine'}",0.13764306169476567,313.9383019370315,1.4033238133863046
AgglomerativeClustering,"{'n_clusters': 36, 'linkage': 'average', 'metric': 'euclidean'}",0.35970445221753905,383.4040975503415,0.9664403108228803
AgglomerativeClustering,"{'n_clusters': 36, 'linkage': 'average', 'metric': 'l1'}",0.3158592584926309,219.95915062952628,0.9465227386997116
AgglomerativeClustering,"{'n_clusters': 36, 'linkage': 'average', 'metric': 'l2'}",0.35970445221753905,383.4040975503415,0.9664403108228803
AgglomerativeClustering,"{'n_clusters': 36, 'linkage': 'average', 'metric': 'manhattan'}",0.3158592584926309,219.95915062952628,0.9465227386997116
AgglomerativeClustering,"{'n_clusters': 36, 'linkage': 'average', 'metric': 'cosine'}",0.16269716961709724,328.4193127960709,1.202281485246361
AgglomerativeClustering,"{'n_clusters': 36, 'linkage': 'single', 'metric': 'euclidean'}",0.23996120851300495,81.37399104683531,0.7023969404205397
AgglomerativeClustering,"{'n_clusters': 36, 'linkage': 'single', 'metric': 'l1'}",0.11212024008446889,14.276905906146354,0.6138311842129257
AgglomerativeClustering,"{'n_clusters': 36, 'linkage': 'single', 'metric': 'l2'}",0.23996120851300495,81.37399104683531,0.7023969404205397
AgglomerativeClustering,"{'n_clusters': 36, 'linkage': 'single', 'metric': 'manhattan'}",0.11212024008446889,14.276905906146354,0.6138311842129257
AgglomerativeClustering,"{'n_clusters': 36, 'linkage': 'single', 'metric': 'cosine'}",-0.26835740747583414,69.70002393585433,1.7354079984015898
AgglomerativeClustering,"{'n_clusters': 37, 'linkage': 'ward', 'metric': 'euclidean'}",0.24419430699955647,659.0177315402747,1.2510343262403194
AgglomerativeClustering,"{'n_clusters': 37, 'linkage': 'complete', 'metric': 'euclidean'}",0.2302681815114627,455.0766092095482,1.2208546637466509
AgglomerativeClustering,"{'n_clusters': 37, 'linkage': 'complete', 'metric': 'l1'}",0.2722886320207668,421.2326823629111,1.3017902786625704
AgglomerativeClustering,"{'n_clusters': 37, 'linkage': 'complete', 'metric': 'l2'}",0.2302681815114627,455.0766092095482,1.2208546637466509
AgglomerativeClustering,"{'n_clusters': 37, 'linkage': 'complete', 'metric': 'manhattan'}",0.2722886320207668,421.2326823629111,1.3017902786625704
AgglomerativeClustering,"{'n_clusters': 37, 'linkage': 'complete', 'metric': 'cosine'}",0.13834596833788337,305.76303884824335,1.3840261871701323
AgglomerativeClustering,"{'n_clusters': 37, 'linkage': 'average', 'metric': 'euclidean'}",0.35898962464080936,373.1968323181917,0.9534131312028175
AgglomerativeClustering,"{'n_clusters': 37, 'linkage': 'average', 'metric': 'l1'}",0.31897927132394327,217.6235054227172,0.9402913454630155
AgglomerativeClustering,"{'n_clusters': 37, 'linkage': 'average', 'metric': 'l2'}",0.35898962464080936,373.1968323181917,0.9534131312028175
AgglomerativeClustering,"{'n_clusters': 37, 'linkage': 'average', 'metric': 'manhattan'}",0.31897927132394327,217.6235054227172,0.9402913454630155
AgglomerativeClustering,"{'n_clusters': 37, 'linkage': 'average', 'metric': 'cosine'}",0.15919778774338142,319.19040345991357,1.190479009052128
AgglomerativeClustering,"{'n_clusters': 37, 'linkage': 'single', 'metric': 'euclidean'}",0.2385424214851032,79.20955900443151,0.7021375219235184
AgglomerativeClustering,"{'n_clusters': 37, 'linkage': 'single', 'metric': 'l1'}",0.11190977143697328,14.061315915028922,0.6081176299804595
AgglomerativeClustering,"{'n_clusters': 37, 'linkage': 'single', 'metric': 'l2'}",0.2385424214851032,79.20955900443151,0.7021375219235184
AgglomerativeClustering,"{'n_clusters': 37, 'linkage': 'single', 'metric': 'manhattan'}",0.11190977143697328,14.061315915028922,0.6081176299804595
AgglomerativeClustering,"{'n_clusters': 37, 'linkage': 'single', 'metric': 'cosine'}",-0.2682375041412511,67.74946670489497,1.7388131679755565
AgglomerativeClustering,"{'n_clusters': 38, 'linkage': 'ward', 'metric': 'euclidean'}",0.2510066374172173,652.3976354161857,1.247889384261698
AgglomerativeClustering,"{'n_clusters': 38, 'linkage': 'complete', 'metric': 'euclidean'}",0.2196085107042043,450.1983084970557,1.2558847748371744
AgglomerativeClustering,"{'n_clusters': 38, 'linkage': 'complete', 'metric': 'l1'}",0.2691718159776658,412.7546037568561,1.3372843557180543
AgglomerativeClustering,"{'n_clusters': 38, 'linkage': 'complete', 'metric': 'l2'}",0.2196085107042043,450.1983084970557,1.2558847748371744
AgglomerativeClustering,"{'n_clusters': 38, 'linkage': 'complete', 'metric': 'manhattan'}",0.2691718159776658,412.7546037568561,1.3372843557180543
AgglomerativeClustering,"{'n_clusters': 38, 'linkage': 'complete', 'metric': 'cosine'}",0.13511046378954322,297.80395995682375,1.3892062171498598
AgglomerativeClustering,"{'n_clusters': 38, 'linkage': 'average', 'metric': 'euclidean'}",0.3407091111862463,366.44654670891657,0.946698799214232
AgglomerativeClustering,"{'n_clusters': 38, 'linkage': 'average', 'metric': 'l1'}",0.3611363353220246,311.50667487372226,0.9415521424753743
AgglomerativeClustering,"{'n_clusters': 38, 'linkage': 'average', 'metric': 'l2'}",0.3407091111862463,366.44654670891657,0.946698799214232
AgglomerativeClustering,"{'n_clusters': 38, 'linkage': 'average', 'metric': 'manhattan'}",0.3611363353220246,311.50667487372226,0.9415521424753743
AgglomerativeClustering,"{'n_clusters': 38, 'linkage': 'average', 'metric': 'cosine'}",0.15540281389518124,310.553609893475,1.2017861939432641
AgglomerativeClustering,"{'n_clusters': 38, 'linkage': 'single', 'metric': 'euclidean'}",0.23659293890444888,77.09600990266483,0.7112189456208752
AgglomerativeClustering,"{'n_clusters': 38, 'linkage': 'single', 'metric': 'l1'}",0.10215869103238547,13.80807297148332,0.6039931086633351
AgglomerativeClustering,"{'n_clusters': 38, 'linkage': 'single', 'metric': 'l2'}",0.23659293890444888,77.09600990266483,0.7112189456208752
AgglomerativeClustering,"{'n_clusters': 38, 'linkage': 'single', 'metric': 'manhattan'}",0.10215869103238547,13.80807297148332,0.6039931086633351
AgglomerativeClustering,"{'n_clusters': 38, 'linkage': 'single', 'metric': 'cosine'}",-0.2688285566517719,66.15844821544671,1.7060843986071454
AgglomerativeClustering,"{'n_clusters': 39, 'linkage': 'ward', 'metric': 'euclidean'}",0.25171491121129813,646.3133559574067,1.2445820287063647
AgglomerativeClustering,"{'n_clusters': 39, 'linkage': 'complete', 'metric': 'euclidean'}",0.22009610996868798,443.2813833672412,1.258103401121111
AgglomerativeClustering,"{'n_clusters': 39, 'linkage': 'complete', 'metric': 'l1'}",0.2421486623020958,432.18372405072637,1.3393747013172477
AgglomerativeClustering,"{'n_clusters': 39, 'linkage': 'complete', 'metric': 'l2'}",0.22009610996868798,443.2813833672412,1.258103401121111
AgglomerativeClustering,"{'n_clusters': 39, 'linkage': 'complete', 'metric': 'manhattan'}",0.2421486623020958,432.18372405072637,1.3393747013172477
AgglomerativeClustering,"{'n_clusters': 39, 'linkage': 'complete', 'metric': 'cosine'}",0.11702161597523122,293.6025897694847,1.4126052969292244
AgglomerativeClustering,"{'n_clusters': 39, 'linkage': 'average', 'metric': 'euclidean'}",0.3399634605683546,357.5790642432537,0.9437006187962842
AgglomerativeClustering,"{'n_clusters': 39, 'linkage': 'average', 'metric': 'l1'}",0.3617110452291282,304.7715501409857,0.9429764726684291
AgglomerativeClustering,"{'n_clusters': 39, 'linkage': 'average', 'metric': 'l2'}",0.3399634605683546,357.5790642432537,0.9437006187962842
AgglomerativeClustering,"{'n_clusters': 39, 'linkage': 'average', 'metric': 'manhattan'}",0.3617110452291282,304.7715501409857,0.9429764726684291
AgglomerativeClustering,"{'n_clusters': 39, 'linkage': 'average', 'metric': 'cosine'}",0.1600938761804463,303.4098208998112,1.2198428293910282
AgglomerativeClustering,"{'n_clusters': 39, 'linkage': 'single', 'metric': 'euclidean'}",0.23688148356117764,75.34782038836866,0.7110985638388084
AgglomerativeClustering,"{'n_clusters': 39, 'linkage': 'single', 'metric': 'l1'}",0.10073568791497206,13.45433695825702,0.60989777367485
AgglomerativeClustering,"{'n_clusters': 39, 'linkage': 'single', 'metric': 'l2'}",0.23688148356117764,75.34782038836866,0.7110985638388084
AgglomerativeClustering,"{'n_clusters': 39, 'linkage': 'single', 'metric': 'manhattan'}",0.10073568791497206,13.45433695825702,0.60989777367485
AgglomerativeClustering,"{'n_clusters': 39, 'linkage': 'single', 'metric': 'cosine'}",-0.26853245373075196,64.41650361355099,1.7222681579541046
AgglomerativeClustering,"{'n_clusters': 40, 'linkage': 'ward', 'metric': 'euclidean'}",0.24950003618764138,640.4972043394034,1.2436239614589235
AgglomerativeClustering,"{'n_clusters': 40, 'linkage': 'complete', 'metric': 'euclidean'}",0.21720994443468122,445.2061494279842,1.2663305735174526
AgglomerativeClustering,"{'n_clusters': 40, 'linkage': 'complete', 'metric': 'l1'}",0.24076684625078698,423.1265244868957,1.3506336616487924
AgglomerativeClustering,"{'n_clusters': 40, 'linkage': 'complete', 'metric': 'l2'}",0.21720994443468122,445.2061494279842,1.2663305735174526
AgglomerativeClustering,"{'n_clusters': 40, 'linkage': 'complete', 'metric': 'manhattan'}",0.24076684625078698,423.1265244868957,1.3506336616487924
AgglomerativeClustering,"{'n_clusters': 40, 'linkage': 'complete', 'metric': 'cosine'}",0.11569406958999079,286.18834124652153,1.4254750487580607
AgglomerativeClustering,"{'n_clusters': 40, 'linkage': 'average', 'metric': 'euclidean'}",0.33991765329736956,349.1463091569404,0.9382888327083926
AgglomerativeClustering,"{'n_clusters': 40, 'linkage': 'average', 'metric': 'l1'}",0.3603076662914689,297.42393984760537,0.9402773608294586
AgglomerativeClustering,"{'n_clusters': 40, 'linkage': 'average', 'metric': 'l2'}",0.33991765329736956,349.1463091569404,0.9382888327083926
AgglomerativeClustering,"{'n_clusters': 40, 'linkage': 'average', 'metric': 'manhattan'}",0.3603076662914689,297.42393984760537,0.9402773608294586
AgglomerativeClustering,"{'n_clusters': 40, 'linkage': 'average', 'metric': 'cosine'}",0.15747575988407575,295.934937362355,1.2515277943596537
AgglomerativeClustering,"{'n_clusters': 40, 'linkage': 'single', 'metric': 'euclidean'}",0.2366068309006862,73.44128511191427,0.7074301756313895
AgglomerativeClustering,"{'n_clusters': 40, 'linkage': 'single', 'metric': 'l1'}",0.10096581951109815,13.13826822939651,0.6053881495903183
AgglomerativeClustering,"{'n_clusters': 40, 'linkage': 'single', 'metric': 'l2'}",0.2366068309006862,73.44128511191427,0.7074301756313895
AgglomerativeClustering,"{'n_clusters': 40, 'linkage': 'single', 'metric': 'manhattan'}",0.10096581951109815,13.13826822939651,0.6053881495903183
AgglomerativeClustering,"{'n_clusters': 40, 'linkage': 'single', 'metric': 'cosine'}",-0.2688094062092167,62.74163482154922,1.7335530716715462
AgglomerativeClustering,"{'n_clusters': 41, 'linkage': 'ward', 'metric': 'euclidean'}",0.2409477748517104,635.1898432170822,1.24175199447686
AgglomerativeClustering,"{'n_clusters': 41, 'linkage': 'complete', 'metric': 'euclidean'}",0.21675343335604813,435.0570974098804,1.2490938925797637
AgglomerativeClustering,"{'n_clusters': 41, 'linkage': 'complete', 'metric': 'l1'}",0.2387818707817993,416.6452090793531,1.3534977454875285
AgglomerativeClustering,"{'n_clusters': 41, 'linkage': 'complete', 'metric': 'l2'}",0.21675343335604813,435.0570974098804,1.2490938925797637
AgglomerativeClustering,"{'n_clusters': 41, 'linkage': 'complete', 'metric': 'manhattan'}",0.2387818707817993,416.6452090793531,1.3534977454875285
AgglomerativeClustering,"{'n_clusters': 41, 'linkage': 'complete', 'metric': 'cosine'}",0.11508255170492605,279.88042124276194,1.4452082859786826
AgglomerativeClustering,"{'n_clusters': 41, 'linkage': 'average', 'metric': 'euclidean'}",0.32722060739272124,354.305990252942,0.9318612216067961
AgglomerativeClustering,"{'n_clusters': 41, 'linkage': 'average', 'metric': 'l1'}",0.36076759829504534,291.29752122166343,0.9483640804461133
AgglomerativeClustering,"{'n_clusters': 41, 'linkage': 'average', 'metric': 'l2'}",0.32722060739272124,354.305990252942,0.9318612216067961
AgglomerativeClustering,"{'n_clusters': 41, 'linkage': 'average', 'metric': 'manhattan'}",0.36076759829504534,291.29752122166343,0.9483640804461133
AgglomerativeClustering,"{'n_clusters': 41, 'linkage': 'average', 'metric': 'cosine'}",0.16122409909064206,316.69012856244666,1.2464500506829626
AgglomerativeClustering,"{'n_clusters': 41, 'linkage': 'single', 'metric': 'euclidean'}",0.23366997363625547,71.7148863726791,0.7311058432947832
AgglomerativeClustering,"{'n_clusters': 41, 'linkage': 'single', 'metric': 'l1'}",0.10249878552087373,12.96995065899176,0.6335408278855146
AgglomerativeClustering,"{'n_clusters': 41, 'linkage': 'single', 'metric': 'l2'}",0.23366997363625547,71.7148863726791,0.7311058432947832
AgglomerativeClustering,"{'n_clusters': 41, 'linkage': 'single', 'metric': 'manhattan'}",0.10249878552087373,12.96995065899176,0.6335408278855146
AgglomerativeClustering,"{'n_clusters': 41, 'linkage': 'single', 'metric': 'cosine'}",-0.2684282169074523,61.1702218002186,1.7378892093522904
AgglomerativeClustering,"{'n_clusters': 42, 'linkage': 'ward', 'metric': 'euclidean'}",0.23275654251867353,630.4200238789751,1.2499991540236093
AgglomerativeClustering,"{'n_clusters': 42, 'linkage': 'complete', 'metric': 'euclidean'}",0.21645276918871145,425.88882260928125,1.2619022096207324
AgglomerativeClustering,"{'n_clusters': 42, 'linkage': 'complete', 'metric': 'l1'}",0.2392371197693367,408.6007226816133,1.3367280924905431
AgglomerativeClustering,"{'n_clusters': 42, 'linkage': 'complete', 'metric': 'l2'}",0.21645276918871145,425.88882260928125,1.2619022096207324
AgglomerativeClustering,"{'n_clusters': 42, 'linkage': 'complete', 'metric': 'manhattan'}",0.2392371197693367,408.6007226816133,1.3367280924905431
AgglomerativeClustering,"{'n_clusters': 42, 'linkage': 'complete', 'metric': 'cosine'}",0.11637151996105179,274.1695158848278,1.4225299473664963
AgglomerativeClustering,"{'n_clusters': 42, 'linkage': 'average', 'metric': 'euclidean'}",0.31584029930064833,356.9425509300954,0.9401113417198592
AgglomerativeClustering,"{'n_clusters': 42, 'linkage': 'average', 'metric': 'l1'}",0.36009800641179945,284.6419020288729,0.946470926061282
AgglomerativeClustering,"{'n_clusters': 42, 'linkage': 'average', 'metric': 'l2'}",0.31584029930064833,356.9425509300954,0.9401113417198592
AgglomerativeClustering,"{'n_clusters': 42, 'linkage': 'average', 'metric': 'manhattan'}",0.36009800641179945,284.6419020288729,0.946470926061282
AgglomerativeClustering,"{'n_clusters': 42, 'linkage': 'average', 'metric': 'cosine'}",0.1652565135503408,328.8447716346402,1.246372987454816
AgglomerativeClustering,"{'n_clusters': 42, 'linkage': 'single', 'metric': 'euclidean'}",0.2312938222373491,69.95912922899744,0.726050014019125
AgglomerativeClustering,"{'n_clusters': 42, 'linkage': 'single', 'metric': 'l1'}",0.1025237188836235,12.68922565751138,0.6383262398519276
AgglomerativeClustering,"{'n_clusters': 42, 'linkage': 'single', 'metric': 'l2'}",0.2312938222373491,69.95912922899744,0.726050014019125
AgglomerativeClustering,"{'n_clusters': 42, 'linkage': 'single', 'metric': 'manhattan'}",0.1025237188836235,12.68922565751138,0.6383262398519276
AgglomerativeClustering,"{'n_clusters': 42, 'linkage': 'single', 'metric': 'cosine'}",-0.2684926690888269,59.66345277667926,1.7468940815475913
AgglomerativeClustering,"{'n_clusters': 43, 'linkage': 'ward', 'metric': 'euclidean'}",0.2298253405925544,625.7732921407709,1.2830476622590798
AgglomerativeClustering,"{'n_clusters': 43, 'linkage': 'complete', 'metric': 'euclidean'}",0.21991361250014377,434.1595724204927,1.2665006256204117
AgglomerativeClustering,"{'n_clusters': 43, 'linkage': 'complete', 'metric': 'l1'}",0.23946156402731136,400.8550628697927,1.3126896367934193
AgglomerativeClustering,"{'n_clusters': 43, 'linkage': 'complete', 'metric': 'l2'}",0.21991361250014377,434.1595724204927,1.2665006256204117
AgglomerativeClustering,"{'n_clusters': 43, 'linkage': 'complete', 'metric': 'manhattan'}",0.23946156402731136,400.8550628697927,1.3126896367934193
AgglomerativeClustering,"{'n_clusters': 43, 'linkage': 'complete', 'metric': 'cosine'}",0.11407347591574578,267.6172737611359,1.4248010085649345
AgglomerativeClustering,"{'n_clusters': 43, 'linkage': 'average', 'metric': 'euclidean'}",0.3153249399309425,349.3145048290114,0.9442819302436039
AgglomerativeClustering,"{'n_clusters': 43, 'linkage': 'average', 'metric': 'l1'}",0.3606526606671234,279.00434835708086,0.953175156890803
AgglomerativeClustering,"{'n_clusters': 43, 'linkage': 'average', 'metric': 'l2'}",0.3153249399309425,349.3145048290114,0.9442819302436039
AgglomerativeClustering,"{'n_clusters': 43, 'linkage': 'average', 'metric': 'manhattan'}",0.3606526606671234,279.00434835708086,0.953175156890803
AgglomerativeClustering,"{'n_clusters': 43, 'linkage': 'average', 'metric': 'cosine'}",0.16517411997635703,322.659104356233,1.251315674672477
AgglomerativeClustering,"{'n_clusters': 43, 'linkage': 'single', 'metric': 'euclidean'}",0.23154718041668748,68.48748519032117,0.7186617955682304
AgglomerativeClustering,"{'n_clusters': 43, 'linkage': 'single', 'metric': 'l1'}",0.10146853999309735,12.385404866915996,0.6324061559916277
AgglomerativeClustering,"{'n_clusters': 43, 'linkage': 'single', 'metric': 'l2'}",0.23154718041668748,68.48748519032117,0.7186617955682304
AgglomerativeClustering,"{'n_clusters': 43, 'linkage': 'single', 'metric': 'manhattan'}",0.10146853999309735,12.385404866915996,0.6324061559916277
AgglomerativeClustering,"{'n_clusters': 43, 'linkage': 'single', 'metric': 'cosine'}",-0.2683571633680921,58.23009997460843,1.7503604013905
AgglomerativeClustering,"{'n_clusters': 44, 'linkage': 'ward', 'metric': 'euclidean'}",0.2305017069106068,621.5724450168417,1.2646623511277273
AgglomerativeClustering,"{'n_clusters': 44, 'linkage': 'complete', 'metric': 'euclidean'}",0.21998712528039174,425.9840762580947,1.247915951260625
AgglomerativeClustering,"{'n_clusters': 44, 'linkage': 'complete', 'metric': 'l1'}",0.23889674262752952,409.39188502850226,1.309739833497044
AgglomerativeClustering,"{'n_clusters': 44, 'linkage': 'complete', 'metric': 'l2'}",0.21998712528039174,425.9840762580947,1.247915951260625
AgglomerativeClustering,"{'n_clusters': 44, 'linkage': 'complete', 'metric': 'manhattan'}",0.23889674262752952,409.39188502850226,1.309739833497044
AgglomerativeClustering,"{'n_clusters': 44, 'linkage': 'complete', 'metric': 'cosine'}",0.10952215691232381,262.7122513841266,1.433029895350446
AgglomerativeClustering,"{'n_clusters': 44, 'linkage': 'average', 'metric': 'euclidean'}",0.31512910511654535,341.9001005265104,0.9375727123415221
AgglomerativeClustering,"{'n_clusters': 44, 'linkage': 'average', 'metric': 'l1'}",0.3562471840905072,275.68675397455155,0.9666491189528663
AgglomerativeClustering,"{'n_clusters': 44, 'linkage': 'average', 'metric': 'l2'}",0.31512910511654535,341.9001005265104,0.9375727123415221
AgglomerativeClustering,"{'n_clusters': 44, 'linkage': 'average', 'metric': 'manhattan'}",0.3562471840905072,275.68675397455155,0.9666491189528663
AgglomerativeClustering,"{'n_clusters': 44, 'linkage': 'average', 'metric': 'cosine'}",0.16215808794705025,315.1095077385188,1.2420677574989636
AgglomerativeClustering,"{'n_clusters': 44, 'linkage': 'single', 'metric': 'euclidean'}",0.22996883686195344,66.9092879910861,0.7168716497956186
AgglomerativeClustering,"{'n_clusters': 44, 'linkage': 'single', 'metric': 'l1'}",0.10313168992069209,12.22127510769799,0.6056534170299928
AgglomerativeClustering,"{'n_clusters': 44, 'linkage': 'single', 'metric': 'l2'}",0.22996883686195344,66.9092879910861,0.7168716497956186
AgglomerativeClustering,"{'n_clusters': 44, 'linkage': 'single', 'metric': 'manhattan'}",0.10313168992069209,12.22127510769799,0.6056534170299928
AgglomerativeClustering,"{'n_clusters': 44, 'linkage': 'single', 'metric': 'cosine'}",-0.2674677436363711,56.87102358719256,1.7555281576284953
AgglomerativeClustering,"{'n_clusters': 45, 'linkage': 'ward', 'metric': 'euclidean'}",0.22921092322239092,617.3197016096132,1.2693208411918349
AgglomerativeClustering,"{'n_clusters': 45, 'linkage': 'complete', 'metric': 'euclidean'}",0.2177093331566609,418.4828035037486,1.2862603478499715
AgglomerativeClustering,"{'n_clusters': 45, 'linkage': 'complete', 'metric': 'l1'}",0.22876305428295732,413.2322625063893,1.3127522030995462
AgglomerativeClustering,"{'n_clusters': 45, 'linkage': 'complete', 'metric': 'l2'}",0.2177093331566609,418.4828035037486,1.2862603478499715
AgglomerativeClustering,"{'n_clusters': 45, 'linkage': 'complete', 'metric': 'manhattan'}",0.22876305428295732,413.2322625063893,1.3127522030995462
AgglomerativeClustering,"{'n_clusters': 45, 'linkage': 'complete', 'metric': 'cosine'}",0.1068326691485783,260.1167391047136,1.4319013145504988
AgglomerativeClustering,"{'n_clusters': 45, 'linkage': 'average', 'metric': 'euclidean'}",0.31494012891310297,334.4650294304261,0.9209427493267313
AgglomerativeClustering,"{'n_clusters': 45, 'linkage': 'average', 'metric': 'l1'}",0.3558582798423044,269.72557256495446,0.9496077199648573
AgglomerativeClustering,"{'n_clusters': 45, 'linkage': 'average', 'metric': 'l2'}",0.31494012891310297,334.4650294304261,0.9209427493267313
AgglomerativeClustering,"{'n_clusters': 45, 'linkage': 'average', 'metric': 'manhattan'}",0.3558582798423044,269.72557256495446,0.9496077199648573
AgglomerativeClustering,"{'n_clusters': 45, 'linkage': 'average', 'metric': 'cosine'}",0.16300719589492046,321.1758957424755,1.263296661914911
AgglomerativeClustering,"{'n_clusters': 45, 'linkage': 'single', 'metric': 'euclidean'}",0.22920519311367332,65.3786909130841,0.7097879191570072
AgglomerativeClustering,"{'n_clusters': 45, 'linkage': 'single', 'metric': 'l1'}",0.10301337030990652,11.958991000934807,0.6042172553333782
AgglomerativeClustering,"{'n_clusters': 45, 'linkage': 'single', 'metric': 'l2'}",0.22920519311367332,65.3786909130841,0.7097879191570072
AgglomerativeClustering,"{'n_clusters': 45, 'linkage': 'single', 'metric': 'manhattan'}",0.10301337030990652,11.958991000934807,0.6042172553333782
AgglomerativeClustering,"{'n_clusters': 45, 'linkage': 'single', 'metric': 'cosine'}",-0.2710589207720408,55.572363735114905,1.748202564609128
AgglomerativeClustering,"{'n_clusters': 46, 'linkage': 'ward', 'metric': 'euclidean'}",0.22884358090701293,613.3284430714189,1.2682041218142899
AgglomerativeClustering,"{'n_clusters': 46, 'linkage': 'complete', 'metric': 'euclidean'}",0.2162953986380692,413.98802265579326,1.286816892475475
AgglomerativeClustering,"{'n_clusters': 46, 'linkage': 'complete', 'metric': 'l1'}",0.22858962395526722,405.7108383447151,1.2984908326968405
AgglomerativeClustering,"{'n_clusters': 46, 'linkage': 'complete', 'metric': 'l2'}",0.2162953986380692,413.98802265579326,1.286816892475475
AgglomerativeClustering,"{'n_clusters': 46, 'linkage': 'complete', 'metric': 'manhattan'}",0.22858962395526722,405.7108383447151,1.2984908326968405
AgglomerativeClustering,"{'n_clusters': 46, 'linkage': 'complete', 'metric': 'cosine'}",0.10851217167166681,277.4684391731867,1.4245382338382435
AgglomerativeClustering,"{'n_clusters': 46, 'linkage': 'average', 'metric': 'euclidean'}",0.31758768435448564,339.3123029103794,0.9245512585287258
AgglomerativeClustering,"{'n_clusters': 46, 'linkage': 'average', 'metric': 'l1'}",0.3570682257847544,266.3802740677921,0.948909879049988
AgglomerativeClustering,"{'n_clusters': 46, 'linkage': 'average', 'metric': 'l2'}",0.31758768435448564,339.3123029103794,0.9245512585287258
AgglomerativeClustering,"{'n_clusters': 46, 'linkage': 'average', 'metric': 'manhattan'}",0.3570682257847544,266.3802740677921,0.948909879049988
AgglomerativeClustering,"{'n_clusters': 46, 'linkage': 'average', 'metric': 'cosine'}",0.15575583837395798,318.43551976780316,1.272527029365444
AgglomerativeClustering,"{'n_clusters': 46, 'linkage': 'single', 'metric': 'euclidean'}",0.22880589826044961,63.92181640693636,0.7055412128740876
AgglomerativeClustering,"{'n_clusters': 46, 'linkage': 'single', 'metric': 'l1'}",0.10273028352357029,11.69305955352272,0.6021260995440908
AgglomerativeClustering,"{'n_clusters': 46, 'linkage': 'single', 'metric': 'l2'}",0.22880589826044961,63.92181640693636,0.7055412128740876
AgglomerativeClustering,"{'n_clusters': 46, 'linkage': 'single', 'metric': 'manhattan'}",0.10273028352357029,11.69305955352272,0.6021260995440908
AgglomerativeClustering,"{'n_clusters': 46, 'linkage': 'single', 'metric': 'cosine'}",-0.3180381484852572,54.34656965265026,1.7360273811173905
AgglomerativeClustering,"{'n_clusters': 47, 'linkage': 'ward', 'metric': 'euclidean'}",0.2292890339842086,609.0884910849395,1.260481523910614
AgglomerativeClustering,"{'n_clusters': 47, 'linkage': 'complete', 'metric': 'euclidean'}",0.2169325062419408,409.5031915817915,1.2797034919985733
AgglomerativeClustering,"{'n_clusters': 47, 'linkage': 'complete', 'metric': 'l1'}",0.2309002668807479,403.75885486100435,1.2910310148765471
AgglomerativeClustering,"{'n_clusters': 47, 'linkage': 'complete', 'metric': 'l2'}",0.2169325062419408,409.5031915817915,1.2797034919985733
AgglomerativeClustering,"{'n_clusters': 47, 'linkage': 'complete', 'metric': 'manhattan'}",0.2309002668807479,403.75885486100435,1.2910310148765471
AgglomerativeClustering,"{'n_clusters': 47, 'linkage': 'complete', 'metric': 'cosine'}",0.10267388786459655,283.8592328525601,1.4485891970411358
AgglomerativeClustering,"{'n_clusters': 47, 'linkage': 'average', 'metric': 'euclidean'}",0.3155512540754883,333.4035372568445,0.9275017397350513
AgglomerativeClustering,"{'n_clusters': 47, 'linkage': 'average', 'metric': 'l1'}",0.3569858714861221,260.8769346076572,0.9476327733330057
AgglomerativeClustering,"{'n_clusters': 47, 'linkage': 'average', 'metric': 'l2'}",0.3155512540754883,333.4035372568445,0.9275017397350513
AgglomerativeClustering,"{'n_clusters': 47, 'linkage': 'average', 'metric': 'manhattan'}",0.3569858714861221,260.8769346076572,0.9476327733330057
AgglomerativeClustering,"{'n_clusters': 47, 'linkage': 'average', 'metric': 'cosine'}",0.15593047368875887,311.643109577667,1.2576140926903803
AgglomerativeClustering,"{'n_clusters': 47, 'linkage': 'single', 'metric': 'euclidean'}",0.23000896123570663,62.6678093429522,0.7139150738723029
AgglomerativeClustering,"{'n_clusters': 47, 'linkage': 'single', 'metric': 'l1'}",0.1030820598446115,11.52681319331289,0.6005180994963251
AgglomerativeClustering,"{'n_clusters': 47, 'linkage': 'single', 'metric': 'l2'}",0.23000896123570663,62.6678093429522,0.7139150738723029
AgglomerativeClustering,"{'n_clusters': 47, 'linkage': 'single', 'metric': 'manhattan'}",0.1030820598446115,11.52681319331289,0.6005180994963251
AgglomerativeClustering,"{'n_clusters': 47, 'linkage': 'single', 'metric': 'cosine'}",-0.31780339324234536,53.16884655371205,1.7374803122793583
AgglomerativeClustering,"{'n_clusters': 48, 'linkage': 'ward', 'metric': 'euclidean'}",0.23255301537280604,604.9935512229307,1.268768007888246
AgglomerativeClustering,"{'n_clusters': 48, 'linkage': 'complete', 'metric': 'euclidean'}",0.21714479367878958,410.0254094464722,1.283523659793192
AgglomerativeClustering,"{'n_clusters': 48, 'linkage': 'complete', 'metric': 'l1'}",0.23184424118828625,406.75810359795804,1.2814048767850974
AgglomerativeClustering,"{'n_clusters': 48, 'linkage': 'complete', 'metric': 'l2'}",0.21714479367878958,410.0254094464722,1.283523659793192
AgglomerativeClustering,"{'n_clusters': 48, 'linkage': 'complete', 'metric': 'manhattan'}",0.23184424118828625,406.75810359795804,1.2814048767850974
AgglomerativeClustering,"{'n_clusters': 48, 'linkage': 'complete', 'metric': 'cosine'}",0.10458606252573235,278.4605915356731,1.4485412128689428
AgglomerativeClustering,"{'n_clusters': 48, 'linkage': 'average', 'metric': 'euclidean'}",0.31506631622266057,326.6565222803665,0.9177018828826545
AgglomerativeClustering,"{'n_clusters': 48, 'linkage': 'average', 'metric': 'l1'}",0.35716502673629186,256.1302874407338,0.9429031532716404
AgglomerativeClustering,"{'n_clusters': 48, 'linkage': 'average', 'metric': 'l2'}",0.31506631622266057,326.6565222803665,0.9177018828826545
AgglomerativeClustering,"{'n_clusters': 48, 'linkage': 'average', 'metric': 'manhattan'}",0.35716502673629186,256.1302874407338,0.9429031532716404
AgglomerativeClustering,"{'n_clusters': 48, 'linkage': 'average', 'metric': 'cosine'}",0.15541098867022887,304.910743597035,1.2501449565911367
AgglomerativeClustering,"{'n_clusters': 48, 'linkage': 'single', 'metric': 'euclidean'}",0.22841123536264824,61.36095543823168,0.7312681528416772
AgglomerativeClustering,"{'n_clusters': 48, 'linkage': 'single', 'metric': 'l1'}",0.10374187702123135,11.324715820220067,0.6064895892348733
AgglomerativeClustering,"{'n_clusters': 48, 'linkage': 'single', 'metric': 'l2'}",0.22841123536264824,61.36095543823168,0.7312681528416772
AgglomerativeClustering,"{'n_clusters': 48, 'linkage': 'single', 'metric': 'manhattan'}",0.10374187702123135,11.324715820220067,0.6064895892348733
AgglomerativeClustering,"{'n_clusters': 48, 'linkage': 'single', 'metric': 'cosine'}",-0.31972900378034613,52.02654493601332,1.7398103193350927
AgglomerativeClustering,"{'n_clusters': 49, 'linkage': 'ward', 'metric': 'euclidean'}",0.23391885299050216,600.973338100247,1.2554562341220652
AgglomerativeClustering,"{'n_clusters': 49, 'linkage': 'complete', 'metric': 'euclidean'}",0.214355410960715,443.5925365301695,1.2776182814712822
AgglomerativeClustering,"{'n_clusters': 49, 'linkage': 'complete', 'metric': 'l1'}",0.23164459459135958,399.3442139680012,1.2749167015484946
AgglomerativeClustering,"{'n_clusters': 49, 'linkage': 'complete', 'metric': 'l2'}",0.214355410960715,443.5925365301695,1.2776182814712822
AgglomerativeClustering,"{'n_clusters': 49, 'linkage': 'complete', 'metric': 'manhattan'}",0.23164459459135958,399.3442139680012,1.2749167015484946
AgglomerativeClustering,"{'n_clusters': 49, 'linkage': 'complete', 'metric': 'cosine'}",0.10635488319127719,277.8179624305702,1.4741249599815252
AgglomerativeClustering,"{'n_clusters': 49, 'linkage': 'average', 'metric': 'euclidean'}",0.3138177869674786,321.32226140840464,0.9159192414637872
AgglomerativeClustering,"{'n_clusters': 49, 'linkage': 'average', 'metric': 'l1'}",0.35701555832428966,250.98327964497878,0.9301698865307392
AgglomerativeClustering,"{'n_clusters': 49, 'linkage': 'average', 'metric': 'l2'}",0.3138177869674786,321.32226140840464,0.9159192414637872
AgglomerativeClustering,"{'n_clusters': 49, 'linkage': 'average', 'metric': 'manhattan'}",0.35701555832428966,250.98327964497878,0.9301698865307392
AgglomerativeClustering,"{'n_clusters': 49, 'linkage': 'average', 'metric': 'cosine'}",0.1517670156237644,306.3609800875091,1.2580237842265596
AgglomerativeClustering,"{'n_clusters': 49, 'linkage': 'single', 'metric': 'euclidean'}",0.09385399759617766,60.30216479778787,0.7377354660063907
AgglomerativeClustering,"{'n_clusters': 49, 'linkage': 'single', 'metric': 'l1'}",0.10317347257258169,11.09436243126733,0.6125165829003383
AgglomerativeClustering,"{'n_clusters': 49, 'linkage': 'single', 'metric': 'l2'}",0.09385399759617766,60.30216479778787,0.7377354660063907
AgglomerativeClustering,"{'n_clusters': 49, 'linkage': 'single', 'metric': 'manhattan'}",0.10317347257258169,11.09436243126733,0.6125165829003383
AgglomerativeClustering,"{'n_clusters': 49, 'linkage': 'single', 'metric': 'cosine'}",-0.3208358178056115,50.93336332459808,1.7388626310929427
SpectralClustering,"{'n_clusters': 5, 'affinity': 'rbf', 'assign_labels': 'kmeans', 'random_state': 42}",0.37288616826503734,527.1184501161116,1.1269246637877157
SpectralClustering,"{'n_clusters': 5, 'affinity': 'rbf', 'assign_labels': 'kmeans', 'random_state': 123}",0.37288616826503734,527.1184501161116,1.1269246637877157
SpectralClustering,"{'n_clusters': 5, 'affinity': 'rbf', 'assign_labels': 'kmeans', 'random_state': 456}",0.37288616826503734,527.1184501161116,1.1269246637877155
SpectralClustering,"{'n_clusters': 5, 'affinity': 'rbf', 'assign_labels': 'kmeans', 'random_state': 789}",0.37288616826503734,527.1184501161116,1.1269246637877157
SpectralClustering,"{'n_clusters': 5, 'affinity': 'rbf', 'assign_labels': 'kmeans', 'random_state': 1011}",0.37288616826503734,527.1184501161116,1.1269246637877157
SpectralClustering,"{'n_clusters': 5, 'affinity': 'rbf', 'assign_labels': 'kmeans', 'random_state': 2022}",0.37288616826503734,527.1184501161116,1.1269246637877155
SpectralClustering,"{'n_clusters': 5, 'affinity': 'rbf', 'assign_labels': 'kmeans', 'random_state': 3033}",0.37288616826503734,527.1184501161116,1.1269246637877157
SpectralClustering,"{'n_clusters': 5, 'affinity': 'rbf', 'assign_labels': 'kmeans', 'random_state': 4044}",0.37288616826503734,527.1184501161116,1.1269246637877157
SpectralClustering,"{'n_clusters': 5, 'affinity': 'rbf', 'assign_labels': 'kmeans', 'random_state': 5055}",0.37288616826503734,527.1184501161116,1.1269246637877157
SpectralClustering,"{'n_clusters': 5, 'affinity': 'rbf', 'assign_labels': 'kmeans', 'random_state': 6066}",0.37288616826503734,527.1184501161116,1.1269246637877157
SpectralClustering,"{'n_clusters': 5, 'affinity': 'rbf', 'assign_labels': 'discretize', 'random_state': 42}",0.39546028438261405,648.0348547651669,1.184515751524986
SpectralClustering,"{'n_clusters': 5, 'affinity': 'rbf', 'assign_labels': 'discretize', 'random_state': 123}",0.39546028438261405,648.0348547651669,1.184515751524986
SpectralClustering,"{'n_clusters': 5, 'affinity': 'rbf', 'assign_labels': 'discretize', 'random_state': 456}",0.39546028438261405,648.0348547651669,1.184515751524986
SpectralClustering,"{'n_clusters': 5, 'affinity': 'rbf', 'assign_labels': 'discretize', 'random_state': 789}",0.39546028438261405,648.0348547651669,1.184515751524986
SpectralClustering,"{'n_clusters': 5, 'affinity': 'rbf', 'assign_labels': 'discretize', 'random_state': 1011}",0.39546028438261405,648.0348547651669,1.184515751524986
SpectralClustering,"{'n_clusters': 5, 'affinity': 'rbf', 'assign_labels': 'discretize', 'random_state': 2022}",0.39546028438261405,648.0348547651669,1.184515751524986
SpectralClustering,"{'n_clusters': 5, 'affinity': 'rbf', 'assign_labels': 'discretize', 'random_state': 3033}",0.39546028438261405,648.0348547651669,1.184515751524986
SpectralClustering,"{'n_clusters': 5, 'affinity': 'rbf', 'assign_labels': 'discretize', 'random_state': 4044}",0.39546028438261405,648.0348547651669,1.184515751524986
SpectralClustering,"{'n_clusters': 5, 'affinity': 'rbf', 'assign_labels': 'discretize', 'random_state': 5055}",0.39546028438261405,648.0348547651669,1.184515751524986
SpectralClustering,"{'n_clusters': 5, 'affinity': 'rbf', 'assign_labels': 'discretize', 'random_state': 6066}",0.39546028438261405,648.0348547651669,1.184515751524986
SpectralClustering,"{'n_clusters': 5, 'affinity': 'rbf', 'assign_labels': 'cluster_qr', 'random_state': 42}",0.3922335924977273,713.3113120358842,1.2271126566557065
SpectralClustering,"{'n_clusters': 5, 'affinity': 'rbf', 'assign_labels': 'cluster_qr', 'random_state': 123}",0.3922335924977273,713.3113120358842,1.2271126566557065
SpectralClustering,"{'n_clusters': 5, 'affinity': 'rbf', 'assign_labels': 'cluster_qr', 'random_state': 456}",0.3922335924977273,713.3113120358842,1.2271126566557065
SpectralClustering,"{'n_clusters': 5, 'affinity': 'rbf', 'assign_labels': 'cluster_qr', 'random_state': 789}",0.3922335924977273,713.3113120358842,1.2271126566557065
SpectralClustering,"{'n_clusters': 5, 'affinity': 'rbf', 'assign_labels': 'cluster_qr', 'random_state': 1011}",0.3922335924977273,713.3113120358842,1.2271126566557065
SpectralClustering,"{'n_clusters': 5, 'affinity': 'rbf', 'assign_labels': 'cluster_qr', 'random_state': 2022}",0.3922335924977273,713.3113120358842,1.2271126566557065
SpectralClustering,"{'n_clusters': 5, 'affinity': 'rbf', 'assign_labels': 'cluster_qr', 'random_state': 3033}",0.3922335924977273,713.3113120358842,1.2271126566557065
SpectralClustering,"{'n_clusters': 5, 'affinity': 'rbf', 'assign_labels': 'cluster_qr', 'random_state': 4044}",0.3922335924977273,713.3113120358842,1.2271126566557065
SpectralClustering,"{'n_clusters': 5, 'affinity': 'rbf', 'assign_labels': 'cluster_qr', 'random_state': 5055}",0.3922335924977273,713.3113120358842,1.2271126566557065
SpectralClustering,"{'n_clusters': 5, 'affinity': 'rbf', 'assign_labels': 'cluster_qr', 'random_state': 6066}",0.3922335924977273,713.3113120358842,1.2271126566557065
SpectralClustering,"{'n_clusters': 5, 'affinity': 'nearest_neighbors', 'assign_labels': 'kmeans', 'random_state': 42, 'n_neighbors': 5}",0.2514521138858317,484.0572850700709,1.6052000408105518
SpectralClustering,"{'n_clusters': 5, 'affinity': 'nearest_neighbors', 'assign_labels': 'kmeans', 'random_state': 123, 'n_neighbors': 5}",0.24986617968296732,587.4129199062997,1.5472557188032394
SpectralClustering,"{'n_clusters': 5, 'affinity': 'nearest_neighbors', 'assign_labels': 'kmeans', 'random_state': 456, 'n_neighbors': 5}",0.27514051874194206,655.2899923064468,1.5515783217097305
SpectralClustering,"{'n_clusters': 5, 'affinity': 'nearest_neighbors', 'assign_labels': 'kmeans', 'random_state': 789, 'n_neighbors': 5}",0.30143367936338816,819.6966364123645,1.4617601609937148
SpectralClustering,"{'n_clusters': 5, 'affinity': 'nearest_neighbors', 'assign_labels': 'kmeans', 'random_state': 1011, 'n_neighbors': 5}",0.30143367936338816,819.6966364123645,1.4617601609937145
SpectralClustering,"{'n_clusters': 5, 'affinity': 'nearest_neighbors', 'assign_labels': 'kmeans', 'random_state': 2022, 'n_neighbors': 5}",0.24922685940790165,586.7212929737641,1.5458004936895453
SpectralClustering,"{'n_clusters': 5, 'affinity': 'nearest_neighbors', 'assign_labels': 'kmeans', 'random_state': 3033, 'n_neighbors': 5}",0.2496362880490044,480.6813826052517,1.595268567015929
SpectralClustering,"{'n_clusters': 5, 'affinity': 'nearest_neighbors', 'assign_labels': 'kmeans', 'random_state': 4044, 'n_neighbors': 5}",0.24998197198761063,587.5245602187764,1.5479049239933103
SpectralClustering,"{'n_clusters': 5, 'affinity': 'nearest_neighbors', 'assign_labels': 'kmeans', 'random_state': 5055, 'n_neighbors': 5}",0.30143367936338816,819.6966364123645,1.4617601609937148
SpectralClustering,"{'n_clusters': 5, 'affinity': 'nearest_neighbors', 'assign_labels': 'kmeans', 'random_state': 6066, 'n_neighbors': 5}",0.30143367936338816,819.6966364123645,1.4617601609937145
SpectralClustering,"{'n_clusters': 5, 'affinity': 'nearest_neighbors', 'assign_labels': 'discretize', 'random_state': 42, 'n_neighbors': 5}",0.27618987719467664,589.1316703707428,1.7919363278881435
SpectralClustering,"{'n_clusters': 5, 'affinity': 'nearest_neighbors', 'assign_labels': 'discretize', 'random_state': 123, 'n_neighbors': 5}",0.2853174761029841,699.2880522657233,1.5434663744053616
SpectralClustering,"{'n_clusters': 5, 'affinity': 'nearest_neighbors', 'assign_labels': 'discretize', 'random_state': 456, 'n_neighbors': 5}",0.2558773899337905,544.4540585848664,1.537100497536227
SpectralClustering,"{'n_clusters': 5, 'affinity': 'nearest_neighbors', 'assign_labels': 'discretize', 'random_state': 789, 'n_neighbors': 5}",0.23816874902502178,479.32314841645126,1.714054289160157
SpectralClustering,"{'n_clusters': 5, 'affinity': 'nearest_neighbors', 'assign_labels': 'discretize', 'random_state': 1011, 'n_neighbors': 5}",0.2806078127921369,723.1504748849889,1.5331855987415721
SpectralClustering,"{'n_clusters': 5, 'affinity': 'nearest_neighbors', 'assign_labels': 'discretize', 'random_state': 2022, 'n_neighbors': 5}",0.2208002823078191,600.6485413740522,1.861540587290668
SpectralClustering,"{'n_clusters': 5, 'affinity': 'nearest_neighbors', 'assign_labels': 'discretize', 'random_state': 3033, 'n_neighbors': 5}",0.25471122455223094,540.1789927353329,1.5424315978720091
SpectralClustering,"{'n_clusters': 5, 'affinity': 'nearest_neighbors', 'assign_labels': 'discretize', 'random_state': 4044, 'n_neighbors': 5}",0.24063939515318858,480.2443574439336,1.7106811878886117
SpectralClustering,"{'n_clusters': 5, 'affinity': 'nearest_neighbors', 'assign_labels': 'discretize', 'random_state': 5055, 'n_neighbors': 5}",0.23847072315178114,479.5666071980756,1.7131776756468824
SpectralClustering,"{'n_clusters': 5, 'affinity': 'nearest_neighbors', 'assign_labels': 'discretize', 'random_state': 6066, 'n_neighbors': 5}",0.30318325414035213,754.022545954675,1.466007872470152
SpectralClustering,"{'n_clusters': 5, 'affinity': 'nearest_neighbors', 'assign_labels': 'cluster_qr', 'random_state': 42, 'n_neighbors': 5}",0.3172738409496307,842.9734338200518,1.4157512028028645
SpectralClustering,"{'n_clusters': 5, 'affinity': 'nearest_neighbors', 'assign_labels': 'cluster_qr', 'random_state': 123, 'n_neighbors': 5}",0.16885533138680367,578.1204648377955,1.8964610316081731
SpectralClustering,"{'n_clusters': 5, 'affinity': 'nearest_neighbors', 'assign_labels': 'cluster_qr', 'random_state': 456, 'n_neighbors': 5}",0.28079706849175656,679.0865051590913,1.594119495211738
SpectralClustering,"{'n_clusters': 5, 'affinity': 'nearest_neighbors', 'assign_labels': 'cluster_qr', 'random_state': 789, 'n_neighbors': 5}",0.18286392694139364,432.39805936462005,1.9452293987690297
SpectralClustering,"{'n_clusters': 5, 'affinity': 'nearest_neighbors', 'assign_labels': 'cluster_qr', 'random_state': 1011, 'n_neighbors': 5}",0.22606002254239296,635.1932401347067,1.6698219029034376
SpectralClustering,"{'n_clusters': 5, 'affinity': 'nearest_neighbors', 'assign_labels': 'cluster_qr', 'random_state': 2022, 'n_neighbors': 5}",0.2631594354558548,719.6628864850595,1.5271859599114115
SpectralClustering,"{'n_clusters': 5, 'affinity': 'nearest_neighbors', 'assign_labels': 'cluster_qr', 'random_state': 3033, 'n_neighbors': 5}",0.3172124411232421,842.9834858615349,1.4165964601228869
SpectralClustering,"{'n_clusters': 5, 'affinity': 'nearest_neighbors', 'assign_labels': 'cluster_qr', 'random_state': 4044, 'n_neighbors': 5}",0.2833813320694638,695.5524999308675,1.5776272339113846
SpectralClustering,"{'n_clusters': 5, 'affinity': 'nearest_neighbors', 'assign_labels': 'cluster_qr', 'random_state': 5055, 'n_neighbors': 5}",0.15919709741623334,583.0048560083139,1.845577631795901
SpectralClustering,"{'n_clusters': 5, 'affinity': 'nearest_neighbors', 'assign_labels': 'cluster_qr', 'random_state': 6066, 'n_neighbors': 5}",0.2808640041923337,758.0687262649647,1.500681282073618
SpectralClustering,"{'n_clusters': 5, 'affinity': 'nearest_neighbors', 'assign_labels': 'kmeans', 'random_state': 42, 'n_neighbors': 10}",0.2476621749551651,489.2128087729675,1.5668378631761872
SpectralClustering,"{'n_clusters': 5, 'affinity': 'nearest_neighbors', 'assign_labels': 'kmeans', 'random_state': 123, 'n_neighbors': 10}",0.2440849713433893,477.02318970372465,1.704444877999847
SpectralClustering,"{'n_clusters': 5, 'affinity': 'nearest_neighbors', 'assign_labels': 'kmeans', 'random_state': 456, 'n_neighbors': 10}",0.28266132844948794,688.2614304750119,1.5181469396582625
SpectralClustering,"{'n_clusters': 5, 'affinity': 'nearest_neighbors', 'assign_labels': 'kmeans', 'random_state': 789, 'n_neighbors': 10}",0.29037262072992015,658.0767389060164,1.6144999127681878
SpectralClustering,"{'n_clusters': 5, 'affinity': 'nearest_neighbors', 'assign_labels': 'kmeans', 'random_state': 1011, 'n_neighbors': 10}",0.30145247343222514,747.863058174787,1.3866607638953539
SpectralClustering,"{'n_clusters': 5, 'affinity': 'nearest_neighbors', 'assign_labels': 'kmeans', 'random_state': 2022, 'n_neighbors': 10}",0.24105632233299845,470.05958541223816,1.7040766085412102
SpectralClustering,"{'n_clusters': 5, 'affinity': 'nearest_neighbors', 'assign_labels': 'kmeans', 'random_state': 3033, 'n_neighbors': 10}",0.30188664793069026,813.4354753748415,1.4622354989362862
SpectralClustering,"{'n_clusters': 5, 'affinity': 'nearest_neighbors', 'assign_labels': 'kmeans', 'random_state': 4044, 'n_neighbors': 10}",0.24822076154504785,490.476707111079,1.569697086676077
SpectralClustering,"{'n_clusters': 5, 'affinity': 'nearest_neighbors', 'assign_labels': 'kmeans', 'random_state': 5055, 'n_neighbors': 10}",0.2444146821379145,477.88523216786143,1.702952103357625
SpectralClustering,"{'n_clusters': 5, 'affinity': 'nearest_neighbors', 'assign_labels': 'kmeans', 'random_state': 6066, 'n_neighbors': 10}",0.30145247343222514,747.8630581747867,1.3866607638953539
SpectralClustering,"{'n_clusters': 5, 'affinity': 'nearest_neighbors', 'assign_labels': 'discretize', 'random_state': 42, 'n_neighbors': 10}",0.25034970616311375,496.86063182519086,1.5823878945552445
SpectralClustering,"{'n_clusters': 5, 'affinity': 'nearest_neighbors', 'assign_labels': 'discretize', 'random_state': 123, 'n_neighbors': 10}",0.24330621786090081,485.40763007511754,1.7009395278808523
SpectralClustering,"{'n_clusters': 5, 'affinity': 'nearest_neighbors', 'assign_labels': 'discretize', 'random_state': 456, 'n_neighbors': 10}",0.288536654779222,714.8435803757159,1.528526093732929
SpectralClustering,"{'n_clusters': 5, 'affinity': 'nearest_neighbors', 'assign_labels': 'discretize', 'random_state': 789, 'n_neighbors': 10}",0.24314114003188222,486.0443764570579,1.7006220230946525
SpectralClustering,"{'n_clusters': 5, 'affinity': 'nearest_neighbors', 'assign_labels': 'discretize', 'random_state': 1011, 'n_neighbors': 10}",0.27059462213958824,519.0875385791501,1.5314345966223921
SpectralClustering,"{'n_clusters': 5, 'affinity': 'nearest_neighbors', 'assign_labels': 'discretize', 'random_state': 2022, 'n_neighbors': 10}",0.2429332274264562,484.9719315887753,1.7008143551835215
SpectralClustering,"{'n_clusters': 5, 'affinity': 'nearest_neighbors', 'assign_labels': 'discretize', 'random_state': 3033, 'n_neighbors': 10}",0.30081927402360575,821.9496193353746,1.4615683032407187
SpectralClustering,"{'n_clusters': 5, 'affinity': 'nearest_neighbors', 'assign_labels': 'discretize', 'random_state': 4044, 'n_neighbors': 10}",0.2562028261206384,545.2528576080746,1.5389531239592875
SpectralClustering,"{'n_clusters': 5, 'affinity': 'nearest_neighbors', 'assign_labels': 'discretize', 'random_state': 5055, 'n_neighbors': 10}",0.24277828055651363,486.03804129680253,1.7004755914253213
SpectralClustering,"{'n_clusters': 5, 'affinity': 'nearest_neighbors', 'assign_labels': 'discretize', 'random_state': 6066, 'n_neighbors': 10}",0.2708364384117201,519.6371372648981,1.5333519711372632
SpectralClustering,"{'n_clusters': 5, 'affinity': 'nearest_neighbors', 'assign_labels': 'cluster_qr', 'random_state': 42, 'n_neighbors': 10}",0.18228377802979046,442.3701887000071,1.9031654688434039
SpectralClustering,"{'n_clusters': 5, 'affinity': 'nearest_neighbors', 'assign_labels': 'cluster_qr', 'random_state': 123, 'n_neighbors': 10}",0.2911965759273528,745.9722602980091,1.5319011812018903
SpectralClustering,"{'n_clusters': 5, 'affinity': 'nearest_neighbors', 'assign_labels': 'cluster_qr', 'random_state': 456, 'n_neighbors': 10}",0.28165192211542983,763.2102206777548,1.499671152633001
SpectralClustering,"{'n_clusters': 5, 'affinity': 'nearest_neighbors', 'assign_labels': 'cluster_qr', 'random_state': 789, 'n_neighbors': 10}",0.27526556586909245,746.3446102781894,1.5108011159894486
SpectralClustering,"{'n_clusters': 5, 'affinity': 'nearest_neighbors', 'assign_labels': 'cluster_qr', 'random_state': 1011, 'n_neighbors': 10}",0.2687249108853221,686.9389122959011,1.5564586514000687
SpectralClustering,"{'n_clusters': 5, 'affinity': 'nearest_neighbors', 'assign_labels': 'cluster_qr', 'random_state': 2022, 'n_neighbors': 10}",0.28753076115106235,711.764867980795,1.520327448064367
SpectralClustering,"{'n_clusters': 5, 'affinity': 'nearest_neighbors', 'assign_labels': 'cluster_qr', 'random_state': 3033, 'n_neighbors': 10}",0.30137096409299313,818.0273642301548,1.4643236319886783
SpectralClustering,"{'n_clusters': 5, 'affinity': 'nearest_neighbors', 'assign_labels': 'cluster_qr', 'random_state': 4044, 'n_neighbors': 10}",0.2441503015298611,482.44645368930946,1.7019035236789057
SpectralClustering,"{'n_clusters': 5, 'affinity': 'nearest_neighbors', 'assign_labels': 'cluster_qr', 'random_state': 5055, 'n_neighbors': 10}",0.15453870622455482,590.7416271433597,1.879770521821784
SpectralClustering,"{'n_clusters': 5, 'affinity': 'nearest_neighbors', 'assign_labels': 'cluster_qr', 'random_state': 6066, 'n_neighbors': 10}",0.18819678995830189,604.0624600413183,1.8124451174040268
SpectralClustering,"{'n_clusters': 5, 'affinity': 'nearest_neighbors', 'assign_labels': 'kmeans', 'random_state': 42, 'n_neighbors': 15}",0.241308218744793,487.91132096801226,1.452682600245163
SpectralClustering,"{'n_clusters': 5, 'affinity': 'nearest_neighbors', 'assign_labels': 'kmeans', 'random_state': 123, 'n_neighbors': 15}",0.2619944184364674,676.1039902049258,1.4284878654385575
SpectralClustering,"{'n_clusters': 5, 'affinity': 'nearest_neighbors', 'assign_labels': 'kmeans', 'random_state': 456, 'n_neighbors': 15}",0.2977942253793715,806.841066443451,1.3978161493581247
SpectralClustering,"{'n_clusters': 5, 'affinity': 'nearest_neighbors', 'assign_labels': 'kmeans', 'random_state': 789, 'n_neighbors': 15}",0.23950467606356268,470.8265625395611,1.692251559608939
SpectralClustering,"{'n_clusters': 5, 'affinity': 'nearest_neighbors', 'assign_labels': 'kmeans', 'random_state': 1011, 'n_neighbors': 15}",0.24014903976210306,470.61442756060006,1.693016694935236
SpectralClustering,"{'n_clusters': 5, 'affinity': 'nearest_neighbors', 'assign_labels': 'kmeans', 'random_state': 2022, 'n_neighbors': 15}",0.29715955128966554,807.1949306083695,1.3937592479525058
SpectralClustering,"{'n_clusters': 5, 'affinity': 'nearest_neighbors', 'assign_labels': 'kmeans', 'random_state': 3033, 'n_neighbors': 15}",0.29715955128966554,807.1949306083695,1.3937592479525056
SpectralClustering,"{'n_clusters': 5, 'affinity': 'nearest_neighbors', 'assign_labels': 'kmeans', 'random_state': 4044, 'n_neighbors': 15}",0.23950467606356268,470.8265625395611,1.692251559608939
SpectralClustering,"{'n_clusters': 5, 'affinity': 'nearest_neighbors', 'assign_labels': 'kmeans', 'random_state': 5055, 'n_neighbors': 15}",0.26436004465720997,678.9029030406925,1.4332614376150352
SpectralClustering,"{'n_clusters': 5, 'affinity': 'nearest_neighbors', 'assign_labels': 'kmeans', 'random_state': 6066, 'n_neighbors': 15}",0.23995389129688335,472.27006590719543,1.6905423229197765
SpectralClustering,"{'n_clusters': 5, 'affinity': 'nearest_neighbors', 'assign_labels': 'discretize', 'random_state': 42, 'n_neighbors': 15}",0.26706257322908045,525.4489378873759,1.8951291318974632
SpectralClustering,"{'n_clusters': 5, 'affinity': 'nearest_neighbors', 'assign_labels': 'discretize', 'random_state': 123, 'n_neighbors': 15}",0.2876345270430725,711.6177015229518,1.520407718646339
SpectralClustering,"{'n_clusters': 5, 'affinity': 'nearest_neighbors', 'assign_labels': 'discretize', 'random_state': 456, 'n_neighbors': 15}",0.30137051601837667,819.1791515027326,1.4611515793815344
SpectralClustering,"{'n_clusters': 5, 'affinity': 'nearest_neighbors', 'assign_labels': 'discretize', 'random_state': 789, 'n_neighbors': 15}",0.2440863052597409,482.2782136297023,1.7015625783452317
SpectralClustering,"{'n_clusters': 5, 'affinity': 'nearest_neighbors', 'assign_labels': 'discretize', 'random_state': 1011, 'n_neighbors': 15}",0.24398363433669448,482.49553420873633,1.7014909821774384
SpectralClustering,"{'n_clusters': 5, 'affinity': 'nearest_neighbors', 'assign_labels': 'discretize', 'random_state': 2022, 'n_neighbors': 15}",0.30137051601837667,819.1791515027326,1.4611515793815344
SpectralClustering,"{'n_clusters': 5, 'affinity': 'nearest_neighbors', 'assign_labels': 'discretize', 'random_state': 3033, 'n_neighbors': 15}",0.30137051601837667,819.1791515027326,1.4611515793815344
SpectralClustering,"{'n_clusters': 5, 'affinity': 'nearest_neighbors', 'assign_labels': 'discretize', 'random_state': 4044, 'n_neighbors': 15}",0.24404319002514097,482.0252668276413,1.701581184945698
SpectralClustering,"{'n_clusters': 5, 'affinity': 'nearest_neighbors', 'assign_labels': 'discretize', 'random_state': 5055, 'n_neighbors': 15}",0.24213134626331628,485.9274771461333,1.7002915948543964
SpectralClustering,"{'n_clusters': 5, 'affinity': 'nearest_neighbors', 'assign_labels': 'discretize', 'random_state': 6066, 'n_neighbors': 15}",0.2661481704123154,522.0401430122273,1.8851917954070156
SpectralClustering,"{'n_clusters': 5, 'affinity': 'nearest_neighbors', 'assign_labels': 'cluster_qr', 'random_state': 42, 'n_neighbors': 15}",0.24080387826553518,488.3427920080265,1.4484104262124735
SpectralClustering,"{'n_clusters': 5, 'affinity': 'nearest_neighbors', 'assign_labels': 'cluster_qr', 'random_state': 123, 'n_neighbors': 15}",0.28848113504924433,777.1148399638473,1.4851803663650973
SpectralClustering,"{'n_clusters': 5, 'affinity': 'nearest_neighbors', 'assign_labels': 'cluster_qr', 'random_state': 456, 'n_neighbors': 15}",0.3015317972723256,813.6814646015853,1.4623038247642204
SpectralClustering,"{'n_clusters': 5, 'affinity': 'nearest_neighbors', 'assign_labels': 'cluster_qr', 'random_state': 789, 'n_neighbors': 15}",0.2406178821664013,508.2250127477062,1.7570605690211814
SpectralClustering,"{'n_clusters': 5, 'affinity': 'nearest_neighbors', 'assign_labels': 'cluster_qr', 'random_state': 1011, 'n_neighbors': 15}",0.2346491860749001,487.04475587175506,1.8246057941385712
SpectralClustering,"{'n_clusters': 5, 'affinity': 'nearest_neighbors', 'assign_labels': 'cluster_qr', 'random_state': 2022, 'n_neighbors': 15}",0.3015317972723256,813.6814646015853,1.4623038247642204
SpectralClustering,"{'n_clusters': 5, 'affinity': 'nearest_neighbors', 'assign_labels': 'cluster_qr', 'random_state': 3033, 'n_neighbors': 15}",0.3015317972723256,813.6814646015853,1.4623038247642204
SpectralClustering,"{'n_clusters': 5, 'affinity': 'nearest_neighbors', 'assign_labels': 'cluster_qr', 'random_state': 4044, 'n_neighbors': 15}",0.3115428758222965,765.215061724398,1.4034950214314756
SpectralClustering,"{'n_clusters': 5, 'affinity': 'nearest_neighbors', 'assign_labels': 'cluster_qr', 'random_state': 5055, 'n_neighbors': 15}",0.26291681504978265,566.8281264810768,1.4934844391528375
SpectralClustering,"{'n_clusters': 5, 'affinity': 'nearest_neighbors', 'assign_labels': 'cluster_qr', 'random_state': 6066, 'n_neighbors': 15}",0.28322401309137635,693.1977334596772,1.5747044330590554
SpectralClustering,"{'n_clusters': 5, 'affinity': 'nearest_neighbors', 'assign_labels': 'kmeans', 'random_state': 42, 'n_neighbors': 20}",0.29550394267293195,806.7870679514025,1.3873770503602318
SpectralClustering,"{'n_clusters': 5, 'affinity': 'nearest_neighbors', 'assign_labels': 'kmeans', 'random_state': 123, 'n_neighbors': 20}",0.29550394267293195,806.7870679514025,1.387377050360232
SpectralClustering,"{'n_clusters': 5, 'affinity': 'nearest_neighbors', 'assign_labels': 'kmeans', 'random_state': 456, 'n_neighbors': 20}",0.29550394267293195,806.7870679514025,1.387377050360232
SpectralClustering,"{'n_clusters': 5, 'affinity': 'nearest_neighbors', 'assign_labels': 'kmeans', 'random_state': 789, 'n_neighbors': 20}",0.29550394267293195,806.7870679514025,1.387377050360232
SpectralClustering,"{'n_clusters': 5, 'affinity': 'nearest_neighbors', 'assign_labels': 'kmeans', 'random_state': 1011, 'n_neighbors': 20}",0.29550394267293195,806.7870679514024,1.3873770503602318
SpectralClustering,"{'n_clusters': 5, 'affinity': 'nearest_neighbors', 'assign_labels': 'kmeans', 'random_state': 2022, 'n_neighbors': 20}",0.29550394267293195,806.7870679514024,1.3873770503602318
SpectralClustering,"{'n_clusters': 5, 'affinity': 'nearest_neighbors', 'assign_labels': 'kmeans', 'random_state': 3033, 'n_neighbors': 20}",0.29550394267293195,806.7870679514025,1.387377050360232
SpectralClustering,"{'n_clusters': 5, 'affinity': 'nearest_neighbors', 'assign_labels': 'kmeans', 'random_state': 4044, 'n_neighbors': 20}",0.29550394267293195,806.7870679514025,1.387377050360232
SpectralClustering,"{'n_clusters': 5, 'affinity': 'nearest_neighbors', 'assign_labels': 'kmeans', 'random_state': 5055, 'n_neighbors': 20}",0.29550394267293195,806.7870679514025,1.387377050360232
SpectralClustering,"{'n_clusters': 5, 'affinity': 'nearest_neighbors', 'assign_labels': 'kmeans', 'random_state': 6066, 'n_neighbors': 20}",0.29550394267293195,806.7870679514024,1.3873770503602318
SpectralClustering,"{'n_clusters': 5, 'affinity': 'nearest_neighbors', 'assign_labels': 'discretize', 'random_state': 42, 'n_neighbors': 20}",0.30166662452820775,817.7148856200964,1.4606259833326685
SpectralClustering,"{'n_clusters': 5, 'affinity': 'nearest_neighbors', 'assign_labels': 'discretize', 'random_state': 123, 'n_neighbors': 20}",0.30166662452820775,817.7148856200964,1.4606259833326685
SpectralClustering,"{'n_clusters': 5, 'affinity': 'nearest_neighbors', 'assign_labels': 'discretize', 'random_state': 456, 'n_neighbors': 20}",0.30166662452820775,817.7148856200965,1.4606259833326685
SpectralClustering,"{'n_clusters': 5, 'affinity': 'nearest_neighbors', 'assign_labels': 'discretize', 'random_state': 789, 'n_neighbors': 20}",0.30166662452820775,817.7148856200965,1.4606259833326685
SpectralClustering,"{'n_clusters': 5, 'affinity': 'nearest_neighbors', 'assign_labels': 'discretize', 'random_state': 1011, 'n_neighbors': 20}",0.30166662452820775,817.7148856200964,1.4606259833326685
SpectralClustering,"{'n_clusters': 5, 'affinity': 'nearest_neighbors', 'assign_labels': 'discretize', 'random_state': 2022, 'n_neighbors': 20}",0.30166662452820775,817.7148856200964,1.4606259833326685
SpectralClustering,"{'n_clusters': 5, 'affinity': 'nearest_neighbors', 'assign_labels': 'discretize', 'random_state': 3033, 'n_neighbors': 20}",0.30166662452820775,817.7148856200964,1.4606259833326685
SpectralClustering,"{'n_clusters': 5, 'affinity': 'nearest_neighbors', 'assign_labels': 'discretize', 'random_state': 4044, 'n_neighbors': 20}",0.30166662452820775,817.7148856200965,1.4606259833326685
SpectralClustering,"{'n_clusters': 5, 'affinity': 'nearest_neighbors', 'assign_labels': 'discretize', 'random_state': 5055, 'n_neighbors': 20}",0.30166662452820775,817.7148856200964,1.4606259833326685
SpectralClustering,"{'n_clusters': 5, 'affinity': 'nearest_neighbors', 'assign_labels': 'discretize', 'random_state': 6066, 'n_neighbors': 20}",0.30166662452820775,817.7148856200965,1.4606259833326685
SpectralClustering,"{'n_clusters': 5, 'affinity': 'nearest_neighbors', 'assign_labels': 'cluster_qr', 'random_state': 42, 'n_neighbors': 20}",0.30144815675172254,812.509133373166,1.459342195041176
SpectralClustering,"{'n_clusters': 5, 'affinity': 'nearest_neighbors', 'assign_labels': 'cluster_qr', 'random_state': 123, 'n_neighbors': 20}",0.30144815675172254,812.509133373166,1.459342195041176
SpectralClustering,"{'n_clusters': 5, 'affinity': 'nearest_neighbors', 'assign_labels': 'cluster_qr', 'random_state': 456, 'n_neighbors': 20}",0.30144815675172254,812.509133373166,1.459342195041176
SpectralClustering,"{'n_clusters': 5, 'affinity': 'nearest_neighbors', 'assign_labels': 'cluster_qr', 'random_state': 789, 'n_neighbors': 20}",0.30144815675172254,812.509133373166,1.459342195041176
SpectralClustering,"{'n_clusters': 5, 'affinity': 'nearest_neighbors', 'assign_labels': 'cluster_qr', 'random_state': 1011, 'n_neighbors': 20}",0.30144815675172254,812.509133373166,1.459342195041176
SpectralClustering,"{'n_clusters': 5, 'affinity': 'nearest_neighbors', 'assign_labels': 'cluster_qr', 'random_state': 2022, 'n_neighbors': 20}",0.30144815675172254,812.509133373166,1.459342195041176
SpectralClustering,"{'n_clusters': 5, 'affinity': 'nearest_neighbors', 'assign_labels': 'cluster_qr', 'random_state': 3033, 'n_neighbors': 20}",0.30144815675172254,812.509133373166,1.459342195041176
SpectralClustering,"{'n_clusters': 5, 'affinity': 'nearest_neighbors', 'assign_labels': 'cluster_qr', 'random_state': 4044, 'n_neighbors': 20}",0.30144815675172254,812.509133373166,1.459342195041176
SpectralClustering,"{'n_clusters': 5, 'affinity': 'nearest_neighbors', 'assign_labels': 'cluster_qr', 'random_state': 5055, 'n_neighbors': 20}",0.30144815675172254,812.509133373166,1.459342195041176
SpectralClustering,"{'n_clusters': 5, 'affinity': 'nearest_neighbors', 'assign_labels': 'cluster_qr', 'random_state': 6066, 'n_neighbors': 20}",0.30144815675172254,812.509133373166,1.459342195041176
SpectralClustering,"{'n_clusters': 5, 'affinity': 'nearest_neighbors', 'assign_labels': 'kmeans', 'random_state': 42, 'n_neighbors': 50}",0.34444329268104346,988.52701908988,1.1325289423289058
SpectralClustering,"{'n_clusters': 5, 'affinity': 'nearest_neighbors', 'assign_labels': 'kmeans', 'random_state': 123, 'n_neighbors': 50}",0.34363932510138645,985.3276961747116,1.1338500210170737
SpectralClustering,"{'n_clusters': 5, 'affinity': 'nearest_neighbors', 'assign_labels': 'kmeans', 'random_state': 456, 'n_neighbors': 50}",0.34444329268104346,988.52701908988,1.1325289423289058
SpectralClustering,"{'n_clusters': 5, 'affinity': 'nearest_neighbors', 'assign_labels': 'kmeans', 'random_state': 789, 'n_neighbors': 50}",0.34444329268104346,988.52701908988,1.1325289423289058
SpectralClustering,"{'n_clusters': 5, 'affinity': 'nearest_neighbors', 'assign_labels': 'kmeans', 'random_state': 1011, 'n_neighbors': 50}",0.34363932510138645,985.3276961747116,1.1338500210170737
SpectralClustering,"{'n_clusters': 5, 'affinity': 'nearest_neighbors', 'assign_labels': 'kmeans', 'random_state': 2022, 'n_neighbors': 50}",0.34363932510138645,985.3276961747116,1.1338500210170737
SpectralClustering,"{'n_clusters': 5, 'affinity': 'nearest_neighbors', 'assign_labels': 'kmeans', 'random_state': 3033, 'n_neighbors': 50}",0.34363932510138645,985.3276961747116,1.1338500210170737
SpectralClustering,"{'n_clusters': 5, 'affinity': 'nearest_neighbors', 'assign_labels': 'kmeans', 'random_state': 4044, 'n_neighbors': 50}",0.34363932510138645,985.3276961747116,1.1338500210170737
SpectralClustering,"{'n_clusters': 5, 'affinity': 'nearest_neighbors', 'assign_labels': 'kmeans', 'random_state': 5055, 'n_neighbors': 50}",0.34363932510138645,985.3276961747116,1.1338500210170737
SpectralClustering,"{'n_clusters': 5, 'affinity': 'nearest_neighbors', 'assign_labels': 'kmeans', 'random_state': 6066, 'n_neighbors': 50}",0.34363932510138645,985.3276961747116,1.1338500210170737
SpectralClustering,"{'n_clusters': 5, 'affinity': 'nearest_neighbors', 'assign_labels': 'discretize', 'random_state': 42, 'n_neighbors': 50}",0.3458777631574141,996.7932498734888,1.131642899928433
SpectralClustering,"{'n_clusters': 5, 'affinity': 'nearest_neighbors', 'assign_labels': 'discretize', 'random_state': 123, 'n_neighbors': 50}",0.3458777631574141,996.7932498734888,1.131642899928433
SpectralClustering,"{'n_clusters': 5, 'affinity': 'nearest_neighbors', 'assign_labels': 'discretize', 'random_state': 456, 'n_neighbors': 50}",0.3458777631574141,996.7932498734885,1.131642899928433
SpectralClustering,"{'n_clusters': 5, 'affinity': 'nearest_neighbors', 'assign_labels': 'discretize', 'random_state': 789, 'n_neighbors': 50}",0.3458777631574141,996.7932498734888,1.131642899928433
SpectralClustering,"{'n_clusters': 5, 'affinity': 'nearest_neighbors', 'assign_labels': 'discretize', 'random_state': 1011, 'n_neighbors': 50}",0.3458777631574141,996.7932498734887,1.131642899928433
SpectralClustering,"{'n_clusters': 5, 'affinity': 'nearest_neighbors', 'assign_labels': 'discretize', 'random_state': 2022, 'n_neighbors': 50}",0.345806760900862,996.736534713311,1.1316848248393112
SpectralClustering,"{'n_clusters': 5, 'affinity': 'nearest_neighbors', 'assign_labels': 'discretize', 'random_state': 3033, 'n_neighbors': 50}",0.345806760900862,996.7365347133114,1.131684824839311
SpectralClustering,"{'n_clusters': 5, 'affinity': 'nearest_neighbors', 'assign_labels': 'discretize', 'random_state': 4044, 'n_neighbors': 50}",0.3458777631574141,996.7932498734888,1.131642899928433
SpectralClustering,"{'n_clusters': 5, 'affinity': 'nearest_neighbors', 'assign_labels': 'discretize', 'random_state': 5055, 'n_neighbors': 50}",0.3458777631574141,996.7932498734888,1.131642899928433
SpectralClustering,"{'n_clusters': 5, 'affinity': 'nearest_neighbors', 'assign_labels': 'discretize', 'random_state': 6066, 'n_neighbors': 50}",0.3458777631574141,996.7932498734888,1.131642899928433
SpectralClustering,"{'n_clusters': 5, 'affinity': 'nearest_neighbors', 'assign_labels': 'cluster_qr', 'random_state': 42, 'n_neighbors': 50}",0.34362708432743755,987.6865070079144,1.1346667890597462
SpectralClustering,"{'n_clusters': 5, 'affinity': 'nearest_neighbors', 'assign_labels': 'cluster_qr', 'random_state': 123, 'n_neighbors': 50}",0.34362708432743755,987.6865070079144,1.1346667890597462
SpectralClustering,"{'n_clusters': 5, 'affinity': 'nearest_neighbors', 'assign_labels': 'cluster_qr', 'random_state': 456, 'n_neighbors': 50}",0.34362708432743755,987.6865070079144,1.1346667890597462
SpectralClustering,"{'n_clusters': 5, 'affinity': 'nearest_neighbors', 'assign_labels': 'cluster_qr', 'random_state': 789, 'n_neighbors': 50}",0.34362708432743755,987.6865070079144,1.1346667890597462
SpectralClustering,"{'n_clusters': 5, 'affinity': 'nearest_neighbors', 'assign_labels': 'cluster_qr', 'random_state': 1011, 'n_neighbors': 50}",0.34362708432743755,987.6865070079144,1.1346667890597462
SpectralClustering,"{'n_clusters': 5, 'affinity': 'nearest_neighbors', 'assign_labels': 'cluster_qr', 'random_state': 2022, 'n_neighbors': 50}",0.34362708432743755,987.6865070079144,1.1346667890597462
SpectralClustering,"{'n_clusters': 5, 'affinity': 'nearest_neighbors', 'assign_labels': 'cluster_qr', 'random_state': 3033, 'n_neighbors': 50}",0.34362708432743755,987.6865070079144,1.1346667890597462
SpectralClustering,"{'n_clusters': 5, 'affinity': 'nearest_neighbors', 'assign_labels': 'cluster_qr', 'random_state': 4044, 'n_neighbors': 50}",0.34362708432743755,987.6865070079144,1.1346667890597462
SpectralClustering,"{'n_clusters': 5, 'affinity': 'nearest_neighbors', 'assign_labels': 'cluster_qr', 'random_state': 5055, 'n_neighbors': 50}",0.34362708432743755,987.6865070079144,1.1346667890597462
SpectralClustering,"{'n_clusters': 5, 'affinity': 'nearest_neighbors', 'assign_labels': 'cluster_qr', 'random_state': 6066, 'n_neighbors': 50}",0.34362708432743755,987.6865070079144,1.1346667890597462
SpectralClustering,"{'n_clusters': 5, 'affinity': 'nearest_neighbors', 'assign_labels': 'kmeans', 'random_state': 42, 'n_neighbors': 100}",0.35415057230218155,1179.9899463541785,0.9552054413357638
SpectralClustering,"{'n_clusters': 5, 'affinity': 'nearest_neighbors', 'assign_labels': 'kmeans', 'random_state': 123, 'n_neighbors': 100}",0.35415057230218155,1179.9899463541783,0.9552054413357638
SpectralClustering,"{'n_clusters': 5, 'affinity': 'nearest_neighbors', 'assign_labels': 'kmeans', 'random_state': 456, 'n_neighbors': 100}",0.35415057230218155,1179.9899463541783,0.9552054413357638
SpectralClustering,"{'n_clusters': 5, 'affinity': 'nearest_neighbors', 'assign_labels': 'kmeans', 'random_state': 789, 'n_neighbors': 100}",0.35415057230218155,1179.9899463541783,0.9552054413357638
SpectralClustering,"{'n_clusters': 5, 'affinity': 'nearest_neighbors', 'assign_labels': 'kmeans', 'random_state': 1011, 'n_neighbors': 100}",0.35415057230218155,1179.9899463541783,0.9552054413357638
SpectralClustering,"{'n_clusters': 5, 'affinity': 'nearest_neighbors', 'assign_labels': 'kmeans', 'random_state': 2022, 'n_neighbors': 100}",0.35415057230218155,1179.9899463541785,0.9552054413357638
SpectralClustering,"{'n_clusters': 5, 'affinity': 'nearest_neighbors', 'assign_labels': 'kmeans', 'random_state': 3033, 'n_neighbors': 100}",0.35415057230218155,1179.9899463541783,0.9552054413357638
SpectralClustering,"{'n_clusters': 5, 'affinity': 'nearest_neighbors', 'assign_labels': 'kmeans', 'random_state': 4044, 'n_neighbors': 100}",0.35415057230218155,1179.9899463541783,0.9552054413357638
SpectralClustering,"{'n_clusters': 5, 'affinity': 'nearest_neighbors', 'assign_labels': 'kmeans', 'random_state': 5055, 'n_neighbors': 100}",0.35415057230218155,1179.9899463541783,0.9552054413357638
SpectralClustering,"{'n_clusters': 5, 'affinity': 'nearest_neighbors', 'assign_labels': 'kmeans', 'random_state': 6066, 'n_neighbors': 100}",0.35415057230218155,1179.9899463541783,0.9552054413357638
SpectralClustering,"{'n_clusters': 5, 'affinity': 'nearest_neighbors', 'assign_labels': 'discretize', 'random_state': 42, 'n_neighbors': 100}",0.35062820494028907,1167.7386477956836,0.9602710191649189
SpectralClustering,"{'n_clusters': 5, 'affinity': 'nearest_neighbors', 'assign_labels': 'discretize', 'random_state': 123, 'n_neighbors': 100}",0.35062820494028907,1167.7386477956836,0.9602710191649189
SpectralClustering,"{'n_clusters': 5, 'affinity': 'nearest_neighbors', 'assign_labels': 'discretize', 'random_state': 456, 'n_neighbors': 100}",0.35062820494028907,1167.7386477956834,0.9602710191649189
SpectralClustering,"{'n_clusters': 5, 'affinity': 'nearest_neighbors', 'assign_labels': 'discretize', 'random_state': 789, 'n_neighbors': 100}",0.35062820494028907,1167.7386477956836,0.9602710191649189
SpectralClustering,"{'n_clusters': 5, 'affinity': 'nearest_neighbors', 'assign_labels': 'discretize', 'random_state': 1011, 'n_neighbors': 100}",0.35062820494028907,1167.7386477956836,0.9602710191649189
SpectralClustering,"{'n_clusters': 5, 'affinity': 'nearest_neighbors', 'assign_labels': 'discretize', 'random_state': 2022, 'n_neighbors': 100}",0.35062820494028907,1167.7386477956836,0.9602710191649189
SpectralClustering,"{'n_clusters': 5, 'affinity': 'nearest_neighbors', 'assign_labels': 'discretize', 'random_state': 3033, 'n_neighbors': 100}",0.35062820494028907,1167.7386477956834,0.9602710191649189
SpectralClustering,"{'n_clusters': 5, 'affinity': 'nearest_neighbors', 'assign_labels': 'discretize', 'random_state': 4044, 'n_neighbors': 100}",0.35062820494028907,1167.7386477956836,0.9602710191649189
SpectralClustering,"{'n_clusters': 5, 'affinity': 'nearest_neighbors', 'assign_labels': 'discretize', 'random_state': 5055, 'n_neighbors': 100}",0.35062820494028907,1167.7386477956838,0.9602710191649189
SpectralClustering,"{'n_clusters': 5, 'affinity': 'nearest_neighbors', 'assign_labels': 'discretize', 'random_state': 6066, 'n_neighbors': 100}",0.35062820494028907,1167.7386477956836,0.9602710191649189
SpectralClustering,"{'n_clusters': 5, 'affinity': 'nearest_neighbors', 'assign_labels': 'cluster_qr', 'random_state': 42, 'n_neighbors': 100}",0.3457331981233538,1145.1201558059931,0.9678236607536143
SpectralClustering,"{'n_clusters': 5, 'affinity': 'nearest_neighbors', 'assign_labels': 'cluster_qr', 'random_state': 123, 'n_neighbors': 100}",0.3457331981233538,1145.1201558059931,0.9678236607536143
SpectralClustering,"{'n_clusters': 5, 'affinity': 'nearest_neighbors', 'assign_labels': 'cluster_qr', 'random_state': 456, 'n_neighbors': 100}",0.3457331981233538,1145.1201558059931,0.9678236607536143
SpectralClustering,"{'n_clusters': 5, 'affinity': 'nearest_neighbors', 'assign_labels': 'cluster_qr', 'random_state': 789, 'n_neighbors': 100}",0.3457331981233538,1145.1201558059931,0.9678236607536143
SpectralClustering,"{'n_clusters': 5, 'affinity': 'nearest_neighbors', 'assign_labels': 'cluster_qr', 'random_state': 1011, 'n_neighbors': 100}",0.3457331981233538,1145.1201558059931,0.9678236607536143
SpectralClustering,"{'n_clusters': 5, 'affinity': 'nearest_neighbors', 'assign_labels': 'cluster_qr', 'random_state': 2022, 'n_neighbors': 100}",0.3457331981233538,1145.1201558059931,0.9678236607536143
SpectralClustering,"{'n_clusters': 5, 'affinity': 'nearest_neighbors', 'assign_labels': 'cluster_qr', 'random_state': 3033, 'n_neighbors': 100}",0.3457331981233538,1145.1201558059931,0.9678236607536143
SpectralClustering,"{'n_clusters': 5, 'affinity': 'nearest_neighbors', 'assign_labels': 'cluster_qr', 'random_state': 4044, 'n_neighbors': 100}",0.3457331981233538,1145.1201558059931,0.9678236607536143
SpectralClustering,"{'n_clusters': 5, 'affinity': 'nearest_neighbors', 'assign_labels': 'cluster_qr', 'random_state': 5055, 'n_neighbors': 100}",0.3457331981233538,1145.1201558059931,0.9678236607536143
SpectralClustering,"{'n_clusters': 5, 'affinity': 'nearest_neighbors', 'assign_labels': 'cluster_qr', 'random_state': 6066, 'n_neighbors': 100}",0.3457331981233538,1145.1201558059931,0.9678236607536143
SpectralClustering,"{'n_clusters': 5, 'affinity': 'polynomial', 'assign_labels': 'kmeans', 'random_state': 42}",0.0002467270392198047,218.0404353293682,2.772802225209035
SpectralClustering,"{'n_clusters': 5, 'affinity': 'polynomial', 'assign_labels': 'kmeans', 'random_state': 123}",0.001987214008157671,219.08325306611775,2.7303131826805203
SpectralClustering,"{'n_clusters': 5, 'affinity': 'polynomial', 'assign_labels': 'kmeans', 'random_state': 456}",0.0001444180967444003,217.92388193234947,2.783732067845867
SpectralClustering,"{'n_clusters': 5, 'affinity': 'polynomial', 'assign_labels': 'kmeans', 'random_state': 789}",0.001987214008157671,219.08325306611775,2.7303131826805203
SpectralClustering,"{'n_clusters': 5, 'affinity': 'polynomial', 'assign_labels': 'kmeans', 'random_state': 1011}",0.10377205561537453,419.94844363044353,1.840953864445061
SpectralClustering,"{'n_clusters': 5, 'affinity': 'polynomial', 'assign_labels': 'kmeans', 'random_state': 2022}",0.001987214008157671,219.08325306611775,2.7303131826805203
SpectralClustering,"{'n_clusters': 5, 'affinity': 'polynomial', 'assign_labels': 'kmeans', 'random_state': 3033}",0.001987214008157671,219.08325306611775,2.7303131826805203
SpectralClustering,"{'n_clusters': 5, 'affinity': 'polynomial', 'assign_labels': 'kmeans', 'random_state': 4044}",0.001987214008157671,219.08325306611775,2.7303131826805203
SpectralClustering,"{'n_clusters': 5, 'affinity': 'polynomial', 'assign_labels': 'kmeans', 'random_state': 5055}",0.0007045605627552709,218.0232313408518,2.7982477193474127
SpectralClustering,"{'n_clusters': 5, 'affinity': 'polynomial', 'assign_labels': 'kmeans', 'random_state': 6066}",0.001987214008157671,219.0832530661177,2.7303131826805203
SpectralClustering,"{'n_clusters': 5, 'affinity': 'polynomial', 'assign_labels': 'discretize', 'random_state': 42}",0.24733513491254255,942.9194529207782,1.2620688533437878
SpectralClustering,"{'n_clusters': 5, 'affinity': 'polynomial', 'assign_labels': 'discretize', 'random_state': 123}",0.24733513491254255,942.9194529207782,1.2620688533437878
SpectralClustering,"{'n_clusters': 5, 'affinity': 'polynomial', 'assign_labels': 'discretize', 'random_state': 456}",0.24733513491254255,942.9194529207782,1.2620688533437878
SpectralClustering,"{'n_clusters': 5, 'affinity': 'polynomial', 'assign_labels': 'discretize', 'random_state': 789}",0.28685347112153065,992.6929060243228,1.081685515465918
SpectralClustering,"{'n_clusters': 5, 'affinity': 'polynomial', 'assign_labels': 'discretize', 'random_state': 1011}",0.24733513491254255,942.9194529207782,1.2620688533437878
SpectralClustering,"{'n_clusters': 5, 'affinity': 'polynomial', 'assign_labels': 'discretize', 'random_state': 2022}",0.24733513491254255,942.9194529207783,1.2620688533437878
SpectralClustering,"{'n_clusters': 5, 'affinity': 'polynomial', 'assign_labels': 'discretize', 'random_state': 3033}",0.28686246227618395,993.5467454993804,1.0805198266106861
SpectralClustering,"{'n_clusters': 5, 'affinity': 'polynomial', 'assign_labels': 'discretize', 'random_state': 4044}",0.24733513491254255,942.9194529207782,1.2620688533437878
SpectralClustering,"{'n_clusters': 5, 'affinity': 'polynomial', 'assign_labels': 'discretize', 'random_state': 5055}",0.24733513491254255,942.9194529207782,1.2620688533437878
SpectralClustering,"{'n_clusters': 5, 'affinity': 'polynomial', 'assign_labels': 'discretize', 'random_state': 6066}",0.28685347112153065,992.6929060243228,1.081685515465918
SpectralClustering,"{'n_clusters': 5, 'affinity': 'polynomial', 'assign_labels': 'cluster_qr', 'random_state': 42}",0.33427660338048093,1123.7640187614024,0.982992320042349
SpectralClustering,"{'n_clusters': 5, 'affinity': 'polynomial', 'assign_labels': 'cluster_qr', 'random_state': 123}",0.33427660338048093,1123.7640187614024,0.982992320042349
SpectralClustering,"{'n_clusters': 5, 'affinity': 'polynomial', 'assign_labels': 'cluster_qr', 'random_state': 456}",0.33427660338048093,1123.7640187614024,0.982992320042349
SpectralClustering,"{'n_clusters': 5, 'affinity': 'polynomial', 'assign_labels': 'cluster_qr', 'random_state': 789}",0.33427660338048093,1123.7640187614024,0.982992320042349
SpectralClustering,"{'n_clusters': 5, 'affinity': 'polynomial', 'assign_labels': 'cluster_qr', 'random_state': 1011}",0.33427660338048093,1123.7640187614024,0.982992320042349
SpectralClustering,"{'n_clusters': 5, 'affinity': 'polynomial', 'assign_labels': 'cluster_qr', 'random_state': 2022}",0.33427660338048093,1123.7640187614024,0.982992320042349
SpectralClustering,"{'n_clusters': 5, 'affinity': 'polynomial', 'assign_labels': 'cluster_qr', 'random_state': 3033}",0.33427660338048093,1123.7640187614024,0.982992320042349
SpectralClustering,"{'n_clusters': 5, 'affinity': 'polynomial', 'assign_labels': 'cluster_qr', 'random_state': 4044}",0.33427660338048093,1123.7640187614024,0.982992320042349
SpectralClustering,"{'n_clusters': 5, 'affinity': 'polynomial', 'assign_labels': 'cluster_qr', 'random_state': 5055}",0.33427660338048093,1123.7640187614024,0.982992320042349
SpectralClustering,"{'n_clusters': 5, 'affinity': 'polynomial', 'assign_labels': 'cluster_qr', 'random_state': 6066}",0.33427660338048093,1123.7640187614024,0.982992320042349
SpectralClustering,"{'n_clusters': 5, 'affinity': 'poly', 'assign_labels': 'kmeans', 'random_state': 42}",0.0002467270392198047,218.0404353293682,2.772802225209035
SpectralClustering,"{'n_clusters': 5, 'affinity': 'poly', 'assign_labels': 'kmeans', 'random_state': 123}",0.001987214008157671,219.08325306611775,2.7303131826805203
SpectralClustering,"{'n_clusters': 5, 'affinity': 'poly', 'assign_labels': 'kmeans', 'random_state': 456}",0.0001444180967444003,217.92388193234947,2.783732067845867
SpectralClustering,"{'n_clusters': 5, 'affinity': 'poly', 'assign_labels': 'kmeans', 'random_state': 789}",0.001987214008157671,219.08325306611775,2.7303131826805203
SpectralClustering,"{'n_clusters': 5, 'affinity': 'poly', 'assign_labels': 'kmeans', 'random_state': 1011}",0.10377205561537453,419.94844363044353,1.840953864445061
SpectralClustering,"{'n_clusters': 5, 'affinity': 'poly', 'assign_labels': 'kmeans', 'random_state': 2022}",0.001987214008157671,219.08325306611775,2.7303131826805203
SpectralClustering,"{'n_clusters': 5, 'affinity': 'poly', 'assign_labels': 'kmeans', 'random_state': 3033}",0.001987214008157671,219.08325306611775,2.7303131826805203
SpectralClustering,"{'n_clusters': 5, 'affinity': 'poly', 'assign_labels': 'kmeans', 'random_state': 4044}",0.001987214008157671,219.08325306611775,2.7303131826805203
SpectralClustering,"{'n_clusters': 5, 'affinity': 'poly', 'assign_labels': 'kmeans', 'random_state': 5055}",0.0007045605627552709,218.0232313408518,2.7982477193474127
SpectralClustering,"{'n_clusters': 5, 'affinity': 'poly', 'assign_labels': 'kmeans', 'random_state': 6066}",0.001987214008157671,219.0832530661177,2.7303131826805203
SpectralClustering,"{'n_clusters': 5, 'affinity': 'poly', 'assign_labels': 'discretize', 'random_state': 42}",0.24733513491254255,942.9194529207782,1.2620688533437878
SpectralClustering,"{'n_clusters': 5, 'affinity': 'poly', 'assign_labels': 'discretize', 'random_state': 123}",0.24733513491254255,942.9194529207782,1.2620688533437878
SpectralClustering,"{'n_clusters': 5, 'affinity': 'poly', 'assign_labels': 'discretize', 'random_state': 456}",0.24733513491254255,942.9194529207782,1.2620688533437878
SpectralClustering,"{'n_clusters': 5, 'affinity': 'poly', 'assign_labels': 'discretize', 'random_state': 789}",0.28685347112153065,992.6929060243228,1.081685515465918
SpectralClustering,"{'n_clusters': 5, 'affinity': 'poly', 'assign_labels': 'discretize', 'random_state': 1011}",0.24733513491254255,942.9194529207782,1.2620688533437878
SpectralClustering,"{'n_clusters': 5, 'affinity': 'poly', 'assign_labels': 'discretize', 'random_state': 2022}",0.24733513491254255,942.9194529207783,1.2620688533437878
SpectralClustering,"{'n_clusters': 5, 'affinity': 'poly', 'assign_labels': 'discretize', 'random_state': 3033}",0.28686246227618395,993.5467454993804,1.0805198266106861
SpectralClustering,"{'n_clusters': 5, 'affinity': 'poly', 'assign_labels': 'discretize', 'random_state': 4044}",0.24733513491254255,942.9194529207782,1.2620688533437878
SpectralClustering,"{'n_clusters': 5, 'affinity': 'poly', 'assign_labels': 'discretize', 'random_state': 5055}",0.24733513491254255,942.9194529207782,1.2620688533437878
SpectralClustering,"{'n_clusters': 5, 'affinity': 'poly', 'assign_labels': 'discretize', 'random_state': 6066}",0.28685347112153065,992.6929060243228,1.081685515465918
SpectralClustering,"{'n_clusters': 5, 'affinity': 'poly', 'assign_labels': 'cluster_qr', 'random_state': 42}",0.33427660338048093,1123.7640187614024,0.982992320042349
SpectralClustering,"{'n_clusters': 5, 'affinity': 'poly', 'assign_labels': 'cluster_qr', 'random_state': 123}",0.33427660338048093,1123.7640187614024,0.982992320042349
SpectralClustering,"{'n_clusters': 5, 'affinity': 'poly', 'assign_labels': 'cluster_qr', 'random_state': 456}",0.33427660338048093,1123.7640187614024,0.982992320042349
SpectralClustering,"{'n_clusters': 5, 'affinity': 'poly', 'assign_labels': 'cluster_qr', 'random_state': 789}",0.33427660338048093,1123.7640187614024,0.982992320042349
SpectralClustering,"{'n_clusters': 5, 'affinity': 'poly', 'assign_labels': 'cluster_qr', 'random_state': 1011}",0.33427660338048093,1123.7640187614024,0.982992320042349
SpectralClustering,"{'n_clusters': 5, 'affinity': 'poly', 'assign_labels': 'cluster_qr', 'random_state': 2022}",0.33427660338048093,1123.7640187614024,0.982992320042349
SpectralClustering,"{'n_clusters': 5, 'affinity': 'poly', 'assign_labels': 'cluster_qr', 'random_state': 3033}",0.33427660338048093,1123.7640187614024,0.982992320042349
SpectralClustering,"{'n_clusters': 5, 'affinity': 'poly', 'assign_labels': 'cluster_qr', 'random_state': 4044}",0.33427660338048093,1123.7640187614024,0.982992320042349
SpectralClustering,"{'n_clusters': 5, 'affinity': 'poly', 'assign_labels': 'cluster_qr', 'random_state': 5055}",0.33427660338048093,1123.7640187614024,0.982992320042349
SpectralClustering,"{'n_clusters': 5, 'affinity': 'poly', 'assign_labels': 'cluster_qr', 'random_state': 6066}",0.33427660338048093,1123.7640187614024,0.982992320042349
SpectralClustering,"{'n_clusters': 5, 'affinity': 'sigmoid', 'assign_labels': 'kmeans', 'random_state': 42}",0.0905626846996591,320.32333081366943,1.9107898708899846
SpectralClustering,"{'n_clusters': 5, 'affinity': 'sigmoid', 'assign_labels': 'kmeans', 'random_state': 123}",0.0921446865692746,323.6946038829024,1.8915865064599195
SpectralClustering,"{'n_clusters': 5, 'affinity': 'sigmoid', 'assign_labels': 'kmeans', 'random_state': 456}",0.09072868725716417,320.61407902155156,1.9086384046908176
SpectralClustering,"{'n_clusters': 5, 'affinity': 'sigmoid', 'assign_labels': 'kmeans', 'random_state': 789}",0.09121017213385577,321.3490742781927,1.904782529258635
SpectralClustering,"{'n_clusters': 5, 'affinity': 'sigmoid', 'assign_labels': 'kmeans', 'random_state': 1011}",0.09072868725716417,320.6140790215515,1.9086384046908171
SpectralClustering,"{'n_clusters': 5, 'affinity': 'sigmoid', 'assign_labels': 'kmeans', 'random_state': 2022}",0.09183304654225126,319.81663452012066,1.902833464147749
SpectralClustering,"{'n_clusters': 5, 'affinity': 'sigmoid', 'assign_labels': 'kmeans', 'random_state': 3033}",0.0905626846996591,320.3233308136695,1.9107898708899842
SpectralClustering,"{'n_clusters': 5, 'affinity': 'sigmoid', 'assign_labels': 'kmeans', 'random_state': 4044}",0.0905626846996591,320.32333081366943,1.9107898708899846
SpectralClustering,"{'n_clusters': 5, 'affinity': 'sigmoid', 'assign_labels': 'kmeans', 'random_state': 5055}",0.09121017213385577,321.3490742781927,1.904782529258635
SpectralClustering,"{'n_clusters': 5, 'affinity': 'sigmoid', 'assign_labels': 'kmeans', 'random_state': 6066}",0.0905626846996591,320.3233308136695,1.9107898708899842
SpectralClustering,"{'n_clusters': 5, 'affinity': 'sigmoid', 'assign_labels': 'discretize', 'random_state': 42}",0.15950903844814635,366.35271319739377,2.1254616489217217
SpectralClustering,"{'n_clusters': 5, 'affinity': 'sigmoid', 'assign_labels': 'discretize', 'random_state': 123}",0.09143422403267364,316.28521204346697,1.9522331168788774
SpectralClustering,"{'n_clusters': 5, 'affinity': 'sigmoid', 'assign_labels': 'discretize', 'random_state': 456}",0.09341393857918419,299.5210158796729,2.0785732633171263
SpectralClustering,"{'n_clusters': 5, 'affinity': 'sigmoid', 'assign_labels': 'discretize', 'random_state': 789}",0.09657952637950076,315.804821418932,1.9591979179501504
SpectralClustering,"{'n_clusters': 5, 'affinity': 'sigmoid', 'assign_labels': 'discretize', 'random_state': 1011}",0.09657952637950076,315.8048214189321,1.9591979179501506
SpectralClustering,"{'n_clusters': 5, 'affinity': 'sigmoid', 'assign_labels': 'discretize', 'random_state': 2022}",0.09853869432783932,307.2392496072804,2.0566046599568537
SpectralClustering,"{'n_clusters': 5, 'affinity': 'sigmoid', 'assign_labels': 'discretize', 'random_state': 3033}",0.09657952637950076,315.8048214189321,1.9591979179501506
SpectralClustering,"{'n_clusters': 5, 'affinity': 'sigmoid', 'assign_labels': 'discretize', 'random_state': 4044}",0.09061055577719017,314.8489289787494,1.9604500408343761
SpectralClustering,"{'n_clusters': 5, 'affinity': 'sigmoid', 'assign_labels': 'discretize', 'random_state': 5055}",0.1246295819263259,336.2960251498319,2.2072886889693804
SpectralClustering,"{'n_clusters': 5, 'affinity': 'sigmoid', 'assign_labels': 'discretize', 'random_state': 6066}",0.09143422403267364,316.285212043467,1.9522331168788774
SpectralClustering,"{'n_clusters': 5, 'affinity': 'sigmoid', 'assign_labels': 'cluster_qr', 'random_state': 42}",0.08425765135296517,312.7435408044825,2.310661853298828
SpectralClustering,"{'n_clusters': 5, 'affinity': 'sigmoid', 'assign_labels': 'cluster_qr', 'random_state': 123}",0.08425765135296517,312.7435408044825,2.310661853298828
SpectralClustering,"{'n_clusters': 5, 'affinity': 'sigmoid', 'assign_labels': 'cluster_qr', 'random_state': 456}",0.08425765135296517,312.7435408044825,2.310661853298828
SpectralClustering,"{'n_clusters': 5, 'affinity': 'sigmoid', 'assign_labels': 'cluster_qr', 'random_state': 789}",0.08425765135296517,312.7435408044825,2.310661853298828
SpectralClustering,"{'n_clusters': 5, 'affinity': 'sigmoid', 'assign_labels': 'cluster_qr', 'random_state': 1011}",0.08425765135296517,312.7435408044825,2.310661853298828
SpectralClustering,"{'n_clusters': 5, 'affinity': 'sigmoid', 'assign_labels': 'cluster_qr', 'random_state': 2022}",0.08425765135296517,312.7435408044825,2.310661853298828
SpectralClustering,"{'n_clusters': 5, 'affinity': 'sigmoid', 'assign_labels': 'cluster_qr', 'random_state': 3033}",0.08425765135296517,312.7435408044825,2.310661853298828
SpectralClustering,"{'n_clusters': 5, 'affinity': 'sigmoid', 'assign_labels': 'cluster_qr', 'random_state': 4044}",0.08425765135296517,312.7435408044825,2.310661853298828
SpectralClustering,"{'n_clusters': 5, 'affinity': 'sigmoid', 'assign_labels': 'cluster_qr', 'random_state': 5055}",0.08425765135296517,312.7435408044825,2.310661853298828
SpectralClustering,"{'n_clusters': 5, 'affinity': 'sigmoid', 'assign_labels': 'cluster_qr', 'random_state': 6066}",0.08425765135296517,312.7435408044825,2.310661853298828
SpectralClustering,"{'n_clusters': 6, 'affinity': 'rbf', 'assign_labels': 'kmeans', 'random_state': 42}",0.3658843023745082,428.26988908310454,1.1610201792319161
SpectralClustering,"{'n_clusters': 6, 'affinity': 'rbf', 'assign_labels': 'kmeans', 'random_state': 123}",0.3659980054623411,428.26670553407433,1.1542277753028445
SpectralClustering,"{'n_clusters': 6, 'affinity': 'rbf', 'assign_labels': 'kmeans', 'random_state': 456}",0.3658843023745082,428.26988908310466,1.1610201792319161
SpectralClustering,"{'n_clusters': 6, 'affinity': 'rbf', 'assign_labels': 'kmeans', 'random_state': 789}",0.3659980054623411,428.26670553407433,1.1542277753028445
SpectralClustering,"{'n_clusters': 6, 'affinity': 'rbf', 'assign_labels': 'kmeans', 'random_state': 1011}",0.3658843023745082,428.26988908310466,1.1610201792319161
SpectralClustering,"{'n_clusters': 6, 'affinity': 'rbf', 'assign_labels': 'kmeans', 'random_state': 2022}",0.3659980054623411,428.26670553407433,1.1542277753028443
SpectralClustering,"{'n_clusters': 6, 'affinity': 'rbf', 'assign_labels': 'kmeans', 'random_state': 3033}",0.3658843023745082,428.26988908310466,1.1610201792319161
SpectralClustering,"{'n_clusters': 6, 'affinity': 'rbf', 'assign_labels': 'kmeans', 'random_state': 4044}",0.3658843023745082,428.26988908310466,1.1610201792319161
SpectralClustering,"{'n_clusters': 6, 'affinity': 'rbf', 'assign_labels': 'kmeans', 'random_state': 5055}",0.3658843023745082,428.2698890831045,1.1610201792319161
SpectralClustering,"{'n_clusters': 6, 'affinity': 'rbf', 'assign_labels': 'kmeans', 'random_state': 6066}",0.3658843023745082,428.26988908310466,1.1610201792319161
SpectralClustering,"{'n_clusters': 6, 'affinity': 'rbf', 'assign_labels': 'discretize', 'random_state': 42}",0.3205554036411926,712.0508145317,1.1830155586945164
SpectralClustering,"{'n_clusters': 6, 'affinity': 'rbf', 'assign_labels': 'discretize', 'random_state': 123}",0.3205554036411926,712.0508145316998,1.1830155586945166
SpectralClustering,"{'n_clusters': 6, 'affinity': 'rbf', 'assign_labels': 'discretize', 'random_state': 456}",0.36122919657177355,669.0869861143486,1.1347348486001876
SpectralClustering,"{'n_clusters': 6, 'affinity': 'rbf', 'assign_labels': 'discretize', 'random_state': 789}",0.3205554036411926,712.0508145317,1.1830155586945164
SpectralClustering,"{'n_clusters': 6, 'affinity': 'rbf', 'assign_labels': 'discretize', 'random_state': 1011}",0.3205554036411926,712.0508145316998,1.1830155586945166
SpectralClustering,"{'n_clusters': 6, 'affinity': 'rbf', 'assign_labels': 'discretize', 'random_state': 2022}",0.3205554036411926,712.0508145317,1.1830155586945164
SpectralClustering,"{'n_clusters': 6, 'affinity': 'rbf', 'assign_labels': 'discretize', 'random_state': 3033}",0.3205554036411926,712.0508145316998,1.1830155586945164
SpectralClustering,"{'n_clusters': 6, 'affinity': 'rbf', 'assign_labels': 'discretize', 'random_state': 4044}",0.3205554036411926,712.0508145316998,1.1830155586945164
SpectralClustering,"{'n_clusters': 6, 'affinity': 'rbf', 'assign_labels': 'discretize', 'random_state': 5055}",0.3205554036411926,712.0508145317,1.1830155586945164
SpectralClustering,"{'n_clusters': 6, 'affinity': 'rbf', 'assign_labels': 'discretize', 'random_state': 6066}",0.3205554036411926,712.0508145316996,1.1830155586945164
SpectralClustering,"{'n_clusters': 6, 'affinity': 'rbf', 'assign_labels': 'cluster_qr', 'random_state': 42}",0.32022461253138107,712.7245474166076,1.1830459572320497
SpectralClustering,"{'n_clusters': 6, 'affinity': 'rbf', 'assign_labels': 'cluster_qr', 'random_state': 123}",0.32022461253138107,712.7245474166076,1.1830459572320497
SpectralClustering,"{'n_clusters': 6, 'affinity': 'rbf', 'assign_labels': 'cluster_qr', 'random_state': 456}",0.32022461253138107,712.7245474166076,1.1830459572320497
SpectralClustering,"{'n_clusters': 6, 'affinity': 'rbf', 'assign_labels': 'cluster_qr', 'random_state': 789}",0.32022461253138107,712.7245474166076,1.1830459572320497
SpectralClustering,"{'n_clusters': 6, 'affinity': 'rbf', 'assign_labels': 'cluster_qr', 'random_state': 1011}",0.32022461253138107,712.7245474166076,1.1830459572320497
SpectralClustering,"{'n_clusters': 6, 'affinity': 'rbf', 'assign_labels': 'cluster_qr', 'random_state': 2022}",0.32022461253138107,712.7245474166076,1.1830459572320497
SpectralClustering,"{'n_clusters': 6, 'affinity': 'rbf', 'assign_labels': 'cluster_qr', 'random_state': 3033}",0.32022461253138107,712.7245474166076,1.1830459572320497
SpectralClustering,"{'n_clusters': 6, 'affinity': 'rbf', 'assign_labels': 'cluster_qr', 'random_state': 4044}",0.32022461253138107,712.7245474166076,1.1830459572320497
SpectralClustering,"{'n_clusters': 6, 'affinity': 'rbf', 'assign_labels': 'cluster_qr', 'random_state': 5055}",0.32022461253138107,712.7245474166076,1.1830459572320497
SpectralClustering,"{'n_clusters': 6, 'affinity': 'rbf', 'assign_labels': 'cluster_qr', 'random_state': 6066}",0.32022461253138107,712.7245474166076,1.1830459572320497
SpectralClustering,"{'n_clusters': 6, 'affinity': 'nearest_neighbors', 'assign_labels': 'kmeans', 'random_state': 42, 'n_neighbors': 5}",0.2812339093213806,563.0966052908302,1.332266309792186
SpectralClustering,"{'n_clusters': 6, 'affinity': 'nearest_neighbors', 'assign_labels': 'kmeans', 'random_state': 123, 'n_neighbors': 5}",0.27797366273416774,671.6611578088045,1.4385891025711626
SpectralClustering,"{'n_clusters': 6, 'affinity': 'nearest_neighbors', 'assign_labels': 'kmeans', 'random_state': 456, 'n_neighbors': 5}",0.31674256512293053,800.3455374580352,1.4917403143519727
SpectralClustering,"{'n_clusters': 6, 'affinity': 'nearest_neighbors', 'assign_labels': 'kmeans', 'random_state': 789, 'n_neighbors': 5}",0.3272600419387479,958.1013718887856,1.1859105996243662
SpectralClustering,"{'n_clusters': 6, 'affinity': 'nearest_neighbors', 'assign_labels': 'kmeans', 'random_state': 1011, 'n_neighbors': 5}",0.25840070469534066,493.68632217152634,1.5517597836948502
SpectralClustering,"{'n_clusters': 6, 'affinity': 'nearest_neighbors', 'assign_labels': 'kmeans', 'random_state': 2022, 'n_neighbors': 5}",0.263465120138603,683.3871647439414,1.250415228795153
SpectralClustering,"{'n_clusters': 6, 'affinity': 'nearest_neighbors', 'assign_labels': 'kmeans', 'random_state': 3033, 'n_neighbors': 5}",0.28110626038596576,562.9497956338653,1.3318077804039714
SpectralClustering,"{'n_clusters': 6, 'affinity': 'nearest_neighbors', 'assign_labels': 'kmeans', 'random_state': 4044, 'n_neighbors': 5}",0.28114501774914663,562.7864197665077,1.333289898388503
SpectralClustering,"{'n_clusters': 6, 'affinity': 'nearest_neighbors', 'assign_labels': 'kmeans', 'random_state': 5055, 'n_neighbors': 5}",0.31157126902142634,759.9413337715816,1.4546183261699872
SpectralClustering,"{'n_clusters': 6, 'affinity': 'nearest_neighbors', 'assign_labels': 'kmeans', 'random_state': 6066, 'n_neighbors': 5}",0.25840070469534066,493.6863221715263,1.5517597836948507
SpectralClustering,"{'n_clusters': 6, 'affinity': 'nearest_neighbors', 'assign_labels': 'discretize', 'random_state': 42, 'n_neighbors': 5}",0.28085398758435487,559.8224760129245,1.3261019228604212
SpectralClustering,"{'n_clusters': 6, 'affinity': 'nearest_neighbors', 'assign_labels': 'discretize', 'random_state': 123, 'n_neighbors': 5}",0.29479454882483014,802.4038965922954,1.3256951854340742
SpectralClustering,"{'n_clusters': 6, 'affinity': 'nearest_neighbors', 'assign_labels': 'discretize', 'random_state': 456, 'n_neighbors': 5}",0.3159214358025068,660.1792573115426,1.4304564842380973
SpectralClustering,"{'n_clusters': 6, 'affinity': 'nearest_neighbors', 'assign_labels': 'discretize', 'random_state': 789, 'n_neighbors': 5}",0.297684167809659,567.7568821032169,1.289893719720227
SpectralClustering,"{'n_clusters': 6, 'affinity': 'nearest_neighbors', 'assign_labels': 'discretize', 'random_state': 1011, 'n_neighbors': 5}",0.2647743183543355,541.070005826773,1.568349415598723
SpectralClustering,"{'n_clusters': 6, 'affinity': 'nearest_neighbors', 'assign_labels': 'discretize', 'random_state': 2022, 'n_neighbors': 5}",0.26424242074027254,541.6343802517863,1.5691516089748785
SpectralClustering,"{'n_clusters': 6, 'affinity': 'nearest_neighbors', 'assign_labels': 'discretize', 'random_state': 3033, 'n_neighbors': 5}",0.264369504149181,540.5431923984171,1.5684853462079367
SpectralClustering,"{'n_clusters': 6, 'affinity': 'nearest_neighbors', 'assign_labels': 'discretize', 'random_state': 4044, 'n_neighbors': 5}",0.3044539634309672,665.533964833783,1.6121585240422152
SpectralClustering,"{'n_clusters': 6, 'affinity': 'nearest_neighbors', 'assign_labels': 'discretize', 'random_state': 5055, 'n_neighbors': 5}",0.2592032113716805,534.3931768052737,1.5729176666373297
SpectralClustering,"{'n_clusters': 6, 'affinity': 'nearest_neighbors', 'assign_labels': 'discretize', 'random_state': 6066, 'n_neighbors': 5}",0.31137011763699507,597.636244174728,1.7490616866374502
SpectralClustering,"{'n_clusters': 6, 'affinity': 'nearest_neighbors', 'assign_labels': 'cluster_qr', 'random_state': 42, 'n_neighbors': 5}",0.35766824095249244,971.7014346368587,1.2062574797449737
SpectralClustering,"{'n_clusters': 6, 'affinity': 'nearest_neighbors', 'assign_labels': 'cluster_qr', 'random_state': 123, 'n_neighbors': 5}",0.21017041699798597,661.2624133611806,1.8704154828088548
SpectralClustering,"{'n_clusters': 6, 'affinity': 'nearest_neighbors', 'assign_labels': 'cluster_qr', 'random_state': 456, 'n_neighbors': 5}",0.29421921535848045,723.0594546473562,1.389996479644972
SpectralClustering,"{'n_clusters': 6, 'affinity': 'nearest_neighbors', 'assign_labels': 'cluster_qr', 'random_state': 789, 'n_neighbors': 5}",0.1717737692306364,565.6915548487392,1.7828822668091575
SpectralClustering,"{'n_clusters': 6, 'affinity': 'nearest_neighbors', 'assign_labels': 'cluster_qr', 'random_state': 1011, 'n_neighbors': 5}",0.25360348482316847,496.93917855754745,1.6446195666238728
SpectralClustering,"{'n_clusters': 6, 'affinity': 'nearest_neighbors', 'assign_labels': 'cluster_qr', 'random_state': 2022, 'n_neighbors': 5}",0.30539952138233095,790.7573749709354,1.2964289378661784
SpectralClustering,"{'n_clusters': 6, 'affinity': 'nearest_neighbors', 'assign_labels': 'cluster_qr', 'random_state': 3033, 'n_neighbors': 5}",0.357409738706772,968.8367619394928,1.2066151685842923
SpectralClustering,"{'n_clusters': 6, 'affinity': 'nearest_neighbors', 'assign_labels': 'cluster_qr', 'random_state': 4044, 'n_neighbors': 5}",0.35727870861571065,968.7099303542101,1.2064120536476077
SpectralClustering,"{'n_clusters': 6, 'affinity': 'nearest_neighbors', 'assign_labels': 'cluster_qr', 'random_state': 5055, 'n_neighbors': 5}",0.2536519487555738,675.5886345973886,1.5153404908365407
SpectralClustering,"{'n_clusters': 6, 'affinity': 'nearest_neighbors', 'assign_labels': 'cluster_qr', 'random_state': 6066, 'n_neighbors': 5}",0.3094974808597184,821.7455700905826,1.2729507434528724
SpectralClustering,"{'n_clusters': 6, 'affinity': 'nearest_neighbors', 'assign_labels': 'kmeans', 'random_state': 42, 'n_neighbors': 10}",0.3145847430066955,789.5793602861715,1.3387463726577475
SpectralClustering,"{'n_clusters': 6, 'affinity': 'nearest_neighbors', 'assign_labels': 'kmeans', 'random_state': 123, 'n_neighbors': 10}",0.3032171324318065,833.6189667063904,1.3008502597285112
SpectralClustering,"{'n_clusters': 6, 'affinity': 'nearest_neighbors', 'assign_labels': 'kmeans', 'random_state': 456, 'n_neighbors': 10}",0.30194143521362565,827.6319012251234,1.2984410623693212
SpectralClustering,"{'n_clusters': 6, 'affinity': 'nearest_neighbors', 'assign_labels': 'kmeans', 'random_state': 789, 'n_neighbors': 10}",0.2726508772014966,558.579340327174,1.556880632799624
SpectralClustering,"{'n_clusters': 6, 'affinity': 'nearest_neighbors', 'assign_labels': 'kmeans', 'random_state': 1011, 'n_neighbors': 10}",0.32204148063123034,817.0459466996018,1.46851850535585
SpectralClustering,"{'n_clusters': 6, 'affinity': 'nearest_neighbors', 'assign_labels': 'kmeans', 'random_state': 2022, 'n_neighbors': 10}",0.3022363981941265,829.2888671820831,1.2997475320267433
SpectralClustering,"{'n_clusters': 6, 'affinity': 'nearest_neighbors', 'assign_labels': 'kmeans', 'random_state': 3033, 'n_neighbors': 10}",0.2832690768225155,575.0736424317687,1.2979491277762898
SpectralClustering,"{'n_clusters': 6, 'affinity': 'nearest_neighbors', 'assign_labels': 'kmeans', 'random_state': 4044, 'n_neighbors': 10}",0.2832690768225155,575.0736424317687,1.2979491277762898
SpectralClustering,"{'n_clusters': 6, 'affinity': 'nearest_neighbors', 'assign_labels': 'kmeans', 'random_state': 5055, 'n_neighbors': 10}",0.2726508772014966,558.5793403271739,1.5568806327996245
SpectralClustering,"{'n_clusters': 6, 'affinity': 'nearest_neighbors', 'assign_labels': 'kmeans', 'random_state': 6066, 'n_neighbors': 10}",0.32204148063123034,817.0459466996018,1.46851850535585
SpectralClustering,"{'n_clusters': 6, 'affinity': 'nearest_neighbors', 'assign_labels': 'discretize', 'random_state': 42, 'n_neighbors': 10}",0.3063404864439092,590.362304931094,1.7538214344378922
SpectralClustering,"{'n_clusters': 6, 'affinity': 'nearest_neighbors', 'assign_labels': 'discretize', 'random_state': 123, 'n_neighbors': 10}",0.30010983056769513,825.6597774798348,1.323104143722669
SpectralClustering,"{'n_clusters': 6, 'affinity': 'nearest_neighbors', 'assign_labels': 'discretize', 'random_state': 456, 'n_neighbors': 10}",0.304945127861951,841.4603340201827,1.3076929770054309
SpectralClustering,"{'n_clusters': 6, 'affinity': 'nearest_neighbors', 'assign_labels': 'discretize', 'random_state': 789, 'n_neighbors': 10}",0.31333410835157055,600.2026314593819,1.7380862484440704
SpectralClustering,"{'n_clusters': 6, 'affinity': 'nearest_neighbors', 'assign_labels': 'discretize', 'random_state': 1011, 'n_neighbors': 10}",0.2888509362514528,701.8283251892703,1.7969335300633247
SpectralClustering,"{'n_clusters': 6, 'affinity': 'nearest_neighbors', 'assign_labels': 'discretize', 'random_state': 2022, 'n_neighbors': 10}",0.27122544423597644,558.6485340873807,1.5596820538986418
SpectralClustering,"{'n_clusters': 6, 'affinity': 'nearest_neighbors', 'assign_labels': 'discretize', 'random_state': 3033, 'n_neighbors': 10}",0.282413235022338,572.394941590958,1.2995197641031064
SpectralClustering,"{'n_clusters': 6, 'affinity': 'nearest_neighbors', 'assign_labels': 'discretize', 'random_state': 4044, 'n_neighbors': 10}",0.298693526054775,647.4797518371462,1.3510996442174523
SpectralClustering,"{'n_clusters': 6, 'affinity': 'nearest_neighbors', 'assign_labels': 'discretize', 'random_state': 5055, 'n_neighbors': 10}",0.26829557502297335,553.3516081561437,1.5618456333280655
SpectralClustering,"{'n_clusters': 6, 'affinity': 'nearest_neighbors', 'assign_labels': 'discretize', 'random_state': 6066, 'n_neighbors': 10}",0.3046954037069347,592.5185815863696,1.2474314940656888
SpectralClustering,"{'n_clusters': 6, 'affinity': 'nearest_neighbors', 'assign_labels': 'cluster_qr', 'random_state': 42, 'n_neighbors': 10}",0.20573547617280497,620.9370474275706,1.867437240096093
SpectralClustering,"{'n_clusters': 6, 'affinity': 'nearest_neighbors', 'assign_labels': 'cluster_qr', 'random_state': 123, 'n_neighbors': 10}",0.21581814205157718,671.1097419839787,1.8632628295928333
SpectralClustering,"{'n_clusters': 6, 'affinity': 'nearest_neighbors', 'assign_labels': 'cluster_qr', 'random_state': 456, 'n_neighbors': 10}",0.29501724003827406,860.1293024471346,1.2617563154409572
SpectralClustering,"{'n_clusters': 6, 'affinity': 'nearest_neighbors', 'assign_labels': 'cluster_qr', 'random_state': 789, 'n_neighbors': 10}",0.31706702419102506,917.5183019616135,1.2114071022402506
SpectralClustering,"{'n_clusters': 6, 'affinity': 'nearest_neighbors', 'assign_labels': 'cluster_qr', 'random_state': 1011, 'n_neighbors': 10}",0.26012458177722425,694.9781064824859,1.5062976052221508
SpectralClustering,"{'n_clusters': 6, 'affinity': 'nearest_neighbors', 'assign_labels': 'cluster_qr', 'random_state': 2022, 'n_neighbors': 10}",0.31693292833399533,871.9860811939292,1.2419933378202652
SpectralClustering,"{'n_clusters': 6, 'affinity': 'nearest_neighbors', 'assign_labels': 'cluster_qr', 'random_state': 3033, 'n_neighbors': 10}",0.2592464641634335,537.5363736640849,1.6582983003707739
SpectralClustering,"{'n_clusters': 6, 'affinity': 'nearest_neighbors', 'assign_labels': 'cluster_qr', 'random_state': 4044, 'n_neighbors': 10}",0.3640326482329841,1003.5002102286255,1.1606195103207455
SpectralClustering,"{'n_clusters': 6, 'affinity': 'nearest_neighbors', 'assign_labels': 'cluster_qr', 'random_state': 5055, 'n_neighbors': 10}",0.2696645485168754,714.0845578757267,1.448985018667767
SpectralClustering,"{'n_clusters': 6, 'affinity': 'nearest_neighbors', 'assign_labels': 'cluster_qr', 'random_state': 6066, 'n_neighbors': 10}",0.28981769188428114,847.3248558461192,1.2768465160842652
SpectralClustering,"{'n_clusters': 6, 'affinity': 'nearest_neighbors', 'assign_labels': 'kmeans', 'random_state': 42, 'n_neighbors': 15}",0.3174617261565331,608.8720379716018,1.7316423904100076
SpectralClustering,"{'n_clusters': 6, 'affinity': 'nearest_neighbors', 'assign_labels': 'kmeans', 'random_state': 123, 'n_neighbors': 15}",0.3268113005724309,796.1618999052231,1.4016598962983073
SpectralClustering,"{'n_clusters': 6, 'affinity': 'nearest_neighbors', 'assign_labels': 'kmeans', 'random_state': 456, 'n_neighbors': 15}",0.3023068843434999,830.2167974737112,1.2988454822483206
SpectralClustering,"{'n_clusters': 6, 'affinity': 'nearest_neighbors', 'assign_labels': 'kmeans', 'random_state': 789, 'n_neighbors': 15}",0.27253085082548756,556.7469183888974,1.5592134643248778
SpectralClustering,"{'n_clusters': 6, 'affinity': 'nearest_neighbors', 'assign_labels': 'kmeans', 'random_state': 1011, 'n_neighbors': 15}",0.27253085082548756,556.7469183888974,1.5592134643248778
SpectralClustering,"{'n_clusters': 6, 'affinity': 'nearest_neighbors', 'assign_labels': 'kmeans', 'random_state': 2022, 'n_neighbors': 15}",0.3032897158651495,834.9392959242208,1.2996200213139342
SpectralClustering,"{'n_clusters': 6, 'affinity': 'nearest_neighbors', 'assign_labels': 'kmeans', 'random_state': 3033, 'n_neighbors': 15}",0.302398973554744,830.6980134936829,1.2992534884884706
SpectralClustering,"{'n_clusters': 6, 'affinity': 'nearest_neighbors', 'assign_labels': 'kmeans', 'random_state': 4044, 'n_neighbors': 15}",0.27253085082548756,556.7469183888973,1.5592134643248778
SpectralClustering,"{'n_clusters': 6, 'affinity': 'nearest_neighbors', 'assign_labels': 'kmeans', 'random_state': 5055, 'n_neighbors': 15}",0.3268113005724309,796.1618999052234,1.4016598962983073
SpectralClustering,"{'n_clusters': 6, 'affinity': 'nearest_neighbors', 'assign_labels': 'kmeans', 'random_state': 6066, 'n_neighbors': 15}",0.3268113005724309,796.1618999052234,1.4016598962983073
SpectralClustering,"{'n_clusters': 6, 'affinity': 'nearest_neighbors', 'assign_labels': 'discretize', 'random_state': 42, 'n_neighbors': 15}",0.31257451148366167,600.1770122703097,1.747225453398978
SpectralClustering,"{'n_clusters': 6, 'affinity': 'nearest_neighbors', 'assign_labels': 'discretize', 'random_state': 123, 'n_neighbors': 15}",0.32588794300498336,809.3779826735926,1.4595123795269849
SpectralClustering,"{'n_clusters': 6, 'affinity': 'nearest_neighbors', 'assign_labels': 'discretize', 'random_state': 456, 'n_neighbors': 15}",0.3049042196864203,841.3036048805131,1.3119790606334087
SpectralClustering,"{'n_clusters': 6, 'affinity': 'nearest_neighbors', 'assign_labels': 'discretize', 'random_state': 789, 'n_neighbors': 15}",0.27062990373690304,556.6826876862867,1.5604056289204469
SpectralClustering,"{'n_clusters': 6, 'affinity': 'nearest_neighbors', 'assign_labels': 'discretize', 'random_state': 1011, 'n_neighbors': 15}",0.27062990373690304,556.6826876862867,1.5604056289204473
SpectralClustering,"{'n_clusters': 6, 'affinity': 'nearest_neighbors', 'assign_labels': 'discretize', 'random_state': 2022, 'n_neighbors': 15}",0.2681690959872047,755.9867245823264,1.573332000488885
SpectralClustering,"{'n_clusters': 6, 'affinity': 'nearest_neighbors', 'assign_labels': 'discretize', 'random_state': 3033, 'n_neighbors': 15}",0.27064080693960907,557.0783165021555,1.561112913286239
SpectralClustering,"{'n_clusters': 6, 'affinity': 'nearest_neighbors', 'assign_labels': 'discretize', 'random_state': 4044, 'n_neighbors': 15}",0.27062725596423653,556.333459775729,1.5601955980789983
SpectralClustering,"{'n_clusters': 6, 'affinity': 'nearest_neighbors', 'assign_labels': 'discretize', 'random_state': 5055, 'n_neighbors': 15}",0.3259040438189196,809.0103457974091,1.459274893984363
SpectralClustering,"{'n_clusters': 6, 'affinity': 'nearest_neighbors', 'assign_labels': 'discretize', 'random_state': 6066, 'n_neighbors': 15}",0.3259040438189196,809.0103457974091,1.4592748939843634
SpectralClustering,"{'n_clusters': 6, 'affinity': 'nearest_neighbors', 'assign_labels': 'cluster_qr', 'random_state': 42, 'n_neighbors': 15}",0.28254033517145694,573.2065386297775,1.2979332809597885
SpectralClustering,"{'n_clusters': 6, 'affinity': 'nearest_neighbors', 'assign_labels': 'cluster_qr', 'random_state': 123, 'n_neighbors': 15}",0.32565401609973355,803.7821220513499,1.4589867777663101
SpectralClustering,"{'n_clusters': 6, 'affinity': 'nearest_neighbors', 'assign_labels': 'cluster_qr', 'random_state': 456, 'n_neighbors': 15}",0.31947266078724634,933.2218715831397,1.2011638483223908
SpectralClustering,"{'n_clusters': 6, 'affinity': 'nearest_neighbors', 'assign_labels': 'cluster_qr', 'random_state': 789, 'n_neighbors': 15}",0.2646885259306903,589.7110145577958,1.5980863035240038
SpectralClustering,"{'n_clusters': 6, 'affinity': 'nearest_neighbors', 'assign_labels': 'cluster_qr', 'random_state': 1011, 'n_neighbors': 15}",0.25704609627364383,532.0534462833255,1.6660539297077583
SpectralClustering,"{'n_clusters': 6, 'affinity': 'nearest_neighbors', 'assign_labels': 'cluster_qr', 'random_state': 2022, 'n_neighbors': 15}",0.31947266078724634,933.2218715831397,1.2011638483223908
SpectralClustering,"{'n_clusters': 6, 'affinity': 'nearest_neighbors', 'assign_labels': 'cluster_qr', 'random_state': 3033, 'n_neighbors': 15}",0.31619170673930125,879.2265500857509,1.2400865241450634
SpectralClustering,"{'n_clusters': 6, 'affinity': 'nearest_neighbors', 'assign_labels': 'cluster_qr', 'random_state': 4044, 'n_neighbors': 15}",0.3619629907017831,994.641869253647,1.1656124549848539
SpectralClustering,"{'n_clusters': 6, 'affinity': 'nearest_neighbors', 'assign_labels': 'cluster_qr', 'random_state': 5055, 'n_neighbors': 15}",0.32565401609973355,803.7821220513499,1.4589867777663101
SpectralClustering,"{'n_clusters': 6, 'affinity': 'nearest_neighbors', 'assign_labels': 'cluster_qr', 'random_state': 6066, 'n_neighbors': 15}",0.32565401609973355,803.7821220513499,1.4589867777663101
SpectralClustering,"{'n_clusters': 6, 'affinity': 'nearest_neighbors', 'assign_labels': 'kmeans', 'random_state': 42, 'n_neighbors': 20}",0.32609071935069883,797.7821490966857,1.385795480715285
SpectralClustering,"{'n_clusters': 6, 'affinity': 'nearest_neighbors', 'assign_labels': 'kmeans', 'random_state': 123, 'n_neighbors': 20}",0.32609071935069883,797.7821490966855,1.385795480715285
SpectralClustering,"{'n_clusters': 6, 'affinity': 'nearest_neighbors', 'assign_labels': 'kmeans', 'random_state': 456, 'n_neighbors': 20}",0.32609071935069883,797.7821490966854,1.385795480715285
SpectralClustering,"{'n_clusters': 6, 'affinity': 'nearest_neighbors', 'assign_labels': 'kmeans', 'random_state': 789, 'n_neighbors': 20}",0.32609071935069883,797.7821490966855,1.385795480715285
SpectralClustering,"{'n_clusters': 6, 'affinity': 'nearest_neighbors', 'assign_labels': 'kmeans', 'random_state': 1011, 'n_neighbors': 20}",0.32609071935069883,797.7821490966855,1.385795480715285
SpectralClustering,"{'n_clusters': 6, 'affinity': 'nearest_neighbors', 'assign_labels': 'kmeans', 'random_state': 2022, 'n_neighbors': 20}",0.32609071935069883,797.7821490966854,1.385795480715285
SpectralClustering,"{'n_clusters': 6, 'affinity': 'nearest_neighbors', 'assign_labels': 'kmeans', 'random_state': 3033, 'n_neighbors': 20}",0.32609071935069883,797.7821490966855,1.385795480715285
SpectralClustering,"{'n_clusters': 6, 'affinity': 'nearest_neighbors', 'assign_labels': 'kmeans', 'random_state': 4044, 'n_neighbors': 20}",0.32609071935069883,797.7821490966855,1.385795480715285
SpectralClustering,"{'n_clusters': 6, 'affinity': 'nearest_neighbors', 'assign_labels': 'kmeans', 'random_state': 5055, 'n_neighbors': 20}",0.32609071935069883,797.7821490966855,1.385795480715285
SpectralClustering,"{'n_clusters': 6, 'affinity': 'nearest_neighbors', 'assign_labels': 'kmeans', 'random_state': 6066, 'n_neighbors': 20}",0.32609071935069883,797.7821490966854,1.385795480715285
SpectralClustering,"{'n_clusters': 6, 'affinity': 'nearest_neighbors', 'assign_labels': 'discretize', 'random_state': 42, 'n_neighbors': 20}",0.326083177813417,809.2523787166103,1.4557769399905711
SpectralClustering,"{'n_clusters': 6, 'affinity': 'nearest_neighbors', 'assign_labels': 'discretize', 'random_state': 123, 'n_neighbors': 20}",0.326083177813417,809.2523787166103,1.4557769399905711
SpectralClustering,"{'n_clusters': 6, 'affinity': 'nearest_neighbors', 'assign_labels': 'discretize', 'random_state': 456, 'n_neighbors': 20}",0.326083177813417,809.2523787166102,1.4557769399905711
SpectralClustering,"{'n_clusters': 6, 'affinity': 'nearest_neighbors', 'assign_labels': 'discretize', 'random_state': 789, 'n_neighbors': 20}",0.326083177813417,809.2523787166103,1.4557769399905711
SpectralClustering,"{'n_clusters': 6, 'affinity': 'nearest_neighbors', 'assign_labels': 'discretize', 'random_state': 1011, 'n_neighbors': 20}",0.326083177813417,809.2523787166102,1.4557769399905711
SpectralClustering,"{'n_clusters': 6, 'affinity': 'nearest_neighbors', 'assign_labels': 'discretize', 'random_state': 2022, 'n_neighbors': 20}",0.326083177813417,809.2523787166103,1.4557769399905711
SpectralClustering,"{'n_clusters': 6, 'affinity': 'nearest_neighbors', 'assign_labels': 'discretize', 'random_state': 3033, 'n_neighbors': 20}",0.326083177813417,809.2523787166103,1.4557769399905711
SpectralClustering,"{'n_clusters': 6, 'affinity': 'nearest_neighbors', 'assign_labels': 'discretize', 'random_state': 4044, 'n_neighbors': 20}",0.326083177813417,809.2523787166102,1.4557769399905711
SpectralClustering,"{'n_clusters': 6, 'affinity': 'nearest_neighbors', 'assign_labels': 'discretize', 'random_state': 5055, 'n_neighbors': 20}",0.326083177813417,809.2523787166103,1.4557769399905711
SpectralClustering,"{'n_clusters': 6, 'affinity': 'nearest_neighbors', 'assign_labels': 'discretize', 'random_state': 6066, 'n_neighbors': 20}",0.326083177813417,809.2523787166102,1.4557769399905711
SpectralClustering,"{'n_clusters': 6, 'affinity': 'nearest_neighbors', 'assign_labels': 'cluster_qr', 'random_state': 42, 'n_neighbors': 20}",0.325748959868864,803.944191230712,1.453739998493872
SpectralClustering,"{'n_clusters': 6, 'affinity': 'nearest_neighbors', 'assign_labels': 'cluster_qr', 'random_state': 123, 'n_neighbors': 20}",0.325748959868864,803.944191230712,1.453739998493872
SpectralClustering,"{'n_clusters': 6, 'affinity': 'nearest_neighbors', 'assign_labels': 'cluster_qr', 'random_state': 456, 'n_neighbors': 20}",0.325748959868864,803.944191230712,1.453739998493872
SpectralClustering,"{'n_clusters': 6, 'affinity': 'nearest_neighbors', 'assign_labels': 'cluster_qr', 'random_state': 789, 'n_neighbors': 20}",0.325748959868864,803.944191230712,1.453739998493872
SpectralClustering,"{'n_clusters': 6, 'affinity': 'nearest_neighbors', 'assign_labels': 'cluster_qr', 'random_state': 1011, 'n_neighbors': 20}",0.325748959868864,803.944191230712,1.453739998493872
SpectralClustering,"{'n_clusters': 6, 'affinity': 'nearest_neighbors', 'assign_labels': 'cluster_qr', 'random_state': 2022, 'n_neighbors': 20}",0.325748959868864,803.944191230712,1.453739998493872
SpectralClustering,"{'n_clusters': 6, 'affinity': 'nearest_neighbors', 'assign_labels': 'cluster_qr', 'random_state': 3033, 'n_neighbors': 20}",0.325748959868864,803.944191230712,1.453739998493872
SpectralClustering,"{'n_clusters': 6, 'affinity': 'nearest_neighbors', 'assign_labels': 'cluster_qr', 'random_state': 4044, 'n_neighbors': 20}",0.325748959868864,803.944191230712,1.453739998493872
SpectralClustering,"{'n_clusters': 6, 'affinity': 'nearest_neighbors', 'assign_labels': 'cluster_qr', 'random_state': 5055, 'n_neighbors': 20}",0.325748959868864,803.944191230712,1.453739998493872
SpectralClustering,"{'n_clusters': 6, 'affinity': 'nearest_neighbors', 'assign_labels': 'cluster_qr', 'random_state': 6066, 'n_neighbors': 20}",0.325748959868864,803.944191230712,1.453739998493872
SpectralClustering,"{'n_clusters': 6, 'affinity': 'nearest_neighbors', 'assign_labels': 'kmeans', 'random_state': 42, 'n_neighbors': 50}",0.36697453151226117,1014.0303761274957,1.1540379957450932
SpectralClustering,"{'n_clusters': 6, 'affinity': 'nearest_neighbors', 'assign_labels': 'kmeans', 'random_state': 123, 'n_neighbors': 50}",0.36697453151226117,1014.0303761274959,1.1540379957450932
SpectralClustering,"{'n_clusters': 6, 'affinity': 'nearest_neighbors', 'assign_labels': 'kmeans', 'random_state': 456, 'n_neighbors': 50}",0.36697453151226117,1014.0303761274959,1.1540379957450932
SpectralClustering,"{'n_clusters': 6, 'affinity': 'nearest_neighbors', 'assign_labels': 'kmeans', 'random_state': 789, 'n_neighbors': 50}",0.36697453151226117,1014.0303761274959,1.1540379957450932
SpectralClustering,"{'n_clusters': 6, 'affinity': 'nearest_neighbors', 'assign_labels': 'kmeans', 'random_state': 1011, 'n_neighbors': 50}",0.36697453151226117,1014.0303761274959,1.1540379957450932
SpectralClustering,"{'n_clusters': 6, 'affinity': 'nearest_neighbors', 'assign_labels': 'kmeans', 'random_state': 2022, 'n_neighbors': 50}",0.36697453151226117,1014.0303761274961,1.1540379957450932
SpectralClustering,"{'n_clusters': 6, 'affinity': 'nearest_neighbors', 'assign_labels': 'kmeans', 'random_state': 3033, 'n_neighbors': 50}",0.36697453151226117,1014.0303761274959,1.1540379957450935
SpectralClustering,"{'n_clusters': 6, 'affinity': 'nearest_neighbors', 'assign_labels': 'kmeans', 'random_state': 4044, 'n_neighbors': 50}",0.36697453151226117,1014.0303761274959,1.1540379957450932
SpectralClustering,"{'n_clusters': 6, 'affinity': 'nearest_neighbors', 'assign_labels': 'kmeans', 'random_state': 5055, 'n_neighbors': 50}",0.36697453151226117,1014.0303761274961,1.1540379957450932
SpectralClustering,"{'n_clusters': 6, 'affinity': 'nearest_neighbors', 'assign_labels': 'kmeans', 'random_state': 6066, 'n_neighbors': 50}",0.36697453151226117,1014.0303761274959,1.1540379957450932
SpectralClustering,"{'n_clusters': 6, 'affinity': 'nearest_neighbors', 'assign_labels': 'discretize', 'random_state': 42, 'n_neighbors': 50}",0.36046068409137605,995.9404322002548,1.1586970733071542
SpectralClustering,"{'n_clusters': 6, 'affinity': 'nearest_neighbors', 'assign_labels': 'discretize', 'random_state': 123, 'n_neighbors': 50}",0.36046068409137605,995.940432200255,1.158697073307154
SpectralClustering,"{'n_clusters': 6, 'affinity': 'nearest_neighbors', 'assign_labels': 'discretize', 'random_state': 456, 'n_neighbors': 50}",0.36105094696499596,997.2083441833405,1.1581780991563853
SpectralClustering,"{'n_clusters': 6, 'affinity': 'nearest_neighbors', 'assign_labels': 'discretize', 'random_state': 789, 'n_neighbors': 50}",0.36105094696499596,997.2083441833405,1.1581780991563853
SpectralClustering,"{'n_clusters': 6, 'affinity': 'nearest_neighbors', 'assign_labels': 'discretize', 'random_state': 1011, 'n_neighbors': 50}",0.36105094696499596,997.2083441833406,1.1581780991563855
SpectralClustering,"{'n_clusters': 6, 'affinity': 'nearest_neighbors', 'assign_labels': 'discretize', 'random_state': 2022, 'n_neighbors': 50}",0.36105094696499596,997.2083441833406,1.1581780991563853
SpectralClustering,"{'n_clusters': 6, 'affinity': 'nearest_neighbors', 'assign_labels': 'discretize', 'random_state': 3033, 'n_neighbors': 50}",0.36105094696499596,997.2083441833407,1.1581780991563855
SpectralClustering,"{'n_clusters': 6, 'affinity': 'nearest_neighbors', 'assign_labels': 'discretize', 'random_state': 4044, 'n_neighbors': 50}",0.36046068409137605,995.940432200255,1.1586970733071542
SpectralClustering,"{'n_clusters': 6, 'affinity': 'nearest_neighbors', 'assign_labels': 'discretize', 'random_state': 5055, 'n_neighbors': 50}",0.36105094696499596,997.2083441833406,1.1581780991563855
SpectralClustering,"{'n_clusters': 6, 'affinity': 'nearest_neighbors', 'assign_labels': 'discretize', 'random_state': 6066, 'n_neighbors': 50}",0.36105094696499596,997.2083441833406,1.1581780991563855
SpectralClustering,"{'n_clusters': 6, 'affinity': 'nearest_neighbors', 'assign_labels': 'cluster_qr', 'random_state': 42, 'n_neighbors': 50}",0.35684351989074886,985.6653304855449,1.1675618017277267
SpectralClustering,"{'n_clusters': 6, 'affinity': 'nearest_neighbors', 'assign_labels': 'cluster_qr', 'random_state': 123, 'n_neighbors': 50}",0.35684351989074886,985.6653304855449,1.1675618017277267
SpectralClustering,"{'n_clusters': 6, 'affinity': 'nearest_neighbors', 'assign_labels': 'cluster_qr', 'random_state': 456, 'n_neighbors': 50}",0.35684351989074886,985.6653304855449,1.1675618017277267
SpectralClustering,"{'n_clusters': 6, 'affinity': 'nearest_neighbors', 'assign_labels': 'cluster_qr', 'random_state': 789, 'n_neighbors': 50}",0.35684351989074886,985.6653304855449,1.1675618017277267
SpectralClustering,"{'n_clusters': 6, 'affinity': 'nearest_neighbors', 'assign_labels': 'cluster_qr', 'random_state': 1011, 'n_neighbors': 50}",0.35684351989074886,985.6653304855449,1.1675618017277267
SpectralClustering,"{'n_clusters': 6, 'affinity': 'nearest_neighbors', 'assign_labels': 'cluster_qr', 'random_state': 2022, 'n_neighbors': 50}",0.35684351989074886,985.6653304855449,1.1675618017277267
SpectralClustering,"{'n_clusters': 6, 'affinity': 'nearest_neighbors', 'assign_labels': 'cluster_qr', 'random_state': 3033, 'n_neighbors': 50}",0.35684351989074886,985.6653304855449,1.1675618017277267
SpectralClustering,"{'n_clusters': 6, 'affinity': 'nearest_neighbors', 'assign_labels': 'cluster_qr', 'random_state': 4044, 'n_neighbors': 50}",0.35684351989074886,985.6653304855449,1.1675618017277267
SpectralClustering,"{'n_clusters': 6, 'affinity': 'nearest_neighbors', 'assign_labels': 'cluster_qr', 'random_state': 5055, 'n_neighbors': 50}",0.35684351989074886,985.6653304855449,1.1675618017277267
SpectralClustering,"{'n_clusters': 6, 'affinity': 'nearest_neighbors', 'assign_labels': 'cluster_qr', 'random_state': 6066, 'n_neighbors': 50}",0.35684351989074886,985.6653304855449,1.1675618017277267
SpectralClustering,"{'n_clusters': 6, 'affinity': 'nearest_neighbors', 'assign_labels': 'kmeans', 'random_state': 42, 'n_neighbors': 100}",0.371494187493817,1139.1686824962403,0.9536316940999793
SpectralClustering,"{'n_clusters': 6, 'affinity': 'nearest_neighbors', 'assign_labels': 'kmeans', 'random_state': 123, 'n_neighbors': 100}",0.371494187493817,1139.1686824962403,0.953631694099979
SpectralClustering,"{'n_clusters': 6, 'affinity': 'nearest_neighbors', 'assign_labels': 'kmeans', 'random_state': 456, 'n_neighbors': 100}",0.371494187493817,1139.1686824962403,0.953631694099979
SpectralClustering,"{'n_clusters': 6, 'affinity': 'nearest_neighbors', 'assign_labels': 'kmeans', 'random_state': 789, 'n_neighbors': 100}",0.371494187493817,1139.1686824962403,0.953631694099979
SpectralClustering,"{'n_clusters': 6, 'affinity': 'nearest_neighbors', 'assign_labels': 'kmeans', 'random_state': 1011, 'n_neighbors': 100}",0.371494187493817,1139.1686824962405,0.953631694099979
SpectralClustering,"{'n_clusters': 6, 'affinity': 'nearest_neighbors', 'assign_labels': 'kmeans', 'random_state': 2022, 'n_neighbors': 100}",0.371494187493817,1139.1686824962405,0.9536316940999793
SpectralClustering,"{'n_clusters': 6, 'affinity': 'nearest_neighbors', 'assign_labels': 'kmeans', 'random_state': 3033, 'n_neighbors': 100}",0.371494187493817,1139.1686824962405,0.9536316940999793
SpectralClustering,"{'n_clusters': 6, 'affinity': 'nearest_neighbors', 'assign_labels': 'kmeans', 'random_state': 4044, 'n_neighbors': 100}",0.371494187493817,1139.1686824962403,0.9536316940999793
SpectralClustering,"{'n_clusters': 6, 'affinity': 'nearest_neighbors', 'assign_labels': 'kmeans', 'random_state': 5055, 'n_neighbors': 100}",0.371494187493817,1139.1686824962405,0.9536316940999793
SpectralClustering,"{'n_clusters': 6, 'affinity': 'nearest_neighbors', 'assign_labels': 'kmeans', 'random_state': 6066, 'n_neighbors': 100}",0.371494187493817,1139.1686824962403,0.953631694099979
SpectralClustering,"{'n_clusters': 6, 'affinity': 'nearest_neighbors', 'assign_labels': 'discretize', 'random_state': 42, 'n_neighbors': 100}",0.35985628011863063,1003.0783558684262,1.1526060148774138
SpectralClustering,"{'n_clusters': 6, 'affinity': 'nearest_neighbors', 'assign_labels': 'discretize', 'random_state': 123, 'n_neighbors': 100}",0.35985628011863063,1003.0783558684263,1.1526060148774138
SpectralClustering,"{'n_clusters': 6, 'affinity': 'nearest_neighbors', 'assign_labels': 'discretize', 'random_state': 456, 'n_neighbors': 100}",0.35985628011863063,1003.0783558684263,1.1526060148774138
SpectralClustering,"{'n_clusters': 6, 'affinity': 'nearest_neighbors', 'assign_labels': 'discretize', 'random_state': 789, 'n_neighbors': 100}",0.35985628011863063,1003.0783558684263,1.1526060148774138
SpectralClustering,"{'n_clusters': 6, 'affinity': 'nearest_neighbors', 'assign_labels': 'discretize', 'random_state': 1011, 'n_neighbors': 100}",0.35985628011863063,1003.0783558684263,1.1526060148774138
SpectralClustering,"{'n_clusters': 6, 'affinity': 'nearest_neighbors', 'assign_labels': 'discretize', 'random_state': 2022, 'n_neighbors': 100}",0.3600564131256811,1003.489117984435,1.1521452919904143
SpectralClustering,"{'n_clusters': 6, 'affinity': 'nearest_neighbors', 'assign_labels': 'discretize', 'random_state': 3033, 'n_neighbors': 100}",0.3600564131256811,1003.4891179844352,1.1521452919904143
SpectralClustering,"{'n_clusters': 6, 'affinity': 'nearest_neighbors', 'assign_labels': 'discretize', 'random_state': 4044, 'n_neighbors': 100}",0.35985628011863063,1003.078355868426,1.1526060148774138
SpectralClustering,"{'n_clusters': 6, 'affinity': 'nearest_neighbors', 'assign_labels': 'discretize', 'random_state': 5055, 'n_neighbors': 100}",0.35985628011863063,1003.0783558684262,1.1526060148774138
SpectralClustering,"{'n_clusters': 6, 'affinity': 'nearest_neighbors', 'assign_labels': 'discretize', 'random_state': 6066, 'n_neighbors': 100}",0.3600564131256811,1003.4891179844352,1.1521452919904143
SpectralClustering,"{'n_clusters': 6, 'affinity': 'nearest_neighbors', 'assign_labels': 'cluster_qr', 'random_state': 42, 'n_neighbors': 100}",0.3578431514356683,998.0650692227262,1.155939593297182
SpectralClustering,"{'n_clusters': 6, 'affinity': 'nearest_neighbors', 'assign_labels': 'cluster_qr', 'random_state': 123, 'n_neighbors': 100}",0.3578431514356683,998.0650692227262,1.155939593297182
SpectralClustering,"{'n_clusters': 6, 'affinity': 'nearest_neighbors', 'assign_labels': 'cluster_qr', 'random_state': 456, 'n_neighbors': 100}",0.3578431514356683,998.0650692227262,1.155939593297182
SpectralClustering,"{'n_clusters': 6, 'affinity': 'nearest_neighbors', 'assign_labels': 'cluster_qr', 'random_state': 789, 'n_neighbors': 100}",0.3578431514356683,998.0650692227262,1.155939593297182
SpectralClustering,"{'n_clusters': 6, 'affinity': 'nearest_neighbors', 'assign_labels': 'cluster_qr', 'random_state': 1011, 'n_neighbors': 100}",0.3578431514356683,998.0650692227262,1.155939593297182
SpectralClustering,"{'n_clusters': 6, 'affinity': 'nearest_neighbors', 'assign_labels': 'cluster_qr', 'random_state': 2022, 'n_neighbors': 100}",0.3578431514356683,998.0650692227262,1.155939593297182
SpectralClustering,"{'n_clusters': 6, 'affinity': 'nearest_neighbors', 'assign_labels': 'cluster_qr', 'random_state': 3033, 'n_neighbors': 100}",0.3578431514356683,998.0650692227262,1.155939593297182
SpectralClustering,"{'n_clusters': 6, 'affinity': 'nearest_neighbors', 'assign_labels': 'cluster_qr', 'random_state': 4044, 'n_neighbors': 100}",0.3578431514356683,998.0650692227262,1.155939593297182
SpectralClustering,"{'n_clusters': 6, 'affinity': 'nearest_neighbors', 'assign_labels': 'cluster_qr', 'random_state': 5055, 'n_neighbors': 100}",0.3578431514356683,998.0650692227262,1.155939593297182
SpectralClustering,"{'n_clusters': 6, 'affinity': 'nearest_neighbors', 'assign_labels': 'cluster_qr', 'random_state': 6066, 'n_neighbors': 100}",0.3578431514356683,998.0650692227262,1.155939593297182
SpectralClustering,"{'n_clusters': 6, 'affinity': 'polynomial', 'assign_labels': 'kmeans', 'random_state': 42}",0.07342888446821878,328.2931174767055,2.4050152069408814
SpectralClustering,"{'n_clusters': 6, 'affinity': 'polynomial', 'assign_labels': 'kmeans', 'random_state': 123}",0.07342888446821878,328.2931174767055,2.4050152069408814
SpectralClustering,"{'n_clusters': 6, 'affinity': 'polynomial', 'assign_labels': 'kmeans', 'random_state': 456}",0.07342888446821878,328.2931174767055,2.4050152069408814
SpectralClustering,"{'n_clusters': 6, 'affinity': 'polynomial', 'assign_labels': 'kmeans', 'random_state': 789}",0.0733359488740888,326.815175677489,2.4099299077177423
SpectralClustering,"{'n_clusters': 6, 'affinity': 'polynomial', 'assign_labels': 'kmeans', 'random_state': 1011}",0.07342888446821878,328.2931174767055,2.4050152069408814
SpectralClustering,"{'n_clusters': 6, 'affinity': 'polynomial', 'assign_labels': 'kmeans', 'random_state': 2022}",0.07333830766090566,328.3040981820101,2.4000732703789
SpectralClustering,"{'n_clusters': 6, 'affinity': 'polynomial', 'assign_labels': 'kmeans', 'random_state': 3033}",0.07314115232102675,326.4382433992526,2.406233987824496
SpectralClustering,"{'n_clusters': 6, 'affinity': 'polynomial', 'assign_labels': 'kmeans', 'random_state': 4044}",0.07342888446821878,328.29311747670556,2.405015206940881
SpectralClustering,"{'n_clusters': 6, 'affinity': 'polynomial', 'assign_labels': 'kmeans', 'random_state': 5055}",0.07342888446821878,328.2931174767055,2.4050152069408814
SpectralClustering,"{'n_clusters': 6, 'affinity': 'polynomial', 'assign_labels': 'kmeans', 'random_state': 6066}",0.07359731332251662,328.59105839696446,2.404965970942898
SpectralClustering,"{'n_clusters': 6, 'affinity': 'polynomial', 'assign_labels': 'discretize', 'random_state': 42}",0.2252814986635759,889.9124562767423,1.144874277306753
SpectralClustering,"{'n_clusters': 6, 'affinity': 'polynomial', 'assign_labels': 'discretize', 'random_state': 123}",0.2252814986635759,889.9124562767423,1.144874277306753
SpectralClustering,"{'n_clusters': 6, 'affinity': 'polynomial', 'assign_labels': 'discretize', 'random_state': 456}",0.2252814986635759,889.9124562767424,1.1448742773067533
SpectralClustering,"{'n_clusters': 6, 'affinity': 'polynomial', 'assign_labels': 'discretize', 'random_state': 789}",0.2252814986635759,889.9124562767424,1.1448742773067533
SpectralClustering,"{'n_clusters': 6, 'affinity': 'polynomial', 'assign_labels': 'discretize', 'random_state': 1011}",0.2252814986635759,889.9124562767423,1.144874277306753
SpectralClustering,"{'n_clusters': 6, 'affinity': 'polynomial', 'assign_labels': 'discretize', 'random_state': 2022}",0.2252814986635759,889.9124562767421,1.1448742773067533
SpectralClustering,"{'n_clusters': 6, 'affinity': 'polynomial', 'assign_labels': 'discretize', 'random_state': 3033}",0.2252814986635759,889.9124562767421,1.1448742773067533
SpectralClustering,"{'n_clusters': 6, 'affinity': 'polynomial', 'assign_labels': 'discretize', 'random_state': 4044}",0.2252814986635759,889.9124562767424,1.1448742773067533
SpectralClustering,"{'n_clusters': 6, 'affinity': 'polynomial', 'assign_labels': 'discretize', 'random_state': 5055}",0.2252814986635759,889.9124562767423,1.144874277306753
SpectralClustering,"{'n_clusters': 6, 'affinity': 'polynomial', 'assign_labels': 'discretize', 'random_state': 6066}",0.2252814986635759,889.9124562767423,1.144874277306753
SpectralClustering,"{'n_clusters': 6, 'affinity': 'polynomial', 'assign_labels': 'cluster_qr', 'random_state': 42}",0.285617024807561,853.7144570993519,1.2045561236910507
SpectralClustering,"{'n_clusters': 6, 'affinity': 'polynomial', 'assign_labels': 'cluster_qr', 'random_state': 123}",0.285617024807561,853.7144570993519,1.2045561236910507
SpectralClustering,"{'n_clusters': 6, 'affinity': 'polynomial', 'assign_labels': 'cluster_qr', 'random_state': 456}",0.285617024807561,853.7144570993519,1.2045561236910507
SpectralClustering,"{'n_clusters': 6, 'affinity': 'polynomial', 'assign_labels': 'cluster_qr', 'random_state': 789}",0.285617024807561,853.7144570993519,1.2045561236910507
SpectralClustering,"{'n_clusters': 6, 'affinity': 'polynomial', 'assign_labels': 'cluster_qr', 'random_state': 1011}",0.285617024807561,853.7144570993519,1.2045561236910507
SpectralClustering,"{'n_clusters': 6, 'affinity': 'polynomial', 'assign_labels': 'cluster_qr', 'random_state': 2022}",0.285617024807561,853.7144570993519,1.2045561236910507
SpectralClustering,"{'n_clusters': 6, 'affinity': 'polynomial', 'assign_labels': 'cluster_qr', 'random_state': 3033}",0.285617024807561,853.7144570993519,1.2045561236910507
SpectralClustering,"{'n_clusters': 6, 'affinity': 'polynomial', 'assign_labels': 'cluster_qr', 'random_state': 4044}",0.285617024807561,853.7144570993519,1.2045561236910507
SpectralClustering,"{'n_clusters': 6, 'affinity': 'polynomial', 'assign_labels': 'cluster_qr', 'random_state': 5055}",0.285617024807561,853.7144570993519,1.2045561236910507
SpectralClustering,"{'n_clusters': 6, 'affinity': 'polynomial', 'assign_labels': 'cluster_qr', 'random_state': 6066}",0.285617024807561,853.7144570993519,1.2045561236910507
SpectralClustering,"{'n_clusters': 6, 'affinity': 'poly', 'assign_labels': 'kmeans', 'random_state': 42}",0.07342888446821878,328.2931174767055,2.4050152069408814
SpectralClustering,"{'n_clusters': 6, 'affinity': 'poly', 'assign_labels': 'kmeans', 'random_state': 123}",0.07342888446821878,328.2931174767055,2.4050152069408814
SpectralClustering,"{'n_clusters': 6, 'affinity': 'poly', 'assign_labels': 'kmeans', 'random_state': 456}",0.07342888446821878,328.2931174767055,2.4050152069408814
SpectralClustering,"{'n_clusters': 6, 'affinity': 'poly', 'assign_labels': 'kmeans', 'random_state': 789}",0.0733359488740888,326.815175677489,2.4099299077177423
SpectralClustering,"{'n_clusters': 6, 'affinity': 'poly', 'assign_labels': 'kmeans', 'random_state': 1011}",0.07342888446821878,328.2931174767055,2.4050152069408814
SpectralClustering,"{'n_clusters': 6, 'affinity': 'poly', 'assign_labels': 'kmeans', 'random_state': 2022}",0.07333830766090566,328.3040981820101,2.4000732703789
SpectralClustering,"{'n_clusters': 6, 'affinity': 'poly', 'assign_labels': 'kmeans', 'random_state': 3033}",0.07314115232102675,326.4382433992526,2.406233987824496
SpectralClustering,"{'n_clusters': 6, 'affinity': 'poly', 'assign_labels': 'kmeans', 'random_state': 4044}",0.07342888446821878,328.29311747670556,2.405015206940881
SpectralClustering,"{'n_clusters': 6, 'affinity': 'poly', 'assign_labels': 'kmeans', 'random_state': 5055}",0.07342888446821878,328.2931174767055,2.4050152069408814
SpectralClustering,"{'n_clusters': 6, 'affinity': 'poly', 'assign_labels': 'kmeans', 'random_state': 6066}",0.07359731332251662,328.59105839696446,2.404965970942898
SpectralClustering,"{'n_clusters': 6, 'affinity': 'poly', 'assign_labels': 'discretize', 'random_state': 42}",0.2252814986635759,889.9124562767423,1.144874277306753
SpectralClustering,"{'n_clusters': 6, 'affinity': 'poly', 'assign_labels': 'discretize', 'random_state': 123}",0.2252814986635759,889.9124562767423,1.144874277306753
SpectralClustering,"{'n_clusters': 6, 'affinity': 'poly', 'assign_labels': 'discretize', 'random_state': 456}",0.2252814986635759,889.9124562767424,1.1448742773067533
SpectralClustering,"{'n_clusters': 6, 'affinity': 'poly', 'assign_labels': 'discretize', 'random_state': 789}",0.2252814986635759,889.9124562767424,1.1448742773067533
SpectralClustering,"{'n_clusters': 6, 'affinity': 'poly', 'assign_labels': 'discretize', 'random_state': 1011}",0.2252814986635759,889.9124562767423,1.144874277306753
SpectralClustering,"{'n_clusters': 6, 'affinity': 'poly', 'assign_labels': 'discretize', 'random_state': 2022}",0.2252814986635759,889.9124562767421,1.1448742773067533
SpectralClustering,"{'n_clusters': 6, 'affinity': 'poly', 'assign_labels': 'discretize', 'random_state': 3033}",0.2252814986635759,889.9124562767421,1.1448742773067533
SpectralClustering,"{'n_clusters': 6, 'affinity': 'poly', 'assign_labels': 'discretize', 'random_state': 4044}",0.2252814986635759,889.9124562767424,1.1448742773067533
SpectralClustering,"{'n_clusters': 6, 'affinity': 'poly', 'assign_labels': 'discretize', 'random_state': 5055}",0.2252814986635759,889.9124562767423,1.144874277306753
SpectralClustering,"{'n_clusters': 6, 'affinity': 'poly', 'assign_labels': 'discretize', 'random_state': 6066}",0.2252814986635759,889.9124562767423,1.144874277306753
SpectralClustering,"{'n_clusters': 6, 'affinity': 'poly', 'assign_labels': 'cluster_qr', 'random_state': 42}",0.285617024807561,853.7144570993519,1.2045561236910507
SpectralClustering,"{'n_clusters': 6, 'affinity': 'poly', 'assign_labels': 'cluster_qr', 'random_state': 123}",0.285617024807561,853.7144570993519,1.2045561236910507
SpectralClustering,"{'n_clusters': 6, 'affinity': 'poly', 'assign_labels': 'cluster_qr', 'random_state': 456}",0.285617024807561,853.7144570993519,1.2045561236910507
SpectralClustering,"{'n_clusters': 6, 'affinity': 'poly', 'assign_labels': 'cluster_qr', 'random_state': 789}",0.285617024807561,853.7144570993519,1.2045561236910507
SpectralClustering,"{'n_clusters': 6, 'affinity': 'poly', 'assign_labels': 'cluster_qr', 'random_state': 1011}",0.285617024807561,853.7144570993519,1.2045561236910507
SpectralClustering,"{'n_clusters': 6, 'affinity': 'poly', 'assign_labels': 'cluster_qr', 'random_state': 2022}",0.285617024807561,853.7144570993519,1.2045561236910507
SpectralClustering,"{'n_clusters': 6, 'affinity': 'poly', 'assign_labels': 'cluster_qr', 'random_state': 3033}",0.285617024807561,853.7144570993519,1.2045561236910507
SpectralClustering,"{'n_clusters': 6, 'affinity': 'poly', 'assign_labels': 'cluster_qr', 'random_state': 4044}",0.285617024807561,853.7144570993519,1.2045561236910507
SpectralClustering,"{'n_clusters': 6, 'affinity': 'poly', 'assign_labels': 'cluster_qr', 'random_state': 5055}",0.285617024807561,853.7144570993519,1.2045561236910507
SpectralClustering,"{'n_clusters': 6, 'affinity': 'poly', 'assign_labels': 'cluster_qr', 'random_state': 6066}",0.285617024807561,853.7144570993519,1.2045561236910507
SpectralClustering,"{'n_clusters': 6, 'affinity': 'sigmoid', 'assign_labels': 'kmeans', 'random_state': 42}",0.09590539744664496,388.02514977276144,1.806811753218894
SpectralClustering,"{'n_clusters': 6, 'affinity': 'sigmoid', 'assign_labels': 'kmeans', 'random_state': 123}",0.09991743283508399,395.1312619372032,1.7931233900643244
SpectralClustering,"{'n_clusters': 6, 'affinity': 'sigmoid', 'assign_labels': 'kmeans', 'random_state': 456}",0.0974015764909515,390.10201096685654,1.7957393629975957
SpectralClustering,"{'n_clusters': 6, 'affinity': 'sigmoid', 'assign_labels': 'kmeans', 'random_state': 789}",0.09873141715939135,390.43227659075245,1.7987571076245403
SpectralClustering,"{'n_clusters': 6, 'affinity': 'sigmoid', 'assign_labels': 'kmeans', 'random_state': 1011}",0.09946793274765865,394.68424164354985,1.794222186107454
SpectralClustering,"{'n_clusters': 6, 'affinity': 'sigmoid', 'assign_labels': 'kmeans', 'random_state': 2022}",0.09839514538544396,389.7214322809188,1.803056200348151
SpectralClustering,"{'n_clusters': 6, 'affinity': 'sigmoid', 'assign_labels': 'kmeans', 'random_state': 3033}",0.10003874265880078,395.62585270218665,1.7900051910160932
SpectralClustering,"{'n_clusters': 6, 'affinity': 'sigmoid', 'assign_labels': 'kmeans', 'random_state': 4044}",0.09946793274765865,394.68424164354985,1.794222186107454
SpectralClustering,"{'n_clusters': 6, 'affinity': 'sigmoid', 'assign_labels': 'kmeans', 'random_state': 5055}",0.1006744587199864,397.53628453067535,1.7860234311233667
SpectralClustering,"{'n_clusters': 6, 'affinity': 'sigmoid', 'assign_labels': 'kmeans', 'random_state': 6066}",0.10091588734402827,395.84955701666166,1.7925785803831245
SpectralClustering,"{'n_clusters': 6, 'affinity': 'sigmoid', 'assign_labels': 'discretize', 'random_state': 42}",0.18462563647574032,489.9626596203956,1.9073048230494891
SpectralClustering,"{'n_clusters': 6, 'affinity': 'sigmoid', 'assign_labels': 'discretize', 'random_state': 123}",0.1159260896777769,435.43494110544333,1.7623623014479355
SpectralClustering,"{'n_clusters': 6, 'affinity': 'sigmoid', 'assign_labels': 'discretize', 'random_state': 456}",0.11454553507806604,428.7942029710129,1.7741968819419724
SpectralClustering,"{'n_clusters': 6, 'affinity': 'sigmoid', 'assign_labels': 'discretize', 'random_state': 789}",0.11535110089914437,429.67717107011623,1.7723861034361967
SpectralClustering,"{'n_clusters': 6, 'affinity': 'sigmoid', 'assign_labels': 'discretize', 'random_state': 1011}",0.11469965944869763,428.99074257052536,1.7741197127043395
SpectralClustering,"{'n_clusters': 6, 'affinity': 'sigmoid', 'assign_labels': 'discretize', 'random_state': 2022}",0.11623614294887884,431.011170363771,1.7638840879431346
SpectralClustering,"{'n_clusters': 6, 'affinity': 'sigmoid', 'assign_labels': 'discretize', 'random_state': 3033}",0.1238858080310037,421.9834733252412,2.005389463968172
SpectralClustering,"{'n_clusters': 6, 'affinity': 'sigmoid', 'assign_labels': 'discretize', 'random_state': 4044}",0.11261496837045275,433.626088911193,1.7725027786131837
SpectralClustering,"{'n_clusters': 6, 'affinity': 'sigmoid', 'assign_labels': 'discretize', 'random_state': 5055}",0.11537918641664908,429.6678139616769,1.771428205286676
SpectralClustering,"{'n_clusters': 6, 'affinity': 'sigmoid', 'assign_labels': 'discretize', 'random_state': 6066}",0.11454553507806604,428.7942029710129,1.774196881941972
SpectralClustering,"{'n_clusters': 6, 'affinity': 'sigmoid', 'assign_labels': 'cluster_qr', 'random_state': 42}",0.11901835891340583,431.1370181987598,2.0402822679172563
SpectralClustering,"{'n_clusters': 6, 'affinity': 'sigmoid', 'assign_labels': 'cluster_qr', 'random_state': 123}",0.11901835891340583,431.1370181987598,2.0402822679172563
SpectralClustering,"{'n_clusters': 6, 'affinity': 'sigmoid', 'assign_labels': 'cluster_qr', 'random_state': 456}",0.11901835891340583,431.1370181987598,2.0402822679172563
SpectralClustering,"{'n_clusters': 6, 'affinity': 'sigmoid', 'assign_labels': 'cluster_qr', 'random_state': 789}",0.11901835891340583,431.1370181987598,2.0402822679172563
SpectralClustering,"{'n_clusters': 6, 'affinity': 'sigmoid', 'assign_labels': 'cluster_qr', 'random_state': 1011}",0.11901835891340583,431.1370181987598,2.0402822679172563
SpectralClustering,"{'n_clusters': 6, 'affinity': 'sigmoid', 'assign_labels': 'cluster_qr', 'random_state': 2022}",0.11901835891340583,431.1370181987598,2.0402822679172563
SpectralClustering,"{'n_clusters': 6, 'affinity': 'sigmoid', 'assign_labels': 'cluster_qr', 'random_state': 3033}",0.11901835891340583,431.1370181987598,2.0402822679172563
SpectralClustering,"{'n_clusters': 6, 'affinity': 'sigmoid', 'assign_labels': 'cluster_qr', 'random_state': 4044}",0.11901835891340583,431.1370181987598,2.0402822679172563
SpectralClustering,"{'n_clusters': 6, 'affinity': 'sigmoid', 'assign_labels': 'cluster_qr', 'random_state': 5055}",0.11901835891340583,431.1370181987598,2.0402822679172563
SpectralClustering,"{'n_clusters': 6, 'affinity': 'sigmoid', 'assign_labels': 'cluster_qr', 'random_state': 6066}",0.11901835891340583,431.1370181987598,2.0402822679172563
SpectralClustering,"{'n_clusters': 7, 'affinity': 'rbf', 'assign_labels': 'kmeans', 'random_state': 42}",0.356957519843165,382.7459718110539,1.4618866848676482
SpectralClustering,"{'n_clusters': 7, 'affinity': 'rbf', 'assign_labels': 'kmeans', 'random_state': 123}",0.356957519843165,382.7459718110538,1.4618866848676482
SpectralClustering,"{'n_clusters': 7, 'affinity': 'rbf', 'assign_labels': 'kmeans', 'random_state': 456}",0.356957519843165,382.7459718110539,1.4618866848676482
SpectralClustering,"{'n_clusters': 7, 'affinity': 'rbf', 'assign_labels': 'kmeans', 'random_state': 789}",0.356957519843165,382.7459718110538,1.4618866848676482
SpectralClustering,"{'n_clusters': 7, 'affinity': 'rbf', 'assign_labels': 'kmeans', 'random_state': 1011}",0.356957519843165,382.7459718110538,1.461886684867648
SpectralClustering,"{'n_clusters': 7, 'affinity': 'rbf', 'assign_labels': 'kmeans', 'random_state': 2022}",0.356957519843165,382.7459718110539,1.4618866848676482
SpectralClustering,"{'n_clusters': 7, 'affinity': 'rbf', 'assign_labels': 'kmeans', 'random_state': 3033}",0.356957519843165,382.7459718110539,1.4618866848676482
SpectralClustering,"{'n_clusters': 7, 'affinity': 'rbf', 'assign_labels': 'kmeans', 'random_state': 4044}",0.356957519843165,382.7459718110539,1.4618866848676482
SpectralClustering,"{'n_clusters': 7, 'affinity': 'rbf', 'assign_labels': 'kmeans', 'random_state': 5055}",0.356957519843165,382.7459718110539,1.4618866848676482
SpectralClustering,"{'n_clusters': 7, 'affinity': 'rbf', 'assign_labels': 'kmeans', 'random_state': 6066}",0.356957519843165,382.7459718110539,1.4618866848676482
SpectralClustering,"{'n_clusters': 7, 'affinity': 'rbf', 'assign_labels': 'discretize', 'random_state': 42}",0.32737405134378156,644.6174518059785,1.1437515424644285
SpectralClustering,"{'n_clusters': 7, 'affinity': 'rbf', 'assign_labels': 'discretize', 'random_state': 123}",0.32737405134378156,644.6174518059785,1.1437515424644285
SpectralClustering,"{'n_clusters': 7, 'affinity': 'rbf', 'assign_labels': 'discretize', 'random_state': 456}",0.32737405134378156,644.6174518059784,1.1437515424644282
SpectralClustering,"{'n_clusters': 7, 'affinity': 'rbf', 'assign_labels': 'discretize', 'random_state': 789}",0.32737405134378156,644.6174518059785,1.1437515424644285
SpectralClustering,"{'n_clusters': 7, 'affinity': 'rbf', 'assign_labels': 'discretize', 'random_state': 1011}",0.32737405134378156,644.6174518059785,1.1437515424644285
SpectralClustering,"{'n_clusters': 7, 'affinity': 'rbf', 'assign_labels': 'discretize', 'random_state': 2022}",0.3679877039629238,605.2922563628946,1.1023680766692892
SpectralClustering,"{'n_clusters': 7, 'affinity': 'rbf', 'assign_labels': 'discretize', 'random_state': 3033}",0.32737405134378156,644.6174518059785,1.1437515424644285
SpectralClustering,"{'n_clusters': 7, 'affinity': 'rbf', 'assign_labels': 'discretize', 'random_state': 4044}",0.32737405134378156,644.6174518059785,1.1437515424644285
SpectralClustering,"{'n_clusters': 7, 'affinity': 'rbf', 'assign_labels': 'discretize', 'random_state': 5055}",0.32737405134378156,644.6174518059785,1.1437515424644285
SpectralClustering,"{'n_clusters': 7, 'affinity': 'rbf', 'assign_labels': 'discretize', 'random_state': 6066}",0.32737405134378156,644.6174518059785,1.1437515424644285
SpectralClustering,"{'n_clusters': 7, 'affinity': 'rbf', 'assign_labels': 'cluster_qr', 'random_state': 42}",0.3270715293221544,645.8766603853124,1.1438312456467052
SpectralClustering,"{'n_clusters': 7, 'affinity': 'rbf', 'assign_labels': 'cluster_qr', 'random_state': 123}",0.3270715293221544,645.8766603853124,1.1438312456467052
SpectralClustering,"{'n_clusters': 7, 'affinity': 'rbf', 'assign_labels': 'cluster_qr', 'random_state': 456}",0.3270715293221544,645.8766603853124,1.1438312456467052
SpectralClustering,"{'n_clusters': 7, 'affinity': 'rbf', 'assign_labels': 'cluster_qr', 'random_state': 789}",0.3270715293221544,645.8766603853124,1.1438312456467052
SpectralClustering,"{'n_clusters': 7, 'affinity': 'rbf', 'assign_labels': 'cluster_qr', 'random_state': 1011}",0.3270715293221544,645.8766603853124,1.1438312456467052
SpectralClustering,"{'n_clusters': 7, 'affinity': 'rbf', 'assign_labels': 'cluster_qr', 'random_state': 2022}",0.3270715293221544,645.8766603853124,1.1438312456467052
SpectralClustering,"{'n_clusters': 7, 'affinity': 'rbf', 'assign_labels': 'cluster_qr', 'random_state': 3033}",0.3270715293221544,645.8766603853124,1.1438312456467052
SpectralClustering,"{'n_clusters': 7, 'affinity': 'rbf', 'assign_labels': 'cluster_qr', 'random_state': 4044}",0.3270715293221544,645.8766603853124,1.1438312456467052
SpectralClustering,"{'n_clusters': 7, 'affinity': 'rbf', 'assign_labels': 'cluster_qr', 'random_state': 5055}",0.3270715293221544,645.8766603853124,1.1438312456467052
SpectralClustering,"{'n_clusters': 7, 'affinity': 'rbf', 'assign_labels': 'cluster_qr', 'random_state': 6066}",0.3270715293221544,645.8766603853124,1.1438312456467052
SpectralClustering,"{'n_clusters': 7, 'affinity': 'nearest_neighbors', 'assign_labels': 'kmeans', 'random_state': 42, 'n_neighbors': 5}",0.2989412204349425,588.1853031810493,1.0942203997330122
SpectralClustering,"{'n_clusters': 7, 'affinity': 'nearest_neighbors', 'assign_labels': 'kmeans', 'random_state': 123, 'n_neighbors': 5}",0.31171278098250926,873.5988622691251,1.1481275400569195
SpectralClustering,"{'n_clusters': 7, 'affinity': 'nearest_neighbors', 'assign_labels': 'kmeans', 'random_state': 456, 'n_neighbors': 5}",0.30973907426550157,691.3744799870993,1.2434536545097026
SpectralClustering,"{'n_clusters': 7, 'affinity': 'nearest_neighbors', 'assign_labels': 'kmeans', 'random_state': 789, 'n_neighbors': 5}",0.33586977067712803,847.4492756675148,1.2494992832846428
SpectralClustering,"{'n_clusters': 7, 'affinity': 'nearest_neighbors', 'assign_labels': 'kmeans', 'random_state': 1011, 'n_neighbors': 5}",0.33586977067712803,847.449275667515,1.2494992832846425
SpectralClustering,"{'n_clusters': 7, 'affinity': 'nearest_neighbors', 'assign_labels': 'kmeans', 'random_state': 2022, 'n_neighbors': 5}",0.31171278098250926,873.5988622691251,1.1481275400569195
SpectralClustering,"{'n_clusters': 7, 'affinity': 'nearest_neighbors', 'assign_labels': 'kmeans', 'random_state': 3033, 'n_neighbors': 5}",0.31171278098250926,873.5988622691251,1.1481275400569195
SpectralClustering,"{'n_clusters': 7, 'affinity': 'nearest_neighbors', 'assign_labels': 'kmeans', 'random_state': 4044, 'n_neighbors': 5}",0.2929033872054499,572.7630129639214,1.3861597432709227
SpectralClustering,"{'n_clusters': 7, 'affinity': 'nearest_neighbors', 'assign_labels': 'kmeans', 'random_state': 5055, 'n_neighbors': 5}",0.2929937288278897,572.9408563636766,1.386607927761578
SpectralClustering,"{'n_clusters': 7, 'affinity': 'nearest_neighbors', 'assign_labels': 'kmeans', 'random_state': 6066, 'n_neighbors': 5}",0.2929033872054499,572.7630129639215,1.3861597432709227
SpectralClustering,"{'n_clusters': 7, 'affinity': 'nearest_neighbors', 'assign_labels': 'discretize', 'random_state': 42, 'n_neighbors': 5}",0.29705786998292394,581.8056831189638,1.1134879042602284
SpectralClustering,"{'n_clusters': 7, 'affinity': 'nearest_neighbors', 'assign_labels': 'discretize', 'random_state': 123, 'n_neighbors': 5}",0.31109076016552356,870.3329587993688,1.1491599775980268
SpectralClustering,"{'n_clusters': 7, 'affinity': 'nearest_neighbors', 'assign_labels': 'discretize', 'random_state': 456, 'n_neighbors': 5}",0.3033993972269153,721.3681935144963,1.4596333819276357
SpectralClustering,"{'n_clusters': 7, 'affinity': 'nearest_neighbors', 'assign_labels': 'discretize', 'random_state': 789, 'n_neighbors': 5}",0.3166968409559484,587.9176184206916,1.16443002011929
SpectralClustering,"{'n_clusters': 7, 'affinity': 'nearest_neighbors', 'assign_labels': 'discretize', 'random_state': 1011, 'n_neighbors': 5}",0.35328086350009796,800.3486531129802,1.3840843421238802
SpectralClustering,"{'n_clusters': 7, 'affinity': 'nearest_neighbors', 'assign_labels': 'discretize', 'random_state': 2022, 'n_neighbors': 5}",0.28717668235765076,564.4179471738769,1.4019275989199915
SpectralClustering,"{'n_clusters': 7, 'affinity': 'nearest_neighbors', 'assign_labels': 'discretize', 'random_state': 3033, 'n_neighbors': 5}",0.31161904139575564,871.9845912503748,1.150069385815856
SpectralClustering,"{'n_clusters': 7, 'affinity': 'nearest_neighbors', 'assign_labels': 'discretize', 'random_state': 4044, 'n_neighbors': 5}",0.2887532670816134,567.0736180394764,1.3994685755025669
SpectralClustering,"{'n_clusters': 7, 'affinity': 'nearest_neighbors', 'assign_labels': 'discretize', 'random_state': 5055, 'n_neighbors': 5}",0.2870710462589078,564.2614216784327,1.4020366376544147
SpectralClustering,"{'n_clusters': 7, 'affinity': 'nearest_neighbors', 'assign_labels': 'discretize', 'random_state': 6066, 'n_neighbors': 5}",0.2873617668982712,564.8404042354682,1.4017223619530497
SpectralClustering,"{'n_clusters': 7, 'affinity': 'nearest_neighbors', 'assign_labels': 'cluster_qr', 'random_state': 42, 'n_neighbors': 5}",0.38496544085968476,1046.715431354487,0.929631069530032
SpectralClustering,"{'n_clusters': 7, 'affinity': 'nearest_neighbors', 'assign_labels': 'cluster_qr', 'random_state': 123, 'n_neighbors': 5}",0.2976192271532476,813.0176659071593,1.1921941160081655
SpectralClustering,"{'n_clusters': 7, 'affinity': 'nearest_neighbors', 'assign_labels': 'cluster_qr', 'random_state': 456, 'n_neighbors': 5}",0.30862222754840124,824.3329810690933,1.7989877332764799
SpectralClustering,"{'n_clusters': 7, 'affinity': 'nearest_neighbors', 'assign_labels': 'cluster_qr', 'random_state': 789, 'n_neighbors': 5}",0.1809250699240418,610.6106530588094,1.6471233705746402
SpectralClustering,"{'n_clusters': 7, 'affinity': 'nearest_neighbors', 'assign_labels': 'cluster_qr', 'random_state': 1011, 'n_neighbors': 5}",0.29263418311395695,567.9490060612025,1.1275202136951725
SpectralClustering,"{'n_clusters': 7, 'affinity': 'nearest_neighbors', 'assign_labels': 'cluster_qr', 'random_state': 2022, 'n_neighbors': 5}",0.30688242878794725,818.1669625401437,1.7747428170470534
SpectralClustering,"{'n_clusters': 7, 'affinity': 'nearest_neighbors', 'assign_labels': 'cluster_qr', 'random_state': 3033, 'n_neighbors': 5}",0.30857569873110313,825.0138935744094,1.7919663470561669
SpectralClustering,"{'n_clusters': 7, 'affinity': 'nearest_neighbors', 'assign_labels': 'cluster_qr', 'random_state': 4044, 'n_neighbors': 5}",0.2884608475186314,566.6362496822467,1.398879946625517
SpectralClustering,"{'n_clusters': 7, 'affinity': 'nearest_neighbors', 'assign_labels': 'cluster_qr', 'random_state': 5055, 'n_neighbors': 5}",0.2944327594419002,759.1353687132935,1.3889820701674875
SpectralClustering,"{'n_clusters': 7, 'affinity': 'nearest_neighbors', 'assign_labels': 'cluster_qr', 'random_state': 6066, 'n_neighbors': 5}",0.28272058057838145,545.0799241118286,1.4361419042369339
SpectralClustering,"{'n_clusters': 7, 'affinity': 'nearest_neighbors', 'assign_labels': 'kmeans', 'random_state': 42, 'n_neighbors': 10}",0.3038631100976438,594.1934925067172,1.091752835833702
SpectralClustering,"{'n_clusters': 7, 'affinity': 'nearest_neighbors', 'assign_labels': 'kmeans', 'random_state': 123, 'n_neighbors': 10}",0.31895264009416696,883.4920025809913,1.1345135667732886
SpectralClustering,"{'n_clusters': 7, 'affinity': 'nearest_neighbors', 'assign_labels': 'kmeans', 'random_state': 456, 'n_neighbors': 10}",0.31863049745205146,882.5390615631947,1.1342021034333132
SpectralClustering,"{'n_clusters': 7, 'affinity': 'nearest_neighbors', 'assign_labels': 'kmeans', 'random_state': 789, 'n_neighbors': 10}",0.3417914426146748,855.2698008045088,1.2537157828031076
SpectralClustering,"{'n_clusters': 7, 'affinity': 'nearest_neighbors', 'assign_labels': 'kmeans', 'random_state': 1011, 'n_neighbors': 10}",0.34155144169580415,854.4203703079244,1.2539265156816926
SpectralClustering,"{'n_clusters': 7, 'affinity': 'nearest_neighbors', 'assign_labels': 'kmeans', 'random_state': 2022, 'n_neighbors': 10}",0.31917231419493347,884.0666251261283,1.134984653870013
SpectralClustering,"{'n_clusters': 7, 'affinity': 'nearest_neighbors', 'assign_labels': 'kmeans', 'random_state': 3033, 'n_neighbors': 10}",0.3036662202351436,593.5499099021167,1.0922298421985548
SpectralClustering,"{'n_clusters': 7, 'affinity': 'nearest_neighbors', 'assign_labels': 'kmeans', 'random_state': 4044, 'n_neighbors': 10}",0.31952378209907456,884.8536790292887,1.1376462342459888
SpectralClustering,"{'n_clusters': 7, 'affinity': 'nearest_neighbors', 'assign_labels': 'kmeans', 'random_state': 5055, 'n_neighbors': 10}",0.3038377961778153,594.055799656988,1.092334333483335
SpectralClustering,"{'n_clusters': 7, 'affinity': 'nearest_neighbors', 'assign_labels': 'kmeans', 'random_state': 6066, 'n_neighbors': 10}",0.3417914426146748,855.2698008045088,1.2537157828031076
SpectralClustering,"{'n_clusters': 7, 'affinity': 'nearest_neighbors', 'assign_labels': 'discretize', 'random_state': 42, 'n_neighbors': 10}",0.3028829713942965,589.8594354406346,1.1040012916376836
SpectralClustering,"{'n_clusters': 7, 'affinity': 'nearest_neighbors', 'assign_labels': 'discretize', 'random_state': 123, 'n_neighbors': 10}",0.29633586243333443,576.0228341684787,1.3960852630499687
SpectralClustering,"{'n_clusters': 7, 'affinity': 'nearest_neighbors', 'assign_labels': 'discretize', 'random_state': 456, 'n_neighbors': 10}",0.31345283946244606,699.3310747057125,1.2658410706432757
SpectralClustering,"{'n_clusters': 7, 'affinity': 'nearest_neighbors', 'assign_labels': 'discretize', 'random_state': 789, 'n_neighbors': 10}",0.3431146277143728,657.4479947047736,1.5744113696247735
SpectralClustering,"{'n_clusters': 7, 'affinity': 'nearest_neighbors', 'assign_labels': 'discretize', 'random_state': 1011, 'n_neighbors': 10}",0.2948997381336355,574.0214820481496,1.3978293037953085
SpectralClustering,"{'n_clusters': 7, 'affinity': 'nearest_neighbors', 'assign_labels': 'discretize', 'random_state': 2022, 'n_neighbors': 10}",0.2966714189128225,577.2117840998518,1.397099098620952
SpectralClustering,"{'n_clusters': 7, 'affinity': 'nearest_neighbors', 'assign_labels': 'discretize', 'random_state': 3033, 'n_neighbors': 10}",0.3026115624745976,588.919465948943,1.1059031561992847
SpectralClustering,"{'n_clusters': 7, 'affinity': 'nearest_neighbors', 'assign_labels': 'discretize', 'random_state': 4044, 'n_neighbors': 10}",0.29357614412455796,787.5256718978937,1.4498574387906626
SpectralClustering,"{'n_clusters': 7, 'affinity': 'nearest_neighbors', 'assign_labels': 'discretize', 'random_state': 5055, 'n_neighbors': 10}",0.2913092528792489,569.0195478147277,1.400423383135236
SpectralClustering,"{'n_clusters': 7, 'affinity': 'nearest_neighbors', 'assign_labels': 'discretize', 'random_state': 6066, 'n_neighbors': 10}",0.32683216640009344,607.8353328172557,1.1227841427446361
SpectralClustering,"{'n_clusters': 7, 'affinity': 'nearest_neighbors', 'assign_labels': 'cluster_qr', 'random_state': 42, 'n_neighbors': 10}",0.38909204856165946,1058.332238071717,0.9308288208344458
SpectralClustering,"{'n_clusters': 7, 'affinity': 'nearest_neighbors', 'assign_labels': 'cluster_qr', 'random_state': 123, 'n_neighbors': 10}",0.31650044440145986,839.7804418743242,1.7647039873644987
SpectralClustering,"{'n_clusters': 7, 'affinity': 'nearest_neighbors', 'assign_labels': 'cluster_qr', 'random_state': 456, 'n_neighbors': 10}",0.313285566394707,849.0485243399462,1.152669174173407
SpectralClustering,"{'n_clusters': 7, 'affinity': 'nearest_neighbors', 'assign_labels': 'cluster_qr', 'random_state': 789, 'n_neighbors': 10}",0.2949622620011921,780.4606599358117,1.2307305648535378
SpectralClustering,"{'n_clusters': 7, 'affinity': 'nearest_neighbors', 'assign_labels': 'cluster_qr', 'random_state': 1011, 'n_neighbors': 10}",0.31537802872915827,836.9777936867963,1.7630155824166895
SpectralClustering,"{'n_clusters': 7, 'affinity': 'nearest_neighbors', 'assign_labels': 'cluster_qr', 'random_state': 2022, 'n_neighbors': 10}",0.31647660585489307,839.2239280658051,1.7706808078013483
SpectralClustering,"{'n_clusters': 7, 'affinity': 'nearest_neighbors', 'assign_labels': 'cluster_qr', 'random_state': 3033, 'n_neighbors': 10}",0.2724340049963568,515.2037291331882,1.2837013409286329
SpectralClustering,"{'n_clusters': 7, 'affinity': 'nearest_neighbors', 'assign_labels': 'cluster_qr', 'random_state': 4044, 'n_neighbors': 10}",0.30991567206879583,778.7128356396968,1.7811800937121964
SpectralClustering,"{'n_clusters': 7, 'affinity': 'nearest_neighbors', 'assign_labels': 'cluster_qr', 'random_state': 5055, 'n_neighbors': 10}",0.27122485749056224,720.6288260058401,1.3502706439725327
SpectralClustering,"{'n_clusters': 7, 'affinity': 'nearest_neighbors', 'assign_labels': 'cluster_qr', 'random_state': 6066, 'n_neighbors': 10}",0.28037965999235526,739.2448519794084,1.3045276520073057
SpectralClustering,"{'n_clusters': 7, 'affinity': 'nearest_neighbors', 'assign_labels': 'kmeans', 'random_state': 42, 'n_neighbors': 15}",0.30330926594832375,595.6728832235012,1.0880418947817283
SpectralClustering,"{'n_clusters': 7, 'affinity': 'nearest_neighbors', 'assign_labels': 'kmeans', 'random_state': 123, 'n_neighbors': 15}",0.34750195433940995,804.589677811004,1.1302244569347888
SpectralClustering,"{'n_clusters': 7, 'affinity': 'nearest_neighbors', 'assign_labels': 'kmeans', 'random_state': 456, 'n_neighbors': 15}",0.31573400389411593,880.6455103664883,1.1336992631104923
SpectralClustering,"{'n_clusters': 7, 'affinity': 'nearest_neighbors', 'assign_labels': 'kmeans', 'random_state': 789, 'n_neighbors': 15}",0.3458093586335131,656.8657828794366,1.5744795407315966
SpectralClustering,"{'n_clusters': 7, 'affinity': 'nearest_neighbors', 'assign_labels': 'kmeans', 'random_state': 1011, 'n_neighbors': 15}",0.2976722525847187,579.1556439718246,1.3810957077900468
SpectralClustering,"{'n_clusters': 7, 'affinity': 'nearest_neighbors', 'assign_labels': 'kmeans', 'random_state': 2022, 'n_neighbors': 15}",0.3018964063583052,722.050228171772,1.4496231955625984
SpectralClustering,"{'n_clusters': 7, 'affinity': 'nearest_neighbors', 'assign_labels': 'kmeans', 'random_state': 3033, 'n_neighbors': 15}",0.31623578948876196,882.1521200577818,1.1361368726243692
SpectralClustering,"{'n_clusters': 7, 'affinity': 'nearest_neighbors', 'assign_labels': 'kmeans', 'random_state': 4044, 'n_neighbors': 15}",0.2976722525847187,579.1556439718245,1.3810957077900468
SpectralClustering,"{'n_clusters': 7, 'affinity': 'nearest_neighbors', 'assign_labels': 'kmeans', 'random_state': 5055, 'n_neighbors': 15}",0.3025555210926005,722.3655320598021,1.4502362276192484
SpectralClustering,"{'n_clusters': 7, 'affinity': 'nearest_neighbors', 'assign_labels': 'kmeans', 'random_state': 6066, 'n_neighbors': 15}",0.29757796237189166,579.2930972715099,1.3818505763905653
SpectralClustering,"{'n_clusters': 7, 'affinity': 'nearest_neighbors', 'assign_labels': 'discretize', 'random_state': 42, 'n_neighbors': 15}",0.35742593094842423,804.3390464117355,1.3917365659883418
SpectralClustering,"{'n_clusters': 7, 'affinity': 'nearest_neighbors', 'assign_labels': 'discretize', 'random_state': 123, 'n_neighbors': 15}",0.2958103029912194,577.0870687824228,1.394125507062846
SpectralClustering,"{'n_clusters': 7, 'affinity': 'nearest_neighbors', 'assign_labels': 'discretize', 'random_state': 456, 'n_neighbors': 15}",0.32021845192364373,885.8849115735383,1.1398204409611787
SpectralClustering,"{'n_clusters': 7, 'affinity': 'nearest_neighbors', 'assign_labels': 'discretize', 'random_state': 789, 'n_neighbors': 15}",0.34253024181677405,648.333733676371,1.5799305323387447
SpectralClustering,"{'n_clusters': 7, 'affinity': 'nearest_neighbors', 'assign_labels': 'discretize', 'random_state': 1011, 'n_neighbors': 15}",0.34247132867890306,647.9866504599707,1.5803450523495057
SpectralClustering,"{'n_clusters': 7, 'affinity': 'nearest_neighbors', 'assign_labels': 'discretize', 'random_state': 2022, 'n_neighbors': 15}",0.29372545894123714,790.8226512402243,1.448658100171921
SpectralClustering,"{'n_clusters': 7, 'affinity': 'nearest_neighbors', 'assign_labels': 'discretize', 'random_state': 3033, 'n_neighbors': 15}",0.29575342750502953,576.9412922751395,1.3948505124116832
SpectralClustering,"{'n_clusters': 7, 'affinity': 'nearest_neighbors', 'assign_labels': 'discretize', 'random_state': 4044, 'n_neighbors': 15}",0.3431132759944971,649.8461908259426,1.5800582259527307
SpectralClustering,"{'n_clusters': 7, 'affinity': 'nearest_neighbors', 'assign_labels': 'discretize', 'random_state': 5055, 'n_neighbors': 15}",0.28231220872238555,560.0405496694012,1.403227077599848
SpectralClustering,"{'n_clusters': 7, 'affinity': 'nearest_neighbors', 'assign_labels': 'discretize', 'random_state': 6066, 'n_neighbors': 15}",0.3534664671561735,773.3331104793536,1.4311783423925457
SpectralClustering,"{'n_clusters': 7, 'affinity': 'nearest_neighbors', 'assign_labels': 'cluster_qr', 'random_state': 42, 'n_neighbors': 15}",0.3875596815126501,1056.5128129979864,0.9240094513772928
SpectralClustering,"{'n_clusters': 7, 'affinity': 'nearest_neighbors', 'assign_labels': 'cluster_qr', 'random_state': 123, 'n_neighbors': 15}",0.3118429904391795,832.8780186993948,1.757767845638847
SpectralClustering,"{'n_clusters': 7, 'affinity': 'nearest_neighbors', 'assign_labels': 'cluster_qr', 'random_state': 456, 'n_neighbors': 15}",0.3120400980927893,835.4777847924018,1.7562042073901156
SpectralClustering,"{'n_clusters': 7, 'affinity': 'nearest_neighbors', 'assign_labels': 'cluster_qr', 'random_state': 789, 'n_neighbors': 15}",0.2801505707159089,560.6525548947834,1.6948419677850612
SpectralClustering,"{'n_clusters': 7, 'affinity': 'nearest_neighbors', 'assign_labels': 'cluster_qr', 'random_state': 1011, 'n_neighbors': 15}",0.2923451881006218,572.7656398326114,1.3919775839899586
SpectralClustering,"{'n_clusters': 7, 'affinity': 'nearest_neighbors', 'assign_labels': 'cluster_qr', 'random_state': 2022, 'n_neighbors': 15}",0.312640002728401,836.3750887951494,1.7551790635388305
SpectralClustering,"{'n_clusters': 7, 'affinity': 'nearest_neighbors', 'assign_labels': 'cluster_qr', 'random_state': 3033, 'n_neighbors': 15}",0.3121298918753471,832.8605436021564,1.7565040284927271
SpectralClustering,"{'n_clusters': 7, 'affinity': 'nearest_neighbors', 'assign_labels': 'cluster_qr', 'random_state': 4044, 'n_neighbors': 15}",0.2927986466258518,573.5566891407497,1.395504654277387
SpectralClustering,"{'n_clusters': 7, 'affinity': 'nearest_neighbors', 'assign_labels': 'cluster_qr', 'random_state': 5055, 'n_neighbors': 15}",0.22489222743865891,686.8533265741492,1.6268318776919302
SpectralClustering,"{'n_clusters': 7, 'affinity': 'nearest_neighbors', 'assign_labels': 'cluster_qr', 'random_state': 6066, 'n_neighbors': 15}",0.30852304643285117,800.1019654327098,1.7633458568710705
SpectralClustering,"{'n_clusters': 7, 'affinity': 'nearest_neighbors', 'assign_labels': 'kmeans', 'random_state': 42, 'n_neighbors': 20}",0.3765949578768544,1013.6734561449621,1.2567554194618433
SpectralClustering,"{'n_clusters': 7, 'affinity': 'nearest_neighbors', 'assign_labels': 'kmeans', 'random_state': 123, 'n_neighbors': 20}",0.3766190937422283,1013.8043387495114,1.2566497063491258
SpectralClustering,"{'n_clusters': 7, 'affinity': 'nearest_neighbors', 'assign_labels': 'kmeans', 'random_state': 456, 'n_neighbors': 20}",0.3766190937422283,1013.8043387495118,1.2566497063491258
SpectralClustering,"{'n_clusters': 7, 'affinity': 'nearest_neighbors', 'assign_labels': 'kmeans', 'random_state': 789, 'n_neighbors': 20}",0.3765949578768544,1013.6734561449624,1.2567554194618433
SpectralClustering,"{'n_clusters': 7, 'affinity': 'nearest_neighbors', 'assign_labels': 'kmeans', 'random_state': 1011, 'n_neighbors': 20}",0.3765949578768544,1013.6734561449624,1.2567554194618433
SpectralClustering,"{'n_clusters': 7, 'affinity': 'nearest_neighbors', 'assign_labels': 'kmeans', 'random_state': 2022, 'n_neighbors': 20}",0.3766190937422283,1013.8043387495118,1.2566497063491255
SpectralClustering,"{'n_clusters': 7, 'affinity': 'nearest_neighbors', 'assign_labels': 'kmeans', 'random_state': 3033, 'n_neighbors': 20}",0.3765949578768544,1013.673456144962,1.2567554194618433
SpectralClustering,"{'n_clusters': 7, 'affinity': 'nearest_neighbors', 'assign_labels': 'kmeans', 'random_state': 4044, 'n_neighbors': 20}",0.3765949578768544,1013.6734561449624,1.2567554194618433
SpectralClustering,"{'n_clusters': 7, 'affinity': 'nearest_neighbors', 'assign_labels': 'kmeans', 'random_state': 5055, 'n_neighbors': 20}",0.3765949578768544,1013.6734561449624,1.2567554194618433
SpectralClustering,"{'n_clusters': 7, 'affinity': 'nearest_neighbors', 'assign_labels': 'kmeans', 'random_state': 6066, 'n_neighbors': 20}",0.3765949578768544,1013.6734561449624,1.2567554194618433
SpectralClustering,"{'n_clusters': 7, 'affinity': 'nearest_neighbors', 'assign_labels': 'discretize', 'random_state': 42, 'n_neighbors': 20}",0.37116344953519337,996.2103125179217,1.2620184450464618
SpectralClustering,"{'n_clusters': 7, 'affinity': 'nearest_neighbors', 'assign_labels': 'discretize', 'random_state': 123, 'n_neighbors': 20}",0.37116344953519337,996.2103125179218,1.2620184450464618
SpectralClustering,"{'n_clusters': 7, 'affinity': 'nearest_neighbors', 'assign_labels': 'discretize', 'random_state': 456, 'n_neighbors': 20}",0.37116344953519337,996.2103125179218,1.2620184450464618
SpectralClustering,"{'n_clusters': 7, 'affinity': 'nearest_neighbors', 'assign_labels': 'discretize', 'random_state': 789, 'n_neighbors': 20}",0.37116344953519337,996.2103125179214,1.2620184450464618
SpectralClustering,"{'n_clusters': 7, 'affinity': 'nearest_neighbors', 'assign_labels': 'discretize', 'random_state': 1011, 'n_neighbors': 20}",0.37116344953519337,996.2103125179217,1.2620184450464618
SpectralClustering,"{'n_clusters': 7, 'affinity': 'nearest_neighbors', 'assign_labels': 'discretize', 'random_state': 2022, 'n_neighbors': 20}",0.37116344953519337,996.2103125179214,1.2620184450464618
SpectralClustering,"{'n_clusters': 7, 'affinity': 'nearest_neighbors', 'assign_labels': 'discretize', 'random_state': 3033, 'n_neighbors': 20}",0.37116344953519337,996.2103125179217,1.2620184450464618
SpectralClustering,"{'n_clusters': 7, 'affinity': 'nearest_neighbors', 'assign_labels': 'discretize', 'random_state': 4044, 'n_neighbors': 20}",0.37116344953519337,996.2103125179215,1.2620184450464618
SpectralClustering,"{'n_clusters': 7, 'affinity': 'nearest_neighbors', 'assign_labels': 'discretize', 'random_state': 5055, 'n_neighbors': 20}",0.37116344953519337,996.2103125179218,1.2620184450464618
SpectralClustering,"{'n_clusters': 7, 'affinity': 'nearest_neighbors', 'assign_labels': 'discretize', 'random_state': 6066, 'n_neighbors': 20}",0.37116344953519337,996.2103125179217,1.2620184450464618
SpectralClustering,"{'n_clusters': 7, 'affinity': 'nearest_neighbors', 'assign_labels': 'cluster_qr', 'random_state': 42, 'n_neighbors': 20}",0.36801751971471025,986.5499213959167,1.2665786518025686
SpectralClustering,"{'n_clusters': 7, 'affinity': 'nearest_neighbors', 'assign_labels': 'cluster_qr', 'random_state': 123, 'n_neighbors': 20}",0.36801751971471025,986.5499213959167,1.2665786518025686
SpectralClustering,"{'n_clusters': 7, 'affinity': 'nearest_neighbors', 'assign_labels': 'cluster_qr', 'random_state': 456, 'n_neighbors': 20}",0.36801751971471025,986.5499213959167,1.2665786518025686
SpectralClustering,"{'n_clusters': 7, 'affinity': 'nearest_neighbors', 'assign_labels': 'cluster_qr', 'random_state': 789, 'n_neighbors': 20}",0.36801751971471025,986.5499213959167,1.2665786518025686
SpectralClustering,"{'n_clusters': 7, 'affinity': 'nearest_neighbors', 'assign_labels': 'cluster_qr', 'random_state': 1011, 'n_neighbors': 20}",0.36801751971471025,986.5499213959167,1.2665786518025686
SpectralClustering,"{'n_clusters': 7, 'affinity': 'nearest_neighbors', 'assign_labels': 'cluster_qr', 'random_state': 2022, 'n_neighbors': 20}",0.36801751971471025,986.5499213959167,1.2665786518025686
SpectralClustering,"{'n_clusters': 7, 'affinity': 'nearest_neighbors', 'assign_labels': 'cluster_qr', 'random_state': 3033, 'n_neighbors': 20}",0.36801751971471025,986.5499213959167,1.2665786518025686
SpectralClustering,"{'n_clusters': 7, 'affinity': 'nearest_neighbors', 'assign_labels': 'cluster_qr', 'random_state': 4044, 'n_neighbors': 20}",0.36801751971471025,986.5499213959167,1.2665786518025686
SpectralClustering,"{'n_clusters': 7, 'affinity': 'nearest_neighbors', 'assign_labels': 'cluster_qr', 'random_state': 5055, 'n_neighbors': 20}",0.36801751971471025,986.5499213959167,1.2665786518025686
SpectralClustering,"{'n_clusters': 7, 'affinity': 'nearest_neighbors', 'assign_labels': 'cluster_qr', 'random_state': 6066, 'n_neighbors': 20}",0.36801751971471025,986.5499213959167,1.2665786518025686
SpectralClustering,"{'n_clusters': 7, 'affinity': 'nearest_neighbors', 'assign_labels': 'kmeans', 'random_state': 42, 'n_neighbors': 50}",0.39298064244083336,1076.5671834832792,0.9164661974355679
SpectralClustering,"{'n_clusters': 7, 'affinity': 'nearest_neighbors', 'assign_labels': 'kmeans', 'random_state': 123, 'n_neighbors': 50}",0.39298064244083336,1076.5671834832792,0.9164661974355679
SpectralClustering,"{'n_clusters': 7, 'affinity': 'nearest_neighbors', 'assign_labels': 'kmeans', 'random_state': 456, 'n_neighbors': 50}",0.39298064244083336,1076.5671834832792,0.9164661974355679
SpectralClustering,"{'n_clusters': 7, 'affinity': 'nearest_neighbors', 'assign_labels': 'kmeans', 'random_state': 789, 'n_neighbors': 50}",0.39298064244083336,1076.5671834832792,0.9164661974355679
SpectralClustering,"{'n_clusters': 7, 'affinity': 'nearest_neighbors', 'assign_labels': 'kmeans', 'random_state': 1011, 'n_neighbors': 50}",0.39298064244083336,1076.5671834832792,0.9164661974355679
SpectralClustering,"{'n_clusters': 7, 'affinity': 'nearest_neighbors', 'assign_labels': 'kmeans', 'random_state': 2022, 'n_neighbors': 50}",0.39298064244083336,1076.5671834832792,0.9164661974355679
SpectralClustering,"{'n_clusters': 7, 'affinity': 'nearest_neighbors', 'assign_labels': 'kmeans', 'random_state': 3033, 'n_neighbors': 50}",0.39298064244083336,1076.5671834832792,0.9164661974355679
SpectralClustering,"{'n_clusters': 7, 'affinity': 'nearest_neighbors', 'assign_labels': 'kmeans', 'random_state': 4044, 'n_neighbors': 50}",0.39298064244083336,1076.5671834832792,0.9164661974355679
SpectralClustering,"{'n_clusters': 7, 'affinity': 'nearest_neighbors', 'assign_labels': 'kmeans', 'random_state': 5055, 'n_neighbors': 50}",0.39298064244083336,1076.5671834832792,0.9164661974355679
SpectralClustering,"{'n_clusters': 7, 'affinity': 'nearest_neighbors', 'assign_labels': 'kmeans', 'random_state': 6066, 'n_neighbors': 50}",0.39298064244083336,1076.5671834832792,0.9164661974355679
SpectralClustering,"{'n_clusters': 7, 'affinity': 'nearest_neighbors', 'assign_labels': 'discretize', 'random_state': 42, 'n_neighbors': 50}",0.3848502837036715,1051.2602986293841,0.9304112489793924
SpectralClustering,"{'n_clusters': 7, 'affinity': 'nearest_neighbors', 'assign_labels': 'discretize', 'random_state': 123, 'n_neighbors': 50}",0.3848502837036715,1051.2602986293841,0.9304112489793924
SpectralClustering,"{'n_clusters': 7, 'affinity': 'nearest_neighbors', 'assign_labels': 'discretize', 'random_state': 456, 'n_neighbors': 50}",0.3848502837036715,1051.2602986293841,0.9304112489793924
SpectralClustering,"{'n_clusters': 7, 'affinity': 'nearest_neighbors', 'assign_labels': 'discretize', 'random_state': 789, 'n_neighbors': 50}",0.3848502837036715,1051.2602986293841,0.9304112489793924
SpectralClustering,"{'n_clusters': 7, 'affinity': 'nearest_neighbors', 'assign_labels': 'discretize', 'random_state': 1011, 'n_neighbors': 50}",0.3848502837036715,1051.2602986293841,0.9304112489793924
SpectralClustering,"{'n_clusters': 7, 'affinity': 'nearest_neighbors', 'assign_labels': 'discretize', 'random_state': 2022, 'n_neighbors': 50}",0.3848502837036715,1051.2602986293841,0.9304112489793924
SpectralClustering,"{'n_clusters': 7, 'affinity': 'nearest_neighbors', 'assign_labels': 'discretize', 'random_state': 3033, 'n_neighbors': 50}",0.3848502837036715,1051.2602986293841,0.9304112489793924
SpectralClustering,"{'n_clusters': 7, 'affinity': 'nearest_neighbors', 'assign_labels': 'discretize', 'random_state': 4044, 'n_neighbors': 50}",0.3848502837036715,1051.2602986293841,0.9304112489793924
SpectralClustering,"{'n_clusters': 7, 'affinity': 'nearest_neighbors', 'assign_labels': 'discretize', 'random_state': 5055, 'n_neighbors': 50}",0.3848502837036715,1051.2602986293841,0.9304112489793924
SpectralClustering,"{'n_clusters': 7, 'affinity': 'nearest_neighbors', 'assign_labels': 'discretize', 'random_state': 6066, 'n_neighbors': 50}",0.3848502837036715,1051.2602986293841,0.9304112489793924
SpectralClustering,"{'n_clusters': 7, 'affinity': 'nearest_neighbors', 'assign_labels': 'cluster_qr', 'random_state': 42, 'n_neighbors': 50}",0.38089263000800655,1038.865256702252,0.9407381953620712
SpectralClustering,"{'n_clusters': 7, 'affinity': 'nearest_neighbors', 'assign_labels': 'cluster_qr', 'random_state': 123, 'n_neighbors': 50}",0.38089263000800655,1038.865256702252,0.9407381953620712
SpectralClustering,"{'n_clusters': 7, 'affinity': 'nearest_neighbors', 'assign_labels': 'cluster_qr', 'random_state': 456, 'n_neighbors': 50}",0.38089263000800655,1038.865256702252,0.9407381953620712
SpectralClustering,"{'n_clusters': 7, 'affinity': 'nearest_neighbors', 'assign_labels': 'cluster_qr', 'random_state': 789, 'n_neighbors': 50}",0.38089263000800655,1038.865256702252,0.9407381953620712
SpectralClustering,"{'n_clusters': 7, 'affinity': 'nearest_neighbors', 'assign_labels': 'cluster_qr', 'random_state': 1011, 'n_neighbors': 50}",0.38089263000800655,1038.865256702252,0.9407381953620712
SpectralClustering,"{'n_clusters': 7, 'affinity': 'nearest_neighbors', 'assign_labels': 'cluster_qr', 'random_state': 2022, 'n_neighbors': 50}",0.38089263000800655,1038.865256702252,0.9407381953620712
SpectralClustering,"{'n_clusters': 7, 'affinity': 'nearest_neighbors', 'assign_labels': 'cluster_qr', 'random_state': 3033, 'n_neighbors': 50}",0.38089263000800655,1038.865256702252,0.9407381953620712
SpectralClustering,"{'n_clusters': 7, 'affinity': 'nearest_neighbors', 'assign_labels': 'cluster_qr', 'random_state': 4044, 'n_neighbors': 50}",0.38089263000800655,1038.865256702252,0.9407381953620712
SpectralClustering,"{'n_clusters': 7, 'affinity': 'nearest_neighbors', 'assign_labels': 'cluster_qr', 'random_state': 5055, 'n_neighbors': 50}",0.38089263000800655,1038.865256702252,0.9407381953620712
SpectralClustering,"{'n_clusters': 7, 'affinity': 'nearest_neighbors', 'assign_labels': 'cluster_qr', 'random_state': 6066, 'n_neighbors': 50}",0.38089263000800655,1038.865256702252,0.9407381953620712
SpectralClustering,"{'n_clusters': 7, 'affinity': 'nearest_neighbors', 'assign_labels': 'kmeans', 'random_state': 42, 'n_neighbors': 100}",0.29586451738126646,927.6470632956341,1.1982354710071255
SpectralClustering,"{'n_clusters': 7, 'affinity': 'nearest_neighbors', 'assign_labels': 'kmeans', 'random_state': 123, 'n_neighbors': 100}",0.29586451738126646,927.6470632956339,1.1982354710071255
SpectralClustering,"{'n_clusters': 7, 'affinity': 'nearest_neighbors', 'assign_labels': 'kmeans', 'random_state': 456, 'n_neighbors': 100}",0.29586451738126646,927.6470632956341,1.1982354710071255
SpectralClustering,"{'n_clusters': 7, 'affinity': 'nearest_neighbors', 'assign_labels': 'kmeans', 'random_state': 789, 'n_neighbors': 100}",0.29586451738126646,927.6470632956341,1.1982354710071255
SpectralClustering,"{'n_clusters': 7, 'affinity': 'nearest_neighbors', 'assign_labels': 'kmeans', 'random_state': 1011, 'n_neighbors': 100}",0.29586451738126646,927.6470632956344,1.1982354710071255
SpectralClustering,"{'n_clusters': 7, 'affinity': 'nearest_neighbors', 'assign_labels': 'kmeans', 'random_state': 2022, 'n_neighbors': 100}",0.29586451738126646,927.6470632956343,1.1982354710071255
SpectralClustering,"{'n_clusters': 7, 'affinity': 'nearest_neighbors', 'assign_labels': 'kmeans', 'random_state': 3033, 'n_neighbors': 100}",0.29586451738126646,927.6470632956341,1.1982354710071252
SpectralClustering,"{'n_clusters': 7, 'affinity': 'nearest_neighbors', 'assign_labels': 'kmeans', 'random_state': 4044, 'n_neighbors': 100}",0.29586451738126646,927.6470632956341,1.1982354710071255
SpectralClustering,"{'n_clusters': 7, 'affinity': 'nearest_neighbors', 'assign_labels': 'kmeans', 'random_state': 5055, 'n_neighbors': 100}",0.29586451738126646,927.6470632956341,1.1982354710071255
SpectralClustering,"{'n_clusters': 7, 'affinity': 'nearest_neighbors', 'assign_labels': 'kmeans', 'random_state': 6066, 'n_neighbors': 100}",0.29586451738126646,927.6470632956341,1.1982354710071255
SpectralClustering,"{'n_clusters': 7, 'affinity': 'nearest_neighbors', 'assign_labels': 'discretize', 'random_state': 42, 'n_neighbors': 100}",0.29351066928962544,920.4006483431383,1.194578408156503
SpectralClustering,"{'n_clusters': 7, 'affinity': 'nearest_neighbors', 'assign_labels': 'discretize', 'random_state': 123, 'n_neighbors': 100}",0.29345636859417407,920.2379801164263,1.1949221646599786
SpectralClustering,"{'n_clusters': 7, 'affinity': 'nearest_neighbors', 'assign_labels': 'discretize', 'random_state': 456, 'n_neighbors': 100}",0.29345636859417407,920.2379801164265,1.1949221646599784
SpectralClustering,"{'n_clusters': 7, 'affinity': 'nearest_neighbors', 'assign_labels': 'discretize', 'random_state': 789, 'n_neighbors': 100}",0.29351066928962544,920.4006483431383,1.194578408156503
SpectralClustering,"{'n_clusters': 7, 'affinity': 'nearest_neighbors', 'assign_labels': 'discretize', 'random_state': 1011, 'n_neighbors': 100}",0.29351066928962544,920.4006483431385,1.194578408156503
SpectralClustering,"{'n_clusters': 7, 'affinity': 'nearest_neighbors', 'assign_labels': 'discretize', 'random_state': 2022, 'n_neighbors': 100}",0.29345636859417407,920.2379801164263,1.1949221646599784
SpectralClustering,"{'n_clusters': 7, 'affinity': 'nearest_neighbors', 'assign_labels': 'discretize', 'random_state': 3033, 'n_neighbors': 100}",0.29351066928962544,920.4006483431383,1.194578408156503
SpectralClustering,"{'n_clusters': 7, 'affinity': 'nearest_neighbors', 'assign_labels': 'discretize', 'random_state': 4044, 'n_neighbors': 100}",0.29351066928962544,920.4006483431383,1.1945784081565027
SpectralClustering,"{'n_clusters': 7, 'affinity': 'nearest_neighbors', 'assign_labels': 'discretize', 'random_state': 5055, 'n_neighbors': 100}",0.29351066928962544,920.4006483431383,1.194578408156503
SpectralClustering,"{'n_clusters': 7, 'affinity': 'nearest_neighbors', 'assign_labels': 'discretize', 'random_state': 6066, 'n_neighbors': 100}",0.29351066928962544,920.4006483431385,1.194578408156503
SpectralClustering,"{'n_clusters': 7, 'affinity': 'nearest_neighbors', 'assign_labels': 'cluster_qr', 'random_state': 42, 'n_neighbors': 100}",0.2937200881506834,920.8912395325177,1.1941450720379299
SpectralClustering,"{'n_clusters': 7, 'affinity': 'nearest_neighbors', 'assign_labels': 'cluster_qr', 'random_state': 123, 'n_neighbors': 100}",0.2937200881506834,920.8912395325177,1.1941450720379299
SpectralClustering,"{'n_clusters': 7, 'affinity': 'nearest_neighbors', 'assign_labels': 'cluster_qr', 'random_state': 456, 'n_neighbors': 100}",0.2937200881506834,920.8912395325177,1.1941450720379299
SpectralClustering,"{'n_clusters': 7, 'affinity': 'nearest_neighbors', 'assign_labels': 'cluster_qr', 'random_state': 789, 'n_neighbors': 100}",0.2937200881506834,920.8912395325177,1.1941450720379299
SpectralClustering,"{'n_clusters': 7, 'affinity': 'nearest_neighbors', 'assign_labels': 'cluster_qr', 'random_state': 1011, 'n_neighbors': 100}",0.2937200881506834,920.8912395325177,1.1941450720379299
SpectralClustering,"{'n_clusters': 7, 'affinity': 'nearest_neighbors', 'assign_labels': 'cluster_qr', 'random_state': 2022, 'n_neighbors': 100}",0.2937200881506834,920.8912395325177,1.1941450720379299
SpectralClustering,"{'n_clusters': 7, 'affinity': 'nearest_neighbors', 'assign_labels': 'cluster_qr', 'random_state': 3033, 'n_neighbors': 100}",0.2937200881506834,920.8912395325177,1.1941450720379299
SpectralClustering,"{'n_clusters': 7, 'affinity': 'nearest_neighbors', 'assign_labels': 'cluster_qr', 'random_state': 4044, 'n_neighbors': 100}",0.2937200881506834,920.8912395325177,1.1941450720379299
SpectralClustering,"{'n_clusters': 7, 'affinity': 'nearest_neighbors', 'assign_labels': 'cluster_qr', 'random_state': 5055, 'n_neighbors': 100}",0.2937200881506834,920.8912395325177,1.1941450720379299
SpectralClustering,"{'n_clusters': 7, 'affinity': 'nearest_neighbors', 'assign_labels': 'cluster_qr', 'random_state': 6066, 'n_neighbors': 100}",0.2937200881506834,920.8912395325177,1.1941450720379299
SpectralClustering,"{'n_clusters': 7, 'affinity': 'polynomial', 'assign_labels': 'kmeans', 'random_state': 42}",-0.018079610788406683,152.21082294228464,1.7271092089286764
SpectralClustering,"{'n_clusters': 7, 'affinity': 'polynomial', 'assign_labels': 'kmeans', 'random_state': 123}",-0.018160930035784704,152.20564084138115,1.7289970912116115
SpectralClustering,"{'n_clusters': 7, 'affinity': 'polynomial', 'assign_labels': 'kmeans', 'random_state': 456}",-0.018160930035784704,152.20564084138115,1.728997091211611
SpectralClustering,"{'n_clusters': 7, 'affinity': 'polynomial', 'assign_labels': 'kmeans', 'random_state': 789}",-0.018160930035784704,152.20564084138115,1.728997091211611
SpectralClustering,"{'n_clusters': 7, 'affinity': 'polynomial', 'assign_labels': 'kmeans', 'random_state': 1011}",-0.018086403178055852,152.20996528940051,1.7285735069156607
SpectralClustering,"{'n_clusters': 7, 'affinity': 'polynomial', 'assign_labels': 'kmeans', 'random_state': 2022}",-0.018079610788406683,152.21082294228466,1.7271092089286764
SpectralClustering,"{'n_clusters': 7, 'affinity': 'polynomial', 'assign_labels': 'kmeans', 'random_state': 3033}",-0.018160930035784704,152.20564084138115,1.728997091211611
SpectralClustering,"{'n_clusters': 7, 'affinity': 'polynomial', 'assign_labels': 'kmeans', 'random_state': 4044}",-0.018086403178055852,152.20996528940054,1.7285735069156607
SpectralClustering,"{'n_clusters': 7, 'affinity': 'polynomial', 'assign_labels': 'kmeans', 'random_state': 5055}",-0.018160930035784704,152.20564084138115,1.728997091211611
SpectralClustering,"{'n_clusters': 7, 'affinity': 'polynomial', 'assign_labels': 'kmeans', 'random_state': 6066}",-0.017788836874404027,152.23631848729102,1.7281187048358764
SpectralClustering,"{'n_clusters': 7, 'affinity': 'polynomial', 'assign_labels': 'discretize', 'random_state': 42}",0.18810450103092852,857.4390803983977,1.1896612343109296
SpectralClustering,"{'n_clusters': 7, 'affinity': 'polynomial', 'assign_labels': 'discretize', 'random_state': 123}",0.23058445746173356,864.4805364590261,1.0654223282419488
SpectralClustering,"{'n_clusters': 7, 'affinity': 'polynomial', 'assign_labels': 'discretize', 'random_state': 456}",0.23045587723953867,863.685705352165,1.0654496715193194
SpectralClustering,"{'n_clusters': 7, 'affinity': 'polynomial', 'assign_labels': 'discretize', 'random_state': 789}",0.23058445746173356,864.480536459026,1.0654223282419488
SpectralClustering,"{'n_clusters': 7, 'affinity': 'polynomial', 'assign_labels': 'discretize', 'random_state': 1011}",0.23051489647468845,864.3222170798524,1.0656076268889325
SpectralClustering,"{'n_clusters': 7, 'affinity': 'polynomial', 'assign_labels': 'discretize', 'random_state': 2022}",0.23026420005269257,863.7119767754064,1.0656991393406179
SpectralClustering,"{'n_clusters': 7, 'affinity': 'polynomial', 'assign_labels': 'discretize', 'random_state': 3033}",0.18809617094352396,857.3429347249759,1.1899725484799297
SpectralClustering,"{'n_clusters': 7, 'affinity': 'polynomial', 'assign_labels': 'discretize', 'random_state': 4044}",0.18938762495690145,855.4431000622371,1.1903511516369103
SpectralClustering,"{'n_clusters': 7, 'affinity': 'polynomial', 'assign_labels': 'discretize', 'random_state': 5055}",0.18938762495690145,855.4431000622374,1.1903511516369103
SpectralClustering,"{'n_clusters': 7, 'affinity': 'polynomial', 'assign_labels': 'discretize', 'random_state': 6066}",0.23045587723953867,863.685705352165,1.0654496715193194
SpectralClustering,"{'n_clusters': 7, 'affinity': 'polynomial', 'assign_labels': 'cluster_qr', 'random_state': 42}",0.27679784679608693,933.6123228194851,1.13605965221821
SpectralClustering,"{'n_clusters': 7, 'affinity': 'polynomial', 'assign_labels': 'cluster_qr', 'random_state': 123}",0.27679784679608693,933.6123228194851,1.13605965221821
SpectralClustering,"{'n_clusters': 7, 'affinity': 'polynomial', 'assign_labels': 'cluster_qr', 'random_state': 456}",0.27679784679608693,933.6123228194851,1.13605965221821
SpectralClustering,"{'n_clusters': 7, 'affinity': 'polynomial', 'assign_labels': 'cluster_qr', 'random_state': 789}",0.27679784679608693,933.6123228194851,1.13605965221821
SpectralClustering,"{'n_clusters': 7, 'affinity': 'polynomial', 'assign_labels': 'cluster_qr', 'random_state': 1011}",0.27679784679608693,933.6123228194851,1.13605965221821
SpectralClustering,"{'n_clusters': 7, 'affinity': 'polynomial', 'assign_labels': 'cluster_qr', 'random_state': 2022}",0.27679784679608693,933.6123228194851,1.13605965221821
SpectralClustering,"{'n_clusters': 7, 'affinity': 'polynomial', 'assign_labels': 'cluster_qr', 'random_state': 3033}",0.27679784679608693,933.6123228194851,1.13605965221821
SpectralClustering,"{'n_clusters': 7, 'affinity': 'polynomial', 'assign_labels': 'cluster_qr', 'random_state': 4044}",0.27679784679608693,933.6123228194851,1.13605965221821
SpectralClustering,"{'n_clusters': 7, 'affinity': 'polynomial', 'assign_labels': 'cluster_qr', 'random_state': 5055}",0.27679784679608693,933.6123228194851,1.13605965221821
SpectralClustering,"{'n_clusters': 7, 'affinity': 'polynomial', 'assign_labels': 'cluster_qr', 'random_state': 6066}",0.27679784679608693,933.6123228194851,1.13605965221821
SpectralClustering,"{'n_clusters': 7, 'affinity': 'poly', 'assign_labels': 'kmeans', 'random_state': 42}",-0.018079610788406683,152.21082294228464,1.7271092089286764
SpectralClustering,"{'n_clusters': 7, 'affinity': 'poly', 'assign_labels': 'kmeans', 'random_state': 123}",-0.018160930035784704,152.20564084138115,1.7289970912116115
SpectralClustering,"{'n_clusters': 7, 'affinity': 'poly', 'assign_labels': 'kmeans', 'random_state': 456}",-0.018160930035784704,152.20564084138115,1.728997091211611
SpectralClustering,"{'n_clusters': 7, 'affinity': 'poly', 'assign_labels': 'kmeans', 'random_state': 789}",-0.018160930035784704,152.20564084138115,1.728997091211611
SpectralClustering,"{'n_clusters': 7, 'affinity': 'poly', 'assign_labels': 'kmeans', 'random_state': 1011}",-0.018086403178055852,152.20996528940051,1.7285735069156607
SpectralClustering,"{'n_clusters': 7, 'affinity': 'poly', 'assign_labels': 'kmeans', 'random_state': 2022}",-0.018079610788406683,152.21082294228466,1.7271092089286764
SpectralClustering,"{'n_clusters': 7, 'affinity': 'poly', 'assign_labels': 'kmeans', 'random_state': 3033}",-0.018160930035784704,152.20564084138115,1.728997091211611
SpectralClustering,"{'n_clusters': 7, 'affinity': 'poly', 'assign_labels': 'kmeans', 'random_state': 4044}",-0.018086403178055852,152.20996528940054,1.7285735069156607
SpectralClustering,"{'n_clusters': 7, 'affinity': 'poly', 'assign_labels': 'kmeans', 'random_state': 5055}",-0.018160930035784704,152.20564084138115,1.728997091211611
SpectralClustering,"{'n_clusters': 7, 'affinity': 'poly', 'assign_labels': 'kmeans', 'random_state': 6066}",-0.017788836874404027,152.23631848729102,1.7281187048358764
SpectralClustering,"{'n_clusters': 7, 'affinity': 'poly', 'assign_labels': 'discretize', 'random_state': 42}",0.18810450103092852,857.4390803983977,1.1896612343109296
SpectralClustering,"{'n_clusters': 7, 'affinity': 'poly', 'assign_labels': 'discretize', 'random_state': 123}",0.23058445746173356,864.4805364590261,1.0654223282419488
SpectralClustering,"{'n_clusters': 7, 'affinity': 'poly', 'assign_labels': 'discretize', 'random_state': 456}",0.23045587723953867,863.685705352165,1.0654496715193194
SpectralClustering,"{'n_clusters': 7, 'affinity': 'poly', 'assign_labels': 'discretize', 'random_state': 789}",0.23058445746173356,864.480536459026,1.0654223282419488
SpectralClustering,"{'n_clusters': 7, 'affinity': 'poly', 'assign_labels': 'discretize', 'random_state': 1011}",0.23051489647468845,864.3222170798524,1.0656076268889325
SpectralClustering,"{'n_clusters': 7, 'affinity': 'poly', 'assign_labels': 'discretize', 'random_state': 2022}",0.23026420005269257,863.7119767754064,1.0656991393406179
SpectralClustering,"{'n_clusters': 7, 'affinity': 'poly', 'assign_labels': 'discretize', 'random_state': 3033}",0.18809617094352396,857.3429347249759,1.1899725484799297
SpectralClustering,"{'n_clusters': 7, 'affinity': 'poly', 'assign_labels': 'discretize', 'random_state': 4044}",0.18938762495690145,855.4431000622371,1.1903511516369103
SpectralClustering,"{'n_clusters': 7, 'affinity': 'poly', 'assign_labels': 'discretize', 'random_state': 5055}",0.18938762495690145,855.4431000622374,1.1903511516369103
SpectralClustering,"{'n_clusters': 7, 'affinity': 'poly', 'assign_labels': 'discretize', 'random_state': 6066}",0.23045587723953867,863.685705352165,1.0654496715193194
SpectralClustering,"{'n_clusters': 7, 'affinity': 'poly', 'assign_labels': 'cluster_qr', 'random_state': 42}",0.27679784679608693,933.6123228194851,1.13605965221821
SpectralClustering,"{'n_clusters': 7, 'affinity': 'poly', 'assign_labels': 'cluster_qr', 'random_state': 123}",0.27679784679608693,933.6123228194851,1.13605965221821
SpectralClustering,"{'n_clusters': 7, 'affinity': 'poly', 'assign_labels': 'cluster_qr', 'random_state': 456}",0.27679784679608693,933.6123228194851,1.13605965221821
SpectralClustering,"{'n_clusters': 7, 'affinity': 'poly', 'assign_labels': 'cluster_qr', 'random_state': 789}",0.27679784679608693,933.6123228194851,1.13605965221821
SpectralClustering,"{'n_clusters': 7, 'affinity': 'poly', 'assign_labels': 'cluster_qr', 'random_state': 1011}",0.27679784679608693,933.6123228194851,1.13605965221821
SpectralClustering,"{'n_clusters': 7, 'affinity': 'poly', 'assign_labels': 'cluster_qr', 'random_state': 2022}",0.27679784679608693,933.6123228194851,1.13605965221821
SpectralClustering,"{'n_clusters': 7, 'affinity': 'poly', 'assign_labels': 'cluster_qr', 'random_state': 3033}",0.27679784679608693,933.6123228194851,1.13605965221821
SpectralClustering,"{'n_clusters': 7, 'affinity': 'poly', 'assign_labels': 'cluster_qr', 'random_state': 4044}",0.27679784679608693,933.6123228194851,1.13605965221821
SpectralClustering,"{'n_clusters': 7, 'affinity': 'poly', 'assign_labels': 'cluster_qr', 'random_state': 5055}",0.27679784679608693,933.6123228194851,1.13605965221821
SpectralClustering,"{'n_clusters': 7, 'affinity': 'poly', 'assign_labels': 'cluster_qr', 'random_state': 6066}",0.27679784679608693,933.6123228194851,1.13605965221821
SpectralClustering,"{'n_clusters': 7, 'affinity': 'sigmoid', 'assign_labels': 'kmeans', 'random_state': 42}",0.08216544062990487,341.24172184338903,2.0583207638314027
SpectralClustering,"{'n_clusters': 7, 'affinity': 'sigmoid', 'assign_labels': 'kmeans', 'random_state': 123}",0.08106810982295638,350.40186808945174,2.2195893033377474
SpectralClustering,"{'n_clusters': 7, 'affinity': 'sigmoid', 'assign_labels': 'kmeans', 'random_state': 456}",0.08199004631391715,342.7764044263074,2.0470959947484855
SpectralClustering,"{'n_clusters': 7, 'affinity': 'sigmoid', 'assign_labels': 'kmeans', 'random_state': 789}",0.07865245428088619,333.8328573254722,2.0623228594879235
SpectralClustering,"{'n_clusters': 7, 'affinity': 'sigmoid', 'assign_labels': 'kmeans', 'random_state': 1011}",0.07977806646939706,336.7107881755618,2.067277721930743
SpectralClustering,"{'n_clusters': 7, 'affinity': 'sigmoid', 'assign_labels': 'kmeans', 'random_state': 2022}",0.080634325166516,340.4096953583261,2.053267848393834
SpectralClustering,"{'n_clusters': 7, 'affinity': 'sigmoid', 'assign_labels': 'kmeans', 'random_state': 3033}",0.08032179835690911,338.9305687038444,2.0531232307995313
SpectralClustering,"{'n_clusters': 7, 'affinity': 'sigmoid', 'assign_labels': 'kmeans', 'random_state': 4044}",0.07952185681943723,334.14499625169964,2.073472665204913
SpectralClustering,"{'n_clusters': 7, 'affinity': 'sigmoid', 'assign_labels': 'kmeans', 'random_state': 5055}",0.08141273083762036,339.85501407344333,2.0572808968142295
SpectralClustering,"{'n_clusters': 7, 'affinity': 'sigmoid', 'assign_labels': 'kmeans', 'random_state': 6066}",0.08002743479963362,338.43690247234446,2.0549786786035416
SpectralClustering,"{'n_clusters': 7, 'affinity': 'sigmoid', 'assign_labels': 'discretize', 'random_state': 42}",0.1346609791386125,439.6691210183224,2.0124561017652822
SpectralClustering,"{'n_clusters': 7, 'affinity': 'sigmoid', 'assign_labels': 'discretize', 'random_state': 123}",0.09831674807542441,415.71854967877914,1.7433121392476032
SpectralClustering,"{'n_clusters': 7, 'affinity': 'sigmoid', 'assign_labels': 'discretize', 'random_state': 456}",0.09615612008078094,413.6011860148127,1.7475211740088419
SpectralClustering,"{'n_clusters': 7, 'affinity': 'sigmoid', 'assign_labels': 'discretize', 'random_state': 789}",0.13523861756744512,454.9454688827559,1.8617865772520534
SpectralClustering,"{'n_clusters': 7, 'affinity': 'sigmoid', 'assign_labels': 'discretize', 'random_state': 1011}",0.1073753940933011,412.52225182545124,2.0501551138692453
SpectralClustering,"{'n_clusters': 7, 'affinity': 'sigmoid', 'assign_labels': 'discretize', 'random_state': 2022}",0.09776731951568908,421.1279643959423,1.9383051356977443
SpectralClustering,"{'n_clusters': 7, 'affinity': 'sigmoid', 'assign_labels': 'discretize', 'random_state': 3033}",0.1105211520489425,397.0308173380456,2.1762906705240055
SpectralClustering,"{'n_clusters': 7, 'affinity': 'sigmoid', 'assign_labels': 'discretize', 'random_state': 4044}",0.13298913051163025,448.2262814366593,1.8795756942638864
SpectralClustering,"{'n_clusters': 7, 'affinity': 'sigmoid', 'assign_labels': 'discretize', 'random_state': 5055}",0.11439221161768204,394.4190826786656,2.1965490655554905
SpectralClustering,"{'n_clusters': 7, 'affinity': 'sigmoid', 'assign_labels': 'discretize', 'random_state': 6066}",0.09126516285347788,410.4887209161565,1.748251523318986
SpectralClustering,"{'n_clusters': 7, 'affinity': 'sigmoid', 'assign_labels': 'cluster_qr', 'random_state': 42}",0.02614607196954057,168.63297432172772,2.957459378898776
SpectralClustering,"{'n_clusters': 7, 'affinity': 'sigmoid', 'assign_labels': 'cluster_qr', 'random_state': 123}",0.02614607196954057,168.63297432172772,2.957459378898776
SpectralClustering,"{'n_clusters': 7, 'affinity': 'sigmoid', 'assign_labels': 'cluster_qr', 'random_state': 456}",0.02614607196954057,168.63297432172772,2.957459378898776
SpectralClustering,"{'n_clusters': 7, 'affinity': 'sigmoid', 'assign_labels': 'cluster_qr', 'random_state': 789}",0.02614607196954057,168.63297432172772,2.957459378898776
SpectralClustering,"{'n_clusters': 7, 'affinity': 'sigmoid', 'assign_labels': 'cluster_qr', 'random_state': 1011}",0.02614607196954057,168.63297432172772,2.957459378898776
SpectralClustering,"{'n_clusters': 7, 'affinity': 'sigmoid', 'assign_labels': 'cluster_qr', 'random_state': 2022}",0.02614607196954057,168.63297432172772,2.957459378898776
SpectralClustering,"{'n_clusters': 7, 'affinity': 'sigmoid', 'assign_labels': 'cluster_qr', 'random_state': 3033}",0.02614607196954057,168.63297432172772,2.957459378898776
SpectralClustering,"{'n_clusters': 7, 'affinity': 'sigmoid', 'assign_labels': 'cluster_qr', 'random_state': 4044}",0.02614607196954057,168.63297432172772,2.957459378898776
SpectralClustering,"{'n_clusters': 7, 'affinity': 'sigmoid', 'assign_labels': 'cluster_qr', 'random_state': 5055}",0.02614607196954057,168.63297432172772,2.957459378898776
SpectralClustering,"{'n_clusters': 7, 'affinity': 'sigmoid', 'assign_labels': 'cluster_qr', 'random_state': 6066}",0.02614607196954057,168.63297432172772,2.957459378898776
SpectralClustering,"{'n_clusters': 8, 'affinity': 'rbf', 'assign_labels': 'kmeans', 'random_state': 42}",0.36168146654157474,493.9677274959165,1.4035800759096564
SpectralClustering,"{'n_clusters': 8, 'affinity': 'rbf', 'assign_labels': 'kmeans', 'random_state': 123}",0.36168146654157474,493.9677274959165,1.4035800759096564
SpectralClustering,"{'n_clusters': 8, 'affinity': 'rbf', 'assign_labels': 'kmeans', 'random_state': 456}",0.36168146654157474,493.9677274959165,1.4035800759096562
SpectralClustering,"{'n_clusters': 8, 'affinity': 'rbf', 'assign_labels': 'kmeans', 'random_state': 789}",0.36168146654157474,493.9677274959165,1.4035800759096562
SpectralClustering,"{'n_clusters': 8, 'affinity': 'rbf', 'assign_labels': 'kmeans', 'random_state': 1011}",0.36168146654157474,493.9677274959165,1.4035800759096564
SpectralClustering,"{'n_clusters': 8, 'affinity': 'rbf', 'assign_labels': 'kmeans', 'random_state': 2022}",0.36168146654157474,493.9677274959165,1.4035800759096564
SpectralClustering,"{'n_clusters': 8, 'affinity': 'rbf', 'assign_labels': 'kmeans', 'random_state': 3033}",0.36168146654157474,493.9677274959165,1.4035800759096564
SpectralClustering,"{'n_clusters': 8, 'affinity': 'rbf', 'assign_labels': 'kmeans', 'random_state': 4044}",0.36168146654157474,493.9677274959164,1.4035800759096562
SpectralClustering,"{'n_clusters': 8, 'affinity': 'rbf', 'assign_labels': 'kmeans', 'random_state': 5055}",0.36168146654157474,493.9677274959165,1.4035800759096564
SpectralClustering,"{'n_clusters': 8, 'affinity': 'rbf', 'assign_labels': 'kmeans', 'random_state': 6066}",0.36168146654157474,493.9677274959165,1.4035800759096564
SpectralClustering,"{'n_clusters': 8, 'affinity': 'rbf', 'assign_labels': 'discretize', 'random_state': 42}",0.3801095761793082,849.5131431385252,1.1270645533684966
SpectralClustering,"{'n_clusters': 8, 'affinity': 'rbf', 'assign_labels': 'discretize', 'random_state': 123}",0.3801095761793082,849.5131431385253,1.1270645533684966
SpectralClustering,"{'n_clusters': 8, 'affinity': 'rbf', 'assign_labels': 'discretize', 'random_state': 456}",0.3801095761793082,849.5131431385254,1.1270645533684966
SpectralClustering,"{'n_clusters': 8, 'affinity': 'rbf', 'assign_labels': 'discretize', 'random_state': 789}",0.3801095761793082,849.5131431385254,1.1270645533684964
SpectralClustering,"{'n_clusters': 8, 'affinity': 'rbf', 'assign_labels': 'discretize', 'random_state': 1011}",0.3801095761793082,849.5131431385253,1.1270645533684966
SpectralClustering,"{'n_clusters': 8, 'affinity': 'rbf', 'assign_labels': 'discretize', 'random_state': 2022}",0.3801095761793082,849.5131431385253,1.1270645533684964
SpectralClustering,"{'n_clusters': 8, 'affinity': 'rbf', 'assign_labels': 'discretize', 'random_state': 3033}",0.3801095761793082,849.5131431385253,1.1270645533684966
SpectralClustering,"{'n_clusters': 8, 'affinity': 'rbf', 'assign_labels': 'discretize', 'random_state': 4044}",0.3801095761793082,849.5131431385254,1.1270645533684966
SpectralClustering,"{'n_clusters': 8, 'affinity': 'rbf', 'assign_labels': 'discretize', 'random_state': 5055}",0.3801095761793082,849.5131431385252,1.1270645533684966
SpectralClustering,"{'n_clusters': 8, 'affinity': 'rbf', 'assign_labels': 'discretize', 'random_state': 6066}",0.3801095761793082,849.513143138525,1.1270645533684966
SpectralClustering,"{'n_clusters': 8, 'affinity': 'rbf', 'assign_labels': 'cluster_qr', 'random_state': 42}",0.38243650627440723,862.1058229825348,1.1348228367087807
SpectralClustering,"{'n_clusters': 8, 'affinity': 'rbf', 'assign_labels': 'cluster_qr', 'random_state': 123}",0.38243650627440723,862.1058229825348,1.1348228367087807
SpectralClustering,"{'n_clusters': 8, 'affinity': 'rbf', 'assign_labels': 'cluster_qr', 'random_state': 456}",0.38243650627440723,862.1058229825348,1.1348228367087807
SpectralClustering,"{'n_clusters': 8, 'affinity': 'rbf', 'assign_labels': 'cluster_qr', 'random_state': 789}",0.38243650627440723,862.1058229825348,1.1348228367087807
SpectralClustering,"{'n_clusters': 8, 'affinity': 'rbf', 'assign_labels': 'cluster_qr', 'random_state': 1011}",0.38243650627440723,862.1058229825348,1.1348228367087807
SpectralClustering,"{'n_clusters': 8, 'affinity': 'rbf', 'assign_labels': 'cluster_qr', 'random_state': 2022}",0.38243650627440723,862.1058229825348,1.1348228367087807
SpectralClustering,"{'n_clusters': 8, 'affinity': 'rbf', 'assign_labels': 'cluster_qr', 'random_state': 3033}",0.38243650627440723,862.1058229825348,1.1348228367087807
SpectralClustering,"{'n_clusters': 8, 'affinity': 'rbf', 'assign_labels': 'cluster_qr', 'random_state': 4044}",0.38243650627440723,862.1058229825348,1.1348228367087807
SpectralClustering,"{'n_clusters': 8, 'affinity': 'rbf', 'assign_labels': 'cluster_qr', 'random_state': 5055}",0.38243650627440723,862.1058229825348,1.1348228367087807
SpectralClustering,"{'n_clusters': 8, 'affinity': 'rbf', 'assign_labels': 'cluster_qr', 'random_state': 6066}",0.38243650627440723,862.1058229825348,1.1348228367087807
SpectralClustering,"{'n_clusters': 8, 'affinity': 'nearest_neighbors', 'assign_labels': 'kmeans', 'random_state': 42, 'n_neighbors': 5}",0.4000579924484127,1111.535764533291,1.0705843941035613
SpectralClustering,"{'n_clusters': 8, 'affinity': 'nearest_neighbors', 'assign_labels': 'kmeans', 'random_state': 123, 'n_neighbors': 5}",0.4000579924484127,1111.535764533291,1.0705843941035613
SpectralClustering,"{'n_clusters': 8, 'affinity': 'nearest_neighbors', 'assign_labels': 'kmeans', 'random_state': 456, 'n_neighbors': 5}",0.4000579924484127,1111.535764533291,1.0705843941035613
SpectralClustering,"{'n_clusters': 8, 'affinity': 'nearest_neighbors', 'assign_labels': 'kmeans', 'random_state': 789, 'n_neighbors': 5}",0.4000579924484127,1111.5357645332915,1.0705843941035613
SpectralClustering,"{'n_clusters': 8, 'affinity': 'nearest_neighbors', 'assign_labels': 'kmeans', 'random_state': 1011, 'n_neighbors': 5}",0.4000579924484127,1111.535764533291,1.0705843941035613
SpectralClustering,"{'n_clusters': 8, 'affinity': 'nearest_neighbors', 'assign_labels': 'kmeans', 'random_state': 2022, 'n_neighbors': 5}",0.4000579924484127,1111.535764533291,1.0705843941035613
SpectralClustering,"{'n_clusters': 8, 'affinity': 'nearest_neighbors', 'assign_labels': 'kmeans', 'random_state': 3033, 'n_neighbors': 5}",0.4000579924484127,1111.5357645332913,1.0705843941035613
SpectralClustering,"{'n_clusters': 8, 'affinity': 'nearest_neighbors', 'assign_labels': 'kmeans', 'random_state': 4044, 'n_neighbors': 5}",0.4000579924484127,1111.535764533291,1.0705843941035613
SpectralClustering,"{'n_clusters': 8, 'affinity': 'nearest_neighbors', 'assign_labels': 'kmeans', 'random_state': 5055, 'n_neighbors': 5}",0.4000579924484127,1111.535764533291,1.0705843941035613
SpectralClustering,"{'n_clusters': 8, 'affinity': 'nearest_neighbors', 'assign_labels': 'kmeans', 'random_state': 6066, 'n_neighbors': 5}",0.208357528577055,521.2439685776582,1.3813508698359271
SpectralClustering,"{'n_clusters': 8, 'affinity': 'nearest_neighbors', 'assign_labels': 'discretize', 'random_state': 42, 'n_neighbors': 5}",0.39568782292425186,1093.0589329592137,1.0689768055657844
SpectralClustering,"{'n_clusters': 8, 'affinity': 'nearest_neighbors', 'assign_labels': 'discretize', 'random_state': 123, 'n_neighbors': 5}",0.39568782292425186,1093.0589329592137,1.0689768055657844
SpectralClustering,"{'n_clusters': 8, 'affinity': 'nearest_neighbors', 'assign_labels': 'discretize', 'random_state': 456, 'n_neighbors': 5}",0.39568782292425186,1093.0589329592137,1.0689768055657844
SpectralClustering,"{'n_clusters': 8, 'affinity': 'nearest_neighbors', 'assign_labels': 'discretize', 'random_state': 789, 'n_neighbors': 5}",0.39568782292425186,1093.0589329592137,1.0689768055657844
SpectralClustering,"{'n_clusters': 8, 'affinity': 'nearest_neighbors', 'assign_labels': 'discretize', 'random_state': 1011, 'n_neighbors': 5}",0.2047375022913089,516.7595222795908,1.3889774022082493
SpectralClustering,"{'n_clusters': 8, 'affinity': 'nearest_neighbors', 'assign_labels': 'discretize', 'random_state': 2022, 'n_neighbors': 5}",0.39568782292425186,1093.0589329592137,1.0689768055657844
SpectralClustering,"{'n_clusters': 8, 'affinity': 'nearest_neighbors', 'assign_labels': 'discretize', 'random_state': 3033, 'n_neighbors': 5}",0.39568782292425186,1093.0589329592137,1.0689768055657844
SpectralClustering,"{'n_clusters': 8, 'affinity': 'nearest_neighbors', 'assign_labels': 'discretize', 'random_state': 4044, 'n_neighbors': 5}",0.39568782292425186,1093.0589329592137,1.0689768055657844
SpectralClustering,"{'n_clusters': 8, 'affinity': 'nearest_neighbors', 'assign_labels': 'discretize', 'random_state': 5055, 'n_neighbors': 5}",0.39568782292425186,1093.0589329592137,1.0689768055657844
SpectralClustering,"{'n_clusters': 8, 'affinity': 'nearest_neighbors', 'assign_labels': 'discretize', 'random_state': 6066, 'n_neighbors': 5}",0.2054835184354156,517.2564875721289,1.3890904240418416
SpectralClustering,"{'n_clusters': 8, 'affinity': 'nearest_neighbors', 'assign_labels': 'cluster_qr', 'random_state': 42, 'n_neighbors': 5}",0.3954771849120829,1092.3680896134108,1.0696715592086674
SpectralClustering,"{'n_clusters': 8, 'affinity': 'nearest_neighbors', 'assign_labels': 'cluster_qr', 'random_state': 123, 'n_neighbors': 5}",0.3954771849120829,1092.3680896134108,1.0696715592086674
SpectralClustering,"{'n_clusters': 8, 'affinity': 'nearest_neighbors', 'assign_labels': 'cluster_qr', 'random_state': 456, 'n_neighbors': 5}",0.3954771849120829,1092.3680896134108,1.0696715592086674
SpectralClustering,"{'n_clusters': 8, 'affinity': 'nearest_neighbors', 'assign_labels': 'cluster_qr', 'random_state': 789, 'n_neighbors': 5}",0.3954771849120829,1092.3680896134108,1.0696715592086674
SpectralClustering,"{'n_clusters': 8, 'affinity': 'nearest_neighbors', 'assign_labels': 'cluster_qr', 'random_state': 1011, 'n_neighbors': 5}",0.2191163127593927,749.0121045653656,1.7674145492231708
SpectralClustering,"{'n_clusters': 8, 'affinity': 'nearest_neighbors', 'assign_labels': 'cluster_qr', 'random_state': 2022, 'n_neighbors': 5}",0.3954771849120829,1092.3680896134108,1.0696715592086674
SpectralClustering,"{'n_clusters': 8, 'affinity': 'nearest_neighbors', 'assign_labels': 'cluster_qr', 'random_state': 3033, 'n_neighbors': 5}",0.3954771849120829,1092.3680896134108,1.0696715592086674
SpectralClustering,"{'n_clusters': 8, 'affinity': 'nearest_neighbors', 'assign_labels': 'cluster_qr', 'random_state': 4044, 'n_neighbors': 5}",0.3954771849120829,1092.3680896134108,1.0696715592086674
SpectralClustering,"{'n_clusters': 8, 'affinity': 'nearest_neighbors', 'assign_labels': 'cluster_qr', 'random_state': 5055, 'n_neighbors': 5}",0.3954771849120829,1092.3680896134108,1.0696715592086674
SpectralClustering,"{'n_clusters': 8, 'affinity': 'nearest_neighbors', 'assign_labels': 'cluster_qr', 'random_state': 6066, 'n_neighbors': 5}",0.18630246418422522,480.96630809201343,1.532198130208632
SpectralClustering,"{'n_clusters': 8, 'affinity': 'nearest_neighbors', 'assign_labels': 'kmeans', 'random_state': 42, 'n_neighbors': 10}",0.4050001828410409,1129.0163113867122,1.0705365211433917
SpectralClustering,"{'n_clusters': 8, 'affinity': 'nearest_neighbors', 'assign_labels': 'kmeans', 'random_state': 123, 'n_neighbors': 10}",0.2307144483801664,842.4355126817711,1.3142160274190537
SpectralClustering,"{'n_clusters': 8, 'affinity': 'nearest_neighbors', 'assign_labels': 'kmeans', 'random_state': 456, 'n_neighbors': 10}",0.22535541390357822,838.1018092599642,1.3084349277910958
SpectralClustering,"{'n_clusters': 8, 'affinity': 'nearest_neighbors', 'assign_labels': 'kmeans', 'random_state': 789, 'n_neighbors': 10}",0.4047512573695396,1127.6829903928885,1.0697241410031675
SpectralClustering,"{'n_clusters': 8, 'affinity': 'nearest_neighbors', 'assign_labels': 'kmeans', 'random_state': 1011, 'n_neighbors': 10}",0.4050001828410409,1129.0163113867118,1.0705365211433917
SpectralClustering,"{'n_clusters': 8, 'affinity': 'nearest_neighbors', 'assign_labels': 'kmeans', 'random_state': 2022, 'n_neighbors': 10}",0.22011091362392768,531.8177072023634,1.3730875543432979
SpectralClustering,"{'n_clusters': 8, 'affinity': 'nearest_neighbors', 'assign_labels': 'kmeans', 'random_state': 3033, 'n_neighbors': 10}",0.2361962974668784,597.3175693935887,1.2701225367801658
SpectralClustering,"{'n_clusters': 8, 'affinity': 'nearest_neighbors', 'assign_labels': 'kmeans', 'random_state': 4044, 'n_neighbors': 10}",0.4050001828410409,1129.0163113867122,1.0705365211433917
SpectralClustering,"{'n_clusters': 8, 'affinity': 'nearest_neighbors', 'assign_labels': 'kmeans', 'random_state': 5055, 'n_neighbors': 10}",0.4050001828410409,1129.0163113867122,1.0705365211433917
SpectralClustering,"{'n_clusters': 8, 'affinity': 'nearest_neighbors', 'assign_labels': 'kmeans', 'random_state': 6066, 'n_neighbors': 10}",0.4050001828410409,1129.0163113867122,1.0705365211433917
SpectralClustering,"{'n_clusters': 8, 'affinity': 'nearest_neighbors', 'assign_labels': 'discretize', 'random_state': 42, 'n_neighbors': 10}",0.2607674129695128,591.9327747919564,1.419252927281183
SpectralClustering,"{'n_clusters': 8, 'affinity': 'nearest_neighbors', 'assign_labels': 'discretize', 'random_state': 123, 'n_neighbors': 10}",0.23639971236610757,845.698683194663,1.3102328202326388
SpectralClustering,"{'n_clusters': 8, 'affinity': 'nearest_neighbors', 'assign_labels': 'discretize', 'random_state': 456, 'n_neighbors': 10}",0.23355394407394386,843.8228664488443,1.3143143902531482
SpectralClustering,"{'n_clusters': 8, 'affinity': 'nearest_neighbors', 'assign_labels': 'discretize', 'random_state': 789, 'n_neighbors': 10}",0.26974728719088087,606.6005182680865,1.5260241793695253
SpectralClustering,"{'n_clusters': 8, 'affinity': 'nearest_neighbors', 'assign_labels': 'discretize', 'random_state': 1011, 'n_neighbors': 10}",0.2668399105511094,733.968358492778,1.1823105826081606
SpectralClustering,"{'n_clusters': 8, 'affinity': 'nearest_neighbors', 'assign_labels': 'discretize', 'random_state': 2022, 'n_neighbors': 10}",0.21785360566234363,528.3493004654919,1.383418061954394
SpectralClustering,"{'n_clusters': 8, 'affinity': 'nearest_neighbors', 'assign_labels': 'discretize', 'random_state': 3033, 'n_neighbors': 10}",0.255800894612127,606.1497634090457,1.2825612607118426
SpectralClustering,"{'n_clusters': 8, 'affinity': 'nearest_neighbors', 'assign_labels': 'discretize', 'random_state': 4044, 'n_neighbors': 10}",0.26662436083018903,644.7257251752764,1.248995604672063
SpectralClustering,"{'n_clusters': 8, 'affinity': 'nearest_neighbors', 'assign_labels': 'discretize', 'random_state': 5055, 'n_neighbors': 10}",0.21724260220255376,527.6348496971557,1.382558324245176
SpectralClustering,"{'n_clusters': 8, 'affinity': 'nearest_neighbors', 'assign_labels': 'discretize', 'random_state': 6066, 'n_neighbors': 10}",0.26222944191338055,592.9134351836676,1.4251680889772143
SpectralClustering,"{'n_clusters': 8, 'affinity': 'nearest_neighbors', 'assign_labels': 'cluster_qr', 'random_state': 42, 'n_neighbors': 10}",0.23516666283842294,773.0364478515215,1.3082318208852806
SpectralClustering,"{'n_clusters': 8, 'affinity': 'nearest_neighbors', 'assign_labels': 'cluster_qr', 'random_state': 123, 'n_neighbors': 10}",0.23240563432172098,771.4289240971078,1.3150265372297119
SpectralClustering,"{'n_clusters': 8, 'affinity': 'nearest_neighbors', 'assign_labels': 'cluster_qr', 'random_state': 456, 'n_neighbors': 10}",0.24079053837250883,777.5998298377154,1.710900510929156
SpectralClustering,"{'n_clusters': 8, 'affinity': 'nearest_neighbors', 'assign_labels': 'cluster_qr', 'random_state': 789, 'n_neighbors': 10}",0.24079053837250883,777.5998298377154,1.710900510929156
SpectralClustering,"{'n_clusters': 8, 'affinity': 'nearest_neighbors', 'assign_labels': 'cluster_qr', 'random_state': 1011, 'n_neighbors': 10}",0.23513213774516478,760.2135288649058,1.7182830323596348
SpectralClustering,"{'n_clusters': 8, 'affinity': 'nearest_neighbors', 'assign_labels': 'cluster_qr', 'random_state': 2022, 'n_neighbors': 10}",0.24099009215316725,776.348585475011,1.722420974052018
SpectralClustering,"{'n_clusters': 8, 'affinity': 'nearest_neighbors', 'assign_labels': 'cluster_qr', 'random_state': 3033, 'n_neighbors': 10}",0.2174640045383298,528.120635315815,1.3810832911983317
SpectralClustering,"{'n_clusters': 8, 'affinity': 'nearest_neighbors', 'assign_labels': 'cluster_qr', 'random_state': 4044, 'n_neighbors': 10}",0.31568643864803886,985.7812324541184,1.0126190404962117
SpectralClustering,"{'n_clusters': 8, 'affinity': 'nearest_neighbors', 'assign_labels': 'cluster_qr', 'random_state': 5055, 'n_neighbors': 10}",0.22552724485273767,660.3780428146727,1.7312958973255526
SpectralClustering,"{'n_clusters': 8, 'affinity': 'nearest_neighbors', 'assign_labels': 'cluster_qr', 'random_state': 6066, 'n_neighbors': 10}",0.2440856976257914,747.9096486834023,1.3051131227821275
SpectralClustering,"{'n_clusters': 8, 'affinity': 'nearest_neighbors', 'assign_labels': 'kmeans', 'random_state': 42, 'n_neighbors': 15}",0.4056126238588927,1132.8445487324063,1.0675296844852684
SpectralClustering,"{'n_clusters': 8, 'affinity': 'nearest_neighbors', 'assign_labels': 'kmeans', 'random_state': 123, 'n_neighbors': 15}",0.22047132773974587,532.1090342518598,1.3710361801425373
SpectralClustering,"{'n_clusters': 8, 'affinity': 'nearest_neighbors', 'assign_labels': 'kmeans', 'random_state': 456, 'n_neighbors': 15}",0.22642630413043988,837.0635543322753,1.3099329904165231
SpectralClustering,"{'n_clusters': 8, 'affinity': 'nearest_neighbors', 'assign_labels': 'kmeans', 'random_state': 789, 'n_neighbors': 15}",0.22028408976498018,531.7006978580034,1.3709597243081881
SpectralClustering,"{'n_clusters': 8, 'affinity': 'nearest_neighbors', 'assign_labels': 'kmeans', 'random_state': 1011, 'n_neighbors': 15}",0.2201734307626655,531.3894346780576,1.37027149967497
SpectralClustering,"{'n_clusters': 8, 'affinity': 'nearest_neighbors', 'assign_labels': 'kmeans', 'random_state': 2022, 'n_neighbors': 15}",0.40535760040418956,1131.4820375739514,1.0667700025927578
SpectralClustering,"{'n_clusters': 8, 'affinity': 'nearest_neighbors', 'assign_labels': 'kmeans', 'random_state': 3033, 'n_neighbors': 15}",0.22044042838651004,532.0176505553685,1.3709158172464186
SpectralClustering,"{'n_clusters': 8, 'affinity': 'nearest_neighbors', 'assign_labels': 'kmeans', 'random_state': 4044, 'n_neighbors': 15}",0.2200770414153485,531.2081058028954,1.3697371379998775
SpectralClustering,"{'n_clusters': 8, 'affinity': 'nearest_neighbors', 'assign_labels': 'kmeans', 'random_state': 5055, 'n_neighbors': 15}",0.25306803748509704,718.2806661939602,1.3512417101854708
SpectralClustering,"{'n_clusters': 8, 'affinity': 'nearest_neighbors', 'assign_labels': 'kmeans', 'random_state': 6066, 'n_neighbors': 15}",0.22028408976498018,531.7006978580033,1.3709597243081881
SpectralClustering,"{'n_clusters': 8, 'affinity': 'nearest_neighbors', 'assign_labels': 'discretize', 'random_state': 42, 'n_neighbors': 15}",0.2838926189698232,745.9818415137746,1.3721802476713627
SpectralClustering,"{'n_clusters': 8, 'affinity': 'nearest_neighbors', 'assign_labels': 'discretize', 'random_state': 123, 'n_neighbors': 15}",0.21859354225394984,529.4010211944277,1.3808816578620438
SpectralClustering,"{'n_clusters': 8, 'affinity': 'nearest_neighbors', 'assign_labels': 'discretize', 'random_state': 456, 'n_neighbors': 15}",0.2356637497879849,848.0799748620827,1.3139882398807288
SpectralClustering,"{'n_clusters': 8, 'affinity': 'nearest_neighbors', 'assign_labels': 'discretize', 'random_state': 789, 'n_neighbors': 15}",0.26867206085715223,595.7086551125186,1.5286730435955125
SpectralClustering,"{'n_clusters': 8, 'affinity': 'nearest_neighbors', 'assign_labels': 'discretize', 'random_state': 1011, 'n_neighbors': 15}",0.26861471030192086,595.3854363804625,1.5290963484191713
SpectralClustering,"{'n_clusters': 8, 'affinity': 'nearest_neighbors', 'assign_labels': 'discretize', 'random_state': 2022, 'n_neighbors': 15}",0.2056944345425103,729.0771332384589,1.4368617908483317
SpectralClustering,"{'n_clusters': 8, 'affinity': 'nearest_neighbors', 'assign_labels': 'discretize', 'random_state': 3033, 'n_neighbors': 15}",0.21880849621493223,529.6025871148554,1.3807326603203571
SpectralClustering,"{'n_clusters': 8, 'affinity': 'nearest_neighbors', 'assign_labels': 'discretize', 'random_state': 4044, 'n_neighbors': 15}",0.2692829187777443,598.1212810351068,1.5289918103659892
SpectralClustering,"{'n_clusters': 8, 'affinity': 'nearest_neighbors', 'assign_labels': 'discretize', 'random_state': 5055, 'n_neighbors': 15}",0.2615359403761637,900.4917756556672,1.217189730811486
SpectralClustering,"{'n_clusters': 8, 'affinity': 'nearest_neighbors', 'assign_labels': 'discretize', 'random_state': 6066, 'n_neighbors': 15}",0.27917413695582377,712.678623064567,1.4053188562666619
SpectralClustering,"{'n_clusters': 8, 'affinity': 'nearest_neighbors', 'assign_labels': 'cluster_qr', 'random_state': 42, 'n_neighbors': 15}",0.3159756555520174,970.667711778062,1.010221191863049
SpectralClustering,"{'n_clusters': 8, 'affinity': 'nearest_neighbors', 'assign_labels': 'cluster_qr', 'random_state': 123, 'n_neighbors': 15}",0.23926042866372654,774.8243657522977,1.699475481053863
SpectralClustering,"{'n_clusters': 8, 'affinity': 'nearest_neighbors', 'assign_labels': 'cluster_qr', 'random_state': 456, 'n_neighbors': 15}",0.23942833030674032,776.7396290871083,1.7063025885594219
SpectralClustering,"{'n_clusters': 8, 'affinity': 'nearest_neighbors', 'assign_labels': 'cluster_qr', 'random_state': 789, 'n_neighbors': 15}",0.2051598725940543,514.7266194283361,1.6171603258825522
SpectralClustering,"{'n_clusters': 8, 'affinity': 'nearest_neighbors', 'assign_labels': 'cluster_qr', 'random_state': 1011, 'n_neighbors': 15}",0.21816514186508076,528.4251989626492,1.3764384858586294
SpectralClustering,"{'n_clusters': 8, 'affinity': 'nearest_neighbors', 'assign_labels': 'cluster_qr', 'random_state': 2022, 'n_neighbors': 15}",0.23942691782226777,773.7523214829685,1.707800901347528
SpectralClustering,"{'n_clusters': 8, 'affinity': 'nearest_neighbors', 'assign_labels': 'cluster_qr', 'random_state': 3033, 'n_neighbors': 15}",0.23959357307806775,773.8677527761115,1.7061383031461204
SpectralClustering,"{'n_clusters': 8, 'affinity': 'nearest_neighbors', 'assign_labels': 'cluster_qr', 'random_state': 4044, 'n_neighbors': 15}",0.2272527640637711,533.2001129101528,1.435607908655708
SpectralClustering,"{'n_clusters': 8, 'affinity': 'nearest_neighbors', 'assign_labels': 'cluster_qr', 'random_state': 5055, 'n_neighbors': 15}",0.2438483275262471,728.5237344713569,1.285489177551797
SpectralClustering,"{'n_clusters': 8, 'affinity': 'nearest_neighbors', 'assign_labels': 'cluster_qr', 'random_state': 6066, 'n_neighbors': 15}",0.22870756450441102,692.6934618116624,1.7248269408952355
SpectralClustering,"{'n_clusters': 8, 'affinity': 'nearest_neighbors', 'assign_labels': 'kmeans', 'random_state': 42, 'n_neighbors': 20}",0.40433733078344125,1128.8185078787158,1.0669482573213256
SpectralClustering,"{'n_clusters': 8, 'affinity': 'nearest_neighbors', 'assign_labels': 'kmeans', 'random_state': 123, 'n_neighbors': 20}",0.40433733078344125,1128.8185078787158,1.0669482573213256
SpectralClustering,"{'n_clusters': 8, 'affinity': 'nearest_neighbors', 'assign_labels': 'kmeans', 'random_state': 456, 'n_neighbors': 20}",0.40433733078344125,1128.8185078787158,1.0669482573213256
SpectralClustering,"{'n_clusters': 8, 'affinity': 'nearest_neighbors', 'assign_labels': 'kmeans', 'random_state': 789, 'n_neighbors': 20}",0.40429701606213136,1128.655203094322,1.066720829699328
SpectralClustering,"{'n_clusters': 8, 'affinity': 'nearest_neighbors', 'assign_labels': 'kmeans', 'random_state': 1011, 'n_neighbors': 20}",0.40433733078344125,1128.8185078787158,1.0669482573213256
SpectralClustering,"{'n_clusters': 8, 'affinity': 'nearest_neighbors', 'assign_labels': 'kmeans', 'random_state': 2022, 'n_neighbors': 20}",0.40433733078344125,1128.818507878716,1.0669482573213256
SpectralClustering,"{'n_clusters': 8, 'affinity': 'nearest_neighbors', 'assign_labels': 'kmeans', 'random_state': 3033, 'n_neighbors': 20}",0.40433733078344125,1128.8185078787155,1.0669482573213256
SpectralClustering,"{'n_clusters': 8, 'affinity': 'nearest_neighbors', 'assign_labels': 'kmeans', 'random_state': 4044, 'n_neighbors': 20}",0.40433733078344125,1128.8185078787155,1.0669482573213256
SpectralClustering,"{'n_clusters': 8, 'affinity': 'nearest_neighbors', 'assign_labels': 'kmeans', 'random_state': 5055, 'n_neighbors': 20}",0.40429701606213136,1128.6552030943215,1.066720829699328
SpectralClustering,"{'n_clusters': 8, 'affinity': 'nearest_neighbors', 'assign_labels': 'kmeans', 'random_state': 6066, 'n_neighbors': 20}",0.40433733078344125,1128.8185078787158,1.0669482573213256
SpectralClustering,"{'n_clusters': 8, 'affinity': 'nearest_neighbors', 'assign_labels': 'discretize', 'random_state': 42, 'n_neighbors': 20}",0.39803216657320845,1105.4177985610543,1.0671458685191506
SpectralClustering,"{'n_clusters': 8, 'affinity': 'nearest_neighbors', 'assign_labels': 'discretize', 'random_state': 123, 'n_neighbors': 20}",0.39803216657320845,1105.4177985610543,1.0671458685191506
SpectralClustering,"{'n_clusters': 8, 'affinity': 'nearest_neighbors', 'assign_labels': 'discretize', 'random_state': 456, 'n_neighbors': 20}",0.39803216657320845,1105.417798561054,1.0671458685191506
SpectralClustering,"{'n_clusters': 8, 'affinity': 'nearest_neighbors', 'assign_labels': 'discretize', 'random_state': 789, 'n_neighbors': 20}",0.39803216657320845,1105.4177985610545,1.0671458685191504
SpectralClustering,"{'n_clusters': 8, 'affinity': 'nearest_neighbors', 'assign_labels': 'discretize', 'random_state': 1011, 'n_neighbors': 20}",0.39803216657320845,1105.4177985610543,1.0671458685191506
SpectralClustering,"{'n_clusters': 8, 'affinity': 'nearest_neighbors', 'assign_labels': 'discretize', 'random_state': 2022, 'n_neighbors': 20}",0.39803216657320845,1105.417798561054,1.0671458685191506
SpectralClustering,"{'n_clusters': 8, 'affinity': 'nearest_neighbors', 'assign_labels': 'discretize', 'random_state': 3033, 'n_neighbors': 20}",0.39803216657320845,1105.417798561054,1.0671458685191504
SpectralClustering,"{'n_clusters': 8, 'affinity': 'nearest_neighbors', 'assign_labels': 'discretize', 'random_state': 4044, 'n_neighbors': 20}",0.39803216657320845,1105.4177985610543,1.0671458685191506
SpectralClustering,"{'n_clusters': 8, 'affinity': 'nearest_neighbors', 'assign_labels': 'discretize', 'random_state': 5055, 'n_neighbors': 20}",0.39803216657320845,1105.4177985610545,1.0671458685191504
SpectralClustering,"{'n_clusters': 8, 'affinity': 'nearest_neighbors', 'assign_labels': 'discretize', 'random_state': 6066, 'n_neighbors': 20}",0.39803216657320845,1105.417798561054,1.0671458685191504
SpectralClustering,"{'n_clusters': 8, 'affinity': 'nearest_neighbors', 'assign_labels': 'cluster_qr', 'random_state': 42, 'n_neighbors': 20}",0.39410129532798543,1091.8745256417155,1.0700957318027555
SpectralClustering,"{'n_clusters': 8, 'affinity': 'nearest_neighbors', 'assign_labels': 'cluster_qr', 'random_state': 123, 'n_neighbors': 20}",0.39410129532798543,1091.8745256417155,1.0700957318027555
SpectralClustering,"{'n_clusters': 8, 'affinity': 'nearest_neighbors', 'assign_labels': 'cluster_qr', 'random_state': 456, 'n_neighbors': 20}",0.39410129532798543,1091.8745256417155,1.0700957318027555
SpectralClustering,"{'n_clusters': 8, 'affinity': 'nearest_neighbors', 'assign_labels': 'cluster_qr', 'random_state': 789, 'n_neighbors': 20}",0.39410129532798543,1091.8745256417155,1.0700957318027555
SpectralClustering,"{'n_clusters': 8, 'affinity': 'nearest_neighbors', 'assign_labels': 'cluster_qr', 'random_state': 1011, 'n_neighbors': 20}",0.39410129532798543,1091.8745256417155,1.0700957318027555
SpectralClustering,"{'n_clusters': 8, 'affinity': 'nearest_neighbors', 'assign_labels': 'cluster_qr', 'random_state': 2022, 'n_neighbors': 20}",0.39410129532798543,1091.8745256417155,1.0700957318027555
SpectralClustering,"{'n_clusters': 8, 'affinity': 'nearest_neighbors', 'assign_labels': 'cluster_qr', 'random_state': 3033, 'n_neighbors': 20}",0.39410129532798543,1091.8745256417155,1.0700957318027555
SpectralClustering,"{'n_clusters': 8, 'affinity': 'nearest_neighbors', 'assign_labels': 'cluster_qr', 'random_state': 4044, 'n_neighbors': 20}",0.39410129532798543,1091.8745256417155,1.0700957318027555
SpectralClustering,"{'n_clusters': 8, 'affinity': 'nearest_neighbors', 'assign_labels': 'cluster_qr', 'random_state': 5055, 'n_neighbors': 20}",0.39410129532798543,1091.8745256417155,1.0700957318027555
SpectralClustering,"{'n_clusters': 8, 'affinity': 'nearest_neighbors', 'assign_labels': 'cluster_qr', 'random_state': 6066, 'n_neighbors': 20}",0.39410129532798543,1091.8745256417155,1.0700957318027555
SpectralClustering,"{'n_clusters': 8, 'affinity': 'nearest_neighbors', 'assign_labels': 'kmeans', 'random_state': 42, 'n_neighbors': 50}",0.32227337716692117,1006.286225340049,0.9914835486798703
SpectralClustering,"{'n_clusters': 8, 'affinity': 'nearest_neighbors', 'assign_labels': 'kmeans', 'random_state': 123, 'n_neighbors': 50}",0.32227337716692117,1006.2862253400486,0.9914835486798702
SpectralClustering,"{'n_clusters': 8, 'affinity': 'nearest_neighbors', 'assign_labels': 'kmeans', 'random_state': 456, 'n_neighbors': 50}",0.32227337716692117,1006.2862253400488,0.9914835486798703
SpectralClustering,"{'n_clusters': 8, 'affinity': 'nearest_neighbors', 'assign_labels': 'kmeans', 'random_state': 789, 'n_neighbors': 50}",0.32227337716692117,1006.2862253400486,0.9914835486798703
SpectralClustering,"{'n_clusters': 8, 'affinity': 'nearest_neighbors', 'assign_labels': 'kmeans', 'random_state': 1011, 'n_neighbors': 50}",0.32227337716692117,1006.2862253400486,0.9914835486798702
SpectralClustering,"{'n_clusters': 8, 'affinity': 'nearest_neighbors', 'assign_labels': 'kmeans', 'random_state': 2022, 'n_neighbors': 50}",0.32227337716692117,1006.2862253400491,0.9914835486798702
SpectralClustering,"{'n_clusters': 8, 'affinity': 'nearest_neighbors', 'assign_labels': 'kmeans', 'random_state': 3033, 'n_neighbors': 50}",0.32227337716692117,1006.2862253400486,0.9914835486798703
SpectralClustering,"{'n_clusters': 8, 'affinity': 'nearest_neighbors', 'assign_labels': 'kmeans', 'random_state': 4044, 'n_neighbors': 50}",0.32227337716692117,1006.2862253400485,0.9914835486798702
SpectralClustering,"{'n_clusters': 8, 'affinity': 'nearest_neighbors', 'assign_labels': 'kmeans', 'random_state': 5055, 'n_neighbors': 50}",0.32227337716692117,1006.2862253400488,0.9914835486798702
SpectralClustering,"{'n_clusters': 8, 'affinity': 'nearest_neighbors', 'assign_labels': 'kmeans', 'random_state': 6066, 'n_neighbors': 50}",0.32227337716692117,1006.2862253400486,0.9914835486798703
SpectralClustering,"{'n_clusters': 8, 'affinity': 'nearest_neighbors', 'assign_labels': 'discretize', 'random_state': 42, 'n_neighbors': 50}",0.3199002612848308,995.7963803125358,0.9988474060248114
SpectralClustering,"{'n_clusters': 8, 'affinity': 'nearest_neighbors', 'assign_labels': 'discretize', 'random_state': 123, 'n_neighbors': 50}",0.3199002612848308,995.7963803125358,0.9988474060248114
SpectralClustering,"{'n_clusters': 8, 'affinity': 'nearest_neighbors', 'assign_labels': 'discretize', 'random_state': 456, 'n_neighbors': 50}",0.3199002612848308,995.7963803125356,0.9988474060248114
SpectralClustering,"{'n_clusters': 8, 'affinity': 'nearest_neighbors', 'assign_labels': 'discretize', 'random_state': 789, 'n_neighbors': 50}",0.3199002612848308,995.7963803125359,0.9988474060248114
SpectralClustering,"{'n_clusters': 8, 'affinity': 'nearest_neighbors', 'assign_labels': 'discretize', 'random_state': 1011, 'n_neighbors': 50}",0.3199002612848308,995.7963803125359,0.9988474060248114
SpectralClustering,"{'n_clusters': 8, 'affinity': 'nearest_neighbors', 'assign_labels': 'discretize', 'random_state': 2022, 'n_neighbors': 50}",0.3199002612848308,995.7963803125358,0.9988474060248114
SpectralClustering,"{'n_clusters': 8, 'affinity': 'nearest_neighbors', 'assign_labels': 'discretize', 'random_state': 3033, 'n_neighbors': 50}",0.3199002612848308,995.7963803125359,0.9988474060248114
SpectralClustering,"{'n_clusters': 8, 'affinity': 'nearest_neighbors', 'assign_labels': 'discretize', 'random_state': 4044, 'n_neighbors': 50}",0.3199002612848308,995.7963803125358,0.9988474060248114
SpectralClustering,"{'n_clusters': 8, 'affinity': 'nearest_neighbors', 'assign_labels': 'discretize', 'random_state': 5055, 'n_neighbors': 50}",0.3199002612848308,995.7963803125358,0.9988474060248114
SpectralClustering,"{'n_clusters': 8, 'affinity': 'nearest_neighbors', 'assign_labels': 'discretize', 'random_state': 6066, 'n_neighbors': 50}",0.3199002612848308,995.7963803125358,0.9988474060248114
SpectralClustering,"{'n_clusters': 8, 'affinity': 'nearest_neighbors', 'assign_labels': 'cluster_qr', 'random_state': 42, 'n_neighbors': 50}",0.3198293745777132,995.5965061733245,1.000831439731632
SpectralClustering,"{'n_clusters': 8, 'affinity': 'nearest_neighbors', 'assign_labels': 'cluster_qr', 'random_state': 123, 'n_neighbors': 50}",0.3198293745777132,995.5965061733245,1.000831439731632
SpectralClustering,"{'n_clusters': 8, 'affinity': 'nearest_neighbors', 'assign_labels': 'cluster_qr', 'random_state': 456, 'n_neighbors': 50}",0.3198293745777132,995.5965061733245,1.000831439731632
SpectralClustering,"{'n_clusters': 8, 'affinity': 'nearest_neighbors', 'assign_labels': 'cluster_qr', 'random_state': 789, 'n_neighbors': 50}",0.3198293745777132,995.5965061733245,1.000831439731632
SpectralClustering,"{'n_clusters': 8, 'affinity': 'nearest_neighbors', 'assign_labels': 'cluster_qr', 'random_state': 1011, 'n_neighbors': 50}",0.3198293745777132,995.5965061733245,1.000831439731632
SpectralClustering,"{'n_clusters': 8, 'affinity': 'nearest_neighbors', 'assign_labels': 'cluster_qr', 'random_state': 2022, 'n_neighbors': 50}",0.3198293745777132,995.5965061733245,1.000831439731632
SpectralClustering,"{'n_clusters': 8, 'affinity': 'nearest_neighbors', 'assign_labels': 'cluster_qr', 'random_state': 3033, 'n_neighbors': 50}",0.3198293745777132,995.5965061733245,1.000831439731632
SpectralClustering,"{'n_clusters': 8, 'affinity': 'nearest_neighbors', 'assign_labels': 'cluster_qr', 'random_state': 4044, 'n_neighbors': 50}",0.3198293745777132,995.5965061733245,1.000831439731632
SpectralClustering,"{'n_clusters': 8, 'affinity': 'nearest_neighbors', 'assign_labels': 'cluster_qr', 'random_state': 5055, 'n_neighbors': 50}",0.3198293745777132,995.5965061733245,1.000831439731632
SpectralClustering,"{'n_clusters': 8, 'affinity': 'nearest_neighbors', 'assign_labels': 'cluster_qr', 'random_state': 6066, 'n_neighbors': 50}",0.3198293745777132,995.5965061733245,1.000831439731632
SpectralClustering,"{'n_clusters': 8, 'affinity': 'nearest_neighbors', 'assign_labels': 'kmeans', 'random_state': 42, 'n_neighbors': 100}",0.32489089877489596,1020.4054118627874,0.9969832653592254
SpectralClustering,"{'n_clusters': 8, 'affinity': 'nearest_neighbors', 'assign_labels': 'kmeans', 'random_state': 123, 'n_neighbors': 100}",0.3249023381116488,1020.4063837495976,0.996956955860543
SpectralClustering,"{'n_clusters': 8, 'affinity': 'nearest_neighbors', 'assign_labels': 'kmeans', 'random_state': 456, 'n_neighbors': 100}",0.3249023381116488,1020.4063837495976,0.9969569558605431
SpectralClustering,"{'n_clusters': 8, 'affinity': 'nearest_neighbors', 'assign_labels': 'kmeans', 'random_state': 789, 'n_neighbors': 100}",0.3249023381116488,1020.4063837495974,0.9969569558605431
SpectralClustering,"{'n_clusters': 8, 'affinity': 'nearest_neighbors', 'assign_labels': 'kmeans', 'random_state': 1011, 'n_neighbors': 100}",0.32481976372833726,1020.5458353037626,0.9975170514228084
SpectralClustering,"{'n_clusters': 8, 'affinity': 'nearest_neighbors', 'assign_labels': 'kmeans', 'random_state': 2022, 'n_neighbors': 100}",0.32489089877489596,1020.4054118627874,0.9969832653592254
SpectralClustering,"{'n_clusters': 8, 'affinity': 'nearest_neighbors', 'assign_labels': 'kmeans', 'random_state': 3033, 'n_neighbors': 100}",0.32481976372833726,1020.5458353037627,0.9975170514228084
SpectralClustering,"{'n_clusters': 8, 'affinity': 'nearest_neighbors', 'assign_labels': 'kmeans', 'random_state': 4044, 'n_neighbors': 100}",0.32489089877489596,1020.4054118627874,0.9969832653592254
SpectralClustering,"{'n_clusters': 8, 'affinity': 'nearest_neighbors', 'assign_labels': 'kmeans', 'random_state': 5055, 'n_neighbors': 100}",0.3249023381116488,1020.4063837495976,0.9969569558605431
SpectralClustering,"{'n_clusters': 8, 'affinity': 'nearest_neighbors', 'assign_labels': 'kmeans', 'random_state': 6066, 'n_neighbors': 100}",0.32481976372833726,1020.5458353037626,0.9975170514228084
SpectralClustering,"{'n_clusters': 8, 'affinity': 'nearest_neighbors', 'assign_labels': 'discretize', 'random_state': 42, 'n_neighbors': 100}",0.3222964589150293,1011.5294616082127,1.0026028699010774
SpectralClustering,"{'n_clusters': 8, 'affinity': 'nearest_neighbors', 'assign_labels': 'discretize', 'random_state': 123, 'n_neighbors': 100}",0.3222964589150293,1011.5294616082127,1.0026028699010774
SpectralClustering,"{'n_clusters': 8, 'affinity': 'nearest_neighbors', 'assign_labels': 'discretize', 'random_state': 456, 'n_neighbors': 100}",0.3222964589150293,1011.5294616082128,1.0026028699010774
SpectralClustering,"{'n_clusters': 8, 'affinity': 'nearest_neighbors', 'assign_labels': 'discretize', 'random_state': 789, 'n_neighbors': 100}",0.3222964589150293,1011.5294616082128,1.0026028699010774
SpectralClustering,"{'n_clusters': 8, 'affinity': 'nearest_neighbors', 'assign_labels': 'discretize', 'random_state': 1011, 'n_neighbors': 100}",0.3222964589150293,1011.5294616082127,1.0026028699010774
SpectralClustering,"{'n_clusters': 8, 'affinity': 'nearest_neighbors', 'assign_labels': 'discretize', 'random_state': 2022, 'n_neighbors': 100}",0.3222964589150293,1011.5294616082128,1.0026028699010774
SpectralClustering,"{'n_clusters': 8, 'affinity': 'nearest_neighbors', 'assign_labels': 'discretize', 'random_state': 3033, 'n_neighbors': 100}",0.3222964589150293,1011.5294616082128,1.0026028699010774
SpectralClustering,"{'n_clusters': 8, 'affinity': 'nearest_neighbors', 'assign_labels': 'discretize', 'random_state': 4044, 'n_neighbors': 100}",0.3222964589150293,1011.5294616082127,1.0026028699010774
SpectralClustering,"{'n_clusters': 8, 'affinity': 'nearest_neighbors', 'assign_labels': 'discretize', 'random_state': 5055, 'n_neighbors': 100}",0.3222964589150293,1011.5294616082127,1.0026028699010774
SpectralClustering,"{'n_clusters': 8, 'affinity': 'nearest_neighbors', 'assign_labels': 'discretize', 'random_state': 6066, 'n_neighbors': 100}",0.3222964589150293,1011.5294616082128,1.0026028699010774
SpectralClustering,"{'n_clusters': 8, 'affinity': 'nearest_neighbors', 'assign_labels': 'cluster_qr', 'random_state': 42, 'n_neighbors': 100}",0.3220821264673708,1009.0760461697546,1.0051618185792501
SpectralClustering,"{'n_clusters': 8, 'affinity': 'nearest_neighbors', 'assign_labels': 'cluster_qr', 'random_state': 123, 'n_neighbors': 100}",0.3220821264673708,1009.0760461697546,1.0051618185792501
SpectralClustering,"{'n_clusters': 8, 'affinity': 'nearest_neighbors', 'assign_labels': 'cluster_qr', 'random_state': 456, 'n_neighbors': 100}",0.3220821264673708,1009.0760461697546,1.0051618185792501
SpectralClustering,"{'n_clusters': 8, 'affinity': 'nearest_neighbors', 'assign_labels': 'cluster_qr', 'random_state': 789, 'n_neighbors': 100}",0.3220821264673708,1009.0760461697546,1.0051618185792501
SpectralClustering,"{'n_clusters': 8, 'affinity': 'nearest_neighbors', 'assign_labels': 'cluster_qr', 'random_state': 1011, 'n_neighbors': 100}",0.3220821264673708,1009.0760461697546,1.0051618185792501
SpectralClustering,"{'n_clusters': 8, 'affinity': 'nearest_neighbors', 'assign_labels': 'cluster_qr', 'random_state': 2022, 'n_neighbors': 100}",0.3220821264673708,1009.0760461697546,1.0051618185792501
SpectralClustering,"{'n_clusters': 8, 'affinity': 'nearest_neighbors', 'assign_labels': 'cluster_qr', 'random_state': 3033, 'n_neighbors': 100}",0.3220821264673708,1009.0760461697546,1.0051618185792501
SpectralClustering,"{'n_clusters': 8, 'affinity': 'nearest_neighbors', 'assign_labels': 'cluster_qr', 'random_state': 4044, 'n_neighbors': 100}",0.3220821264673708,1009.0760461697546,1.0051618185792501
SpectralClustering,"{'n_clusters': 8, 'affinity': 'nearest_neighbors', 'assign_labels': 'cluster_qr', 'random_state': 5055, 'n_neighbors': 100}",0.3220821264673708,1009.0760461697546,1.0051618185792501
SpectralClustering,"{'n_clusters': 8, 'affinity': 'nearest_neighbors', 'assign_labels': 'cluster_qr', 'random_state': 6066, 'n_neighbors': 100}",0.3220821264673708,1009.0760461697546,1.0051618185792501
SpectralClustering,"{'n_clusters': 8, 'affinity': 'polynomial', 'assign_labels': 'kmeans', 'random_state': 42}",-0.024967137814210796,132.2453354823219,1.7684345966757644
SpectralClustering,"{'n_clusters': 8, 'affinity': 'polynomial', 'assign_labels': 'kmeans', 'random_state': 123}",-0.024856699439430908,132.29704648358944,1.7699254593974665
SpectralClustering,"{'n_clusters': 8, 'affinity': 'polynomial', 'assign_labels': 'kmeans', 'random_state': 456}",-0.024967137814210796,132.2453354823219,1.7684345966757644
SpectralClustering,"{'n_clusters': 8, 'affinity': 'polynomial', 'assign_labels': 'kmeans', 'random_state': 789}",-0.024967137814210796,132.24533548232193,1.7684345966757644
SpectralClustering,"{'n_clusters': 8, 'affinity': 'polynomial', 'assign_labels': 'kmeans', 'random_state': 1011}",-0.024967137814210796,132.24533548232193,1.7684345966757644
SpectralClustering,"{'n_clusters': 8, 'affinity': 'polynomial', 'assign_labels': 'kmeans', 'random_state': 2022}",-0.021413980814215215,133.72095154499468,1.7277052316683381
SpectralClustering,"{'n_clusters': 8, 'affinity': 'polynomial', 'assign_labels': 'kmeans', 'random_state': 3033}",-0.024967137814210796,132.24533548232193,1.7684345966757644
SpectralClustering,"{'n_clusters': 8, 'affinity': 'polynomial', 'assign_labels': 'kmeans', 'random_state': 4044}",-0.024967137814210796,132.24533548232193,1.7684345966757644
SpectralClustering,"{'n_clusters': 8, 'affinity': 'polynomial', 'assign_labels': 'kmeans', 'random_state': 5055}",-0.024967137814210796,132.24533548232193,1.7684345966757644
SpectralClustering,"{'n_clusters': 8, 'affinity': 'polynomial', 'assign_labels': 'kmeans', 'random_state': 6066}",-0.024929500363034252,132.2441943187347,1.7699767289462747
SpectralClustering,"{'n_clusters': 8, 'affinity': 'polynomial', 'assign_labels': 'discretize', 'random_state': 42}",0.24127490808288132,780.5264864634684,1.0708483835673728
SpectralClustering,"{'n_clusters': 8, 'affinity': 'polynomial', 'assign_labels': 'discretize', 'random_state': 123}",0.18948778429883378,659.8008616060948,1.0423539081745736
SpectralClustering,"{'n_clusters': 8, 'affinity': 'polynomial', 'assign_labels': 'discretize', 'random_state': 456}",0.22941258991208693,788.2483293389876,1.148964144389694
SpectralClustering,"{'n_clusters': 8, 'affinity': 'polynomial', 'assign_labels': 'discretize', 'random_state': 789}",0.228628602407982,789.3190772757156,1.147856832595934
SpectralClustering,"{'n_clusters': 8, 'affinity': 'polynomial', 'assign_labels': 'discretize', 'random_state': 1011}",0.21811364775502606,728.7949431361499,1.4471218688602814
SpectralClustering,"{'n_clusters': 8, 'affinity': 'polynomial', 'assign_labels': 'discretize', 'random_state': 2022}",0.2109936254872523,788.3996118582381,1.1192538616896437
SpectralClustering,"{'n_clusters': 8, 'affinity': 'polynomial', 'assign_labels': 'discretize', 'random_state': 3033}",0.22387944431823378,716.7737581213031,1.6374623804214263
SpectralClustering,"{'n_clusters': 8, 'affinity': 'polynomial', 'assign_labels': 'discretize', 'random_state': 4044}",0.22425972805148642,717.4527499092094,1.637936827513359
SpectralClustering,"{'n_clusters': 8, 'affinity': 'polynomial', 'assign_labels': 'discretize', 'random_state': 5055}",0.2238083098816538,715.3521684019395,1.6409829014029444
SpectralClustering,"{'n_clusters': 8, 'affinity': 'polynomial', 'assign_labels': 'discretize', 'random_state': 6066}",0.24167088756420785,781.9037338155839,1.0701088814726718
SpectralClustering,"{'n_clusters': 8, 'affinity': 'polynomial', 'assign_labels': 'cluster_qr', 'random_state': 42}",0.2899663861344223,848.7906684345014,1.1759903351851044
SpectralClustering,"{'n_clusters': 8, 'affinity': 'polynomial', 'assign_labels': 'cluster_qr', 'random_state': 123}",0.2899663861344223,848.7906684345014,1.1759903351851044
SpectralClustering,"{'n_clusters': 8, 'affinity': 'polynomial', 'assign_labels': 'cluster_qr', 'random_state': 456}",0.2899663861344223,848.7906684345014,1.1759903351851044
SpectralClustering,"{'n_clusters': 8, 'affinity': 'polynomial', 'assign_labels': 'cluster_qr', 'random_state': 789}",0.2899663861344223,848.7906684345014,1.1759903351851044
SpectralClustering,"{'n_clusters': 8, 'affinity': 'polynomial', 'assign_labels': 'cluster_qr', 'random_state': 1011}",0.2899663861344223,848.7906684345014,1.1759903351851044
SpectralClustering,"{'n_clusters': 8, 'affinity': 'polynomial', 'assign_labels': 'cluster_qr', 'random_state': 2022}",0.2899663861344223,848.7906684345014,1.1759903351851044
SpectralClustering,"{'n_clusters': 8, 'affinity': 'polynomial', 'assign_labels': 'cluster_qr', 'random_state': 3033}",0.2899663861344223,848.7906684345014,1.1759903351851044
SpectralClustering,"{'n_clusters': 8, 'affinity': 'polynomial', 'assign_labels': 'cluster_qr', 'random_state': 4044}",0.2899663861344223,848.7906684345014,1.1759903351851044
SpectralClustering,"{'n_clusters': 8, 'affinity': 'polynomial', 'assign_labels': 'cluster_qr', 'random_state': 5055}",0.2899663861344223,848.7906684345014,1.1759903351851044
SpectralClustering,"{'n_clusters': 8, 'affinity': 'polynomial', 'assign_labels': 'cluster_qr', 'random_state': 6066}",0.2899663861344223,848.7906684345014,1.1759903351851044
SpectralClustering,"{'n_clusters': 8, 'affinity': 'poly', 'assign_labels': 'kmeans', 'random_state': 42}",-0.024967137814210796,132.2453354823219,1.7684345966757644
SpectralClustering,"{'n_clusters': 8, 'affinity': 'poly', 'assign_labels': 'kmeans', 'random_state': 123}",-0.024856699439430908,132.29704648358944,1.7699254593974665
SpectralClustering,"{'n_clusters': 8, 'affinity': 'poly', 'assign_labels': 'kmeans', 'random_state': 456}",-0.024967137814210796,132.2453354823219,1.7684345966757644
SpectralClustering,"{'n_clusters': 8, 'affinity': 'poly', 'assign_labels': 'kmeans', 'random_state': 789}",-0.024967137814210796,132.24533548232193,1.7684345966757644
SpectralClustering,"{'n_clusters': 8, 'affinity': 'poly', 'assign_labels': 'kmeans', 'random_state': 1011}",-0.024967137814210796,132.24533548232193,1.7684345966757644
SpectralClustering,"{'n_clusters': 8, 'affinity': 'poly', 'assign_labels': 'kmeans', 'random_state': 2022}",-0.021413980814215215,133.72095154499468,1.7277052316683381
SpectralClustering,"{'n_clusters': 8, 'affinity': 'poly', 'assign_labels': 'kmeans', 'random_state': 3033}",-0.024967137814210796,132.24533548232193,1.7684345966757644
SpectralClustering,"{'n_clusters': 8, 'affinity': 'poly', 'assign_labels': 'kmeans', 'random_state': 4044}",-0.024967137814210796,132.24533548232193,1.7684345966757644
SpectralClustering,"{'n_clusters': 8, 'affinity': 'poly', 'assign_labels': 'kmeans', 'random_state': 5055}",-0.024967137814210796,132.24533548232193,1.7684345966757644
SpectralClustering,"{'n_clusters': 8, 'affinity': 'poly', 'assign_labels': 'kmeans', 'random_state': 6066}",-0.024929500363034252,132.2441943187347,1.7699767289462747
SpectralClustering,"{'n_clusters': 8, 'affinity': 'poly', 'assign_labels': 'discretize', 'random_state': 42}",0.24127490808288132,780.5264864634684,1.0708483835673728
SpectralClustering,"{'n_clusters': 8, 'affinity': 'poly', 'assign_labels': 'discretize', 'random_state': 123}",0.18948778429883378,659.8008616060948,1.0423539081745736
SpectralClustering,"{'n_clusters': 8, 'affinity': 'poly', 'assign_labels': 'discretize', 'random_state': 456}",0.22941258991208693,788.2483293389876,1.148964144389694
SpectralClustering,"{'n_clusters': 8, 'affinity': 'poly', 'assign_labels': 'discretize', 'random_state': 789}",0.228628602407982,789.3190772757156,1.147856832595934
SpectralClustering,"{'n_clusters': 8, 'affinity': 'poly', 'assign_labels': 'discretize', 'random_state': 1011}",0.21811364775502606,728.7949431361499,1.4471218688602814
SpectralClustering,"{'n_clusters': 8, 'affinity': 'poly', 'assign_labels': 'discretize', 'random_state': 2022}",0.2109936254872523,788.3996118582381,1.1192538616896437
SpectralClustering,"{'n_clusters': 8, 'affinity': 'poly', 'assign_labels': 'discretize', 'random_state': 3033}",0.22387944431823378,716.7737581213031,1.6374623804214263
SpectralClustering,"{'n_clusters': 8, 'affinity': 'poly', 'assign_labels': 'discretize', 'random_state': 4044}",0.22425972805148642,717.4527499092094,1.637936827513359
SpectralClustering,"{'n_clusters': 8, 'affinity': 'poly', 'assign_labels': 'discretize', 'random_state': 5055}",0.2238083098816538,715.3521684019395,1.6409829014029444
SpectralClustering,"{'n_clusters': 8, 'affinity': 'poly', 'assign_labels': 'discretize', 'random_state': 6066}",0.24167088756420785,781.9037338155839,1.0701088814726718
SpectralClustering,"{'n_clusters': 8, 'affinity': 'poly', 'assign_labels': 'cluster_qr', 'random_state': 42}",0.2899663861344223,848.7906684345014,1.1759903351851044
SpectralClustering,"{'n_clusters': 8, 'affinity': 'poly', 'assign_labels': 'cluster_qr', 'random_state': 123}",0.2899663861344223,848.7906684345014,1.1759903351851044
SpectralClustering,"{'n_clusters': 8, 'affinity': 'poly', 'assign_labels': 'cluster_qr', 'random_state': 456}",0.2899663861344223,848.7906684345014,1.1759903351851044
SpectralClustering,"{'n_clusters': 8, 'affinity': 'poly', 'assign_labels': 'cluster_qr', 'random_state': 789}",0.2899663861344223,848.7906684345014,1.1759903351851044
SpectralClustering,"{'n_clusters': 8, 'affinity': 'poly', 'assign_labels': 'cluster_qr', 'random_state': 1011}",0.2899663861344223,848.7906684345014,1.1759903351851044
SpectralClustering,"{'n_clusters': 8, 'affinity': 'poly', 'assign_labels': 'cluster_qr', 'random_state': 2022}",0.2899663861344223,848.7906684345014,1.1759903351851044
SpectralClustering,"{'n_clusters': 8, 'affinity': 'poly', 'assign_labels': 'cluster_qr', 'random_state': 3033}",0.2899663861344223,848.7906684345014,1.1759903351851044
SpectralClustering,"{'n_clusters': 8, 'affinity': 'poly', 'assign_labels': 'cluster_qr', 'random_state': 4044}",0.2899663861344223,848.7906684345014,1.1759903351851044
SpectralClustering,"{'n_clusters': 8, 'affinity': 'poly', 'assign_labels': 'cluster_qr', 'random_state': 5055}",0.2899663861344223,848.7906684345014,1.1759903351851044
SpectralClustering,"{'n_clusters': 8, 'affinity': 'poly', 'assign_labels': 'cluster_qr', 'random_state': 6066}",0.2899663861344223,848.7906684345014,1.1759903351851044
SpectralClustering,"{'n_clusters': 8, 'affinity': 'sigmoid', 'assign_labels': 'kmeans', 'random_state': 42}",0.05095797044302697,268.8647081358488,2.8233711622490656
SpectralClustering,"{'n_clusters': 8, 'affinity': 'sigmoid', 'assign_labels': 'kmeans', 'random_state': 123}",0.052118974942371235,271.86857454930674,2.7913514367096086
SpectralClustering,"{'n_clusters': 8, 'affinity': 'sigmoid', 'assign_labels': 'kmeans', 'random_state': 456}",0.04651291336699124,267.18671098313985,2.808125792980486
SpectralClustering,"{'n_clusters': 8, 'affinity': 'sigmoid', 'assign_labels': 'kmeans', 'random_state': 789}",0.04758885610424503,267.16449333413755,2.808207052345776
SpectralClustering,"{'n_clusters': 8, 'affinity': 'sigmoid', 'assign_labels': 'kmeans', 'random_state': 1011}",0.04312128029966283,267.1414388038213,2.8077472167403146
SpectralClustering,"{'n_clusters': 8, 'affinity': 'sigmoid', 'assign_labels': 'kmeans', 'random_state': 2022}",0.05056342583519007,268.7800611875669,2.8245508313800642
SpectralClustering,"{'n_clusters': 8, 'affinity': 'sigmoid', 'assign_labels': 'kmeans', 'random_state': 3033}",0.046721673791098074,267.913055749075,2.812566684184175
SpectralClustering,"{'n_clusters': 8, 'affinity': 'sigmoid', 'assign_labels': 'kmeans', 'random_state': 4044}",0.05213625159784473,275.4772246087569,2.638699293530276
SpectralClustering,"{'n_clusters': 8, 'affinity': 'sigmoid', 'assign_labels': 'kmeans', 'random_state': 5055}",0.04730055763511405,266.198204179235,2.817812184960636
SpectralClustering,"{'n_clusters': 8, 'affinity': 'sigmoid', 'assign_labels': 'kmeans', 'random_state': 6066}",0.05213625159784473,275.4772246087569,2.6386992935302755
SpectralClustering,"{'n_clusters': 8, 'affinity': 'sigmoid', 'assign_labels': 'discretize', 'random_state': 42}",0.0651631277322557,297.3934222028114,2.3818268858877403
SpectralClustering,"{'n_clusters': 8, 'affinity': 'sigmoid', 'assign_labels': 'discretize', 'random_state': 123}",0.10792553881802633,317.83790062302035,3.037423369494711
SpectralClustering,"{'n_clusters': 8, 'affinity': 'sigmoid', 'assign_labels': 'discretize', 'random_state': 456}",0.062379261767777944,294.2917887373365,2.3177650583470077
SpectralClustering,"{'n_clusters': 8, 'affinity': 'sigmoid', 'assign_labels': 'discretize', 'random_state': 789}",0.06497490021307724,297.37580372685346,2.387764046500856
SpectralClustering,"{'n_clusters': 8, 'affinity': 'sigmoid', 'assign_labels': 'discretize', 'random_state': 1011}",0.07495770290480075,313.5086804978504,2.7389686413652012
SpectralClustering,"{'n_clusters': 8, 'affinity': 'sigmoid', 'assign_labels': 'discretize', 'random_state': 2022}",0.08197267850212203,322.2337278830912,2.464249234030961
SpectralClustering,"{'n_clusters': 8, 'affinity': 'sigmoid', 'assign_labels': 'discretize', 'random_state': 3033}",0.05577521407525767,286.6009340109602,2.3649071118486176
SpectralClustering,"{'n_clusters': 8, 'affinity': 'sigmoid', 'assign_labels': 'discretize', 'random_state': 4044}",0.06530206050961798,296.9775215239779,2.38341151046179
SpectralClustering,"{'n_clusters': 8, 'affinity': 'sigmoid', 'assign_labels': 'discretize', 'random_state': 5055}",0.09365193380750216,308.0236680733838,2.816362346012743
SpectralClustering,"{'n_clusters': 8, 'affinity': 'sigmoid', 'assign_labels': 'discretize', 'random_state': 6066}",0.0643752749338367,298.59732997267884,2.421557623894101
SpectralClustering,"{'n_clusters': 8, 'affinity': 'sigmoid', 'assign_labels': 'cluster_qr', 'random_state': 42}",0.03321311521459919,162.36347192189731,3.5041214999238655
SpectralClustering,"{'n_clusters': 8, 'affinity': 'sigmoid', 'assign_labels': 'cluster_qr', 'random_state': 123}",0.03321311521459919,162.36347192189731,3.5041214999238655
SpectralClustering,"{'n_clusters': 8, 'affinity': 'sigmoid', 'assign_labels': 'cluster_qr', 'random_state': 456}",0.03321311521459919,162.36347192189731,3.5041214999238655
SpectralClustering,"{'n_clusters': 8, 'affinity': 'sigmoid', 'assign_labels': 'cluster_qr', 'random_state': 789}",0.03321311521459919,162.36347192189731,3.5041214999238655
SpectralClustering,"{'n_clusters': 8, 'affinity': 'sigmoid', 'assign_labels': 'cluster_qr', 'random_state': 1011}",0.03321311521459919,162.36347192189731,3.5041214999238655
SpectralClustering,"{'n_clusters': 8, 'affinity': 'sigmoid', 'assign_labels': 'cluster_qr', 'random_state': 2022}",0.03321311521459919,162.36347192189731,3.5041214999238655
SpectralClustering,"{'n_clusters': 8, 'affinity': 'sigmoid', 'assign_labels': 'cluster_qr', 'random_state': 3033}",0.03321311521459919,162.36347192189731,3.5041214999238655
SpectralClustering,"{'n_clusters': 8, 'affinity': 'sigmoid', 'assign_labels': 'cluster_qr', 'random_state': 4044}",0.03321311521459919,162.36347192189731,3.5041214999238655
SpectralClustering,"{'n_clusters': 8, 'affinity': 'sigmoid', 'assign_labels': 'cluster_qr', 'random_state': 5055}",0.03321311521459919,162.36347192189731,3.5041214999238655
SpectralClustering,"{'n_clusters': 8, 'affinity': 'sigmoid', 'assign_labels': 'cluster_qr', 'random_state': 6066}",0.03321311521459919,162.36347192189731,3.5041214999238655
SpectralClustering,"{'n_clusters': 9, 'affinity': 'rbf', 'assign_labels': 'kmeans', 'random_state': 42}",0.3580090702519108,439.90640773290045,1.0672405480186333
SpectralClustering,"{'n_clusters': 9, 'affinity': 'rbf', 'assign_labels': 'kmeans', 'random_state': 123}",0.3580090702519108,439.90640773290056,1.0672405480186333
SpectralClustering,"{'n_clusters': 9, 'affinity': 'rbf', 'assign_labels': 'kmeans', 'random_state': 456}",0.3581406154206225,440.09396712007316,1.0676747956294075
SpectralClustering,"{'n_clusters': 9, 'affinity': 'rbf', 'assign_labels': 'kmeans', 'random_state': 789}",0.3580090702519108,439.90640773290045,1.0672405480186333
SpectralClustering,"{'n_clusters': 9, 'affinity': 'rbf', 'assign_labels': 'kmeans', 'random_state': 1011}",0.3580090702519108,439.90640773290056,1.0672405480186333
SpectralClustering,"{'n_clusters': 9, 'affinity': 'rbf', 'assign_labels': 'kmeans', 'random_state': 2022}",0.3580090702519108,439.90640773290045,1.0672405480186333
SpectralClustering,"{'n_clusters': 9, 'affinity': 'rbf', 'assign_labels': 'kmeans', 'random_state': 3033}",0.3580090702519108,439.90640773290045,1.0672405480186333
SpectralClustering,"{'n_clusters': 9, 'affinity': 'rbf', 'assign_labels': 'kmeans', 'random_state': 4044}",0.3580090702519108,439.90640773290056,1.0672405480186333
SpectralClustering,"{'n_clusters': 9, 'affinity': 'rbf', 'assign_labels': 'kmeans', 'random_state': 5055}",0.3580090702519108,439.9064077329004,1.0672405480186336
SpectralClustering,"{'n_clusters': 9, 'affinity': 'rbf', 'assign_labels': 'kmeans', 'random_state': 6066}",0.3580090702519108,439.90640773290045,1.0672405480186333
SpectralClustering,"{'n_clusters': 9, 'affinity': 'rbf', 'assign_labels': 'discretize', 'random_state': 42}",0.37772310391644454,760.4824719447895,1.0951590595029577
SpectralClustering,"{'n_clusters': 9, 'affinity': 'rbf', 'assign_labels': 'discretize', 'random_state': 123}",0.37772310391644454,760.4824719447894,1.0951590595029577
SpectralClustering,"{'n_clusters': 9, 'affinity': 'rbf', 'assign_labels': 'discretize', 'random_state': 456}",0.37772310391644454,760.4824719447894,1.0951590595029577
SpectralClustering,"{'n_clusters': 9, 'affinity': 'rbf', 'assign_labels': 'discretize', 'random_state': 789}",0.37772310391644454,760.4824719447893,1.0951590595029577
SpectralClustering,"{'n_clusters': 9, 'affinity': 'rbf', 'assign_labels': 'discretize', 'random_state': 1011}",0.37772310391644454,760.4824719447894,1.0951590595029577
SpectralClustering,"{'n_clusters': 9, 'affinity': 'rbf', 'assign_labels': 'discretize', 'random_state': 2022}",0.37772310391644454,760.4824719447894,1.0951590595029577
SpectralClustering,"{'n_clusters': 9, 'affinity': 'rbf', 'assign_labels': 'discretize', 'random_state': 3033}",0.37772310391644454,760.4824719447894,1.0951590595029577
SpectralClustering,"{'n_clusters': 9, 'affinity': 'rbf', 'assign_labels': 'discretize', 'random_state': 4044}",0.37772310391644454,760.4824719447894,1.0951590595029577
SpectralClustering,"{'n_clusters': 9, 'affinity': 'rbf', 'assign_labels': 'discretize', 'random_state': 5055}",0.37772310391644454,760.4824719447894,1.0951590595029577
SpectralClustering,"{'n_clusters': 9, 'affinity': 'rbf', 'assign_labels': 'discretize', 'random_state': 6066}",0.37772310391644454,760.4824719447894,1.0951590595029577
SpectralClustering,"{'n_clusters': 9, 'affinity': 'rbf', 'assign_labels': 'cluster_qr', 'random_state': 42}",0.38025719016707904,771.8955476627787,1.1055692798361116
SpectralClustering,"{'n_clusters': 9, 'affinity': 'rbf', 'assign_labels': 'cluster_qr', 'random_state': 123}",0.38025719016707904,771.8955476627787,1.1055692798361116
SpectralClustering,"{'n_clusters': 9, 'affinity': 'rbf', 'assign_labels': 'cluster_qr', 'random_state': 456}",0.38025719016707904,771.8955476627787,1.1055692798361116
SpectralClustering,"{'n_clusters': 9, 'affinity': 'rbf', 'assign_labels': 'cluster_qr', 'random_state': 789}",0.38025719016707904,771.8955476627787,1.1055692798361116
SpectralClustering,"{'n_clusters': 9, 'affinity': 'rbf', 'assign_labels': 'cluster_qr', 'random_state': 1011}",0.38025719016707904,771.8955476627787,1.1055692798361116
SpectralClustering,"{'n_clusters': 9, 'affinity': 'rbf', 'assign_labels': 'cluster_qr', 'random_state': 2022}",0.38025719016707904,771.8955476627787,1.1055692798361116
SpectralClustering,"{'n_clusters': 9, 'affinity': 'rbf', 'assign_labels': 'cluster_qr', 'random_state': 3033}",0.38025719016707904,771.8955476627787,1.1055692798361116
SpectralClustering,"{'n_clusters': 9, 'affinity': 'rbf', 'assign_labels': 'cluster_qr', 'random_state': 4044}",0.38025719016707904,771.8955476627787,1.1055692798361116
SpectralClustering,"{'n_clusters': 9, 'affinity': 'rbf', 'assign_labels': 'cluster_qr', 'random_state': 5055}",0.38025719016707904,771.8955476627787,1.1055692798361116
SpectralClustering,"{'n_clusters': 9, 'affinity': 'rbf', 'assign_labels': 'cluster_qr', 'random_state': 6066}",0.38025719016707904,771.8955476627787,1.1055692798361116
SpectralClustering,"{'n_clusters': 9, 'affinity': 'nearest_neighbors', 'assign_labels': 'kmeans', 'random_state': 42, 'n_neighbors': 5}",0.2091202906359109,539.5033532175275,1.3081957352494942
SpectralClustering,"{'n_clusters': 9, 'affinity': 'nearest_neighbors', 'assign_labels': 'kmeans', 'random_state': 123, 'n_neighbors': 5}",0.33640746011475525,1011.9384822111302,1.1621555898551474
SpectralClustering,"{'n_clusters': 9, 'affinity': 'nearest_neighbors', 'assign_labels': 'kmeans', 'random_state': 456, 'n_neighbors': 5}",0.3367366822370491,1012.5755219932904,1.1621964736964896
SpectralClustering,"{'n_clusters': 9, 'affinity': 'nearest_neighbors', 'assign_labels': 'kmeans', 'random_state': 789, 'n_neighbors': 5}",0.194314307421105,471.74596124543814,1.3782241287621242
SpectralClustering,"{'n_clusters': 9, 'affinity': 'nearest_neighbors', 'assign_labels': 'kmeans', 'random_state': 1011, 'n_neighbors': 5}",0.3367366822370491,1012.5755219932905,1.1621964736964896
SpectralClustering,"{'n_clusters': 9, 'affinity': 'nearest_neighbors', 'assign_labels': 'kmeans', 'random_state': 2022, 'n_neighbors': 5}",0.19608668332754034,741.2077604112993,1.3577037475909304
SpectralClustering,"{'n_clusters': 9, 'affinity': 'nearest_neighbors', 'assign_labels': 'kmeans', 'random_state': 3033, 'n_neighbors': 5}",0.3185167896608112,1050.8686970651202,1.149651223376995
SpectralClustering,"{'n_clusters': 9, 'affinity': 'nearest_neighbors', 'assign_labels': 'kmeans', 'random_state': 4044, 'n_neighbors': 5}",0.3185167896608112,1050.8686970651202,1.1496512233769949
SpectralClustering,"{'n_clusters': 9, 'affinity': 'nearest_neighbors', 'assign_labels': 'kmeans', 'random_state': 5055, 'n_neighbors': 5}",0.3185167896608112,1050.8686970651202,1.149651223376995
SpectralClustering,"{'n_clusters': 9, 'affinity': 'nearest_neighbors', 'assign_labels': 'kmeans', 'random_state': 6066, 'n_neighbors': 5}",0.3367366822370491,1012.5755219932904,1.1621964736964896
SpectralClustering,"{'n_clusters': 9, 'affinity': 'nearest_neighbors', 'assign_labels': 'discretize', 'random_state': 42, 'n_neighbors': 5}",0.2788246204435113,796.8482234145079,1.3147796060512948
SpectralClustering,"{'n_clusters': 9, 'affinity': 'nearest_neighbors', 'assign_labels': 'discretize', 'random_state': 123, 'n_neighbors': 5}",0.2029198345978398,690.4286865115628,1.4256119517388706
SpectralClustering,"{'n_clusters': 9, 'affinity': 'nearest_neighbors', 'assign_labels': 'discretize', 'random_state': 456, 'n_neighbors': 5}",0.2809286924776624,937.3430207003323,1.41060551708738
SpectralClustering,"{'n_clusters': 9, 'affinity': 'nearest_neighbors', 'assign_labels': 'discretize', 'random_state': 789, 'n_neighbors': 5}",0.19537637110714381,473.22311605642415,1.3857509201567215
SpectralClustering,"{'n_clusters': 9, 'affinity': 'nearest_neighbors', 'assign_labels': 'discretize', 'random_state': 1011, 'n_neighbors': 5}",0.2600090427754889,738.2567313182207,1.4286525957009089
SpectralClustering,"{'n_clusters': 9, 'affinity': 'nearest_neighbors', 'assign_labels': 'discretize', 'random_state': 2022, 'n_neighbors': 5}",0.195183081001284,473.2030576443894,1.3881459674172185
SpectralClustering,"{'n_clusters': 9, 'affinity': 'nearest_neighbors', 'assign_labels': 'discretize', 'random_state': 3033, 'n_neighbors': 5}",0.3149005713913542,1035.753035349392,1.1424828569515548
SpectralClustering,"{'n_clusters': 9, 'affinity': 'nearest_neighbors', 'assign_labels': 'discretize', 'random_state': 4044, 'n_neighbors': 5}",0.3149005713913542,1035.753035349392,1.1424828569515548
SpectralClustering,"{'n_clusters': 9, 'affinity': 'nearest_neighbors', 'assign_labels': 'discretize', 'random_state': 5055, 'n_neighbors': 5}",0.3149005713913542,1035.753035349392,1.1424828569515548
SpectralClustering,"{'n_clusters': 9, 'affinity': 'nearest_neighbors', 'assign_labels': 'discretize', 'random_state': 6066, 'n_neighbors': 5}",0.27903676832294755,757.6066654037529,1.2534201501315057
SpectralClustering,"{'n_clusters': 9, 'affinity': 'nearest_neighbors', 'assign_labels': 'cluster_qr', 'random_state': 42, 'n_neighbors': 5}",0.2963099226204902,893.0695048749856,1.1004849003881632
SpectralClustering,"{'n_clusters': 9, 'affinity': 'nearest_neighbors', 'assign_labels': 'cluster_qr', 'random_state': 123, 'n_neighbors': 5}",0.22157495846476333,760.1412929750777,1.7250769473264245
SpectralClustering,"{'n_clusters': 9, 'affinity': 'nearest_neighbors', 'assign_labels': 'cluster_qr', 'random_state': 456, 'n_neighbors': 5}",0.17732640081384105,426.0297128315968,1.5329168802064304
SpectralClustering,"{'n_clusters': 9, 'affinity': 'nearest_neighbors', 'assign_labels': 'cluster_qr', 'random_state': 789, 'n_neighbors': 5}",0.26265012566215096,677.3487177057608,1.1799682789651758
SpectralClustering,"{'n_clusters': 9, 'affinity': 'nearest_neighbors', 'assign_labels': 'cluster_qr', 'random_state': 1011, 'n_neighbors': 5}",0.2154154275574017,696.5830730766332,1.7262093104503635
SpectralClustering,"{'n_clusters': 9, 'affinity': 'nearest_neighbors', 'assign_labels': 'cluster_qr', 'random_state': 2022, 'n_neighbors': 5}",0.18765974342086975,484.1941897687293,1.5951147620687454
SpectralClustering,"{'n_clusters': 9, 'affinity': 'nearest_neighbors', 'assign_labels': 'cluster_qr', 'random_state': 3033, 'n_neighbors': 5}",0.30887882105148434,1024.4244260879536,1.1496432726811103
SpectralClustering,"{'n_clusters': 9, 'affinity': 'nearest_neighbors', 'assign_labels': 'cluster_qr', 'random_state': 4044, 'n_neighbors': 5}",0.30887882105148434,1024.4244260879536,1.1496432726811103
SpectralClustering,"{'n_clusters': 9, 'affinity': 'nearest_neighbors', 'assign_labels': 'cluster_qr', 'random_state': 5055, 'n_neighbors': 5}",0.30887882105148434,1024.4244260879536,1.1496432726811103
SpectralClustering,"{'n_clusters': 9, 'affinity': 'nearest_neighbors', 'assign_labels': 'cluster_qr', 'random_state': 6066, 'n_neighbors': 5}",0.21098828487030585,683.1454218499248,1.7209033869643429
SpectralClustering,"{'n_clusters': 9, 'affinity': 'nearest_neighbors', 'assign_labels': 'kmeans', 'random_state': 42, 'n_neighbors': 10}",0.31782908164734924,1064.76321780042,1.1598975072485251
SpectralClustering,"{'n_clusters': 9, 'affinity': 'nearest_neighbors', 'assign_labels': 'kmeans', 'random_state': 123, 'n_neighbors': 10}",0.2288875316181107,800.3175723092104,1.2825567416680652
SpectralClustering,"{'n_clusters': 9, 'affinity': 'nearest_neighbors', 'assign_labels': 'kmeans', 'random_state': 456, 'n_neighbors': 10}",0.2288875316181107,800.3175723092103,1.2825567416680652
SpectralClustering,"{'n_clusters': 9, 'affinity': 'nearest_neighbors', 'assign_labels': 'kmeans', 'random_state': 789, 'n_neighbors': 10}",0.3184323414574105,1065.4865931279342,1.1571580125159941
SpectralClustering,"{'n_clusters': 9, 'affinity': 'nearest_neighbors', 'assign_labels': 'kmeans', 'random_state': 1011, 'n_neighbors': 10}",0.31782908164734924,1064.76321780042,1.1598975072485251
SpectralClustering,"{'n_clusters': 9, 'affinity': 'nearest_neighbors', 'assign_labels': 'kmeans', 'random_state': 2022, 'n_neighbors': 10}",0.20125724857968494,477.2223184364371,1.3636317986936677
SpectralClustering,"{'n_clusters': 9, 'affinity': 'nearest_neighbors', 'assign_labels': 'kmeans', 'random_state': 3033, 'n_neighbors': 10}",0.31762909978124854,1063.7867600696954,1.159395559148679
SpectralClustering,"{'n_clusters': 9, 'affinity': 'nearest_neighbors', 'assign_labels': 'kmeans', 'random_state': 4044, 'n_neighbors': 10}",0.31817412239440307,1065.2338152217167,1.1592201903526336
SpectralClustering,"{'n_clusters': 9, 'affinity': 'nearest_neighbors', 'assign_labels': 'kmeans', 'random_state': 5055, 'n_neighbors': 10}",0.3184323414574105,1065.4865931279344,1.1571580125159941
SpectralClustering,"{'n_clusters': 9, 'affinity': 'nearest_neighbors', 'assign_labels': 'kmeans', 'random_state': 6066, 'n_neighbors': 10}",0.31782908164734924,1064.7632178004199,1.1598975072485251
SpectralClustering,"{'n_clusters': 9, 'affinity': 'nearest_neighbors', 'assign_labels': 'discretize', 'random_state': 42, 'n_neighbors': 10}",0.23366146205880062,594.3333237900792,1.2695891891653917
SpectralClustering,"{'n_clusters': 9, 'affinity': 'nearest_neighbors', 'assign_labels': 'discretize', 'random_state': 123, 'n_neighbors': 10}",0.23412161749029142,813.0748375921435,1.2749155412750541
SpectralClustering,"{'n_clusters': 9, 'affinity': 'nearest_neighbors', 'assign_labels': 'discretize', 'random_state': 456, 'n_neighbors': 10}",0.18796948404194466,657.3874794895352,1.4205211121807064
SpectralClustering,"{'n_clusters': 9, 'affinity': 'nearest_neighbors', 'assign_labels': 'discretize', 'random_state': 789, 'n_neighbors': 10}",0.3273523443244872,1065.6281092694658,1.1333669046172892
SpectralClustering,"{'n_clusters': 9, 'affinity': 'nearest_neighbors', 'assign_labels': 'discretize', 'random_state': 1011, 'n_neighbors': 10}",0.28535338595895277,799.1371067670816,1.2304731175302952
SpectralClustering,"{'n_clusters': 9, 'affinity': 'nearest_neighbors', 'assign_labels': 'discretize', 'random_state': 2022, 'n_neighbors': 10}",0.20202216648350685,476.4519841603685,1.370007823190976
SpectralClustering,"{'n_clusters': 9, 'affinity': 'nearest_neighbors', 'assign_labels': 'discretize', 'random_state': 3033, 'n_neighbors': 10}",0.21741004635903102,584.7330503126051,1.2996092102252201
SpectralClustering,"{'n_clusters': 9, 'affinity': 'nearest_neighbors', 'assign_labels': 'discretize', 'random_state': 4044, 'n_neighbors': 10}",0.25110103177296894,650.5686559125686,1.2296355085883863
SpectralClustering,"{'n_clusters': 9, 'affinity': 'nearest_neighbors', 'assign_labels': 'discretize', 'random_state': 5055, 'n_neighbors': 10}",0.20202216648350685,476.45198416036845,1.370007823190976
SpectralClustering,"{'n_clusters': 9, 'affinity': 'nearest_neighbors', 'assign_labels': 'discretize', 'random_state': 6066, 'n_neighbors': 10}",0.28745443090134104,800.5051234420853,1.2076343642763476
SpectralClustering,"{'n_clusters': 9, 'affinity': 'nearest_neighbors', 'assign_labels': 'cluster_qr', 'random_state': 42, 'n_neighbors': 10}",0.22566418969975977,868.9625038889793,2.483114252459993
SpectralClustering,"{'n_clusters': 9, 'affinity': 'nearest_neighbors', 'assign_labels': 'cluster_qr', 'random_state': 123, 'n_neighbors': 10}",0.21360063654610878,668.4814352265082,1.6677229172878556
SpectralClustering,"{'n_clusters': 9, 'affinity': 'nearest_neighbors', 'assign_labels': 'cluster_qr', 'random_state': 456, 'n_neighbors': 10}",0.22582019399051906,702.4867904959682,1.6355608896585712
SpectralClustering,"{'n_clusters': 9, 'affinity': 'nearest_neighbors', 'assign_labels': 'cluster_qr', 'random_state': 789, 'n_neighbors': 10}",0.2206802069536665,853.6051126707363,2.2948749101145354
SpectralClustering,"{'n_clusters': 9, 'affinity': 'nearest_neighbors', 'assign_labels': 'cluster_qr', 'random_state': 1011, 'n_neighbors': 10}",0.22393109800371697,698.1390788363342,1.638543361071496
SpectralClustering,"{'n_clusters': 9, 'affinity': 'nearest_neighbors', 'assign_labels': 'cluster_qr', 'random_state': 2022, 'n_neighbors': 10}",0.1931322822143961,489.37566762283063,1.5929598825642635
SpectralClustering,"{'n_clusters': 9, 'affinity': 'nearest_neighbors', 'assign_labels': 'cluster_qr', 'random_state': 3033, 'n_neighbors': 10}",0.20032908017159107,475.0786212673134,1.3699826637928227
SpectralClustering,"{'n_clusters': 9, 'affinity': 'nearest_neighbors', 'assign_labels': 'cluster_qr', 'random_state': 4044, 'n_neighbors': 10}",0.2998785726638389,894.261738678221,1.0123742682651142
SpectralClustering,"{'n_clusters': 9, 'affinity': 'nearest_neighbors', 'assign_labels': 'cluster_qr', 'random_state': 5055, 'n_neighbors': 10}",0.2199365899760983,680.625559642508,1.6478220048184906
SpectralClustering,"{'n_clusters': 9, 'affinity': 'nearest_neighbors', 'assign_labels': 'cluster_qr', 'random_state': 6066, 'n_neighbors': 10}",0.2247196084388218,699.6242504832834,1.6352537520253319
SpectralClustering,"{'n_clusters': 9, 'affinity': 'nearest_neighbors', 'assign_labels': 'kmeans', 'random_state': 42, 'n_neighbors': 15}",0.31795083934402796,1066.2680098361236,1.155783158612796
SpectralClustering,"{'n_clusters': 9, 'affinity': 'nearest_neighbors', 'assign_labels': 'kmeans', 'random_state': 123, 'n_neighbors': 15}",0.317726864420281,1065.2535367963833,1.1552948058487553
SpectralClustering,"{'n_clusters': 9, 'affinity': 'nearest_neighbors', 'assign_labels': 'kmeans', 'random_state': 456, 'n_neighbors': 15}",0.23448606268111147,813.9830680692364,1.2729964480859115
SpectralClustering,"{'n_clusters': 9, 'affinity': 'nearest_neighbors', 'assign_labels': 'kmeans', 'random_state': 789, 'n_neighbors': 15}",0.20281240581700308,478.45880998419483,1.3607938598253506
SpectralClustering,"{'n_clusters': 9, 'affinity': 'nearest_neighbors', 'assign_labels': 'kmeans', 'random_state': 1011, 'n_neighbors': 15}",0.20409981209080158,480.3281348851604,1.357808408837922
SpectralClustering,"{'n_clusters': 9, 'affinity': 'nearest_neighbors', 'assign_labels': 'kmeans', 'random_state': 2022, 'n_neighbors': 15}",0.317726864420281,1065.253536796383,1.1552948058487553
SpectralClustering,"{'n_clusters': 9, 'affinity': 'nearest_neighbors', 'assign_labels': 'kmeans', 'random_state': 3033, 'n_neighbors': 15}",0.317726864420281,1065.2535367963835,1.1552948058487553
SpectralClustering,"{'n_clusters': 9, 'affinity': 'nearest_neighbors', 'assign_labels': 'kmeans', 'random_state': 4044, 'n_neighbors': 15}",0.20146971770450411,477.2218619745396,1.361189710709385
SpectralClustering,"{'n_clusters': 9, 'affinity': 'nearest_neighbors', 'assign_labels': 'kmeans', 'random_state': 5055, 'n_neighbors': 15}",0.317726864420281,1065.2535367963833,1.1552948058487553
SpectralClustering,"{'n_clusters': 9, 'affinity': 'nearest_neighbors', 'assign_labels': 'kmeans', 'random_state': 6066, 'n_neighbors': 15}",0.3311679117729113,1082.2363814634493,1.1235944626622834
SpectralClustering,"{'n_clusters': 9, 'affinity': 'nearest_neighbors', 'assign_labels': 'discretize', 'random_state': 42, 'n_neighbors': 15}",0.2686888303574972,675.0119810099608,1.327578506399899
SpectralClustering,"{'n_clusters': 9, 'affinity': 'nearest_neighbors', 'assign_labels': 'discretize', 'random_state': 123, 'n_neighbors': 15}",0.2026694583645326,478.2010660007279,1.3686963328317883
SpectralClustering,"{'n_clusters': 9, 'affinity': 'nearest_neighbors', 'assign_labels': 'discretize', 'random_state': 456, 'n_neighbors': 15}",0.1890481781412214,660.0621224619764,1.4168041334042338
SpectralClustering,"{'n_clusters': 9, 'affinity': 'nearest_neighbors', 'assign_labels': 'discretize', 'random_state': 789, 'n_neighbors': 15}",0.25589758131099055,540.6820843591163,1.4736043276591229
SpectralClustering,"{'n_clusters': 9, 'affinity': 'nearest_neighbors', 'assign_labels': 'discretize', 'random_state': 1011, 'n_neighbors': 15}",0.25340505799941193,537.9817317060539,1.4745270437620472
SpectralClustering,"{'n_clusters': 9, 'affinity': 'nearest_neighbors', 'assign_labels': 'discretize', 'random_state': 2022, 'n_neighbors': 15}",0.26464498219497795,850.082623477164,1.4735580381639073
SpectralClustering,"{'n_clusters': 9, 'affinity': 'nearest_neighbors', 'assign_labels': 'discretize', 'random_state': 3033, 'n_neighbors': 15}",0.2060803759324737,480.28929369818155,1.3669278203798338
SpectralClustering,"{'n_clusters': 9, 'affinity': 'nearest_neighbors', 'assign_labels': 'discretize', 'random_state': 4044, 'n_neighbors': 15}",0.253351066832995,538.019761367237,1.4744903576139028
SpectralClustering,"{'n_clusters': 9, 'affinity': 'nearest_neighbors', 'assign_labels': 'discretize', 'random_state': 5055, 'n_neighbors': 15}",0.2268731567559043,825.0805565702145,1.2425492215300522
SpectralClustering,"{'n_clusters': 9, 'affinity': 'nearest_neighbors', 'assign_labels': 'discretize', 'random_state': 6066, 'n_neighbors': 15}",0.3283836613629993,1069.0327238612585,1.11993385268713
SpectralClustering,"{'n_clusters': 9, 'affinity': 'nearest_neighbors', 'assign_labels': 'cluster_qr', 'random_state': 42, 'n_neighbors': 15}",0.30047907582607397,891.6060526506511,1.0380972898515148
SpectralClustering,"{'n_clusters': 9, 'affinity': 'nearest_neighbors', 'assign_labels': 'cluster_qr', 'random_state': 123, 'n_neighbors': 15}",0.22459175790984592,701.2721636684789,1.6265687694218196
SpectralClustering,"{'n_clusters': 9, 'affinity': 'nearest_neighbors', 'assign_labels': 'cluster_qr', 'random_state': 456, 'n_neighbors': 15}",0.225294938542765,704.327410220375,1.6246234132746762
SpectralClustering,"{'n_clusters': 9, 'affinity': 'nearest_neighbors', 'assign_labels': 'cluster_qr', 'random_state': 789, 'n_neighbors': 15}",0.18781911346967023,454.60676364871216,1.503752458039313
SpectralClustering,"{'n_clusters': 9, 'affinity': 'nearest_neighbors', 'assign_labels': 'cluster_qr', 'random_state': 1011, 'n_neighbors': 15}",0.1880597100444603,437.19130426599156,1.4628356818727761
SpectralClustering,"{'n_clusters': 9, 'affinity': 'nearest_neighbors', 'assign_labels': 'cluster_qr', 'random_state': 2022, 'n_neighbors': 15}",0.225294938542765,704.327410220375,1.6246234132746762
SpectralClustering,"{'n_clusters': 9, 'affinity': 'nearest_neighbors', 'assign_labels': 'cluster_qr', 'random_state': 3033, 'n_neighbors': 15}",0.22479764111929346,701.2552794163898,1.6256538990785154
SpectralClustering,"{'n_clusters': 9, 'affinity': 'nearest_neighbors', 'assign_labels': 'cluster_qr', 'random_state': 4044, 'n_neighbors': 15}",0.19934994117600668,468.53484137535446,1.3774329209822964
SpectralClustering,"{'n_clusters': 9, 'affinity': 'nearest_neighbors', 'assign_labels': 'cluster_qr', 'random_state': 5055, 'n_neighbors': 15}",0.2232078174503119,854.5622122534695,2.1406879391833264
SpectralClustering,"{'n_clusters': 9, 'affinity': 'nearest_neighbors', 'assign_labels': 'cluster_qr', 'random_state': 6066, 'n_neighbors': 15}",0.328365883807408,1068.075408637363,1.1198859216454584
SpectralClustering,"{'n_clusters': 9, 'affinity': 'nearest_neighbors', 'assign_labels': 'kmeans', 'random_state': 42, 'n_neighbors': 20}",0.3318167741587683,1083.4427422414194,1.1204632129736547
SpectralClustering,"{'n_clusters': 9, 'affinity': 'nearest_neighbors', 'assign_labels': 'kmeans', 'random_state': 123, 'n_neighbors': 20}",0.3318209840872202,1083.4122349458535,1.120376576888997
SpectralClustering,"{'n_clusters': 9, 'affinity': 'nearest_neighbors', 'assign_labels': 'kmeans', 'random_state': 456, 'n_neighbors': 20}",0.3318209840872202,1083.4122349458532,1.120376576888997
SpectralClustering,"{'n_clusters': 9, 'affinity': 'nearest_neighbors', 'assign_labels': 'kmeans', 'random_state': 789, 'n_neighbors': 20}",0.3318209840872202,1083.4122349458532,1.120376576888997
SpectralClustering,"{'n_clusters': 9, 'affinity': 'nearest_neighbors', 'assign_labels': 'kmeans', 'random_state': 1011, 'n_neighbors': 20}",0.33193725954477643,1083.6747082195602,1.1203911250906775
SpectralClustering,"{'n_clusters': 9, 'affinity': 'nearest_neighbors', 'assign_labels': 'kmeans', 'random_state': 2022, 'n_neighbors': 20}",0.3318209840872202,1083.4122349458535,1.120376576888997
SpectralClustering,"{'n_clusters': 9, 'affinity': 'nearest_neighbors', 'assign_labels': 'kmeans', 'random_state': 3033, 'n_neighbors': 20}",0.3318209840872202,1083.4122349458535,1.1203765768889968
SpectralClustering,"{'n_clusters': 9, 'affinity': 'nearest_neighbors', 'assign_labels': 'kmeans', 'random_state': 4044, 'n_neighbors': 20}",0.3318209840872202,1083.4122349458537,1.120376576888997
SpectralClustering,"{'n_clusters': 9, 'affinity': 'nearest_neighbors', 'assign_labels': 'kmeans', 'random_state': 5055, 'n_neighbors': 20}",0.3318209840872202,1083.4122349458535,1.120376576888997
SpectralClustering,"{'n_clusters': 9, 'affinity': 'nearest_neighbors', 'assign_labels': 'kmeans', 'random_state': 6066, 'n_neighbors': 20}",0.3318209840872202,1083.4122349458532,1.1203765768889973
SpectralClustering,"{'n_clusters': 9, 'affinity': 'nearest_neighbors', 'assign_labels': 'discretize', 'random_state': 42, 'n_neighbors': 20}",0.32882350381293907,1068.3037523610108,1.1179488782853877
SpectralClustering,"{'n_clusters': 9, 'affinity': 'nearest_neighbors', 'assign_labels': 'discretize', 'random_state': 123, 'n_neighbors': 20}",0.32882350381293907,1068.303752361011,1.1179488782853877
SpectralClustering,"{'n_clusters': 9, 'affinity': 'nearest_neighbors', 'assign_labels': 'discretize', 'random_state': 456, 'n_neighbors': 20}",0.32882350381293907,1068.3037523610108,1.1179488782853877
SpectralClustering,"{'n_clusters': 9, 'affinity': 'nearest_neighbors', 'assign_labels': 'discretize', 'random_state': 789, 'n_neighbors': 20}",0.32882350381293907,1068.303752361011,1.1179488782853877
SpectralClustering,"{'n_clusters': 9, 'affinity': 'nearest_neighbors', 'assign_labels': 'discretize', 'random_state': 1011, 'n_neighbors': 20}",0.32882350381293907,1068.3037523610108,1.1179488782853877
SpectralClustering,"{'n_clusters': 9, 'affinity': 'nearest_neighbors', 'assign_labels': 'discretize', 'random_state': 2022, 'n_neighbors': 20}",0.32882350381293907,1068.3037523610108,1.1179488782853877
SpectralClustering,"{'n_clusters': 9, 'affinity': 'nearest_neighbors', 'assign_labels': 'discretize', 'random_state': 3033, 'n_neighbors': 20}",0.32882350381293907,1068.3037523610112,1.1179488782853877
SpectralClustering,"{'n_clusters': 9, 'affinity': 'nearest_neighbors', 'assign_labels': 'discretize', 'random_state': 4044, 'n_neighbors': 20}",0.32882350381293907,1068.3037523610112,1.1179488782853877
SpectralClustering,"{'n_clusters': 9, 'affinity': 'nearest_neighbors', 'assign_labels': 'discretize', 'random_state': 5055, 'n_neighbors': 20}",0.32882350381293907,1068.3037523610108,1.1179488782853877
SpectralClustering,"{'n_clusters': 9, 'affinity': 'nearest_neighbors', 'assign_labels': 'discretize', 'random_state': 6066, 'n_neighbors': 20}",0.32882350381293907,1068.303752361011,1.1179488782853877
SpectralClustering,"{'n_clusters': 9, 'affinity': 'nearest_neighbors', 'assign_labels': 'cluster_qr', 'random_state': 42, 'n_neighbors': 20}",0.3288959528843591,1066.1274391877841,1.118125170755468
SpectralClustering,"{'n_clusters': 9, 'affinity': 'nearest_neighbors', 'assign_labels': 'cluster_qr', 'random_state': 123, 'n_neighbors': 20}",0.3288959528843591,1066.1274391877841,1.118125170755468
SpectralClustering,"{'n_clusters': 9, 'affinity': 'nearest_neighbors', 'assign_labels': 'cluster_qr', 'random_state': 456, 'n_neighbors': 20}",0.3288959528843591,1066.1274391877841,1.118125170755468
SpectralClustering,"{'n_clusters': 9, 'affinity': 'nearest_neighbors', 'assign_labels': 'cluster_qr', 'random_state': 789, 'n_neighbors': 20}",0.3288959528843591,1066.1274391877841,1.118125170755468
SpectralClustering,"{'n_clusters': 9, 'affinity': 'nearest_neighbors', 'assign_labels': 'cluster_qr', 'random_state': 1011, 'n_neighbors': 20}",0.3288959528843591,1066.1274391877841,1.118125170755468
SpectralClustering,"{'n_clusters': 9, 'affinity': 'nearest_neighbors', 'assign_labels': 'cluster_qr', 'random_state': 2022, 'n_neighbors': 20}",0.3288959528843591,1066.1274391877841,1.118125170755468
SpectralClustering,"{'n_clusters': 9, 'affinity': 'nearest_neighbors', 'assign_labels': 'cluster_qr', 'random_state': 3033, 'n_neighbors': 20}",0.3288959528843591,1066.1274391877841,1.118125170755468
SpectralClustering,"{'n_clusters': 9, 'affinity': 'nearest_neighbors', 'assign_labels': 'cluster_qr', 'random_state': 4044, 'n_neighbors': 20}",0.3288959528843591,1066.1274391877841,1.118125170755468
SpectralClustering,"{'n_clusters': 9, 'affinity': 'nearest_neighbors', 'assign_labels': 'cluster_qr', 'random_state': 5055, 'n_neighbors': 20}",0.3288959528843591,1066.1274391877841,1.118125170755468
SpectralClustering,"{'n_clusters': 9, 'affinity': 'nearest_neighbors', 'assign_labels': 'cluster_qr', 'random_state': 6066, 'n_neighbors': 20}",0.3288959528843591,1066.1274391877841,1.118125170755468
SpectralClustering,"{'n_clusters': 9, 'affinity': 'nearest_neighbors', 'assign_labels': 'kmeans', 'random_state': 42, 'n_neighbors': 50}",0.3050482649680474,915.6348040430743,0.9657454050504922
SpectralClustering,"{'n_clusters': 9, 'affinity': 'nearest_neighbors', 'assign_labels': 'kmeans', 'random_state': 123, 'n_neighbors': 50}",0.3050482649680474,915.6348040430745,0.965745405050492
SpectralClustering,"{'n_clusters': 9, 'affinity': 'nearest_neighbors', 'assign_labels': 'kmeans', 'random_state': 456, 'n_neighbors': 50}",0.3050482649680474,915.6348040430744,0.9657454050504922
SpectralClustering,"{'n_clusters': 9, 'affinity': 'nearest_neighbors', 'assign_labels': 'kmeans', 'random_state': 789, 'n_neighbors': 50}",0.3050482649680474,915.6348040430743,0.965745405050492
SpectralClustering,"{'n_clusters': 9, 'affinity': 'nearest_neighbors', 'assign_labels': 'kmeans', 'random_state': 1011, 'n_neighbors': 50}",0.3050482649680474,915.6348040430745,0.965745405050492
SpectralClustering,"{'n_clusters': 9, 'affinity': 'nearest_neighbors', 'assign_labels': 'kmeans', 'random_state': 2022, 'n_neighbors': 50}",0.3050482649680474,915.6348040430745,0.9657454050504922
SpectralClustering,"{'n_clusters': 9, 'affinity': 'nearest_neighbors', 'assign_labels': 'kmeans', 'random_state': 3033, 'n_neighbors': 50}",0.3050482649680474,915.6348040430745,0.9657454050504922
SpectralClustering,"{'n_clusters': 9, 'affinity': 'nearest_neighbors', 'assign_labels': 'kmeans', 'random_state': 4044, 'n_neighbors': 50}",0.3050482649680474,915.6348040430745,0.9657454050504922
SpectralClustering,"{'n_clusters': 9, 'affinity': 'nearest_neighbors', 'assign_labels': 'kmeans', 'random_state': 5055, 'n_neighbors': 50}",0.3050482649680474,915.6348040430745,0.9657454050504922
SpectralClustering,"{'n_clusters': 9, 'affinity': 'nearest_neighbors', 'assign_labels': 'kmeans', 'random_state': 6066, 'n_neighbors': 50}",0.3050482649680474,915.6348040430744,0.9657454050504922
SpectralClustering,"{'n_clusters': 9, 'affinity': 'nearest_neighbors', 'assign_labels': 'discretize', 'random_state': 42, 'n_neighbors': 50}",0.3055119429122702,908.2868109466172,0.9795222333606493
SpectralClustering,"{'n_clusters': 9, 'affinity': 'nearest_neighbors', 'assign_labels': 'discretize', 'random_state': 123, 'n_neighbors': 50}",0.30364015016165763,905.190637170442,1.0005338652316824
SpectralClustering,"{'n_clusters': 9, 'affinity': 'nearest_neighbors', 'assign_labels': 'discretize', 'random_state': 456, 'n_neighbors': 50}",0.3055852436340118,907.3093480473688,0.9828604204216312
SpectralClustering,"{'n_clusters': 9, 'affinity': 'nearest_neighbors', 'assign_labels': 'discretize', 'random_state': 789, 'n_neighbors': 50}",0.3054392591311906,908.4459405714983,0.9790284758951885
SpectralClustering,"{'n_clusters': 9, 'affinity': 'nearest_neighbors', 'assign_labels': 'discretize', 'random_state': 1011, 'n_neighbors': 50}",0.30364015016165763,905.190637170442,1.0005338652316824
SpectralClustering,"{'n_clusters': 9, 'affinity': 'nearest_neighbors', 'assign_labels': 'discretize', 'random_state': 2022, 'n_neighbors': 50}",0.30540385093174544,908.645297439033,0.9780750494346706
SpectralClustering,"{'n_clusters': 9, 'affinity': 'nearest_neighbors', 'assign_labels': 'discretize', 'random_state': 3033, 'n_neighbors': 50}",0.30540385093174544,908.645297439033,0.9780750494346707
SpectralClustering,"{'n_clusters': 9, 'affinity': 'nearest_neighbors', 'assign_labels': 'discretize', 'random_state': 4044, 'n_neighbors': 50}",0.3054392591311906,908.4459405714983,0.9790284758951885
SpectralClustering,"{'n_clusters': 9, 'affinity': 'nearest_neighbors', 'assign_labels': 'discretize', 'random_state': 5055, 'n_neighbors': 50}",0.3054392591311906,908.4459405714982,0.9790284758951885
SpectralClustering,"{'n_clusters': 9, 'affinity': 'nearest_neighbors', 'assign_labels': 'discretize', 'random_state': 6066, 'n_neighbors': 50}",0.3055852436340118,907.3093480473689,0.9828604204216312
SpectralClustering,"{'n_clusters': 9, 'affinity': 'nearest_neighbors', 'assign_labels': 'cluster_qr', 'random_state': 42, 'n_neighbors': 50}",0.3011425326421573,903.8857320714598,1.0093225336147518
SpectralClustering,"{'n_clusters': 9, 'affinity': 'nearest_neighbors', 'assign_labels': 'cluster_qr', 'random_state': 123, 'n_neighbors': 50}",0.3011425326421573,903.8857320714598,1.0093225336147518
SpectralClustering,"{'n_clusters': 9, 'affinity': 'nearest_neighbors', 'assign_labels': 'cluster_qr', 'random_state': 456, 'n_neighbors': 50}",0.3011425326421573,903.8857320714598,1.0093225336147518
SpectralClustering,"{'n_clusters': 9, 'affinity': 'nearest_neighbors', 'assign_labels': 'cluster_qr', 'random_state': 789, 'n_neighbors': 50}",0.3011425326421573,903.8857320714598,1.0093225336147518
SpectralClustering,"{'n_clusters': 9, 'affinity': 'nearest_neighbors', 'assign_labels': 'cluster_qr', 'random_state': 1011, 'n_neighbors': 50}",0.3011425326421573,903.8857320714598,1.0093225336147518
SpectralClustering,"{'n_clusters': 9, 'affinity': 'nearest_neighbors', 'assign_labels': 'cluster_qr', 'random_state': 2022, 'n_neighbors': 50}",0.3011425326421573,903.8857320714598,1.0093225336147518
SpectralClustering,"{'n_clusters': 9, 'affinity': 'nearest_neighbors', 'assign_labels': 'cluster_qr', 'random_state': 3033, 'n_neighbors': 50}",0.3011425326421573,903.8857320714598,1.0093225336147518
SpectralClustering,"{'n_clusters': 9, 'affinity': 'nearest_neighbors', 'assign_labels': 'cluster_qr', 'random_state': 4044, 'n_neighbors': 50}",0.3011425326421573,903.8857320714598,1.0093225336147518
SpectralClustering,"{'n_clusters': 9, 'affinity': 'nearest_neighbors', 'assign_labels': 'cluster_qr', 'random_state': 5055, 'n_neighbors': 50}",0.3011425326421573,903.8857320714598,1.0093225336147518
SpectralClustering,"{'n_clusters': 9, 'affinity': 'nearest_neighbors', 'assign_labels': 'cluster_qr', 'random_state': 6066, 'n_neighbors': 50}",0.3011425326421573,903.8857320714598,1.0093225336147518
SpectralClustering,"{'n_clusters': 9, 'affinity': 'nearest_neighbors', 'assign_labels': 'kmeans', 'random_state': 42, 'n_neighbors': 100}",0.30724650724868835,928.2971797726459,0.9717595059040955
SpectralClustering,"{'n_clusters': 9, 'affinity': 'nearest_neighbors', 'assign_labels': 'kmeans', 'random_state': 123, 'n_neighbors': 100}",0.30724650724868835,928.2971797726458,0.9717595059040955
SpectralClustering,"{'n_clusters': 9, 'affinity': 'nearest_neighbors', 'assign_labels': 'kmeans', 'random_state': 456, 'n_neighbors': 100}",0.30724650724868835,928.2971797726458,0.9717595059040955
SpectralClustering,"{'n_clusters': 9, 'affinity': 'nearest_neighbors', 'assign_labels': 'kmeans', 'random_state': 789, 'n_neighbors': 100}",0.30724650724868835,928.2971797726459,0.9717595059040955
SpectralClustering,"{'n_clusters': 9, 'affinity': 'nearest_neighbors', 'assign_labels': 'kmeans', 'random_state': 1011, 'n_neighbors': 100}",0.3072726027125586,928.4175620141173,0.9717350272828453
SpectralClustering,"{'n_clusters': 9, 'affinity': 'nearest_neighbors', 'assign_labels': 'kmeans', 'random_state': 2022, 'n_neighbors': 100}",0.30724650724868835,928.2971797726461,0.9717595059040955
SpectralClustering,"{'n_clusters': 9, 'affinity': 'nearest_neighbors', 'assign_labels': 'kmeans', 'random_state': 3033, 'n_neighbors': 100}",0.30724650724868835,928.297179772646,0.9717595059040955
SpectralClustering,"{'n_clusters': 9, 'affinity': 'nearest_neighbors', 'assign_labels': 'kmeans', 'random_state': 4044, 'n_neighbors': 100}",0.30768359717723176,928.3665216187908,0.9735246975796917
SpectralClustering,"{'n_clusters': 9, 'affinity': 'nearest_neighbors', 'assign_labels': 'kmeans', 'random_state': 5055, 'n_neighbors': 100}",0.30780564873444183,928.2863276538894,0.9761350211658587
SpectralClustering,"{'n_clusters': 9, 'affinity': 'nearest_neighbors', 'assign_labels': 'kmeans', 'random_state': 6066, 'n_neighbors': 100}",0.30780564873444183,928.2863276538894,0.9761350211658587
SpectralClustering,"{'n_clusters': 9, 'affinity': 'nearest_neighbors', 'assign_labels': 'discretize', 'random_state': 42, 'n_neighbors': 100}",0.301108725736166,918.2957895002177,1.0199665438268433
SpectralClustering,"{'n_clusters': 9, 'affinity': 'nearest_neighbors', 'assign_labels': 'discretize', 'random_state': 123, 'n_neighbors': 100}",0.30101721980679247,918.2068392286978,1.0201822322635916
SpectralClustering,"{'n_clusters': 9, 'affinity': 'nearest_neighbors', 'assign_labels': 'discretize', 'random_state': 456, 'n_neighbors': 100}",0.30678461313223915,919.6643362646681,1.010688394981217
SpectralClustering,"{'n_clusters': 9, 'affinity': 'nearest_neighbors', 'assign_labels': 'discretize', 'random_state': 789, 'n_neighbors': 100}",0.30678461313223915,919.6643362646681,1.010688394981217
SpectralClustering,"{'n_clusters': 9, 'affinity': 'nearest_neighbors', 'assign_labels': 'discretize', 'random_state': 1011, 'n_neighbors': 100}",0.30101721980679247,918.2068392286978,1.0201822322635916
SpectralClustering,"{'n_clusters': 9, 'affinity': 'nearest_neighbors', 'assign_labels': 'discretize', 'random_state': 2022, 'n_neighbors': 100}",0.30710617561413184,920.4692523172371,1.0116600370043345
SpectralClustering,"{'n_clusters': 9, 'affinity': 'nearest_neighbors', 'assign_labels': 'discretize', 'random_state': 3033, 'n_neighbors': 100}",0.3082198954745793,924.9517810898095,0.9831771973015082
SpectralClustering,"{'n_clusters': 9, 'affinity': 'nearest_neighbors', 'assign_labels': 'discretize', 'random_state': 4044, 'n_neighbors': 100}",0.30845476191800586,924.3928649318847,0.9840558578747244
SpectralClustering,"{'n_clusters': 9, 'affinity': 'nearest_neighbors', 'assign_labels': 'discretize', 'random_state': 5055, 'n_neighbors': 100}",0.3066059569346206,918.9186299608103,1.0101395062352252
SpectralClustering,"{'n_clusters': 9, 'affinity': 'nearest_neighbors', 'assign_labels': 'discretize', 'random_state': 6066, 'n_neighbors': 100}",0.30678461313223915,919.6643362646681,1.010688394981217
SpectralClustering,"{'n_clusters': 9, 'affinity': 'nearest_neighbors', 'assign_labels': 'cluster_qr', 'random_state': 42, 'n_neighbors': 100}",0.2995560342539952,916.9246011687823,1.0206208649593083
SpectralClustering,"{'n_clusters': 9, 'affinity': 'nearest_neighbors', 'assign_labels': 'cluster_qr', 'random_state': 123, 'n_neighbors': 100}",0.2995560342539952,916.9246011687823,1.0206208649593083
SpectralClustering,"{'n_clusters': 9, 'affinity': 'nearest_neighbors', 'assign_labels': 'cluster_qr', 'random_state': 456, 'n_neighbors': 100}",0.2995560342539952,916.9246011687823,1.0206208649593083
SpectralClustering,"{'n_clusters': 9, 'affinity': 'nearest_neighbors', 'assign_labels': 'cluster_qr', 'random_state': 789, 'n_neighbors': 100}",0.2995560342539952,916.9246011687823,1.0206208649593083
SpectralClustering,"{'n_clusters': 9, 'affinity': 'nearest_neighbors', 'assign_labels': 'cluster_qr', 'random_state': 1011, 'n_neighbors': 100}",0.2995560342539952,916.9246011687823,1.0206208649593083
SpectralClustering,"{'n_clusters': 9, 'affinity': 'nearest_neighbors', 'assign_labels': 'cluster_qr', 'random_state': 2022, 'n_neighbors': 100}",0.2995560342539952,916.9246011687823,1.0206208649593083
SpectralClustering,"{'n_clusters': 9, 'affinity': 'nearest_neighbors', 'assign_labels': 'cluster_qr', 'random_state': 3033, 'n_neighbors': 100}",0.2995560342539952,916.9246011687823,1.0206208649593083
SpectralClustering,"{'n_clusters': 9, 'affinity': 'nearest_neighbors', 'assign_labels': 'cluster_qr', 'random_state': 4044, 'n_neighbors': 100}",0.2995560342539952,916.9246011687823,1.0206208649593083
SpectralClustering,"{'n_clusters': 9, 'affinity': 'nearest_neighbors', 'assign_labels': 'cluster_qr', 'random_state': 5055, 'n_neighbors': 100}",0.2995560342539952,916.9246011687823,1.0206208649593083
SpectralClustering,"{'n_clusters': 9, 'affinity': 'nearest_neighbors', 'assign_labels': 'cluster_qr', 'random_state': 6066, 'n_neighbors': 100}",0.2995560342539952,916.9246011687823,1.0206208649593083
SpectralClustering,"{'n_clusters': 9, 'affinity': 'polynomial', 'assign_labels': 'kmeans', 'random_state': 42}",0.06889024586208063,203.49404638380884,1.6988115886345596
SpectralClustering,"{'n_clusters': 9, 'affinity': 'polynomial', 'assign_labels': 'kmeans', 'random_state': 123}",0.06847204846843064,202.88824153008778,1.6923934454040983
SpectralClustering,"{'n_clusters': 9, 'affinity': 'polynomial', 'assign_labels': 'kmeans', 'random_state': 456}",0.06867103262278774,203.0440744523385,1.6925233421036217
SpectralClustering,"{'n_clusters': 9, 'affinity': 'polynomial', 'assign_labels': 'kmeans', 'random_state': 789}",0.06867103262278774,203.04407445233858,1.6925233421036217
SpectralClustering,"{'n_clusters': 9, 'affinity': 'polynomial', 'assign_labels': 'kmeans', 'random_state': 1011}",0.06867103262278774,203.0440744523385,1.6925233421036217
SpectralClustering,"{'n_clusters': 9, 'affinity': 'polynomial', 'assign_labels': 'kmeans', 'random_state': 2022}",0.06867103262278774,203.0440744523386,1.6925233421036217
SpectralClustering,"{'n_clusters': 9, 'affinity': 'polynomial', 'assign_labels': 'kmeans', 'random_state': 3033}",0.06867103262278774,203.04407445233852,1.6925233421036217
SpectralClustering,"{'n_clusters': 9, 'affinity': 'polynomial', 'assign_labels': 'kmeans', 'random_state': 4044}",0.06867103262278774,203.04407445233858,1.6925233421036217
SpectralClustering,"{'n_clusters': 9, 'affinity': 'polynomial', 'assign_labels': 'kmeans', 'random_state': 5055}",0.06867103262278774,203.0440744523385,1.6925233421036217
SpectralClustering,"{'n_clusters': 9, 'affinity': 'polynomial', 'assign_labels': 'kmeans', 'random_state': 6066}",0.06867103262278774,203.04407445233858,1.6925233421036217
SpectralClustering,"{'n_clusters': 9, 'affinity': 'polynomial', 'assign_labels': 'discretize', 'random_state': 42}",0.2789738623958791,872.5838650473235,1.0457609750038634
SpectralClustering,"{'n_clusters': 9, 'affinity': 'polynomial', 'assign_labels': 'discretize', 'random_state': 123}",0.2789738623958791,872.5838650473233,1.0457609750038634
SpectralClustering,"{'n_clusters': 9, 'affinity': 'polynomial', 'assign_labels': 'discretize', 'random_state': 456}",0.20786455849204868,637.881464132779,1.4269525798109393
SpectralClustering,"{'n_clusters': 9, 'affinity': 'polynomial', 'assign_labels': 'discretize', 'random_state': 789}",0.22699552454671562,639.6416489977075,0.9445948337383689
SpectralClustering,"{'n_clusters': 9, 'affinity': 'polynomial', 'assign_labels': 'discretize', 'random_state': 1011}",0.27950601963592736,872.7775283859537,1.0443979319085241
SpectralClustering,"{'n_clusters': 9, 'affinity': 'polynomial', 'assign_labels': 'discretize', 'random_state': 2022}",0.2789738623958791,872.5838650473233,1.0457609750038634
SpectralClustering,"{'n_clusters': 9, 'affinity': 'polynomial', 'assign_labels': 'discretize', 'random_state': 3033}",0.2789738623958791,872.5838650473235,1.0457609750038634
SpectralClustering,"{'n_clusters': 9, 'affinity': 'polynomial', 'assign_labels': 'discretize', 'random_state': 4044}",0.22871458642676112,780.7819164595829,1.3327041686855599
SpectralClustering,"{'n_clusters': 9, 'affinity': 'polynomial', 'assign_labels': 'discretize', 'random_state': 5055}",0.27950601963592736,872.7775283859535,1.0443979319085241
SpectralClustering,"{'n_clusters': 9, 'affinity': 'polynomial', 'assign_labels': 'discretize', 'random_state': 6066}",0.20786455849204868,637.881464132779,1.4269525798109393
SpectralClustering,"{'n_clusters': 9, 'affinity': 'polynomial', 'assign_labels': 'cluster_qr', 'random_state': 42}",0.2939047144447185,945.424292847373,1.2410987579441004
SpectralClustering,"{'n_clusters': 9, 'affinity': 'polynomial', 'assign_labels': 'cluster_qr', 'random_state': 123}",0.2939047144447185,945.424292847373,1.2410987579441004
SpectralClustering,"{'n_clusters': 9, 'affinity': 'polynomial', 'assign_labels': 'cluster_qr', 'random_state': 456}",0.2939047144447185,945.424292847373,1.2410987579441004
SpectralClustering,"{'n_clusters': 9, 'affinity': 'polynomial', 'assign_labels': 'cluster_qr', 'random_state': 789}",0.2939047144447185,945.424292847373,1.2410987579441004
SpectralClustering,"{'n_clusters': 9, 'affinity': 'polynomial', 'assign_labels': 'cluster_qr', 'random_state': 1011}",0.2939047144447185,945.424292847373,1.2410987579441004
SpectralClustering,"{'n_clusters': 9, 'affinity': 'polynomial', 'assign_labels': 'cluster_qr', 'random_state': 2022}",0.2939047144447185,945.424292847373,1.2410987579441004
SpectralClustering,"{'n_clusters': 9, 'affinity': 'polynomial', 'assign_labels': 'cluster_qr', 'random_state': 3033}",0.2939047144447185,945.424292847373,1.2410987579441004
SpectralClustering,"{'n_clusters': 9, 'affinity': 'polynomial', 'assign_labels': 'cluster_qr', 'random_state': 4044}",0.2939047144447185,945.424292847373,1.2410987579441004
SpectralClustering,"{'n_clusters': 9, 'affinity': 'polynomial', 'assign_labels': 'cluster_qr', 'random_state': 5055}",0.2939047144447185,945.424292847373,1.2410987579441004
SpectralClustering,"{'n_clusters': 9, 'affinity': 'polynomial', 'assign_labels': 'cluster_qr', 'random_state': 6066}",0.2939047144447185,945.424292847373,1.2410987579441004
SpectralClustering,"{'n_clusters': 9, 'affinity': 'poly', 'assign_labels': 'kmeans', 'random_state': 42}",0.06889024586208063,203.49404638380884,1.6988115886345596
SpectralClustering,"{'n_clusters': 9, 'affinity': 'poly', 'assign_labels': 'kmeans', 'random_state': 123}",0.06847204846843064,202.88824153008778,1.6923934454040983
SpectralClustering,"{'n_clusters': 9, 'affinity': 'poly', 'assign_labels': 'kmeans', 'random_state': 456}",0.06867103262278774,203.0440744523385,1.6925233421036217
SpectralClustering,"{'n_clusters': 9, 'affinity': 'poly', 'assign_labels': 'kmeans', 'random_state': 789}",0.06867103262278774,203.04407445233858,1.6925233421036217
SpectralClustering,"{'n_clusters': 9, 'affinity': 'poly', 'assign_labels': 'kmeans', 'random_state': 1011}",0.06867103262278774,203.0440744523385,1.6925233421036217
SpectralClustering,"{'n_clusters': 9, 'affinity': 'poly', 'assign_labels': 'kmeans', 'random_state': 2022}",0.06867103262278774,203.0440744523386,1.6925233421036217
SpectralClustering,"{'n_clusters': 9, 'affinity': 'poly', 'assign_labels': 'kmeans', 'random_state': 3033}",0.06867103262278774,203.04407445233852,1.6925233421036217
SpectralClustering,"{'n_clusters': 9, 'affinity': 'poly', 'assign_labels': 'kmeans', 'random_state': 4044}",0.06867103262278774,203.04407445233858,1.6925233421036217
SpectralClustering,"{'n_clusters': 9, 'affinity': 'poly', 'assign_labels': 'kmeans', 'random_state': 5055}",0.06867103262278774,203.0440744523385,1.6925233421036217
SpectralClustering,"{'n_clusters': 9, 'affinity': 'poly', 'assign_labels': 'kmeans', 'random_state': 6066}",0.06867103262278774,203.04407445233858,1.6925233421036217
SpectralClustering,"{'n_clusters': 9, 'affinity': 'poly', 'assign_labels': 'discretize', 'random_state': 42}",0.2789738623958791,872.5838650473235,1.0457609750038634
SpectralClustering,"{'n_clusters': 9, 'affinity': 'poly', 'assign_labels': 'discretize', 'random_state': 123}",0.2789738623958791,872.5838650473233,1.0457609750038634
SpectralClustering,"{'n_clusters': 9, 'affinity': 'poly', 'assign_labels': 'discretize', 'random_state': 456}",0.20786455849204868,637.881464132779,1.4269525798109393
SpectralClustering,"{'n_clusters': 9, 'affinity': 'poly', 'assign_labels': 'discretize', 'random_state': 789}",0.22699552454671562,639.6416489977075,0.9445948337383689
SpectralClustering,"{'n_clusters': 9, 'affinity': 'poly', 'assign_labels': 'discretize', 'random_state': 1011}",0.27950601963592736,872.7775283859537,1.0443979319085241
SpectralClustering,"{'n_clusters': 9, 'affinity': 'poly', 'assign_labels': 'discretize', 'random_state': 2022}",0.2789738623958791,872.5838650473233,1.0457609750038634
SpectralClustering,"{'n_clusters': 9, 'affinity': 'poly', 'assign_labels': 'discretize', 'random_state': 3033}",0.2789738623958791,872.5838650473235,1.0457609750038634
SpectralClustering,"{'n_clusters': 9, 'affinity': 'poly', 'assign_labels': 'discretize', 'random_state': 4044}",0.22871458642676112,780.7819164595829,1.3327041686855599
SpectralClustering,"{'n_clusters': 9, 'affinity': 'poly', 'assign_labels': 'discretize', 'random_state': 5055}",0.27950601963592736,872.7775283859535,1.0443979319085241
SpectralClustering,"{'n_clusters': 9, 'affinity': 'poly', 'assign_labels': 'discretize', 'random_state': 6066}",0.20786455849204868,637.881464132779,1.4269525798109393
SpectralClustering,"{'n_clusters': 9, 'affinity': 'poly', 'assign_labels': 'cluster_qr', 'random_state': 42}",0.2939047144447185,945.424292847373,1.2410987579441004
SpectralClustering,"{'n_clusters': 9, 'affinity': 'poly', 'assign_labels': 'cluster_qr', 'random_state': 123}",0.2939047144447185,945.424292847373,1.2410987579441004
SpectralClustering,"{'n_clusters': 9, 'affinity': 'poly', 'assign_labels': 'cluster_qr', 'random_state': 456}",0.2939047144447185,945.424292847373,1.2410987579441004
SpectralClustering,"{'n_clusters': 9, 'affinity': 'poly', 'assign_labels': 'cluster_qr', 'random_state': 789}",0.2939047144447185,945.424292847373,1.2410987579441004
SpectralClustering,"{'n_clusters': 9, 'affinity': 'poly', 'assign_labels': 'cluster_qr', 'random_state': 1011}",0.2939047144447185,945.424292847373,1.2410987579441004
SpectralClustering,"{'n_clusters': 9, 'affinity': 'poly', 'assign_labels': 'cluster_qr', 'random_state': 2022}",0.2939047144447185,945.424292847373,1.2410987579441004
SpectralClustering,"{'n_clusters': 9, 'affinity': 'poly', 'assign_labels': 'cluster_qr', 'random_state': 3033}",0.2939047144447185,945.424292847373,1.2410987579441004
SpectralClustering,"{'n_clusters': 9, 'affinity': 'poly', 'assign_labels': 'cluster_qr', 'random_state': 4044}",0.2939047144447185,945.424292847373,1.2410987579441004
SpectralClustering,"{'n_clusters': 9, 'affinity': 'poly', 'assign_labels': 'cluster_qr', 'random_state': 5055}",0.2939047144447185,945.424292847373,1.2410987579441004
SpectralClustering,"{'n_clusters': 9, 'affinity': 'poly', 'assign_labels': 'cluster_qr', 'random_state': 6066}",0.2939047144447185,945.424292847373,1.2410987579441004
SpectralClustering,"{'n_clusters': 9, 'affinity': 'sigmoid', 'assign_labels': 'kmeans', 'random_state': 42}",0.08441406256143737,291.1855843740016,2.472008985672915
SpectralClustering,"{'n_clusters': 9, 'affinity': 'sigmoid', 'assign_labels': 'kmeans', 'random_state': 123}",0.030813424545403197,248.4587698647072,2.7788400898007963
SpectralClustering,"{'n_clusters': 9, 'affinity': 'sigmoid', 'assign_labels': 'kmeans', 'random_state': 456}",0.05038176895059114,257.58510124754866,2.94668375200061
SpectralClustering,"{'n_clusters': 9, 'affinity': 'sigmoid', 'assign_labels': 'kmeans', 'random_state': 789}",0.037542092984763104,252.30437420592685,2.813168563593024
SpectralClustering,"{'n_clusters': 9, 'affinity': 'sigmoid', 'assign_labels': 'kmeans', 'random_state': 1011}",0.03301971776728227,249.97530719028768,2.7964462300647925
SpectralClustering,"{'n_clusters': 9, 'affinity': 'sigmoid', 'assign_labels': 'kmeans', 'random_state': 2022}",0.0835331554958338,290.8595522407317,2.4878568274062807
SpectralClustering,"{'n_clusters': 9, 'affinity': 'sigmoid', 'assign_labels': 'kmeans', 'random_state': 3033}",0.08448917458640473,294.9483067610699,2.4998867138659886
SpectralClustering,"{'n_clusters': 9, 'affinity': 'sigmoid', 'assign_labels': 'kmeans', 'random_state': 4044}",0.03308809945804605,250.32842183781173,2.792839920240885
SpectralClustering,"{'n_clusters': 9, 'affinity': 'sigmoid', 'assign_labels': 'kmeans', 'random_state': 5055}",0.031651809264701104,248.93465578236675,2.7817019784896377
SpectralClustering,"{'n_clusters': 9, 'affinity': 'sigmoid', 'assign_labels': 'kmeans', 'random_state': 6066}",0.03183896817087839,249.26400983528794,2.7524061939032043
SpectralClustering,"{'n_clusters': 9, 'affinity': 'sigmoid', 'assign_labels': 'discretize', 'random_state': 42}",0.07215590996918406,284.85186127483934,2.730157679678556
SpectralClustering,"{'n_clusters': 9, 'affinity': 'sigmoid', 'assign_labels': 'discretize', 'random_state': 123}",0.07226003597842237,284.84451955943246,2.7319952376102408
SpectralClustering,"{'n_clusters': 9, 'affinity': 'sigmoid', 'assign_labels': 'discretize', 'random_state': 456}",0.07316715929997812,285.49888063809505,2.738648650755171
SpectralClustering,"{'n_clusters': 9, 'affinity': 'sigmoid', 'assign_labels': 'discretize', 'random_state': 789}",0.07241731205070998,284.8537771863865,2.7316370744156604
SpectralClustering,"{'n_clusters': 9, 'affinity': 'sigmoid', 'assign_labels': 'discretize', 'random_state': 1011}",0.07274229511539891,285.68375889238195,2.7221036221380865
SpectralClustering,"{'n_clusters': 9, 'affinity': 'sigmoid', 'assign_labels': 'discretize', 'random_state': 2022}",0.07258659392001068,285.0606386422662,2.7211328626870612
SpectralClustering,"{'n_clusters': 9, 'affinity': 'sigmoid', 'assign_labels': 'discretize', 'random_state': 3033}",0.07241731205070998,284.8537771863865,2.7316370744156604
SpectralClustering,"{'n_clusters': 9, 'affinity': 'sigmoid', 'assign_labels': 'discretize', 'random_state': 4044}",0.07123399036781636,283.7204678850783,2.8960347840321266
SpectralClustering,"{'n_clusters': 9, 'affinity': 'sigmoid', 'assign_labels': 'discretize', 'random_state': 5055}",0.07419357028285184,289.0435531480935,2.4694301102229175
SpectralClustering,"{'n_clusters': 9, 'affinity': 'sigmoid', 'assign_labels': 'discretize', 'random_state': 6066}",0.07253312293152749,284.87569610477976,2.7318028522850026
SpectralClustering,"{'n_clusters': 9, 'affinity': 'sigmoid', 'assign_labels': 'cluster_qr', 'random_state': 42}",-0.0010154569205853207,114.07517834751096,4.318024396957583
SpectralClustering,"{'n_clusters': 9, 'affinity': 'sigmoid', 'assign_labels': 'cluster_qr', 'random_state': 123}",-0.0010154569205853207,114.07517834751096,4.318024396957583
SpectralClustering,"{'n_clusters': 9, 'affinity': 'sigmoid', 'assign_labels': 'cluster_qr', 'random_state': 456}",-0.0010154569205853207,114.07517834751096,4.318024396957583
SpectralClustering,"{'n_clusters': 9, 'affinity': 'sigmoid', 'assign_labels': 'cluster_qr', 'random_state': 789}",-0.0010154569205853207,114.07517834751096,4.318024396957583
SpectralClustering,"{'n_clusters': 9, 'affinity': 'sigmoid', 'assign_labels': 'cluster_qr', 'random_state': 1011}",-0.0010154569205853207,114.07517834751096,4.318024396957583
SpectralClustering,"{'n_clusters': 9, 'affinity': 'sigmoid', 'assign_labels': 'cluster_qr', 'random_state': 2022}",-0.0010154569205853207,114.07517834751096,4.318024396957583
SpectralClustering,"{'n_clusters': 9, 'affinity': 'sigmoid', 'assign_labels': 'cluster_qr', 'random_state': 3033}",-0.0010154569205853207,114.07517834751096,4.318024396957583
SpectralClustering,"{'n_clusters': 9, 'affinity': 'sigmoid', 'assign_labels': 'cluster_qr', 'random_state': 4044}",-0.0010154569205853207,114.07517834751096,4.318024396957583
SpectralClustering,"{'n_clusters': 9, 'affinity': 'sigmoid', 'assign_labels': 'cluster_qr', 'random_state': 5055}",-0.0010154569205853207,114.07517834751096,4.318024396957583
SpectralClustering,"{'n_clusters': 9, 'affinity': 'sigmoid', 'assign_labels': 'cluster_qr', 'random_state': 6066}",-0.0010154569205853207,114.07517834751096,4.318024396957583
SpectralClustering,"{'n_clusters': 10, 'affinity': 'rbf', 'assign_labels': 'kmeans', 'random_state': 42}",0.3281785949541649,465.2003562821369,1.0499561588940498
SpectralClustering,"{'n_clusters': 10, 'affinity': 'rbf', 'assign_labels': 'kmeans', 'random_state': 123}",0.3283942113487756,465.9212580534608,1.0503115690545757
SpectralClustering,"{'n_clusters': 10, 'affinity': 'rbf', 'assign_labels': 'kmeans', 'random_state': 456}",0.3283942113487756,465.9212580534609,1.0503115690545757
SpectralClustering,"{'n_clusters': 10, 'affinity': 'rbf', 'assign_labels': 'kmeans', 'random_state': 789}",0.32826096376330904,465.7167030907924,1.049920746204879
SpectralClustering,"{'n_clusters': 10, 'affinity': 'rbf', 'assign_labels': 'kmeans', 'random_state': 1011}",0.32826096376330904,465.71670309079235,1.049920746204879
SpectralClustering,"{'n_clusters': 10, 'affinity': 'rbf', 'assign_labels': 'kmeans', 'random_state': 2022}",0.3283942113487756,465.92125805346086,1.0503115690545757
SpectralClustering,"{'n_clusters': 10, 'affinity': 'rbf', 'assign_labels': 'kmeans', 'random_state': 3033}",0.32831184166696964,465.4046364618444,1.0503469817437465
SpectralClustering,"{'n_clusters': 10, 'affinity': 'rbf', 'assign_labels': 'kmeans', 'random_state': 4044}",0.32826096376330904,465.71670309079235,1.049920746204879
SpectralClustering,"{'n_clusters': 10, 'affinity': 'rbf', 'assign_labels': 'kmeans', 'random_state': 5055}",0.32826096376330904,465.71670309079235,1.049920746204879
SpectralClustering,"{'n_clusters': 10, 'affinity': 'rbf', 'assign_labels': 'kmeans', 'random_state': 6066}",0.32826096376330904,465.71670309079224,1.049920746204879
SpectralClustering,"{'n_clusters': 10, 'affinity': 'rbf', 'assign_labels': 'discretize', 'random_state': 42}",0.3720594623805953,777.2142778347988,1.031482671551653
SpectralClustering,"{'n_clusters': 10, 'affinity': 'rbf', 'assign_labels': 'discretize', 'random_state': 123}",0.3720594623805953,777.2142778347988,1.031482671551653
SpectralClustering,"{'n_clusters': 10, 'affinity': 'rbf', 'assign_labels': 'discretize', 'random_state': 456}",0.3720594623805953,777.2142778347987,1.0314826715516532
SpectralClustering,"{'n_clusters': 10, 'affinity': 'rbf', 'assign_labels': 'discretize', 'random_state': 789}",0.3720594623805953,777.2142778347988,1.031482671551653
SpectralClustering,"{'n_clusters': 10, 'affinity': 'rbf', 'assign_labels': 'discretize', 'random_state': 1011}",0.3720594623805953,777.2142778347988,1.0314826715516532
SpectralClustering,"{'n_clusters': 10, 'affinity': 'rbf', 'assign_labels': 'discretize', 'random_state': 2022}",0.3720594623805953,777.2142778347987,1.0314826715516532
SpectralClustering,"{'n_clusters': 10, 'affinity': 'rbf', 'assign_labels': 'discretize', 'random_state': 3033}",0.3720594623805953,777.2142778347987,1.0314826715516532
SpectralClustering,"{'n_clusters': 10, 'affinity': 'rbf', 'assign_labels': 'discretize', 'random_state': 4044}",0.3720594623805953,777.2142778347988,1.031482671551653
SpectralClustering,"{'n_clusters': 10, 'affinity': 'rbf', 'assign_labels': 'discretize', 'random_state': 5055}",0.3720594623805953,777.2142778347988,1.031482671551653
SpectralClustering,"{'n_clusters': 10, 'affinity': 'rbf', 'assign_labels': 'discretize', 'random_state': 6066}",0.3069356517534723,556.8311431102705,1.035740998153936
SpectralClustering,"{'n_clusters': 10, 'affinity': 'rbf', 'assign_labels': 'cluster_qr', 'random_state': 42}",0.3807226299195502,879.7577255575636,1.0563327483543943
SpectralClustering,"{'n_clusters': 10, 'affinity': 'rbf', 'assign_labels': 'cluster_qr', 'random_state': 123}",0.3807226299195502,879.7577255575636,1.0563327483543943
SpectralClustering,"{'n_clusters': 10, 'affinity': 'rbf', 'assign_labels': 'cluster_qr', 'random_state': 456}",0.3807226299195502,879.7577255575636,1.0563327483543943
SpectralClustering,"{'n_clusters': 10, 'affinity': 'rbf', 'assign_labels': 'cluster_qr', 'random_state': 789}",0.3807226299195502,879.7577255575636,1.0563327483543943
SpectralClustering,"{'n_clusters': 10, 'affinity': 'rbf', 'assign_labels': 'cluster_qr', 'random_state': 1011}",0.3807226299195502,879.7577255575636,1.0563327483543943
SpectralClustering,"{'n_clusters': 10, 'affinity': 'rbf', 'assign_labels': 'cluster_qr', 'random_state': 2022}",0.3807226299195502,879.7577255575636,1.0563327483543943
SpectralClustering,"{'n_clusters': 10, 'affinity': 'rbf', 'assign_labels': 'cluster_qr', 'random_state': 3033}",0.3807226299195502,879.7577255575636,1.0563327483543943
SpectralClustering,"{'n_clusters': 10, 'affinity': 'rbf', 'assign_labels': 'cluster_qr', 'random_state': 4044}",0.3807226299195502,879.7577255575636,1.0563327483543943
SpectralClustering,"{'n_clusters': 10, 'affinity': 'rbf', 'assign_labels': 'cluster_qr', 'random_state': 5055}",0.3807226299195502,879.7577255575636,1.0563327483543943
SpectralClustering,"{'n_clusters': 10, 'affinity': 'rbf', 'assign_labels': 'cluster_qr', 'random_state': 6066}",0.3807226299195502,879.7577255575636,1.0563327483543943
SpectralClustering,"{'n_clusters': 10, 'affinity': 'nearest_neighbors', 'assign_labels': 'kmeans', 'random_state': 42, 'n_neighbors': 5}",0.1835100595659332,504.327232219304,1.3116007659589681
SpectralClustering,"{'n_clusters': 10, 'affinity': 'nearest_neighbors', 'assign_labels': 'kmeans', 'random_state': 123, 'n_neighbors': 5}",0.2749223153450424,920.1113859651045,1.2662984503262595
SpectralClustering,"{'n_clusters': 10, 'affinity': 'nearest_neighbors', 'assign_labels': 'kmeans', 'random_state': 456, 'n_neighbors': 5}",0.27917290957992763,947.1864779094532,1.262870394476393
SpectralClustering,"{'n_clusters': 10, 'affinity': 'nearest_neighbors', 'assign_labels': 'kmeans', 'random_state': 789, 'n_neighbors': 5}",0.27917290957992763,947.1864779094534,1.2628703944763928
SpectralClustering,"{'n_clusters': 10, 'affinity': 'nearest_neighbors', 'assign_labels': 'kmeans', 'random_state': 1011, 'n_neighbors': 5}",0.1742245266013717,428.7772113185256,1.365519966992744
SpectralClustering,"{'n_clusters': 10, 'affinity': 'nearest_neighbors', 'assign_labels': 'kmeans', 'random_state': 2022, 'n_neighbors': 5}",0.2795571773288636,947.5640610410343,1.2638170885574784
SpectralClustering,"{'n_clusters': 10, 'affinity': 'nearest_neighbors', 'assign_labels': 'kmeans', 'random_state': 3033, 'n_neighbors': 5}",0.27917290957992763,947.1864779094533,1.2628703944763928
SpectralClustering,"{'n_clusters': 10, 'affinity': 'nearest_neighbors', 'assign_labels': 'kmeans', 'random_state': 4044, 'n_neighbors': 5}",0.27765977559211447,946.2672657185634,1.263909492456321
SpectralClustering,"{'n_clusters': 10, 'affinity': 'nearest_neighbors', 'assign_labels': 'kmeans', 'random_state': 5055, 'n_neighbors': 5}",0.27917290957992763,947.1864779094532,1.2628703944763928
SpectralClustering,"{'n_clusters': 10, 'affinity': 'nearest_neighbors', 'assign_labels': 'kmeans', 'random_state': 6066, 'n_neighbors': 5}",0.2795571773288636,947.5640610410343,1.2638170885574784
SpectralClustering,"{'n_clusters': 10, 'affinity': 'nearest_neighbors', 'assign_labels': 'discretize', 'random_state': 42, 'n_neighbors': 5}",0.20576105270841677,536.3084820003776,1.311963257284878
SpectralClustering,"{'n_clusters': 10, 'affinity': 'nearest_neighbors', 'assign_labels': 'discretize', 'random_state': 123, 'n_neighbors': 5}",0.1809807388610516,431.13497999712234,1.377400638488759
SpectralClustering,"{'n_clusters': 10, 'affinity': 'nearest_neighbors', 'assign_labels': 'discretize', 'random_state': 456, 'n_neighbors': 5}",0.26772986525284187,730.928703056089,1.2241182803684523
SpectralClustering,"{'n_clusters': 10, 'affinity': 'nearest_neighbors', 'assign_labels': 'discretize', 'random_state': 789, 'n_neighbors': 5}",0.18247804925786926,431.2559876261533,1.3756892860484933
SpectralClustering,"{'n_clusters': 10, 'affinity': 'nearest_neighbors', 'assign_labels': 'discretize', 'random_state': 1011, 'n_neighbors': 5}",0.1807926156060241,430.7025552725327,1.3752998971866075
SpectralClustering,"{'n_clusters': 10, 'affinity': 'nearest_neighbors', 'assign_labels': 'discretize', 'random_state': 2022, 'n_neighbors': 5}",0.27473084063724146,736.072568529331,1.2705764182515866
SpectralClustering,"{'n_clusters': 10, 'affinity': 'nearest_neighbors', 'assign_labels': 'discretize', 'random_state': 3033, 'n_neighbors': 5}",0.2075235101786007,541.35087638618,1.3138058765665606
SpectralClustering,"{'n_clusters': 10, 'affinity': 'nearest_neighbors', 'assign_labels': 'discretize', 'random_state': 4044, 'n_neighbors': 5}",0.2560512507628421,677.669762244851,1.2258580667340584
SpectralClustering,"{'n_clusters': 10, 'affinity': 'nearest_neighbors', 'assign_labels': 'discretize', 'random_state': 5055, 'n_neighbors': 5}",0.27293275973254344,891.0728841234612,1.2263550287455522
SpectralClustering,"{'n_clusters': 10, 'affinity': 'nearest_neighbors', 'assign_labels': 'discretize', 'random_state': 6066, 'n_neighbors': 5}",0.24823266565193922,612.1366804485584,1.3535541390249552
SpectralClustering,"{'n_clusters': 10, 'affinity': 'nearest_neighbors', 'assign_labels': 'cluster_qr', 'random_state': 42, 'n_neighbors': 5}",0.27940611346101885,797.4419502055919,1.2964557945190343
SpectralClustering,"{'n_clusters': 10, 'affinity': 'nearest_neighbors', 'assign_labels': 'cluster_qr', 'random_state': 123, 'n_neighbors': 5}",0.18331865009787973,526.9584363624883,1.940145216544981
SpectralClustering,"{'n_clusters': 10, 'affinity': 'nearest_neighbors', 'assign_labels': 'cluster_qr', 'random_state': 456, 'n_neighbors': 5}",0.16581307807629356,402.6992301813052,1.7305252515675882
SpectralClustering,"{'n_clusters': 10, 'affinity': 'nearest_neighbors', 'assign_labels': 'cluster_qr', 'random_state': 789, 'n_neighbors': 5}",0.27178565085078005,770.8758974469843,1.463559488777435
SpectralClustering,"{'n_clusters': 10, 'affinity': 'nearest_neighbors', 'assign_labels': 'cluster_qr', 'random_state': 1011, 'n_neighbors': 5}",0.2781510819016377,792.7656352094464,1.3166652452580319
SpectralClustering,"{'n_clusters': 10, 'affinity': 'nearest_neighbors', 'assign_labels': 'cluster_qr', 'random_state': 2022, 'n_neighbors': 5}",0.20053038037730542,620.5270375959043,1.8614485722155791
SpectralClustering,"{'n_clusters': 10, 'affinity': 'nearest_neighbors', 'assign_labels': 'cluster_qr', 'random_state': 3033, 'n_neighbors': 5}",0.2735279531594069,770.8864544503247,1.375606522527699
SpectralClustering,"{'n_clusters': 10, 'affinity': 'nearest_neighbors', 'assign_labels': 'cluster_qr', 'random_state': 4044, 'n_neighbors': 5}",0.27837584447454927,793.0306829483548,1.3102871296243825
SpectralClustering,"{'n_clusters': 10, 'affinity': 'nearest_neighbors', 'assign_labels': 'cluster_qr', 'random_state': 5055, 'n_neighbors': 5}",0.20915521547073562,777.7888061499553,2.1879976927253013
SpectralClustering,"{'n_clusters': 10, 'affinity': 'nearest_neighbors', 'assign_labels': 'cluster_qr', 'random_state': 6066, 'n_neighbors': 5}",0.19812595706028707,620.7216168968547,1.871837249029064
SpectralClustering,"{'n_clusters': 10, 'affinity': 'nearest_neighbors', 'assign_labels': 'kmeans', 'random_state': 42, 'n_neighbors': 10}",0.3128117894714567,992.703109543181,1.1210419895643766
SpectralClustering,"{'n_clusters': 10, 'affinity': 'nearest_neighbors', 'assign_labels': 'kmeans', 'random_state': 123, 'n_neighbors': 10}",0.2913561525006285,971.3790086717294,1.24135756009674
SpectralClustering,"{'n_clusters': 10, 'affinity': 'nearest_neighbors', 'assign_labels': 'kmeans', 'random_state': 456, 'n_neighbors': 10}",0.31273705468664237,992.6818518144632,1.1204178401784795
SpectralClustering,"{'n_clusters': 10, 'affinity': 'nearest_neighbors', 'assign_labels': 'kmeans', 'random_state': 789, 'n_neighbors': 10}",0.3128117894714567,992.7031095431809,1.1210419895643766
SpectralClustering,"{'n_clusters': 10, 'affinity': 'nearest_neighbors', 'assign_labels': 'kmeans', 'random_state': 1011, 'n_neighbors': 10}",0.3128117894714567,992.7031095431809,1.1210419895643766
SpectralClustering,"{'n_clusters': 10, 'affinity': 'nearest_neighbors', 'assign_labels': 'kmeans', 'random_state': 2022, 'n_neighbors': 10}",0.3128117894714567,992.7031095431809,1.1210419895643766
SpectralClustering,"{'n_clusters': 10, 'affinity': 'nearest_neighbors', 'assign_labels': 'kmeans', 'random_state': 3033, 'n_neighbors': 10}",0.3128117894714567,992.703109543181,1.1210419895643764
SpectralClustering,"{'n_clusters': 10, 'affinity': 'nearest_neighbors', 'assign_labels': 'kmeans', 'random_state': 4044, 'n_neighbors': 10}",0.3128117894714567,992.7031095431811,1.1210419895643766
SpectralClustering,"{'n_clusters': 10, 'affinity': 'nearest_neighbors', 'assign_labels': 'kmeans', 'random_state': 5055, 'n_neighbors': 10}",0.3128117894714567,992.7031095431809,1.1210419895643766
SpectralClustering,"{'n_clusters': 10, 'affinity': 'nearest_neighbors', 'assign_labels': 'kmeans', 'random_state': 6066, 'n_neighbors': 10}",0.3128117894714567,992.7031095431809,1.1210419895643766
SpectralClustering,"{'n_clusters': 10, 'affinity': 'nearest_neighbors', 'assign_labels': 'discretize', 'random_state': 42, 'n_neighbors': 10}",0.31571222841322844,995.0048265508603,1.1055608920453852
SpectralClustering,"{'n_clusters': 10, 'affinity': 'nearest_neighbors', 'assign_labels': 'discretize', 'random_state': 123, 'n_neighbors': 10}",0.2242901278883169,567.302389146315,1.2820768187852702
SpectralClustering,"{'n_clusters': 10, 'affinity': 'nearest_neighbors', 'assign_labels': 'discretize', 'random_state': 456, 'n_neighbors': 10}",0.3127376995424791,987.231508376102,1.1168104016405924
SpectralClustering,"{'n_clusters': 10, 'affinity': 'nearest_neighbors', 'assign_labels': 'discretize', 'random_state': 789, 'n_neighbors': 10}",0.31286276265972274,987.6586631176217,1.1169491850195175
SpectralClustering,"{'n_clusters': 10, 'affinity': 'nearest_neighbors', 'assign_labels': 'discretize', 'random_state': 1011, 'n_neighbors': 10}",0.3156075837403372,994.9070235333675,1.1063938052617857
SpectralClustering,"{'n_clusters': 10, 'affinity': 'nearest_neighbors', 'assign_labels': 'discretize', 'random_state': 2022, 'n_neighbors': 10}",0.3127376995424791,987.2315083761019,1.1168104016405924
SpectralClustering,"{'n_clusters': 10, 'affinity': 'nearest_neighbors', 'assign_labels': 'discretize', 'random_state': 3033, 'n_neighbors': 10}",0.31286276265972274,987.6586631176215,1.1169491850195175
SpectralClustering,"{'n_clusters': 10, 'affinity': 'nearest_neighbors', 'assign_labels': 'discretize', 'random_state': 4044, 'n_neighbors': 10}",0.31289204818205957,987.3882004447497,1.116611132075301
SpectralClustering,"{'n_clusters': 10, 'affinity': 'nearest_neighbors', 'assign_labels': 'discretize', 'random_state': 5055, 'n_neighbors': 10}",0.3127376995424791,987.2315083761019,1.1168104016405922
SpectralClustering,"{'n_clusters': 10, 'affinity': 'nearest_neighbors', 'assign_labels': 'discretize', 'random_state': 6066, 'n_neighbors': 10}",0.31587415265726554,995.4486860301463,1.1054319579128258
SpectralClustering,"{'n_clusters': 10, 'affinity': 'nearest_neighbors', 'assign_labels': 'cluster_qr', 'random_state': 42, 'n_neighbors': 10}",0.3113128443253579,985.7302059541429,1.1194456153457835
SpectralClustering,"{'n_clusters': 10, 'affinity': 'nearest_neighbors', 'assign_labels': 'cluster_qr', 'random_state': 123, 'n_neighbors': 10}",0.20852760608778548,819.3759357434701,4.647846595153623
SpectralClustering,"{'n_clusters': 10, 'affinity': 'nearest_neighbors', 'assign_labels': 'cluster_qr', 'random_state': 456, 'n_neighbors': 10}",0.3113128443253579,985.7302059541429,1.1194456153457835
SpectralClustering,"{'n_clusters': 10, 'affinity': 'nearest_neighbors', 'assign_labels': 'cluster_qr', 'random_state': 789, 'n_neighbors': 10}",0.3113128443253579,985.7302059541429,1.1194456153457835
SpectralClustering,"{'n_clusters': 10, 'affinity': 'nearest_neighbors', 'assign_labels': 'cluster_qr', 'random_state': 1011, 'n_neighbors': 10}",0.3113128443253579,985.7302059541429,1.1194456153457835
SpectralClustering,"{'n_clusters': 10, 'affinity': 'nearest_neighbors', 'assign_labels': 'cluster_qr', 'random_state': 2022, 'n_neighbors': 10}",0.3113128443253579,985.7302059541429,1.1194456153457835
SpectralClustering,"{'n_clusters': 10, 'affinity': 'nearest_neighbors', 'assign_labels': 'cluster_qr', 'random_state': 3033, 'n_neighbors': 10}",0.3113128443253579,985.7302059541429,1.1194456153457835
SpectralClustering,"{'n_clusters': 10, 'affinity': 'nearest_neighbors', 'assign_labels': 'cluster_qr', 'random_state': 4044, 'n_neighbors': 10}",0.3113128443253579,985.7302059541429,1.1194456153457835
SpectralClustering,"{'n_clusters': 10, 'affinity': 'nearest_neighbors', 'assign_labels': 'cluster_qr', 'random_state': 5055, 'n_neighbors': 10}",0.3113128443253579,985.7302059541429,1.1194456153457835
SpectralClustering,"{'n_clusters': 10, 'affinity': 'nearest_neighbors', 'assign_labels': 'cluster_qr', 'random_state': 6066, 'n_neighbors': 10}",0.3113128443253579,985.7302059541429,1.1194456153457835
SpectralClustering,"{'n_clusters': 10, 'affinity': 'nearest_neighbors', 'assign_labels': 'kmeans', 'random_state': 42, 'n_neighbors': 15}",0.314530835854249,998.0670133655781,1.1142274579656284
SpectralClustering,"{'n_clusters': 10, 'affinity': 'nearest_neighbors', 'assign_labels': 'kmeans', 'random_state': 123, 'n_neighbors': 15}",0.3135736209220202,996.2737995539081,1.1172043379482086
SpectralClustering,"{'n_clusters': 10, 'affinity': 'nearest_neighbors', 'assign_labels': 'kmeans', 'random_state': 456, 'n_neighbors': 15}",0.31367160592053234,996.498220809191,1.117774658867385
SpectralClustering,"{'n_clusters': 10, 'affinity': 'nearest_neighbors', 'assign_labels': 'kmeans', 'random_state': 789, 'n_neighbors': 15}",0.31367160592053234,996.4982208091909,1.117774658867385
SpectralClustering,"{'n_clusters': 10, 'affinity': 'nearest_neighbors', 'assign_labels': 'kmeans', 'random_state': 1011, 'n_neighbors': 15}",0.31367160592053234,996.498220809191,1.117774658867385
SpectralClustering,"{'n_clusters': 10, 'affinity': 'nearest_neighbors', 'assign_labels': 'kmeans', 'random_state': 2022, 'n_neighbors': 15}",0.3146223856712918,998.2408173825929,1.11435891183405
SpectralClustering,"{'n_clusters': 10, 'affinity': 'nearest_neighbors', 'assign_labels': 'kmeans', 'random_state': 3033, 'n_neighbors': 15}",0.31367160592053234,996.4982208091908,1.117774658867385
SpectralClustering,"{'n_clusters': 10, 'affinity': 'nearest_neighbors', 'assign_labels': 'kmeans', 'random_state': 4044, 'n_neighbors': 15}",0.31367160592053234,996.4982208091911,1.117774658867385
SpectralClustering,"{'n_clusters': 10, 'affinity': 'nearest_neighbors', 'assign_labels': 'kmeans', 'random_state': 5055, 'n_neighbors': 15}",0.31367160592053234,996.498220809191,1.117774658867385
SpectralClustering,"{'n_clusters': 10, 'affinity': 'nearest_neighbors', 'assign_labels': 'kmeans', 'random_state': 6066, 'n_neighbors': 15}",0.3135736209220202,996.2737995539081,1.1172043379482086
SpectralClustering,"{'n_clusters': 10, 'affinity': 'nearest_neighbors', 'assign_labels': 'discretize', 'random_state': 42, 'n_neighbors': 15}",0.313456235371246,991.3751900238234,1.1122204071659945
SpectralClustering,"{'n_clusters': 10, 'affinity': 'nearest_neighbors', 'assign_labels': 'discretize', 'random_state': 123, 'n_neighbors': 15}",0.31342276383376527,991.4680131620785,1.1122389867838556
SpectralClustering,"{'n_clusters': 10, 'affinity': 'nearest_neighbors', 'assign_labels': 'discretize', 'random_state': 456, 'n_neighbors': 15}",0.31637620839040825,997.2548149603954,1.0919382127401587
SpectralClustering,"{'n_clusters': 10, 'affinity': 'nearest_neighbors', 'assign_labels': 'discretize', 'random_state': 789, 'n_neighbors': 15}",0.3132010461626336,990.461305077951,1.1115626899858715
SpectralClustering,"{'n_clusters': 10, 'affinity': 'nearest_neighbors', 'assign_labels': 'discretize', 'random_state': 1011, 'n_neighbors': 15}",0.313456235371246,991.3751900238235,1.1122204071659947
SpectralClustering,"{'n_clusters': 10, 'affinity': 'nearest_neighbors', 'assign_labels': 'discretize', 'random_state': 2022, 'n_neighbors': 15}",0.31637620839040825,997.2548149603952,1.0919382127401587
SpectralClustering,"{'n_clusters': 10, 'affinity': 'nearest_neighbors', 'assign_labels': 'discretize', 'random_state': 3033, 'n_neighbors': 15}",0.31637620839040825,997.2548149603953,1.0919382127401587
SpectralClustering,"{'n_clusters': 10, 'affinity': 'nearest_neighbors', 'assign_labels': 'discretize', 'random_state': 4044, 'n_neighbors': 15}",0.31342276383376527,991.4680131620784,1.1122389867838558
SpectralClustering,"{'n_clusters': 10, 'affinity': 'nearest_neighbors', 'assign_labels': 'discretize', 'random_state': 5055, 'n_neighbors': 15}",0.3125457702611604,990.0191731970835,1.1133201269385473
SpectralClustering,"{'n_clusters': 10, 'affinity': 'nearest_neighbors', 'assign_labels': 'discretize', 'random_state': 6066, 'n_neighbors': 15}",0.31627230574251747,996.6578777838239,1.0946781585088585
SpectralClustering,"{'n_clusters': 10, 'affinity': 'nearest_neighbors', 'assign_labels': 'cluster_qr', 'random_state': 42, 'n_neighbors': 15}",0.313064680652407,990.9358930001816,1.1139330600566808
SpectralClustering,"{'n_clusters': 10, 'affinity': 'nearest_neighbors', 'assign_labels': 'cluster_qr', 'random_state': 123, 'n_neighbors': 15}",0.313064680652407,990.9358930001816,1.1139330600566808
SpectralClustering,"{'n_clusters': 10, 'affinity': 'nearest_neighbors', 'assign_labels': 'cluster_qr', 'random_state': 456, 'n_neighbors': 15}",0.313064680652407,990.9358930001816,1.1139330600566808
SpectralClustering,"{'n_clusters': 10, 'affinity': 'nearest_neighbors', 'assign_labels': 'cluster_qr', 'random_state': 789, 'n_neighbors': 15}",0.313064680652407,990.9358930001816,1.1139330600566808
SpectralClustering,"{'n_clusters': 10, 'affinity': 'nearest_neighbors', 'assign_labels': 'cluster_qr', 'random_state': 1011, 'n_neighbors': 15}",0.313064680652407,990.9358930001816,1.1139330600566808
SpectralClustering,"{'n_clusters': 10, 'affinity': 'nearest_neighbors', 'assign_labels': 'cluster_qr', 'random_state': 2022, 'n_neighbors': 15}",0.313064680652407,990.9358930001816,1.1139330600566808
SpectralClustering,"{'n_clusters': 10, 'affinity': 'nearest_neighbors', 'assign_labels': 'cluster_qr', 'random_state': 3033, 'n_neighbors': 15}",0.313064680652407,990.9358930001816,1.1139330600566808
SpectralClustering,"{'n_clusters': 10, 'affinity': 'nearest_neighbors', 'assign_labels': 'cluster_qr', 'random_state': 4044, 'n_neighbors': 15}",0.313064680652407,990.9358930001816,1.1139330600566808
SpectralClustering,"{'n_clusters': 10, 'affinity': 'nearest_neighbors', 'assign_labels': 'cluster_qr', 'random_state': 5055, 'n_neighbors': 15}",0.313064680652407,990.9358930001816,1.1139330600566808
SpectralClustering,"{'n_clusters': 10, 'affinity': 'nearest_neighbors', 'assign_labels': 'cluster_qr', 'random_state': 6066, 'n_neighbors': 15}",0.313064680652407,990.9358930001816,1.1139330600566808
SpectralClustering,"{'n_clusters': 10, 'affinity': 'nearest_neighbors', 'assign_labels': 'kmeans', 'random_state': 42, 'n_neighbors': 20}",0.3154797435325712,1003.7639243410391,1.0835689831043318
SpectralClustering,"{'n_clusters': 10, 'affinity': 'nearest_neighbors', 'assign_labels': 'kmeans', 'random_state': 123, 'n_neighbors': 20}",0.3154797435325712,1003.7639243410392,1.0835689831043318
SpectralClustering,"{'n_clusters': 10, 'affinity': 'nearest_neighbors', 'assign_labels': 'kmeans', 'random_state': 456, 'n_neighbors': 20}",0.31550467410571725,1003.8359466944639,1.0830278184357838
SpectralClustering,"{'n_clusters': 10, 'affinity': 'nearest_neighbors', 'assign_labels': 'kmeans', 'random_state': 789, 'n_neighbors': 20}",0.31556925766859606,1004.1807324059268,1.0836705869004413
SpectralClustering,"{'n_clusters': 10, 'affinity': 'nearest_neighbors', 'assign_labels': 'kmeans', 'random_state': 1011, 'n_neighbors': 20}",0.3155637615022197,1004.0294726145058,1.082860427629132
SpectralClustering,"{'n_clusters': 10, 'affinity': 'nearest_neighbors', 'assign_labels': 'kmeans', 'random_state': 2022, 'n_neighbors': 20}",0.3155637615022197,1004.0294726145061,1.0828604276291318
SpectralClustering,"{'n_clusters': 10, 'affinity': 'nearest_neighbors', 'assign_labels': 'kmeans', 'random_state': 3033, 'n_neighbors': 20}",0.3155637615022197,1004.0294726145061,1.0828604276291323
SpectralClustering,"{'n_clusters': 10, 'affinity': 'nearest_neighbors', 'assign_labels': 'kmeans', 'random_state': 4044, 'n_neighbors': 20}",0.3155637615022197,1004.029472614506,1.082860427629132
SpectralClustering,"{'n_clusters': 10, 'affinity': 'nearest_neighbors', 'assign_labels': 'kmeans', 'random_state': 5055, 'n_neighbors': 20}",0.31550028582842116,1003.9127649766624,1.083534908769478
SpectralClustering,"{'n_clusters': 10, 'affinity': 'nearest_neighbors', 'assign_labels': 'kmeans', 'random_state': 6066, 'n_neighbors': 20}",0.3154797435325712,1003.7639243410395,1.0835689831043318
SpectralClustering,"{'n_clusters': 10, 'affinity': 'nearest_neighbors', 'assign_labels': 'discretize', 'random_state': 42, 'n_neighbors': 20}",0.31269162631219555,987.5379696396235,1.1102234547002872
SpectralClustering,"{'n_clusters': 10, 'affinity': 'nearest_neighbors', 'assign_labels': 'discretize', 'random_state': 123, 'n_neighbors': 20}",0.3134965221586055,989.1613546037227,1.1107788527396862
SpectralClustering,"{'n_clusters': 10, 'affinity': 'nearest_neighbors', 'assign_labels': 'discretize', 'random_state': 456, 'n_neighbors': 20}",0.3132657581444002,988.2818221369901,1.1100909652529913
SpectralClustering,"{'n_clusters': 10, 'affinity': 'nearest_neighbors', 'assign_labels': 'discretize', 'random_state': 789, 'n_neighbors': 20}",0.3130709648038374,987.8575110201795,1.1100216992089458
SpectralClustering,"{'n_clusters': 10, 'affinity': 'nearest_neighbors', 'assign_labels': 'discretize', 'random_state': 1011, 'n_neighbors': 20}",0.3134965221586055,989.1613546037227,1.1107788527396862
SpectralClustering,"{'n_clusters': 10, 'affinity': 'nearest_neighbors', 'assign_labels': 'discretize', 'random_state': 2022, 'n_neighbors': 20}",0.3157915398998794,995.0898997347432,1.0896971249153786
SpectralClustering,"{'n_clusters': 10, 'affinity': 'nearest_neighbors', 'assign_labels': 'discretize', 'random_state': 3033, 'n_neighbors': 20}",0.3157915398998794,995.0898997347433,1.0896971249153786
SpectralClustering,"{'n_clusters': 10, 'affinity': 'nearest_neighbors', 'assign_labels': 'discretize', 'random_state': 4044, 'n_neighbors': 20}",0.3130709648038374,987.8575110201793,1.1100216992089458
SpectralClustering,"{'n_clusters': 10, 'affinity': 'nearest_neighbors', 'assign_labels': 'discretize', 'random_state': 5055, 'n_neighbors': 20}",0.31269162631219555,987.5379696396236,1.1102234547002872
SpectralClustering,"{'n_clusters': 10, 'affinity': 'nearest_neighbors', 'assign_labels': 'discretize', 'random_state': 6066, 'n_neighbors': 20}",0.3157915398998794,995.0898997347433,1.0896971249153782
SpectralClustering,"{'n_clusters': 10, 'affinity': 'nearest_neighbors', 'assign_labels': 'cluster_qr', 'random_state': 42, 'n_neighbors': 20}",0.3115432969847653,985.8860542307318,1.1138872447244783
SpectralClustering,"{'n_clusters': 10, 'affinity': 'nearest_neighbors', 'assign_labels': 'cluster_qr', 'random_state': 123, 'n_neighbors': 20}",0.3115432969847653,985.8860542307318,1.1138872447244783
SpectralClustering,"{'n_clusters': 10, 'affinity': 'nearest_neighbors', 'assign_labels': 'cluster_qr', 'random_state': 456, 'n_neighbors': 20}",0.3115432969847653,985.8860542307318,1.1138872447244783
SpectralClustering,"{'n_clusters': 10, 'affinity': 'nearest_neighbors', 'assign_labels': 'cluster_qr', 'random_state': 789, 'n_neighbors': 20}",0.3115432969847653,985.8860542307318,1.1138872447244783
SpectralClustering,"{'n_clusters': 10, 'affinity': 'nearest_neighbors', 'assign_labels': 'cluster_qr', 'random_state': 1011, 'n_neighbors': 20}",0.3115432969847653,985.8860542307318,1.1138872447244783
SpectralClustering,"{'n_clusters': 10, 'affinity': 'nearest_neighbors', 'assign_labels': 'cluster_qr', 'random_state': 2022, 'n_neighbors': 20}",0.3115432969847653,985.8860542307318,1.1138872447244783
SpectralClustering,"{'n_clusters': 10, 'affinity': 'nearest_neighbors', 'assign_labels': 'cluster_qr', 'random_state': 3033, 'n_neighbors': 20}",0.3115432969847653,985.8860542307318,1.1138872447244783
SpectralClustering,"{'n_clusters': 10, 'affinity': 'nearest_neighbors', 'assign_labels': 'cluster_qr', 'random_state': 4044, 'n_neighbors': 20}",0.3115432969847653,985.8860542307318,1.1138872447244783
SpectralClustering,"{'n_clusters': 10, 'affinity': 'nearest_neighbors', 'assign_labels': 'cluster_qr', 'random_state': 5055, 'n_neighbors': 20}",0.3115432969847653,985.8860542307318,1.1138872447244783
SpectralClustering,"{'n_clusters': 10, 'affinity': 'nearest_neighbors', 'assign_labels': 'cluster_qr', 'random_state': 6066, 'n_neighbors': 20}",0.3115432969847653,985.8860542307318,1.1138872447244783
SpectralClustering,"{'n_clusters': 10, 'affinity': 'nearest_neighbors', 'assign_labels': 'kmeans', 'random_state': 42, 'n_neighbors': 50}",0.2919114234738999,858.0674191434274,0.9878453795632147
SpectralClustering,"{'n_clusters': 10, 'affinity': 'nearest_neighbors', 'assign_labels': 'kmeans', 'random_state': 123, 'n_neighbors': 50}",0.2919114234738999,858.0674191434275,0.9878453795632147
SpectralClustering,"{'n_clusters': 10, 'affinity': 'nearest_neighbors', 'assign_labels': 'kmeans', 'random_state': 456, 'n_neighbors': 50}",0.2919114234738999,858.0674191434273,0.9878453795632147
SpectralClustering,"{'n_clusters': 10, 'affinity': 'nearest_neighbors', 'assign_labels': 'kmeans', 'random_state': 789, 'n_neighbors': 50}",0.2919114234738999,858.0674191434273,0.9878453795632147
SpectralClustering,"{'n_clusters': 10, 'affinity': 'nearest_neighbors', 'assign_labels': 'kmeans', 'random_state': 1011, 'n_neighbors': 50}",0.2919114234738999,858.0674191434277,0.9878453795632147
SpectralClustering,"{'n_clusters': 10, 'affinity': 'nearest_neighbors', 'assign_labels': 'kmeans', 'random_state': 2022, 'n_neighbors': 50}",0.2919114234738999,858.0674191434275,0.9878453795632147
SpectralClustering,"{'n_clusters': 10, 'affinity': 'nearest_neighbors', 'assign_labels': 'kmeans', 'random_state': 3033, 'n_neighbors': 50}",0.2919114234738999,858.0674191434273,0.9878453795632147
SpectralClustering,"{'n_clusters': 10, 'affinity': 'nearest_neighbors', 'assign_labels': 'kmeans', 'random_state': 4044, 'n_neighbors': 50}",0.2919114234738999,858.0674191434275,0.9878453795632147
SpectralClustering,"{'n_clusters': 10, 'affinity': 'nearest_neighbors', 'assign_labels': 'kmeans', 'random_state': 5055, 'n_neighbors': 50}",0.2919114234738999,858.0674191434277,0.9878453795632145
SpectralClustering,"{'n_clusters': 10, 'affinity': 'nearest_neighbors', 'assign_labels': 'kmeans', 'random_state': 6066, 'n_neighbors': 50}",0.2919114234738999,858.0674191434277,0.9878453795632147
SpectralClustering,"{'n_clusters': 10, 'affinity': 'nearest_neighbors', 'assign_labels': 'discretize', 'random_state': 42, 'n_neighbors': 50}",0.292508594924023,855.0963462363151,0.9922887259306004
SpectralClustering,"{'n_clusters': 10, 'affinity': 'nearest_neighbors', 'assign_labels': 'discretize', 'random_state': 123, 'n_neighbors': 50}",0.2909026266448102,852.1022951252393,1.0112216656564617
SpectralClustering,"{'n_clusters': 10, 'affinity': 'nearest_neighbors', 'assign_labels': 'discretize', 'random_state': 456, 'n_neighbors': 50}",0.29244223346856046,855.2502445596546,0.9918816934114087
SpectralClustering,"{'n_clusters': 10, 'affinity': 'nearest_neighbors', 'assign_labels': 'discretize', 'random_state': 789, 'n_neighbors': 50}",0.2913794816677454,851.2265786259576,1.0136996842015535
SpectralClustering,"{'n_clusters': 10, 'affinity': 'nearest_neighbors', 'assign_labels': 'discretize', 'random_state': 1011, 'n_neighbors': 50}",0.2909026266448102,852.1022951252394,1.0112216656564619
SpectralClustering,"{'n_clusters': 10, 'affinity': 'nearest_neighbors', 'assign_labels': 'discretize', 'random_state': 2022, 'n_neighbors': 50}",0.2924157501033293,855.4430500706244,0.9909609559741022
SpectralClustering,"{'n_clusters': 10, 'affinity': 'nearest_neighbors', 'assign_labels': 'discretize', 'random_state': 3033, 'n_neighbors': 50}",0.2924157501033293,855.4430500706244,0.9909609559741022
SpectralClustering,"{'n_clusters': 10, 'affinity': 'nearest_neighbors', 'assign_labels': 'discretize', 'random_state': 4044, 'n_neighbors': 50}",0.29244223346856046,855.2502445596548,0.9918816934114087
SpectralClustering,"{'n_clusters': 10, 'affinity': 'nearest_neighbors', 'assign_labels': 'discretize', 'random_state': 5055, 'n_neighbors': 50}",0.2924157501033293,855.443050070624,0.9909609559741022
SpectralClustering,"{'n_clusters': 10, 'affinity': 'nearest_neighbors', 'assign_labels': 'discretize', 'random_state': 6066, 'n_neighbors': 50}",0.29249272861204395,854.7941162602905,0.992697518811684
SpectralClustering,"{'n_clusters': 10, 'affinity': 'nearest_neighbors', 'assign_labels': 'cluster_qr', 'random_state': 42, 'n_neighbors': 50}",0.28864356196510715,852.1669725720989,1.0172143392062205
SpectralClustering,"{'n_clusters': 10, 'affinity': 'nearest_neighbors', 'assign_labels': 'cluster_qr', 'random_state': 123, 'n_neighbors': 50}",0.28864356196510715,852.1669725720989,1.0172143392062205
SpectralClustering,"{'n_clusters': 10, 'affinity': 'nearest_neighbors', 'assign_labels': 'cluster_qr', 'random_state': 456, 'n_neighbors': 50}",0.28864356196510715,852.1669725720989,1.0172143392062205
SpectralClustering,"{'n_clusters': 10, 'affinity': 'nearest_neighbors', 'assign_labels': 'cluster_qr', 'random_state': 789, 'n_neighbors': 50}",0.28864356196510715,852.1669725720989,1.0172143392062205
SpectralClustering,"{'n_clusters': 10, 'affinity': 'nearest_neighbors', 'assign_labels': 'cluster_qr', 'random_state': 1011, 'n_neighbors': 50}",0.28864356196510715,852.1669725720989,1.0172143392062205
SpectralClustering,"{'n_clusters': 10, 'affinity': 'nearest_neighbors', 'assign_labels': 'cluster_qr', 'random_state': 2022, 'n_neighbors': 50}",0.28864356196510715,852.1669725720989,1.0172143392062205
SpectralClustering,"{'n_clusters': 10, 'affinity': 'nearest_neighbors', 'assign_labels': 'cluster_qr', 'random_state': 3033, 'n_neighbors': 50}",0.28864356196510715,852.1669725720989,1.0172143392062205
SpectralClustering,"{'n_clusters': 10, 'affinity': 'nearest_neighbors', 'assign_labels': 'cluster_qr', 'random_state': 4044, 'n_neighbors': 50}",0.28864356196510715,852.1669725720989,1.0172143392062205
SpectralClustering,"{'n_clusters': 10, 'affinity': 'nearest_neighbors', 'assign_labels': 'cluster_qr', 'random_state': 5055, 'n_neighbors': 50}",0.28864356196510715,852.1669725720989,1.0172143392062205
SpectralClustering,"{'n_clusters': 10, 'affinity': 'nearest_neighbors', 'assign_labels': 'cluster_qr', 'random_state': 6066, 'n_neighbors': 50}",0.28864356196510715,852.1669725720989,1.0172143392062205
SpectralClustering,"{'n_clusters': 10, 'affinity': 'nearest_neighbors', 'assign_labels': 'kmeans', 'random_state': 42, 'n_neighbors': 100}",0.2939485264377821,871.2995819676731,0.9901261790899666
SpectralClustering,"{'n_clusters': 10, 'affinity': 'nearest_neighbors', 'assign_labels': 'kmeans', 'random_state': 123, 'n_neighbors': 100}",0.29447703920750734,871.2891284915979,0.9941003061725638
SpectralClustering,"{'n_clusters': 10, 'affinity': 'nearest_neighbors', 'assign_labels': 'kmeans', 'random_state': 456, 'n_neighbors': 100}",0.29397831887316506,871.3021588189819,0.9903767832414797
SpectralClustering,"{'n_clusters': 10, 'affinity': 'nearest_neighbors', 'assign_labels': 'kmeans', 'random_state': 789, 'n_neighbors': 100}",0.2939485264377821,871.2995819676731,0.9901261790899666
SpectralClustering,"{'n_clusters': 10, 'affinity': 'nearest_neighbors', 'assign_labels': 'kmeans', 'random_state': 1011, 'n_neighbors': 100}",0.2939485264377821,871.2995819676731,0.9901261790899667
SpectralClustering,"{'n_clusters': 10, 'affinity': 'nearest_neighbors', 'assign_labels': 'kmeans', 'random_state': 2022, 'n_neighbors': 100}",0.2939485264377821,871.2995819676732,0.9901261790899666
SpectralClustering,"{'n_clusters': 10, 'affinity': 'nearest_neighbors', 'assign_labels': 'kmeans', 'random_state': 3033, 'n_neighbors': 100}",0.2940162545322027,871.2419078246046,0.9911556210226745
SpectralClustering,"{'n_clusters': 10, 'affinity': 'nearest_neighbors', 'assign_labels': 'kmeans', 'random_state': 4044, 'n_neighbors': 100}",0.29404177215085964,871.3266936440812,0.990666184235313
SpectralClustering,"{'n_clusters': 10, 'affinity': 'nearest_neighbors', 'assign_labels': 'kmeans', 'random_state': 5055, 'n_neighbors': 100}",0.2939485264377821,871.2995819676731,0.9901261790899666
SpectralClustering,"{'n_clusters': 10, 'affinity': 'nearest_neighbors', 'assign_labels': 'kmeans', 'random_state': 6066, 'n_neighbors': 100}",0.2939485264377821,871.2995819676732,0.9901261790899666
SpectralClustering,"{'n_clusters': 10, 'affinity': 'nearest_neighbors', 'assign_labels': 'discretize', 'random_state': 42, 'n_neighbors': 100}",0.28768653178328707,863.1026770169958,1.0295586818721747
SpectralClustering,"{'n_clusters': 10, 'affinity': 'nearest_neighbors', 'assign_labels': 'discretize', 'random_state': 123, 'n_neighbors': 100}",0.28768653178328707,863.1026770169957,1.029558681872175
SpectralClustering,"{'n_clusters': 10, 'affinity': 'nearest_neighbors', 'assign_labels': 'discretize', 'random_state': 456, 'n_neighbors': 100}",0.2924016324459486,863.2143392892231,1.019247036329944
SpectralClustering,"{'n_clusters': 10, 'affinity': 'nearest_neighbors', 'assign_labels': 'discretize', 'random_state': 789, 'n_neighbors': 100}",0.29486826438280617,868.927118833741,0.9991468601507754
SpectralClustering,"{'n_clusters': 10, 'affinity': 'nearest_neighbors', 'assign_labels': 'discretize', 'random_state': 1011, 'n_neighbors': 100}",0.2875947394485619,863.0168390680434,1.0297528014652484
SpectralClustering,"{'n_clusters': 10, 'affinity': 'nearest_neighbors', 'assign_labels': 'discretize', 'random_state': 2022, 'n_neighbors': 100}",0.2922153472379271,862.246467900451,1.0243541856317369
SpectralClustering,"{'n_clusters': 10, 'affinity': 'nearest_neighbors', 'assign_labels': 'discretize', 'random_state': 3033, 'n_neighbors': 100}",0.29486826438280617,868.927118833741,0.9991468601507754
SpectralClustering,"{'n_clusters': 10, 'affinity': 'nearest_neighbors', 'assign_labels': 'discretize', 'random_state': 4044, 'n_neighbors': 100}",0.292122793102121,863.4242522893851,1.0172176609401746
SpectralClustering,"{'n_clusters': 10, 'affinity': 'nearest_neighbors', 'assign_labels': 'discretize', 'random_state': 5055, 'n_neighbors': 100}",0.293396278106012,863.7037389370877,1.0219642813210883
SpectralClustering,"{'n_clusters': 10, 'affinity': 'nearest_neighbors', 'assign_labels': 'discretize', 'random_state': 6066, 'n_neighbors': 100}",0.2935779750145091,864.423403468397,1.0224970168777585
SpectralClustering,"{'n_clusters': 10, 'affinity': 'nearest_neighbors', 'assign_labels': 'cluster_qr', 'random_state': 42, 'n_neighbors': 100}",0.28637184178806,864.2604277569686,1.0279556210550311
SpectralClustering,"{'n_clusters': 10, 'affinity': 'nearest_neighbors', 'assign_labels': 'cluster_qr', 'random_state': 123, 'n_neighbors': 100}",0.28637184178806,864.2604277569686,1.0279556210550311
SpectralClustering,"{'n_clusters': 10, 'affinity': 'nearest_neighbors', 'assign_labels': 'cluster_qr', 'random_state': 456, 'n_neighbors': 100}",0.28637184178806,864.2604277569686,1.0279556210550311
SpectralClustering,"{'n_clusters': 10, 'affinity': 'nearest_neighbors', 'assign_labels': 'cluster_qr', 'random_state': 789, 'n_neighbors': 100}",0.28637184178806,864.2604277569686,1.0279556210550311
SpectralClustering,"{'n_clusters': 10, 'affinity': 'nearest_neighbors', 'assign_labels': 'cluster_qr', 'random_state': 1011, 'n_neighbors': 100}",0.28637184178806,864.2604277569686,1.0279556210550311
SpectralClustering,"{'n_clusters': 10, 'affinity': 'nearest_neighbors', 'assign_labels': 'cluster_qr', 'random_state': 2022, 'n_neighbors': 100}",0.28637184178806,864.2604277569686,1.0279556210550311
SpectralClustering,"{'n_clusters': 10, 'affinity': 'nearest_neighbors', 'assign_labels': 'cluster_qr', 'random_state': 3033, 'n_neighbors': 100}",0.28637184178806,864.2604277569686,1.0279556210550311
SpectralClustering,"{'n_clusters': 10, 'affinity': 'nearest_neighbors', 'assign_labels': 'cluster_qr', 'random_state': 4044, 'n_neighbors': 100}",0.28637184178806,864.2604277569686,1.0279556210550311
SpectralClustering,"{'n_clusters': 10, 'affinity': 'nearest_neighbors', 'assign_labels': 'cluster_qr', 'random_state': 5055, 'n_neighbors': 100}",0.28637184178806,864.2604277569686,1.0279556210550311
SpectralClustering,"{'n_clusters': 10, 'affinity': 'nearest_neighbors', 'assign_labels': 'cluster_qr', 'random_state': 6066, 'n_neighbors': 100}",0.28637184178806,864.2604277569686,1.0279556210550311
SpectralClustering,"{'n_clusters': 10, 'affinity': 'polynomial', 'assign_labels': 'kmeans', 'random_state': 42}",0.06461193783907161,182.22865350145253,1.4993929195125673
SpectralClustering,"{'n_clusters': 10, 'affinity': 'polynomial', 'assign_labels': 'kmeans', 'random_state': 123}",0.064642299533908,182.39343184714096,1.498713353789597
SpectralClustering,"{'n_clusters': 10, 'affinity': 'polynomial', 'assign_labels': 'kmeans', 'random_state': 456}",0.061901076207569655,180.70671150413165,1.5199005568483934
SpectralClustering,"{'n_clusters': 10, 'affinity': 'polynomial', 'assign_labels': 'kmeans', 'random_state': 789}",0.06162216612427196,180.5603938959269,1.519822133280784
SpectralClustering,"{'n_clusters': 10, 'affinity': 'polynomial', 'assign_labels': 'kmeans', 'random_state': 1011}",0.061901076207569655,180.7067115041316,1.5199005568483936
SpectralClustering,"{'n_clusters': 10, 'affinity': 'polynomial', 'assign_labels': 'kmeans', 'random_state': 2022}",0.06488035127666852,182.58866635692195,1.4996507300208237
SpectralClustering,"{'n_clusters': 10, 'affinity': 'polynomial', 'assign_labels': 'kmeans', 'random_state': 3033}",0.06664021461690857,183.12260223343227,1.4973986840564923
SpectralClustering,"{'n_clusters': 10, 'affinity': 'polynomial', 'assign_labels': 'kmeans', 'random_state': 4044}",0.06488035127666852,182.58866635692198,1.4996507300208237
SpectralClustering,"{'n_clusters': 10, 'affinity': 'polynomial', 'assign_labels': 'kmeans', 'random_state': 5055}",0.06476456348135971,182.8986567341136,1.4991622736781995
SpectralClustering,"{'n_clusters': 10, 'affinity': 'polynomial', 'assign_labels': 'kmeans', 'random_state': 6066}",0.0637828269991614,181.5056641828319,1.4981763647599395
SpectralClustering,"{'n_clusters': 10, 'affinity': 'polynomial', 'assign_labels': 'discretize', 'random_state': 42}",0.25291653504211165,736.9026427523434,1.168595685863686
SpectralClustering,"{'n_clusters': 10, 'affinity': 'polynomial', 'assign_labels': 'discretize', 'random_state': 123}",0.26662878556381353,797.7175702045495,1.1646521051992516
SpectralClustering,"{'n_clusters': 10, 'affinity': 'polynomial', 'assign_labels': 'discretize', 'random_state': 456}",0.2638133226768285,791.0602562061044,1.1622553622523866
SpectralClustering,"{'n_clusters': 10, 'affinity': 'polynomial', 'assign_labels': 'discretize', 'random_state': 789}",0.2781352709568167,863.2578744131313,1.1411061819955948
SpectralClustering,"{'n_clusters': 10, 'affinity': 'polynomial', 'assign_labels': 'discretize', 'random_state': 1011}",0.2660908156561633,782.0285022607794,1.1724157987236596
SpectralClustering,"{'n_clusters': 10, 'affinity': 'polynomial', 'assign_labels': 'discretize', 'random_state': 2022}",0.23084133848839938,616.5437410136232,1.078567820938363
SpectralClustering,"{'n_clusters': 10, 'affinity': 'polynomial', 'assign_labels': 'discretize', 'random_state': 3033}",0.2664965558959978,799.0456698860937,1.1641561453313751
SpectralClustering,"{'n_clusters': 10, 'affinity': 'polynomial', 'assign_labels': 'discretize', 'random_state': 4044}",0.27811625187956446,864.2616053527158,1.1406817721002795
SpectralClustering,"{'n_clusters': 10, 'affinity': 'polynomial', 'assign_labels': 'discretize', 'random_state': 5055}",0.2604061589407241,760.1387928323711,1.1086521855308993
SpectralClustering,"{'n_clusters': 10, 'affinity': 'polynomial', 'assign_labels': 'discretize', 'random_state': 6066}",0.2668903842353048,799.1859130966553,1.164210760328211
SpectralClustering,"{'n_clusters': 10, 'affinity': 'polynomial', 'assign_labels': 'cluster_qr', 'random_state': 42}",0.28246786973238114,763.8208058444095,1.4051064759873266
SpectralClustering,"{'n_clusters': 10, 'affinity': 'polynomial', 'assign_labels': 'cluster_qr', 'random_state': 123}",0.28246786973238114,763.8208058444095,1.4051064759873266
SpectralClustering,"{'n_clusters': 10, 'affinity': 'polynomial', 'assign_labels': 'cluster_qr', 'random_state': 456}",0.28246786973238114,763.8208058444095,1.4051064759873266
SpectralClustering,"{'n_clusters': 10, 'affinity': 'polynomial', 'assign_labels': 'cluster_qr', 'random_state': 789}",0.28246786973238114,763.8208058444095,1.4051064759873266
SpectralClustering,"{'n_clusters': 10, 'affinity': 'polynomial', 'assign_labels': 'cluster_qr', 'random_state': 1011}",0.28246786973238114,763.8208058444095,1.4051064759873266
SpectralClustering,"{'n_clusters': 10, 'affinity': 'polynomial', 'assign_labels': 'cluster_qr', 'random_state': 2022}",0.28246786973238114,763.8208058444095,1.4051064759873266
SpectralClustering,"{'n_clusters': 10, 'affinity': 'polynomial', 'assign_labels': 'cluster_qr', 'random_state': 3033}",0.28246786973238114,763.8208058444095,1.4051064759873266
SpectralClustering,"{'n_clusters': 10, 'affinity': 'polynomial', 'assign_labels': 'cluster_qr', 'random_state': 4044}",0.28246786973238114,763.8208058444095,1.4051064759873266
SpectralClustering,"{'n_clusters': 10, 'affinity': 'polynomial', 'assign_labels': 'cluster_qr', 'random_state': 5055}",0.28246786973238114,763.8208058444095,1.4051064759873266
SpectralClustering,"{'n_clusters': 10, 'affinity': 'polynomial', 'assign_labels': 'cluster_qr', 'random_state': 6066}",0.28246786973238114,763.8208058444095,1.4051064759873266
SpectralClustering,"{'n_clusters': 10, 'affinity': 'poly', 'assign_labels': 'kmeans', 'random_state': 42}",0.06461193783907161,182.22865350145253,1.4993929195125673
SpectralClustering,"{'n_clusters': 10, 'affinity': 'poly', 'assign_labels': 'kmeans', 'random_state': 123}",0.064642299533908,182.39343184714096,1.498713353789597
SpectralClustering,"{'n_clusters': 10, 'affinity': 'poly', 'assign_labels': 'kmeans', 'random_state': 456}",0.061901076207569655,180.70671150413165,1.5199005568483934
SpectralClustering,"{'n_clusters': 10, 'affinity': 'poly', 'assign_labels': 'kmeans', 'random_state': 789}",0.06162216612427196,180.5603938959269,1.519822133280784
SpectralClustering,"{'n_clusters': 10, 'affinity': 'poly', 'assign_labels': 'kmeans', 'random_state': 1011}",0.061901076207569655,180.7067115041316,1.5199005568483936
SpectralClustering,"{'n_clusters': 10, 'affinity': 'poly', 'assign_labels': 'kmeans', 'random_state': 2022}",0.06488035127666852,182.58866635692195,1.4996507300208237
SpectralClustering,"{'n_clusters': 10, 'affinity': 'poly', 'assign_labels': 'kmeans', 'random_state': 3033}",0.06664021461690857,183.12260223343227,1.4973986840564923
SpectralClustering,"{'n_clusters': 10, 'affinity': 'poly', 'assign_labels': 'kmeans', 'random_state': 4044}",0.06488035127666852,182.58866635692198,1.4996507300208237
SpectralClustering,"{'n_clusters': 10, 'affinity': 'poly', 'assign_labels': 'kmeans', 'random_state': 5055}",0.06476456348135971,182.8986567341136,1.4991622736781995
SpectralClustering,"{'n_clusters': 10, 'affinity': 'poly', 'assign_labels': 'kmeans', 'random_state': 6066}",0.0637828269991614,181.5056641828319,1.4981763647599395
SpectralClustering,"{'n_clusters': 10, 'affinity': 'poly', 'assign_labels': 'discretize', 'random_state': 42}",0.25291653504211165,736.9026427523434,1.168595685863686
SpectralClustering,"{'n_clusters': 10, 'affinity': 'poly', 'assign_labels': 'discretize', 'random_state': 123}",0.26662878556381353,797.7175702045495,1.1646521051992516
SpectralClustering,"{'n_clusters': 10, 'affinity': 'poly', 'assign_labels': 'discretize', 'random_state': 456}",0.2638133226768285,791.0602562061044,1.1622553622523866
SpectralClustering,"{'n_clusters': 10, 'affinity': 'poly', 'assign_labels': 'discretize', 'random_state': 789}",0.2781352709568167,863.2578744131313,1.1411061819955948
SpectralClustering,"{'n_clusters': 10, 'affinity': 'poly', 'assign_labels': 'discretize', 'random_state': 1011}",0.2660908156561633,782.0285022607794,1.1724157987236596
SpectralClustering,"{'n_clusters': 10, 'affinity': 'poly', 'assign_labels': 'discretize', 'random_state': 2022}",0.23084133848839938,616.5437410136232,1.078567820938363
SpectralClustering,"{'n_clusters': 10, 'affinity': 'poly', 'assign_labels': 'discretize', 'random_state': 3033}",0.2664965558959978,799.0456698860937,1.1641561453313751
SpectralClustering,"{'n_clusters': 10, 'affinity': 'poly', 'assign_labels': 'discretize', 'random_state': 4044}",0.27811625187956446,864.2616053527158,1.1406817721002795
SpectralClustering,"{'n_clusters': 10, 'affinity': 'poly', 'assign_labels': 'discretize', 'random_state': 5055}",0.2604061589407241,760.1387928323711,1.1086521855308993
SpectralClustering,"{'n_clusters': 10, 'affinity': 'poly', 'assign_labels': 'discretize', 'random_state': 6066}",0.2668903842353048,799.1859130966553,1.164210760328211
SpectralClustering,"{'n_clusters': 10, 'affinity': 'poly', 'assign_labels': 'cluster_qr', 'random_state': 42}",0.28246786973238114,763.8208058444095,1.4051064759873266
SpectralClustering,"{'n_clusters': 10, 'affinity': 'poly', 'assign_labels': 'cluster_qr', 'random_state': 123}",0.28246786973238114,763.8208058444095,1.4051064759873266
SpectralClustering,"{'n_clusters': 10, 'affinity': 'poly', 'assign_labels': 'cluster_qr', 'random_state': 456}",0.28246786973238114,763.8208058444095,1.4051064759873266
SpectralClustering,"{'n_clusters': 10, 'affinity': 'poly', 'assign_labels': 'cluster_qr', 'random_state': 789}",0.28246786973238114,763.8208058444095,1.4051064759873266
SpectralClustering,"{'n_clusters': 10, 'affinity': 'poly', 'assign_labels': 'cluster_qr', 'random_state': 1011}",0.28246786973238114,763.8208058444095,1.4051064759873266
SpectralClustering,"{'n_clusters': 10, 'affinity': 'poly', 'assign_labels': 'cluster_qr', 'random_state': 2022}",0.28246786973238114,763.8208058444095,1.4051064759873266
SpectralClustering,"{'n_clusters': 10, 'affinity': 'poly', 'assign_labels': 'cluster_qr', 'random_state': 3033}",0.28246786973238114,763.8208058444095,1.4051064759873266
SpectralClustering,"{'n_clusters': 10, 'affinity': 'poly', 'assign_labels': 'cluster_qr', 'random_state': 4044}",0.28246786973238114,763.8208058444095,1.4051064759873266
SpectralClustering,"{'n_clusters': 10, 'affinity': 'poly', 'assign_labels': 'cluster_qr', 'random_state': 5055}",0.28246786973238114,763.8208058444095,1.4051064759873266
SpectralClustering,"{'n_clusters': 10, 'affinity': 'poly', 'assign_labels': 'cluster_qr', 'random_state': 6066}",0.28246786973238114,763.8208058444095,1.4051064759873266
SpectralClustering,"{'n_clusters': 10, 'affinity': 'sigmoid', 'assign_labels': 'kmeans', 'random_state': 42}",0.04143536802969986,240.78288292294027,2.6938611302373174
SpectralClustering,"{'n_clusters': 10, 'affinity': 'sigmoid', 'assign_labels': 'kmeans', 'random_state': 123}",0.03421524706722801,232.4646986070779,2.7583550299659967
SpectralClustering,"{'n_clusters': 10, 'affinity': 'sigmoid', 'assign_labels': 'kmeans', 'random_state': 456}",0.03914993928184774,227.5691541894761,2.796967207429226
SpectralClustering,"{'n_clusters': 10, 'affinity': 'sigmoid', 'assign_labels': 'kmeans', 'random_state': 789}",0.03968667861449261,245.29151719897953,2.4474067446121333
SpectralClustering,"{'n_clusters': 10, 'affinity': 'sigmoid', 'assign_labels': 'kmeans', 'random_state': 1011}",0.03504792598441686,224.6065288518236,2.8190748095921347
SpectralClustering,"{'n_clusters': 10, 'affinity': 'sigmoid', 'assign_labels': 'kmeans', 'random_state': 2022}",0.04671241073792328,258.3316692704233,2.5293866198369575
SpectralClustering,"{'n_clusters': 10, 'affinity': 'sigmoid', 'assign_labels': 'kmeans', 'random_state': 3033}",0.038493211871139826,235.42340890673012,2.766912342267319
SpectralClustering,"{'n_clusters': 10, 'affinity': 'sigmoid', 'assign_labels': 'kmeans', 'random_state': 4044}",0.07826602899814333,266.8243810509854,2.4076556296784895
SpectralClustering,"{'n_clusters': 10, 'affinity': 'sigmoid', 'assign_labels': 'kmeans', 'random_state': 5055}",0.033843905452620275,246.35917712610245,2.74827918817393
SpectralClustering,"{'n_clusters': 10, 'affinity': 'sigmoid', 'assign_labels': 'kmeans', 'random_state': 6066}",0.03936332190092393,240.14229154378813,2.741291835047655
SpectralClustering,"{'n_clusters': 10, 'affinity': 'sigmoid', 'assign_labels': 'discretize', 'random_state': 42}",0.034268960215938504,231.13762423593587,3.2711174103356258
SpectralClustering,"{'n_clusters': 10, 'affinity': 'sigmoid', 'assign_labels': 'discretize', 'random_state': 123}",0.03088119782042121,229.1475560364361,2.789696150108002
SpectralClustering,"{'n_clusters': 10, 'affinity': 'sigmoid', 'assign_labels': 'discretize', 'random_state': 456}",0.04155438633852965,240.90036721544934,3.2033701876013216
SpectralClustering,"{'n_clusters': 10, 'affinity': 'sigmoid', 'assign_labels': 'discretize', 'random_state': 789}",0.026500921733545388,227.663367375629,2.531327279076328
SpectralClustering,"{'n_clusters': 10, 'affinity': 'sigmoid', 'assign_labels': 'discretize', 'random_state': 1011}",0.04551031113528577,244.7530228078293,3.165166272172695
SpectralClustering,"{'n_clusters': 10, 'affinity': 'sigmoid', 'assign_labels': 'discretize', 'random_state': 2022}",0.04698131272420456,244.18976506342824,3.1674897313549697
SpectralClustering,"{'n_clusters': 10, 'affinity': 'sigmoid', 'assign_labels': 'discretize', 'random_state': 3033}",0.044113714988107566,243.11203468434977,3.1795836635522545
SpectralClustering,"{'n_clusters': 10, 'affinity': 'sigmoid', 'assign_labels': 'discretize', 'random_state': 4044}",0.03218292232128315,228.5899732282853,2.8609663338610045
SpectralClustering,"{'n_clusters': 10, 'affinity': 'sigmoid', 'assign_labels': 'discretize', 'random_state': 5055}",0.04208261335260074,240.7419795680545,3.2042769498481056
SpectralClustering,"{'n_clusters': 10, 'affinity': 'sigmoid', 'assign_labels': 'discretize', 'random_state': 6066}",0.04495201578794014,239.89680019161236,3.194442696099899
SpectralClustering,"{'n_clusters': 10, 'affinity': 'sigmoid', 'assign_labels': 'cluster_qr', 'random_state': 42}",-0.019588883398502156,104.57182617963875,5.439703250739167
SpectralClustering,"{'n_clusters': 10, 'affinity': 'sigmoid', 'assign_labels': 'cluster_qr', 'random_state': 123}",-0.019588883398502156,104.57182617963875,5.439703250739167
SpectralClustering,"{'n_clusters': 10, 'affinity': 'sigmoid', 'assign_labels': 'cluster_qr', 'random_state': 456}",-0.019588883398502156,104.57182617963875,5.439703250739167
SpectralClustering,"{'n_clusters': 10, 'affinity': 'sigmoid', 'assign_labels': 'cluster_qr', 'random_state': 789}",-0.019588883398502156,104.57182617963875,5.439703250739167
SpectralClustering,"{'n_clusters': 10, 'affinity': 'sigmoid', 'assign_labels': 'cluster_qr', 'random_state': 1011}",-0.019588883398502156,104.57182617963875,5.439703250739167
SpectralClustering,"{'n_clusters': 10, 'affinity': 'sigmoid', 'assign_labels': 'cluster_qr', 'random_state': 2022}",-0.019588883398502156,104.57182617963875,5.439703250739167
SpectralClustering,"{'n_clusters': 10, 'affinity': 'sigmoid', 'assign_labels': 'cluster_qr', 'random_state': 3033}",-0.019588883398502156,104.57182617963875,5.439703250739167
SpectralClustering,"{'n_clusters': 10, 'affinity': 'sigmoid', 'assign_labels': 'cluster_qr', 'random_state': 4044}",-0.019588883398502156,104.57182617963875,5.439703250739167
SpectralClustering,"{'n_clusters': 10, 'affinity': 'sigmoid', 'assign_labels': 'cluster_qr', 'random_state': 5055}",-0.019588883398502156,104.57182617963875,5.439703250739167
SpectralClustering,"{'n_clusters': 10, 'affinity': 'sigmoid', 'assign_labels': 'cluster_qr', 'random_state': 6066}",-0.019588883398502156,104.57182617963875,5.439703250739167
SpectralClustering,"{'n_clusters': 11, 'affinity': 'rbf', 'assign_labels': 'kmeans', 'random_state': 42}",0.3233198598770307,422.34630197673863,1.314226124611239
SpectralClustering,"{'n_clusters': 11, 'affinity': 'rbf', 'assign_labels': 'kmeans', 'random_state': 123}",0.3233198598770307,422.34630197673874,1.314226124611239
SpectralClustering,"{'n_clusters': 11, 'affinity': 'rbf', 'assign_labels': 'kmeans', 'random_state': 456}",0.32674876707998207,419.54516941586473,1.2268053394810308
SpectralClustering,"{'n_clusters': 11, 'affinity': 'rbf', 'assign_labels': 'kmeans', 'random_state': 789}",0.3233198598770307,422.34630197673874,1.314226124611239
SpectralClustering,"{'n_clusters': 11, 'affinity': 'rbf', 'assign_labels': 'kmeans', 'random_state': 1011}",0.32695256537747375,419.5995046139729,1.2335106755322995
SpectralClustering,"{'n_clusters': 11, 'affinity': 'rbf', 'assign_labels': 'kmeans', 'random_state': 2022}",0.3233198598770307,422.34630197673874,1.314226124611239
SpectralClustering,"{'n_clusters': 11, 'affinity': 'rbf', 'assign_labels': 'kmeans', 'random_state': 3033}",0.3233198598770307,422.3463019767388,1.314226124611239
SpectralClustering,"{'n_clusters': 11, 'affinity': 'rbf', 'assign_labels': 'kmeans', 'random_state': 4044}",0.3233198598770307,422.34630197673874,1.314226124611239
SpectralClustering,"{'n_clusters': 11, 'affinity': 'rbf', 'assign_labels': 'kmeans', 'random_state': 5055}",0.3233198598770307,422.34630197673874,1.314226124611239
SpectralClustering,"{'n_clusters': 11, 'affinity': 'rbf', 'assign_labels': 'kmeans', 'random_state': 6066}",0.3233198598770307,422.34630197673874,1.314226124611239
SpectralClustering,"{'n_clusters': 11, 'affinity': 'rbf', 'assign_labels': 'discretize', 'random_state': 42}",0.4090030951864023,992.1178895910199,1.0050142047867408
SpectralClustering,"{'n_clusters': 11, 'affinity': 'rbf', 'assign_labels': 'discretize', 'random_state': 123}",0.3732430700026989,776.3863007431393,1.0308975959274638
SpectralClustering,"{'n_clusters': 11, 'affinity': 'rbf', 'assign_labels': 'discretize', 'random_state': 456}",0.4091181658800562,993.0775528950091,1.0045368088162456
SpectralClustering,"{'n_clusters': 11, 'affinity': 'rbf', 'assign_labels': 'discretize', 'random_state': 789}",0.4091181658800562,993.077552895009,1.0045368088162456
SpectralClustering,"{'n_clusters': 11, 'affinity': 'rbf', 'assign_labels': 'discretize', 'random_state': 1011}",0.4090030951864023,992.1178895910199,1.0050142047867405
SpectralClustering,"{'n_clusters': 11, 'affinity': 'rbf', 'assign_labels': 'discretize', 'random_state': 2022}",0.4090030951864023,992.1178895910199,1.0050142047867408
SpectralClustering,"{'n_clusters': 11, 'affinity': 'rbf', 'assign_labels': 'discretize', 'random_state': 3033}",0.4091181658800562,993.0775528950093,1.0045368088162456
SpectralClustering,"{'n_clusters': 11, 'affinity': 'rbf', 'assign_labels': 'discretize', 'random_state': 4044}",0.4091797650769707,993.3488800699572,1.0040089608359752
SpectralClustering,"{'n_clusters': 11, 'affinity': 'rbf', 'assign_labels': 'discretize', 'random_state': 5055}",0.4091797650769707,993.3488800699574,1.0040089608359752
SpectralClustering,"{'n_clusters': 11, 'affinity': 'rbf', 'assign_labels': 'discretize', 'random_state': 6066}",0.3732430700026989,776.3863007431393,1.030897595927464
SpectralClustering,"{'n_clusters': 11, 'affinity': 'rbf', 'assign_labels': 'cluster_qr', 'random_state': 42}",0.415021119393039,1015.160736256975,1.01434218919949
SpectralClustering,"{'n_clusters': 11, 'affinity': 'rbf', 'assign_labels': 'cluster_qr', 'random_state': 123}",0.415021119393039,1015.160736256975,1.01434218919949
SpectralClustering,"{'n_clusters': 11, 'affinity': 'rbf', 'assign_labels': 'cluster_qr', 'random_state': 456}",0.415021119393039,1015.160736256975,1.01434218919949
SpectralClustering,"{'n_clusters': 11, 'affinity': 'rbf', 'assign_labels': 'cluster_qr', 'random_state': 789}",0.415021119393039,1015.160736256975,1.01434218919949
SpectralClustering,"{'n_clusters': 11, 'affinity': 'rbf', 'assign_labels': 'cluster_qr', 'random_state': 1011}",0.415021119393039,1015.160736256975,1.01434218919949
SpectralClustering,"{'n_clusters': 11, 'affinity': 'rbf', 'assign_labels': 'cluster_qr', 'random_state': 2022}",0.415021119393039,1015.160736256975,1.01434218919949
SpectralClustering,"{'n_clusters': 11, 'affinity': 'rbf', 'assign_labels': 'cluster_qr', 'random_state': 3033}",0.415021119393039,1015.160736256975,1.01434218919949
SpectralClustering,"{'n_clusters': 11, 'affinity': 'rbf', 'assign_labels': 'cluster_qr', 'random_state': 4044}",0.415021119393039,1015.160736256975,1.01434218919949
SpectralClustering,"{'n_clusters': 11, 'affinity': 'rbf', 'assign_labels': 'cluster_qr', 'random_state': 5055}",0.415021119393039,1015.160736256975,1.01434218919949
SpectralClustering,"{'n_clusters': 11, 'affinity': 'rbf', 'assign_labels': 'cluster_qr', 'random_state': 6066}",0.415021119393039,1015.160736256975,1.01434218919949
SpectralClustering,"{'n_clusters': 11, 'affinity': 'nearest_neighbors', 'assign_labels': 'kmeans', 'random_state': 42, 'n_neighbors': 5}",0.2868632672558346,907.3594258431932,1.1887874359166242
SpectralClustering,"{'n_clusters': 11, 'affinity': 'nearest_neighbors', 'assign_labels': 'kmeans', 'random_state': 123, 'n_neighbors': 5}",0.2868632672558346,907.3594258431934,1.1887874359166242
SpectralClustering,"{'n_clusters': 11, 'affinity': 'nearest_neighbors', 'assign_labels': 'kmeans', 'random_state': 456, 'n_neighbors': 5}",0.2867980732050464,907.4296125621747,1.1892488650873616
SpectralClustering,"{'n_clusters': 11, 'affinity': 'nearest_neighbors', 'assign_labels': 'kmeans', 'random_state': 789, 'n_neighbors': 5}",0.2868632672558346,907.3594258431933,1.1887874359166242
SpectralClustering,"{'n_clusters': 11, 'affinity': 'nearest_neighbors', 'assign_labels': 'kmeans', 'random_state': 1011, 'n_neighbors': 5}",0.2868632672558346,907.3594258431932,1.1887874359166242
SpectralClustering,"{'n_clusters': 11, 'affinity': 'nearest_neighbors', 'assign_labels': 'kmeans', 'random_state': 2022, 'n_neighbors': 5}",0.2868632672558346,907.3594258431933,1.1887874359166242
SpectralClustering,"{'n_clusters': 11, 'affinity': 'nearest_neighbors', 'assign_labels': 'kmeans', 'random_state': 3033, 'n_neighbors': 5}",0.2867980732050464,907.429612562175,1.1892488650873616
SpectralClustering,"{'n_clusters': 11, 'affinity': 'nearest_neighbors', 'assign_labels': 'kmeans', 'random_state': 4044, 'n_neighbors': 5}",0.2868632672558346,907.3594258431933,1.1887874359166242
SpectralClustering,"{'n_clusters': 11, 'affinity': 'nearest_neighbors', 'assign_labels': 'kmeans', 'random_state': 5055, 'n_neighbors': 5}",0.2867980732050464,907.4296125621747,1.1892488650873618
SpectralClustering,"{'n_clusters': 11, 'affinity': 'nearest_neighbors', 'assign_labels': 'kmeans', 'random_state': 6066, 'n_neighbors': 5}",0.2867980732050464,907.429612562175,1.1892488650873616
SpectralClustering,"{'n_clusters': 11, 'affinity': 'nearest_neighbors', 'assign_labels': 'discretize', 'random_state': 42, 'n_neighbors': 5}",0.30259043281224013,925.3904033890724,1.17072919307149
SpectralClustering,"{'n_clusters': 11, 'affinity': 'nearest_neighbors', 'assign_labels': 'discretize', 'random_state': 123, 'n_neighbors': 5}",0.29257692022236775,909.832364878869,1.1905361989263694
SpectralClustering,"{'n_clusters': 11, 'affinity': 'nearest_neighbors', 'assign_labels': 'discretize', 'random_state': 456, 'n_neighbors': 5}",0.29254053277857023,909.7783756723007,1.1906298411357494
SpectralClustering,"{'n_clusters': 11, 'affinity': 'nearest_neighbors', 'assign_labels': 'discretize', 'random_state': 789, 'n_neighbors': 5}",0.29257692022236775,909.832364878869,1.1905361989263692
SpectralClustering,"{'n_clusters': 11, 'affinity': 'nearest_neighbors', 'assign_labels': 'discretize', 'random_state': 1011, 'n_neighbors': 5}",0.3024151560930756,924.799984986481,1.1710213771313618
SpectralClustering,"{'n_clusters': 11, 'affinity': 'nearest_neighbors', 'assign_labels': 'discretize', 'random_state': 2022, 'n_neighbors': 5}",0.2927855105532744,909.9051180961516,1.1907712824443073
SpectralClustering,"{'n_clusters': 11, 'affinity': 'nearest_neighbors', 'assign_labels': 'discretize', 'random_state': 3033, 'n_neighbors': 5}",0.29254053277857023,909.7783756723007,1.1906298411357494
SpectralClustering,"{'n_clusters': 11, 'affinity': 'nearest_neighbors', 'assign_labels': 'discretize', 'random_state': 4044, 'n_neighbors': 5}",0.2927930729520991,909.9015432156095,1.1909640801197927
SpectralClustering,"{'n_clusters': 11, 'affinity': 'nearest_neighbors', 'assign_labels': 'discretize', 'random_state': 5055, 'n_neighbors': 5}",0.30260673682245504,925.4010633649049,1.1705762218615177
SpectralClustering,"{'n_clusters': 11, 'affinity': 'nearest_neighbors', 'assign_labels': 'discretize', 'random_state': 6066, 'n_neighbors': 5}",0.3024151560930756,924.7999849864808,1.1710213771313616
SpectralClustering,"{'n_clusters': 11, 'affinity': 'nearest_neighbors', 'assign_labels': 'cluster_qr', 'random_state': 42, 'n_neighbors': 5}",0.29036017282787496,885.5381300632553,1.3694872632607948
SpectralClustering,"{'n_clusters': 11, 'affinity': 'nearest_neighbors', 'assign_labels': 'cluster_qr', 'random_state': 123, 'n_neighbors': 5}",0.29036017282787496,885.5381300632553,1.3694872632607948
SpectralClustering,"{'n_clusters': 11, 'affinity': 'nearest_neighbors', 'assign_labels': 'cluster_qr', 'random_state': 456, 'n_neighbors': 5}",0.29036017282787496,885.5381300632553,1.3694872632607948
SpectralClustering,"{'n_clusters': 11, 'affinity': 'nearest_neighbors', 'assign_labels': 'cluster_qr', 'random_state': 789, 'n_neighbors': 5}",0.29036017282787496,885.5381300632553,1.3694872632607948
SpectralClustering,"{'n_clusters': 11, 'affinity': 'nearest_neighbors', 'assign_labels': 'cluster_qr', 'random_state': 1011, 'n_neighbors': 5}",0.29036017282787496,885.5381300632553,1.3694872632607948
SpectralClustering,"{'n_clusters': 11, 'affinity': 'nearest_neighbors', 'assign_labels': 'cluster_qr', 'random_state': 2022, 'n_neighbors': 5}",0.29036017282787496,885.5381300632553,1.3694872632607948
SpectralClustering,"{'n_clusters': 11, 'affinity': 'nearest_neighbors', 'assign_labels': 'cluster_qr', 'random_state': 3033, 'n_neighbors': 5}",0.29036017282787496,885.5381300632553,1.3694872632607948
SpectralClustering,"{'n_clusters': 11, 'affinity': 'nearest_neighbors', 'assign_labels': 'cluster_qr', 'random_state': 4044, 'n_neighbors': 5}",0.29036017282787496,885.5381300632553,1.3694872632607948
SpectralClustering,"{'n_clusters': 11, 'affinity': 'nearest_neighbors', 'assign_labels': 'cluster_qr', 'random_state': 5055, 'n_neighbors': 5}",0.29036017282787496,885.5381300632553,1.3694872632607948
SpectralClustering,"{'n_clusters': 11, 'affinity': 'nearest_neighbors', 'assign_labels': 'cluster_qr', 'random_state': 6066, 'n_neighbors': 5}",0.29036017282787496,885.5381300632553,1.3694872632607948
SpectralClustering,"{'n_clusters': 11, 'affinity': 'nearest_neighbors', 'assign_labels': 'kmeans', 'random_state': 42, 'n_neighbors': 10}",0.3033128092907754,928.8260249848964,1.1671492721460541
SpectralClustering,"{'n_clusters': 11, 'affinity': 'nearest_neighbors', 'assign_labels': 'kmeans', 'random_state': 123, 'n_neighbors': 10}",0.30383375729555756,929.129236931509,1.1675122781490068
SpectralClustering,"{'n_clusters': 11, 'affinity': 'nearest_neighbors', 'assign_labels': 'kmeans', 'random_state': 456, 'n_neighbors': 10}",0.30371860771118037,929.0331042153855,1.1672167432870524
SpectralClustering,"{'n_clusters': 11, 'affinity': 'nearest_neighbors', 'assign_labels': 'kmeans', 'random_state': 789, 'n_neighbors': 10}",0.3033128092907754,928.8260249848963,1.1671492721460544
SpectralClustering,"{'n_clusters': 11, 'affinity': 'nearest_neighbors', 'assign_labels': 'kmeans', 'random_state': 1011, 'n_neighbors': 10}",0.3033453394873973,928.7857557731172,1.167749632155796
SpectralClustering,"{'n_clusters': 11, 'affinity': 'nearest_neighbors', 'assign_labels': 'kmeans', 'random_state': 2022, 'n_neighbors': 10}",0.30319539118173827,928.4333690980138,1.1668404652970166
SpectralClustering,"{'n_clusters': 11, 'affinity': 'nearest_neighbors', 'assign_labels': 'kmeans', 'random_state': 3033, 'n_neighbors': 10}",0.30372217343984875,928.9252796769069,1.168125506190339
SpectralClustering,"{'n_clusters': 11, 'affinity': 'nearest_neighbors', 'assign_labels': 'kmeans', 'random_state': 4044, 'n_neighbors': 10}",0.30319539118173827,928.4333690980138,1.1668404652970163
SpectralClustering,"{'n_clusters': 11, 'affinity': 'nearest_neighbors', 'assign_labels': 'kmeans', 'random_state': 5055, 'n_neighbors': 10}",0.30372217343984875,928.9252796769074,1.168125506190339
SpectralClustering,"{'n_clusters': 11, 'affinity': 'nearest_neighbors', 'assign_labels': 'kmeans', 'random_state': 6066, 'n_neighbors': 10}",0.303798939596455,929.1601487703576,1.167183981642134
SpectralClustering,"{'n_clusters': 11, 'affinity': 'nearest_neighbors', 'assign_labels': 'discretize', 'random_state': 42, 'n_neighbors': 10}",0.3024950254492294,924.2215629621933,1.1767104649690157
SpectralClustering,"{'n_clusters': 11, 'affinity': 'nearest_neighbors', 'assign_labels': 'discretize', 'random_state': 123, 'n_neighbors': 10}",0.30533899871739456,931.9821748874376,1.1680492184202296
SpectralClustering,"{'n_clusters': 11, 'affinity': 'nearest_neighbors', 'assign_labels': 'discretize', 'random_state': 456, 'n_neighbors': 10}",0.3026886060402253,924.386177872213,1.176234715238355
SpectralClustering,"{'n_clusters': 11, 'affinity': 'nearest_neighbors', 'assign_labels': 'discretize', 'random_state': 789, 'n_neighbors': 10}",0.30275385565360785,924.5070389606751,1.1765544151609753
SpectralClustering,"{'n_clusters': 11, 'affinity': 'nearest_neighbors', 'assign_labels': 'discretize', 'random_state': 1011, 'n_neighbors': 10}",0.3026886060402253,924.3861778722129,1.176234715238355
SpectralClustering,"{'n_clusters': 11, 'affinity': 'nearest_neighbors', 'assign_labels': 'discretize', 'random_state': 2022, 'n_neighbors': 10}",0.30250900622966853,924.2602541208495,1.1766701002834812
SpectralClustering,"{'n_clusters': 11, 'affinity': 'nearest_neighbors', 'assign_labels': 'discretize', 'random_state': 3033, 'n_neighbors': 10}",0.30514927565713257,931.805849465098,1.168531370192795
SpectralClustering,"{'n_clusters': 11, 'affinity': 'nearest_neighbors', 'assign_labels': 'discretize', 'random_state': 4044, 'n_neighbors': 10}",0.3026886060402253,924.3861778722129,1.176234715238355
SpectralClustering,"{'n_clusters': 11, 'affinity': 'nearest_neighbors', 'assign_labels': 'discretize', 'random_state': 5055, 'n_neighbors': 10}",0.3024950254492294,924.2215629621933,1.1767104649690157
SpectralClustering,"{'n_clusters': 11, 'affinity': 'nearest_neighbors', 'assign_labels': 'discretize', 'random_state': 6066, 'n_neighbors': 10}",0.3024950254492294,924.2215629621932,1.1767104649690157
SpectralClustering,"{'n_clusters': 11, 'affinity': 'nearest_neighbors', 'assign_labels': 'cluster_qr', 'random_state': 42, 'n_neighbors': 10}",0.30019409875586855,922.363790513242,1.175251970130619
SpectralClustering,"{'n_clusters': 11, 'affinity': 'nearest_neighbors', 'assign_labels': 'cluster_qr', 'random_state': 123, 'n_neighbors': 10}",0.30019409875586855,922.363790513242,1.175251970130619
SpectralClustering,"{'n_clusters': 11, 'affinity': 'nearest_neighbors', 'assign_labels': 'cluster_qr', 'random_state': 456, 'n_neighbors': 10}",0.30019409875586855,922.363790513242,1.175251970130619
SpectralClustering,"{'n_clusters': 11, 'affinity': 'nearest_neighbors', 'assign_labels': 'cluster_qr', 'random_state': 789, 'n_neighbors': 10}",0.30019409875586855,922.363790513242,1.175251970130619
SpectralClustering,"{'n_clusters': 11, 'affinity': 'nearest_neighbors', 'assign_labels': 'cluster_qr', 'random_state': 1011, 'n_neighbors': 10}",0.30019409875586855,922.363790513242,1.175251970130619
SpectralClustering,"{'n_clusters': 11, 'affinity': 'nearest_neighbors', 'assign_labels': 'cluster_qr', 'random_state': 2022, 'n_neighbors': 10}",0.30019409875586855,922.363790513242,1.175251970130619
SpectralClustering,"{'n_clusters': 11, 'affinity': 'nearest_neighbors', 'assign_labels': 'cluster_qr', 'random_state': 3033, 'n_neighbors': 10}",0.30019409875586855,922.363790513242,1.175251970130619
SpectralClustering,"{'n_clusters': 11, 'affinity': 'nearest_neighbors', 'assign_labels': 'cluster_qr', 'random_state': 4044, 'n_neighbors': 10}",0.30019409875586855,922.363790513242,1.175251970130619
SpectralClustering,"{'n_clusters': 11, 'affinity': 'nearest_neighbors', 'assign_labels': 'cluster_qr', 'random_state': 5055, 'n_neighbors': 10}",0.30019409875586855,922.363790513242,1.175251970130619
SpectralClustering,"{'n_clusters': 11, 'affinity': 'nearest_neighbors', 'assign_labels': 'cluster_qr', 'random_state': 6066, 'n_neighbors': 10}",0.30019409875586855,922.363790513242,1.175251970130619
SpectralClustering,"{'n_clusters': 11, 'affinity': 'nearest_neighbors', 'assign_labels': 'kmeans', 'random_state': 42, 'n_neighbors': 15}",0.30634943165278034,939.802775867662,1.1400442968006195
SpectralClustering,"{'n_clusters': 11, 'affinity': 'nearest_neighbors', 'assign_labels': 'kmeans', 'random_state': 123, 'n_neighbors': 15}",0.30628789158015424,939.7980388437712,1.1396738570994407
SpectralClustering,"{'n_clusters': 11, 'affinity': 'nearest_neighbors', 'assign_labels': 'kmeans', 'random_state': 456, 'n_neighbors': 15}",0.30634943165278034,939.802775867662,1.1400442968006195
SpectralClustering,"{'n_clusters': 11, 'affinity': 'nearest_neighbors', 'assign_labels': 'kmeans', 'random_state': 789, 'n_neighbors': 15}",0.30634943165278034,939.8027758676619,1.1400442968006195
SpectralClustering,"{'n_clusters': 11, 'affinity': 'nearest_neighbors', 'assign_labels': 'kmeans', 'random_state': 1011, 'n_neighbors': 15}",0.3064204309995425,939.3574048226182,1.139955822110346
SpectralClustering,"{'n_clusters': 11, 'affinity': 'nearest_neighbors', 'assign_labels': 'kmeans', 'random_state': 2022, 'n_neighbors': 15}",0.30634943165278034,939.8027758676621,1.1400442968006195
SpectralClustering,"{'n_clusters': 11, 'affinity': 'nearest_neighbors', 'assign_labels': 'kmeans', 'random_state': 3033, 'n_neighbors': 15}",0.30634943165278034,939.802775867662,1.1400442968006195
SpectralClustering,"{'n_clusters': 11, 'affinity': 'nearest_neighbors', 'assign_labels': 'kmeans', 'random_state': 4044, 'n_neighbors': 15}",0.30622156722356486,939.5597090571606,1.1412169673075856
SpectralClustering,"{'n_clusters': 11, 'affinity': 'nearest_neighbors', 'assign_labels': 'kmeans', 'random_state': 5055, 'n_neighbors': 15}",0.30628789158015424,939.7980388437712,1.139673857099441
SpectralClustering,"{'n_clusters': 11, 'affinity': 'nearest_neighbors', 'assign_labels': 'kmeans', 'random_state': 6066, 'n_neighbors': 15}",0.3064204309995425,939.3574048226182,1.139955822110346
SpectralClustering,"{'n_clusters': 11, 'affinity': 'nearest_neighbors', 'assign_labels': 'discretize', 'random_state': 42, 'n_neighbors': 15}",0.30407765489320426,930.6387765424641,1.162187679328918
SpectralClustering,"{'n_clusters': 11, 'affinity': 'nearest_neighbors', 'assign_labels': 'discretize', 'random_state': 123, 'n_neighbors': 15}",0.30691999264986913,934.3141362494025,1.1493551068534467
SpectralClustering,"{'n_clusters': 11, 'affinity': 'nearest_neighbors', 'assign_labels': 'discretize', 'random_state': 456, 'n_neighbors': 15}",0.3072274235509113,934.6968577721015,1.1483700983956633
SpectralClustering,"{'n_clusters': 11, 'affinity': 'nearest_neighbors', 'assign_labels': 'discretize', 'random_state': 789, 'n_neighbors': 15}",0.30440438017750215,928.8905934695293,1.1631479279222023
SpectralClustering,"{'n_clusters': 11, 'affinity': 'nearest_neighbors', 'assign_labels': 'discretize', 'random_state': 1011, 'n_neighbors': 15}",0.30290398832494647,927.0718801565483,1.1627026412745487
SpectralClustering,"{'n_clusters': 11, 'affinity': 'nearest_neighbors', 'assign_labels': 'discretize', 'random_state': 2022, 'n_neighbors': 15}",0.30739473283956364,934.9420117175449,1.147293910395467
SpectralClustering,"{'n_clusters': 11, 'affinity': 'nearest_neighbors', 'assign_labels': 'discretize', 'random_state': 3033, 'n_neighbors': 15}",0.30739473283956364,934.942011717545,1.147293910395467
SpectralClustering,"{'n_clusters': 11, 'affinity': 'nearest_neighbors', 'assign_labels': 'discretize', 'random_state': 4044, 'n_neighbors': 15}",0.30290398832494647,927.0718801565481,1.1627026412745485
SpectralClustering,"{'n_clusters': 11, 'affinity': 'nearest_neighbors', 'assign_labels': 'discretize', 'random_state': 5055, 'n_neighbors': 15}",0.30739473283956364,934.9420117175451,1.1472939103954667
SpectralClustering,"{'n_clusters': 11, 'affinity': 'nearest_neighbors', 'assign_labels': 'discretize', 'random_state': 6066, 'n_neighbors': 15}",0.3072274235509113,934.6968577721012,1.1483700983956633
SpectralClustering,"{'n_clusters': 11, 'affinity': 'nearest_neighbors', 'assign_labels': 'cluster_qr', 'random_state': 42, 'n_neighbors': 15}",0.30402283385514417,930.3082199785042,1.1589752446299704
SpectralClustering,"{'n_clusters': 11, 'affinity': 'nearest_neighbors', 'assign_labels': 'cluster_qr', 'random_state': 123, 'n_neighbors': 15}",0.30402283385514417,930.3082199785042,1.1589752446299704
SpectralClustering,"{'n_clusters': 11, 'affinity': 'nearest_neighbors', 'assign_labels': 'cluster_qr', 'random_state': 456, 'n_neighbors': 15}",0.30402283385514417,930.3082199785042,1.1589752446299704
SpectralClustering,"{'n_clusters': 11, 'affinity': 'nearest_neighbors', 'assign_labels': 'cluster_qr', 'random_state': 789, 'n_neighbors': 15}",0.30402283385514417,930.3082199785042,1.1589752446299704
SpectralClustering,"{'n_clusters': 11, 'affinity': 'nearest_neighbors', 'assign_labels': 'cluster_qr', 'random_state': 1011, 'n_neighbors': 15}",0.30402283385514417,930.3082199785042,1.1589752446299704
SpectralClustering,"{'n_clusters': 11, 'affinity': 'nearest_neighbors', 'assign_labels': 'cluster_qr', 'random_state': 2022, 'n_neighbors': 15}",0.30402283385514417,930.3082199785042,1.1589752446299704
SpectralClustering,"{'n_clusters': 11, 'affinity': 'nearest_neighbors', 'assign_labels': 'cluster_qr', 'random_state': 3033, 'n_neighbors': 15}",0.30402283385514417,930.3082199785042,1.1589752446299704
SpectralClustering,"{'n_clusters': 11, 'affinity': 'nearest_neighbors', 'assign_labels': 'cluster_qr', 'random_state': 4044, 'n_neighbors': 15}",0.30402283385514417,930.3082199785042,1.1589752446299704
SpectralClustering,"{'n_clusters': 11, 'affinity': 'nearest_neighbors', 'assign_labels': 'cluster_qr', 'random_state': 5055, 'n_neighbors': 15}",0.30402283385514417,930.3082199785042,1.1589752446299704
SpectralClustering,"{'n_clusters': 11, 'affinity': 'nearest_neighbors', 'assign_labels': 'cluster_qr', 'random_state': 6066, 'n_neighbors': 15}",0.30402283385514417,930.3082199785042,1.1589752446299704
SpectralClustering,"{'n_clusters': 11, 'affinity': 'nearest_neighbors', 'assign_labels': 'kmeans', 'random_state': 42, 'n_neighbors': 20}",0.3061458914553195,940.7228660794792,1.1441933875735766
SpectralClustering,"{'n_clusters': 11, 'affinity': 'nearest_neighbors', 'assign_labels': 'kmeans', 'random_state': 123, 'n_neighbors': 20}",0.30624373000807437,940.4729071857182,1.1419105477120801
SpectralClustering,"{'n_clusters': 11, 'affinity': 'nearest_neighbors', 'assign_labels': 'kmeans', 'random_state': 456, 'n_neighbors': 20}",0.30621929889637345,941.1222753550464,1.144270432386356
SpectralClustering,"{'n_clusters': 11, 'affinity': 'nearest_neighbors', 'assign_labels': 'kmeans', 'random_state': 789, 'n_neighbors': 20}",0.3061458914553195,940.722866079479,1.1441933875735766
SpectralClustering,"{'n_clusters': 11, 'affinity': 'nearest_neighbors', 'assign_labels': 'kmeans', 'random_state': 1011, 'n_neighbors': 20}",0.30621929889637345,941.1222753550464,1.1442704323863562
SpectralClustering,"{'n_clusters': 11, 'affinity': 'nearest_neighbors', 'assign_labels': 'kmeans', 'random_state': 2022, 'n_neighbors': 20}",0.30624373000807437,940.4729071857183,1.1419105477120801
SpectralClustering,"{'n_clusters': 11, 'affinity': 'nearest_neighbors', 'assign_labels': 'kmeans', 'random_state': 3033, 'n_neighbors': 20}",0.30617076980155367,940.073925146291,1.1418389095466852
SpectralClustering,"{'n_clusters': 11, 'affinity': 'nearest_neighbors', 'assign_labels': 'kmeans', 'random_state': 4044, 'n_neighbors': 20}",0.30617076980155367,940.0739251462911,1.1418389095466852
SpectralClustering,"{'n_clusters': 11, 'affinity': 'nearest_neighbors', 'assign_labels': 'kmeans', 'random_state': 5055, 'n_neighbors': 20}",0.30624373000807437,940.4729071857184,1.1419105477120801
SpectralClustering,"{'n_clusters': 11, 'affinity': 'nearest_neighbors', 'assign_labels': 'kmeans', 'random_state': 6066, 'n_neighbors': 20}",0.3061458914553195,940.7228660794792,1.1441933875735766
SpectralClustering,"{'n_clusters': 11, 'affinity': 'nearest_neighbors', 'assign_labels': 'discretize', 'random_state': 42, 'n_neighbors': 20}",0.3039365173282835,926.9121443567296,1.164288495410483
SpectralClustering,"{'n_clusters': 11, 'affinity': 'nearest_neighbors', 'assign_labels': 'discretize', 'random_state': 123, 'n_neighbors': 20}",0.30394456705097755,926.9754114653987,1.1654213677118497
SpectralClustering,"{'n_clusters': 11, 'affinity': 'nearest_neighbors', 'assign_labels': 'discretize', 'random_state': 456, 'n_neighbors': 20}",0.30394456705097755,926.9754114653988,1.16542136771185
SpectralClustering,"{'n_clusters': 11, 'affinity': 'nearest_neighbors', 'assign_labels': 'discretize', 'random_state': 789, 'n_neighbors': 20}",0.306789527162127,934.2130033935609,1.148599699383418
SpectralClustering,"{'n_clusters': 11, 'affinity': 'nearest_neighbors', 'assign_labels': 'discretize', 'random_state': 1011, 'n_neighbors': 20}",0.30402893088695987,927.0626864556742,1.16513846220216
SpectralClustering,"{'n_clusters': 11, 'affinity': 'nearest_neighbors', 'assign_labels': 'discretize', 'random_state': 2022, 'n_neighbors': 20}",0.3067832871306743,934.1971903267886,1.1485350676752653
SpectralClustering,"{'n_clusters': 11, 'affinity': 'nearest_neighbors', 'assign_labels': 'discretize', 'random_state': 3033, 'n_neighbors': 20}",0.3067832871306743,934.1971903267885,1.1485350676752653
SpectralClustering,"{'n_clusters': 11, 'affinity': 'nearest_neighbors', 'assign_labels': 'discretize', 'random_state': 4044, 'n_neighbors': 20}",0.30186767182620994,924.4801780637863,1.1611843866853504
SpectralClustering,"{'n_clusters': 11, 'affinity': 'nearest_neighbors', 'assign_labels': 'discretize', 'random_state': 5055, 'n_neighbors': 20}",0.3041245071816882,927.0620886847975,1.163758096513605
SpectralClustering,"{'n_clusters': 11, 'affinity': 'nearest_neighbors', 'assign_labels': 'discretize', 'random_state': 6066, 'n_neighbors': 20}",0.306789527162127,934.2130033935609,1.1485996993834182
SpectralClustering,"{'n_clusters': 11, 'affinity': 'nearest_neighbors', 'assign_labels': 'cluster_qr', 'random_state': 42, 'n_neighbors': 20}",0.3008138827331434,924.5956265819004,1.164637647103284
SpectralClustering,"{'n_clusters': 11, 'affinity': 'nearest_neighbors', 'assign_labels': 'cluster_qr', 'random_state': 123, 'n_neighbors': 20}",0.3008138827331434,924.5956265819004,1.164637647103284
SpectralClustering,"{'n_clusters': 11, 'affinity': 'nearest_neighbors', 'assign_labels': 'cluster_qr', 'random_state': 456, 'n_neighbors': 20}",0.3008138827331434,924.5956265819004,1.164637647103284
SpectralClustering,"{'n_clusters': 11, 'affinity': 'nearest_neighbors', 'assign_labels': 'cluster_qr', 'random_state': 789, 'n_neighbors': 20}",0.3008138827331434,924.5956265819004,1.164637647103284
SpectralClustering,"{'n_clusters': 11, 'affinity': 'nearest_neighbors', 'assign_labels': 'cluster_qr', 'random_state': 1011, 'n_neighbors': 20}",0.3008138827331434,924.5956265819004,1.164637647103284
SpectralClustering,"{'n_clusters': 11, 'affinity': 'nearest_neighbors', 'assign_labels': 'cluster_qr', 'random_state': 2022, 'n_neighbors': 20}",0.3008138827331434,924.5956265819004,1.164637647103284
SpectralClustering,"{'n_clusters': 11, 'affinity': 'nearest_neighbors', 'assign_labels': 'cluster_qr', 'random_state': 3033, 'n_neighbors': 20}",0.3008138827331434,924.5956265819004,1.164637647103284
SpectralClustering,"{'n_clusters': 11, 'affinity': 'nearest_neighbors', 'assign_labels': 'cluster_qr', 'random_state': 4044, 'n_neighbors': 20}",0.3008138827331434,924.5956265819004,1.164637647103284
SpectralClustering,"{'n_clusters': 11, 'affinity': 'nearest_neighbors', 'assign_labels': 'cluster_qr', 'random_state': 5055, 'n_neighbors': 20}",0.3008138827331434,924.5956265819004,1.164637647103284
SpectralClustering,"{'n_clusters': 11, 'affinity': 'nearest_neighbors', 'assign_labels': 'cluster_qr', 'random_state': 6066, 'n_neighbors': 20}",0.3008138827331434,924.5956265819004,1.164637647103284
SpectralClustering,"{'n_clusters': 11, 'affinity': 'nearest_neighbors', 'assign_labels': 'kmeans', 'random_state': 42, 'n_neighbors': 50}",0.28045018156037976,799.3463437971095,1.052420781760761
SpectralClustering,"{'n_clusters': 11, 'affinity': 'nearest_neighbors', 'assign_labels': 'kmeans', 'random_state': 123, 'n_neighbors': 50}",0.28039071152405487,799.2318819494061,1.0522629724501718
SpectralClustering,"{'n_clusters': 11, 'affinity': 'nearest_neighbors', 'assign_labels': 'kmeans', 'random_state': 456, 'n_neighbors': 50}",0.28039071152405487,799.2318819494058,1.0522629724501718
SpectralClustering,"{'n_clusters': 11, 'affinity': 'nearest_neighbors', 'assign_labels': 'kmeans', 'random_state': 789, 'n_neighbors': 50}",0.28064245997736736,799.3862588323814,1.0536735437544094
SpectralClustering,"{'n_clusters': 11, 'affinity': 'nearest_neighbors', 'assign_labels': 'kmeans', 'random_state': 1011, 'n_neighbors': 50}",0.28039071152405487,799.2318819494058,1.0522629724501718
SpectralClustering,"{'n_clusters': 11, 'affinity': 'nearest_neighbors', 'assign_labels': 'kmeans', 'random_state': 2022, 'n_neighbors': 50}",0.28045018156037976,799.3463437971093,1.052420781760761
SpectralClustering,"{'n_clusters': 11, 'affinity': 'nearest_neighbors', 'assign_labels': 'kmeans', 'random_state': 3033, 'n_neighbors': 50}",0.28064245997736736,799.3862588323813,1.0536735437544094
SpectralClustering,"{'n_clusters': 11, 'affinity': 'nearest_neighbors', 'assign_labels': 'kmeans', 'random_state': 4044, 'n_neighbors': 50}",0.28039071152405487,799.2318819494062,1.0522629724501718
SpectralClustering,"{'n_clusters': 11, 'affinity': 'nearest_neighbors', 'assign_labels': 'kmeans', 'random_state': 5055, 'n_neighbors': 50}",0.28055786212462386,799.5103367173023,1.052743503104858
SpectralClustering,"{'n_clusters': 11, 'affinity': 'nearest_neighbors', 'assign_labels': 'kmeans', 'random_state': 6066, 'n_neighbors': 50}",0.28064245997736736,799.3862588323814,1.0536735437544094
SpectralClustering,"{'n_clusters': 11, 'affinity': 'nearest_neighbors', 'assign_labels': 'discretize', 'random_state': 42, 'n_neighbors': 50}",0.2837024385332375,799.1186551417085,1.0521559337961142
SpectralClustering,"{'n_clusters': 11, 'affinity': 'nearest_neighbors', 'assign_labels': 'discretize', 'random_state': 123, 'n_neighbors': 50}",0.28346061163044856,799.0923912515753,1.0526463205432615
SpectralClustering,"{'n_clusters': 11, 'affinity': 'nearest_neighbors', 'assign_labels': 'discretize', 'random_state': 456, 'n_neighbors': 50}",0.28348491462087705,799.0846638505109,1.052649211827912
SpectralClustering,"{'n_clusters': 11, 'affinity': 'nearest_neighbors', 'assign_labels': 'discretize', 'random_state': 789, 'n_neighbors': 50}",0.28354149337569046,798.9745891061857,1.0532596137802768
SpectralClustering,"{'n_clusters': 11, 'affinity': 'nearest_neighbors', 'assign_labels': 'discretize', 'random_state': 1011, 'n_neighbors': 50}",0.28346061163044856,799.0923912515753,1.0526463205432615
SpectralClustering,"{'n_clusters': 11, 'affinity': 'nearest_neighbors', 'assign_labels': 'discretize', 'random_state': 2022, 'n_neighbors': 50}",0.28290418670649214,798.9630245378543,1.0528421455702555
SpectralClustering,"{'n_clusters': 11, 'affinity': 'nearest_neighbors', 'assign_labels': 'discretize', 'random_state': 3033, 'n_neighbors': 50}",0.28346061163044856,799.0923912515753,1.0526463205432615
SpectralClustering,"{'n_clusters': 11, 'affinity': 'nearest_neighbors', 'assign_labels': 'discretize', 'random_state': 4044, 'n_neighbors': 50}",0.2837024385332375,799.1186551417085,1.0521559337961142
SpectralClustering,"{'n_clusters': 11, 'affinity': 'nearest_neighbors', 'assign_labels': 'discretize', 'random_state': 5055, 'n_neighbors': 50}",0.28346061163044856,799.0923912515753,1.0526463205432615
SpectralClustering,"{'n_clusters': 11, 'affinity': 'nearest_neighbors', 'assign_labels': 'discretize', 'random_state': 6066, 'n_neighbors': 50}",0.28346061163044856,799.0923912515755,1.0526463205432615
SpectralClustering,"{'n_clusters': 11, 'affinity': 'nearest_neighbors', 'assign_labels': 'cluster_qr', 'random_state': 42, 'n_neighbors': 50}",0.28010824947445223,797.5932294994439,1.0659740347336308
SpectralClustering,"{'n_clusters': 11, 'affinity': 'nearest_neighbors', 'assign_labels': 'cluster_qr', 'random_state': 123, 'n_neighbors': 50}",0.28010824947445223,797.5932294994439,1.0659740347336308
SpectralClustering,"{'n_clusters': 11, 'affinity': 'nearest_neighbors', 'assign_labels': 'cluster_qr', 'random_state': 456, 'n_neighbors': 50}",0.28010824947445223,797.5932294994439,1.0659740347336308
SpectralClustering,"{'n_clusters': 11, 'affinity': 'nearest_neighbors', 'assign_labels': 'cluster_qr', 'random_state': 789, 'n_neighbors': 50}",0.28010824947445223,797.5932294994439,1.0659740347336308
SpectralClustering,"{'n_clusters': 11, 'affinity': 'nearest_neighbors', 'assign_labels': 'cluster_qr', 'random_state': 1011, 'n_neighbors': 50}",0.28010824947445223,797.5932294994439,1.0659740347336308
SpectralClustering,"{'n_clusters': 11, 'affinity': 'nearest_neighbors', 'assign_labels': 'cluster_qr', 'random_state': 2022, 'n_neighbors': 50}",0.28010824947445223,797.5932294994439,1.0659740347336308
SpectralClustering,"{'n_clusters': 11, 'affinity': 'nearest_neighbors', 'assign_labels': 'cluster_qr', 'random_state': 3033, 'n_neighbors': 50}",0.28010824947445223,797.5932294994439,1.0659740347336308
SpectralClustering,"{'n_clusters': 11, 'affinity': 'nearest_neighbors', 'assign_labels': 'cluster_qr', 'random_state': 4044, 'n_neighbors': 50}",0.28010824947445223,797.5932294994439,1.0659740347336308
SpectralClustering,"{'n_clusters': 11, 'affinity': 'nearest_neighbors', 'assign_labels': 'cluster_qr', 'random_state': 5055, 'n_neighbors': 50}",0.28010824947445223,797.5932294994439,1.0659740347336308
SpectralClustering,"{'n_clusters': 11, 'affinity': 'nearest_neighbors', 'assign_labels': 'cluster_qr', 'random_state': 6066, 'n_neighbors': 50}",0.28010824947445223,797.5932294994439,1.0659740347336308
SpectralClustering,"{'n_clusters': 11, 'affinity': 'nearest_neighbors', 'assign_labels': 'kmeans', 'random_state': 42, 'n_neighbors': 100}",0.28302720060639114,812.929862769688,1.0568461939350262
SpectralClustering,"{'n_clusters': 11, 'affinity': 'nearest_neighbors', 'assign_labels': 'kmeans', 'random_state': 123, 'n_neighbors': 100}",0.28302720060639114,812.929862769688,1.0568461939350262
SpectralClustering,"{'n_clusters': 11, 'affinity': 'nearest_neighbors', 'assign_labels': 'kmeans', 'random_state': 456, 'n_neighbors': 100}",0.28302720060639114,812.929862769688,1.0568461939350262
SpectralClustering,"{'n_clusters': 11, 'affinity': 'nearest_neighbors', 'assign_labels': 'kmeans', 'random_state': 789, 'n_neighbors': 100}",0.28301122359551445,812.9240582381257,1.0566730781246059
SpectralClustering,"{'n_clusters': 11, 'affinity': 'nearest_neighbors', 'assign_labels': 'kmeans', 'random_state': 1011, 'n_neighbors': 100}",0.28302720060639114,812.929862769688,1.0568461939350262
SpectralClustering,"{'n_clusters': 11, 'affinity': 'nearest_neighbors', 'assign_labels': 'kmeans', 'random_state': 2022, 'n_neighbors': 100}",0.28302720060639114,812.9298627696878,1.0568461939350262
SpectralClustering,"{'n_clusters': 11, 'affinity': 'nearest_neighbors', 'assign_labels': 'kmeans', 'random_state': 3033, 'n_neighbors': 100}",0.28302720060639114,812.9298627696877,1.0568461939350262
SpectralClustering,"{'n_clusters': 11, 'affinity': 'nearest_neighbors', 'assign_labels': 'kmeans', 'random_state': 4044, 'n_neighbors': 100}",0.28302720060639114,812.9298627696878,1.0568461939350262
SpectralClustering,"{'n_clusters': 11, 'affinity': 'nearest_neighbors', 'assign_labels': 'kmeans', 'random_state': 5055, 'n_neighbors': 100}",0.28302720060639114,812.9298627696878,1.0568461939350262
SpectralClustering,"{'n_clusters': 11, 'affinity': 'nearest_neighbors', 'assign_labels': 'kmeans', 'random_state': 6066, 'n_neighbors': 100}",0.28302720060639114,812.9298627696878,1.0568461939350262
SpectralClustering,"{'n_clusters': 11, 'affinity': 'nearest_neighbors', 'assign_labels': 'discretize', 'random_state': 42, 'n_neighbors': 100}",0.2849460846932399,812.9659584615571,1.0613047686125012
SpectralClustering,"{'n_clusters': 11, 'affinity': 'nearest_neighbors', 'assign_labels': 'discretize', 'random_state': 123, 'n_neighbors': 100}",0.283377767494063,807.2355153125003,1.0777572841740488
SpectralClustering,"{'n_clusters': 11, 'affinity': 'nearest_neighbors', 'assign_labels': 'discretize', 'random_state': 456, 'n_neighbors': 100}",0.28309426108963653,806.8149527624164,1.0782090126917672
SpectralClustering,"{'n_clusters': 11, 'affinity': 'nearest_neighbors', 'assign_labels': 'discretize', 'random_state': 789, 'n_neighbors': 100}",0.2841864590496562,812.7712909517413,1.0609532717600603
SpectralClustering,"{'n_clusters': 11, 'affinity': 'nearest_neighbors', 'assign_labels': 'discretize', 'random_state': 1011, 'n_neighbors': 100}",0.2849460846932399,812.9659584615571,1.0613047686125012
SpectralClustering,"{'n_clusters': 11, 'affinity': 'nearest_neighbors', 'assign_labels': 'discretize', 'random_state': 2022, 'n_neighbors': 100}",0.28340622449492847,807.2791556006729,1.077639467011567
SpectralClustering,"{'n_clusters': 11, 'affinity': 'nearest_neighbors', 'assign_labels': 'discretize', 'random_state': 3033, 'n_neighbors': 100}",0.2841864590496562,812.7712909517411,1.0609532717600603
SpectralClustering,"{'n_clusters': 11, 'affinity': 'nearest_neighbors', 'assign_labels': 'discretize', 'random_state': 4044, 'n_neighbors': 100}",0.2849460846932399,812.9659584615574,1.0613047686125014
SpectralClustering,"{'n_clusters': 11, 'affinity': 'nearest_neighbors', 'assign_labels': 'discretize', 'random_state': 5055, 'n_neighbors': 100}",0.28247504688693154,806.836756895274,1.0756568627286467
SpectralClustering,"{'n_clusters': 11, 'affinity': 'nearest_neighbors', 'assign_labels': 'discretize', 'random_state': 6066, 'n_neighbors': 100}",0.2841864590496562,812.7712909517413,1.0609532717600603
SpectralClustering,"{'n_clusters': 11, 'affinity': 'nearest_neighbors', 'assign_labels': 'cluster_qr', 'random_state': 42, 'n_neighbors': 100}",0.28111792479375525,808.8298085771742,1.0714023190157729
SpectralClustering,"{'n_clusters': 11, 'affinity': 'nearest_neighbors', 'assign_labels': 'cluster_qr', 'random_state': 123, 'n_neighbors': 100}",0.28111792479375525,808.8298085771742,1.0714023190157729
SpectralClustering,"{'n_clusters': 11, 'affinity': 'nearest_neighbors', 'assign_labels': 'cluster_qr', 'random_state': 456, 'n_neighbors': 100}",0.28111792479375525,808.8298085771742,1.0714023190157729
SpectralClustering,"{'n_clusters': 11, 'affinity': 'nearest_neighbors', 'assign_labels': 'cluster_qr', 'random_state': 789, 'n_neighbors': 100}",0.28111792479375525,808.8298085771742,1.0714023190157729
SpectralClustering,"{'n_clusters': 11, 'affinity': 'nearest_neighbors', 'assign_labels': 'cluster_qr', 'random_state': 1011, 'n_neighbors': 100}",0.28111792479375525,808.8298085771742,1.0714023190157729
SpectralClustering,"{'n_clusters': 11, 'affinity': 'nearest_neighbors', 'assign_labels': 'cluster_qr', 'random_state': 2022, 'n_neighbors': 100}",0.28111792479375525,808.8298085771742,1.0714023190157729
SpectralClustering,"{'n_clusters': 11, 'affinity': 'nearest_neighbors', 'assign_labels': 'cluster_qr', 'random_state': 3033, 'n_neighbors': 100}",0.28111792479375525,808.8298085771742,1.0714023190157729
SpectralClustering,"{'n_clusters': 11, 'affinity': 'nearest_neighbors', 'assign_labels': 'cluster_qr', 'random_state': 4044, 'n_neighbors': 100}",0.28111792479375525,808.8298085771742,1.0714023190157729
SpectralClustering,"{'n_clusters': 11, 'affinity': 'nearest_neighbors', 'assign_labels': 'cluster_qr', 'random_state': 5055, 'n_neighbors': 100}",0.28111792479375525,808.8298085771742,1.0714023190157729
SpectralClustering,"{'n_clusters': 11, 'affinity': 'nearest_neighbors', 'assign_labels': 'cluster_qr', 'random_state': 6066, 'n_neighbors': 100}",0.28111792479375525,808.8298085771742,1.0714023190157729
SpectralClustering,"{'n_clusters': 11, 'affinity': 'polynomial', 'assign_labels': 'kmeans', 'random_state': 42}",-0.02393705766779862,96.93658988232231,1.4892019064042188
SpectralClustering,"{'n_clusters': 11, 'affinity': 'polynomial', 'assign_labels': 'kmeans', 'random_state': 123}",-0.023551624992349075,99.09033432284622,1.675451114217438
SpectralClustering,"{'n_clusters': 11, 'affinity': 'polynomial', 'assign_labels': 'kmeans', 'random_state': 456}",-0.024880394195009002,97.02909760331352,1.4790179335384812
SpectralClustering,"{'n_clusters': 11, 'affinity': 'polynomial', 'assign_labels': 'kmeans', 'random_state': 789}",-0.022486621082526432,97.28996849838146,1.50061894721947
SpectralClustering,"{'n_clusters': 11, 'affinity': 'polynomial', 'assign_labels': 'kmeans', 'random_state': 1011}",-0.02425765772508966,96.91284836317588,1.4882038454059867
SpectralClustering,"{'n_clusters': 11, 'affinity': 'polynomial', 'assign_labels': 'kmeans', 'random_state': 2022}",-0.027013904582345767,99.38009609461582,1.635446214449849
SpectralClustering,"{'n_clusters': 11, 'affinity': 'polynomial', 'assign_labels': 'kmeans', 'random_state': 3033}",-0.023079366851771765,99.33049421366408,1.6270031928186164
SpectralClustering,"{'n_clusters': 11, 'affinity': 'polynomial', 'assign_labels': 'kmeans', 'random_state': 4044}",-0.02370900913946526,98.95769538115073,1.6774827182564964
SpectralClustering,"{'n_clusters': 11, 'affinity': 'polynomial', 'assign_labels': 'kmeans', 'random_state': 5055}",-0.02295578357760714,99.1903795078866,1.6280520187916656
SpectralClustering,"{'n_clusters': 11, 'affinity': 'polynomial', 'assign_labels': 'kmeans', 'random_state': 6066}",-0.02213581406494942,97.24541696903934,1.503443979374733
SpectralClustering,"{'n_clusters': 11, 'affinity': 'polynomial', 'assign_labels': 'discretize', 'random_state': 42}",0.27244926425928895,818.6456319763874,1.1351454422674148
SpectralClustering,"{'n_clusters': 11, 'affinity': 'polynomial', 'assign_labels': 'discretize', 'random_state': 123}",0.17736773181651463,619.0456236088246,1.6034856395759274
SpectralClustering,"{'n_clusters': 11, 'affinity': 'polynomial', 'assign_labels': 'discretize', 'random_state': 456}",0.2631903007608714,748.4478075409143,1.1537014628532738
SpectralClustering,"{'n_clusters': 11, 'affinity': 'polynomial', 'assign_labels': 'discretize', 'random_state': 789}",0.2616546837247905,769.4201954362233,1.0855227162485155
SpectralClustering,"{'n_clusters': 11, 'affinity': 'polynomial', 'assign_labels': 'discretize', 'random_state': 1011}",0.22017944710489737,572.2707124335806,1.0901613173135456
SpectralClustering,"{'n_clusters': 11, 'affinity': 'polynomial', 'assign_labels': 'discretize', 'random_state': 2022}",0.256333677464394,731.981028147604,1.1709740900891894
SpectralClustering,"{'n_clusters': 11, 'affinity': 'polynomial', 'assign_labels': 'discretize', 'random_state': 3033}",0.17689133922307043,618.9911857227551,1.6018654540845532
SpectralClustering,"{'n_clusters': 11, 'affinity': 'polynomial', 'assign_labels': 'discretize', 'random_state': 4044}",0.26421144425441967,752.6179858987367,1.152509632208953
SpectralClustering,"{'n_clusters': 11, 'affinity': 'polynomial', 'assign_labels': 'discretize', 'random_state': 5055}",0.25926805401984626,784.0288774432305,1.0855378463830134
SpectralClustering,"{'n_clusters': 11, 'affinity': 'polynomial', 'assign_labels': 'discretize', 'random_state': 6066}",0.27713824223234707,844.28919072768,1.13785872690719
SpectralClustering,"{'n_clusters': 11, 'affinity': 'polynomial', 'assign_labels': 'cluster_qr', 'random_state': 42}",0.24607030141701305,757.5676436536653,1.3030433979607985
SpectralClustering,"{'n_clusters': 11, 'affinity': 'polynomial', 'assign_labels': 'cluster_qr', 'random_state': 123}",0.24607030141701305,757.5676436536653,1.3030433979607985
SpectralClustering,"{'n_clusters': 11, 'affinity': 'polynomial', 'assign_labels': 'cluster_qr', 'random_state': 456}",0.24607030141701305,757.5676436536653,1.3030433979607985
SpectralClustering,"{'n_clusters': 11, 'affinity': 'polynomial', 'assign_labels': 'cluster_qr', 'random_state': 789}",0.24607030141701305,757.5676436536653,1.3030433979607985
SpectralClustering,"{'n_clusters': 11, 'affinity': 'polynomial', 'assign_labels': 'cluster_qr', 'random_state': 1011}",0.24607030141701305,757.5676436536653,1.3030433979607985
SpectralClustering,"{'n_clusters': 11, 'affinity': 'polynomial', 'assign_labels': 'cluster_qr', 'random_state': 2022}",0.24607030141701305,757.5676436536653,1.3030433979607985
SpectralClustering,"{'n_clusters': 11, 'affinity': 'polynomial', 'assign_labels': 'cluster_qr', 'random_state': 3033}",0.24607030141701305,757.5676436536653,1.3030433979607985
SpectralClustering,"{'n_clusters': 11, 'affinity': 'polynomial', 'assign_labels': 'cluster_qr', 'random_state': 4044}",0.24607030141701305,757.5676436536653,1.3030433979607985
SpectralClustering,"{'n_clusters': 11, 'affinity': 'polynomial', 'assign_labels': 'cluster_qr', 'random_state': 5055}",0.24607030141701305,757.5676436536653,1.3030433979607985
SpectralClustering,"{'n_clusters': 11, 'affinity': 'polynomial', 'assign_labels': 'cluster_qr', 'random_state': 6066}",0.24607030141701305,757.5676436536653,1.3030433979607985
SpectralClustering,"{'n_clusters': 11, 'affinity': 'poly', 'assign_labels': 'kmeans', 'random_state': 42}",-0.02393705766779862,96.93658988232231,1.4892019064042188
SpectralClustering,"{'n_clusters': 11, 'affinity': 'poly', 'assign_labels': 'kmeans', 'random_state': 123}",-0.023551624992349075,99.09033432284622,1.675451114217438
SpectralClustering,"{'n_clusters': 11, 'affinity': 'poly', 'assign_labels': 'kmeans', 'random_state': 456}",-0.024880394195009002,97.02909760331352,1.4790179335384812
SpectralClustering,"{'n_clusters': 11, 'affinity': 'poly', 'assign_labels': 'kmeans', 'random_state': 789}",-0.022486621082526432,97.28996849838146,1.50061894721947
SpectralClustering,"{'n_clusters': 11, 'affinity': 'poly', 'assign_labels': 'kmeans', 'random_state': 1011}",-0.02425765772508966,96.91284836317588,1.4882038454059867
SpectralClustering,"{'n_clusters': 11, 'affinity': 'poly', 'assign_labels': 'kmeans', 'random_state': 2022}",-0.027013904582345767,99.38009609461582,1.635446214449849
SpectralClustering,"{'n_clusters': 11, 'affinity': 'poly', 'assign_labels': 'kmeans', 'random_state': 3033}",-0.023079366851771765,99.33049421366408,1.6270031928186164
SpectralClustering,"{'n_clusters': 11, 'affinity': 'poly', 'assign_labels': 'kmeans', 'random_state': 4044}",-0.02370900913946526,98.95769538115073,1.6774827182564964
SpectralClustering,"{'n_clusters': 11, 'affinity': 'poly', 'assign_labels': 'kmeans', 'random_state': 5055}",-0.02295578357760714,99.1903795078866,1.6280520187916656
SpectralClustering,"{'n_clusters': 11, 'affinity': 'poly', 'assign_labels': 'kmeans', 'random_state': 6066}",-0.02213581406494942,97.24541696903934,1.503443979374733
SpectralClustering,"{'n_clusters': 11, 'affinity': 'poly', 'assign_labels': 'discretize', 'random_state': 42}",0.27244926425928895,818.6456319763874,1.1351454422674148
SpectralClustering,"{'n_clusters': 11, 'affinity': 'poly', 'assign_labels': 'discretize', 'random_state': 123}",0.17736773181651463,619.0456236088246,1.6034856395759274
SpectralClustering,"{'n_clusters': 11, 'affinity': 'poly', 'assign_labels': 'discretize', 'random_state': 456}",0.2631903007608714,748.4478075409143,1.1537014628532738
SpectralClustering,"{'n_clusters': 11, 'affinity': 'poly', 'assign_labels': 'discretize', 'random_state': 789}",0.2616546837247905,769.4201954362233,1.0855227162485155
SpectralClustering,"{'n_clusters': 11, 'affinity': 'poly', 'assign_labels': 'discretize', 'random_state': 1011}",0.22017944710489737,572.2707124335806,1.0901613173135456
SpectralClustering,"{'n_clusters': 11, 'affinity': 'poly', 'assign_labels': 'discretize', 'random_state': 2022}",0.256333677464394,731.981028147604,1.1709740900891894
SpectralClustering,"{'n_clusters': 11, 'affinity': 'poly', 'assign_labels': 'discretize', 'random_state': 3033}",0.17689133922307043,618.9911857227551,1.6018654540845532
SpectralClustering,"{'n_clusters': 11, 'affinity': 'poly', 'assign_labels': 'discretize', 'random_state': 4044}",0.26421144425441967,752.6179858987367,1.152509632208953
SpectralClustering,"{'n_clusters': 11, 'affinity': 'poly', 'assign_labels': 'discretize', 'random_state': 5055}",0.25926805401984626,784.0288774432305,1.0855378463830134
SpectralClustering,"{'n_clusters': 11, 'affinity': 'poly', 'assign_labels': 'discretize', 'random_state': 6066}",0.27713824223234707,844.28919072768,1.13785872690719
SpectralClustering,"{'n_clusters': 11, 'affinity': 'poly', 'assign_labels': 'cluster_qr', 'random_state': 42}",0.24607030141701305,757.5676436536653,1.3030433979607985
SpectralClustering,"{'n_clusters': 11, 'affinity': 'poly', 'assign_labels': 'cluster_qr', 'random_state': 123}",0.24607030141701305,757.5676436536653,1.3030433979607985
SpectralClustering,"{'n_clusters': 11, 'affinity': 'poly', 'assign_labels': 'cluster_qr', 'random_state': 456}",0.24607030141701305,757.5676436536653,1.3030433979607985
SpectralClustering,"{'n_clusters': 11, 'affinity': 'poly', 'assign_labels': 'cluster_qr', 'random_state': 789}",0.24607030141701305,757.5676436536653,1.3030433979607985
SpectralClustering,"{'n_clusters': 11, 'affinity': 'poly', 'assign_labels': 'cluster_qr', 'random_state': 1011}",0.24607030141701305,757.5676436536653,1.3030433979607985
SpectralClustering,"{'n_clusters': 11, 'affinity': 'poly', 'assign_labels': 'cluster_qr', 'random_state': 2022}",0.24607030141701305,757.5676436536653,1.3030433979607985
SpectralClustering,"{'n_clusters': 11, 'affinity': 'poly', 'assign_labels': 'cluster_qr', 'random_state': 3033}",0.24607030141701305,757.5676436536653,1.3030433979607985
SpectralClustering,"{'n_clusters': 11, 'affinity': 'poly', 'assign_labels': 'cluster_qr', 'random_state': 4044}",0.24607030141701305,757.5676436536653,1.3030433979607985
SpectralClustering,"{'n_clusters': 11, 'affinity': 'poly', 'assign_labels': 'cluster_qr', 'random_state': 5055}",0.24607030141701305,757.5676436536653,1.3030433979607985
SpectralClustering,"{'n_clusters': 11, 'affinity': 'poly', 'assign_labels': 'cluster_qr', 'random_state': 6066}",0.24607030141701305,757.5676436536653,1.3030433979607985
SpectralClustering,"{'n_clusters': 11, 'affinity': 'sigmoid', 'assign_labels': 'kmeans', 'random_state': 42}",0.05308355061900761,241.1361284292578,2.4185536473195026
SpectralClustering,"{'n_clusters': 11, 'affinity': 'sigmoid', 'assign_labels': 'kmeans', 'random_state': 123}",0.057076467877576066,238.53813353386948,3.1358298614985998
SpectralClustering,"{'n_clusters': 11, 'affinity': 'sigmoid', 'assign_labels': 'kmeans', 'random_state': 456}",0.09092067333144983,265.1125625684466,2.7177003148498176
SpectralClustering,"{'n_clusters': 11, 'affinity': 'sigmoid', 'assign_labels': 'kmeans', 'random_state': 789}",0.05443715803877381,235.40616304943106,3.0971422531215036
SpectralClustering,"{'n_clusters': 11, 'affinity': 'sigmoid', 'assign_labels': 'kmeans', 'random_state': 1011}",0.0671253150629735,258.5156461213443,3.178158718287297
SpectralClustering,"{'n_clusters': 11, 'affinity': 'sigmoid', 'assign_labels': 'kmeans', 'random_state': 2022}",0.06640245387739784,255.4643282257866,2.882180013139815
SpectralClustering,"{'n_clusters': 11, 'affinity': 'sigmoid', 'assign_labels': 'kmeans', 'random_state': 3033}",0.06160036936203725,242.46221700926236,3.1160545682345213
SpectralClustering,"{'n_clusters': 11, 'affinity': 'sigmoid', 'assign_labels': 'kmeans', 'random_state': 4044}",0.10017190973481495,281.91511791564255,2.5495231184122127
SpectralClustering,"{'n_clusters': 11, 'affinity': 'sigmoid', 'assign_labels': 'kmeans', 'random_state': 5055}",0.07113110713670441,264.55119732404796,3.181369187463856
SpectralClustering,"{'n_clusters': 11, 'affinity': 'sigmoid', 'assign_labels': 'kmeans', 'random_state': 6066}",0.06268143661930056,253.14908095767657,2.8495507798734994
SpectralClustering,"{'n_clusters': 11, 'affinity': 'sigmoid', 'assign_labels': 'discretize', 'random_state': 42}",0.0446757131471825,216.28634089475605,3.4192808582940377
SpectralClustering,"{'n_clusters': 11, 'affinity': 'sigmoid', 'assign_labels': 'discretize', 'random_state': 123}",0.043049356526641165,214.92621346243897,3.327511808159608
SpectralClustering,"{'n_clusters': 11, 'affinity': 'sigmoid', 'assign_labels': 'discretize', 'random_state': 456}",0.04172068161803308,216.07147371354444,3.3541293066197486
SpectralClustering,"{'n_clusters': 11, 'affinity': 'sigmoid', 'assign_labels': 'discretize', 'random_state': 789}",0.043140100723908496,220.2797917112783,3.2187953940972225
SpectralClustering,"{'n_clusters': 11, 'affinity': 'sigmoid', 'assign_labels': 'discretize', 'random_state': 1011}",0.04066259840492815,213.95385262024118,3.429522585246278
SpectralClustering,"{'n_clusters': 11, 'affinity': 'sigmoid', 'assign_labels': 'discretize', 'random_state': 2022}",0.045411689151155725,216.09153078310516,3.3680361360810993
SpectralClustering,"{'n_clusters': 11, 'affinity': 'sigmoid', 'assign_labels': 'discretize', 'random_state': 3033}",0.055779872842723614,234.90016707751883,3.309428571788617
SpectralClustering,"{'n_clusters': 11, 'affinity': 'sigmoid', 'assign_labels': 'discretize', 'random_state': 4044}",0.07696302719521896,241.69672170687943,3.823546098006878
SpectralClustering,"{'n_clusters': 11, 'affinity': 'sigmoid', 'assign_labels': 'discretize', 'random_state': 5055}",0.06886772717570167,248.176940074161,2.9969853608661
SpectralClustering,"{'n_clusters': 11, 'affinity': 'sigmoid', 'assign_labels': 'discretize', 'random_state': 6066}",0.04157817692631623,216.0510115206519,3.299841599697704
SpectralClustering,"{'n_clusters': 11, 'affinity': 'sigmoid', 'assign_labels': 'cluster_qr', 'random_state': 42}",-0.030691476769561455,76.4164148254186,5.380103693159724
SpectralClustering,"{'n_clusters': 11, 'affinity': 'sigmoid', 'assign_labels': 'cluster_qr', 'random_state': 123}",-0.030691476769561455,76.4164148254186,5.380103693159724
SpectralClustering,"{'n_clusters': 11, 'affinity': 'sigmoid', 'assign_labels': 'cluster_qr', 'random_state': 456}",-0.030691476769561455,76.4164148254186,5.380103693159724
SpectralClustering,"{'n_clusters': 11, 'affinity': 'sigmoid', 'assign_labels': 'cluster_qr', 'random_state': 789}",-0.030691476769561455,76.4164148254186,5.380103693159724
SpectralClustering,"{'n_clusters': 11, 'affinity': 'sigmoid', 'assign_labels': 'cluster_qr', 'random_state': 1011}",-0.030691476769561455,76.4164148254186,5.380103693159724
SpectralClustering,"{'n_clusters': 11, 'affinity': 'sigmoid', 'assign_labels': 'cluster_qr', 'random_state': 2022}",-0.030691476769561455,76.4164148254186,5.380103693159724
SpectralClustering,"{'n_clusters': 11, 'affinity': 'sigmoid', 'assign_labels': 'cluster_qr', 'random_state': 3033}",-0.030691476769561455,76.4164148254186,5.380103693159724
SpectralClustering,"{'n_clusters': 11, 'affinity': 'sigmoid', 'assign_labels': 'cluster_qr', 'random_state': 4044}",-0.030691476769561455,76.4164148254186,5.380103693159724
SpectralClustering,"{'n_clusters': 11, 'affinity': 'sigmoid', 'assign_labels': 'cluster_qr', 'random_state': 5055}",-0.030691476769561455,76.4164148254186,5.380103693159724
SpectralClustering,"{'n_clusters': 11, 'affinity': 'sigmoid', 'assign_labels': 'cluster_qr', 'random_state': 6066}",-0.030691476769561455,76.4164148254186,5.380103693159724
SpectralClustering,"{'n_clusters': 12, 'affinity': 'rbf', 'assign_labels': 'kmeans', 'random_state': 42}",0.29604207610464855,257.4030153935806,1.3720160989290051
SpectralClustering,"{'n_clusters': 12, 'affinity': 'rbf', 'assign_labels': 'kmeans', 'random_state': 123}",0.29604207610464855,257.4030153935805,1.372016098929005
SpectralClustering,"{'n_clusters': 12, 'affinity': 'rbf', 'assign_labels': 'kmeans', 'random_state': 456}",0.2959635795126271,257.3751009769031,1.3418603422127156
SpectralClustering,"{'n_clusters': 12, 'affinity': 'rbf', 'assign_labels': 'kmeans', 'random_state': 789}",0.29576106559463283,257.1973533252391,1.3153017982443858
SpectralClustering,"{'n_clusters': 12, 'affinity': 'rbf', 'assign_labels': 'kmeans', 'random_state': 1011}",0.32717262852450113,386.62362178036136,1.1565565964478801
SpectralClustering,"{'n_clusters': 12, 'affinity': 'rbf', 'assign_labels': 'kmeans', 'random_state': 2022}",0.29699279800207096,257.41788785827987,1.1470322041439005
SpectralClustering,"{'n_clusters': 12, 'affinity': 'rbf', 'assign_labels': 'kmeans', 'random_state': 3033}",0.29576106559463283,257.197353325239,1.315301798244386
SpectralClustering,"{'n_clusters': 12, 'affinity': 'rbf', 'assign_labels': 'kmeans', 'random_state': 4044}",0.3272970674389638,386.79399744745285,1.156977127017594
SpectralClustering,"{'n_clusters': 12, 'affinity': 'rbf', 'assign_labels': 'kmeans', 'random_state': 5055}",0.29608520754026535,257.48310791277964,1.3422808727824298
SpectralClustering,"{'n_clusters': 12, 'affinity': 'rbf', 'assign_labels': 'kmeans', 'random_state': 6066}",0.2957140829598435,257.11735139260384,1.3424542113407838
SpectralClustering,"{'n_clusters': 12, 'affinity': 'rbf', 'assign_labels': 'discretize', 'random_state': 42}",0.40824053133699345,918.8196168676936,1.0672027645238134
SpectralClustering,"{'n_clusters': 12, 'affinity': 'rbf', 'assign_labels': 'discretize', 'random_state': 123}",0.40824053133699345,918.8196168676936,1.0672027645238134
SpectralClustering,"{'n_clusters': 12, 'affinity': 'rbf', 'assign_labels': 'discretize', 'random_state': 456}",0.40824053133699345,918.8196168676933,1.0672027645238134
SpectralClustering,"{'n_clusters': 12, 'affinity': 'rbf', 'assign_labels': 'discretize', 'random_state': 789}",0.40841721940536213,919.9720909959042,1.0662812909022783
SpectralClustering,"{'n_clusters': 12, 'affinity': 'rbf', 'assign_labels': 'discretize', 'random_state': 1011}",0.40824053133699345,918.8196168676936,1.0672027645238131
SpectralClustering,"{'n_clusters': 12, 'affinity': 'rbf', 'assign_labels': 'discretize', 'random_state': 2022}",0.40835565775463784,919.7180670115938,1.0667651515508594
SpectralClustering,"{'n_clusters': 12, 'affinity': 'rbf', 'assign_labels': 'discretize', 'random_state': 3033}",0.40848915388311535,920.1556664147581,1.0550703987915468
SpectralClustering,"{'n_clusters': 12, 'affinity': 'rbf', 'assign_labels': 'discretize', 'random_state': 4044}",0.40841721940536213,919.9720909959038,1.0662812909022785
SpectralClustering,"{'n_clusters': 12, 'affinity': 'rbf', 'assign_labels': 'discretize', 'random_state': 5055}",0.40841721940536213,919.9720909959043,1.0662812909022783
SpectralClustering,"{'n_clusters': 12, 'affinity': 'rbf', 'assign_labels': 'discretize', 'random_state': 6066}",0.40824053133699345,918.8196168676941,1.067202764523813
SpectralClustering,"{'n_clusters': 12, 'affinity': 'rbf', 'assign_labels': 'cluster_qr', 'random_state': 42}",0.4142422724610879,940.770179746971,1.0771086003878587
SpectralClustering,"{'n_clusters': 12, 'affinity': 'rbf', 'assign_labels': 'cluster_qr', 'random_state': 123}",0.4142422724610879,940.770179746971,1.0771086003878587
SpectralClustering,"{'n_clusters': 12, 'affinity': 'rbf', 'assign_labels': 'cluster_qr', 'random_state': 456}",0.4142422724610879,940.770179746971,1.0771086003878587
SpectralClustering,"{'n_clusters': 12, 'affinity': 'rbf', 'assign_labels': 'cluster_qr', 'random_state': 789}",0.4142422724610879,940.770179746971,1.0771086003878587
SpectralClustering,"{'n_clusters': 12, 'affinity': 'rbf', 'assign_labels': 'cluster_qr', 'random_state': 1011}",0.4142422724610879,940.770179746971,1.0771086003878587
SpectralClustering,"{'n_clusters': 12, 'affinity': 'rbf', 'assign_labels': 'cluster_qr', 'random_state': 2022}",0.4142422724610879,940.770179746971,1.0771086003878587
SpectralClustering,"{'n_clusters': 12, 'affinity': 'rbf', 'assign_labels': 'cluster_qr', 'random_state': 3033}",0.4142422724610879,940.770179746971,1.0771086003878587
SpectralClustering,"{'n_clusters': 12, 'affinity': 'rbf', 'assign_labels': 'cluster_qr', 'random_state': 4044}",0.4142422724610879,940.770179746971,1.0771086003878587
SpectralClustering,"{'n_clusters': 12, 'affinity': 'rbf', 'assign_labels': 'cluster_qr', 'random_state': 5055}",0.4142422724610879,940.770179746971,1.0771086003878587
SpectralClustering,"{'n_clusters': 12, 'affinity': 'rbf', 'assign_labels': 'cluster_qr', 'random_state': 6066}",0.4142422724610879,940.770179746971,1.0771086003878587
SpectralClustering,"{'n_clusters': 12, 'affinity': 'nearest_neighbors', 'assign_labels': 'kmeans', 'random_state': 42, 'n_neighbors': 5}",0.27353725126714235,875.503617581499,1.1969529824247989
SpectralClustering,"{'n_clusters': 12, 'affinity': 'nearest_neighbors', 'assign_labels': 'kmeans', 'random_state': 123, 'n_neighbors': 5}",0.273631409350313,875.433639605464,1.196530005684956
SpectralClustering,"{'n_clusters': 12, 'affinity': 'nearest_neighbors', 'assign_labels': 'kmeans', 'random_state': 456, 'n_neighbors': 5}",0.27353725126714235,875.5036175814993,1.1969529824247989
SpectralClustering,"{'n_clusters': 12, 'affinity': 'nearest_neighbors', 'assign_labels': 'kmeans', 'random_state': 789, 'n_neighbors': 5}",0.27353725126714235,875.503617581499,1.1969529824247989
SpectralClustering,"{'n_clusters': 12, 'affinity': 'nearest_neighbors', 'assign_labels': 'kmeans', 'random_state': 1011, 'n_neighbors': 5}",0.273631409350313,875.4336396054637,1.196530005684956
SpectralClustering,"{'n_clusters': 12, 'affinity': 'nearest_neighbors', 'assign_labels': 'kmeans', 'random_state': 2022, 'n_neighbors': 5}",0.273631409350313,875.4336396054642,1.196530005684956
SpectralClustering,"{'n_clusters': 12, 'affinity': 'nearest_neighbors', 'assign_labels': 'kmeans', 'random_state': 3033, 'n_neighbors': 5}",0.2734819021165629,875.2274053720555,1.1970188743283792
SpectralClustering,"{'n_clusters': 12, 'affinity': 'nearest_neighbors', 'assign_labels': 'kmeans', 'random_state': 4044, 'n_neighbors': 5}",0.273631409350313,875.4336396054637,1.196530005684956
SpectralClustering,"{'n_clusters': 12, 'affinity': 'nearest_neighbors', 'assign_labels': 'kmeans', 'random_state': 5055, 'n_neighbors': 5}",0.27357606231014814,875.1574618098833,1.1965958975885365
SpectralClustering,"{'n_clusters': 12, 'affinity': 'nearest_neighbors', 'assign_labels': 'kmeans', 'random_state': 6066, 'n_neighbors': 5}",0.27353725126714235,875.5036175814992,1.1969529824247989
SpectralClustering,"{'n_clusters': 12, 'affinity': 'nearest_neighbors', 'assign_labels': 'discretize', 'random_state': 42, 'n_neighbors': 5}",0.28824543317537343,892.938265306751,1.176296305389305
SpectralClustering,"{'n_clusters': 12, 'affinity': 'nearest_neighbors', 'assign_labels': 'discretize', 'random_state': 123, 'n_neighbors': 5}",0.2789460218647943,877.4268685788591,1.1942678014081833
SpectralClustering,"{'n_clusters': 12, 'affinity': 'nearest_neighbors', 'assign_labels': 'discretize', 'random_state': 456, 'n_neighbors': 5}",0.2789460218647943,877.4268685788591,1.1942678014081833
SpectralClustering,"{'n_clusters': 12, 'affinity': 'nearest_neighbors', 'assign_labels': 'discretize', 'random_state': 789, 'n_neighbors': 5}",0.2789460218647943,877.4268685788588,1.1942678014081831
SpectralClustering,"{'n_clusters': 12, 'affinity': 'nearest_neighbors', 'assign_labels': 'discretize', 'random_state': 1011, 'n_neighbors': 5}",0.2880852226884843,892.3492657136707,1.1765641407775205
SpectralClustering,"{'n_clusters': 12, 'affinity': 'nearest_neighbors', 'assign_labels': 'discretize', 'random_state': 2022, 'n_neighbors': 5}",0.27915275619388574,877.4993589391771,1.1944832946329598
SpectralClustering,"{'n_clusters': 12, 'affinity': 'nearest_neighbors', 'assign_labels': 'discretize', 'random_state': 3033, 'n_neighbors': 5}",0.2789084906940333,877.3730747066126,1.1943536401001151
SpectralClustering,"{'n_clusters': 12, 'affinity': 'nearest_neighbors', 'assign_labels': 'discretize', 'random_state': 4044, 'n_neighbors': 5}",0.2791614138369927,877.4957969648414,1.1946600258354885
SpectralClustering,"{'n_clusters': 12, 'affinity': 'nearest_neighbors', 'assign_labels': 'discretize', 'random_state': 5055, 'n_neighbors': 5}",0.28825019448089007,892.9488999208588,1.1761560817801635
SpectralClustering,"{'n_clusters': 12, 'affinity': 'nearest_neighbors', 'assign_labels': 'discretize', 'random_state': 6066, 'n_neighbors': 5}",0.2791614138369927,877.4957969648414,1.1946600258354882
SpectralClustering,"{'n_clusters': 12, 'affinity': 'nearest_neighbors', 'assign_labels': 'cluster_qr', 'random_state': 42, 'n_neighbors': 5}",0.2732719883141288,851.7132735395589,1.3598020933484951
SpectralClustering,"{'n_clusters': 12, 'affinity': 'nearest_neighbors', 'assign_labels': 'cluster_qr', 'random_state': 123, 'n_neighbors': 5}",0.2732719883141288,851.7132735395589,1.3598020933484951
SpectralClustering,"{'n_clusters': 12, 'affinity': 'nearest_neighbors', 'assign_labels': 'cluster_qr', 'random_state': 456, 'n_neighbors': 5}",0.2732719883141288,851.7132735395589,1.3598020933484951
SpectralClustering,"{'n_clusters': 12, 'affinity': 'nearest_neighbors', 'assign_labels': 'cluster_qr', 'random_state': 789, 'n_neighbors': 5}",0.2732719883141288,851.7132735395589,1.3598020933484951
SpectralClustering,"{'n_clusters': 12, 'affinity': 'nearest_neighbors', 'assign_labels': 'cluster_qr', 'random_state': 1011, 'n_neighbors': 5}",0.2732719883141288,851.7132735395589,1.3598020933484951
SpectralClustering,"{'n_clusters': 12, 'affinity': 'nearest_neighbors', 'assign_labels': 'cluster_qr', 'random_state': 2022, 'n_neighbors': 5}",0.2732719883141288,851.7132735395589,1.3598020933484951
SpectralClustering,"{'n_clusters': 12, 'affinity': 'nearest_neighbors', 'assign_labels': 'cluster_qr', 'random_state': 3033, 'n_neighbors': 5}",0.2732719883141288,851.7132735395589,1.3598020933484951
SpectralClustering,"{'n_clusters': 12, 'affinity': 'nearest_neighbors', 'assign_labels': 'cluster_qr', 'random_state': 4044, 'n_neighbors': 5}",0.2732719883141288,851.7132735395589,1.3598020933484951
SpectralClustering,"{'n_clusters': 12, 'affinity': 'nearest_neighbors', 'assign_labels': 'cluster_qr', 'random_state': 5055, 'n_neighbors': 5}",0.2732719883141288,851.7132735395589,1.3598020933484951
SpectralClustering,"{'n_clusters': 12, 'affinity': 'nearest_neighbors', 'assign_labels': 'cluster_qr', 'random_state': 6066, 'n_neighbors': 5}",0.2732719883141288,851.7132735395589,1.3598020933484951
SpectralClustering,"{'n_clusters': 12, 'affinity': 'nearest_neighbors', 'assign_labels': 'kmeans', 'random_state': 42, 'n_neighbors': 10}",0.288937158855458,895.1740588924905,1.1615012051533509
SpectralClustering,"{'n_clusters': 12, 'affinity': 'nearest_neighbors', 'assign_labels': 'kmeans', 'random_state': 123, 'n_neighbors': 10}",0.288937158855458,895.1740588924907,1.1615012051533509
SpectralClustering,"{'n_clusters': 12, 'affinity': 'nearest_neighbors', 'assign_labels': 'kmeans', 'random_state': 456, 'n_neighbors': 10}",0.288937158855458,895.1740588924907,1.1615012051533509
SpectralClustering,"{'n_clusters': 12, 'affinity': 'nearest_neighbors', 'assign_labels': 'kmeans', 'random_state': 789, 'n_neighbors': 10}",0.2893087480618663,895.4203910931943,1.1609622838209417
SpectralClustering,"{'n_clusters': 12, 'affinity': 'nearest_neighbors', 'assign_labels': 'kmeans', 'random_state': 1011, 'n_neighbors': 10}",0.2893166586420142,895.3956828771297,1.1614933199907476
SpectralClustering,"{'n_clusters': 12, 'affinity': 'nearest_neighbors', 'assign_labels': 'kmeans', 'random_state': 2022, 'n_neighbors': 10}",0.2893415749806996,895.3731327541007,1.1615398389360283
SpectralClustering,"{'n_clusters': 12, 'affinity': 'nearest_neighbors', 'assign_labels': 'kmeans', 'random_state': 3033, 'n_neighbors': 10}",0.2893087480618663,895.4203910931949,1.1609622838209417
SpectralClustering,"{'n_clusters': 12, 'affinity': 'nearest_neighbors', 'assign_labels': 'kmeans', 'random_state': 4044, 'n_neighbors': 10}",0.288937158855458,895.1740588924906,1.1615012051533509
SpectralClustering,"{'n_clusters': 12, 'affinity': 'nearest_neighbors', 'assign_labels': 'kmeans', 'random_state': 5055, 'n_neighbors': 10}",0.288937158855458,895.1740588924907,1.1615012051533509
SpectralClustering,"{'n_clusters': 12, 'affinity': 'nearest_neighbors', 'assign_labels': 'kmeans', 'random_state': 6066, 'n_neighbors': 10}",0.2888974913091271,895.2141623326994,1.1609266102834324
SpectralClustering,"{'n_clusters': 12, 'affinity': 'nearest_neighbors', 'assign_labels': 'discretize', 'random_state': 42, 'n_neighbors': 10}",0.2887473109968158,893.8198782743473,1.169966190180108
SpectralClustering,"{'n_clusters': 12, 'affinity': 'nearest_neighbors', 'assign_labels': 'discretize', 'random_state': 123, 'n_neighbors': 10}",0.29050089443917954,901.2266425658488,1.1628251170987076
SpectralClustering,"{'n_clusters': 12, 'affinity': 'nearest_neighbors', 'assign_labels': 'discretize', 'random_state': 456, 'n_neighbors': 10}",0.29149033959770254,902.4499301900554,1.1596952648148942
SpectralClustering,"{'n_clusters': 12, 'affinity': 'nearest_neighbors', 'assign_labels': 'discretize', 'random_state': 789, 'n_neighbors': 10}",0.2883921758821235,893.4985001925785,1.170506058290427
SpectralClustering,"{'n_clusters': 12, 'affinity': 'nearest_neighbors', 'assign_labels': 'discretize', 'random_state': 1011, 'n_neighbors': 10}",0.288941249962621,893.9846780141451,1.1695300862603357
SpectralClustering,"{'n_clusters': 12, 'affinity': 'nearest_neighbors', 'assign_labels': 'discretize', 'random_state': 2022, 'n_neighbors': 10}",0.2887569988240259,893.8586126733678,1.169929189218368
SpectralClustering,"{'n_clusters': 12, 'affinity': 'nearest_neighbors', 'assign_labels': 'discretize', 'random_state': 3033, 'n_neighbors': 10}",0.29031089490826384,901.0501202548983,1.1632670895568926
SpectralClustering,"{'n_clusters': 12, 'affinity': 'nearest_neighbors', 'assign_labels': 'discretize', 'random_state': 4044, 'n_neighbors': 10}",0.2885764451898203,893.6244860007292,1.1701069553323944
SpectralClustering,"{'n_clusters': 12, 'affinity': 'nearest_neighbors', 'assign_labels': 'discretize', 'random_state': 5055, 'n_neighbors': 10}",0.288382506224015,893.4597902287137,1.1705430592521668
SpectralClustering,"{'n_clusters': 12, 'affinity': 'nearest_neighbors', 'assign_labels': 'discretize', 'random_state': 6066, 'n_neighbors': 10}",0.288382506224015,893.4597902287137,1.1705430592521668
SpectralClustering,"{'n_clusters': 12, 'affinity': 'nearest_neighbors', 'assign_labels': 'cluster_qr', 'random_state': 42, 'n_neighbors': 10}",0.2867697555030378,892.1648411154298,1.167490164348678
SpectralClustering,"{'n_clusters': 12, 'affinity': 'nearest_neighbors', 'assign_labels': 'cluster_qr', 'random_state': 123, 'n_neighbors': 10}",0.2867697555030378,892.1648411154298,1.167490164348678
SpectralClustering,"{'n_clusters': 12, 'affinity': 'nearest_neighbors', 'assign_labels': 'cluster_qr', 'random_state': 456, 'n_neighbors': 10}",0.2867697555030378,892.1648411154298,1.167490164348678
SpectralClustering,"{'n_clusters': 12, 'affinity': 'nearest_neighbors', 'assign_labels': 'cluster_qr', 'random_state': 789, 'n_neighbors': 10}",0.2867697555030378,892.1648411154298,1.167490164348678
SpectralClustering,"{'n_clusters': 12, 'affinity': 'nearest_neighbors', 'assign_labels': 'cluster_qr', 'random_state': 1011, 'n_neighbors': 10}",0.2867697555030378,892.1648411154298,1.167490164348678
SpectralClustering,"{'n_clusters': 12, 'affinity': 'nearest_neighbors', 'assign_labels': 'cluster_qr', 'random_state': 2022, 'n_neighbors': 10}",0.2867697555030378,892.1648411154298,1.167490164348678
SpectralClustering,"{'n_clusters': 12, 'affinity': 'nearest_neighbors', 'assign_labels': 'cluster_qr', 'random_state': 3033, 'n_neighbors': 10}",0.2867697555030378,892.1648411154298,1.167490164348678
SpectralClustering,"{'n_clusters': 12, 'affinity': 'nearest_neighbors', 'assign_labels': 'cluster_qr', 'random_state': 4044, 'n_neighbors': 10}",0.2867697555030378,892.1648411154298,1.167490164348678
SpectralClustering,"{'n_clusters': 12, 'affinity': 'nearest_neighbors', 'assign_labels': 'cluster_qr', 'random_state': 5055, 'n_neighbors': 10}",0.2867697555030378,892.1648411154298,1.167490164348678
SpectralClustering,"{'n_clusters': 12, 'affinity': 'nearest_neighbors', 'assign_labels': 'cluster_qr', 'random_state': 6066, 'n_neighbors': 10}",0.2867697555030378,892.1648411154298,1.167490164348678
SpectralClustering,"{'n_clusters': 12, 'affinity': 'nearest_neighbors', 'assign_labels': 'kmeans', 'random_state': 42, 'n_neighbors': 15}",0.2927687438235856,906.1344313643672,1.14099001096426
SpectralClustering,"{'n_clusters': 12, 'affinity': 'nearest_neighbors', 'assign_labels': 'kmeans', 'random_state': 123, 'n_neighbors': 15}",0.2928990588191021,906.376798059024,1.1399150629995412
SpectralClustering,"{'n_clusters': 12, 'affinity': 'nearest_neighbors', 'assign_labels': 'kmeans', 'random_state': 456, 'n_neighbors': 15}",0.2928439906452417,905.6905331389755,1.1408801665705013
SpectralClustering,"{'n_clusters': 12, 'affinity': 'nearest_neighbors', 'assign_labels': 'kmeans', 'random_state': 789, 'n_neighbors': 15}",0.2928495398957112,906.3720746352857,1.1395754932734603
SpectralClustering,"{'n_clusters': 12, 'affinity': 'nearest_neighbors', 'assign_labels': 'kmeans', 'random_state': 1011, 'n_neighbors': 15}",0.2928990588191021,906.3767980590243,1.1399150629995412
SpectralClustering,"{'n_clusters': 12, 'affinity': 'nearest_neighbors', 'assign_labels': 'kmeans', 'random_state': 2022, 'n_neighbors': 15}",0.2928990588191021,906.3767980590244,1.1399150629995412
SpectralClustering,"{'n_clusters': 12, 'affinity': 'nearest_neighbors', 'assign_labels': 'kmeans', 'random_state': 3033, 'n_neighbors': 15}",0.2928990588191021,906.3767980590244,1.1399150629995412
SpectralClustering,"{'n_clusters': 12, 'affinity': 'nearest_neighbors', 'assign_labels': 'kmeans', 'random_state': 4044, 'n_neighbors': 15}",0.2928990588191021,906.3767980590242,1.1399150629995412
SpectralClustering,"{'n_clusters': 12, 'affinity': 'nearest_neighbors', 'assign_labels': 'kmeans', 'random_state': 5055, 'n_neighbors': 15}",0.2927687438235856,906.1344313643665,1.14099001096426
SpectralClustering,"{'n_clusters': 12, 'affinity': 'nearest_neighbors', 'assign_labels': 'kmeans', 'random_state': 6066, 'n_neighbors': 15}",0.2928495398957112,906.3720746352857,1.1395754932734603
SpectralClustering,"{'n_clusters': 12, 'affinity': 'nearest_neighbors', 'assign_labels': 'discretize', 'random_state': 42, 'n_neighbors': 15}",0.2909168256268229,897.9100778452508,1.1576645878241318
SpectralClustering,"{'n_clusters': 12, 'affinity': 'nearest_neighbors', 'assign_labels': 'discretize', 'random_state': 123, 'n_neighbors': 15}",0.29352731389724573,901.5770635563215,1.1459167522622462
SpectralClustering,"{'n_clusters': 12, 'affinity': 'nearest_neighbors', 'assign_labels': 'discretize', 'random_state': 456, 'n_neighbors': 15}",0.29385619065245994,901.9589745629678,1.1450138278426114
SpectralClustering,"{'n_clusters': 12, 'affinity': 'nearest_neighbors', 'assign_labels': 'discretize', 'random_state': 789, 'n_neighbors': 15}",0.2904937631014035,897.5016101627614,1.1554486329904419
SpectralClustering,"{'n_clusters': 12, 'affinity': 'nearest_neighbors', 'assign_labels': 'discretize', 'random_state': 1011, 'n_neighbors': 15}",0.2900806606936096,894.3523306371568,1.1580255532028618
SpectralClustering,"{'n_clusters': 12, 'affinity': 'nearest_neighbors', 'assign_labels': 'discretize', 'random_state': 2022, 'n_neighbors': 15}",0.2940263030243767,902.2036154232608,1.1440273221757646
SpectralClustering,"{'n_clusters': 12, 'affinity': 'nearest_neighbors', 'assign_labels': 'discretize', 'random_state': 3033, 'n_neighbors': 15}",0.2940263030243767,902.2036154232608,1.1440273221757644
SpectralClustering,"{'n_clusters': 12, 'affinity': 'nearest_neighbors', 'assign_labels': 'discretize', 'random_state': 4044, 'n_neighbors': 15}",0.2900806606936096,894.3523306371563,1.158025553202862
SpectralClustering,"{'n_clusters': 12, 'affinity': 'nearest_neighbors', 'assign_labels': 'discretize', 'random_state': 5055, 'n_neighbors': 15}",0.2940263030243767,902.2036154232608,1.1440273221757644
SpectralClustering,"{'n_clusters': 12, 'affinity': 'nearest_neighbors', 'assign_labels': 'discretize', 'random_state': 6066, 'n_neighbors': 15}",0.2902544900914184,894.5932263332257,1.1570619111806772
SpectralClustering,"{'n_clusters': 12, 'affinity': 'nearest_neighbors', 'assign_labels': 'cluster_qr', 'random_state': 42, 'n_neighbors': 15}",0.2912871086838252,897.8693120399614,1.1547825129684
SpectralClustering,"{'n_clusters': 12, 'affinity': 'nearest_neighbors', 'assign_labels': 'cluster_qr', 'random_state': 123, 'n_neighbors': 15}",0.2912871086838252,897.8693120399614,1.1547825129684
SpectralClustering,"{'n_clusters': 12, 'affinity': 'nearest_neighbors', 'assign_labels': 'cluster_qr', 'random_state': 456, 'n_neighbors': 15}",0.2912871086838252,897.8693120399614,1.1547825129684
SpectralClustering,"{'n_clusters': 12, 'affinity': 'nearest_neighbors', 'assign_labels': 'cluster_qr', 'random_state': 789, 'n_neighbors': 15}",0.2912871086838252,897.8693120399614,1.1547825129684
SpectralClustering,"{'n_clusters': 12, 'affinity': 'nearest_neighbors', 'assign_labels': 'cluster_qr', 'random_state': 1011, 'n_neighbors': 15}",0.2912871086838252,897.8693120399614,1.1547825129684
SpectralClustering,"{'n_clusters': 12, 'affinity': 'nearest_neighbors', 'assign_labels': 'cluster_qr', 'random_state': 2022, 'n_neighbors': 15}",0.2912871086838252,897.8693120399614,1.1547825129684
SpectralClustering,"{'n_clusters': 12, 'affinity': 'nearest_neighbors', 'assign_labels': 'cluster_qr', 'random_state': 3033, 'n_neighbors': 15}",0.2912871086838252,897.8693120399614,1.1547825129684
SpectralClustering,"{'n_clusters': 12, 'affinity': 'nearest_neighbors', 'assign_labels': 'cluster_qr', 'random_state': 4044, 'n_neighbors': 15}",0.2912871086838252,897.8693120399614,1.1547825129684
SpectralClustering,"{'n_clusters': 12, 'affinity': 'nearest_neighbors', 'assign_labels': 'cluster_qr', 'random_state': 5055, 'n_neighbors': 15}",0.2912871086838252,897.8693120399614,1.1547825129684
SpectralClustering,"{'n_clusters': 12, 'affinity': 'nearest_neighbors', 'assign_labels': 'cluster_qr', 'random_state': 6066, 'n_neighbors': 15}",0.2912871086838252,897.8693120399614,1.1547825129684
SpectralClustering,"{'n_clusters': 12, 'affinity': 'nearest_neighbors', 'assign_labels': 'kmeans', 'random_state': 42, 'n_neighbors': 20}",0.29267680798612,906.8742615803325,1.1435815168126875
SpectralClustering,"{'n_clusters': 12, 'affinity': 'nearest_neighbors', 'assign_labels': 'kmeans', 'random_state': 123, 'n_neighbors': 20}",0.2926872423318619,906.2276239136341,1.1413999698935828
SpectralClustering,"{'n_clusters': 12, 'affinity': 'nearest_neighbors', 'assign_labels': 'kmeans', 'random_state': 456, 'n_neighbors': 20}",0.29267680798612,906.8742615803327,1.1435815168126875
SpectralClustering,"{'n_clusters': 12, 'affinity': 'nearest_neighbors', 'assign_labels': 'kmeans', 'random_state': 789, 'n_neighbors': 20}",0.2926872423318619,906.2276239136341,1.1413999698935828
SpectralClustering,"{'n_clusters': 12, 'affinity': 'nearest_neighbors', 'assign_labels': 'kmeans', 'random_state': 1011, 'n_neighbors': 20}",0.29267680798612,906.8742615803325,1.1435815168126875
SpectralClustering,"{'n_clusters': 12, 'affinity': 'nearest_neighbors', 'assign_labels': 'kmeans', 'random_state': 2022, 'n_neighbors': 20}",0.29267680798612,906.8742615803329,1.1435815168126875
SpectralClustering,"{'n_clusters': 12, 'affinity': 'nearest_neighbors', 'assign_labels': 'kmeans', 'random_state': 3033, 'n_neighbors': 20}",0.29267680798612,906.8742615803325,1.1435815168126875
SpectralClustering,"{'n_clusters': 12, 'affinity': 'nearest_neighbors', 'assign_labels': 'kmeans', 'random_state': 4044, 'n_neighbors': 20}",0.29267680798612,906.8742615803326,1.1435815168126875
SpectralClustering,"{'n_clusters': 12, 'affinity': 'nearest_neighbors', 'assign_labels': 'kmeans', 'random_state': 5055, 'n_neighbors': 20}",0.2926872423318619,906.2276239136344,1.1413999698935828
SpectralClustering,"{'n_clusters': 12, 'affinity': 'nearest_neighbors', 'assign_labels': 'kmeans', 'random_state': 6066, 'n_neighbors': 20}",0.29267680798612,906.8742615803327,1.1435815168126875
SpectralClustering,"{'n_clusters': 12, 'affinity': 'nearest_neighbors', 'assign_labels': 'discretize', 'random_state': 42, 'n_neighbors': 20}",0.29128646463352736,895.2173264299857,1.160935041015278
SpectralClustering,"{'n_clusters': 12, 'affinity': 'nearest_neighbors', 'assign_labels': 'discretize', 'random_state': 123, 'n_neighbors': 20}",0.29145390456816184,895.3039143187585,1.1593976953899654
SpectralClustering,"{'n_clusters': 12, 'affinity': 'nearest_neighbors', 'assign_labels': 'discretize', 'random_state': 456, 'n_neighbors': 20}",0.29145390456816184,895.3039143187585,1.1593976953899654
SpectralClustering,"{'n_clusters': 12, 'affinity': 'nearest_neighbors', 'assign_labels': 'discretize', 'random_state': 789, 'n_neighbors': 20}",0.2908252987075552,893.6262957461378,1.158405123323001
SpectralClustering,"{'n_clusters': 12, 'affinity': 'nearest_neighbors', 'assign_labels': 'discretize', 'random_state': 1011, 'n_neighbors': 20}",0.29136615400587,895.3045114756706,1.160675710964729
SpectralClustering,"{'n_clusters': 12, 'affinity': 'nearest_neighbors', 'assign_labels': 'discretize', 'random_state': 2022, 'n_neighbors': 20}",0.2935840085873831,902.433742633749,1.145691178588309
SpectralClustering,"{'n_clusters': 12, 'affinity': 'nearest_neighbors', 'assign_labels': 'discretize', 'random_state': 3033, 'n_neighbors': 20}",0.2935840085873831,902.433742633749,1.145691178588309
SpectralClustering,"{'n_clusters': 12, 'affinity': 'nearest_neighbors', 'assign_labels': 'discretize', 'random_state': 4044, 'n_neighbors': 20}",0.2892352844358033,892.7249246284548,1.1570735101723797
SpectralClustering,"{'n_clusters': 12, 'affinity': 'nearest_neighbors', 'assign_labels': 'discretize', 'random_state': 5055, 'n_neighbors': 20}",0.29145390456816184,895.3039143187584,1.1593976953899654
SpectralClustering,"{'n_clusters': 12, 'affinity': 'nearest_neighbors', 'assign_labels': 'discretize', 'random_state': 6066, 'n_neighbors': 20}",0.2935840085873831,902.4337426337493,1.145691178588309
SpectralClustering,"{'n_clusters': 12, 'affinity': 'nearest_neighbors', 'assign_labels': 'cluster_qr', 'random_state': 42, 'n_neighbors': 20}",0.28830360780511555,893.6127836212924,1.1596591527100901
SpectralClustering,"{'n_clusters': 12, 'affinity': 'nearest_neighbors', 'assign_labels': 'cluster_qr', 'random_state': 123, 'n_neighbors': 20}",0.28830360780511555,893.6127836212924,1.1596591527100901
SpectralClustering,"{'n_clusters': 12, 'affinity': 'nearest_neighbors', 'assign_labels': 'cluster_qr', 'random_state': 456, 'n_neighbors': 20}",0.28830360780511555,893.6127836212924,1.1596591527100901
SpectralClustering,"{'n_clusters': 12, 'affinity': 'nearest_neighbors', 'assign_labels': 'cluster_qr', 'random_state': 789, 'n_neighbors': 20}",0.28830360780511555,893.6127836212924,1.1596591527100901
SpectralClustering,"{'n_clusters': 12, 'affinity': 'nearest_neighbors', 'assign_labels': 'cluster_qr', 'random_state': 1011, 'n_neighbors': 20}",0.28830360780511555,893.6127836212924,1.1596591527100901
SpectralClustering,"{'n_clusters': 12, 'affinity': 'nearest_neighbors', 'assign_labels': 'cluster_qr', 'random_state': 2022, 'n_neighbors': 20}",0.28830360780511555,893.6127836212924,1.1596591527100901
SpectralClustering,"{'n_clusters': 12, 'affinity': 'nearest_neighbors', 'assign_labels': 'cluster_qr', 'random_state': 3033, 'n_neighbors': 20}",0.28830360780511555,893.6127836212924,1.1596591527100901
SpectralClustering,"{'n_clusters': 12, 'affinity': 'nearest_neighbors', 'assign_labels': 'cluster_qr', 'random_state': 4044, 'n_neighbors': 20}",0.28830360780511555,893.6127836212924,1.1596591527100901
SpectralClustering,"{'n_clusters': 12, 'affinity': 'nearest_neighbors', 'assign_labels': 'cluster_qr', 'random_state': 5055, 'n_neighbors': 20}",0.28830360780511555,893.6127836212924,1.1596591527100901
SpectralClustering,"{'n_clusters': 12, 'affinity': 'nearest_neighbors', 'assign_labels': 'cluster_qr', 'random_state': 6066, 'n_neighbors': 20}",0.28830360780511555,893.6127836212924,1.1596591527100901
SpectralClustering,"{'n_clusters': 12, 'affinity': 'nearest_neighbors', 'assign_labels': 'kmeans', 'random_state': 42, 'n_neighbors': 50}",0.29165088718607135,911.063806038259,1.1376137301241276
SpectralClustering,"{'n_clusters': 12, 'affinity': 'nearest_neighbors', 'assign_labels': 'kmeans', 'random_state': 123, 'n_neighbors': 50}",0.29165088718607135,911.063806038259,1.1376137301241276
SpectralClustering,"{'n_clusters': 12, 'affinity': 'nearest_neighbors', 'assign_labels': 'kmeans', 'random_state': 456, 'n_neighbors': 50}",0.2918509254944311,911.3282822178513,1.137680173353041
SpectralClustering,"{'n_clusters': 12, 'affinity': 'nearest_neighbors', 'assign_labels': 'kmeans', 'random_state': 789, 'n_neighbors': 50}",0.2918509254944311,911.3282822178509,1.137680173353041
SpectralClustering,"{'n_clusters': 12, 'affinity': 'nearest_neighbors', 'assign_labels': 'kmeans', 'random_state': 1011, 'n_neighbors': 50}",0.2919038909597351,911.2686113019068,1.1389812077186614
SpectralClustering,"{'n_clusters': 12, 'affinity': 'nearest_neighbors', 'assign_labels': 'kmeans', 'random_state': 2022, 'n_neighbors': 50}",0.29165088718607135,911.0638060382589,1.1376137301241276
SpectralClustering,"{'n_clusters': 12, 'affinity': 'nearest_neighbors', 'assign_labels': 'kmeans', 'random_state': 3033, 'n_neighbors': 50}",0.29165088718607135,911.063806038259,1.1376137301241274
SpectralClustering,"{'n_clusters': 12, 'affinity': 'nearest_neighbors', 'assign_labels': 'kmeans', 'random_state': 4044, 'n_neighbors': 50}",0.29165088718607135,911.0638060382587,1.1376137301241274
SpectralClustering,"{'n_clusters': 12, 'affinity': 'nearest_neighbors', 'assign_labels': 'kmeans', 'random_state': 5055, 'n_neighbors': 50}",0.29166785308528737,911.6423988824993,1.1370195290424414
SpectralClustering,"{'n_clusters': 12, 'affinity': 'nearest_neighbors', 'assign_labels': 'kmeans', 'random_state': 6066, 'n_neighbors': 50}",0.2918184689282398,910.9058112665484,1.1375915063235074
SpectralClustering,"{'n_clusters': 12, 'affinity': 'nearest_neighbors', 'assign_labels': 'discretize', 'random_state': 42, 'n_neighbors': 50}",0.29346797948890907,901.7317770610894,1.1512701882747147
SpectralClustering,"{'n_clusters': 12, 'affinity': 'nearest_neighbors', 'assign_labels': 'discretize', 'random_state': 123, 'n_neighbors': 50}",0.2932288504801561,901.7008252448229,1.1517826791110999
SpectralClustering,"{'n_clusters': 12, 'affinity': 'nearest_neighbors', 'assign_labels': 'discretize', 'random_state': 456, 'n_neighbors': 50}",0.29346797948890907,901.7317770610895,1.1512701882747147
SpectralClustering,"{'n_clusters': 12, 'affinity': 'nearest_neighbors', 'assign_labels': 'discretize', 'random_state': 789, 'n_neighbors': 50}",0.2932840211172962,901.4694382132346,1.1520432758639803
SpectralClustering,"{'n_clusters': 12, 'affinity': 'nearest_neighbors', 'assign_labels': 'discretize', 'random_state': 1011, 'n_neighbors': 50}",0.2932840211172962,901.4694382132346,1.15204327586398
SpectralClustering,"{'n_clusters': 12, 'affinity': 'nearest_neighbors', 'assign_labels': 'discretize', 'random_state': 2022, 'n_neighbors': 50}",0.2933079752031085,901.4596603092014,1.152045926208243
SpectralClustering,"{'n_clusters': 12, 'affinity': 'nearest_neighbors', 'assign_labels': 'discretize', 'random_state': 3033, 'n_neighbors': 50}",0.2932840211172962,901.4694382132349,1.15204327586398
SpectralClustering,"{'n_clusters': 12, 'affinity': 'nearest_neighbors', 'assign_labels': 'discretize', 'random_state': 4044, 'n_neighbors': 50}",0.2935234621185043,901.5003775680156,1.1515311524690623
SpectralClustering,"{'n_clusters': 12, 'affinity': 'nearest_neighbors', 'assign_labels': 'discretize', 'random_state': 5055, 'n_neighbors': 50}",0.2932288504801561,901.7008252448229,1.1517826791110999
SpectralClustering,"{'n_clusters': 12, 'affinity': 'nearest_neighbors', 'assign_labels': 'discretize', 'random_state': 6066, 'n_neighbors': 50}",0.2932288504801561,901.7008252448229,1.1517826791110999
SpectralClustering,"{'n_clusters': 12, 'affinity': 'nearest_neighbors', 'assign_labels': 'cluster_qr', 'random_state': 42, 'n_neighbors': 50}",0.28991956982383155,896.3206388281241,1.1649989511493188
SpectralClustering,"{'n_clusters': 12, 'affinity': 'nearest_neighbors', 'assign_labels': 'cluster_qr', 'random_state': 123, 'n_neighbors': 50}",0.28991956982383155,896.3206388281241,1.1649989511493188
SpectralClustering,"{'n_clusters': 12, 'affinity': 'nearest_neighbors', 'assign_labels': 'cluster_qr', 'random_state': 456, 'n_neighbors': 50}",0.28991956982383155,896.3206388281241,1.1649989511493188
SpectralClustering,"{'n_clusters': 12, 'affinity': 'nearest_neighbors', 'assign_labels': 'cluster_qr', 'random_state': 789, 'n_neighbors': 50}",0.28991956982383155,896.3206388281241,1.1649989511493188
SpectralClustering,"{'n_clusters': 12, 'affinity': 'nearest_neighbors', 'assign_labels': 'cluster_qr', 'random_state': 1011, 'n_neighbors': 50}",0.28991956982383155,896.3206388281241,1.1649989511493188
SpectralClustering,"{'n_clusters': 12, 'affinity': 'nearest_neighbors', 'assign_labels': 'cluster_qr', 'random_state': 2022, 'n_neighbors': 50}",0.28991956982383155,896.3206388281241,1.1649989511493188
SpectralClustering,"{'n_clusters': 12, 'affinity': 'nearest_neighbors', 'assign_labels': 'cluster_qr', 'random_state': 3033, 'n_neighbors': 50}",0.28991956982383155,896.3206388281241,1.1649989511493188
SpectralClustering,"{'n_clusters': 12, 'affinity': 'nearest_neighbors', 'assign_labels': 'cluster_qr', 'random_state': 4044, 'n_neighbors': 50}",0.28991956982383155,896.3206388281241,1.1649989511493188
SpectralClustering,"{'n_clusters': 12, 'affinity': 'nearest_neighbors', 'assign_labels': 'cluster_qr', 'random_state': 5055, 'n_neighbors': 50}",0.28991956982383155,896.3206388281241,1.1649989511493188
SpectralClustering,"{'n_clusters': 12, 'affinity': 'nearest_neighbors', 'assign_labels': 'cluster_qr', 'random_state': 6066, 'n_neighbors': 50}",0.28991956982383155,896.3206388281241,1.1649989511493188
SpectralClustering,"{'n_clusters': 12, 'affinity': 'nearest_neighbors', 'assign_labels': 'kmeans', 'random_state': 42, 'n_neighbors': 100}",0.28213511920244383,758.7372698301147,1.0607192870323268
SpectralClustering,"{'n_clusters': 12, 'affinity': 'nearest_neighbors', 'assign_labels': 'kmeans', 'random_state': 123, 'n_neighbors': 100}",0.2821312512567998,758.7429383541848,1.0605069613855953
SpectralClustering,"{'n_clusters': 12, 'affinity': 'nearest_neighbors', 'assign_labels': 'kmeans', 'random_state': 456, 'n_neighbors': 100}",0.28213511920244383,758.7372698301147,1.0607192870323272
SpectralClustering,"{'n_clusters': 12, 'affinity': 'nearest_neighbors', 'assign_labels': 'kmeans', 'random_state': 789, 'n_neighbors': 100}",0.2821312512567998,758.7429383541848,1.060506961385595
SpectralClustering,"{'n_clusters': 12, 'affinity': 'nearest_neighbors', 'assign_labels': 'kmeans', 'random_state': 1011, 'n_neighbors': 100}",0.28213511920244383,758.7372698301148,1.060719287032327
SpectralClustering,"{'n_clusters': 12, 'affinity': 'nearest_neighbors', 'assign_labels': 'kmeans', 'random_state': 2022, 'n_neighbors': 100}",0.2821312512567998,758.7429383541846,1.060506961385595
SpectralClustering,"{'n_clusters': 12, 'affinity': 'nearest_neighbors', 'assign_labels': 'kmeans', 'random_state': 3033, 'n_neighbors': 100}",0.28213511920244383,758.7372698301147,1.0607192870323272
SpectralClustering,"{'n_clusters': 12, 'affinity': 'nearest_neighbors', 'assign_labels': 'kmeans', 'random_state': 4044, 'n_neighbors': 100}",0.2821312512567998,758.7429383541845,1.0605069613855953
SpectralClustering,"{'n_clusters': 12, 'affinity': 'nearest_neighbors', 'assign_labels': 'kmeans', 'random_state': 5055, 'n_neighbors': 100}",0.2821312512567998,758.7429383541846,1.060506961385595
SpectralClustering,"{'n_clusters': 12, 'affinity': 'nearest_neighbors', 'assign_labels': 'kmeans', 'random_state': 6066, 'n_neighbors': 100}",0.28213511920244383,758.7372698301147,1.0607192870323272
SpectralClustering,"{'n_clusters': 12, 'affinity': 'nearest_neighbors', 'assign_labels': 'discretize', 'random_state': 42, 'n_neighbors': 100}",0.2809631286209285,758.205613071459,1.0620213481781173
SpectralClustering,"{'n_clusters': 12, 'affinity': 'nearest_neighbors', 'assign_labels': 'discretize', 'random_state': 123, 'n_neighbors': 100}",0.2810735306935708,757.9894001012586,1.062131240481526
SpectralClustering,"{'n_clusters': 12, 'affinity': 'nearest_neighbors', 'assign_labels': 'discretize', 'random_state': 456, 'n_neighbors': 100}",0.2810735306935708,757.9894001012586,1.0621312404815264
SpectralClustering,"{'n_clusters': 12, 'affinity': 'nearest_neighbors', 'assign_labels': 'discretize', 'random_state': 789, 'n_neighbors': 100}",0.2809631286209285,758.205613071459,1.0620213481781176
SpectralClustering,"{'n_clusters': 12, 'affinity': 'nearest_neighbors', 'assign_labels': 'discretize', 'random_state': 1011, 'n_neighbors': 100}",0.28127443692903226,758.0319185731593,1.0609432374112278
SpectralClustering,"{'n_clusters': 12, 'affinity': 'nearest_neighbors', 'assign_labels': 'discretize', 'random_state': 2022, 'n_neighbors': 100}",0.2809631286209285,758.205613071459,1.0620213481781176
SpectralClustering,"{'n_clusters': 12, 'affinity': 'nearest_neighbors', 'assign_labels': 'discretize', 'random_state': 3033, 'n_neighbors': 100}",0.2809631286209285,758.205613071459,1.0620213481781176
SpectralClustering,"{'n_clusters': 12, 'affinity': 'nearest_neighbors', 'assign_labels': 'discretize', 'random_state': 4044, 'n_neighbors': 100}",0.2809631286209285,758.2056130714587,1.0620213481781173
SpectralClustering,"{'n_clusters': 12, 'affinity': 'nearest_neighbors', 'assign_labels': 'discretize', 'random_state': 5055, 'n_neighbors': 100}",0.2810388255882269,757.9603090270828,1.0612401710453419
SpectralClustering,"{'n_clusters': 12, 'affinity': 'nearest_neighbors', 'assign_labels': 'discretize', 'random_state': 6066, 'n_neighbors': 100}",0.28127443692903226,758.0319185731595,1.0609432374112278
SpectralClustering,"{'n_clusters': 12, 'affinity': 'nearest_neighbors', 'assign_labels': 'cluster_qr', 'random_state': 42, 'n_neighbors': 100}",0.2806379767197969,759.0047265552098,1.0600030632045085
SpectralClustering,"{'n_clusters': 12, 'affinity': 'nearest_neighbors', 'assign_labels': 'cluster_qr', 'random_state': 123, 'n_neighbors': 100}",0.2806379767197969,759.0047265552098,1.0600030632045085
SpectralClustering,"{'n_clusters': 12, 'affinity': 'nearest_neighbors', 'assign_labels': 'cluster_qr', 'random_state': 456, 'n_neighbors': 100}",0.2806379767197969,759.0047265552098,1.0600030632045085
SpectralClustering,"{'n_clusters': 12, 'affinity': 'nearest_neighbors', 'assign_labels': 'cluster_qr', 'random_state': 789, 'n_neighbors': 100}",0.2806379767197969,759.0047265552098,1.0600030632045085
SpectralClustering,"{'n_clusters': 12, 'affinity': 'nearest_neighbors', 'assign_labels': 'cluster_qr', 'random_state': 1011, 'n_neighbors': 100}",0.2806379767197969,759.0047265552098,1.0600030632045085
SpectralClustering,"{'n_clusters': 12, 'affinity': 'nearest_neighbors', 'assign_labels': 'cluster_qr', 'random_state': 2022, 'n_neighbors': 100}",0.2806379767197969,759.0047265552098,1.0600030632045085
SpectralClustering,"{'n_clusters': 12, 'affinity': 'nearest_neighbors', 'assign_labels': 'cluster_qr', 'random_state': 3033, 'n_neighbors': 100}",0.2806379767197969,759.0047265552098,1.0600030632045085
SpectralClustering,"{'n_clusters': 12, 'affinity': 'nearest_neighbors', 'assign_labels': 'cluster_qr', 'random_state': 4044, 'n_neighbors': 100}",0.2806379767197969,759.0047265552098,1.0600030632045085
SpectralClustering,"{'n_clusters': 12, 'affinity': 'nearest_neighbors', 'assign_labels': 'cluster_qr', 'random_state': 5055, 'n_neighbors': 100}",0.2806379767197969,759.0047265552098,1.0600030632045085
SpectralClustering,"{'n_clusters': 12, 'affinity': 'nearest_neighbors', 'assign_labels': 'cluster_qr', 'random_state': 6066, 'n_neighbors': 100}",0.2806379767197969,759.0047265552098,1.0600030632045085
SpectralClustering,"{'n_clusters': 12, 'affinity': 'polynomial', 'assign_labels': 'kmeans', 'random_state': 42}",-0.022026426864234307,89.26023308664658,1.508064270863559
SpectralClustering,"{'n_clusters': 12, 'affinity': 'polynomial', 'assign_labels': 'kmeans', 'random_state': 123}",-0.030251814489450735,92.62636036922574,1.4869370296435171
SpectralClustering,"{'n_clusters': 12, 'affinity': 'polynomial', 'assign_labels': 'kmeans', 'random_state': 456}",-0.031295358062609475,94.08638517063751,1.5236314583211408
SpectralClustering,"{'n_clusters': 12, 'affinity': 'polynomial', 'assign_labels': 'kmeans', 'random_state': 789}",-0.01812150963764105,89.88550015142036,1.5168270654466995
SpectralClustering,"{'n_clusters': 12, 'affinity': 'polynomial', 'assign_labels': 'kmeans', 'random_state': 1011}",-0.021602612309725436,89.19084485017818,1.6044646095515125
SpectralClustering,"{'n_clusters': 12, 'affinity': 'polynomial', 'assign_labels': 'kmeans', 'random_state': 2022}",-0.01837295173499464,90.76078038793516,1.6875834673764878
SpectralClustering,"{'n_clusters': 12, 'affinity': 'polynomial', 'assign_labels': 'kmeans', 'random_state': 3033}",-0.020156658301469867,89.59526450939612,1.7327046383276692
SpectralClustering,"{'n_clusters': 12, 'affinity': 'polynomial', 'assign_labels': 'kmeans', 'random_state': 4044}",-0.033137884432033464,93.17731739923596,1.571918550994446
SpectralClustering,"{'n_clusters': 12, 'affinity': 'polynomial', 'assign_labels': 'kmeans', 'random_state': 5055}",-0.015206860946917984,89.75905393856361,1.566184243170495
SpectralClustering,"{'n_clusters': 12, 'affinity': 'polynomial', 'assign_labels': 'kmeans', 'random_state': 6066}",-0.013709411546075276,91.15686329614793,1.5987777227038575
SpectralClustering,"{'n_clusters': 12, 'affinity': 'polynomial', 'assign_labels': 'discretize', 'random_state': 42}",0.19266436397227216,612.9034425410111,1.4938312603749593
SpectralClustering,"{'n_clusters': 12, 'affinity': 'polynomial', 'assign_labels': 'discretize', 'random_state': 123}",0.27244092727741515,827.5370748877255,1.1236094355186117
SpectralClustering,"{'n_clusters': 12, 'affinity': 'polynomial', 'assign_labels': 'discretize', 'random_state': 456}",0.2758976314603901,835.6575401234845,1.0952269445809255
SpectralClustering,"{'n_clusters': 12, 'affinity': 'polynomial', 'assign_labels': 'discretize', 'random_state': 789}",0.2910935375451068,893.764408984524,1.1104766896538472
SpectralClustering,"{'n_clusters': 12, 'affinity': 'polynomial', 'assign_labels': 'discretize', 'random_state': 1011}",0.25578170101536274,722.1974818452277,1.1559963192001448
SpectralClustering,"{'n_clusters': 12, 'affinity': 'polynomial', 'assign_labels': 'discretize', 'random_state': 2022}",0.22781850038067653,704.3549321462373,1.088710150350365
SpectralClustering,"{'n_clusters': 12, 'affinity': 'polynomial', 'assign_labels': 'discretize', 'random_state': 3033}",0.2813720032977081,862.765414780414,1.118506935449085
SpectralClustering,"{'n_clusters': 12, 'affinity': 'polynomial', 'assign_labels': 'discretize', 'random_state': 4044}",0.26367536633441807,775.1693984257445,1.0807095712916337
SpectralClustering,"{'n_clusters': 12, 'affinity': 'polynomial', 'assign_labels': 'discretize', 'random_state': 5055}",0.2897863642765522,887.7939269157229,1.1208486085711826
SpectralClustering,"{'n_clusters': 12, 'affinity': 'polynomial', 'assign_labels': 'discretize', 'random_state': 6066}",0.27654327936161355,812.9441620847659,1.0870225563768623
SpectralClustering,"{'n_clusters': 12, 'affinity': 'polynomial', 'assign_labels': 'cluster_qr', 'random_state': 42}",0.2458677004234963,721.6322222330514,1.3747044417024563
SpectralClustering,"{'n_clusters': 12, 'affinity': 'polynomial', 'assign_labels': 'cluster_qr', 'random_state': 123}",0.2458677004234963,721.6322222330514,1.3747044417024563
SpectralClustering,"{'n_clusters': 12, 'affinity': 'polynomial', 'assign_labels': 'cluster_qr', 'random_state': 456}",0.2458677004234963,721.6322222330514,1.3747044417024563
SpectralClustering,"{'n_clusters': 12, 'affinity': 'polynomial', 'assign_labels': 'cluster_qr', 'random_state': 789}",0.2458677004234963,721.6322222330514,1.3747044417024563
SpectralClustering,"{'n_clusters': 12, 'affinity': 'polynomial', 'assign_labels': 'cluster_qr', 'random_state': 1011}",0.2458677004234963,721.6322222330514,1.3747044417024563
SpectralClustering,"{'n_clusters': 12, 'affinity': 'polynomial', 'assign_labels': 'cluster_qr', 'random_state': 2022}",0.2458677004234963,721.6322222330514,1.3747044417024563
SpectralClustering,"{'n_clusters': 12, 'affinity': 'polynomial', 'assign_labels': 'cluster_qr', 'random_state': 3033}",0.2458677004234963,721.6322222330514,1.3747044417024563
SpectralClustering,"{'n_clusters': 12, 'affinity': 'polynomial', 'assign_labels': 'cluster_qr', 'random_state': 4044}",0.2458677004234963,721.6322222330514,1.3747044417024563
SpectralClustering,"{'n_clusters': 12, 'affinity': 'polynomial', 'assign_labels': 'cluster_qr', 'random_state': 5055}",0.2458677004234963,721.6322222330514,1.3747044417024563
SpectralClustering,"{'n_clusters': 12, 'affinity': 'polynomial', 'assign_labels': 'cluster_qr', 'random_state': 6066}",0.2458677004234963,721.6322222330514,1.3747044417024563
SpectralClustering,"{'n_clusters': 12, 'affinity': 'poly', 'assign_labels': 'kmeans', 'random_state': 42}",-0.022026426864234307,89.26023308664658,1.508064270863559
SpectralClustering,"{'n_clusters': 12, 'affinity': 'poly', 'assign_labels': 'kmeans', 'random_state': 123}",-0.030251814489450735,92.62636036922574,1.4869370296435171
SpectralClustering,"{'n_clusters': 12, 'affinity': 'poly', 'assign_labels': 'kmeans', 'random_state': 456}",-0.031295358062609475,94.08638517063751,1.5236314583211408
SpectralClustering,"{'n_clusters': 12, 'affinity': 'poly', 'assign_labels': 'kmeans', 'random_state': 789}",-0.01812150963764105,89.88550015142036,1.5168270654466995
SpectralClustering,"{'n_clusters': 12, 'affinity': 'poly', 'assign_labels': 'kmeans', 'random_state': 1011}",-0.021602612309725436,89.19084485017818,1.6044646095515125
SpectralClustering,"{'n_clusters': 12, 'affinity': 'poly', 'assign_labels': 'kmeans', 'random_state': 2022}",-0.01837295173499464,90.76078038793516,1.6875834673764878
SpectralClustering,"{'n_clusters': 12, 'affinity': 'poly', 'assign_labels': 'kmeans', 'random_state': 3033}",-0.020156658301469867,89.59526450939612,1.7327046383276692
SpectralClustering,"{'n_clusters': 12, 'affinity': 'poly', 'assign_labels': 'kmeans', 'random_state': 4044}",-0.033137884432033464,93.17731739923596,1.571918550994446
SpectralClustering,"{'n_clusters': 12, 'affinity': 'poly', 'assign_labels': 'kmeans', 'random_state': 5055}",-0.015206860946917984,89.75905393856361,1.566184243170495
SpectralClustering,"{'n_clusters': 12, 'affinity': 'poly', 'assign_labels': 'kmeans', 'random_state': 6066}",-0.013709411546075276,91.15686329614793,1.5987777227038575
SpectralClustering,"{'n_clusters': 12, 'affinity': 'poly', 'assign_labels': 'discretize', 'random_state': 42}",0.19266436397227216,612.9034425410111,1.4938312603749593
SpectralClustering,"{'n_clusters': 12, 'affinity': 'poly', 'assign_labels': 'discretize', 'random_state': 123}",0.27244092727741515,827.5370748877255,1.1236094355186117
SpectralClustering,"{'n_clusters': 12, 'affinity': 'poly', 'assign_labels': 'discretize', 'random_state': 456}",0.2758976314603901,835.6575401234845,1.0952269445809255
SpectralClustering,"{'n_clusters': 12, 'affinity': 'poly', 'assign_labels': 'discretize', 'random_state': 789}",0.2910935375451068,893.764408984524,1.1104766896538472
SpectralClustering,"{'n_clusters': 12, 'affinity': 'poly', 'assign_labels': 'discretize', 'random_state': 1011}",0.25578170101536274,722.1974818452277,1.1559963192001448
SpectralClustering,"{'n_clusters': 12, 'affinity': 'poly', 'assign_labels': 'discretize', 'random_state': 2022}",0.22781850038067653,704.3549321462373,1.088710150350365
SpectralClustering,"{'n_clusters': 12, 'affinity': 'poly', 'assign_labels': 'discretize', 'random_state': 3033}",0.2813720032977081,862.765414780414,1.118506935449085
SpectralClustering,"{'n_clusters': 12, 'affinity': 'poly', 'assign_labels': 'discretize', 'random_state': 4044}",0.26367536633441807,775.1693984257445,1.0807095712916337
SpectralClustering,"{'n_clusters': 12, 'affinity': 'poly', 'assign_labels': 'discretize', 'random_state': 5055}",0.2897863642765522,887.7939269157229,1.1208486085711826
SpectralClustering,"{'n_clusters': 12, 'affinity': 'poly', 'assign_labels': 'discretize', 'random_state': 6066}",0.27654327936161355,812.9441620847659,1.0870225563768623
SpectralClustering,"{'n_clusters': 12, 'affinity': 'poly', 'assign_labels': 'cluster_qr', 'random_state': 42}",0.2458677004234963,721.6322222330514,1.3747044417024563
SpectralClustering,"{'n_clusters': 12, 'affinity': 'poly', 'assign_labels': 'cluster_qr', 'random_state': 123}",0.2458677004234963,721.6322222330514,1.3747044417024563
SpectralClustering,"{'n_clusters': 12, 'affinity': 'poly', 'assign_labels': 'cluster_qr', 'random_state': 456}",0.2458677004234963,721.6322222330514,1.3747044417024563
SpectralClustering,"{'n_clusters': 12, 'affinity': 'poly', 'assign_labels': 'cluster_qr', 'random_state': 789}",0.2458677004234963,721.6322222330514,1.3747044417024563
SpectralClustering,"{'n_clusters': 12, 'affinity': 'poly', 'assign_labels': 'cluster_qr', 'random_state': 1011}",0.2458677004234963,721.6322222330514,1.3747044417024563
SpectralClustering,"{'n_clusters': 12, 'affinity': 'poly', 'assign_labels': 'cluster_qr', 'random_state': 2022}",0.2458677004234963,721.6322222330514,1.3747044417024563
SpectralClustering,"{'n_clusters': 12, 'affinity': 'poly', 'assign_labels': 'cluster_qr', 'random_state': 3033}",0.2458677004234963,721.6322222330514,1.3747044417024563
SpectralClustering,"{'n_clusters': 12, 'affinity': 'poly', 'assign_labels': 'cluster_qr', 'random_state': 4044}",0.2458677004234963,721.6322222330514,1.3747044417024563
SpectralClustering,"{'n_clusters': 12, 'affinity': 'poly', 'assign_labels': 'cluster_qr', 'random_state': 5055}",0.2458677004234963,721.6322222330514,1.3747044417024563
SpectralClustering,"{'n_clusters': 12, 'affinity': 'poly', 'assign_labels': 'cluster_qr', 'random_state': 6066}",0.2458677004234963,721.6322222330514,1.3747044417024563
SpectralClustering,"{'n_clusters': 12, 'affinity': 'sigmoid', 'assign_labels': 'kmeans', 'random_state': 42}",0.09299556002825018,222.24435426171092,2.5316774012754495
SpectralClustering,"{'n_clusters': 12, 'affinity': 'sigmoid', 'assign_labels': 'kmeans', 'random_state': 123}",0.044256700295517565,200.98839112948292,2.988104897257481
SpectralClustering,"{'n_clusters': 12, 'affinity': 'sigmoid', 'assign_labels': 'kmeans', 'random_state': 456}",0.06818371671916766,220.58798825545998,2.584507474977786
SpectralClustering,"{'n_clusters': 12, 'affinity': 'sigmoid', 'assign_labels': 'kmeans', 'random_state': 789}",0.05600831619669874,209.43690734580517,2.8824014533923816
SpectralClustering,"{'n_clusters': 12, 'affinity': 'sigmoid', 'assign_labels': 'kmeans', 'random_state': 1011}",0.09310719892629635,239.53848186747695,2.578234629492518
SpectralClustering,"{'n_clusters': 12, 'affinity': 'sigmoid', 'assign_labels': 'kmeans', 'random_state': 2022}",0.04167857790181559,222.5309844285629,2.3644179165378993
SpectralClustering,"{'n_clusters': 12, 'affinity': 'sigmoid', 'assign_labels': 'kmeans', 'random_state': 3033}",0.05608321480701391,199.74743550336586,2.8716965580043503
SpectralClustering,"{'n_clusters': 12, 'affinity': 'sigmoid', 'assign_labels': 'kmeans', 'random_state': 4044}",0.05767225674985747,217.37049459977143,2.7900073290139935
SpectralClustering,"{'n_clusters': 12, 'affinity': 'sigmoid', 'assign_labels': 'kmeans', 'random_state': 5055}",0.04701720084509221,198.65817761612007,2.916822325428249
SpectralClustering,"{'n_clusters': 12, 'affinity': 'sigmoid', 'assign_labels': 'kmeans', 'random_state': 6066}",0.09306665455717594,250.58706683529076,2.621346570554198
SpectralClustering,"{'n_clusters': 12, 'affinity': 'sigmoid', 'assign_labels': 'discretize', 'random_state': 42}",0.04540981409552288,202.86402813774302,3.5256723546046422
SpectralClustering,"{'n_clusters': 12, 'affinity': 'sigmoid', 'assign_labels': 'discretize', 'random_state': 123}",0.03742890402442301,192.14075733338115,3.5320945689244656
SpectralClustering,"{'n_clusters': 12, 'affinity': 'sigmoid', 'assign_labels': 'discretize', 'random_state': 456}",0.034125229337334716,196.70449846638064,3.1667458388736276
SpectralClustering,"{'n_clusters': 12, 'affinity': 'sigmoid', 'assign_labels': 'discretize', 'random_state': 789}",0.04311648123589902,202.30821397420382,3.5356457387007727
SpectralClustering,"{'n_clusters': 12, 'affinity': 'sigmoid', 'assign_labels': 'discretize', 'random_state': 1011}",0.03341011830632439,194.60542857698408,3.193366874919757
SpectralClustering,"{'n_clusters': 12, 'affinity': 'sigmoid', 'assign_labels': 'discretize', 'random_state': 2022}",0.04515074495986873,202.33629556352082,3.5321621465978925
SpectralClustering,"{'n_clusters': 12, 'affinity': 'sigmoid', 'assign_labels': 'discretize', 'random_state': 3033}",0.05073518439281998,205.5994806883356,3.959409452826142
SpectralClustering,"{'n_clusters': 12, 'affinity': 'sigmoid', 'assign_labels': 'discretize', 'random_state': 4044}",0.042678593926236116,202.8853127500651,2.9060872039421253
SpectralClustering,"{'n_clusters': 12, 'affinity': 'sigmoid', 'assign_labels': 'discretize', 'random_state': 5055}",0.04920394251195616,202.5084653899496,4.016338112489114
SpectralClustering,"{'n_clusters': 12, 'affinity': 'sigmoid', 'assign_labels': 'discretize', 'random_state': 6066}",0.03704319146433707,198.08508749027087,3.217998799309178
SpectralClustering,"{'n_clusters': 12, 'affinity': 'sigmoid', 'assign_labels': 'cluster_qr', 'random_state': 42}",-0.05086090076722178,61.88161778243491,5.021813729997893
SpectralClustering,"{'n_clusters': 12, 'affinity': 'sigmoid', 'assign_labels': 'cluster_qr', 'random_state': 123}",-0.05086090076722178,61.88161778243491,5.021813729997893
SpectralClustering,"{'n_clusters': 12, 'affinity': 'sigmoid', 'assign_labels': 'cluster_qr', 'random_state': 456}",-0.05086090076722178,61.88161778243491,5.021813729997893
SpectralClustering,"{'n_clusters': 12, 'affinity': 'sigmoid', 'assign_labels': 'cluster_qr', 'random_state': 789}",-0.05086090076722178,61.88161778243491,5.021813729997893
SpectralClustering,"{'n_clusters': 12, 'affinity': 'sigmoid', 'assign_labels': 'cluster_qr', 'random_state': 1011}",-0.05086090076722178,61.88161778243491,5.021813729997893
SpectralClustering,"{'n_clusters': 12, 'affinity': 'sigmoid', 'assign_labels': 'cluster_qr', 'random_state': 2022}",-0.05086090076722178,61.88161778243491,5.021813729997893
SpectralClustering,"{'n_clusters': 12, 'affinity': 'sigmoid', 'assign_labels': 'cluster_qr', 'random_state': 3033}",-0.05086090076722178,61.88161778243491,5.021813729997893
SpectralClustering,"{'n_clusters': 12, 'affinity': 'sigmoid', 'assign_labels': 'cluster_qr', 'random_state': 4044}",-0.05086090076722178,61.88161778243491,5.021813729997893
SpectralClustering,"{'n_clusters': 12, 'affinity': 'sigmoid', 'assign_labels': 'cluster_qr', 'random_state': 5055}",-0.05086090076722178,61.88161778243491,5.021813729997893
SpectralClustering,"{'n_clusters': 12, 'affinity': 'sigmoid', 'assign_labels': 'cluster_qr', 'random_state': 6066}",-0.05086090076722178,61.88161778243491,5.021813729997893
