ALL_Uniq,Name_USGSO,Densità_pop,evi,eolico,eolico_std,offshore,geothermal_potential,hydro,temp,solar_pow,solar_seas_ind,superficie_res,Densità_pop_etichetta,Solar_etichetta,Wind_class,consumption_etichetta,NO_res,gdp_cons_pop_urban_merged
87884,Canchimalero,0.4657111070612902,-0.022850384790222385,-0.8447879712613021,-0.02748279787451021,0.0,0.0,0.9827834016859415,-0.07681796445798758,-0.38146785989039345,-0.5606395886877519,0.1311283576317114,M,M,1,XS,0,0.15211941249645805
87889,Sanquiamba,-1.1605920836736403,-0.1165562419621399,-0.5016868461933385,0.26287705579012766,0.0,0.0,0.0,-0.04569846153861138,-0.6171146623489653,-0.43063164722688924,0.10061037869509012,S,M,1,XS,0,-0.1591851440321772
87891,Mulato,-0.7174257379404531,-0.10850755229072123,-0.5159544764306071,0.1486113034148553,0.0,0.0,0.0,-0.04809708960969783,-0.5755356806930965,-0.4312790008574544,-0.5842544372500676,S,M,1,XS,0,-0.16188900430828837
87949,Ilha São Domingos,-0.9810680631373435,1.0028899506960474,-1.233788044609473,-0.0519950250297251,0.0,0.0,1.2306452518949074,0.08386958862344192,0.4818262369167864,-0.19819273472768112,-0.41913602087426977,S,M,1,S,0,0.05999606670948276
87952,Ilha Buiuçu,0.015800010457638777,0.893984178582244,-1.2522509889304916,0.01919740910860897,0.0,0.0,1.152859629939153,0.08444498534567768,0.4815363731454391,-0.2009443950502309,1.0557587340369834,M,M,1,M,0,1.079595668292311
87954,Ilha Santarém,-0.23020763581579262,0.9750550729444748,-1.1015025378449588,0.3827423487131864,0.0,0.0,1.0078791567736125,0.08481537447295848,0.8342544681841572,-0.19255406658085475,-0.06276996745146898,S,L,1,XS,0,-0.06642866345616566
87955,Ilha Sirituba,-0.049622233606347335,1.0057523295073363,-0.7895858878107956,0.13154514241556067,0.0,0.0,1.1721168368767743,0.07218851171126937,0.6747591239379896,-0.26123813658976214,0.6459380464010076,M,M,1,S,0,0.6736380565254128
87957,Ilha de Palhêta,-0.2941659374458735,0.8820519163298344,-0.8450857529986869,0.24597040763169323,0.0,0.0,1.159769258543087,0.09340455318447524,0.7074171088431142,-0.18517985066225787,0.34366384264046396,S,M,1,S,0,0.1745976914088809
87961,Ilha do Comandaí,-1.441483089657161,0.40442929959959106,-1.116231907895176,-0.18875471934306118,0.0,1.1292458132872407,1.2096434914651073,0.07268571156575943,0.6631030868295711,-0.2665432823527579,1.2123369629845806,S,M,1,S,0,0.04632487657953325
87963,Ilha de Santana,-0.31617276224794943,0.8836660977956123,-0.724464575129811,0.08108232545200353,0.0,0.0,1.172241461880315,0.07696959824772641,0.8420727382391069,-0.16664712041269375,0.6979740814603117,S,L,1,XS,0,-0.07131687810308267
87964,Ilha Grande de Taiaçuí,-1.3099530507986665,0.29846774073567783,-1.1836185606010827,0.006283734473862253,0.0,0.0,1.0563411614706761,0.08894508732530704,0.40944739960721993,-0.21583942036168516,0.23376382781399338,S,M,1,XS,0,-0.14556800109856738
87965,Ilha dos Macacos,-0.9923896061028497,1.042771047595577,-1.2052085006137303,0.285916684940958,0.0,0.0,1.3662511535299093,0.07844484638620329,0.3050510592105325,-0.16022277991917871,1.9692005134808652,S,M,1,M,0,0.8181567132279169
87969,Ilha Tapuia,-1.0323287538793646,0.9486770631806035,-1.2119475266271946,0.21507574324897444,0.0,1.4087879191308172,1.2511999828407443,0.07897670555902771,0.2523712466850491,-0.08147732920407995,-0.6050376664718757,S,M,1,S,0,-0.009552417983233483
87971,Ilha Ituquara,-1.055616420597429,0.7702773235908786,-1.21554298999734,0.00939131107798071,0.0,0.0,1.2959893048334108,0.08406026207611883,0.28086939367965225,-0.09251789302909837,0.7801480617000875,S,M,1,S,0,0.12553198140136648
87972,Ilha Urutaí,-1.1341877816412131,0.5659146614754877,-1.2167181448551092,-0.014837573175986494,0.0,0.991126448699295,1.2888704311286237,0.09330778073099993,0.4253394004650996,-0.1283841091172231,-1.0670050247265703,S,M,1,S,1,0.1595067188206968
87974,Ilha Aranaí,-1.0544921740423043,0.6079684691980142,-1.1821579321114841,-0.030388961222120876,0.0,0.0,1.0674374120408423,0.08332526876021622,0.278256959841424,-0.08614727480807641,0.8258922713711341,S,M,1,S,0,-0.038786411526383284
87975,Ilha Japichaua,-1.1026823832884007,1.0210440031739343,-1.1709585324806995,0.17947377121055924,0.0,0.0,1.3305363463622228,0.07914962174320882,0.15960020026951474,-0.058679970944920494,-0.18571643351449654,S,M,1,M,0,0.4971025075596435
87976,Ilha Santa Cruz,-0.9891890385847015,0.6249737698786865,-1.0980526005907059,0.12681761181476114,0.0,0.0,1.302973034934029,0.08826273013230726,0.1089787133122865,-0.003520345892685543,-0.645503192755108,S,M,1,S,0,-0.10060112725060669
87979,Ilha do Mututi,-1.061568876309846,0.8999480153609708,-1.1593601178268824,-0.04458926589730733,0.0,0.0,1.3102742223919077,0.08592574252603873,0.214476682435939,-0.06380430462606874,1.0192879319343344,S,M,1,S,0,0.37377245577998236
87980,Ilha Capinal,-1.0125953072024665,0.6057027859096293,-1.0977298626196523,0.050619304273219916,0.0,0.0,1.1791569881599762,0.08738230333191668,0.06171115514372778,-0.035490335816861104,-0.447444473132701,S,M,1,S,0,-0.034798008554922266
87981,Ilha Caldeirão,-1.0689551761262033,0.85368898827922,-1.0871073690611552,-0.11749758952258643,0.0,0.0,1.1729853097771987,0.0911398028494219,0.2796316168176618,-0.05242441641140375,-0.6453443334895559,S,M,1,S,0,-0.1091851497071432
87982,Ilha Grande de Gurupá,-1.4435056435080758,0.9531928517117042,-1.1786423532326789,0.03638470238601135,0.0,1.1100998443132424,1.5132077079257442,0.09104127632119688,0.33513760111378094,-0.13971806194404293,-1.0670050247265703,S,M,1,M,1,1.9275040294441181
87983,Ilha Acarapereira,-1.19369956060837,0.8803987169540305,-1.0448994180162863,0.19787059574706287,0.0,0.0,1.2571559220078778,0.08715709817932739,-0.02505839364232128,-0.0030202201221474424,0.2258793095998765,S,M,1,S,0,0.356991763905102
87984,Ilha Porquinhos,-0.8413874081183218,0.3005983245185563,-0.9641178621355548,-0.12629852497437632,0.0,0.0,1.1254193744729708,0.08938779405881336,0.292260454310223,-0.07072710585902496,0.8490616976318113,S,M,1,XS,0,-0.11509701256083468
87986,Ilha Maracujá,-1.0498634693592803,0.7336102918306631,-1.0647791222368717,-0.07311996330816246,0.0,0.0,1.1861010347506389,0.09520195474386454,0.18029105689747815,-0.04972109508900194,0.718556272482441,S,M,1,S,0,-0.022704541510292532
87987,Ilha Vieira,-1.1343758585182389,0.7391296300150915,-1.0748248559574045,-0.020233804088246096,0.0,0.0,1.2410145296645818,0.09556905251193559,0.20173585212262996,-0.035880431760470705,0.4332382591805281,S,M,1,S,0,0.011445617435272972
87988,Ilha Rasa,-0.9926089919630421,0.6848913056619657,-0.9252924892057194,-0.0761420582050529,0.0,0.0,1.1195714297399646,0.08941193871351667,0.16491729732776345,-0.01540205149764954,0.38165928367021723,S,M,1,XS,0,-0.1689371166743346
87989,Ilha Charapucu,-1.34297009733581,0.9793346806983295,-0.8282308081880607,0.022953339612631272,0.0,0.0,1.3539652388708456,0.08252422470809906,-0.06544315119982375,0.014759845312172476,0.5166657484769622,S,M,1,M,0,0.8627994201339221
88142,Samiruddin Char,0.6667519785757899,-0.5271247778805317,-0.5654326920859604,0.6334323626637307,0.0,0.0,0.0,-0.041344568017257693,-0.053246547437010676,-0.007258529494096013,-0.2094493524636216,M,M,1,XS,0,0.31548296453563546
88154,Île de Bai Luoi,1.1810081523654015,-1.045493285570725,-0.1690179636048628,-0.21034604071773483,1.233880463062188,0.0,0.0,0.13957205739837056,0.4122150130402098,-0.17567691943320504,-0.06264482535092862,L,M,1,M,0,1.430843220056892
88321,UNNAMED,-0.06762889408895549,0.5094296481006718,-1.3059936393354576,0.33721152164736223,0.0,0.0,0.0,0.12025752079016169,0.5604268976012309,-0.36232446024248216,0.2460095878328295,M,M,1,S,0,0.14871506586360309
88330,UNNAMED,0.22894180313553952,0.7534225824004515,-1.3155581475952933,0.4151301525719337,0.0,0.0,0.9821183883446396,0.11558886853976545,0.6392273886128921,-0.34922648941410955,-0.23827129494556856,M,M,1,XS,0,-0.048603165418986315
88335,UNNAMED,0.274797168487673,0.11245148961641123,-1.284411903881182,0.47279965579596217,0.0,0.0,0.0,0.1310738557514353,0.6454404282371232,-0.3691093554317053,-0.42505152803600094,M,M,1,XS,0,-0.1500522371098014
88339,UNNAMED,0.22318197316612975,-0.044875049607433416,-1.2408964389670267,0.5289368701052525,0.0,0.0,0.0,0.1327832420948825,0.7858581980574736,-0.3499347287488255,-0.5386482828468011,M,M,1,XS,0,-0.12367957277310132
88340,UNNAMED,0.1691900160999427,0.5771105495661035,-1.2681459059653806,0.5214980947579936,0.0,0.0,1.0415723526603635,0.13147319705668067,0.5507047495935685,-0.373007740899254,0.08134524307234672,M,M,1,XS,0,0.022690844914489985
88341,UNNAMED,0.1649916321026688,0.06648636267371168,-1.2618960379373998,0.5402369379067751,0.0,0.0,0.0,0.13458327830160724,0.5479137128255203,-0.3595650969265483,-0.3576380479148514,M,M,1,XS,0,-0.19446479897447289
88342,UNNAMED,0.10321522760426315,0.07000105528813055,-1.2618960379373998,0.5402369379067751,0.0,0.0,0.0,0.13388052774790313,0.47272334332972954,-0.36410125674314286,-0.2270331342630822,M,M,1,XS,0,-0.18139931773442064
88348,UNNAMED,0.5187208528874042,-0.23229978550386537,-0.9302636567755617,0.2876641060320114,0.0,0.0,0.0,0.1346973738777888,0.62534759863237,-0.33947641004917806,-0.6383748453423184,M,M,1,XS,0,-0.17535260699867922
88350,UNNAMED,0.12262148483147892,0.26541764187232963,-1.1397633700270973,0.5576692770799,0.0,0.0,0.0,0.1346973738777888,0.43020120644815135,-0.3559127455961274,-0.06175289469663095,M,M,1,XS,0,-0.1683050275558683
88353,UNNAMED,0.1711665866289801,0.3710726233501491,-1.070215877035529,0.4922682743220829,0.0,0.0,0.0,0.1346973738777888,0.538698094438495,-0.35065085188470113,0.042474919850835326,M,M,1,XS,0,-0.14960897614528634
88357,UNNAMED,0.24721494704192898,0.4515088037208852,-1.0455549848457706,0.5008689107866563,0.0,0.0,0.9924419012320252,0.1346973738777888,0.442655832886216,-0.36655778824069674,0.16922280071369922,M,M,1,XS,0,-0.11101880661242419
88362,UNNAMED,0.2525175599209491,0.8095722758924292,-1.070215877035529,0.4922682743220829,0.0,0.0,0.0,0.1346973738777888,0.8156036376439345,-0.3362114079622511,-0.5472347434236969,M,L,1,XS,0,-0.13715640405819046
88370,UNNAMED,0.046098697453694444,-0.07653566405510862,-1.0180910506590561,0.5023439750365738,0.0,0.0,0.0,0.1346973738777888,0.6342477339753279,-0.3393245784746057,-0.46449775944348826,M,M,1,XS,0,-0.1736554040757738
88377,UNNAMED,-0.07727956792521963,0.12333869190794848,-0.9162719905457699,0.21403505134209294,0.0,0.0,0.0,0.11750744386173327,0.844298687048872,-0.32102473954864114,-0.3721686939135186,M,L,1,XS,0,-0.15242053659430813
88385,UNNAMED,0.3435128946279643,-0.14731894774976317,-0.9094318516575773,0.18006465706551342,0.0,0.0,0.0,0.11111739634760641,0.8959420169980215,-0.31568042605379826,-0.8995982298996995,M,L,1,XS,0,-0.14836204641303716
88410,UNNAMED,-0.9092114467681115,0.8089581143787783,-1.2374462223079306,0.04665510990360423,0.0,1.2244685735210872,1.2261505772296981,0.10439654884147542,0.7379194149436485,-0.22556778314602433,0.5057481342788949,S,M,1,S,0,-0.10101056125947869
88411,UNNAMED,-0.8365660541836121,0.7495956723549444,-1.220098428895518,-0.0063319764379934935,0.0,0.0,1.1303994035049578,0.10268255982650709,0.670903789383227,-0.21774080674097795,-0.31517032663321415,S,M,1,XS,0,-0.1715637054654744
88427,UNNAMED,0.21280951725683248,0.6747142933765568,-0.6857096291781181,0.13157333045436495,0.0,0.0,0.0,0.07853213394810894,0.5911539213224815,-0.29653170035660453,-0.47431108746723855,M,M,1,XS,0,-0.1526474474837183
88433,UNNAMED,-0.906156228993427,1.053503955298524,-1.2175434358712378,-0.03679305158507192,0.0,0.0,1.1706376065053736,0.10265580903280394,0.650841702905738,-0.21490913848235074,0.5887634514286508,S,M,1,S,0,0.03090172399505275
88440,UNNAMED,0.10133977291595868,0.5269384666157577,-1.0354584713149104,0.21621332136165605,0.0,0.0,0.0,0.08481537447295848,0.9947057772923942,-0.25115448255715683,-0.22439626351326272,M,L,1,XS,0,-0.15907205843541763
88447,UNNAMED,0.02113154823077731,-0.08341075225387598,-1.0354584713149104,0.21621332136165605,0.0,0.0,0.8950791693931207,0.08481537447295848,0.9600970677644403,-0.23258723466808595,-0.48826739448114104,M,L,1,XS,0,-0.1972346810939985
88449,UNNAMED,-0.21422578933637684,0.5049028383772075,-1.0354584713149104,0.21621332136165605,0.0,0.0,0.8822291986216699,0.08481537447295848,1.031249107900325,-0.24217804965429818,-0.2390802650973709,S,L,1,XS,0,-0.1784934770782159
88453,Marajo,-0.07328971518694664,0.6979737201112345,-1.2902628692501519,0.5607303414510314,0.0,0.0,1.0,0.0946718299283258,0.7889603259942657,-0.18813456883129023,-0.5707124484070936,M,M,1,XS,0,-0.1673085585200685
88454,Marajo,-0.9036649310801113,0.7765033413260471,-1.2497023627768786,-0.07724062897203118,0.0,0.0,0.924545949897926,0.0789705213274864,0.41028405185633593,-0.19861987567017764,0.09782823601969545,S,M,1,XS,0,-0.14124137539205694
88455,UNNAMED,-0.802436104174851,0.9074017169497822,-1.284474007984326,0.1737232175739096,0.0,1.1698027965442028,1.1825400779762338,0.07750651355121137,0.44867855791309796,-0.21159253302292544,-0.5597971432299718,S,M,1,XS,0,-0.11416466863240704
88460,Marajo,-0.0400827814032501,1.0192324859745052,-1.2921929273673536,0.5329695755010366,0.0,0.0,0.8786671167390103,0.0946718299283258,0.7303522137613557,-0.17490281612954894,-0.5648499114710075,M,M,1,XS,0,-0.13722847048661693
88464,Marajo,-0.5528034615767199,0.9492055213164643,-1.3084317556116967,0.21573370665072586,0.0,0.0,0.9323700038926777,0.07626626194057835,0.41551331140811576,-0.22384256663161634,-0.2849573636360872,S,M,1,XS,0,-0.17097196614668608
88467,Marajo,-0.5885173541097866,1.1603048842412833,-1.3136542006796865,0.22359511157451734,0.0,0.0,0.8595623717722276,0.07626626194057835,0.3966223916835449,-0.22511887538541714,-0.8395266092636599,S,M,1,XS,0,-0.1945264384328668
88469,Marajo,-0.05495252439645872,0.6064150930219371,-0.9446089553481035,0.2929600101437702,0.0,0.0,0.8749392981939068,0.08481537447295848,0.7992160868537264,-0.18382916945350894,-0.3296414533828798,M,M,1,XS,0,-0.18858253523449817
88470,Marajo,-0.11609789303097462,0.8287846530473811,-0.9446089553481035,0.2929600101437702,0.0,0.0,0.9342122217312175,0.08481537447295848,0.844906961781169,-0.18748979552140096,-0.14987405340671198,S,L,1,XS,0,-0.1584888631833789
88474,Marajo,-0.04226158650468383,0.5734699098385622,-1.1042925575178895,0.3849422056272298,0.0,0.0,1.0885679566513407,0.08481537447295848,0.7417849972074992,-0.1728621438353784,-0.14562845608280148,M,M,1,XS,0,-0.18065762723283452
88476,Marajo,-0.1646867783995468,0.8744237855720961,-1.188377119122732,0.446700468755682,0.0,0.0,1.0841124146567194,0.08481537447295848,0.6896541690974477,-0.16874359397672548,-0.8587349750164067,S,M,1,XS,0,-0.007606115321886993
88480,Marajo,-0.12576628729690384,0.807430477569144,-0.966738233775654,0.3033394099337961,0.0,0.0,0.782998327945867,0.08481537447295848,0.6607182985289414,-0.1591182156329392,-0.10281469246758072,S,M,1,XS,0,-0.16564860628591174
88485,Marajo,-0.7573185842127386,1.1349235660576291,-1.3213739903497383,0.24787207481877288,0.0,0.0,1.0847639722491624,0.07626626194057835,0.40339539541151503,-0.2169865966211595,0.6967950964331578,S,M,1,XS,0,-0.13027457948109566
88487,Marajo,-0.3785545610441993,0.9646322657505431,-1.1459035091898062,0.44747671228537195,0.0,0.0,0.0,0.08481537447295848,0.5847322676203868,-0.14379872929185472,-0.24601248472274082,S,M,1,XS,0,-0.19478476478400775
88490,Marajo,0.10892734821904017,0.9154390159612018,-1.242518742538287,0.2598835787367335,0.0,0.0,1.3474892649157362,0.09179742374304185,0.475239155910842,-0.16884864671823435,0.29342347927401213,M,M,1,XS,0,-0.07178804921041303
88502,Marajo,0.6285432786375433,1.017226732047884,-1.3231857484776646,0.6386047304447061,0.0,0.0,0.0,0.08478627907974476,0.3341626047919752,-0.17733285410992985,-0.42710034485795645,M,M,1,XS,0,-0.08643608196364401
88504,Marajo,-0.3178273410157557,0.7135314760334611,-0.9800450409851221,0.3761463858000076,0.0,0.0,0.0,0.07659306391079418,0.5087667321300083,-0.19984681918269293,-0.3596409832206892,S,M,1,XS,0,-0.186878628862338
88505,Marajo,-0.371680408038102,0.9195136881682929,-1.3040801672719822,0.09224514951772926,0.0,0.0,0.0,0.07987406845863354,0.2958669159299906,-0.2134562427021311,-0.6842979482359023,S,M,1,XS,0,-0.13769427193764794
88506,Marajo,-0.4728199681812489,0.5051548917449749,-0.6861967938200504,0.10495514841347847,0.0,0.0,0.0,0.09281830908444984,0.8091344052925026,-0.17742004852957374,-0.1755255835220112,S,L,1,S,0,-0.11422875389979949
88509,Amazon Delta,-0.29145425515205886,0.8313734247153891,-1.202752434287167,-0.006089852797192433,0.0,0.0,0.9304844361860984,0.09512584049723219,0.40603344852246337,-0.1711103491571859,-0.6772718395168018,S,M,1,XS,0,-0.14035726991731817
88515,Marajo,-0.5109044518593898,0.7358875716292992,-1.1169140326380593,0.5315467652179447,0.0,0.0,1.0491520840625563,0.07476806305630734,0.39492273593337235,-0.20913734087460967,-1.0670050247265703,S,M,1,S,1,-0.0812054724024891
88521,Marajo,-0.7664562892281263,0.9885517286140445,-1.1817978445398083,0.28131438979756285,0.0,0.0,1.1067670442944797,0.07959835913647127,0.3123913468344461,-0.12723702376303347,-0.34664921759237394,S,M,1,XS,0,-0.15451339503646935
88529,Marajo,-0.5512984676966257,0.6732263335757133,-1.1924486709368531,0.2396905192142258,0.0,0.0,1.2570806062000144,0.07959835913647127,0.3264848747473757,-0.108689226449175,0.20519024821909262,S,M,1,XS,0,-0.18509708115229712
88533,Marajo,-0.9284010992864243,0.5835902060432415,-1.2160358542089964,0.2668727170426561,0.0,0.0,0.9496275619339901,0.07890961151902973,0.39829057232723275,-0.10613669105691559,-0.060541027192441324,S,M,1,XS,0,-0.16635162721175864
88534,Amazon Delta,-0.984091488697807,0.3863468307404576,-1.2383517491826432,0.007106632508892502,0.0,0.0,1.0442308696560723,0.08682250574704474,0.3030805711487462,-0.11267952332685237,-0.06324845761374834,S,M,1,XS,0,-0.17876820914577846
88546,Marajo,1.598508444829886,1.0681426465814594,-1.2459081189685677,0.30163719448986154,0.0,0.0,1.2853441377977681,0.05757425195954347,0.1143712042302543,-0.10162557145638453,-0.5213257397098181,L,M,1,S,0,0.9634317829069734
88550,Amazon Delta,-1.2021878217000028,0.646324630625069,-1.2056398980392014,0.07026157604273466,0.0,0.0,1.0852263737886438,0.0814240613002357,0.30740217646701445,-0.06417233561408811,0.09946862634452945,S,M,1,S,0,-0.11087213578752568
88551,Marajo,-1.0270090129236897,0.488890694467879,-1.2086213171835278,0.15698185799056488,0.0,0.0,1.254479058305488,0.07956538109301546,0.21573568669532608,-0.07719453997190595,0.11305527954372939,S,M,1,S,0,0.05240443939690509
88553,Marajo,-1.0446298801292175,0.8439987088713553,-1.1743044051245213,0.1541039599444999,0.0,0.0,1.3046904035549942,0.07769946413474739,0.13880101071690776,-0.049232147491234945,0.38590381578580113,S,M,1,S,0,-0.023104165270643625
88554,Marajo,-1.3611899131043157,0.9520649390857029,-1.201282854202445,0.1712454172910612,0.0,0.0,1.2867657440234104,0.07551668116929419,0.16839859050081285,-0.07251320183849339,-0.6647065790060405,S,M,1,S,0,0.09826316488801964
88556,Amazon Delta,-0.8477153917023793,0.5069818576422251,-1.1812248515827806,-0.011899836442376252,0.0,0.0,1.0640270863238879,0.08249380392589266,0.2813993466353477,-0.07542380755174616,0.431411258950382,S,M,1,XS,0,-0.1778848529794591
88560,Amazon Delta,-1.0562268601821923,0.6695298800129003,-1.1899904073613894,0.013371234342264027,0.0,0.0,1.11688369565059,0.081707536201532,0.28875427384367414,-0.06047362638772855,1.125530313029055,S,M,1,S,0,-0.005050103030287246
88562,Marajo,-1.2867679446638216,0.6679342627625282,-1.1140232325363815,0.22926984715235146,0.0,0.0,1.1922002581785092,0.08069970713436934,0.10522073199386016,-0.03111399097328925,0.3049931112711462,S,M,1,XS,0,-0.14664750792346248
88565,Marajo,-1.0289440847797582,0.7053848808715101,-1.1457899481848495,0.08824716133936697,0.0,0.0,1.0752211391159403,0.08421738422306513,0.10328464695544223,-0.05227112203576546,0.08208130725468075,S,M,1,XS,0,-0.12667367997935736
88566,Marajo,-1.01880756572747,0.8170254631977897,-1.1442639820619949,0.1194563463531664,0.0,0.0,1.175922714230125,0.08196945154715968,0.11393128471868941,-0.0339037650299207,0.64073753401685,S,M,1,XS,0,-0.14269587371653752
88576,Marajo,-1.431971900945234,0.9597153917412005,-1.1551759232045613,0.2926193108332909,0.0,0.0,1.4296521342115707,0.07315668757240634,0.08951904573332972,-0.05266381660074407,1.0890617829338238,S,M,1,M,0,0.4617323590186379
88580,Amazon Delta,-0.9883919128759725,0.8502319316857668,-1.1047330626311513,-0.004310376632505395,0.0,0.0,0.9824515848651345,0.07591987886057859,0.24799913480056265,-0.10550645711697211,0.7635477842875321,S,M,1,XS,0,-0.1395503521327738
88582,Amazon Delta,-0.8677395337834373,0.5300811536575935,-1.0522309768296227,-0.12893169549365113,0.0,0.0,1.0825067458454805,0.0911398028494219,0.2953186634937807,-0.07119870247897915,0.41060548109974304,S,M,1,XS,0,-0.17077702528986313
88587,Amazon Delta,-0.9925081410607517,0.9520579449891735,-1.0570328752272893,-0.07734221197658842,0.0,0.0,1.2686922987065528,0.0843870775646496,0.3212687908215662,-0.07490294424876359,0.724181071701584,S,M,1,S,0,0.12922212859560234
88588,Amazon Delta,-0.8837560106348972,0.5924538998253038,-0.9894122017330392,-0.1304673744116468,0.0,0.0,1.000797051385371,0.0911398028494219,0.31920387744032724,-0.045894793256298125,-0.045462111990850325,S,M,1,XS,0,-0.16792259509341587
88591,Amazon Delta,-1.0573227454706713,0.7899927184613261,-1.0964408014661031,-0.07943890628212794,0.0,0.0,1.2087602853968311,0.09206405814343022,0.1797552481080167,-0.05371683947961209,-0.03559316133473186,S,M,1,XS,0,-0.14785448778695456
88602,Amazon Delta,-0.789610915337583,0.6995936060696927,-0.8199565486514425,0.0036201380441609936,0.0,0.0,1.0107334347207573,0.08191322162470734,0.37141668722308313,-0.061008442878024365,-0.548094189206429,S,M,1,XS,0,-0.1802107746945915
88605,Amazon Delta,0.7133454171377785,0.6351146612756274,-0.800246842138678,0.061379250078364686,0.0,0.0,1.0224494414796637,0.05054114007285362,0.16487484253297016,0.04779725012778711,-0.11749735141669879,M,M,1,XS,0,0.2862060415714784
88614,Amazon Delta,0.583031795944456,0.660174855574214,-0.8046550674535166,-0.034498705563337013,0.0,0.0,1.0945316718568967,0.05054114007285362,0.3274459634639892,0.06567098703057853,0.4823607540142873,M,M,1,XS,0,0.29110962166766424
88655,UNNAMED,0.01582191205310012,-0.5396941334828328,-0.8350528209662937,0.017494587323780987,0.0,0.0,0.9265747386580092,-0.0672369395709764,-0.7567503123721324,-0.42484153016882903,-0.19232800648719775,M,S,1,XS,0,-0.1858033095906218
88659,Patia Delta,-0.6312617355446326,-0.34142472468917834,-0.701431424927307,0.21744810505228834,0.0,0.0,0.9787083289195272,-0.045650903212800846,-0.7667184053979076,-0.39625301604381324,-0.029746840330741767,S,S,1,XS,0,-0.18429221218663439
88665,UNNAMED,-0.5577974145194253,-0.38681473401928274,-0.5361053797834098,0.0662047637721728,0.0,0.0,0.0,-0.05939362466872513,-0.649523042339874,-0.43755660869801055,0.07786699083358617,S,M,1,XS,0,-0.18480730407373708
88906,UNNAMED,-0.6179526293147662,-0.5291364959678281,-1.1247464372382863,-0.04116970327383257,0.0,0.0,1.010264010777305,-0.015859549415220064,-0.615544200931224,-0.14355545843334833,0.7227727756016025,S,M,1,XS,0,-0.0923919151801242
88909,UNNAMED,-0.03310361338675876,-0.6273748701836198,-1.0302693135599321,-0.026676100723456678,0.0,0.0,0.0,-0.0175010557577882,-0.6645304463096902,-0.1508761344083972,-0.5759273542152904,M,M,1,XS,0,-0.17918364331473313
88923,UNNAMED,-0.44351701152981043,-0.6316185499333916,-1.1431251245576417,-0.010414122238172754,0.0,0.0,1.1341411326959514,-0.0175010557577882,-0.7365132828609261,-0.07173455004551584,0.2295762165751393,S,S,1,XS,0,-0.1064183409430968
88942,UNNAMED,-0.27088048984810625,-0.876406826575445,-1.1798088655413297,-0.23545408059245954,0.0,1.4623751254682544,0.8424457220076473,0.04703315890900084,-0.6661177432495047,-0.23506508693028116,0.37410396431585596,S,M,1,M,0,2.132841966335863
89035,Mata-Mata,-0.8728115414455965,-0.44840751935815865,-0.9304423670108237,0.09879936372150724,0.0,0.0,0.0,0.10076337814047952,0.9011215019628023,-0.4574130126031217,0.6374905754136138,S,L,1,XS,0,-0.1734282806273584
89036,Orinoco Delta,-0.33419164320975914,0.9778169209568853,-0.37825520356283643,-0.03263405331379858,0.0,0.0,0.9740451773257504,-0.013509075162124635,0.5279665470856614,-0.3727616487676854,-0.5868958423500881,S,M,1,XS,0,-0.19303048864364122
89038,Orinoco Delta,-0.9521306011653591,0.9020490981849315,-0.7121659068072201,0.012220628985016408,0.0,0.0,1.0216372562689955,-0.013509075162124635,0.4833209384851983,-0.3850465929717858,-0.5069361565913026,S,M,1,XS,0,-0.1752628303922039
89040,Orinoco Delta,-0.2650000398487359,0.8451007860003821,-0.30914758132981085,-0.08668350669051025,0.0,0.0,0.0,-0.01428260178688199,0.4826387338516234,-0.3801431283554199,0.27512314466001964,S,M,1,XS,0,-0.16514122725843108
89041,Orinoco Delta,0.09951546163886928,1.078791689137073,-0.6707790681743275,-0.0077304520984019034,0.0,0.0,0.0,-0.014316159467681285,0.4410696339152324,-0.3982958416575009,-0.5055072620332535,M,M,1,XS,0,-0.1693184619359324
89071,Orinoco Delta,-1.0853274763180945,0.8407069416680042,0.5200377948014693,-0.5479118211296482,0.0,0.0,0.9765897378852857,0.0042823887101022745,0.820957333663212,-0.4606676327929431,0.09446382411221213,S,L,5,XS,0,-0.19889216626277273
89505,Moose Factory,1.0386103267987135,-1.067039624117513,-0.7582773775386529,-1.229881308555869,0.009331074132828897,0.0,0.0,-2.8534733610362366,-0.5592249877210486,1.998428214238535,-0.5031131042151744,L,M,1,M,0,0.4136638219915329
89757,UNNAMED,1.2190183018040364,-0.2663352608052371,-0.12274732105416972,0.8136747740317448,0.0,0.0,1.1112885271344877,-0.02551310571349084,0.01654620728626756,-0.0048430238898397645,-0.18235033989354765,L,M,1,XS,0,1.8290091607651384
89767,UNNAMED,1.478431900152666,-0.4577008828607026,-0.6239129155750001,0.6593025643144063,0.0,0.0,0.0,-0.005972827627125195,-0.08487536955800899,0.04478501118430057,0.4383414159802178,L,M,1,XS,0,2.458841533229987
89772,Pakhirala,1.663400521917195,-0.3730498789415384,-0.6672917002447278,0.6156602260738933,0.0,0.0,0.8206568594940634,-0.00394417567935347,-0.09469560278122756,0.04532139862712119,-0.23877092361884464,L,M,1,XS,0,2.77389443038708
89803,UNNAMED,1.423194137521695,-0.19204674946347736,-0.7625408258342321,0.4546973351259571,0.0,0.0,0.8845188871834512,-0.05951684005128835,-0.1279216035615181,0.024261775937246485,-0.18016672259310743,L,M,1,XS,0,0.7505160199964335
89810,UNNAMED,0.07990267331613106,-0.8821758216073735,-0.6235126167675727,0.6364229210095665,0.0,0.0,0.0,-0.02421264993945666,-0.08959041370733567,-0.003834615899614298,0.11375631562038949,M,M,1,XS,0,-0.14890625164192575
89813,UNNAMED,0.590362868352948,-0.47847321659798736,-0.6420201467791714,0.6213915150714503,0.0,0.0,0.0,-0.02421264993945666,-0.08496137711642641,1.653558902786066e-05,-0.13835558023948683,M,M,1,XS,0,-0.11338338497148782
89834,UNNAMED,0.9220044812355398,-0.912426827114355,-0.6873473409264336,0.633237789710636,0.0,0.0,0.0,-0.06874056623930284,-0.07820996677546317,-0.05355141585471439,-0.5549803865782535,L,M,1,XS,0,0.19829643726359225
89844,UNNAMED,1.368180812229209,-0.2652474875525595,-0.6869477240844861,0.6539489670474498,0.0,0.0,0.9460421398484347,-0.06874056623930284,-0.08181276849912784,-0.07133334265835407,-0.6071966581043298,L,M,1,XS,0,1.1796004956819497
89846,UNNAMED,0.9169527667477518,-1.167089161938966,-0.6604539683000883,0.6863300523334408,0.0,0.0,0.0,-0.03065206669511311,-0.056822265929515475,-0.0853308373614803,-0.9830424304968857,L,M,1,XS,0,-0.04405812507748753
89855,UNNAMED,1.6012026642073616,0.192908268024121,-0.7059626729176729,0.6524490453397515,0.0,0.0,0.9958890553231018,-0.06556616664945501,-0.08806679895971113,-0.07467260266567614,0.8643816379288112,L,M,1,S,0,2.803678409074592
89862,UNNAMED,1.0499129686399082,-0.36565126447244833,-0.6644736252321949,0.7298033620488559,0.0,0.0,0.96465241328551,-0.03674436377545316,-0.05303646940070665,-0.10786782389938387,-0.5186794042332893,L,M,1,S,0,2.5949398617351678
89868,UNNAMED,0.27644199125773944,-0.8731003886342489,-0.670357113919317,0.7477310902209601,0.0,0.0,0.727458489403252,-0.036531493790446824,-0.03419825218001575,-0.13245333270342574,-0.6337622515607774,M,M,1,XS,0,0.2617232540410009
89887,UNNAMED,0.681748360327182,-1.641813298197562,-0.6659664872661193,0.9446683776954995,0.0,0.0,0.0,-0.06629569587990695,-0.06968314083499798,-0.17909036594026534,-0.7109482437949578,M,M,1,XS,0,1.8580880213044448
89889,UNNAMED,0.5391873710562937,-1.019028903349271,-0.6827631502200066,0.9255438533927804,0.0,0.0,0.0,-0.06408586162068139,-0.08999593019553292,-0.17679586639102216,-0.7342544336424145,M,M,1,XS,0,-0.019129433380037846
89908,UNNAMED,1.5303863935600828,-0.7159318069087435,-0.7987605860674268,1.1722325820516504,0.0,0.0,0.0,-0.08170481390191368,-0.1241123836976516,-0.203991165410458,-0.8561325418517205,L,M,1,S,0,0.7003138772699595
89917,UNNAMED,0.9777969262700968,-0.4117108362483831,-0.7793221353680645,0.878015664000369,0.0,0.0,0.0,-0.046974025932295736,-0.1200982096520244,-0.18991150141277863,-0.2674390857603079,L,M,1,S,0,2.6253429135985082
89937,UNNAMED,-0.5729114653498156,-1.36890339605908,0.45630047739297946,0.6713721450660054,1.5860606061939093,0.0,0.0,0.028542222186523598,1.2247668463187666,0.11083400242741011,-0.1325117874000731,S,L,5,XS,0,-0.18593422194719922
89959,UNNAMED,0.3301755758442942,-1.3829572252322129,-0.8256412347458179,0.9393479283687559,0.0,0.0,0.9714184663701457,-0.10184987345005239,-0.10661295647139168,-0.18917959820623503,-0.5250678200156645,M,M,1,XS,0,-0.15647932482305435
89969,UNNAMED,1.2305512637881197,-1.2615199896209652,-0.8304090250027826,0.9605282871505884,0.0,0.0,0.0,-0.10384335166760583,-0.1081482828865461,-0.18844762617951666,-0.6430881501319247,L,M,1,XS,0,0.28327070175104674
89977,UNNAMED,1.2214299561887672,-1.0472666882197486,-0.8503029183760515,1.0043672167957884,0.0,0.0,0.0,-0.10157078459078711,-0.12012163298708277,-0.18383440144000024,-0.6290108527367827,L,M,1,XS,0,0.013991991124895907
89982,UNNAMED,-0.11442113747913218,-1.9253681620307719,0.4090571814366044,0.5140133735776983,0.8405929654731147,0.0,0.0,-0.05955202919082343,1.2229756931660238,0.06325907433773614,-0.9649873421800119,S,L,5,XS,0,-0.20538501203576598
90198,UNNAMED,1.3185867127932156,-0.22566900608045626,-0.8789624562528524,-0.06082674897983474,0.09913712869535703,0.0,0.7350952102600482,0.11918319307361865,-0.10751255893347632,-0.12415302012551695,-0.7232877907064735,L,M,1,XS,0,0.03873792818015924
90208,UNNAMED,0.7916895352484448,0.07697693651048,-0.4019626398280775,-0.045547416728239434,0.4827688289654416,0.0,0.8710310889641272,0.1472656779963183,0.40464268800337294,-0.1263261367357601,-0.43533795001930986,M,M,1,S,0,0.11417462589211624
90212,UNNAMED,-0.4947470340278781,0.566038540970357,-0.718065202405276,0.09859728300629447,0.21603694334950146,0.0,0.9481090544123086,0.14775508754568803,0.1928906152212151,-0.14647966404930565,-0.2781763283708451,S,M,1,XS,0,-0.1288089434856004
90213,UNNAMED,0.39245017441830915,-0.23593469599275094,-0.6780856416154749,0.08686301853232471,0.3984891875321259,0.0,0.0,0.15094679478725243,0.2798285192279962,-0.12436220882468396,-0.30141318727665856,M,M,1,XS,0,-0.09024446776490878
90218,UNNAMED,0.05899053193569989,0.5240453240925843,-0.7916839284752514,0.13602551956117898,0.1757475633257183,0.0,0.8910209610141934,0.16520393267087308,0.11454907518085376,-0.1429613892389455,-0.6487477239904161,M,M,1,S,0,0.11361757828438224
90247,UNNAMED,-0.05021746685355533,0.6565225720998404,-0.8929296034095467,1.6929922116667764,0.0,0.0,1.1210588836056001,0.11997143782134541,0.008182246722380045,0.3043744749432519,0.6962162032939074,M,M,1,XS,0,0.22337259348145405
90254,UNNAMED,-0.8699948168926014,0.6055284900095067,-1.0787911177285598,1.5047473547877388,0.0,0.0,1.1085097491038192,0.13462046738107564,0.00026808738953518587,0.3296198294008954,-0.17952869840287436,S,M,1,XS,0,-0.18299316709615515
90256,UNNAMED,-0.22925325380916783,0.2381742568911598,-1.0742018568194778,1.5182501864694715,0.0,0.0,1.029957812651685,0.13462046738107564,-0.01157350645129886,0.295231449623862,-0.7487998091549198,S,M,1,XS,0,-0.04162451228419832
90257,UNNAMED,-0.14092893682149762,0.19424074817903195,-1.2125673619577952,1.2801389509393417,0.0,0.0,0.0,0.13462046738107564,-0.023028615263669894,0.3095185722498862,-0.5248790394026016,S,M,1,XS,0,-0.196548657226155
90265,Makanbon Kyun,0.4578099212413811,-0.2679351438788347,-0.7360005247095001,0.8742106049179167,0.0,0.0,1.0849495700703462,0.09969997579686543,0.29048540470033274,0.6632954649756352,-0.025179436977605153,M,M,1,XS,0,0.36252618953587423
90267,UNNAMED,-0.46210574916560926,-0.0482229267376548,-0.43444872745068824,1.0385561641982,0.0,0.0,1.0261956077404113,0.09836779816088463,0.24376756292642365,0.6572451777809601,-0.38449695430606295,S,M,1,XS,0,-0.2062038327428616
90269,UNNAMED,0.011069669675545206,0.3396654864047153,-0.41969781811271284,1.0546349330767943,0.0,0.0,1.165928560644313,0.09793827189662462,0.29683971631413325,0.6505518298593216,1.125599901159722,M,M,1,XS,0,0.9613829675302871
90271,UNNAMED,0.0637631694557216,-0.28919391022417257,-0.7360005247095001,0.8742106049179167,0.0,0.0,1.0608393554724933,0.09998899442458413,0.22893180808383212,0.6906879620009058,0.35951417631056676,M,M,1,XS,0,0.4725995264106084
90272,Pyinsalu,0.11914829816805822,-0.3907822023787618,-0.335067243469877,0.9608546370858819,0.0,0.0,1.089271632140947,0.09527516477679991,0.3008721898402748,0.6641946338326956,0.4422243990916848,M,M,1,XS,0,1.2289600479315852
90273,UNNAMED,0.2460460349804347,-0.6091726170342032,-0.3088798375999588,0.9407855897895877,0.0,0.0,1.0409341986157257,0.058756968612467826,0.30304616812537927,0.6770065682753909,-0.34592120868165493,M,M,1,XS,0,0.011242840424121232
90274,UNNAMED,-0.05423877014986489,-0.2894827695968711,-0.6877296520838765,0.8550003923908389,0.0,0.0,1.1134568036503454,0.09896113132170968,0.19861322876766174,0.7034971698314443,0.6301285339378058,M,M,1,XS,0,0.18010529473296222
90275,UNNAMED,0.505965563115021,-0.43212492231848965,-0.6090985970732041,0.7322394838399219,0.0,0.0,1.007637247451184,0.08802413997628246,0.24606670965824623,0.6970888277586894,-0.4350899102142846,M,M,1,XS,0,0.0031036498468764084
90276,UNNAMED,0.7540505004980157,0.00262262990357426,-0.6002694407178384,0.7347111474002717,0.0,0.0,0.0,0.07060583574905015,0.23720244129709644,0.7150953999665395,-0.6159291921368605,M,M,1,XS,0,-0.0780214094085079
90277,UNNAMED,0.15518166198151498,-0.8777725849300599,-0.48199939297755157,0.7559896794530945,0.0,0.0,0.727458489403252,0.028572215230547753,0.24616333091536197,0.7134902001706473,-0.3985770077135209,M,M,1,XS,0,-0.17602333365900982
90278,UNNAMED,-0.0349384028250596,-0.462883442292319,-0.7828550043795627,0.6582879007504845,0.0,0.0,1.1208819264790453,0.09446824371536827,0.185672568127136,0.7263576551953976,0.3026721459290645,M,M,1,XS,0,0.1713629540820798
90279,Takayo Kyun,0.06583783627256584,-0.4971294470315372,-0.6434881973182924,0.8120441442974032,0.0,0.0,1.113779947908546,0.0921284321878974,0.21601749869524703,0.7032190034691135,0.20286359677863114,M,M,1,XS,0,0.42040121220943993
90280,U Kyun,0.2641555925406581,-0.5511541634065669,-0.645924444912361,0.6912368703730524,0.0,0.0,1.0886563556098101,0.07420626557840276,0.2410753433531529,0.7010395320315574,-0.6739161043348737,M,M,1,XS,0,-0.01186198835599478
90281,Mein Mya Hla Kyun,-1.4105857429668496,0.734095686035923,-0.8516046283175698,0.8477855617914853,0.0,0.0,1.14081672170723,0.10601142751505059,0.17736606793206355,0.6992377684677206,0.27195082106954643,S,M,1,XS,0,-0.15156542115292296
90282,UNNAMED,0.5631663538311312,-0.18926100346359803,-0.9232014871018838,0.4008399803802801,0.0,0.0,0.912761241257574,0.10757625392448596,0.15605742084193713,0.7380604282585497,-0.9955709693932643,M,M,1,XS,0,-0.0904406390543113
90284,UNNAMED,0.15990156105985787,-0.44818185670188265,-0.7901871963282231,0.49220239086455336,0.0,0.0,0.9927352298663852,0.0716390167244471,0.1846778083663761,0.7541702176260565,-0.4533328317723011,M,M,1,XS,0,0.012265158682939342
90285,UNNAMED,0.3760206913750806,-0.5404864550434313,-0.8024121907355627,0.4770796755033618,0.0,0.0,1.0132621955539973,0.09549508830139479,0.1908440013204905,0.758436631780242,-0.4872387726438698,M,M,1,XS,0,0.10011968326529738
90286,UNNAMED,0.3325789170849154,-0.5671777475103605,-0.7410184981720223,0.595848249590918,0.0,0.0,0.8845175987679271,0.07060583574905015,0.21759418193636318,0.7355939369605475,0.4687075341505902,M,M,1,XS,0,0.07283065026335069
90288,Yele Kyun,0.2033124151690287,-0.642692196755386,-0.8594427402892038,0.45219214539327085,0.0,0.0,1.028098250359262,0.09950961973222457,0.18454385616901106,0.7403333412097083,-0.0030002708290552947,M,M,1,XS,0,0.2524864060612334
90289,UNNAMED,0.36644761050245284,-0.6270016861701898,-0.7786757092689055,0.4560249037568344,0.0,0.0,0.0,0.07060583574905015,0.20561095011634808,0.7557446602338046,-0.7658661111636629,M,M,1,XS,0,-0.11391575336285381
90290,UNNAMED,0.49676865198042985,-0.7307592766314791,-0.8287929393739064,0.3610917086933621,0.0,0.0,0.8322883511439341,0.09948236843409444,0.19971485749462545,0.7694825138141901,-0.7766531903888094,M,M,1,XS,0,-0.03689678667559407
90291,UNNAMED,0.18906687783450993,-0.3604755447280218,-0.4797205412448632,0.817527871291409,0.0,0.0,1.1841928461015552,0.0626432879256711,0.26215854084334256,0.6999692407672069,0.7254768797653084,M,M,1,XS,0,1.1147001843184987
90292,UNNAMED,0.4003974084817589,-0.80373923082504,-0.7347388769699471,0.49443081427727853,0.0,0.0,0.7976076570843774,0.07060583574905015,0.22404218689039856,0.7408589582886629,-0.6049947855712551,M,M,1,XS,0,-0.12226175449649263
90293,UNNAMED,0.40965311661923887,-0.5260379407484678,-0.8613095523648022,0.283403085999249,0.0,0.0,0.0,0.09948236843409444,0.1993715592401763,0.7670208367719222,-0.8158323282321627,M,M,1,XS,0,-0.11745212094866524
90294,Kyun Nyo Gyi,0.7690039123597306,-0.4920727654787819,-0.9420835993440463,0.16922107531441347,0.0,0.0,0.8762012714834579,0.10757625392448596,0.18569891937907668,0.749011021887318,-0.6360177119214868,M,M,1,XS,0,0.4511546180410875
90295,UNNAMED,0.7012591454259637,-0.47181635417829576,-0.5253822537689643,0.9812050095020787,0.0,0.0,0.0,0.09682041784034733,0.3006796793052639,0.7014843121300337,-0.7942996989971819,M,M,1,XS,0,-0.1378672233143779
90296,UNNAMED,0.9142363767739189,-0.2829210297710089,-0.948725026472664,0.03453313580152874,0.0,0.0,0.844333484645795,0.10757625392448596,0.20185955661090693,0.7510938816583976,-0.7422619511194046,L,M,1,XS,0,-0.05093207303307348
90297,UNNAMED,0.7160349444651817,-0.3078494047983147,-0.8880700904158523,0.11861581411252672,0.0,0.0,0.8514572784334478,0.09928374900820695,0.20277233469896255,0.777573879508131,0.4880226008249791,M,M,1,XS,0,0.5535462841022563
90298,UNNAMED,0.723041737120823,-0.23611828891382355,-0.8900191810744877,0.06494613380899336,0.0,0.0,0.9847455875969618,0.09513166828616856,0.21682706771320176,0.770809537161756,0.2836835921844926,M,M,1,XS,0,0.1694410194376728
90301,UNNAMED,0.6135465142941015,-0.45690924834675367,-0.8267160974660626,0.24044934533373397,0.0,0.0,1.1557794868926976,0.0933360180725933,0.20025798607629128,0.7863966998316233,-0.189078390581719,M,M,1,XS,0,2.056489979486495
90303,UNNAMED,0.41194299883094637,0.00869919744813122,-0.8921216328549357,0.4364410624007008,0.0,0.0,1.2511532423045828,0.10166669443973778,0.20754337525866315,0.7211721056466441,0.7853883857538223,M,M,1,S,0,2.561757305209892
90304,Ky Kyun,0.9041946900214948,-0.4979916254046506,-0.5490534581995504,1.0785953859937876,0.0,0.0,1.03614602985771,0.12406618168559184,0.24347037936287064,0.6874960452269308,-0.7707855820171503,L,M,1,XS,0,-0.03308918764390346
90305,UNNAMED,0.6130461725787973,-0.2733549124747407,-0.907455517663314,0.0736508971389062,0.0,0.0,1.1009201802053439,0.09947460536675762,0.20956729780354996,0.7523768508884157,0.44093042111335745,M,M,1,XS,0,1.0404716082210512
90308,Hmau Bhi Kyun,0.6761687099112424,-0.313086297800553,-0.5736574238182989,1.034082134496061,0.0,0.0,1.0263875668077729,0.11591686528144295,0.27324656207659576,0.6875312365300619,-0.4241610364623829,M,M,1,XS,0,1.2855241341538939
90309,Chaunggyi,0.6400797665030958,-0.39321004922768504,-0.5459846524836129,1.0912035271535196,0.0,0.0,1.0604647176796906,0.12193716845269748,0.2927808915360511,0.6756490016600841,-0.0035733228591786842,M,M,1,XS,0,1.8995852576069685
90316,UNNAMED,0.6336073332713423,-0.38253584354058595,-0.793127155367113,0.8168905628363008,0.0,0.0,0.9035209625042527,0.12406618168559184,0.21538726458633292,0.6860425548934627,-0.42102288274933375,M,M,1,XS,0,0.15346028573107848
90317,UNNAMED,0.9113987661500077,-0.24854169903466675,-0.990380194986129,-0.10291211241033202,0.0,0.0,0.8154882015440035,-0.009182338640454035,0.19383926029107887,0.8024236159153618,0.003607246414250325,L,M,1,XS,0,0.22949133651297277
90318,UNNAMED,1.3066115496594355,-0.06688849724762559,-0.8973199952384874,-0.13006473603661586,0.0,0.0,0.9702645668315005,0.09965253268010182,0.24478720998068307,0.7125558489426235,0.5206934063468338,L,M,1,XS,0,2.355353981408722
90320,UNNAMED,0.7551366592630376,-0.07656022288093528,-0.6966140428358928,0.8836207009820382,0.0,0.0,1.2219931870602905,0.11713642934647266,0.2203010410940454,0.7158293197855512,0.6471951257894747,M,M,1,S,0,2.7749101178851014
90321,UNNAMED,0.7430653822415937,-0.09221767676279494,-0.8705622169224493,-0.12060308366401284,0.0,0.0,1.0690329145212958,0.08475122945813969,0.2511693368048668,0.7257472557012441,-0.037946490542854816,M,M,1,XS,0,0.705029807377314
90344,UNNAMED,0.9741686588107674,-0.04406924062931874,-0.8957476079128978,-0.26576677987876884,0.0,0.0,1.3616999051040959,0.08259550685840827,0.2630735148690599,0.6996075633556662,1.065084655836742,L,M,1,S,0,2.734844324210546
90411,UNNAMED,1.2024919057540535,-1.2698898595352126,-0.7115331736244678,-1.3334776324920241,0.016194978545195842,0.0,0.0,-0.30084282032400056,-0.9413851169592997,-0.07467083989810257,-0.47025134472817914,L,S,1,L,0,2.3607000111435466
90450,Hoeksche Waard,0.8391350758310637,0.07584830213107122,-0.1814984311273184,-0.21100956758289188,1.888365365969582,2.2286537646417046,0.0,-1.6119079969134797,-1.542539155398455,3.040697481403526,0.7806329136198745,M,S,1,L,0,2.815386265364566
273742,Halmahera,-0.30491330343752904,0.07584830213107122,-0.9204641685725004,-0.7451101728080106,0.0,0.0,1.8009289564406734,-0.038312169014040456,-0.16081418780683723,-0.4153303626824002,1.5581594445121063,S,M,1,L,0,2.816960657857396
273751,Marajo,-0.8310312883871545,0.07584830213107122,-0.8340607062746263,0.13308440647266062,0.0,1.4623751254682544,1.6523009862260116,0.06454013354878525,0.24819384127323393,-0.12306858514828796,3.171965451761598,S,M,1,L,0,2.816393171957838
273762,Sakhalin,-1.071168761350469,0.07584830213107122,-0.29397846983444476,-0.22923419531286704,3.6536831469971105,2.563109171418552,1.868126239010088,-2.7840358193980084,-0.6325037934823107,0.8997239651895644,3.2087106938208274,S,M,1,L,0,2.8171307384701842
273765,Seram,-0.3467679902371687,0.07584830213107122,-1.0636908487435246,0.770647118445062,0.0,1.6340363353673215,1.8973384446379726,-0.12075426355611878,-0.644138237203723,-0.17692141829011776,-1.0670050247265703,S,M,1,L,1,2.8167919246444995
273776,Tasmania,-0.9119622283624046,0.07584830213107122,-0.41453009677288594,-1.3585148131130027,3.695257221777158,2.6379453275205296,1.9224874488948407,-1.6507167352649263,-0.6875087380019456,0.8868915345039569,3.6961119492465784,S,M,1,L,0,2.817140532807326
273778,Vancouver,-0.4246509549011425,0.07584830213107122,-0.875362821801513,-0.10849798419163866,2.97552483508571,2.265107800937159,1.9490179679651087,-1.968747773361979,-1.4945648712924338,3.2235765456718677,-1.0670050247265703,S,S,1,L,1,2.817136579890795
273789,Sumba,0.08269448201252896,0.6204202557503632,-0.6871025769285505,0.14307779160427153,0.00036147807005246804,0.0,1.6814182931845996,-0.03513103640113706,0.6471408159665163,-0.19082959070782146,3.138030168936871,M,M,1,L,0,2.816888736547952
273791,Hawaii,-0.5701758189782378,-0.37199918278318117,-0.4769714732953523,-1.6416070437457517,1.6014108560418476,0.9384469723484812,0.0,-0.7814466837721976,0.5267529255379498,-0.6520446868877714,2.765977990848459,S,M,1,L,0,2.816220941722688
273794,Kodiak,-1.625442022533537,-0.4303219188346057,-0.18083528776716057,-0.6928228382000414,3.3910052528347707,0.0,1.776535185646191,-2.2959945013437926,-2.033110165068634,5.608792283435598,3.2068783448084806,S,S,1,L,0,2.772166943222335
273798,Chiloe,-0.5905022430897566,0.5612512229810808,-0.24566827189018642,-0.8020466595139019,2.854760182641044,0.0,1.7753130011155105,-1.6611572976230828,-1.1591394193501634,1.7125983089328822,-1.0670050247265703,S,S,1,L,1,2.8096307324174563
273799,Buru,-0.44262036203285654,1.1664239093006898,-1.1841299728825176,0.2049922325073675,0.0,0.0,1.8516956892989793,-0.2300904075300745,-0.4207286633547047,-0.08734758240902561,1.332912462194741,S,M,1,L,0,2.8109695075126435
273800,Crete,0.09254656161026238,-0.42665207423258517,-0.08455134928165374,-0.5904995169825938,2.3000787280053467,2.3845914808668756,1.7478490038314942,-0.8764049289356788,0.6668244691869687,1.238210799360297,3.0232340793979584,M,M,2,L,0,2.8170933365678392
273801,Anticosti,-2.0346899022458644,-0.42600404596189984,0.0996203672351316,-0.5193265470247842,3.4270938447794044,0.0,1.6762090314540534,-2.4953234200380945,-0.5912706720081631,1.5835742607508085,-1.0670050247265703,S,M,2,L,1,2.135316436786009
273807,Prince of Wales,-1.855781128267842,-0.11949305867393627,-0.4485887677372736,-0.2940567887684097,2.7605392922674548,1.7917045420660693,1.7746624378597526,-2.0101816152885372,-2.3131558991303356,3.7382800989693243,-1.0670050247265703,S,S,1,L,1,2.5418180795549437
273809,Melville,-1.9644274094655412,0.1846857544211174,-0.6065767337788234,0.012515772167882678,0.0,0.0,1.4679442800555742,0.06616180476318749,0.9180799965450581,0.14122329546204757,1.4452616700811067,S,L,1,L,0,2.3483333254846874
273810,Prince Edward,-0.3968088905192588,-0.11407109079651136,0.5272070519447724,-0.6497810651873233,3.1738783205283485,1.7752600781693286,1.4782752214475072,-2.1525572990248634,-0.6582076098023729,1.7054952543135018,2.5483537801853076,S,M,6,L,0,2.8144015334527452
273814,Chicagof,-1.9488016539799373,-0.6102200079165409,-0.3426060418985597,0.09602003658807574,2.3372123720247826,0.0,1.754961571585602,-2.1751117560538336,-2.6348179457881544,7.123089834093996,2.274447401412733,S,S,1,L,0,2.3385109333362046
273820,Caviana,-1.688818451495577,0.8281426522553349,-0.3564261095563498,-0.5729273597030904,0.0,0.0,1.420254305083179,0.05095667502728805,0.19549353332957584,0.026920751628123667,2.0234430524349074,S,M,1,M,0,1.3374400499792294
273823,Isabela,-1.8361638335904138,-1.034920443007069,-0.41593657275149026,-0.23302241279805613,0.5756754637390371,0.0,0.0,-0.38116910203031545,0.5552181334676272,-0.39179629031150676,2.7806187737956245,S,M,1,M,0,1.610842197645868
273827,Belitung,0.04161031821297342,0.9481717668694448,-0.43052737509393274,0.3951469754618069,0.0,1.4510262057675865,1.5533819256363823,0.07183921229750174,-0.6098179274886745,0.06148943490045281,2.4043665962245995,M,M,1,L,0,2.8154503274815914
273831,Buton,0.1781317899453032,1.2267766706735135,-0.6699499617144256,0.8616558370022968,0.0,1.5827486463566833,1.5656907474912645,0.04937252868486874,-0.18277502838249426,0.06083227276717688,1.5642735242418389,M,M,1,M,0,2.8152250250160824
273832,Kangaroo,-1.6689588833990714,0.05505219039450993,0.1880033712652687,-0.9528591647166347,3.250023110097084,1.4113159696315243,0.0,-1.174315939127839,0.12656085419047125,0.6651638871557037,2.6377475835482054,S,M,3,L,0,2.467522177815922
273833,Admiralty,-2.0064534265829272,-0.5646082325907479,-0.6853324042565466,0.1072365233858195,1.6493013211590226,1.6365350417643776,1.738520168147829,-2.223266553983265,-2.4785843009488646,6.024064362731618,-1.0670050247265703,S,S,1,L,1,2.1947934946809196
273834,Nunivak,-2.019012368990948,-0.9536560083680714,0.9398937600176873,-0.2958613393226044,3.2211676655750545,0.0,1.533329451394673,-2.6487101738305223,-1.3863088044656589,7.1414540206471875,1.739129109587834,S,S,7,L,0,2.1570969733074863
273837,Baranof,-1.5144097621029797,-0.7136397126200822,-0.3436028355477858,-0.23874628710823007,2.6183914715953995,1.5155651916117974,1.7654181868765115,-2.1251488225458415,-2.6286524848132613,6.439747087871275,-1.0670050247265703,S,S,1,L,1,2.608638136164252
273838,Nias,0.6008990314089699,1.4887470939083294,-1.0405885015006118,0.16444072186344988,0.0,1.8322512652104472,1.6902460128590815,0.05017313033536997,-0.661436004154714,-0.5079337470626343,1.5255807131904675,M,M,1,M,0,2.8168997248176404
273842,Siberut,-0.8983110439432082,1.1732850710749327,-0.9172328504133945,-0.02365342323544379,0.0,0.0,0.0,0.0151759688292437,-0.6486852921219266,-0.5674549740670651,0.21809189993239905,S,M,1,M,0,2.601347365716674
273846,Majorca,0.6725645827123974,-0.34314885090087444,-0.25474881343746514,0.12000482319825072,0.3664942320471843,2.158236827425293,1.4241740290356089,-0.8507939302105303,0.39299323870793956,0.6400134001263725,2.401723770327766,M,M,1,L,0,2.8171411338586188
273849,Socotra,-0.22143831766221028,-1.0639351375942299,0.39739399422055005,2.4583278108314177,2.1599938169107005,1.2198761887384015,0.0,-0.06416369109552378,1.0607712938245109,-0.15415940236700776,2.752183345536546,S,L,4,S,0,2.729468123722796
273850,Wetar,-1.1640399321718933,1.0034776237426652,-0.33273642445483825,0.2786627262322543,0.16280668019606054,0.0,0.0,-0.010931326230253889,0.3278778312041278,-0.03837553165135864,1.6541774533477358,S,M,1,M,0,2.2671794807584464
273854,Masbate,0.6586255970972837,1.0024037923255236,0.30530869004955274,-0.08459576464449797,0.33591478099137667,1.2012915413916625,1.5164821087938083,0.10479218454304283,0.1502198865578604,-0.15103401679818418,2.106706770498572,M,M,4,L,0,2.816876793868941
273855,Ituruo,-1.56702083965219,0.22484878171939962,0.740276396722233,0.17835492058702404,0.11884211520682048,2.2931723744554335,0.0,-2.3294318594766272,-1.61905953113803,2.279122664079906,1.6950383520275483,S,S,7,M,0,1.4733049265664895
273858,Yamdena,-0.5455443732006681,1.260985120515309,0.06781894526181396,0.23475214978040365,0.0,0.0,1.5413008426936807,0.03371036543661975,-0.008962902561122095,0.024196029273631518,1.1590609260156552,S,M,2,M,0,2.7022874700096144
273859,Waigeo,-1.0208498132373796,0.9102348519282444,-0.6810833193690995,0.7163059912326871,0.0,1.542687647340023,1.623909755541623,0.04173173219143648,-0.35570694919112567,-0.5633349614546745,0.8650296942253258,S,M,1,M,0,2.5938288360139055
273861,Gotland,-0.5790178457994577,-0.12178378850057521,0.1930213028259228,-0.6202821235979747,2.9962882708210152,0.0,0.0,-1.8761602847357781,-1.3669289226217447,5.474272446427344,-1.0670050247265703,S,S,3,L,1,2.7970129495753944
273865,Taliabu,-0.5594401164893961,1.281716861877798,-0.9679701141149216,0.4605329593459999,0.0,0.0,0.0,-0.020602166760894252,-0.5658596473763303,-0.29582490356542374,0.9993791124059204,S,M,1,M,0,2.687632685301367
273866,Muna,0.3787813040561194,1.137993881641957,-0.9529473476561675,-0.4655486560567807,0.0,0.0,1.4717724296709225,0.1034047860302556,-0.07756106719642511,-0.19024344067202587,2.102213646763399,M,M,1,M,0,2.8149853289168756
273868,Kupreanof,-1.9704492055467668,-0.30846823453839267,-0.6832447614536353,-0.08270620925234241,1.5369216304036135,1.4470014131102809,1.6825574881012348,-2.0751059446358697,-2.270387085251424,4.046667068711407,-1.0670050247265703,S,S,1,L,1,1.9223295952572899
273870,North Andaman,-0.3377668235309008,1.1219146398057436,0.6533911732370233,1.0077897949153456,0.0,0.0,1.462246196616495,0.08551708052142448,0.19062513953353893,0.23605234998802463,1.4647883046127625,S,M,6,M,0,2.582815411893952
273871,Unalaska,-1.8221908288345767,-0.568493988737818,0.37904039218585805,-0.3221445488044159,2.748590859772844,0.0,1.6616213465305578,-2.33364572307917,-2.3827843245185947,4.889370099064009,2.0506064103387973,S,S,4,L,0,2.1997908631405014
273872,Saaremaa,-0.8720232910149096,-0.07955779480528503,0.3266997398157998,-0.8293055797707732,2.6100302628030376,1.0896926903923094,1.3789614197690376,-1.9531515698690014,-1.5228888072325404,6.1249206445244635,0.8013456020107087,S,S,4,L,0,2.527427450891699
273873,Obira,-0.7096556170801674,1.1437670279781762,-0.9158265039280848,-0.28435948087068436,0.0,0.0,0.0,-0.06228338871656358,-0.5547877296859297,-0.41205712975849934,0.8598338057749983,S,M,1,M,0,2.6172476003503293
273875,Navarino,-1.799995127186266,-0.3297461700455772,-0.002905998308828976,-1.3738626200478457,2.201854901460119,0.0,1.567949897023866,-2.3082380486977274,-1.8892993055713134,3.1345954171829806,2.3749727584955735,S,S,2,M,0,1.3530946963247175
273876,Paramushir,-1.7003922890702832,-0.6012367508871027,0.3623917198373182,0.04992498465793156,1.8008630882905392,2.4708400652942157,0.774555913673536,-2.5528502193488087,-2.0506751044351352,3.891331909772617,2.2748150021983062,S,S,4,M,0,0.9200809373485158
273880,Peleng,-0.09174397452110719,1.1108399020320778,-0.5081082146480066,1.4358486723580148,0.0,0.0,1.520813556551427,0.01677870705504566,-0.47993224068355145,0.047665759879349866,1.1758268760983774,M,M,1,M,0,2.7454910838439703
273881,Groot Eylandt,-1.6667061195708452,-0.21656021501915637,-0.1006595415907895,0.28154767023109106,0.0,0.0,1.2538965130246478,0.050558047819194325,1.170940754333866,-0.2445535267065041,2.0331075837335435,S,L,2,M,0,1.7885184961315834
273882,Yapen,-0.1238355442414072,1.271827685472867,-0.8100970608771237,0.30556675452620313,0.0,1.3773250818424525,1.4789843989631188,0.06538007361359381,-0.7591702356753497,-0.6358068183464519,0.2706363333538856,S,S,1,M,0,2.7744987855094716
273883,Morotai,-0.3490811553154202,1.3382277899428856,-0.5552551340008254,-0.16204534769692475,0.0,0.0,1.4411065113539319,0.006935729810037692,-0.218300541884217,-0.49889205158910255,0.9712773865852655,S,M,1,M,0,2.6283867025787386
273889,Trangan,-0.79516619243447,1.0485481614773393,-0.212710866730825,0.04544884120109727,0.0,0.0,1.4274920870042465,0.03694419594078532,-0.6344797713882492,-0.051300652422853164,0.8601507594300037,S,M,1,M,0,2.334699640342983
273890,Alor,0.1153629508023487,0.8622994479655505,-1.020521388085326,-0.10279996774298049,0.0,0.0,1.5823284439077927,-0.019097603790021726,0.5881689100609812,0.08502549001831415,2.0588135300839334,M,M,1,M,0,2.788101581621255
273891,Lewis and Harris,-0.9058827025377558,-0.1466169115950978,0.5456161842185808,-0.5011197140369927,2.6125020247420982,0.0,1.5323848044833763,-1.7920390041681826,-2.570256280564707,5.1633172345358505,2.3450813740942493,S,S,6,L,0,2.6937809064362073
273892,Laut,-0.01612779116250903,1.107108855915543,-0.7735759891740207,0.6089588997131063,0.0,0.0,1.4560546440563518,0.08409749058075293,-0.5050149726349569,-0.4037857629473285,1.8648726704061809,M,M,1,M,0,2.770996421539477
273896,Tenerife,0.9631455862807947,-0.8640909600641327,-0.11721315941309805,-1.1437931377089772,1.0124813005330335,0.0,0.0,-0.8590275078282659,0.8616473265556938,-0.09557919820024163,2.3934228107196645,L,L,2,L,0,2.817138974329809
273901,Biak,-0.02543734458588315,1.1623605531350332,-0.8937555632265852,-0.7038125324438249,0.0,0.0,0.0,0.0781942524041731,-0.7460407243959165,-0.6352315964569463,1.337513397635722,M,S,1,M,0,2.8037658137621944
273902,Maui,0.13395803841975923,0.02577435756682871,0.29062007088922154,-1.6062588587155866,1.4584448925021443,0.0,0.0,-0.26863877763708105,0.5530002364292882,-0.4361972277251063,2.156763649099394,M,M,4,L,0,2.814256780327596
273903,Bacan,-0.12289884628211438,1.279545606541951,-0.9880838483572846,-0.5576551129637681,0.0,0.0,0.0,0.0033849458533135412,-0.3241088701973928,-0.41033168804429165,0.5675662798658743,S,M,1,M,0,2.7513396831818984
273905,Fraser,-1.8447921987679767,0.46173950224217314,0.493839486518971,-0.7908378355414679,2.6671499390121145,0.0,1.2351996133574294,-0.4395674611769902,0.8263403088513124,-0.3122411974011741,1.257352054755788,S,L,5,M,0,1.6475309655274908
273906,Jeju,0.8683741655859137,0.3488337199475361,0.10843619160217123,-0.3510248672457697,2.6535631846288115,1.185686667171346,1.647308157882557,-1.0961574672196424,-0.7643025079804034,0.47125218646708383,0.5674100032867747,L,S,3,L,0,2.817132011103148
273907,Stewart,-1.7920192066454008,0.017030733850910067,0.6629610689879458,-1.5402105152830772,3.0112541718243198,1.5507531754673147,1.3701927466857782,-1.635759240814536,-1.8477975477232151,1.4873286840955877,1.893194983804355,S,S,6,L,0,2.3603467406260035
273913,Simeulue,-0.07134433781308133,1.1506128001744673,-0.7015178814049444,-0.017534162279164975,0.0,1.6844427277889356,0.0,0.08176059868873138,-0.6169488690555046,-0.5299605250541405,1.1938931703528306,M,M,1,M,0,2.6871848122053428
273914,Kobroor,-0.9490698907792583,1.1571860892381833,-0.4735928853824716,0.21317275398625932,0.0,0.0,1.426680601932953,0.01053142541119158,-0.8345739771139377,0.03204194285387256,1.0710931568116948,S,S,1,M,0,1.9491345724004383
273915,Natuna Besar,-0.32535011138405723,0.8275145321200735,-0.3048026626621925,0.7311275048103278,0.0,0.0,1.434395113293643,0.09275935584178942,-0.6469556252237112,-0.0323924385412533,1.5676700860511759,S,M,1,M,0,2.6051645851445207
273918,Bathurst,-1.7426157450232458,0.2749809797686747,-0.5813710350269,0.9398639003803715,0.0,0.0,1.2844813891370008,0.09932330945565308,0.7614730423032751,0.12905482238808286,1.0452827849679744,S,M,1,M,0,0.9391218955282865
273919,Bering,-1.8356515617381552,-0.6272303919943789,1.072445394594546,-0.11436068988623485,2.459910782084861,1.7759081555187515,0.0,-2.4150276472820744,-2.178404746446058,5.044601513977767,1.9645267509206714,S,S,7,M,0,0.393044367046895
273921,Lesbos,-0.09412093954673052,-0.3121733262486389,0.08651752072340956,-0.5843063842916354,1.796084572506581,2.232339620635886,1.444831405872808,-0.9491990954764259,0.5275054001766998,1.5144741767323668,2.0987430829709157,M,M,2,L,0,2.7866761403925175
273922,Fuerteventura,0.1079781320828288,-1.6130829450095008,0.5800426823660116,-1.0203500510572932,1.757623334320228,0.0,0.0,-0.7108565173533901,1.3465250018482475,-0.16883100408213655,2.3876651206899857,M,L,6,L,0,2.8153316971980162
273923,Salawati,-0.6530453032833577,1.2372454589691562,-0.8009367383920952,1.503036418428012,0.0,2.258992571252809,1.5256012343953906,0.03215718171024056,-0.5042522502871188,-0.5007809165334548,0.7542414450023327,S,M,1,L,0,2.803533974727243
273925,Kunashir,-1.1606125681645112,0.11321965109512286,0.997455608471453,-0.10773658465372137,0.0,2.3291648874571824,1.329729208067828,-2.2201755394691562,-1.2322776851010753,1.2168623717116707,0.22560630515664803,S,S,7,M,0,1.4583921653273246
273926,Tanahbesar,-1.0914929662725636,1.1273273149329732,-0.6003493905665463,-0.2078361002002017,0.0,0.0,1.4124466250003453,0.031663075708025595,-0.8711129158465449,-0.05757357832310058,0.9100626820377002,S,S,1,M,0,1.720822835087383
273927,Rantau,0.0535758699048171,1.1412162858420258,-1.2014280609859023,0.381402269581371,0.0,0.0,1.383183185638922,0.13833044336876776,-0.6236640464250501,-0.4609118135391464,1.5829487278637746,M,M,1,M,0,2.7647999747835823
273929,Flaherty,-1.8419772799498637,-1.5340397087763304,0.7392429405953568,-1.153578845930728,3.142259582628399,0.0,1.2996270020422813,-3.3459805684713317,-0.4333666505875231,4.902922840434733,2.3643410952387933,S,M,7,M,0,0.6295023746659115
273934,Middle Andaman,-0.1993996738786392,1.1766734799381193,-0.13450168052220707,0.9123386221039296,0.0,0.0,1.4898024333656472,0.06079722143019889,0.09964671022919001,0.18025574734780972,1.5848194503028685,S,M,1,M,0,2.6369296911033206
273936,Gran Canaria,1.0607887727413212,-1.0756780956855727,0.08218048793592489,-0.7386641301089599,1.2346893859901242,1.458057949365943,0.0,-0.8228277609987662,1.0436049171436121,-0.053699108236768656,2.352333383517821,L,L,2,L,0,2.817138040649405
273938,Great Karimun,1.4237961743806407,-0.13346136507807416,-0.12595712067583004,0.10378183634901282,0.0,0.0,1.1293955236515092,0.107935492222121,-0.3984036631168114,-0.354719960799668,0.8559653375210589,L,M,1,M,0,2.8033400380225553
273939,Cataduanes,0.5693200511302237,1.3632718505306156,-0.11369823422458263,0.53649560427945,0.011042638733472334,0.0,1.6482812816081067,0.08467465793505315,-0.2918611596454,0.2588225949726602,0.9187932628719806,M,M,2,M,0,2.814376226136383
273940,Rupat,-0.17832059193131802,1.074427705614049,-0.793525040954878,-0.5981175696797777,0.0,2.1913675632715117,1.4022662371791768,0.12199891287314858,-0.43660090077362884,-0.4171551604749429,1.8193865646975516,S,M,1,M,0,2.54437177866703
273941,Qeshm,0.27881517358462654,-1.5988888938284398,-0.5596694418346928,-0.8176951689226308,0.0,0.0,0.0,0.19420540903943745,1.2785739068439326,-0.4679668850454877,2.3511409435242787,M,L,1,L,0,2.81403020166862
273946,Urup,-1.9615832303669185,0.08793325545528098,0.7099363612443776,0.23509995794833066,1.0673126245521338,1.7833488766794623,0.0,-2.4335337296843926,-1.8160369693425142,2.7183746580871393,1.736270489717635,S,S,6,M,0,0.4874250198199446
273947,Kauai,-0.09924334099176456,0.6970559200313471,-0.2293748086941384,-1.5442301448567857,1.1566735552149292,0.0,0.0,-0.29528374260143847,0.1583426599685688,-0.2980944997306038,1.8472614307480397,M,M,1,L,0,2.785248414087556
273949,Rhodes,0.17919900118831492,-0.4550295354742284,0.30346969305461574,-0.9514086790839265,1.0039112584977798,1.5026040121863495,1.315259505816302,-0.7255462816026375,0.9636962095920021,0.9641065333959876,2.10722482145233,M,L,4,L,0,2.814710602916846
273954,Ramree,0.58045498653782,0.39944414362319375,-0.641421066821115,0.9798046435651089,0.0,0.0,1.457557918615073,0.045700377890248514,0.40224618803521406,0.8030590972644186,1.7124072636577816,M,M,1,S,0,2.8022718090370486
273955,Flinders Land,-1.8234568350905813,0.33066632031789467,0.8197584828350007,-1.2316698073056858,2.938370334235013,0.0,1.1677587635173203,-1.2507981953044698,-0.07206536720835569,0.5886309741824507,2.1312857056491046,S,M,7,M,0,1.5229728786112917
273956,Oland,-0.5477297191734628,-0.09149247560186059,0.5280540100019627,-0.5640102807635272,2.772973746536119,1.334774908941018,1.1275673604951588,-1.8519561280369392,-1.292746488512684,4.898913342017582,1.7034768826335966,S,S,6,L,0,2.4429828692259865
273959,Lembata,0.2828388380930848,0.6785861419166425,-0.5321504643962216,0.28965174806103944,0.0,0.0,0.0,0.07110710817445011,0.8161753134152028,-0.04252560778486014,1.3562000683398845,M,L,1,M,0,2.76831400394094
273961,Basilan,0.9360860565586661,1.433244759223528,-0.8841746033672354,0.29879121308793355,0.0,0.0,1.4834573548703858,0.05735806450774519,-0.3322693405379615,-0.5280524856404418,0.889744235253451,L,M,1,M,0,2.814267624710285
273963,Lolland,-0.16123431857535714,0.10491960844577773,0.7965498001446127,-1.0396299824317328,1.2425404084539104,1.552374529940198,1.0757413557588344,-1.7392868494336344,-1.4484973930560059,4.26525702066679,-1.0670050247265703,S,S,7,L,1,2.784648083311673
273964,Mangole,-0.2733481493243249,1.2883765126108804,-0.48353601834212373,0.2356947581030972,0.0,0.0,0.0,0.049617662682180125,-0.29384738526042725,-0.36269864589874085,0.6502400660061297,S,M,1,M,0,2.3558197250565724
273966,Rote,0.3045846178415149,0.4589759755227728,0.5256726518551296,0.5792247482014227,0.006178361279376087,0.0,1.3989598824659633,0.132364412204571,1.0642825981456039,-0.04151551664648368,2.190749702708785,M,L,6,M,0,2.752079997313416
273967,South Andaman,0.5193995099425287,1.0428664525322522,0.6475135785962298,0.954859914961836,0.0,0.0,1.3616998048664521,0.09729602327996092,0.10366820406702294,0.1469561117268796,1.2741936104982594,M,M,6,L,0,2.814284706695162
273970,Tiburon,-1.7734588862741019,-1.3255334282267484,0.13701866006283314,-0.36803952242072024,0.6849658871464859,1.8565210465702393,0.0,-0.41098490007016886,2.0628369391849706,-0.33267594194914857,2.2565656989126697,S,L,3,M,0,0.7767579052849303
273971,Bintan,0.8038562878067892,0.4621572345322585,-0.10648612194387728,0.7712870336816641,0.0,0.0,1.034945751037305,0.11129204106900308,-0.5292650782229594,-0.31588459831019183,1.900266817874059,M,M,2,L,0,2.8165942933542523
273980,King,-1.589358774570066,0.708581429595764,0.7689381883270205,-0.9224071966539684,2.842281660590288,0.0,1.3329816748897934,-1.3101465464793673,-0.4615676140185732,0.9073277806046315,2.1176462705165866,S,M,7,M,0,1.553018549168553
273990,Madre de Dios,-1.9342677554589782,-0.5548184803191566,0.9731340896195496,-1.3761962153219849,2.5689442872074095,0.0,1.5354721099501198,-1.9846551151822258,-3.2859248081665458,2.122877206507652,2.144764329484018,S,S,7,M,0,0.5100640880164968
273992,Hiiumaa,-1.0001815929069735,-0.10223839903352257,0.32803798219752023,-0.845589322197861,2.2254221899778286,0.0,1.3019118591829506,-1.9663917910605089,-1.5050131426869053,6.564135576573482,1.3222884353950037,S,S,4,M,0,0.9432682115106015
273993,Margarita,1.154447085960001,-0.3729513359788744,0.8912866457259184,-0.7075865163915019,2.6960585360027607,0.0,1.2106712633821028,-0.06768007733369853,1.4721809467272844,-0.5469824649422963,1.9930885745623939,L,L,7,L,0,2.8170015449912613
273996,Mornington,-1.716890309151471,-0.3690417773301866,0.44748760031534607,0.18689769477066248,0.0,0.0,0.0,0.008152604498386942,1.4762346476508226,0.05967298257556396,1.3224009908433345,S,L,5,M,0,0.5310776997896312
273999,Shetland Mainland,-0.6665366097380903,-0.04400265687831268,1.4047771587488986,-0.24460780403173615,2.1047139264303216,0.0,1.3553237344338511,-1.8754269236016816,-2.6080282382943714,7.1935173857038945,2.1338047962593794,S,S,7,L,0,2.759701596395666
274005,Santa Cruz,-0.532807533972234,-0.12256260326275169,-0.14491899416767473,0.08184331716184164,0.47126801817488345,0.0,0.0,-0.3201019003137578,0.4024635858637245,-0.43426124814444383,2.0434023965697334,S,M,1,S,0,1.8717290422102448
274008,Great Nicobar,-0.8444844288796665,1.1343608598011061,0.5728972713881164,0.19856384078290729,0.0,0.0,0.0,0.08326049972986617,-0.24578489765832529,-0.28500625548362796,0.9467544485763771,S,M,6,M,0,1.9798314568151871
274011,Sado,-0.0277404474987633,0.35299066285624964,-0.06446006857716814,0.4934105349226912,1.9002305827737966,2.0054796916592714,1.495623602671834,-1.2831928964168577,-1.2726481690637765,1.8689573635937764,1.5241110574012908,M,S,2,L,0,2.786416302743446
274013,Bengkalis,0.3155193867910414,1.0216000449555958,-0.5899718774734561,0.47226627516731107,0.0,0.0,1.3051537346857736,0.10674295674393787,-0.42723303070872426,-0.36783410743464834,1.5906540125146609,M,M,1,M,0,2.77500267384122
274014,Marinduque,0.7326957145265872,1.4512548889120305,-0.06973720078834436,0.9517078448899577,0.34947423154429835,0.0,1.5243844970556388,0.06428755022745951,-0.10156669172475463,-0.09144821354142706,1.7141711899844707,M,M,2,M,0,2.80884578415172
274015,Rangsang,0.1587879377806375,0.8355135951762487,-0.8757531749602435,0.2984014425548963,0.0,0.0,1.3236880874982837,0.11754592180137195,-0.5274797809039811,-0.339981719876304,1.5491614897100463,M,M,1,M,0,2.4900473255063784
274018,Pemba,1.0908833659429427,0.3516177579271302,0.5597111122995005,0.1853449151799165,0.0,1.9363686298248695,0.0,-0.026825592486200762,0.5657469225763619,-0.26099096846126296,1.976657050067969,L,M,6,S,0,2.816705733642916
274019,Lingga,-0.26929776448253395,0.7433159368247724,-0.5284200089040663,0.5649940288809444,0.0,0.0,0.0,0.09335722249186768,-0.653767423850371,-0.23110129356112505,0.9307851593892948,S,M,1,S,0,2.092665619169691
274021,Mull,-1.035297800936528,0.06215952910024813,0.7501800308992115,-0.27693823163450393,1.5000594199949702,0.0,1.5374342402682626,-1.7835639877219427,-2.387430196631578,4.728252333215082,1.956798672125181,S,S,7,M,0,1.1109378888982038
274024,Kabaena,-0.22328803511862227,0.7584013191579587,-0.17633584114686107,0.050445643986598704,0.0,0.0,1.4576341401176776,0.07844979909341629,0.04007531334200485,-0.15614127762549806,1.2580253763576181,S,M,1,M,0,2.1169066273118733
274026,Jolo,1.325642558267313,1.198680155221903,-0.21233769332298275,0.1886260374340539,0.0,0.0,0.0,0.068305877012158,-0.11925643354836443,-0.5964367755313795,1.074075716997291,L,M,1,M,0,2.816360561726824
274031,Karakelong,0.107432522581314,1.382182995780242,-0.1261322149951366,0.009629875550898894,0.0,0.0,0.0,0.09930899454505379,-0.1941968321403292,-0.4791811970245414,0.6140788039856233,M,M,1,S,0,2.508420774717493
274033,Khios,-0.015405828635205402,-0.5343603866006067,0.3749816207825867,-0.724211031333592,1.8588801086044382,0.0,1.2912815628596943,-0.8933594278829469,0.645086882273586,1.525068667790186,2.009967216224724,M,M,4,L,0,2.7595491781133763
274035,Ambon,1.1073680809434927,1.0487064157370536,0.20740055836598134,0.21788471303578327,0.0,0.0,1.505363036482993,-0.010460242890728652,-0.4229652258631682,0.43225601334927866,1.088639762755173,L,M,3,M,0,2.81641370365141
274038,Lanzarote,0.5514462697246754,-1.6454052193772766,0.9458302150185423,-1.2212288136398843,1.4738858405398307,0.0,0.0,-0.7470674209258702,1.0698837031414352,-0.17838614403850156,2.048695821492594,M,L,7,L,0,2.8159666828376038
274041,Cephalonia,-0.15640788367481814,-0.08140604906961812,0.4595233092024969,-0.04061956410637467,0.0,0.0,1.4331018038556764,-0.8408106065942133,0.4100483545473111,1.4840036799441993,1.9522174743958476,S,M,5,L,0,2.5200560967809342
274043,Dinagat,0.49431240525779024,0.6320302496474728,0.4884609879160805,-0.03904108873484772,0.0,0.0,1.310435387363373,0.06605986880181375,-0.42637405309338144,0.030621143657663462,1.4436645619127106,M,M,5,M,0,2.77602782811626
274044,Sao Miguel,0.5142798760120373,0.9644703950541392,0.3210238969568506,-0.33540090783147164,1.3650807472667503,0.0,0.0,-0.899529230393345,-1.1545945603696202,1.2314132547787175,1.088685696789507,M,S,4,L,0,2.805960049495417
274047,Singkep,-0.005494553878101424,0.8787214503309307,-0.3895151035004273,0.34563698601134996,0.0,1.3366938241384618,1.279911558546349,0.10450144089557774,-0.6489780838101568,-0.32762563542438566,1.9523291844110617,M,M,1,M,0,2.607856189816507
274050,Madeira,0.8183867384846892,0.3284155238411693,-0.15343735850397147,-1.2321021896095334,0.0,0.0,0.0,-0.8914708830281486,-0.40332549139595025,0.7012593422733381,1.5573641158718246,M,M,1,L,0,2.816423662838133
274051,Chatham,-1.7944489800900083,0.289584890132722,1.2470553029247538,-1.2386010547468849,3.0690583703998446,0.0,0.0,-1.446424551531486,-0.9999979870571434,1.7626981287340364,1.8491453771008006,S,S,7,M,0,0.5976103954589327
274052,Batanta,-1.0930993482817943,0.9953406857746748,-0.33429888782333617,0.867382961839783,0.0,0.0,1.4627471719868383,0.07417854729766811,-0.24819713517972652,-0.39840661529852034,1.6416488628964796,S,M,1,S,0,0.3926065945403933
274053,Kofiau,-0.6884813245042154,1.0749194037641974,-0.04226335539048787,0.44094441241811044,0.0,0.0,0.0,0.0801326168393125,0.032434548248044336,-0.5546246391113336,1.0532456227459257,S,M,2,XS,0,0.025872170012284455
274054,Adak,-1.8072198739750076,-0.43008944960686984,0.817589762631306,-0.3110105916498441,2.086423221360229,0.0,0.0,-2.269984046705417,-2.0932503098102053,3.306217021499234,1.467698567816024,S,S,7,M,0,1.3782073974471494
274057,Pantar,-0.045500976812217604,0.7207596138775224,-0.669984526019936,0.25744683104484417,0.0,0.0,1.3300731343089003,0.09697435186930332,0.7318966899167666,-0.10973858957057701,1.7831350068012386,M,M,1,S,0,2.013035710750648
274058,Wowoni,-0.15216352204638403,1.1699540923500586,-0.5990386322769902,1.0423233669418615,0.0,0.0,1.4299823911956981,0.04490911730242125,-0.39761275956898134,0.09061975913897885,0.42616061536338995,S,M,1,S,0,1.8125348431165713
274059,Little Andaman,-0.38880675820294,1.4770975245251434,0.754642631523744,0.707373041810618,0.0,2.627093552902634,0.0,0.1049207061626612,0.12082506501805426,-0.024698992954073642,1.7975347598779798,S,M,7,M,0,2.354849950786782
274061,Menorca,0.5428833141672628,-0.009698510195932116,0.6671856586336075,0.25034794153076567,1.342590118355743,2.2558358421691316,1.0428341501197247,-0.8605449071827426,0.3693342063405504,0.9068298448986594,1.8113172617624314,M,M,6,L,0,2.8124124805573665
274063,La Palma,0.36893992265074077,-0.3439312073848631,1.2996416028277926,-0.954427547246429,0.46304059575728834,0.0,0.0,-0.7620885538035854,0.6469168303250208,0.24670240425681642,1.7974701294514965,M,M,7,L,0,2.78077380915554
274067,Molokai,-0.9033343529412788,-0.2431853664684527,1.2692255365390843,-1.5857427970268514,1.9477947263000999,0.0,0.0,-0.25764994539929187,0.7818491478663917,-0.2880925711926019,1.7709283987530664,S,M,7,M,0,0.9169601176932786
274073,Salayar,0.3876548846166797,1.0961268192620743,0.3780324568992624,-0.29101574710002354,0.008961629939227948,0.0,1.355136625944152,0.08666685794869086,0.27241503368202385,-0.220653660134729,1.2763376348306008,M,M,4,S,0,2.634519624045159
274086,Polillo,0.27069046575876776,1.307347993537403,0.738628587750681,1.3461521062546562,0.42960229715669074,0.0,1.4107079288731454,0.04239383106174961,-0.22312977479195525,0.24698456496677595,1.345320908568617,M,M,7,M,0,2.536381325398105
274090,Corfu,0.46728348359547217,0.1901657575244725,0.02482184324866889,-0.0465192057674365,0.8794543462971893,0.9711273533375423,1.412072984863559,-0.8918134028736362,0.36752548568651233,1.3577413191449923,0.9057167314721705,M,M,2,L,0,2.796044183669219
274093,Pagai Utara,-0.41990359245607434,0.9866424573146194,-0.531413882455412,-0.06122440714910427,0.0,0.0,0.0,0.05664638923781245,-0.5336214525542049,-0.5572195401085243,0.23110896949100773,S,M,1,S,0,1.2411885978446093
274094,Islay,-0.8232009707887284,0.2829630008010826,0.5560566581000381,-0.32867827171669767,1.5867679630742009,0.0,0.0,-1.7273094011556183,-2.1139532440953066,4.267658745604889,-0.511979698011803,S,S,6,M,0,0.9376407433167306
274098,Bornholm,0.04680050457695924,0.11262903274564579,1.0778952535464126,-0.623047507610499,2.58978069154022,0.0,0.9568079393626603,-1.774147040251427,-1.3389065621205145,5.249105810312714,-1.0670050247265703,M,S,7,L,1,2.6377900178790155
274099,Sipura,-0.22961977461248656,0.9786360385950875,-0.16215967236309703,-0.1795146146986942,0.0,0.0,0.0,0.04938633768643891,-0.4867001205569769,-0.5640209698613856,1.6899381196786183,S,M,1,S,0,1.479434401256181
274102,Tawitawi,0.46879270048675037,1.002586480156214,-0.16460665948199146,0.35644081280508433,0.0,0.0,0.0,0.09220161421203929,-0.15015400842800875,-0.5850027440899493,1.0253033503081308,M,M,1,M,0,2.5944898214587346
274106,Hitra,-1.101160766743467,-0.4369299766456274,0.6207062065329926,-0.20488456574251948,1.2466377425675819,0.0,1.4418968947582873,-2.000584549150058,-2.5168646182472174,10.601485894563783,1.7214286796105032,S,S,6,M,0,1.3069451343815992
274108,Guimaras,0.8401346777009581,0.9330904636080358,0.11285775179250862,0.31317072080736974,1.30924976550888,0.0,1.4572184043913212,0.09202394583491144,0.19541594353219502,-0.08967967424927008,0.3488732889010824,M,M,3,M,0,2.8008406925610423
274111,Mitkoff,-1.0813426683079599,-0.45996443938675524,-1.20415029860547,-0.5711678043237649,0.8752136371048885,0.0,1.5588101162762449,-2.161738568708116,-2.446827016474656,4.59605774473854,1.0679204273155025,S,S,1,M,0,0.7932521947384679
274112,Sulabesi,0.2927545582872559,1.2743216637988062,-0.29726051001770143,0.7699393251180433,0.0,0.0,0.0,0.05219144948460701,-0.0630656826914018,-0.46851099071136976,0.2514263933518595,M,M,1,S,0,2.5629906727456637
274115,Sangir,0.661777744085228,1.2085120204812216,0.34103077961648537,0.1598171622696227,0.0,0.0,0.0,0.06885275120265003,-0.27274479032089166,-0.4678908888198053,1.0676957489868983,M,M,4,S,0,2.7314623386548558
274116,Kai Besar,0.1188542574630529,0.9847524520470604,0.5475044654080256,-0.09146454462764175,0.0,1.2806544483980677,0.0,0.02503977835016162,-0.6872250960539732,0.07528425213764407,0.5733732826143296,M,M,6,S,0,1.949389034838287
274117,San Cristobal,-0.6066617562493652,-0.45671568292564224,0.2018332417830281,-0.14485437530073597,0.0,1.7715083796781452,0.0,-0.35887646101556475,0.49881108275098285,-0.3870107477201338,1.068094816343622,S,M,3,S,0,1.3278927095990758
274120,Cozumel,0.544526820433429,1.2238249806776949,0.6404172218110862,-0.9122963427357437,0.5309652048592682,1.7033011238931361,1.1232115667116536,0.014035594780039393,0.8040229943952351,-0.3603569278959246,1.1069270061476904,M,L,6,L,0,2.77915297841517
274131,Tierra del Fuego,-1.2294026934132185,0.2686275918767427,0.4251686012374744,-0.9924794677722759,3.7434603858589774,1.5515648787901513,1.7801616638624886,-2.190299213590651,-1.4559123425604195,2.486842785991885,3.825964569308994,S,S,5,L,0,2.816977882565839
274137,Corsica,-0.20861183534390276,0.09239533311697705,-0.5729035119060808,0.03200659691080494,1.5406392695947713,2.5734980991032694,1.7725111809877137,-1.191837560666004,0.030910567510808822,1.3154724302575427,2.626321051612835,S,M,1,L,0,2.8171006932426663
274145,Graham,-1.803742579492879,0.08326513787334594,-0.2607337725214337,-0.7731076344091743,2.820120055882937,2.0199930278558798,1.703593327026957,-1.8973264453076395,-2.1966244412253624,2.8756583927360415,-1.0670050247265703,S,S,1,L,1,1.9937259470104927
274146,Moresby,-1.9916817272842742,0.019944071982805144,0.16168732759074905,-0.273343754378216,2.746397884368455,2.415961018579998,1.5101530057837917,-1.8947311563515807,-2.2467236610087107,3.6435759367344493,0.04576106303302352,S,S,3,M,0,0.8867632456986296
274147,Misool,-1.0688470286775689,1.0582519599050397,-0.5005667378014589,1.066485624089404,0.0,1.4918421745532715,1.5075279111195588,0.03529252194526442,-0.6808660265752383,-0.4267623121706332,0.8193788221019744,S,M,1,M,0,2.061784769405676
274149,Dawson,-1.9013175591165121,-0.02594328892466446,0.14063666411707626,-1.1682528144987174,1.9247289339374114,0.0,1.4662794039810996,-2.1215543401185024,-2.3531281863970444,3.181172716428148,1.9380806227848317,S,S,3,M,0,0.7553568726048288
274153,Ibiza,0.678644545963786,-0.48681993793905004,-0.0012858090414623084,0.1119503881304596,0.0,2.0929662344964624,0.0,-0.7628208084100478,0.5571849616333091,0.53325968016243,1.7546849681049532,M,M,2,L,0,2.8148393124280275
274154,Orkney,-0.36769573617559925,0.6108844340342984,1.3726069162949939,-0.3071851921170646,1.8003270446025839,0.0,0.0,-1.840429818544124,-2.440747197068569,5.679908799857266,1.785112225711801,S,S,7,M,0,2.3342596752379783
274161,Yakushima,-0.4980607734986116,0.9378355145335653,1.0410039825774353,-1.2573807978315856,2.2686958662140486,0.0,0.0,-0.6179065688032342,-1.4032200863881876,0.42739539956526706,1.7568489357565285,S,S,7,M,0,1.4879085495233002
274162,Jerba,0.8538451638179911,-1.3477742741178866,0.2619698947268338,-1.1191815894783077,2.332046651715657,2.1130740324847688,0.0,-0.5465349271461913,1.3576576738139559,-0.10135545091682673,1.7259577204646983,L,L,3,L,0,2.8147922911110617
274173,Isla de los Estados,-1.8702769899129228,-0.305988483009938,1.428481191708222,-1.1711931572320735,2.1959317423079483,0.0,0.0,-2.1309165234959924,-2.396742436275719,4.897967966366777,1.5634306637366302,S,S,7,XS,0,-0.07298347651263488
274178,Phu Quoc,0.5126546411235452,0.6280530683548279,0.3094068034915243,1.1166073622708372,0.0,0.0,1.4014131423662164,0.10602920366934851,-0.22618542204823888,0.08714633571514133,1.0809565261720284,M,M,4,M,0,2.762619155818054
274179,Falster,0.16007888430572928,0.051541303227235415,0.7849532137030248,-1.0049233156285273,1.3848862461020435,1.586550842670091,1.00262578774382,-1.7380104081248822,-1.4973895791046283,4.3062912466745775,1.0177130084612924,M,S,7,L,0,2.719719270472826
274180,Lemnos,-0.28237340702314917,-0.6477927203109236,1.0833051845661452,-0.402295255698005,1.953847127210462,2.055848300736932,0.0,-0.9736145063264585,0.40988731911878484,1.8262346482310938,1.3795935462401687,S,M,7,M,0,2.132501583366357
274186,Samos,0.04984311835493724,-0.17280522961805747,0.8681798442510535,-0.8135176354329486,1.0105675028023084,1.2008001558028525,1.30504141894156,-0.8707139834236399,0.7411730625790995,1.4574917092445354,1.3596999332314266,M,M,7,L,0,2.6298275575050667
274188,Kasiruta,-0.6110720633191844,1.0573768786450493,-0.38555168499424214,-0.021594725446022412,0.0,0.0,0.0,0.04991138601142882,-0.2516260918385049,-0.44346070823691924,1.6427271974310993,S,M,1,S,0,0.7544770677286202
274189,Tanahbala,-0.5659517080614762,0.9354668190368669,-0.8553400950952841,-0.07167145095395044,0.0,1.8262037717748174,0.0,0.06290476557436084,-0.46619774857831336,-0.5494433593398633,1.6425309201398686,S,M,1,S,0,0.7646810711754339
274193,Sibuyan,0.42433410908600894,1.1347850696535693,0.820389998796095,-0.12212785811457041,0.4818329108402045,0.0,0.0,0.041511352676020345,-0.3646015946899299,0.04693108383179579,1.6421386980729227,M,M,7,M,0,2.6252652638148146
274196,Pico,-0.33314026510590444,0.8747941011154781,0.9859846358022548,-0.4391784399279632,1.3446436001471702,0.0,0.0,-0.912804554075063,-1.117615702125448,1.3793388781735194,0.8734490959978092,S,S,7,S,0,0.9787827025472298
274203,Sebatik,0.2416679806815168,1.2408661559457521,-1.2454215970649776,1.490869657861839,0.0,1.2152153039120472,1.255630855368475,0.08663654731107578,-0.04736399643086932,-0.5811816349589256,0.8734659780309866,M,M,1,S,0,2.3631675336232862
274209,Kadan,-0.33097118442306306,0.8322262610952361,-0.6635683098939849,1.4426634818129425,0.0,0.0,1.5058328838296247,0.10254979582043758,-0.00776135867055006,0.4506949737289908,1.7835653808948684,S,M,1,S,0,0.9702705738000028
274216,Banggi,-0.5648760889671915,1.1914221833541476,0.29068617416702186,-0.2563242198360906,0.0,0.0,1.3258688366836404,0.10558019143381038,-0.15560871757972536,-0.19102875596018395,1.6149281358101335,S,M,4,S,0,0.6173868025127861
274217,Arran,-0.3046066800118754,0.21547104167518885,1.2908874508052106,-0.3361981186230386,1.5809797979661337,0.0,1.468846625720211,-1.7897165215070674,-2.3467548433235077,4.4879114395850825,1.6621592747783531,S,S,7,M,0,1.2073579458688495
274218,Naxos,-0.22790841830195255,-0.5968910859369483,1.1453242784491289,-0.7619172301811764,1.2415321855007369,0.0,0.0,-0.84895733053807,0.7184238803828837,1.4480638588829475,1.6327358067466862,S,M,7,M,0,1.9768674885477595
274225,Kangean,0.6261390789031407,0.4043171842075264,0.33804526820803416,-0.060194484235397895,0.0,0.0,0.0,0.09131691659673444,0.29231901264786897,0.16140441100198513,1.2578112804226018,M,M,4,S,0,2.655281932866634
274226,Mafia,0.5295308441859776,0.39150746395583336,0.5599938579898881,0.19221437108689005,0.0,1.9431880076430341,1.000531540714851,-0.005947674111274694,0.7985660893058568,-0.3107030238478227,1.6428994558201824,M,M,6,S,0,2.5942332628107967
274228,Zakinthos,0.23396901238494128,0.17202965797325223,0.44239438333590286,-0.2243165012122263,0.0,1.2152153039120472,1.3225752778124034,-0.8435356650719377,0.5594445814872208,1.3431505626643778,1.3117586546588955,M,M,5,L,0,2.7959059431783175
274230,Burias,0.6065472861874804,0.9958468943223525,0.42154127444847656,0.7388158806834895,0.11456711668872609,0.0,1.3570326938710593,0.08018583839769217,0.30379498286802636,-0.15593143533178427,1.2181291895816442,M,M,5,S,0,2.5786516457920405
274231,Bruit,-0.48117749084356387,1.047343730069864,-1.1429891523092044,1.1689957903633317,0.0,0.0,1.3283163849501054,0.10302674306387073,-0.6197450296780975,-0.44943599212905044,0.1742207242376103,S,M,1,S,0,0.7068641024145284
274232,Siargao,0.6756293477060841,1.2419356679006515,0.27060171428953766,0.22849482259805645,0.0,0.0,1.3793712647567393,0.08426599306572231,-0.2002451764399319,-0.11010213738491521,0.6748870186369554,M,M,4,M,0,2.680711555723838
274233,Terceira,0.3683613444478421,0.9571777336358112,0.9757561784379337,-0.3520354897333751,1.6404983942734364,0.0,0.0,-0.9036938356930676,-1.1058344965703113,1.2722448483515072,-0.08106457697122427,M,S,7,L,0,2.6410932681694956
274237,Basu,-0.1981127076010796,1.1080454004259377,-0.6265138692892718,0.3611337074284324,0.0,0.0,1.1875541003755332,0.14332671601634062,-0.6439091277076826,-0.376670951228396,1.7830127456639802,S,M,1,S,0,1.6224136463829735
274239,Kanmaw,-0.12376525555939645,0.6746862407284239,-0.5872934676352367,1.0000754598645871,0.0,0.0,1.3722023386671385,0.11120610668285906,-0.0764155197162263,0.31344578353818986,1.2192908554984447,S,M,1,S,0,1.4841485907557548
274240,Brac,-0.24107093066240443,-0.2569644376237897,-0.12194068447872511,0.23900163595333382,0.17525605303647349,1.0188773557936648,1.4602314437612605,-1.183904446379267,0.1835732517225301,1.241613767868025,-0.08083811448869525,S,M,1,M,0,1.1582762840742524
274248,Kai Kecil,0.6592991124534738,1.0957061071893859,0.6293742404826315,0.10511078121719951,0.0,0.0,0.0,0.04878978279428128,-0.21437164341778667,-0.27888272060267516,0.6751959983879415,M,M,6,S,0,2.6827790354633065
274249,Maikoor,-0.7405806595468225,0.957264983695781,-0.4484779352029067,-0.2042756371276166,0.0,0.0,1.2558943459837757,0.03105641312255538,-0.661101855640522,-0.11793841920439323,1.3115846839591099,S,M,1,S,0,0.57682888954168
274250,Enggano,-0.9212198166384307,1.0812857178551878,0.5017203400028081,0.12789076065514599,0.0,1.0678440218701923,0.0,0.04340733231979154,-0.3992875280256544,-0.36047885885711856,1.3115713634764266,S,M,5,S,0,0.21277009141641695
274251,Farasan,-0.33428413821497854,-1.5134341356642302,-0.13162799120350976,-0.09812604775016902,0.0,1.8524497330999108,0.0,0.27846587106553455,1.2019957047459338,-0.46670946102047106,1.7241178127642256,S,L,1,L,0,2.6472426099671225
274254,Wight,0.8842627894197117,0.6039533645693834,0.45345034301882386,-0.5782906238465759,2.4236649501526,0.0,1.1232682939088874,-1.5458699961455944,-1.3273068874120801,2.8179011009342627,1.6308654639196019,L,S,5,L,0,2.814657292377708
274258,Thasos,-0.28810545290102213,-0.344125310392266,0.2367781605014262,0.3049782410884706,0.7775950123038339,2.089488456320005,1.2860468431265464,-1.0548236775961939,0.055302677067603404,1.7616611637492388,1.4607022947080721,S,M,3,M,0,1.991360390549167
274263,Sawu,0.555539755793322,0.10761989906172752,0.5462990020693002,0.26155977381268186,0.0,0.0,0.0,0.08989344935293474,1.2083983269882934,-0.17104856567178936,1.7599708560584495,M,L,6,S,0,2.5390743842706933
274264,Jura,-1.5236478831230502,-0.04049607232107469,0.9323281903329663,-0.275904213212192,1.3839123611761026,0.0,1.4084895696029982,-1.7751275955773738,-2.2373495691204313,4.463909106042556,0.7163671626149458,S,S,7,S,0,0.282096956976902
274271,Andros,-0.4690501072313982,-0.543115784804808,1.2647384470339538,-0.6918809144736652,1.8624687681408358,1.5383239890621319,1.135285196796419,-0.9148273979341144,0.4529072018703533,1.6869897411753836,1.6305751444263044,S,M,7,M,0,1.1490004356249124
274273,Bruny,-1.4282850784041319,-0.01191445853171876,0.9112930024086683,-1.4480652181616969,2.060604996549618,0.0,1.1533342101644903,-1.522833168185859,-0.8123002154214846,1.0162183686100204,0.30420129544608604,S,S,7,M,0,0.37426891692844777
274277,Langkawi,0.7002687347132621,0.6974536602273793,-0.5393274998606072,0.814191283117736,0.0,0.0,1.2369677867785633,0.11394751448743162,-0.0584366461004905,-0.07116386897752822,0.6050435738753128,M,M,1,L,0,2.8081025166766422
274280,Gomera,0.09060692038389166,-0.7923154714851425,0.8436096164510539,-0.5770518319803185,0.7124514469798806,0.0,0.0,-0.6789933384220732,0.7191082809541203,0.1005306089826692,-1.0670050247265703,M,M,7,M,1,2.4131406268639912
274282,Lanai,-0.9150050101236247,-0.7484431738423649,0.7176399659974372,-1.376013129442803,1.5590321947148225,0.0,0.0,-0.23765896734490574,1.0541688412549344,-0.44179258408744615,1.6580093971344847,S,L,7,M,0,0.6586714123034874
274286,Cress,-0.5619610892112181,-0.23382004855752245,0.40881616142359883,0.31362977284357163,0.621557828687281,1.3009412826750484,1.4493268786376727,-1.1529780143410822,-0.12236514929814173,1.7070842258811878,1.3360416772567523,S,M,5,S,0,0.6712944192765745
274289,Tanahmasa,-0.6672626073928564,0.7179398153741369,-0.6214754100359997,0.028096053997389934,0.0,0.0,0.0,0.0703154956391435,-0.4408800512971038,-0.544695578841267,0.3600870575929626,S,M,1,S,0,0.48109478456124655
274291,Annette,-1.2020525014956651,-0.1747629321846995,0.4850270382452025,-0.25907399505194695,1.4469116107028854,0.0,1.5143236092098307,-1.9827729576455213,-2.1762194224830345,4.042372959027593,0.40543653390763407,S,S,5,M,0,0.4490778681149764
274294,North Uist,-1.2128125634765616,-0.2040956584793519,1.3852564380604824,-0.2453753888604572,1.7901028641228485,0.0,1.0436122045981469,-1.7684018208019434,-2.344880244539618,5.019036025571456,0.2737136335390472,S,S,7,S,0,0.265228202544595
274295,Numfoor,-0.35647597461303177,1.016986859136434,-0.4514863447909048,0.5657971721069948,0.0,0.0,0.0,0.07628921222009757,-0.6175772732163679,-0.6012156972685707,0.2805397407772569,S,M,1,S,0,0.7285790497853403
274297,Siquijor,0.8403185533734645,1.015845868502829,0.33211357813702536,0.46981601117411054,0.8226402495149013,0.0,1.365316697589288,0.04176027269184576,0.27025715893977204,-0.2031167854960883,1.175341591991662,M,M,4,S,0,2.7170779920610078
274299,Ticao,0.7663085007363732,1.119790628489202,0.42532641695635137,-0.12355839385912624,0.2622769782509265,0.0,1.3416438557032417,0.06645762916976915,0.2557288353698215,-0.03620130470761402,1.1756034486337186,M,M,5,S,0,2.717096553614378
274300,Croker,-1.7232492379666233,0.02491163399958244,0.17364309951315188,-0.2944626955186393,0.07015789130774593,0.0,1.0407723046341497,0.07434226255875671,1.2467152432476747,0.007770973984534594,1.1752692602504877,S,L,3,S,0,0.0685922397809978
274303,Komodo,-0.4054844402566263,-0.05612137285647561,0.21453467250423786,0.5948987239708865,0.0,0.0,1.243866532844512,0.04337164400749796,0.9579714001078937,-0.25900330228809665,1.1754190932340478,S,L,3,S,0,0.6141958322042568
274304,Mojo,-0.7195694161768758,1.0096664754288263,-0.3319807114654887,0.2936272910184562,0.0,0.0,1.3486859792378345,0.07454295036645477,0.9417880715202257,-0.08717036233881224,0.27380377021083524,S,L,1,S,0,0.47288280845996156
274308,Cedros,-0.8763542152361243,-1.4911373448193244,0.5996771191268986,-0.9804988526933583,2.1360680425294585,1.5701473610863055,0.0,-0.9237278106563658,1.7334880127422942,-0.30868493014990955,1.4478376569994607,S,L,6,S,0,0.4001339207610328
274312,Dumaran,0.06083792176948817,0.9819502436342743,0.6409991603530689,0.8890125898660681,0.0,0.0,1.1416876082964376,0.09337613197234337,0.15837852695037694,-0.011892934199489495,0.27551190890932414,M,M,6,S,0,1.3378625489401446
274315,Balabac,-0.016300415917386374,1.2837114435248895,0.43445994486774775,-0.39471904866264707,0.0,1.560833319477287,0.0,0.1003135100654541,-0.20464510353480223,-0.24369074344730993,0.8898477806261822,M,M,5,S,0,1.2101779538105222
274318,Texada,-1.2651559023594763,0.027235144175651944,-0.44272281502043037,1.0680106631302624,0.317601031263556,2.4467215706891667,1.3435459566417955,-1.7143061002788653,-0.8938093955388794,3.4326719556020566,0.3282536182632731,S,S,1,S,0,0.03115284060974937
274320,Kundur,0.7023524400156508,0.8299317608997079,-0.17491398992861334,0.43147056680122686,0.0,0.0,1.2185220305763873,0.09809540350627304,-0.5658625752932126,-0.46673665609243753,1.1181444381948773,M,M,1,S,0,2.569679823640065
274322,Pini,-0.58402657102766,0.7751833274735029,-0.43687443040514345,-0.018872403211536295,0.0,0.0,1.3112744474632785,0.06756125633781784,-0.38971653372703985,-0.5570961562923076,1.1750963530110592,S,M,1,S,0,0.49177807793960016
274324,South Uist,-1.1131093466867559,-0.08896691387390739,1.405547539112532,-0.27205534425721806,1.804688170109096,0.0,0.0,-1.7469040768469284,-2.32813548788977,5.229410642650901,1.1754406008850073,S,S,7,S,0,0.38378250219946297
274325,Karpathos,-0.5386816752100105,-0.829069030227739,1.1190409523140663,-0.7631737774074876,1.4567890279086546,0.0,0.0,-0.7578707504033396,0.7873668072310763,1.1788487152008509,1.4622256970566931,S,M,7,M,0,0.7847008651535716
274329,Tobago,0.5586262916437118,1.1100526555646677,0.8293590700953053,-0.7464731833298219,1.6951083730736982,0.0,1.3131148481495454,0.01503410752278804,0.846313825843112,-0.5164315089044049,1.0543886922268857,M,L,7,L,0,2.7866502505693718
274332,Hvar,-0.23608547697263021,-0.31182574815369185,-0.019770986318755426,0.1368223633223942,0.2590472074827399,0.0,1.2410012861331832,-1.0491676315086047,0.1746145580419263,1.3839215196412016,1.1281698826295667,S,M,2,S,0,0.7972291787953527
274334,Russky,0.40031751321560277,-0.3490973210766453,0.165616458326681,-0.17380105995364084,1.2753317366414467,0.0,0.9981080626288221,-2.1163222604418923,-0.14211541262766633,-0.13586422456705174,-0.037601857181315236,M,M,3,M,0,1.2094888207123533
274335,Al Jirab,-1.0984959922529258,-1.5711037075536733,-0.08849507815898826,-0.2898249660343814,0.0,0.0,0.0,0.14206646661352137,1.4215799551882322,-0.5033566802392804,1.176150800656582,S,L,2,S,0,0.2565657389397158
274340,Mendol,0.1798151636378963,0.9438080623203777,-0.6367478759711616,0.655298699689945,0.0,0.0,1.20190205383565,0.1333857791838252,-0.6165019957413442,-0.40456442279140975,1.1030389964700322,M,M,1,S,0,1.4376452865015672
274341,Penang,1.8686300218233953,0.3481447924403548,-1.0105078784020824,-0.04725800653821484,0.0,0.0,1.4277545550663713,0.130431126815489,-0.1130287543397218,-0.38800990517422745,0.6276343059707831,L,M,1,L,0,2.817099833816773
274346,Hierro,0.09474757756378147,-0.9877493280919882,1.0666853591493213,-0.8719316488568719,0.2449734820566866,0.0,0.0,-0.6543305486633387,0.9028614165701064,0.12633929058378093,1.4017198257138526,M,L,7,M,0,1.5411671115242171
274350,Kos,0.35783457935162255,-0.5785393974942274,0.9597348174390758,-0.8506296081283571,1.270646645168794,0.0,1.0349459481862369,-0.7878214202419858,1.0420963079700094,1.08418873626456,1.2422539884341488,M,L,7,L,0,2.6676309518164083
274356,Kythira,-0.7576744363608393,-0.327335700491651,0.9020475262926728,-0.21097384468573577,2.095245219387037,0.0,0.9366037555610245,-0.7771861025668559,0.7622379605887748,1.1131154936829857,1.334631439304246,S,M,7,M,0,0.7994300484596772
274362,Kola,-0.5232627205603088,0.8391760168226358,0.21190860495890795,-0.3093849731378662,0.0,0.0,1.1995014174695617,0.033619710721885666,-0.75766565238746,0.04655457231576671,-0.6644259996402473,S,S,3,S,0,0.5113153591913305
274371,Quadra,-0.9738344635285051,-0.015008413224328762,-1.3582654159811154,-0.8613305924688067,0.2241510674382189,0.0,1.3825406317612314,-1.8727505717036956,-1.079926458047709,3.1969162304265644,-0.08722045647905924,S,S,1,S,0,0.18729566163611752
274372,Imbros,-0.11503647508677098,-0.5505723379661803,1.1383110049648983,-0.5062978163930778,1.79839346688432,0.0,1.1952478707438094,-1.0252011227261075,0.2468770106554215,2.094478656212953,1.4237716418841424,S,M,7,M,0,1.3828365240407048
274373,Guadelloupe,-1.6798519897498225,-1.3793919658420575,0.6549818731660438,-1.0484209780589147,0.0,1.4187813605066766,0.0,-1.0031068355246302,1.637844679865228,-0.13725843106567048,1.5099960822581397,S,L,6,S,0,-0.012395433132987048
274377,Icaria,-0.29470577759780997,-0.5080998979250974,1.1045014485925997,-0.7177425633588297,1.4282102617786232,0.0,0.0,-0.8470607204950436,0.5044531785831664,1.789451617294887,1.319855712797347,S,M,7,S,0,0.7061163105770071
274380,Banggai,0.48073319289724015,1.0877072973612365,-0.018262633886801445,1.0037299939601887,0.0,0.0,0.0,0.02637119382574547,-0.0849866303995369,-0.13011865262251118,0.5491459442579628,M,M,2,S,0,2.3068043888874907
274381,Sao Jorge,-0.29367002810197257,0.762636150789745,0.9904506118830906,-0.3699736541485254,1.2945475510585054,0.0,0.0,-0.909874047724431,-1.1336087161157669,1.5452119258093089,1.3041339180058893,S,S,7,S,0,0.5069146479551305
274385,Saganthit Kyun,-0.2933019457946665,0.5955959884717961,-0.4621254563253272,1.3300112770873047,0.0,0.0,1.2343147891831137,0.10637048488829334,-0.03141636515222674,0.2943086246910464,0.7743467396997575,S,M,1,XS,0,0.6678272892712057
274387,Camiguin,0.9224265707601863,1.3225427067614488,0.3960959898438048,0.11663841541242695,0.330013167509401,0.0,1.5121428666915946,0.0852907505765424,-0.1328858866354502,0.06438592304769186,1.5072687005420307,L,M,4,S,0,2.756949201852052
274389,Shikotan,-0.7830860885268078,0.06066037363439588,1.0081702132681902,-0.07790799726173121,0.0,1.6915522217229357,0.0,-2.2069916389115343,-1.0055892103334978,1.139234739612471,1.3045285942392066,S,S,7,S,0,0.138364982202482
274390,Letsok-aw Kyun,-0.8926426829616199,0.535619594133691,-0.26020444495858314,1.2513405355869536,0.0,0.0,1.4149823836509368,0.09655138597798271,-0.02001908269828036,0.39826064273151923,1.3191124822422526,S,M,1,XS,0,0.3174974513902842
274392,Gravina,-1.6389188309903244,-0.19180888616030023,0.1936072965539168,-0.44338315910398707,1.3333571057090197,1.2464702863671226,1.4709299740386643,-2.007219725342774,-2.095925327871792,3.7017920407459766,1.3190682411300918,S,S,3,M,0,0.2956285436138123
274394,Batudaka,-0.16661180682293994,0.9969386997438537,-0.7070359680586298,1.806242835925447,0.0,0.0,1.253592963946394,0.11901763606270382,0.029922761552645043,-0.47792460514279617,1.2947632891266274,S,M,1,S,0,0.6701866723523653
274397,Baratang,-0.356330468251197,0.9845796344644766,0.08033878384528473,1.1186404988399574,0.0,0.0,1.2754441173172495,0.06608284926263212,0.12792087158229754,0.1693262376047935,1.3047748104020618,S,M,2,S,0,0.6119710191586737
274400,Ko Samui,0.49551687097771,0.7809745368446607,0.20687210205960255,-0.46527616111220044,0.0,0.0,1.2758040686377317,0.12191523663270021,-0.07110867036706561,-0.033190680330217624,-1.0670050247265703,M,M,3,L,1,2.756494763612398
274405,Mandioli,-0.11698761002179786,1.113662018189064,-0.18249978926456858,-0.025329732498052242,0.0,1.2502714156057613,0.0,0.027926346419217398,0.04465384336669451,-0.5093489084266581,1.3257808723429043,S,M,1,S,0,0.6318413592823132
274406,Elba,0.4100915209039075,-0.10453210250327323,0.35965558262490915,0.24090610745997262,0.0,0.0,1.061587234699981,-0.9200031367803387,0.07680603063040246,1.50490972000126,1.0459500886433537,M,M,4,M,0,2.5149155201941795
274412,Nunukan,0.709053967746597,0.9928197736786709,-1.4547768775950012,1.889429035573012,0.0,0.0,1.238643600571337,0.08263089604513257,-0.05038487467417775,-0.6022884925401455,1.0073174989290503,M,M,1,S,0,2.669010289363741
274414,Malta,1.6467981062975312,-0.6937910127579283,0.7132539424652107,0.06749310673280455,0.9867958382713109,1.1670748948606267,0.0,-0.7375533943305319,0.9125293981154463,0.6797994625190049,1.2941853349596897,L,L,6,L,0,2.817129750917128
274421,Sebuku,-0.16176545608741938,0.6972689266867058,-0.31158613848166333,0.8017565169704329,0.0,0.0,1.2720318575726697,0.09481613417478178,-0.25996845901538546,-0.3275503584452188,0.9141797680501668,S,M,1,S,0,1.2864824204467928
274422,Yell,-0.9606344408104257,-0.13267909711305625,1.4137980592940487,-0.2621311803694761,1.40155867643001,0.0,1.225608483016931,-1.8726728764902292,-2.6563553363847108,7.469094629824034,1.3808579890605528,S,S,7,S,0,0.27336331702175254
274426,Larat,0.11436977758095106,1.0199565048772055,0.6281669402153017,0.12181027916215968,0.0,1.1419780977571952,0.9860273961633214,0.0508792282705905,0.26879539643628597,-0.09392023574085012,1.3254120136820893,M,M,6,S,0,1.235230142467294
274428,Ko Chang,-0.5464403431899938,0.26369170193102887,0.2915621583241172,0.5811996078968399,0.0,0.0,1.0261953878440357,0.07896014999959401,-0.028017785631100824,0.14384293272692397,-0.12607682047192378,S,M,4,XS,0,-0.18448959649883725
274431,Guafo,-1.3647305663687823,0.7609418702999557,1.024174997963146,-0.8913502737255076,2.3232885711675,0.0,0.0,-1.6069321180806189,-1.3006719935234472,1.8027395435344185,1.3071996694671242,S,S,7,S,0,-0.052368722902340924
274432,Skyros,-0.7129255097598013,-0.5763389636060307,0.9124515976199848,-0.5040917340837803,2.1725823166246436,0.0,0.911964799712674,-0.9215874126729612,0.322535114873159,1.858225848222853,-0.5337510795182344,S,M,7,S,0,0.3806949640747494
274436,Lepar,-0.288770640071921,0.6245536515796432,-0.1777294634786375,0.3324901207086445,0.0,0.0,1.1958760327080917,0.09140074827246181,-0.36167989963100927,-0.0898375410328297,0.8182263419160107,S,M,1,S,0,0.5257870300479976
274437,Tuangku,-0.26437704379036686,0.5320228183377765,-0.5431894087858895,0.22681387203928713,0.0,1.399516191834346,1.2628203759388097,0.07951390993399715,-0.3093291117651752,-0.5054374332825247,-0.3365647061294925,S,M,1,S,0,0.43771770847547076
274439,Penida,0.7228028163359577,0.6448302156957347,-0.3714076617328559,0.3821647057139298,0.0,0.0,1.3603956691524837,-0.07878801423390028,0.5870782610223261,-0.39244443989028116,0.9493061620513804,M,M,1,S,0,2.031127905488337
274440,Smola,-1.0433417858183953,-0.38545860945371146,0.9724293297382564,-0.21449034311171877,1.4624105164900347,0.0,1.2598923754972304,-1.9696823250448492,-2.354212979601935,8.254311784877588,1.2947583710685437,S,S,7,M,0,0.2821280189323484
274453,Bawean,0.9714132023721762,0.6927419321124633,0.46585395209822095,-0.12664489865913997,0.0,1.492623036773758,0.0,0.09886090379096998,-0.11562837854158996,0.3083850708995285,-0.41889223304551887,L,M,5,S,0,2.6038257886086993
274455,Gam,-0.900215962448762,0.696370864053387,-0.3920070922850539,0.9128859229136347,0.0,0.0,1.2561463342962178,0.05043140738524781,0.031039395853630507,-0.5999123009356216,1.2263104904541582,S,M,1,S,0,0.09273288589235323
274456,Muhu,-1.0151733802586462,-0.2400002945368278,0.42777821315527986,-0.8472971344268627,1.543271020050957,0.0,1.149581372094256,-1.9618542859443504,-1.5199678441528401,6.214744143408268,0.5870556102625859,S,S,5,S,0,0.0297654734983769
274460,Damar,-0.5460136239828485,1.2072799876316995,0.65637655708737,0.1806193844259898,0.0,1.938493346272064,0.0,0.06253646040642431,0.07053809256462827,0.04940006082137861,1.226708697419807,S,M,6,S,0,0.254462333936203
274466,Santa Catalina,-0.5631623636751134,-0.7317163295012944,-0.008025582526244477,-0.4145880734015608,0.0,2.504396276242598,0.0,-1.0548151253722777,1.2197696241799088,-0.0021675128768107684,1.307087117566125,S,L,2,M,0,0.6861244815491354
274467,Tinos,-0.1652336818307316,-0.6658387854710455,1.2367513417592289,-0.7180603863931433,1.5558816722654323,0.0,0.0,-0.9058928544512161,0.5717081613487156,1.5821893193427903,1.3054395292243952,S,M,7,M,0,1.0902307012001806
274470,Rishiri,-0.45554732631495287,0.0992852248517723,1.006466905392853,-0.4807127994444165,2.133454926065477,1.356467039370651,1.353710362344919,-2.0050910199452643,-1.545019100997761,2.771797801552189,1.2540156940283311,S,S,7,M,0,1.6735357061189422
274473,Paros,0.07821246935514935,-0.7110787737335348,1.1400750349359081,-0.7544336987442848,1.1281560187275583,0.0,0.0,-0.8353688329953396,0.8237286069923047,1.3621822186443018,1.1730479784373282,M,L,7,M,0,1.6276425856496324
274476,Oleron,0.6460579833758875,-0.018629817315875315,-0.1511916537374746,-0.5025827919086833,2.303263214839197,0.0,0.7699759003984648,-1.30483162004427,-0.457535506482042,1.8796070777700706,0.9457118252213952,M,M,1,L,0,2.689645722552089
274480,Haruku,0.4654508112442557,1.1324913892842223,-0.2621306207572509,0.3039031632920521,0.0,0.0,1.412174424740046,-0.0073078300155540446,-0.23581717062216037,0.3929428795887156,1.3614176856028235,M,M,1,S,0,1.8848067728118016
274481,Lanbi Kyun,-1.1576044087289683,0.5264379177138054,0.28693498326347466,1.180875515023738,0.0,0.0,1.2965984332523428,0.09978409117835248,0.01584314124490634,0.3125966917904803,1.2533487743813632,S,M,4,XS,0,-0.1039845968680164
274482,Tortue,0.6410289546982793,0.7085844417382182,0.7399672406181735,-0.5832849507633314,1.0321731893093675,1.4945668672700778,1.0046689952350207,0.008741262265032208,1.2848111017824426,-0.5232072041056173,1.3266415651009313,M,L,7,M,0,2.5912295831953935
274488,Samothraki,-0.6902784733797246,-0.6289157882712352,0.8810396400810904,-0.20419371586595758,1.4023210490081164,0.0,1.0573924115231796,-1.020274187710261,0.001020928017895428,2.321190411323996,1.2543225307822004,S,M,7,S,0,0.22537716048831205
274491,Faial,0.13803105559750914,1.0508798772739147,0.9799240254741906,-0.42201051358314506,1.4207397289428834,0.0,0.0,-0.8904310527154444,-1.0620394478241553,1.439323462327846,1.1461733789360862,M,S,7,M,0,1.9120031311614076
274497,Togian,-0.06274323937655071,0.8336174029915852,-0.6765226528229417,1.6341745903084217,0.0,0.0,0.0,0.11717868434076056,-0.00823055735093724,-0.4623625472971507,0.34668791202328497,M,M,1,S,0,0.5434727119464853
274501,Karimata,-0.8769774954314213,0.46662883079264433,0.18116392822192062,0.5989430015819637,0.0,0.0,0.0,0.08948506403040551,-0.6609675374535467,-0.2046147115106856,1.2535496192423312,S,M,3,S,0,0.12382770764948074
274502,Zadetkyi,-1.285405979008146,0.71140304090461,0.3552054310286847,0.5029923060947985,0.0,0.0,1.456067406355838,0.09171083972588494,-0.015448970434627984,0.26011089339927346,0.29714088380279036,S,M,4,XS,0,-0.11242496706624532
274506,Easter,-0.11150288770629863,-0.10842628480033505,0.6698415683988627,-1.1046101097652312,0.0,0.0,0.0,-0.5488338714689912,0.6181061282032325,0.42441311201026405,0.5552585121888508,S,M,6,S,0,1.4741023717622044
274511,Bisa,-0.07278477426145241,1.0969392561463378,-0.5361461529141788,0.3476001918336592,0.0,0.0,0.0,0.07423682627485259,0.08983526075661764,-0.3584065330921066,0.19053691065044243,M,M,1,S,0,1.0247527055778767
274512,Moa,-1.3557528859088286,0.21704208301900837,1.1802718503491612,-0.08482477485817917,1.8013100169696568,0.0,0.0,0.012288525456132869,0.13931778804663295,-0.23876411597543742,0.7631615878962899,S,M,7,S,0,-0.00451503811069798
274522,Katchall,-0.4923631550652505,0.9770069019487999,0.6136813437087836,0.47039144084206364,0.0,0.0,0.0,0.09465203089386248,0.030210429386330583,-0.22694348387187877,0.241403622683307,S,M,6,S,0,0.22892590521470524
274527,Romang,-0.5158095332237373,1.1261338854545988,0.6463687917243333,0.37514735952733347,0.0008530572773736255,0.0,0.0,0.07844547008979785,0.3972987404833552,-0.0036870040993540825,0.9435174919961818,S,M,6,S,0,0.22209113643265155
274530,Akutan,-1.519967788506682,-0.514589633513902,1.3117903078621007,-0.39781646567574563,2.4479205209288444,0.0,1.0902311838452114,-2.2384472254018397,-2.4520829932679873,5.070035735205296,1.375628828299011,S,S,7,S,0,0.23432366858563422
274535,French,-1.550086267644771,0.03131775959173543,-0.416107338698895,-0.509513406206118,2.2090207602970553,1.1698027965442028,0.0,-1.221116442792022,-0.24530911116495224,0.6801827394174698,0.9936234315984723,S,M,1,M,0,0.24011382374813076
274536,Milos,-0.30249950345915594,-0.869411632067391,1.067896189197832,-0.5610334636372207,1.7855666102279244,0.0,0.0,-0.8109532324589359,0.8196309873155321,1.3488855915443156,1.1259922982168062,S,L,7,M,0,0.6303828642058089
274537,Texel,0.15497865811479794,0.27166965747576266,1.0197852289386786,-0.46936951829234663,2.1388483597124788,2.352376473885145,0.0,-1.6154182976135039,-1.460314831582561,3.58805048691047,0.5890106961786966,M,S,7,M,0,1.6826153860330502
274546,Jampea,0.2887494888411835,0.7153683353377527,0.34250339986639117,0.6599404534494945,0.0,0.0,0.0,0.09080219431227442,0.4913997931426736,-0.08689354522081906,0.568084448593303,M,M,4,S,0,0.9312898128520138
274551,Adi,-0.8083621144748709,1.001838786351276,-0.09274157997180096,1.3297789850369799,0.052379750350722225,1.4930127519564715,1.1850994981387921,-0.04510444009264078,-0.30222012957496164,0.06155173665297813,1.292356020480216,S,M,2,XS,0,0.014204202092806265
274552,Saparua,0.7478421652726602,0.9967422654338081,-0.8260702914356821,1.0005329309693205,0.0,0.0,1.3121211473142265,-0.02268229090882389,-0.18668306544113825,0.3963704872217721,0.5878477947955192,M,M,1,S,0,2.3812742423757465
274554,Sajid,-0.7681908028441157,-1.5030240001581252,-0.017877887846645527,-0.08619316203296633,0.0,0.0,0.0,0.2809192606306307,1.1512937000744423,-0.4143757684685195,1.2973051218497185,S,L,2,S,0,0.31248963368478844
274560,Rempang,0.16547085867834838,0.2526789928805547,0.050935252045469934,0.6868135094042429,0.0,0.0,0.0,0.10305871597112988,-0.5301335715681703,-0.2968981826420138,1.072705255522252,M,M,2,S,0,0.8588580368885385
274562,Flores,-0.45379797490511825,0.8691094414872795,1.1284141277201036,-0.49904251497585655,0.7217995755951877,0.0,0.0,-0.9061841410354422,-1.382681481438105,1.7147893617137762,0.38542029374518283,S,S,7,S,0,0.15890978283128074
274567,Hoy,-1.5521020692136227,0.042736101906284775,1.2046886042136162,-0.33515366075744935,1.581147714508596,0.0,1.2231562394705355,-1.8396265482935594,-2.508854569636477,6.116465751718596,-0.44860388083561337,S,S,7,S,0,-0.0015123378086466163
274568,Flores,-1.1231662249536611,-0.08270451403541752,-0.24262461601559532,-0.06038814773031465,1.8808214598722486,0.0,1.4465989372280252,-1.8841123325021227,-1.2656339781826267,2.798920984002649,1.2912568736862453,S,S,1,S,0,-0.09483565441833006
274569,Sangeang,-1.3424960758333715,0.6471691599697611,0.2520430345875555,0.17031959803729588,0.0,0.0,0.0,0.08268198038064314,0.6428375101287624,-0.08921515312742696,0.982636420642268,S,M,3,S,0,0.17183610236530006
274570,Little Nicobar,-1.432000109338324,0.9797021924606432,0.534170577127455,0.3739852965063241,0.0,0.0,0.0,0.09702101211180549,-0.08681438251330921,-0.28129968586668364,0.9234329209287266,S,M,6,S,0,0.029849162342771025
274574,Workai,-0.5713896206407142,0.819631341991045,0.49933250013456004,0.33757247733914925,0.0,0.0,1.1342413519066525,0.027363868387475912,-0.40567038682905804,0.024030319997191598,0.8877780245394503,S,M,5,S,0,0.17587248350573279
274576,Wuliaru,-1.0841123462057127,1.0954666206336816,0.4265251211613301,0.11316568775658777,0.0,0.0,1.1970496651302005,0.07445386100888601,0.2655622442190111,-0.20993241580437205,0.12283845515702325,S,M,5,S,0,0.025281254639840423
274581,Froya,-0.48449673873581284,-0.5940050813293296,1.062466382572204,-0.12832849525378384,1.5294499536751547,0.0,1.2252879289347656,-1.9834587185933807,-2.3863047785799463,9.782251926855885,1.2545183891942722,S,S,7,M,0,1.2067370683092447
274589,Okushiri,-0.631608212921496,0.2874878502229633,0.9615377216502101,0.33070753826245625,1.6661205423362286,2.166689548617947,0.0,-1.7169615730010575,-1.3362776587498235,2.356924908475475,0.9230673086619621,S,S,7,L,0,2.517673477516888
274593,Kelang,-0.0017492773887223785,1.2182297053197437,0.03484080078178652,0.3779833963113334,0.0,0.0,0.0,0.05513337887414474,-0.10854830953058972,-0.2938417329958661,0.9224943707422982,M,M,2,S,0,0.472545341994401
274599,Boano,0.0221752010739954,1.104945856194561,-0.29469793379074316,0.7065467698327695,0.0,0.0,0.0,0.06841689241952395,-0.004191496011810535,-0.35764176470498055,0.5104458668714019,M,M,1,XS,0,0.42332292947952305
274602,Sapudi,1.1917785648348074,0.3957214515807702,0.2853471708442071,0.04907630163456502,0.0,0.0,0.0,0.09753175229410813,0.6506345527863155,0.09660448084161154,0.8653484809695678,L,M,4,S,0,2.523604222610435
274606,Campbell,-0.9460436904592014,-0.3007463401255742,-0.2725259405042824,0.16230776804470973,1.9445781864182843,1.5044881423361143,1.3239746826066692,-1.9295427622829995,-1.7119403744366506,2.2919221361343043,0.8148884873785412,S,S,1,S,0,-0.059141926277221375
274611,Replot,-0.4680641864149122,-0.6096810781987562,0.473955412662728,-0.8887219463423975,1.691969486522581,0.0,0.0,-2.2371415435042885,-1.6691148321681444,7.815568759670115,-0.41860209655383773,S,S,5,M,0,0.7766925824885891
274619,Quinchao,0.07970569457039196,0.543885703915629,-0.5646667819368781,-0.7941724181360321,1.0122630902340728,0.0,1.3184102610869275,-1.6683093969371765,-0.9580987644922736,1.8111264646234722,0.9170189930234521,M,S,1,S,0,0.44469763306673554
274626,Abd al Kuri,-1.0744025986653152,-1.6582445458263206,1.3504471042460098,2.282707949524006,2.2725817306447516,0.0,0.0,-0.03779781970680908,1.7671898000159572,-0.4462095205120184,-0.057407920401172555,S,L,7,XS,0,-0.150675966969223
274627,Subi,-0.30098100791748666,0.10278232618342367,0.08510691475996948,0.7124172565068257,0.0,0.0,0.0,0.11020102626104478,-0.6024161536102313,-0.0774440371894392,0.8640661849620207,S,M,2,XS,0,0.2063208004766294
274635,Timbun Mata,-1.2277333468896463,0.8568156817938103,-1.0071194898642364,0.6071777308854222,0.0,0.0,1.0335524815508663,0.05163526163138082,0.09929243228643225,-0.4958575735135376,0.8666147767088086,S,M,1,S,0,-0.101261911766491
274637,Camorta,-0.09715808362093309,0.4528749086563097,0.6187552422289232,0.5151489425115342,0.0,0.0,0.0,0.09798646156012125,0.04162052147663632,-0.21163508313018856,0.7213084702666617,M,M,6,S,0,0.31671493099163256
274639,Kea,-0.6322722464583371,-0.7888156683046368,0.43339629276913855,-0.5136618097370852,1.2893587024677429,0.0,0.9972824092019364,-0.8421388329298274,0.7006294655307325,1.4248929306687574,-0.05549946678324004,S,M,5,S,0,0.20999824599755915
274643,Unst,-0.564190341457971,-0.10484051204287334,1.4201121271011157,-0.2590092784457074,1.6360680996369654,0.0,1.0829819937246752,-1.8695985346785435,-2.6872448594929286,8.041734536559728,1.1042239163801346,S,S,7,S,0,0.17351834334036642
274644,Bucas Grande,0.6284940507505836,0.6303255470080829,0.253485785014599,0.24983487019678943,0.0,0.0,1.3455042239055506,0.043193180641899934,-0.18630353421527068,-0.06708651233052122,0.4404836140083263,M,M,3,S,0,2.0390697013157584
274645,East Bucas Grande,0.6521523532285559,0.4370354960565201,0.1469818056662032,0.22722289317003352,0.0,0.0,0.9111575908643399,0.07259693208578882,-0.12390376961978804,-0.08189014134054921,-0.03614894854237507,M,M,3,XS,0,0.24476255113975315
274655,Ko Phangan,0.2381090900898023,0.731316099681657,0.25583590155795966,-0.2491090001945815,0.0,0.0,0.0,0.12518248565476167,-0.07269962720298365,-0.04158875384330941,-1.0670050247265703,M,M,3,M,1,1.0250363647206224
274658,Penambulai,-1.09192693878462,0.7569762530256304,0.5121551173741743,0.3076226190031143,0.0,0.0,1.1372842667969754,0.02576684988788845,-0.49161645899196144,0.10200839138890466,0.8158488386099557,S,M,5,XS,0,-0.008913566426091151
274662,Car Nicobar,0.30028723278775826,1.2449765210589554,0.6996690745861058,0.57300326094896,0.0,0.0,0.0,0.10477755963545453,0.15740572656623425,-0.12223335245155856,0.8290011935889811,M,M,6,S,0,1.215831415781149
274668,Dugi Otok,-0.6583729664292423,-0.3795488345218753,0.2215996527680981,0.13251406668924376,0.44630136253344943,1.4729185620723864,1.0250316411615272,-1.0338190212398335,0.07010329690760739,1.6627727536070955,0.5900961978693712,S,M,3,XS,0,-0.05874428198270564
274671,Ios,-0.5199191825049638,-0.9407307692428845,1.1072853461225396,-0.8024210125500698,1.1009690648533168,0.0,0.0,-0.8370604621506246,0.8418150815534649,1.3553152007560245,0.6562377747540001,S,L,7,S,0,0.13464295643495472
274676,Thayawthadangyi,-0.34947487731795496,0.4476779505440265,0.13784758695962884,1.5344777076298395,0.0,0.0,1.2548020972925091,0.10675729563866881,0.08599676172392819,0.5097113040549996,0.32639603455385857,S,M,3,XS,0,0.036076892908824265
274678,Bugsuk,0.16508415595101233,1.2978756358395913,0.3094074707396778,-0.4619636423860569,0.0,0.0,0.9938956202426278,0.11314163150976446,0.07375880113515337,-0.12340716721208572,0.3864640879228287,M,M,4,S,0,0.6018345398198288
274680,Panaitan,-1.1193469929836495,0.8577176600081328,0.6658153676709536,0.44308394778110977,0.0,2.0056404790236915,1.1837624422430044,0.04874791779125533,-0.07540026453729032,0.03584646658909353,0.38760120591680625,S,M,6,XS,0,-0.05473492433967718
274682,Mendenau,-0.34612167483280604,0.8577189545262844,0.07774621187759918,0.24798549297662184,0.0,0.0,1.1626978312702383,0.09973320920255029,-0.576315604552618,0.03674359364821937,1.1043498235359528,S,M,2,XS,0,0.15816486900613064
274683,Faro,-0.1607772172589277,-0.5524437554420142,0.7645351542234179,-0.45634598539380017,2.3376310646580847,0.0,0.0,-1.87621782833342,-1.3875714686211489,5.751612726906729,1.047547591462637,S,S,7,S,0,0.1938631841470889
274684,Amorgos,-0.6463650490100965,-1.052027548771895,1.0944180417228873,-0.7658489874454596,1.349226848476193,0.0,0.0,-0.8416488400124407,0.7411650108076732,1.491387534349697,1.110110319559894,S,M,7,S,0,0.09891727186421964
274685,Bantayan,1.4983710317154608,0.6682006828904876,0.3483498533600108,0.8936151448092866,0.007782656575188119,1.1140247768056357,1.157181553145866,0.10123180510867577,0.421144427551992,-0.1914823572162001,1.0501889377272908,L,M,4,S,0,2.8031761574138003
274687,Samso,-0.30256922784899803,-0.126497661047241,0.6755447728341104,-0.8499588475078101,1.3906154460052822,0.0,0.0,-1.7640115991551943,-1.5154969150735749,4.463351485083825,0.5533161640257178,S,S,6,S,0,0.3127837657727736
274688,Tidore,1.0018309320775725,0.9462153661763352,-0.28420501036767554,0.005128869145716743,0.0,0.0,1.271474391721794,0.06050394913756124,-0.12488096187925417,-0.45892905314705784,1.1319626084180512,L,M,1,S,0,2.6060927298418894
274704,Vicosa,-1.426400909783102,1.010825126594628,-0.13058356737252963,-0.3863487605264614,0.0,0.0,1.403536942951913,0.04734855136510948,0.3365796001783101,0.07630398053459005,1.3162402604058163,S,M,1,M,0,0.9230110707486062
274711,Moreton,-1.3644525552646445,0.30681215161352193,0.6927484191464364,-1.0858492763094914,1.8530389711253075,0.0,1.101449119941114,-0.50902981797151,0.9580863208455238,-0.2779785852783475,1.1786929975141986,S,L,6,S,0,0.22113014632780978
274712,North Stradbroke,-0.8081377295338542,0.2430814279639712,0.4759617341205014,-1.12797571968142,1.6104776904973932,0.0,1.16626453952906,-0.5447463865194861,0.9356614054440237,-0.2793774130077007,0.5493737581126718,S,L,5,M,0,1.1786840510450556
274714,Russell,0.5298935826756176,-0.3631362880004698,-0.07057008063899409,-0.9581214020384862,1.2610012822333128,0.0,0.0,-0.5676062045297322,0.9833805947916751,-0.2938727513196415,0.22487387313342969,M,L,2,XS,0,0.002505713255818827
274718,Palm,-0.2294428327317798,0.5906582740323666,0.29215079132356525,-0.8254617046482435,1.184181472693523,0.0,0.0,-0.19862613749408634,0.8931948989832077,-0.23032239586208267,0.8031096695147356,S,L,4,XS,0,-0.042833601959330954
274719,Magnetic,0.10024004876708172,0.10183540930224495,0.25830066140863134,-1.072205381022349,1.4899162771004364,0.0,0.0,-0.19222593169601238,1.2671198960003924,-0.37335992968005116,0.7560141085350961,M,L,3,XS,0,0.08785751365050745
274764,Hayman,0.12183560189566962,-0.3191558945792541,0.9100015649016326,-0.7101036142449947,2.118866905318532,0.0,0.0,-0.2406863425304109,1.1124007161684695,-0.276516411640877,-0.7348028153512094,M,L,7,XS,0,-0.20055410783473798
274791,Saibai,-1.1358036753789695,0.027747025603059798,0.28499979666148706,0.4570959441560603,1.2129531129160125,0.0,0.9821187694969282,0.010700602393035176,0.021038729752539786,-0.1634289674309864,0.43998331063009505,S,M,4,XS,0,-0.1445979183665936
274794,Boigu,-1.2035203342958254,0.1630591546092184,-0.08798483768693575,0.525207051647297,0.27444965604502547,0.0,1.0130360250769461,0.014021237392988845,0.1275321906161728,-0.13130727586625865,-0.8087886123645197,S,M,2,XS,0,-0.17103779836603308
274806,Murray,-0.011750162858105054,0.3149130327051831,1.037302572154543,0.4911804486922498,2.2770187484691546,0.0,0.0,0.008231831032783792,0.48717554106074035,-0.2665892910358432,-0.6459028935283216,M,M,7,XS,0,-0.20576483926702466
274808,Badu,-0.880718720476999,0.1907964635121211,1.1802718503491612,-0.08482477485817917,1.686911057979185,0.0,0.0,0.013710355466510962,0.023188918712976257,-0.25002537883732784,0.22777640138514238,S,M,7,XS,0,-0.09927197370551949
274809,Horn,-0.886502798094538,-0.19634930076429877,1.147959371809651,-0.3670017311180491,1.6667013650351943,0.0,1.0015862528935893,0.0010016219500454337,0.6741427974342664,-0.008443317747690665,0.5981239694753153,S,M,7,XS,0,-0.16747676560215444
274811,Hammond,-0.5408060195661171,0.002614553943331301,1.0496239183008056,-0.5009612942813269,1.5463649004243931,0.0,0.0,0.008887460605256955,0.6965838163786207,-0.04524764176994371,-0.27483958462996805,S,M,7,XS,0,-0.17215657991599773
274904,South Goulburn,-1.1158382243753413,-0.3937632921235137,0.3939321290047387,-0.3095463897979726,1.380830504750319,0.0,0.727458489403252,0.06922185641362433,1.4323868964007849,-0.058655389818951,0.7261501590741538,S,L,4,XS,0,-0.17741577638235956
275074,Barrow,-1.2594173457847122,-1.247869653497986,0.502715334791136,-0.8049936731778347,2.5379175029463346,2.3156317534967465,0.0,-0.11919791185640448,2.215954548482278,-0.21041711163761737,1.0065889594267963,S,L,5,L,0,2.4372665295230176
275092,Rottnest,0.25129684330518476,-0.7992404779351621,0.8009702229799156,-1.2100306675648078,2.148534729150758,1.55479127466395,0.0,-0.8367020012982663,1.3146268113740787,0.5070541184187519,-1.0670050247265703,M,L,7,XS,1,-0.08128287011154658
275093,Garden,0.03407851714713019,-0.7996567914001416,0.7682711719190142,-1.1903284646651138,1.881341694220387,1.5642799707499886,0.0,-0.8396915318119758,1.2782408562985714,0.4573612954532825,0.0014383772419804914,M,L,7,XS,0,-0.1623260316830388
275153,Egg,0.1328745514988978,0.07256640390623541,-0.6001952104892484,-1.4362992135158517,0.9916367392279886,0.0,1.2751948570423595,-1.6466829478874003,-0.7516118182437044,0.8068572906455244,-0.4084987052643212,M,S,1,XS,0,-0.17265903737017835
275182,Sunday,-0.6901816256112174,-0.671754603777849,-0.3432185184566584,-0.9330486985613787,2.2124543714331804,0.0,0.0,-1.3704121246279617,-0.06690564568253037,0.41672299550088915,0.17382834409256148,S,M,1,XS,0,-0.20045037389963705
275338,Lord Howe,-0.7154671458020841,0.19326893022205022,0.9323344132300245,-1.1538495317852555,1.1548077061999549,0.0,0.0,-0.674097124803553,0.09467583934227275,0.33226494494790215,0.26804079010277837,S,M,7,XS,0,-0.20439804955286356
275382,Kawau,0.050061879241224454,-0.3624166877787553,0.3532036262766306,-1.2753624060971929,1.6674704815036963,0.0,0.0,-1.078800514667557,-0.30120194647914267,0.5854745796341163,-0.6049523208759614,M,M,4,XS,0,-0.1149540957343463
275383,Great Barrier,-0.6111185903174639,0.1984245134946174,0.9397415356166979,-1.0792415308967047,2.596524409214204,1.4582752054422448,1.1988343319320893,-1.0289097873789173,-0.3043706845250091,0.7228183036442579,1.2508914827401219,S,M,7,M,0,1.0700269512193588
275390,Motutapu,-1.0008461666253767,0.19462155514137347,0.20382039532980514,-1.170153505532784,1.5596210167929334,0.0,0.0,-1.0948753381509697,-0.2904623473548833,0.5713511009528262,0.6554298006196324,S,M,3,S,0,-0.08034339239104346
275391,Waiheke,0.7156814890182169,0.18092205565260072,0.5108149989498769,-1.330472880175926,1.405735807268153,0.0,1.107118582341811,-1.076006466715208,-0.17824480898636386,0.581664501323287,0.71816870891916,M,M,5,M,0,1.513328502213385
275902,Ascension,-0.5296591059981447,-0.20654791980419696,0.7594007632923295,-0.5938636136583516,2.0691620400672917,0.0,1.220830352910917,-1.6578583937908578,-1.169580004962819,1.7266010474540459,0.30515786209984846,S,S,7,XS,0,-0.11588716025737714
275907,Cailin,-0.9643547602578276,0.30758381290823356,0.2399329150461512,-0.5140394752142008,1.3116092610360972,0.0,1.0619582212071805,-1.6967565045627924,-1.133685207944317,1.7193646004562764,0.12669612193717486,S,S,3,XS,0,-0.1993765202002452
275908,Tranqui,-0.5524370712353684,0.43472851424121983,0.27054392841098207,-0.5271186096983871,1.0990643413101593,0.0,1.187425530181843,-1.6693181831740125,-1.1614063589962809,1.7399841097812567,0.23836709431889197,S,S,4,XS,0,-0.09180456275607306
275909,Lemuy,-0.20119265700246017,0.4535200364232018,-0.8430858649401484,-0.9233678327749424,1.0642762279759228,0.0,1.265528883926272,-1.6854552332895198,-1.1319862841733648,1.6542909188043822,0.2054129137191028,S,S,1,XS,0,0.08386099132307286
275910,Quehui,-0.8385161376545791,0.44316500248943774,-0.04461831415853036,-0.5971479571039044,0.6678468828777878,0.0,0.9950413932735629,-1.6608639576946809,-1.0095287224986265,1.8048296069793217,-0.061852019008669885,S,S,2,XS,0,-0.1997428722996601
275911,Chelin,-0.1907098082055342,0.3686656496992426,-0.3601209744403739,-0.6933430573580044,0.630874440555308,0.0,0.0,-1.6845956564759135,-0.9880692876890618,1.8082297977695438,0.05815990424421355,S,S,1,XS,0,-0.18870739712750806
275912,Chaulinec,-0.7852412453644844,0.5966758908230482,0.2871607775573058,-0.5731506543552729,0.6832781677460595,0.0,0.0,-1.6402776814655315,-0.8875659787769945,1.9944142137033467,-0.06380517986774395,S,S,4,XS,0,-0.19016180693160836
275914,Apio,-0.32172837631348794,0.12972219842696456,0.6412219644642457,-0.5837157509090596,0.6917479095033912,0.0,0.0,-1.6159572157068547,-0.873074620157683,2.0590356682746074,-0.06481515370117799,S,S,6,XS,0,-0.19174748567799657
275916,Talcan,-1.2046570168427453,0.3975894683312991,-0.49136495817001585,-0.5243595105344924,0.7758878509492966,0.0,0.7350952102600482,-1.6511163013583556,-1.0434533974449534,2.0430702641033234,0.12149014390256188,S,S,1,XS,0,-0.19049770888422082
275921,Caguache,-0.4910406050124253,0.22115215680277642,0.2444519727090463,-0.726447074930449,0.6632435192072349,0.0,0.0,-1.6458374672490548,-0.8334024443714092,2.031362230591592,-0.16797924738544787,S,S,3,XS,0,-0.2062998841055663
275922,Quenac,-0.6412356292617853,0.5863386233401235,0.09775137107563324,-0.7735486642600982,0.6402325043745558,0.0,1.0326687675897073,-1.6509094966740818,-0.8514420722624526,1.9769847160205398,-0.4403092582235234,S,S,2,XS,0,-0.19308557072906798
275923,Meulin,-0.5696553408287683,0.2511549207365351,0.09775137107563324,-0.7735486642600982,0.6867398594617516,0.0,0.7976038456430713,-1.6509094966740818,-0.8382734000947174,2.007400827261656,0.10865797657284537,S,S,2,XS,0,-0.20170130361822053
275924,Linlin,-0.528296280219171,0.37027858390673757,0.09775137107563324,-0.7735486642600982,0.6344320173349712,0.0,0.0,-1.6509094966740818,-0.9017799172717085,1.9123843518837322,-0.15168230463126364,S,S,2,XS,0,-0.20765302569406952
275929,Buta Chauques,-0.8597400131802665,0.3273719939515085,0.6632923006902057,-0.7676400198374921,0.738063972315321,0.0,1.1085097491038192,-1.6166379631167078,-0.8325383429015224,2.1029216927350567,0.20500278007415074,S,S,6,XS,0,-0.1760481299474629
275931,Caucahue,-0.6468479619884212,0.2835646556332536,0.25065375769042925,-0.8683603935015213,0.8878643830048186,0.0,1.04453772059391,-1.6194969401875363,-0.9393381370689649,1.79143802180603,-0.20869667350904927,S,S,3,XS,0,-0.17324287556500356
275938,Puluqui,-0.5254294128071919,0.3901919790550053,0.057331509300345924,-0.788928472769481,0.809920746245989,0.0,1.1525817301740866,-1.5969823456583443,-0.7745966977489444,1.9956342689863138,0.8096030784745921,S,S,2,XS,0,-0.08679480764086649
275944,Guar,-0.6952024990305545,0.47957640808592356,-0.2531780519666798,-0.8862448995289575,0.708637136241982,0.0,1.0967981406530818,-1.6390608746063493,-0.8351474828332573,1.9983646836672657,0.49986367958963923,S,S,1,XS,0,-0.16641571368440325
275949,Mocha,-1.1547483900156104,0.47565116416116265,0.9342538803207716,-1.3292761849806545,2.3053238955204036,1.3315505226135973,1.1271872039993587,-1.449862477582877,0.2426476347189456,1.626686596005497,0.7612102115222208,S,M,7,XS,0,-0.17782515496436296
275950,Santa Maria,0.036452884036569586,-0.3454030109038084,1.099974978037774,-0.32805301566880246,1.887058885392658,0.0,0.8655009139064965,-1.4447830276975797,0.8873346733432931,1.3904506933189225,0.15515233515269244,M,L,7,XS,0,-0.07083617317832211
275961,Puna,-0.8977230687669886,-0.046877799424491384,-0.4018520528302602,0.9268843081462957,0.0,0.0,1.117316578802877,-0.28550686247768753,-0.607316022512753,-0.2702379695312406,1.6136760527423633,S,M,1,S,0,0.5216552758285223
275962,Jambelli,-0.543171918265747,-1.1710928667695923,-1.2127659884344957,0.6806967201600794,0.0,0.0,0.0,-0.2747623630582175,-0.48605597884287055,-0.2082697416087644,-0.420511514817124,S,M,1,S,0,0.0596627306931145
275963,Tembleque,-0.7101269721612354,-1.0031503541952618,-1.156041156020583,0.5109215939684697,0.0,0.0,0.0,-0.2424010267893033,-0.21659686024833127,-0.3269467336948514,0.5516760520545068,S,M,1,XS,0,-0.14401862192405107
275964,Sombrero,-0.8621500244214195,-1.112914790238062,-1.156041156020583,0.5109215939684697,0.0,0.0,0.0,-0.3213380994418549,-0.029360967500854585,-0.36040233623740814,0.11650724840841772,S,M,1,XS,0,-0.19563569244618892
275968,Huacas,-0.4996001874962447,-0.9182965690428323,-1.204491307548737,0.5227660572670324,0.0,0.0,0.0,-0.23429675632311134,-0.3648497356457045,-0.270198703414985,-0.03196796402398001,S,M,1,XS,0,-0.18231411321936947
275972,Mondragon,-1.1145400516047732,-0.5617420941219113,-1.2032756580566681,1.0884787944546495,0.0,0.0,0.9278992794210192,-0.15319126439862338,-0.6331651367080992,-0.29430661924981605,0.49690340711834463,S,M,1,XS,0,-0.1581528567611596
275982,Orosco,-0.7532508955759393,-0.308067946770123,-1.2013241532051424,0.7727013418013745,0.0,0.0,0.7350952102600482,-0.13120961032161144,-0.31378466928080845,-0.493350896547235,-0.06159950885134719,S,M,1,XS,0,-0.15663579223694513
275992,Baltra,-0.5379195620559063,-1.5041415668731524,-0.2968615360490344,-0.2726819652463781,0.3440751161116603,0.0,0.0,-0.33616860638015167,1.074451985457037,-0.3890368335747871,-0.21855563360207403,S,L,1,XS,0,-0.18539958949261504
276011,Rey,-1.2537920811673657,1.0682583585345133,-0.19900441634059401,1.3998109017930866,0.07961094197735984,0.0,1.2527082116355897,0.010236529164104117,0.18892548378336635,0.13986176423643323,1.3055289447778904,S,M,1,S,0,0.06109194337140235
276012,Pedro Gonzalez,-0.39818646888952375,0.6348075542392732,-0.07473019935723409,0.9633653719849319,0.5135355383920628,0.0,0.0,-0.014796769454264464,0.4250612483612815,0.1832610618072985,-0.6270919469425663,S,M,2,XS,0,-0.18855351954997912
276025,Taboga,0.4088861589255235,0.2100056307789341,-0.5484578042635759,0.9526989633822334,1.0761173695907371,0.0,0.0,0.021853463815645693,0.3526809470932739,-0.08018226769902043,-0.6454751438774504,M,M,1,XS,0,-0.16004686156267542
276029,Cebaco,-1.2380359889815478,0.9092664933082921,-0.724565190201177,2.1067124106052963,0.0,0.0,1.1225199565871424,0.03439987958561098,0.275448355572082,0.1336012086352351,0.948045443387557,S,M,1,XS,0,-0.14405932446920985
276050,Chira,-0.23548791529866325,0.5443082865644744,-1.1283615391692043,2.630118918463836,0.0,0.0,0.939497630052938,0.08795307851342413,0.9796636043096009,-0.12410186472786153,0.4368050922957837,S,L,1,XS,0,-0.08700781219939079
276057,Meanguera del Golfo,0.31032428828574316,0.4188616372804883,-0.6012435208008999,1.7538960639241432,0.003115711397601444,0.0,0.0,0.1701085280246766,1.5778070122145373,-0.27717082334193455,-0.11570345159497566,M,L,1,XS,0,-0.07975023124659843
276058,Conchaguita,-0.1509487930280987,0.2567597539563188,-0.8331757798506588,1.9827485768086024,0.003115711397601444,0.0,0.0,0.19892395360087486,1.5813519875797766,-0.3108656196847323,-0.4463129768009402,S,L,1,XS,0,-0.19522120172510282
276059,Tigre,0.6961177248225422,0.5170362183193832,-0.8538145475017493,1.7806900348479606,0.0,0.0,0.0,0.22925455303226105,1.556286823129665,-0.31269906569111044,0.24304378648861308,M,L,1,XS,0,0.1821824325876186
276060,Punta Zacate,0.3626039522177412,-0.14077324881021036,-1.1792653495106655,2.0405746403210316,0.003115711397601444,0.0,0.0,0.1997221956057851,1.5932100509530736,-0.3367353279671807,-0.5309137230140212,M,L,1,XS,0,-0.17721486586053484
276071,Maria Madre,-0.12452570203967259,0.3023947100254187,-0.14412318639166125,-0.03270855269878045,0.0,1.8436262616043702,0.0,-0.09785362522634107,1.319299034739002,-0.14729579808193427,0.9225239183341538,S,L,1,S,0,0.5973150054670725
276097,San Marcos,-0.5776811687156126,-1.518722098070943,-0.29569746183902645,1.1186375895610603,0.1346303210967199,3.6655108045621985,0.0,-0.3140488326620584,1.9475670474666564,-0.38902730613706815,-0.673195878905493,S,L,1,XS,0,-0.12204226128144897
276145,Vashon,0.24101188289685885,0.04019411982474184,-0.8290113086108363,-0.4176352917587933,0.08587792429691272,0.0,1.1352358077630489,-1.5568131316685516,-0.9416530213540298,2.610251788439722,0.21164835539428037,M,S,1,M,0,1.8761745676760226
276148,Anderson,-0.17182087490769363,-0.18917330038198643,-0.9466483919630632,-0.7044830223665935,0.0,0.0,0.0,-1.539740379188218,-1.0044531785831663,2.7514077933856584,-0.5010142242780529,S,S,1,S,0,-0.031921705591003484
276150,Lumni,-0.3018055832249092,-0.3353213863400434,-0.5035221315485761,0.1379521033782441,0.3542544815961844,0.0,0.0,-1.718095930486029,-0.8310516931045362,3.048366487980063,0.24268970170939422,S,S,1,XS,0,-0.1602220486061292
276153,Orcas,-0.2115169378968015,-0.06933124496688559,0.13983389941770125,0.3710056122770291,0.37461416929001456,0.0,1.2554109307866013,-1.7162911878742284,-0.7993046563394165,3.099361941620166,-1.0670050247265703,S,S,3,S,1,0.38684652556111965
276154,San Juan,-0.011921308153751314,0.031144851480512867,0.13007964419060034,0.3790412678607149,0.48836831294581395,0.0,1.164775048781754,-1.7151364246066871,-0.5746470579193198,2.900659739447797,-1.0670050247265703,M,M,3,M,1,1.0091552973175937
276155,Lopez,-0.30334118958280043,-0.09570575255490128,0.13607336623244606,0.4064796809327436,0.3887930711725744,0.0,1.0,-1.726876952416317,-0.6281455892030137,2.7908639252253096,0.3818638050888972,S,M,3,S,0,0.023928581145809463
276156,Shaw,-0.822210834666752,-0.20887854353604843,0.1325867270011812,0.3904791569609344,0.3782534747559654,0.0,0.0,-1.7163892831319811,-0.670822173700133,2.9146317946354645,-1.0670050247265703,S,M,3,XS,1,-0.19932371106210295
276169,Saturna,-0.28625585588521296,-0.24336528592313042,-0.29711494707710645,0.8124915473689491,0.12438106455657875,0.0,0.0,-1.5983336767313057,-0.7206776444030301,3.29062954495504,-0.20867161058242986,S,M,1,XS,0,-0.14261370838049658
276170,Mayne,-0.20132776469936856,-0.23245408953036742,-0.5660356030309308,0.7601166694705075,0.12332786488852511,0.0,0.0,-1.599578392671019,-0.7617369208122919,3.1360216011916235,0.243482453065036,S,S,1,XS,0,-0.13956838304050886
276171,Pender,-0.18693472831317803,-0.1771921663564999,-0.36752495290372494,0.6395500668733518,0.18959696855467098,0.0,0.0,-1.6189025582742862,-0.7181687856245137,3.1219230556046216,0.6347116064793833,S,M,1,XS,0,-0.0941486364285441
276173,Salt Spring,0.00031050167594875983,0.05119652059361906,-1.098757026587967,0.0490790315669409,0.3967321309091994,0.0,1.2905594010690873,-1.6395195161394949,-0.8886654115662964,3.049941256393083,1.2546734594238877,M,S,1,M,0,0.8323220091261646
276184,Galliano,-0.7269615422909308,-0.11703766246429943,-0.6977687360611151,0.6640860370431385,0.15661775109566237,0.0,0.898939574100531,-1.612951717762911,-0.8111949267984181,3.1591405727560864,-0.5587713006416875,S,S,1,XS,0,-0.1484328215141802
276185,Gabriola,0.13065115825678747,-0.09651785301161118,-0.7458291117695529,0.2005970113587454,0.16661965834117992,0.0,1.034078149271772,-1.7014549157217447,-0.8599205875743593,3.131998263533999,-0.1688294317170189,M,S,1,S,0,0.30728025093927835
276186,Thetis,-0.13544147979780258,-0.11025359862603504,-1.3894334033489002,-0.273840180344423,0.12354038469862312,0.0,0.0,-1.639649655424446,-0.8747186454870919,3.0435979582816772,-0.5466348557036743,S,S,1,XS,0,-0.14978387647210906
276191,Gambier,-0.84806713173332,-0.09052791145778745,-1.162490602491149,0.12151739844805665,0.1242737410784572,1.0006578207789103,1.2360466643221601,-1.9342042197538099,-1.1874490816954688,3.0011640287161323,-0.03843571780924057,S,S,1,XS,0,-0.13594088408481647
276192,Bowen,0.126733607752606,-0.04356036730964885,-0.8253425936609058,0.03348087609194806,0.12213994759344901,2.0767948454622362,1.1895104605367264,-1.8689512985535144,-0.9435393318054487,3.2641338642730497,0.7436754136334727,M,S,1,S,0,0.16525852964962193
276198,Lasqueti,-1.0583613016424955,-0.05207260810422652,-0.4247483183798744,1.2328247587401915,0.30996875245856054,0.0,0.9549555906605466,-1.6832246118672616,-0.8840210034117552,3.5031750137270063,0.6445394293539306,S,S,1,XS,0,-0.17094782895682117
276199,Hornby,-0.2509740868575967,-0.17066573689011394,-0.8080308972982517,0.9997417458462321,0.2794922065908334,0.0,1.1006928525227024,-1.7460520295598512,-0.882506904393998,3.3347550624134317,-0.21155573473425707,S,S,1,XS,0,-0.13626010970012348
276200,Denman,-0.4702429922644914,-0.07836709347502978,-0.909938716185152,0.9416056966111208,0.26616440880054576,0.0,1.1677931075350034,-1.7313148987007554,-0.9323111365514556,3.0735888937441906,0.6003305653609028,S,S,1,XS,0,-0.11825951668046475
276213,Cortes,-0.9227272113204036,-0.11036016407749119,-1.1700891641301554,-0.02342287761546741,0.19411024293668055,1.8295162720443048,1.1806284124113937,-1.8293369689131809,-0.9750052885498687,3.1373107833061527,-0.4503803999884016,S,S,1,XS,0,-0.10216758866407326
276233,Malcolm,-0.90474745570853,0.21752577762855274,-0.6797742895213854,0.7756369955761935,0.8632068585004726,0.0,1.22906765373532,-1.854464673913572,-1.49106527863887,2.4811794815740065,-0.6456395516045887,S,S,1,XS,0,-0.1440314304783706
276318,Swindle,-1.6876694685483347,-0.206573854286059,-0.6137232575583187,-0.08490040452249063,2.0236659743189906,0.0,1.4604297372648545,-1.9392101058825837,-1.9199670389756969,2.8052670782132254,-0.6647882950320076,S,S,1,S,0,-0.0702778809745582
276343,Dolphin,-0.47730365643670336,-0.42937923767275354,0.7747486382040734,-0.39312789772070744,2.0663471178190735,2.2036341770515175,0.9158744899808506,-1.9584976931172187,-1.7814319197106632,2.7270089198202476,0.22588565324989174,S,S,7,XS,0,-0.1924833400309377
276607,Popof,-0.8201906763948277,-0.23157448145614568,0.4859802511131607,-0.6146736440772771,2.4964821942170867,0.0,1.2497103582730782,-2.264109197325854,-1.9155301469301889,3.6391393304710453,-0.423500215492526,S,S,5,S,0,-0.050913854441690436
276959,Ilha dos Marinheiros,-0.6893984883734188,-0.8910402438634809,0.22938126202294848,-1.4492943174067783,2.164150770275751,0.0,0.8365093579212355,-0.7930350311293693,0.19238701351746026,0.32161565558251626,0.6530890693403909,S,M,3,S,0,0.23216160107053194
276970,Ilha do Mel,0.05190674525143768,-0.01770567086491709,-1.0474598097883248,-0.6780989160139174,0.0,0.0,0.0,-0.4864519282618986,-0.7118920638080927,0.018406892292802773,-0.6197115637951757,M,M,1,XS,0,-0.09007028697765591
276984,Ilha de São Sebastião,0.3171073055935489,0.8133128916168068,-0.09850732259248894,-0.8080465134508356,0.0,0.0,1.4850447766361998,-0.4592075723285284,-0.5157571336864882,-0.3260815913280644,0.2738268436195582,M,M,2,M,0,2.4900643083138654
276988,Ilha Grande,-0.11554568386132781,0.8614737559086767,-0.3640343447774389,-0.6040907152422292,0.06129829522490839,1.6762943907692032,1.3153378693745197,-0.5184040166176497,-0.250155545584372,-0.3893491342563362,0.26137318144939475,S,M,1,S,0,0.43912725749834314
277058,Ilha de Fernando de Noronha,0.527445434304097,-0.09803540204982539,0.7636194695518183,-0.1976167400602654,0.5360098596605852,0.0,0.0,-0.013522511854704013,1.1280035852342223,-0.4322311800650845,0.22392023332215372,M,L,7,XS,0,0.012254468298475407
277073,Ilha Carrapatal,-0.838343561376301,-0.047231998093094314,0.5631162126440041,-0.03874638205072134,1.8545668725269169,0.0,1.0054202894749418,0.051900474218385714,0.8535538323138083,-0.23566695247630778,0.9719672669558944,S,L,6,XS,0,-0.11100314948992729
277079,Ilha Conceição,-0.4356534543362501,0.6592942143738877,-1.0040855913141344,0.2729290757054706,0.0,0.0,1.1083028324606472,0.11821824948760183,0.819342587502626,-0.28095358035147877,0.7235595223076929,S,L,1,XS,0,-0.08826620085150419
277080,Ilha Santa Maria,-0.4187701737033251,0.5547856806632062,-0.9960345716197758,-0.08853242424805877,0.0,0.0,0.0,0.11821824948760183,0.896095732634342,-0.23781956477758906,-0.45469109104463257,S,L,1,XS,0,-0.18982246048914853
277081,Ilha Santo Antônio,0.8585681153615703,0.8617611868488348,-1.0381033378705264,0.13551161628242067,0.0,0.0,1.0412535464384305,0.09051462340963828,0.9021038180768124,-0.23048402615617006,0.7599335146979171,L,L,1,S,0,1.4155272649419672
277084,Ilha Chiqueiro,0.007913675989637999,0.9904023661926716,-0.8491416324070526,0.23686191122363015,0.0,0.0,1.198565776352878,0.09448102941110825,0.8826602540407082,-0.18195072083078578,0.2892132618954538,M,L,1,XS,0,0.08262824163629724
277088,Ilha Caçacueira,-0.3387593057104998,-0.27877505221570503,0.34782133820532724,-0.4295825137814908,0.0,0.0,0.9035209625042527,0.03620817818553132,0.8326785169222616,-0.39626277264629534,0.3107932363968331,S,L,4,XS,0,-0.16328793175239237
277090,Ilha Mucurás,0.1726558521743953,0.6195695335874164,-0.6699280307698599,-0.08876087082489743,0.0,0.0,0.0,0.06075626744264187,0.35482930610565827,-0.22919828755125585,-0.7681691031176086,M,M,1,XS,0,-0.13154602003789362
277091,Ilha das Onças,-0.14972460252410053,0.606733618770157,-0.7675708038136362,-0.013714753103858796,0.0,0.0,1.1756547265497983,0.06268433093867076,0.44347272169637647,-0.22065690931497442,0.8279722152336896,S,M,1,M,0,1.0770798297852464
277093,Ilha da Mutuoca,-0.6407589885899111,0.21400639295497714,0.07192861001808365,0.0019838162755646664,0.0,0.0,1.050014639847056,0.030600413077920163,0.6305592906828561,-0.233834527704523,0.32552473472908544,S,M,2,XS,0,-0.06300112411783258
277095,Ilha Mulata,-0.7822059624474196,0.18185183471174315,0.5458244570434622,-0.5180870965171297,0.0,0.0,1.0005318436197697,0.03266743553952697,0.7106597767902565,-0.3089155243178233,-0.1215482309729643,S,M,6,XS,0,-0.19143315828172144
277097,Ilha Arapiranga,-0.11313670325457013,0.7697933935751154,-0.6736033456287995,-0.09009856028974894,0.0,0.0,1.0942026741648647,0.06075626744264187,0.38168342777085246,-0.23511033073058613,0.6622829324221665,S,M,1,S,0,0.08278125168461593
277098,Ilha Mirinzal,-0.8723237785977727,0.20479297995158058,0.47625077307060987,-0.3404825003190471,0.0,0.0,0.9840967256057573,0.03266743553952697,0.7423881480852521,-0.33928965383742377,-0.710197400575297,S,M,5,XS,0,-0.17575139292810038
277101,Ilha dos Lençóis,-0.8488428857952595,-0.2203844267546304,0.47625077307060987,-0.3404825003190471,0.0,0.0,0.9196022689260429,0.03266743553952697,0.8602770614547794,-0.3704100850819496,-0.5878508293445245,S,L,5,XS,0,-0.1895206735372219
277103,Ilha Paquetá-Açu,-0.0037618948448906848,0.40235288309860684,-0.7828066120451145,-0.13671080485115225,0.0,0.0,0.0,0.06075626744264187,0.4210317027520223,-0.2182779908834271,-0.9263787518255556,M,M,1,S,0,-0.09305021700030289
277104,Ilha Jutuba,-0.09526712772767522,0.12768049089035688,-0.7828066120451145,-0.13671080485115225,0.0,0.0,0.0,0.06316851385485571,0.4353543401609915,-0.20801648231993258,-0.97845929147573,M,M,1,S,0,-0.026256100822878714
277105,Ilha Cotejuba,0.6466370922124824,0.3729790883792897,-0.7828066120451145,-0.13671080485115225,0.0,0.0,0.9983810895915879,0.07035593909097183,0.5464826934492983,-0.18625472075896335,-0.19531088780546854,M,M,1,S,0,0.21570334038092487
277110,Ilha do Mosqueiro,0.6335946595248522,0.8277955642936383,-0.608835072335492,-0.15704207861334518,0.0,0.0,1.25802516752792,0.04758891640680902,0.14761477251183794,-0.16901625560592587,0.1348886231912854,M,M,1,L,0,2.735409378514157
277112,Ilha Camará Açu,-0.7130842392825814,0.0351177393457737,0.46143459608048415,-0.5750656293715738,0.0,0.0,0.9558868528109272,0.03496639287049072,0.894347034276391,-0.17116370838262746,-0.11622752949010198,S,L,5,XS,0,-0.20142536616802395
277115,Ilha da Roberta,-1.0045439257619728,0.38482582764684503,-1.1302990837792115,-0.08524246938219285,0.0,0.0,1.1253637037628144,0.085632837969572,0.3095615151677074,-0.11323316437391928,-0.16502310457688463,S,M,1,XS,0,-0.13990949481922524
277117,Ilha Ipomonga,-0.7261816365637888,0.2976240016553655,-0.055195611457735806,-0.28354398569673583,0.0,0.0,1.0093190033803043,0.03962784485760977,0.4529965033352633,0.0008405357440242979,-0.7103427917767811,S,M,2,XS,0,-0.17331508958850309
277120,Ilha Mariteua,-0.722798530513218,0.016010459547004856,-0.02277894828369382,-0.29661164605005413,0.0,0.0,0.782998327945867,0.03962784485760977,0.6802497000715158,0.002362552048505021,0.11266192160579755,S,M,2,XS,0,-0.19046176080099758
277123,Ilha Pracubinha,-0.9546587303244255,0.33624062381293,-1.0463508513231228,-0.0001104813950814864,0.0,0.0,1.1046243057295952,0.07538744981785282,0.44822546277556274,-0.08641048684811595,0.7599820644878466,S,M,1,XS,0,-0.13772184372290844
277124,Ilha Salvador,-1.0140138598143449,0.9072188422316079,-0.9963271394264192,-0.004853069984222465,0.0,0.0,1.2134928928688031,0.09868369881298225,0.2236227627970097,-0.04435836659242154,0.3028462560191632,S,M,1,XS,0,-0.1331194961490141
277129,Ilha do Panema,-1.0325026217947404,0.6177790551291958,-0.9058584780266931,-0.03184184929137815,0.0,0.0,1.1640541610932138,0.09782690858351942,0.24849322077444866,0.02940351764858105,0.3814853796607995,S,M,1,S,0,-0.10474281514063548
277130,Ilha dos Cavalos,-1.1690561100000134,0.6878106500602968,-0.7976649743737725,-0.04106621237793886,0.0,0.0,1.1763969200615743,0.09989214774396883,0.3413001341717911,-0.018802759423866312,-0.5850637927601605,S,M,1,S,0,-0.055214064546876655
277132,Ilha do Pará,-0.9286097260908842,0.8256244757050683,-0.9787775362776553,0.06761414976358128,0.0,0.0,1.3018565013438474,0.08010367001906858,0.3811329793969809,-0.05606467599430177,1.588933297620595,S,M,1,S,0,0.36123050112583877
277133,Ilha Pirauará,-1.0658288831222726,0.4966964756169373,-0.7218816547880182,-0.11307424804977215,0.0,0.0,1.1139097247516097,0.05054114007285362,0.2930722192658395,0.07344794076739113,0.6529188978917301,S,M,1,S,0,-0.13281909595395666
277135,Ilha Queimada,-1.07565718489512,0.9026799221623679,-0.4066587630091701,-0.18865267399249244,0.0,0.0,1.368131532947561,0.07734076206910218,0.1996892382219067,0.026112181849511577,1.0386451507901906,S,M,1,M,0,0.6634331440253514
277137,Ilha do Cará,-1.0307937823343836,0.7901381440795653,-0.13790424015070538,-0.23336177578637327,0.0,0.0,1.2301933172038544,0.06488074674482065,0.3030059092682477,-0.01837915605770211,-0.44929945547618194,S,M,1,S,0,-0.03185204953652525
277138,Ilha Jurupari,-1.3051218449649682,0.9756192497574446,-0.20158980207769467,-0.41269589934907647,0.0,0.0,1.2803652469949867,0.0407973889195931,0.16143088030017003,0.04369205101696594,0.4074352310410185,S,M,1,S,0,0.16610948445828913
277140,Ilha Curuá,-0.8989253136009144,1.0209992820952567,-0.19474657196673476,-0.46928645409662934,0.0,0.0,1.3013733939057521,0.05405722289987273,0.45844169675711244,0.04182913404441669,1.4469865249385943,S,M,1,S,0,0.262508237152987
277171,Robben Island,0.4029057719489548,-0.8167075548308697,0.6004250828492969,-0.5489863997574794,2.2345679883188296,0.0,0.0,-1.142752081621857,1.4539026936103339,0.655504676499841,-0.18197571133819665,M,L,6,XS,0,-0.1432355749316874
277253,Ilha dos Tigres,-0.9438228361221838,-1.7145179279788745,0.7266415586614593,-1.4057794961279955,1.9681921763124939,0.0,0.0,-0.8394010561764669,1.4383927859055936,-0.11353829258216024,0.8303535745933881,S,L,7,XS,0,-0.15605962938038545
277307,Pulau Ndao,0.7329111923082526,-0.4750766359606821,0.5040088506088808,0.445787383214571,0.0,0.0,0.0,0.12305714684201938,1.3233571275378635,-0.17292756745127505,-0.010167302574556605,M,L,5,XS,0,-0.052774103433118814
277309,Pulau Raijua,0.7207516186871153,-0.3440313331077962,0.4377298158116671,0.19528708572784897,0.0,0.0,0.0,0.09978803630995388,1.4684683481205336,-0.19221750105550223,0.6412829572277525,M,L,5,XS,0,0.4326125256786296
277315,Pulau Semau,0.003630033929541843,0.40996998431974885,0.06382850092242733,0.8321779984268444,0.006178361279376087,0.0,1.1473196337667255,0.12046183891555771,1.124293914544354,-0.047598728847833574,1.046062916814622,M,L,2,S,0,0.8050072618295339
277318,Pulau Mules,0.023268847148105832,0.1796060788934536,-0.5388924879259008,-0.017293564290905717,0.00036147807005246804,0.0,1.0321341498746803,-0.12735715855092866,1.035109566309633,-0.39631346493863356,0.018674546299949822,M,L,1,XS,0,-0.12913641141840818
277319,Pulau Ende,1.12084485304626,-0.31411879936016934,-0.9191997149349541,-0.14952636541944941,0.0,0.0,0.0,0.008348845044017564,1.0720152266317464,-0.35299009369187107,0.050331411612739456,L,L,1,XS,0,0.17960033535982486
277321,Nusa Kode,-0.23569646692020435,-0.030970706134908804,0.23363188495467274,1.0904492459727066,0.00036147807005246804,0.0,0.0,0.0327345514813457,0.9230362278475639,-0.36480116650721994,-0.10248960488089638,S,L,3,XS,0,-0.20407666756372955
277328,Nusa Tepulimabole,-0.6919875502939661,-0.9415128541232468,0.1981081618259651,0.26861164944116767,0.0,0.0,0.0,0.046361045781113844,1.1912626934346588,-0.28248437871443366,0.1991085772002896,S,L,3,XS,0,-0.20703474452430234
277329,Pulau Rakit,-0.800154446430877,-0.6108245304760519,-0.35479489424072924,0.030701677526297162,0.0,0.0,0.0,0.001617212171021595,1.0425860020685733,-0.20503747512000348,0.37115685553891264,S,L,1,XS,0,-0.1994303854881172
277349,Nusa Barung,-1.358315542541506,0.8470160753813559,-1.175752352734436,-0.4435663524653221,0.0,0.0,1.0440770903904621,-0.094412118121675,0.8707436323297654,-0.2572889495957817,0.9491777289943909,S,L,1,XS,0,-0.11726017744505662
277352,Pulau Besar,0.0549903317886373,0.5571276365420643,-0.43762652309268574,0.02313307263388887,0.0,0.0,0.0,0.1031683435485538,0.9459662089112614,-0.027136475130382608,0.5962865457715104,M,L,1,XS,0,0.0662205173673605
277354,Pulau Solor,0.5639660866257541,0.30042058696016655,-0.8542158119012903,0.0089002579384292,0.0,0.0,0.0,0.046670942341064295,1.080158495460631,-0.08178281397332651,1.3243266337773991,M,L,1,S,0,2.293576230107801
277358,Gili Banta,-0.8319793754330762,-0.9131278300563372,0.2336520863641081,-0.10606591663019722,0.0,0.0,0.0,0.07354043641629376,1.287491609688184,-0.26566141366100304,-0.13023110888756395,S,L,3,XS,0,-0.18588344892202402
277360,Pulau Seraya-besar,0.21378692598926466,-0.8349532783197914,-0.23441431168672117,1.4716645801784465,0.0,0.0,0.0,0.08764457475269882,1.1398060181867558,-0.3048041656311537,-0.09682949191241076,M,L,1,XS,0,-0.17694365823427677
277365,Pulau Kangge,0.11360963917167875,-0.4304536197357568,-0.5729324015051499,0.3298113788894305,0.0,0.0,0.0,0.1897061804719554,1.024547838135971,-0.2561894742404242,0.20115231373991227,M,L,1,XS,0,-0.1431990061269318
277366,Pulau Pemana,1.1283246239237503,-0.5430640197606635,-0.17090073055256627,2.9300891059453416,0.0,0.0,0.0,0.1031683435485538,1.4004521069655875,-0.202774284015459,-0.15663111275695754,L,L,1,XS,0,0.04496207470258895
277368,Gili Trawangan,1.8659344096776243,-0.5191800761941703,-0.3105450062626193,0.8454637120994684,0.0,0.0,0.0,0.05031622739459659,0.8547879492796958,-0.1451912936942388,-0.49425012582801064,L,L,1,XS,0,0.9919238981264448
277371,Pulau Palue,0.6852028084757465,0.6882950289157072,-0.2566656184436244,3.4266299254469295,0.0,0.0,0.0,0.10309413789457132,1.2538169056456825,-0.13758209106015357,0.6562658149564788,M,L,1,XS,0,0.43361265586843417
277373,Pulau Pura,0.5319884120969206,0.35326275541675684,-1.1486298121149234,0.7602762137615865,0.0,0.0,0.0,0.08384928302877781,0.6817861244554989,-0.043251615063570885,-0.133164082387887,M,M,1,XS,0,0.12878551344556666
277377,Pulau Lakor,-0.18750053295400435,0.3202066117821514,0.6038915443469358,0.31530982213182696,0.0,0.0,0.0,0.08789629533647254,0.7919863280921194,-0.24586030805775905,0.5266572131195828,S,M,6,XS,0,0.20175644619372685
277379,Pulau Sermata,-0.3837973503810675,1.0763499149832334,0.6268793199458106,0.3322940195825777,0.0,0.0,0.0,0.08623381513952773,0.7059780376954659,-0.18125323959656603,0.6562105131676234,S,M,6,XS,0,0.08339373403187214
277383,Pulau Leti,0.11771371705800572,0.6827588252758948,0.5517205300243185,0.31557461032527223,0.0,0.0,0.0,0.083308711936182,0.7222433479558382,-0.2561736993779451,0.9504791509246386,M,M,6,XS,0,0.32603729338169835
277384,Pulau Komoran,-1.8474491105899615,0.6128214180363566,-0.6431703948940152,0.7081984112999175,2.2436272648674698,0.0,1.2452051396353512,0.008635244669588803,-0.40071195958889116,-0.15689180288379834,1.811074851654005,S,M,1,S,0,0.6707307081332184
277385,Pulau Medang,0.6135180974556861,-0.3854120886873778,-0.10499495468572367,0.504523608211824,0.0,0.0,0.0,0.09420195081454256,1.2750874898163391,-0.15084140510293653,-0.016975825412896377,M,L,2,XS,0,-0.06379941380189372
277387,Moa Island,-0.2369477323969358,0.5256223440080133,0.5890244562958677,0.3143971433328779,0.0,0.0,0.0,0.09212601156816237,0.5566806279503338,-0.30565439096699326,1.6130642585661996,S,M,6,S,0,1.4871323913081163
277390,Pulau Masela,-0.16663363834601427,0.47853073666728474,0.747028614044964,0.25433803088089363,0.01503734797628273,0.0,0.0,0.03621661296976433,0.8536987641994819,-0.13171726819227839,0.7410517291761773,S,L,7,XS,0,-0.05609089609481085
277392,Pulau Selaru,0.009489488553924499,0.5763341237012727,0.8566437537565349,0.29139858131315743,0.0,0.0,1.1851258290299356,0.07143437492893238,0.568962507292343,-0.10481199126346516,1.4478752388483258,M,M,7,S,0,1.2246867850157417
277395,Pulau Kisar,0.5441232726583936,0.028889431998565196,0.417234569381817,0.6764600541970682,0.0008530572773736255,0.0,0.0,0.09635641305949975,1.0055390697568878,-0.28321173706794234,-0.6459271967482341,M,L,5,XS,0,0.7145995232190121
277397,Pulau Liran,-0.20530375107732263,-0.16832424002826402,0.5769652998914512,0.5145655271673625,0.0,0.0,0.0,0.084253011817255,1.2311328696000978,-0.18665059629794128,0.31178833737738765,S,L,6,XS,0,-0.13224554536195332
277398,Pulau Wetan,-0.029080456802142003,0.4866299645657057,0.8195659133881334,0.21942482666908533,0.01503734797628273,2.6937509568596124e-15,0.0,0.06522933564941659,0.5222117264535094,-0.10006129188703668,-0.06343119919407317,M,M,7,XS,0,-0.0011120400773770235
277400,Pulau Babar,-0.6355494129604761,1.3973446114854677,0.8118624903978411,0.21238975184251224,0.01503734797628273,2.6937509568596124e-15,0.0,0.05910766670957081,0.12049787030645774,0.08417631247487538,1.1058604466613111,S,M,7,S,0,1.0700163360667239
277402,Pulau Daweloor,-0.2765450082028039,0.14485194025518622,0.7235473160456356,0.27907445618448834,0.01503734797628273,0.0,0.0,0.07479673341170885,0.7592339178675396,-0.11499385193389235,0.040365085562402835,S,M,7,XS,0,-0.18088218088263933
277404,Pulau Dawera,-0.1321665910072921,0.1816001095297117,0.6946330381417096,0.28269224596356335,0.01503734797628273,0.0,0.0,0.07748080554019683,0.6982754203573669,-0.13124927643710105,-0.14621322924945757,S,M,6,XS,0,-0.17756197053413764
277406,Pulau Seira,0.34299456180849985,0.7558166722129821,0.3452307227906673,0.11169213047443752,0.0,0.0,1.0423632339391569,0.0687938078931015,0.286117684691167,-0.17676814505784083,0.612249663913235,M,M,4,XS,0,0.9334399667024306
277409,Pulau Dai,-0.2599406288943919,0.3454621512246503,0.6783214244202451,0.27953573768343465,0.01503734797628273,1.4420119755149086,0.0,0.0815458017862473,0.4985124352289887,-0.048843873404405186,-0.0477422300133083,S,M,6,XS,0,-0.17497946711130757
277417,Pulau Selu,-0.8351465826033709,0.8310637135089745,0.44198574991682676,0.11851376751308963,0.0,0.0,0.9807711850318261,0.07742717782071595,0.4079431823089406,-0.15700854158531768,0.9515981995859026,S,M,5,XS,0,-0.06808774337432695
277427,Pulau Kalaotoa,-0.03240659751617332,1.2300514406597498,0.21514398908893637,0.9750364439545351,0.0,0.0,0.0,0.10167475536330402,0.7733713645337036,-0.03193349188757425,0.20621003247884231,M,M,3,XS,0,0.16255740530895674
277428,Pulau Bonerate,0.39703141556726534,0.3382068861036264,0.23641142404982218,0.9741366243582898,0.0,1.2464702863671226,0.0,0.09112420548266167,0.8094960030274674,-0.09119411288338701,0.7256754178932576,M,L,3,XS,0,0.7869156404357155
277429,Pulau Wotap,-0.41718053758258894,0.5762559423443395,0.41557133738232027,0.07734804430994568,0.0,0.0,0.0,0.05885274232741677,0.3732422433991944,-0.16592663381922684,0.15713189412096493,S,M,5,XS,0,-0.1377032731443117
277432,Pulau Karumpalompo,0.4694652517723719,0.2867417894621394,0.21925066073018065,0.9686719304622328,0.0,0.0,0.0,0.1022293588877783,0.924771018600324,-0.09800548664962021,-0.10284184051593948,M,L,3,XS,0,-0.08350320109042642
277433,Pulau Kalao,-0.680228349005492,1.1182646444218198,0.2364575836116768,0.8945254778992913,0.0,0.0,0.0,0.08892165008277805,0.5398992723394568,-0.2190182328492402,0.28405063848889966,S,M,3,XS,0,-0.006239997194984866
277443,Pulau Giligenting,1.275811414324805,-0.13241237592950053,-0.246160501027275,0.2970969163212746,0.0,0.0,0.0,0.14071829505257438,0.8423684578442188,0.05556372563830431,-0.2858478879507991,L,L,1,XS,0,2.0957970549135094
277444,Pulau Mitak,-0.39877117233553105,0.48252418894348703,0.6516476318904696,0.11126935884527729,0.0,0.0,0.0,0.06738589104748513,0.324665174405029,-0.1293716970605542,-0.41406653966262674,S,M,6,XS,0,-0.19037913874631734
277447,Pulau Raas,1.3862925959923424,-0.13480184333970963,0.2725971204636765,-0.10658552026006077,0.0,0.0,0.0,0.09752168063390017,0.7507597944309556,0.026873384180624026,-0.30728828333512265,L,M,4,XS,0,1.4807411883337784
277448,Pulau Sepanjang,0.03107295448140962,0.48580787187726665,0.2905305473956771,-0.2049113738986764,0.0,1.3193248380801947,0.0,0.09031562256846165,0.6691111722720415,0.14809784364249498,0.5021502076349528,M,M,4,S,0,0.41860447566152104
277449,Pulau Namwaan,0.4133504971827799,0.5710246647360674,0.6516476318904696,0.11126935884527729,0.0,0.0,0.0,0.06738589104748513,0.4776356558790009,-0.16165444233532972,-0.7293247745983029,M,M,6,XS,0,-0.1362046089433512
277458,Pulau Saor,0.7716875477911728,-0.6366625102021177,0.25495271627105615,-0.10705196265139673,0.0,0.0,0.0,0.09558896859803856,0.6492789272698126,0.0798953208053288,-0.4351802325054091,M,M,3,XS,0,-0.11436895565385702
277459,Pulau Dukoh Besar,0.5199363553359245,-0.2867384840561137,0.25495271627105615,-0.10705196265139673,0.0,0.0,0.0,0.09558896859803856,0.6512852823134057,0.10296010367704467,-0.2530520206085272,M,M,3,XS,0,-0.11331630046500425
277462,Pulau Fordate,0.42500900954035137,0.8970015235292195,0.6997142560498922,0.14518829272292097,0.0,0.0,0.0,0.051147122994572365,0.4579388270325782,-0.07844218025043949,-0.35690854466868926,M,M,6,XS,0,0.1258838592331257
277463,Pulau Sabunten,0.27290485220156674,-0.248849198164799,0.2920029718783977,-0.1312193030161693,0.0,0.0,0.0,0.09504693105689471,0.5688775977027564,0.15482100368418397,-0.08226413485699115,M,M,4,XS,0,-0.1129568954167516
277464,Pulau Saobi,0.5267303429743734,-0.17950962405251264,0.33048174708075834,-0.11335549437769578,0.0,0.0,0.0,0.09084319158522713,0.5855389087214592,0.2215674087663814,-0.2973261071428751,M,M,4,XS,0,-0.07348095096094814
277465,Gili Iyang,1.5438178067165074,-0.18437553828964315,-0.005159726054461031,-0.007030057259319139,0.0,0.0,0.0,0.15468542242839517,0.7377532556605783,0.10909108408128414,-0.765064986939294,L,M,2,XS,0,0.5690374206846119
277470,Pulau Paliat,0.10297769117278774,0.21530518385998143,0.34908852636703175,-0.15978484166894372,0.0,0.0,0.0,0.0933550385313374,0.556936088698314,0.1658599170885217,0.50825949625783,M,M,4,XS,0,0.04728365893454628
277476,Pulau Maru,-0.5716692667889475,0.7386505475020042,0.7068880616422853,0.19621312064707316,0.0,0.0,0.0,0.06213063646825574,0.5444543790290881,-0.15521305786329329,-0.21246893566881356,S,M,6,XS,0,-0.1758306834314561
277482,Pulau Kayuadi,0.7743133476809303,0.02260193134167643,0.3501088477441118,0.3931758453524881,0.0,0.0,0.0,0.0943625834358524,0.8814700558280552,-0.15807913689668954,-0.28068212599464093,M,L,4,XS,0,0.1544719298721054
277486,Pulau Molu,-0.2558089349952854,0.9578269552237982,0.6961036666700995,0.2304928658621875,0.0,0.0,0.0,0.05606440199319499,0.4788082865903603,-0.15966025850241497,0.0032096314550510196,S,M,6,XS,0,0.03397022161385078
277490,Pulau Turturjuring,-0.2388728727124668,0.4765296786694723,0.49933250013456004,0.33757247733914925,0.0,0.0,0.8640586885306744,0.03332225485918142,-0.30681073725679076,0.025706212275115513,0.032530360736462614,S,M,5,XS,0,-0.1893371079472543
277493,Pulau Tambolongang,0.4344014934605515,0.06822013802439514,0.4176142433378844,0.1247605925713841,0.0,0.0,0.0,0.08332329390729833,0.8514252367403794,-0.1507054846589227,-0.1653584275112863,M,L,5,XS,0,-0.11780426612264039
277496,Pulau Barakan,-0.6376205875802289,0.5409997689356768,0.3670720515355983,0.38102644689568854,0.0,0.0,0.8736586078950923,0.032353554383714386,-0.40790292345180906,0.104428940663675,0.35110008030940304,S,M,4,XS,0,-0.1475550631954546
277498,Pulau Baun,-1.0201870423362163,0.684310163439923,0.4271542061934532,0.38488981397822125,0.0,0.0,1.0943670131367367,0.018941754142441883,-0.6425955909963628,0.08284438215791344,-0.3544025357092403,S,M,5,XS,0,-0.03778300686282168
277503,Pulau Koba,-1.3725874582447797,1.0187656539664625,-0.48775527230110727,0.388109819954625,0.0,0.0,1.230072141618641,0.01863547976984509,-0.8016429639595392,0.060451941037398094,1.3116409636762456,S,S,1,S,0,0.3894713330527337
277505,Pulau Batuata,1.137747788108143,-0.438519990598227,0.23582688354882925,-0.2512851949478032,0.0,0.0,0.0,0.08883780707038835,0.7093517299230909,-0.04883881343719457,-0.013579474853211843,L,M,3,XS,0,0.14025525789134707
277508,Pulau Krakatau,-0.02217484420283323,0.18567134747315844,0.06927492128256765,-0.13633547758030642,0.0,1.5100747038185764,0.0,0.06914684050682315,0.06951844551036886,-0.13238756817532046,-0.7568054935570613,M,M,2,XS,0,-0.16656331960594045
277511,Pulau Pasi,0.6247421358674738,0.5074449248688077,0.4185405148292461,-0.3902415152450943,0.0,0.0,0.0,0.0814240613002357,0.47744534128165167,-0.2643451301257355,-0.4301774919100376,M,M,5,XS,0,0.12444619165227237
277513,Pulau Sertung,-0.28798531579484626,0.14882942119070053,0.06927492128256765,-0.13633547758030642,0.0,0.0,0.0,0.06914684050682315,0.10988270764969524,-0.17183958606656974,-0.9121836047717439,S,M,2,XS,0,-0.202774956374719
277516,Pulau Kaitanimbar,0.03264176861744304,0.4777847732342071,0.6052003913229661,0.19371927401691044,0.0,0.0,0.0,0.049260777786477646,0.31327996960822274,-0.2090067335002879,-0.3142530199116766,M,M,6,XS,0,-0.17551833711260903
277523,Pulau Sebesi,0.1679017080326511,0.7360180472360759,-0.24787881258774389,0.04623946647872685,0.0,1.2447659698801397,0.0,0.020231143202740373,0.07040999620102785,-0.19988621521588826,-0.21260743056335962,M,M,1,XS,0,-0.05467943172568585
277524,Pulau Panjang,0.9384629718128921,-0.30710288810868547,-0.5166284547427654,0.6300840676977207,0.0,1.5620909399537957,0.0,0.07826387274405076,0.061648936909978996,-0.15934582477284562,-0.28449032222612775,L,M,1,XS,0,-0.031616008405274794
277529,Pulau Binongko,0.4746452807471075,0.7548136803446863,0.3038275746526597,0.2614223590539366,0.0,0.0,0.0,0.07939312542908813,0.4484274890404411,-0.09362209630921296,0.5008047404241381,M,M,4,XS,0,0.7959549805727627
277536,Pulau Sebuku,-0.3302092520305006,0.44258702811646056,-0.3435528343330375,0.2572710583422568,0.0,0.0,0.0,0.051179845825802116,0.006440502167024483,-0.2182063486718372,-0.5696657723755889,S,M,1,XS,0,-0.16765963385932336
277539,Pulau Ur,0.2313800699553491,0.38441188293714806,0.5525324533552164,0.17786091804689852,0.0,0.0,0.0,0.04974337865176658,0.11905660322114776,-0.2406016368228128,-0.36589701305756217,M,M,6,XS,0,-0.1683045225748568
277547,Pulau Legundi,0.035402983806671215,0.4251773789294039,-0.21548749301163317,-0.12837540291076566,0.0,0.0,0.0,0.011169298752663037,-0.006454775761826355,-0.23201963307232926,-0.12110042291817497,M,M,1,XS,0,-0.12297696838926007
277548,Pulau Siuncal,0.3288878902578863,-0.834053060749244,-0.18627637270417685,-0.04762575960623514,0.0,0.0,0.0,0.011736782163331053,0.01626329731751575,-0.22727034524729198,-0.7022079481739703,M,M,1,XS,0,-0.19503049919924875
277550,Pulau Karimunjawa,0.6956555650401335,0.011658385246972658,0.2772323054756989,0.06238957444630529,0.0,0.0,0.0,0.09982409256038623,0.05587215690120989,0.3906119723605573,0.006500671260892153,M,M,4,XS,0,0.3619650950535418
277552,Pulau Tabuhan,0.3701095280106646,0.6136538421472109,-0.5406776618076969,-0.3057018700734327,0.0,0.9267291845446729,0.0,0.042645766523046386,-0.11569864854676505,-0.3187950712338582,-0.38403251234755786,M,M,1,XS,0,0.08840293234026451
277553,Pulau Wamar,1.1543274094317861,1.0001844226183805,0.21282242882305288,-0.053047608382981615,0.0,0.0,0.0,0.04171924169761859,-0.457069967697757,-0.10754515459432236,0.7463257023406374,L,M,3,XS,0,2.4402586741384282
277557,Pulau Aranlau,-1.0491671173724635,0.765136377222587,-0.5797373613327954,-0.03527412989324298,0.0,0.0,1.1246906267596422,0.031124381849713997,-0.8746564272533438,0.15808807181391693,-0.5577911574239597,S,S,1,XS,0,-0.12561757028883117
277559,Tomia Island,0.9026476011797491,0.46938673689597793,0.24740872105126527,0.38489471741774656,0.0,0.0,0.0,0.07968227608812074,0.4548440188879918,-0.1472190230095203,0.6098026500182198,L,M,3,XS,0,1.509992771457408
277560,Pulau Taam,-0.5254236143763091,0.9576373244807972,0.5352629369478723,0.22248231598443838,0.0,0.0,0.0,0.050232883088158875,0.3118152791878544,-0.2217384223748308,-0.34896386760890963,S,M,6,XS,0,-0.19148427978018848
277566,Pulau Puhawang,0.6028173640300045,-0.0029329135001898705,-1.2754088650246214,-0.006442605179850845,0.0,0.0,0.0,-0.08889330938846415,-0.23004990634325873,-0.2042656109121875,-0.6598772596392973,M,M,1,XS,0,-0.11310147818544518
277568,Pulau Liukanglu,0.41274119434901374,0.11656081778176672,-1.1255976300897548,1.0931480920527152,0.16730530852494233,0.0,0.0,0.04665665301780961,0.7317407783427844,-0.25081667989105716,-0.5238418368858957,M,M,1,XS,0,-0.1797612175552748
277569,Pulau Siumpu,0.9404607581629314,0.2969393905081341,-0.48047171123509835,0.03742944872398644,0.0,0.0,0.0,0.06883280413406646,0.5270179020157989,-0.0793442888467955,0.5966500696875021,L,M,1,XS,0,2.088248221385711
277574,Pulau Walis,-0.5109990564294289,0.7073533074897428,0.5156907479004045,0.1926218396816163,0.0,0.0,0.0,0.051034584039449764,0.19429162344939352,-0.31041086617161057,0.37804943620177944,S,M,5,XS,0,-0.17755927953602774
277577,Pulau Ujir,-0.7252510444763419,0.9822165624259592,0.26420732742137476,-0.25552286931130164,0.0,0.0,0.9679084219410874,0.03776862494495092,-0.5551764106520537,-0.06970035071126579,0.20357879320449185,S,M,3,XS,0,-0.14411064493178574
277578,Komfane,-1.1507850601033358,0.8808451685034766,-0.18588280799146598,-0.24172437849038805,0.0,0.0,1.2030549208727668,0.03384802254108895,-0.914443523777247,0.1114088227354252,1.1928003622918202,S,S,1,S,0,0.32077990510075244
277580,Pulau Lenteaoge,-0.02172556465229631,0.8348876396770202,0.23287179058895635,0.5927456013101923,0.0,0.0,0.0,0.07601413827182459,0.4935488841342772,-0.15971046615495563,-0.6344260185513095,M,M,3,XS,0,-0.1453384684163508
277581,Pulau Lenteakiwolu,0.9647773122664511,0.10029044494555225,0.23287179058895635,0.5927456013101923,0.0,0.0,0.0,0.07601413827182459,0.4958524227414232,-0.17720086061020734,-0.7510494529503599,L,M,3,XS,0,-0.10549779195005776
277582,Pulau Masalembu Besar,0.8116875093793713,0.2555429359240582,0.498948737897823,-0.18663147216884438,0.0,0.0,0.0,0.10056162518861962,0.26268263796527347,0.30832076312366136,0.2458851649796286,M,M,5,XS,0,0.6320318578603911
277583,Pulau Duroa,0.3744567215536451,0.7667819220881261,0.4985624451537622,0.1657681631881095,0.0,0.0,0.0,0.056636001121405904,0.049372181422513775,-0.3624062775278978,-0.3548212578637654,M,M,5,XS,0,-0.09893885599613694
277584,Pulau Kaidulah,1.2003151681192314,0.6791666124899651,0.5817460309014804,0.08293123191766391,0.0,0.0,0.0,0.03609215913236451,-0.010111011968592236,-0.23752202898425562,0.5017039824595237,L,M,6,S,0,2.6549244474635647
277585,Pulau Tayandu,0.25677853028611275,0.9885579120872632,0.5156907479004045,0.1926218396816163,0.0,0.0,0.0,0.051034584039449764,0.14791195607539093,-0.33248114893241637,-0.14070742375473022,M,M,5,XS,0,-0.02072096577633986
277586,Pulau Kadatuang,0.9842815726319643,0.12792453409082954,-0.3636879379654264,0.01991456539520469,0.0,0.0,0.0,0.07033015814855594,0.2492237360365814,-0.17978405615109097,-0.2137261461239566,L,M,1,XS,0,0.4660374684081099
277587,Pulau Telaga Besar,0.8985135437057112,-0.019137707634170196,-0.08914187774477665,0.16766672987509962,0.0,0.0,0.0,0.07012887845409824,0.6399308206438635,-0.18229025356387513,-0.1728346821813983,L,M,2,XS,0,-0.00463822977218902
277588,Pulau Tanakeke,0.7799797698821729,-0.9557108933587484,-0.012676385695133784,-0.22888005756129823,0.28440437311042055,0.0,0.0,0.09331954479660191,0.4931023768097271,0.2344978275306663,0.1035692360155428,M,M,2,XS,0,0.09675195844981489
277592,Pulau Kaledupa,0.7855283556935903,0.8772616531473771,0.19273516871827165,0.6857700641189678,0.0,0.0,0.0,0.08036225525740266,0.3420796920417023,-0.22661786919631935,0.07888868477087618,M,M,3,XS,0,1.4943722248396485
277594,Pulau Lantampeak,0.29398217729773873,-0.7787381433782901,-0.39889015365276836,-0.009347624886812617,0.2522955264144279,0.0,0.0,0.1030422817141737,0.4506373343073537,0.20798353237644235,-0.24651752970339708,M,M,1,XS,0,-0.1737559543385427
277600,Pulau Masalembu Kecil,0.06878806095857508,-0.07021496375968267,0.502942776024228,-0.16817507745796004,0.0,0.0,0.0,0.10031483568425169,0.26688712660824987,0.31581187139234607,-0.3109920440141371,M,M,5,XS,0,-0.1820153659171254
277607,Pulau Doangdoangan Besar,-0.0843065606683011,-0.5381115315408551,0.5105830003024255,0.3119114237952908,0.0,0.0,0.0,0.09847043018458662,0.5495108914848126,0.2784087863417372,0.07706379665352686,M,M,5,XS,0,-0.17213378892192097
277610,Pulau Kapota,0.5389030000232299,0.4821103284192632,-0.04256507546798607,1.196002789764275,0.0,0.0,0.0,0.07514357786898522,0.24916664165737662,-0.21293652249961778,0.3213557393186095,M,M,2,XS,0,0.0058527477562046555
277611,Pulau Warilau,-0.5496579523500921,0.5812182304265892,0.4379637849665308,-0.30386043586227846,0.0,1.414821705055955,0.0,0.03314042062245137,-0.49260023906441414,0.04664086326550184,-0.03690129363696337,S,M,5,XS,0,-0.10055609554713364
277612,Pulau Runduma,0.3981377461474854,0.05890844396160884,0.3355386131012887,0.8731622087069867,0.0,1.6996368099202253,0.0,0.08051212175277397,0.5189192839193681,-0.1554202651744881,-0.44702433257676777,M,M,4,XS,0,-0.17098093801507522
277613,Pulau Namsar,0.06734173855809801,1.1241511861310851,0.4757514710577842,0.27338397896964733,0.0,0.0,0.0,0.054618756979438854,0.04298639470222719,-0.308568288970505,-0.10101002422030465,M,M,5,XS,0,-0.0053982971882289435
277617,Wangi-wangi Island,0.787319333549468,0.6921512416190264,0.17140105045308632,0.9328763593353436,0.0,0.0,0.0,0.0958451974035353,0.2539881887832968,-0.19369242654628566,1.0962721356028173,M,M,3,S,0,2.4814709207279697
277621,Pulau Kalukalukuang,-0.20185974032427806,0.08383096977316634,0.4207104279085744,0.2690302612019118,0.0,0.0,0.0,0.10221879476609254,0.4765354911104784,0.2611147419488265,-0.4326222439127394,S,M,5,XS,0,-0.19300585153034214
277629,Pulau Keramian,0.41859139500570086,0.14265202876601776,0.48106335243861464,-0.13838544347362108,0.0,0.0,0.0,0.10122751796346152,0.16867308270852943,0.22500007648783554,-0.19236541611466548,M,M,5,XS,0,-0.11754343716310706
277634,Pulau Witamemea,-0.21900482171373473,0.4362902463380336,-0.3910865707083971,1.167332103577372,0.0,0.0,0.0,0.06924035718631426,0.13156393216309376,0.07472785945073475,0.6594083828139723,S,M,1,XS,0,-0.08263482671286919
277638,Pulau Teor,0.18430114231460415,0.7251723357297768,0.3388599850327737,0.4757113900593887,0.0,0.0,0.0,0.05408052687822904,0.0690572986014073,-0.3946261141872989,0.1085418618427365,M,M,4,XS,0,-0.07066859316959179
277654,Pulau Tobea Besar,0.22755551387508985,0.23955947996785498,-0.7587557630674022,-0.32011514669561125,0.0,0.0,0.0,0.10416360409420813,0.21231368383914317,0.020262660971954175,-0.21256560580350486,M,M,1,XS,0,-0.05689549164137786
277655,Pulau Banda Besar,0.8639922259170498,0.4473278590754824,0.2647843682983234,0.21174366180890314,0.0,0.0,0.0,0.0642050410444234,-0.16411687805006592,-0.184355219250457,-0.22319915815620572,L,M,3,XS,0,0.35967242952666945
277656,Banda Api Island,0.7588129134088814,0.07564595797794534,0.2647843682983234,0.21174366180890314,0.0,1.8355033285275877,0.0,0.0642050410444234,-0.1947549662960168,-0.20827379064726648,-0.4728498441186664,M,M,3,XS,0,-0.00690790265232583
277658,Pulau Kisyui,0.4956508111511424,0.6350103679274405,0.3076438706070772,0.554993209436126,0.0,0.0,0.0,0.054623317103279154,0.0035572360171846258,-0.4243560310773578,-0.03788073891128434,M,M,4,XS,0,0.1344729613286862
277666,Pulau Manawoka,0.2924850104393827,0.8520774351678854,0.2197652046146933,0.7861329207555058,0.0,0.0,0.0,0.05413704208230178,-0.07911835298819538,-0.40434827862548295,0.6558040506659921,M,M,3,XS,0,0.18182024947567424
277671,Pulau Kayumerah,-0.5773662291886031,0.2660071749768915,-1.0948994280022608,1.3392468566669375,0.0,0.0,0.0,-0.05313388068512846,-0.14017347175548447,-0.05254499129896317,0.24113625521649626,S,M,1,XS,0,-0.18118295652452943
277672,Pulau Panjang,0.3155935433021864,0.4732235830620445,0.10080429942658611,0.9732205796307577,0.0,0.0,0.0,0.05008944402846767,-0.08942022853855225,-0.42613619497149463,-0.12706961405509254,M,M,3,XS,0,-0.04523401164380746
277674,Pulau Gorom (Goran) Laut,0.6471417644566034,0.9224255126031267,0.22316255026608592,0.8218781281007499,0.0,0.0,1.0332002451695448,0.0564407073067028,-0.11218112240229725,-0.41985688910912555,-0.15276732521270825,M,M,3,XS,0,0.7492121564534368
277676,Pulau Seramlaut,0.6347488567296531,0.30425322327531445,-0.21810979591499594,1.2433253361675096,0.0,0.0,0.0,0.015140991860083,0.07246612583161989,-0.39667681367882046,-0.37385329121101357,M,M,1,XS,0,-0.07705936669983418
277680,Pulau Nusalaut,0.7161776789819894,0.6163891880526082,-0.6591567509883325,2.090266235560576,0.0,0.0,1.1732624997171788,0.02508934348931004,-0.022138894521062335,0.28776773847741804,-0.06113810271847748,M,M,1,XS,0,0.2565158571589383
277683,Pulau Menui,-0.004564806445740244,0.8152328772210885,-0.2604802020896858,1.484398740403551,0.0,0.0,1.0476927476954585,0.07306596586986676,-0.0881941633440903,-0.030939609308746206,0.640044354604244,M,M,1,XS,0,0.171029385571643
277693,Pulau Karas,-0.7165108434510866,0.7891823125921393,-0.5748529153835928,0.08615682454548919,0.01029440777304725,1.51356295658012,1.123783936485998,-0.01595889872763762,-0.07361496721831061,-0.4186629832832703,0.6025865257615766,S,M,1,XS,0,-0.13992379362683408
277699,Pulau Parang,-0.0462024713516067,0.5776877586734281,-0.31123013891133344,0.8363903126063538,0.0,0.0,0.0,0.002334405891782437,-0.04656138121550937,-0.3064189171334714,-0.44414709699135163,M,M,1,XS,0,-0.1693052426830543
277703,Pulau Manipa,-0.01988057675085866,0.9960840080182263,0.2780644755729935,0.48116115676020704,0.0,0.0,0.0,0.03979920910827015,0.133384364484661,-0.25671007927855705,0.29764904092303973,M,M,4,XS,0,0.32731997751251396
277711,Pulau Seliu,-0.0015622830286307382,0.28927352957978925,-0.11493457006344138,0.25094752683708466,0.0,0.0,0.8300952437814737,0.08109379260905274,-0.26814686284685685,0.13363469148627746,-0.5711391062331055,M,M,2,XS,0,-0.1363807935920308
277721,Pulau Selandu,-0.12728002493781101,-0.3340939119542018,-0.10614865234422201,0.5716667049892978,0.0,0.0,0.0,0.06710294516529201,-0.2385785622317774,0.13646429110202815,-0.2261899202379633,S,M,2,XS,0,-0.19519769681376894
277725,Pulau Paku,1.0344852826877438,0.11003765974290922,-1.026861560362947,2.1404161663372245,0.0,0.0,0.0,-0.059509828523186536,0.03128204696525007,0.07997053449947121,-0.3026745704339057,L,M,1,XS,0,0.10831558355660607
277739,Pulau Utama,-0.942671060927531,0.45964198337306345,-0.914014008972553,1.1179488899883974,0.0,0.0,0.9311171810531367,0.08761378656929558,0.3228052152055507,-0.6698435658691682,-0.41881362949169126,S,M,1,XS,0,-0.183536709835518
277742,Pulau Pua,0.42623250961133285,0.20098068784589274,-0.29469793379074316,0.7065467698327695,0.0,0.0,0.0,0.08245922679720562,0.01991880154506174,-0.40523737045257197,-0.37029100369196943,M,M,1,XS,0,-0.13719835946251593
277744,Pulau Nutorutomorya,-0.2847929198268094,0.3094773487424193,-0.9000589482608632,0.917419100826782,0.0,0.0,0.0,0.0965280516149268,0.3301264713697308,-0.671392017465395,-0.47332152591414156,S,M,1,XS,0,-0.1956696817072404
277756,Pulau Liat,-0.11624435699984736,0.5241897460217532,0.07850715643890198,0.275086102491878,0.0,0.0,1.0409338327086584,0.0954336701411206,-0.21754111344287091,-0.0602610857810954,-0.03793344252782268,S,M,2,XS,0,0.5292856737112392
277757,Pulau Batudinding,-0.2157639160130092,0.24462549113909707,0.07774621187759918,0.24798549297662184,0.0,0.0,0.7906354645381944,0.09973320920255029,-0.5833096660052014,-0.05445460613622864,0.2217115743522776,S,M,2,XS,0,-0.16585145155828943
277758,Pulau Pagai Selatan,-0.6150212347351409,0.8768816391489833,-0.04207342485652925,-0.0333344569871279,0.0,1.2387267093731198,0.0,0.044985020738649226,-0.5732325080755607,-0.5336441330671475,0.458870437554519,S,M,2,S,0,1.3903323198976614
277762,Pulau Bawal,-0.723970148625092,0.8687219634781717,-0.057194410491749406,0.1935816941339563,0.0,1.277206351440716,1.0472487666753778,0.08493698650089417,-0.2233680340282493,-0.0793472301955341,0.2385809604763626,S,M,2,XS,0,-0.11642991706136539
277768,Pulau Sudimara,0.09752259648971767,-0.06012169454264038,-1.172688885302216,0.4135592988306642,0.0,0.0,0.7906354645381944,0.10254586682057762,-0.5589029168639954,-0.35840422176063524,0.2626240939323683,M,M,1,XS,0,-0.0887204856976233
277769,Pulau Yop,-0.571634788562604,0.17008971042350954,-1.3076342750346635,0.20263800962132997,0.0,0.0,0.0,0.046481098240423825,-0.165289142771815,-0.6248202138877619,-0.5823140975785912,S,M,1,XS,0,-0.20539375120000183
277773,Pulau Amutu Besar,-0.8948437212208757,0.5966105402042224,-0.9711439970288819,-0.04257806688819725,0.0,1.0080756498813326,1.0910924518708625,0.06352953003636219,-0.10952586777966547,-0.47177586866841664,0.36531493167938717,S,M,1,XS,0,-0.10353671323155653
277780,Pulau Roon,-0.5035616284842661,0.49012463354836855,-0.34823476844749945,-0.40244362475306394,0.0,0.0,1.0501585878553903,0.07190899236581462,-0.15724871702342114,-0.5674009806489316,0.5183552809341416,S,M,1,XS,0,-0.10519619876284554
277803,Pate Island,0.29068498571626966,0.07813229451011557,0.6161877739911024,-0.0859180406915531,1.6465292710575588,1.8468979106206382,0.0,0.045672953250522494,1.1496079519294606,-0.27408790241897185,1.2534196674747229,M,L,6,XS,0,1.4246391606101492
277804,Pulau Kano,0.24420929625121765,0.22343758051416168,-0.4050871414979254,1.2698135973810682,0.0,1.4113159696315243,0.0,0.06519537255209486,0.15807548755305934,-0.23748124442923219,-0.5782344122693581,M,M,1,XS,0,-0.15424932435860558
277806,Pulau Mbuangmbuang,-0.27283818197115084,0.5655096934145707,-0.03492297217321401,0.7314949326340638,0.0,0.0,0.0,0.06387520062614192,0.1348336833413973,-0.2001106789233991,-0.21118003785866227,S,M,2,XS,0,-0.13986280172948423
277807,Pulau Tongo,-0.2357054019944478,0.6273680057628144,-0.03492297217321401,0.7314949326340638,0.0,0.0,0.0,0.06387520062614192,0.07660400436552407,-0.17180567914787037,-0.5725898907597299,S,M,2,XS,0,-0.18828167448576696
277812,Yabatano,-0.4006256924437273,0.2500603855601167,-0.27572496196906915,1.0026204965944667,0.0,0.0,0.0,0.017650357231456682,-0.41322843827109434,-0.33518925956666973,-0.1137078826179871,S,M,1,XS,0,-0.18388985627781956
277813,Pulau Mioswaar,-0.9706302510614847,0.5647131560830307,-0.04035544393694093,-0.6484905516661126,0.0,0.0,1.2323541740232233,0.035517610054732085,-0.28877403728262896,-0.5078240704132684,0.0068839490475567314,S,M,2,XS,0,-0.021865117186371703
277821,Pulau Ambai,0.48829466558444445,0.6425480168110138,-1.243575997782099,0.7579481157987862,0.0,1.1501852920432425,0.0,0.05300849494797483,-0.046212959106516203,-0.6601751544939988,-0.7121765381657965,M,M,1,XS,0,-0.05724613405518046
277825,Pulau Molilis,-0.25405277078238625,0.4353353800600448,-0.1680455193017821,0.9032527716845687,0.0,0.0,0.0,0.05405149288886299,0.09194262893264986,-0.16998916610943268,0.28864393170172564,S,M,1,XS,0,-0.15588197479997296
277829,Pulau Kokudang,0.10802684318139276,0.006060165881705615,-0.1680455193017821,0.9032527716845687,0.0,0.0,0.0,0.05405149288886299,0.1688904805370385,-0.18403865544170647,-0.47102922592997104,M,M,1,XS,0,-0.18224531593850832
277831,Pulau Bokan,0.1298474284312187,0.8638939237651538,-0.043983247863770926,0.732959007733851,0.0,0.0,0.0,0.05756101301356261,-0.12682180478260652,-0.19842780812368063,0.10013951887085773,M,M,2,XS,0,0.3131952908035982
277838,Pulau Kurudu,-0.019258952724880467,0.6396049198011545,-0.5041972997068741,0.7996955360699028,0.0,0.0,0.0,0.07867124961560684,-0.1842452086470176,-0.6779124222489963,-0.24238152972594645,M,M,1,XS,0,-0.12975119188724593
277839,Pulau Gommu,0.14627648622895842,0.8708712846662163,-0.3825510337046971,0.040866899717162654,0.0,0.0,0.0,-0.019963008947448055,0.25959880950899566,-0.4204583486132738,-0.3182370201203188,M,M,1,XS,0,-0.08617670698295918
277840,Pulau Timpaus,0.0723296690422627,0.30931381073739833,0.03167937284157093,0.7572253416266236,0.0,0.0,0.0,0.07998274617706276,0.1843213344859566,-0.2896589240450277,-0.30356915975446336,M,M,2,XS,0,-0.11160750451214867
277842,Pulau Lipumatole,-0.8162567113804123,0.6262916920403817,-0.06527580536414894,-0.05316224989643901,0.0,0.0,0.0,0.05865757760004182,0.26645233095122894,-0.37590946916013546,-0.3732286825726085,S,M,2,XS,0,-0.18607684129593724
277844,Pulau Masokut,-0.45906927575946094,0.4432173190200488,-0.38358158422341015,0.020076462972361844,0.0,0.0,0.0,0.047179165621063036,-0.4028112759934971,-0.5801177617621529,-0.31081279935459466,S,M,1,XS,0,-0.18617258482831997
277849,Pulau Bangkurung,0.02311673052347621,0.7702021846504505,-0.4737082138172712,1.980373232580501,0.0,0.0,0.0,0.008060259998421339,-0.29666404130119556,0.03937894230483136,0.5284909484748479,M,M,1,XS,0,0.35324169344534373
277855,Pulau Limbo,0.5901127506836926,-0.06290955891924789,-0.1422055222145354,0.593243934457295,0.0,0.0,0.0,0.029699224158344452,-0.10557866983272148,-0.29427518397249064,-0.5164283129955042,M,M,1,XS,0,-0.13443382687657582
277862,Pulau Labobo,0.15162233668965613,0.9148709273980624,-0.2829994358482413,1.448480777925225,0.0,0.0,0.0,-0.005043987262152795,0.02094467042269604,0.010312142678595305,-0.04028288592503572,M,M,1,XS,0,0.21140749150684915
277869,Pulau Liki,-0.6740648470305639,0.6269377942243402,-0.07100698083832974,-0.07946683886445673,0.0,0.0,0.0,0.07140200078057213,-0.08091316603704254,-0.5663774551265306,-0.6034121427877203,S,M,2,XS,0,-0.2022492718916528
277880,Pulau Malamala,-0.22265667696626712,-0.6638687050255135,-0.23296150311374003,0.3737199656234238,0.0,0.0,0.0,0.058527954630942895,-0.3414392102237022,-0.3522261405860903,-0.037305088103222125,S,M,1,XS,0,-0.15971547310085168
277883,Pulau Babi,0.1274523024784146,0.2012909366009959,0.045084172905047876,0.5420095570980049,0.0,0.0,0.0,0.08144529085541799,0.1258442465335294,-0.4937239525086005,-0.48674724070991027,M,M,2,XS,0,-0.16192190545900878
277891,Pulau Obilatu,-0.01828277638393089,0.765168329632423,-0.22252151400052142,0.01756775768435313,0.0,0.0,0.0,0.07338662342287276,-0.2557464028711153,-0.3360709830393702,-0.43902461943241716,M,M,1,XS,0,0.08911417654387535
277895,Genting,0.45084608216271965,0.14309501513867895,0.056836255635490225,0.6589780734473757,0.0,0.0,0.0,0.0980142578476509,-0.03633929140019573,-0.2299657735658198,-0.760248060254201,M,M,2,XS,0,-0.1546707906347868
277898,Pulau Owi,0.12635847107879195,0.4697075915076866,-0.5812146677053379,-0.9369627729682662,0.0,0.0,0.0,0.10305250381676516,-0.26312585138333094,-0.6188062339969113,-0.07841202428864921,M,M,1,XS,0,-0.17019250478387013
277899,Pulau Pasi,0.16933408310733167,0.6013143198960628,-0.41130962087339956,-0.8367001962803761,0.0,0.0,0.0,0.07573605752334404,-0.2041114906830018,-0.6136480894810242,-0.4658325586532238,M,M,1,XS,0,-0.1861255260165462
277910,Pulau Bromsi,0.00447032324667011,0.602598871983296,-0.41130962087339956,-0.8367001962803761,0.0,0.0,0.0,0.07254841688191428,-0.21133063574591243,-0.6083156806012625,-0.24023984259923944,M,M,1,XS,0,-0.1584881574190615
277915,Pulau Bakalan,0.12499506613332996,0.693221893588437,-0.46712416947481805,1.254591564293534,0.0,0.0,0.0,0.03937284601510038,-0.0254368268993573,0.03467330754384782,0.04124423055689339,M,M,1,XS,0,0.038008908311448396
277919,Pulau Efforobi,-0.364018305763356,0.43945389843804267,-0.07759205098700123,0.28163686261687804,0.0,0.0,0.0,0.08500416337971858,0.08476191277882003,-0.5416392492314085,-0.1342302292549927,S,M,2,XS,0,-0.1683082707426734
277925,Pulau Tapat,-0.15718132046248282,0.878612990721847,-0.5103086768505842,0.10547484252984413,0.0,0.0,0.0,0.08422004121440918,0.2135682962232068,-0.3325531774095685,-0.0606953797257466,S,M,1,XS,0,-0.11604441084224384
277926,Pulau Padaidori,-0.26250284767023757,0.11916636598316241,-0.41130962087339956,-0.8367001962803761,0.0,0.0,0.0,0.07254841688191428,-0.17634385895053212,-0.6142025594500816,-0.2666545683551717,S,M,1,XS,0,-0.20086587657322552
277940,Pulau Waiji,-0.49007469388503916,0.7956041502139368,-1.312818221486174,1.6537549948090253,0.0,1.7190069454862584,1.05686836040275,0.01754361587581553,-0.029783685500736005,-0.5985480006807162,-0.34439655701152283,S,M,1,XS,0,-0.11598964034114458
277942,Pulau Damar,-0.32393817862543484,0.6960964630906246,-0.4837191129312909,-0.6725356558750005,0.0,0.0,0.0,0.06842142811751109,0.14711775862106827,-0.3690543686419655,-0.12242584576494439,S,M,1,XS,0,-0.06086989609032803
277949,Pulau Muaraulu,-0.026603369739897298,-0.9791309776132084,-0.5998439915030007,0.6060621955561833,0.0,1.1615462955298606,0.0,0.11326416119078658,-0.2948926515874061,-0.486285640149358,-0.06445952068210951,M,M,1,XS,0,-0.16998072157421798
277952,Pulau Doworalamo,0.7203224927276859,0.37853160064813995,-0.9774979694900291,-1.0942918343521035,0.0,0.0,0.0,-0.0010251723788764775,0.3518611303662312,-0.32745589929051827,-0.5222331063764853,M,M,1,XS,0,-0.1251782063192145
277960,Pulau Perangatan,-0.32646690794429245,-0.5505171748523384,-0.7275770609342692,0.6928388016439794,0.0,1.4472263548366282,0.0,0.11326416119078658,-0.3594671264472144,-0.46842008541737273,0.6362826962650091,S,M,1,XS,0,-0.030292627523686416
277964,Pulau Panti,-0.2439600134629339,-1.1960138876178954,-0.5998439915030007,0.6060621955561833,0.0,0.0,0.0,0.11326416119078658,-0.35837391548128866,-0.4943880209057218,-0.01326747990960344,S,M,1,XS,0,-0.1869997632716902
277967,Pulau Kanyuran,-0.33706386773667724,-0.6461894311458491,-0.4629106802864479,0.4092145387490751,0.0,0.0,0.0,0.10325068025841391,-0.32108360007876097,-0.49594627239971584,0.5215364526761077,S,M,1,XS,0,-0.08584963134856975
277968,Pulau Genting,-0.3324113140842496,-1.0516926062970895,-0.6166794600272016,0.5955971765391426,0.0,0.0,0.0,0.11163783321848651,-0.37932096483644956,-0.4860980414851368,-0.060887295522478395,S,M,1,XS,0,-0.1513922372834123
277977,Pulau Pemankaran,-0.24470380537799327,-0.8157458009559112,-0.5805959605621268,0.43679736963236715,0.0,1.5229194203704781,0.9224628551402804,0.08818320079548583,-0.35394507520720503,-0.4847850948207224,0.655890675713043,S,M,1,S,0,1.129371668184363
277979,Pulau Kayumajarang,-0.0672114360878998,-1.2007387249049561,-0.4610812726227479,0.4056891757537672,0.0,2.6937509568596124e-15,0.759946838606137,0.08405023375234291,-0.35652237404284565,-0.46348123998303237,-0.3017679727470945,M,M,1,S,0,0.3023404634901052
277986,Pulau Perangatan,-0.3295553142278215,-0.6895621530199938,-0.43856684553015474,0.3715918110856006,0.0,1.5901648213017985,0.0,0.08497212554164135,-0.32695883129269726,-0.4553138088903004,-0.583611580499384,S,M,1,S,0,0.04813330127273988
277987,Pulau Obit,-0.0041012780286328095,0.8225246390906334,-0.739145119303418,-0.2985652342844722,0.0,0.0,0.0,-0.009780494253612994,0.0857105578486838,-0.46769485970449254,0.4381652796032442,M,M,1,XS,0,-0.03023044784519105
277992,Pulau Mansuar,0.12564673812833632,0.019493789914130054,-0.21851311331345136,0.8602634542623169,0.0,0.0,0.0,0.06616180160161464,0.37477720382473784,-0.5724345436482925,0.11823516918422544,M,M,1,XS,0,-0.1414308523444458
278002,Pulau Poat,-0.5689694446171206,0.37778139571736696,-0.5353742985309003,-0.38875904348516516,0.0,0.0,0.0,0.12353036582050624,0.531703301006691,-0.4934115130798665,-0.24636616341291032,S,M,1,XS,0,-0.18177627959179402
278006,Pulau Gag,-0.7580402695924952,0.3072199212899976,-0.009007956979172478,0.6696791540119891,0.0,0.0,0.0,0.08040098313748774,0.14816375692726835,-0.5391209185151643,0.724319196197702,S,M,2,XS,0,-0.09566724521838538
278008,Pulau Bandahara,-0.39575347074089884,-0.13649222496214686,-0.12159938056589316,0.7879628407014599,0.0,0.0,0.0,0.10188449795730323,-0.5640981393820192,-0.29526923628671503,-0.20124216549446006,S,M,1,XS,0,-0.18871122376132532
278018,Pulau Berau,-0.12649583393385672,-1.3555076300273436,-0.48413310389460235,0.3463774443439046,0.0,1.9043756722856733,0.0,0.05580691193192395,-0.3553969559912113,-0.5229819887030185,-0.39244614060026256,S,M,1,XS,0,-0.20460871373267153
278020,Pulau Rusukbuaya,0.14432164124689115,-0.22652335443886573,-0.12159938056589316,0.7879628407014599,0.0,0.0,0.0,0.10188449795730323,-0.5423755580426582,-0.29592359111922273,-0.7087197365353167,M,M,1,XS,0,-0.188833711892038
278033,Pulau Selayar,0.09402008593262573,0.41674714744942215,-0.3631413649843501,1.0029455395954128,0.0,0.0,0.0,0.09364226868001664,-0.5932396961115067,-0.30753983394940665,0.48925727330610735,M,M,1,XS,0,0.0215178323819352
278035,Pulau Talatakoh,-0.2976538691347123,0.7866612504141662,-0.6659101357038634,1.4175574796296648,0.0,0.0,0.0,0.11204398796686918,0.15582099155369178,-0.5099258887460416,0.5020636389270863,S,M,1,XS,0,0.08724587499848172
278037,Pulau Malenge,0.3739448335705641,0.21731054704503225,-0.6849026203263908,0.1653282956562754,0.0,0.0,0.0,0.11451263219447817,0.40289984547918656,-0.4914870022064264,-0.12218942906258609,M,M,1,XS,0,-0.10431678843843457
278038,Pulau Latalata,-0.13780009261310103,0.5704773584049634,-0.08681618553506337,0.057560232063053454,0.0,0.0,0.0,0.06839935294058502,0.16137598185862836,-0.37935902492601026,0.24349914854586116,S,M,2,XS,0,-0.1433381532895269
278040,Pulau Waleakodi,-0.003352563551723014,0.5499136213762675,-0.6647990351729058,-0.23158680388322692,0.0,0.0,0.0,0.11661030571729576,0.24875160943931124,-0.49883309318396923,0.4367128496301979,M,M,1,XS,0,-0.036233862318671886
278041,Pulau Waleabahi,-0.12961711822839725,0.5398900211686133,-0.5843619405960876,-0.5919303049276563,0.0,0.0,0.0,0.10438301495480562,0.350952744153499,-0.511558240642117,0.9492269097278206,S,M,1,XS,0,0.08044416268211804
278043,Pulau Muari,0.33522162570728875,0.6727025531163279,-0.06579028725165424,-0.05297492286760441,0.0,0.0,0.0,0.09210279491368822,0.23156620129867753,-0.3751512955814253,-0.41783307658361074,M,M,2,XS,0,-0.0006436134281990775
278050,Pulau Unauna,-0.3493859631132201,1.1325140296213747,-0.6307378223367609,0.6797955985671,0.0,0.0,0.0,0.1099379383278297,0.07173487859026657,-0.4948709297943783,0.9495572884576088,S,M,1,XS,0,0.027822822679430016
278052,Pulau Sigata,0.19918493441820967,0.45143137137101,-0.34921524901484524,0.19365264749104139,0.0,0.0,0.0,0.07834678861582836,-0.28915979033187345,-0.5116477215926629,-0.7218349287095557,M,M,1,XS,0,-0.16999818169706166
278055,Pulau Sipika,-0.44810092075504165,0.4763751525357294,-0.5190837177048975,0.058008656465436126,0.0,0.0,0.0,0.07539571280794159,-0.3887591049065292,-0.5460261732895806,-0.5040501998167893,S,M,1,XS,0,-0.2055290048268308
278061,Pulau Taneti,-0.46165201400974265,0.7234460687984593,-0.13306559788931574,-0.16411234570668776,0.0,0.0,0.0,0.08900607384814033,0.35651798216752223,-0.44164758102804375,-0.5879371766442817,S,M,1,XS,0,-0.15496386884270646
278066,Pulau Batumakele,-0.4370283097010419,0.10850335536876193,-0.5190837177048975,0.058008656465436126,0.0,0.0,0.0,0.07539571280794159,-0.40736601669351813,-0.5428300518584599,-0.43251664040148274,S,M,1,XS,0,-0.1883424881666354
278069,Pulau Telo,1.2082880218891183,0.25073608373190787,-0.3875884364362249,0.1306506583914851,0.0,0.0,0.0,0.07539571280794159,-0.3542484805941329,-0.5350415543980972,-0.4920950398933783,L,M,1,XS,0,0.6108784336518917
278072,Pulau Laluin,0.5933305620069316,0.0009861453273448469,-0.2905802739951941,-0.3742605278517806,0.0,0.0,0.0,0.08305935405160297,0.39664288710172096,-0.42497994975443726,0.2676813555061326,M,M,1,XS,0,0.0017306309021948368
278076,Pulau Yu,-0.6421426665130809,0.6758649484714743,-0.03723154862294889,0.5181097097901198,0.0,0.0,0.0,0.08253640337818802,0.28297163800114045,-0.5573663254086414,-0.5869399870854308,S,M,2,XS,0,-0.17438012162244132
278078,Pulau Kawe,-1.1411815948544815,0.04546552968264238,0.03732311242915625,0.9025582829874039,0.0,0.0,0.0,0.0822839409515269,0.007522733444642974,-0.5350444081168962,0.17469444573312148,S,M,2,XS,0,-0.17040368546582496
278080,Pulau Talas,0.014383012244582678,-0.17684349643832212,-0.4100169143494967,0.7947824581002413,0.0,0.0,0.0,0.10219043591743758,-0.5789276724012365,-0.2817823041872287,-0.654344718426067,M,M,1,XS,0,-0.1994155403561808
278083,Pulau Gebe,-0.3434380191866176,0.44257502853381925,0.012942447901285245,0.5492858556125112,0.0,0.0,0.0,0.08334366221985852,0.14112577672145044,-0.49560148815313276,0.971242914388645,S,M,2,S,0,0.23169886939148113
278086,Pulau Kentar,-0.34020662028984155,-0.16637356594620573,-0.12001091806928949,0.7263080746696091,0.0,0.0,0.0,0.10181750253875584,-0.3336886482466529,-0.24220009889538177,-0.3968163726153022,S,M,1,XS,0,-0.20275738542505825
278091,Pulau Kayoa,0.10375507530856838,0.5664682539102117,-0.2905802739951941,-0.3742605278517806,0.0,0.0,0.782998327945867,0.07372233390675748,0.3010559166246389,-0.3508890984521801,0.5043475808367229,M,M,1,XS,0,0.19111069087251792
278096,Pulau Siko,-0.016950431045189285,0.05826191201900638,-0.056172160656049845,-0.06824383178585226,0.0,0.0,0.0,0.09199374179927543,0.5719167754265791,-0.3595285255285023,-0.5154100934103268,M,M,2,XS,0,-0.20725531966317673
278098,Pulau Mamud,-0.09183932945871806,-0.38809233676417226,-0.11515242024755756,0.8415624087035697,0.0,0.0,0.0,0.10425907157347217,-0.5206134498253857,-0.3021256748900609,-0.5913611034251809,M,M,2,XS,0,-0.1976932223402773
278099,Pulau Bakung Besar,-0.5577067712729948,0.30978665207445905,-0.4100169143494967,0.7947824581002413,0.0,0.0,0.0,0.10890067967774278,-0.5047631717830794,-0.31153206107228365,-0.038672903871545705,S,M,1,XS,0,-0.07630169295533766
278107,Pulau Sebangka,-0.4140740416884438,0.42545021611360395,-0.14808529603774934,0.8357195903531037,0.0,0.0,0.0,0.10236425619063046,-0.43645304097107357,-0.2707597722903856,-0.4494438474905241,S,M,1,XS,0,0.1258227616023674
278113,Pulau Batang,-0.31445413576336223,-0.0009861453273448469,-0.03174979470061334,0.7990052938032958,0.0,0.0,0.0,0.11001707301979469,-0.40117200852902185,-0.32785481137734973,-0.5343716951396579,S,M,2,XS,0,-0.1867869755324455
278119,Pulau Duyung,0.2355533242411585,-0.09385045075570599,-0.03174979470061334,0.7990052938032958,0.0,0.0,0.0,0.11001707301979469,-0.3562669132948654,-0.28608244134761757,-0.7567124231408117,M,M,2,XS,0,-0.19820065081227184
278121,Pulau Makian,0.3306630076104348,0.9529728071778585,-0.241287813783319,-0.3633837098645689,0.0,0.0,0.8822291986216699,0.06050340104213321,0.00828325985481924,-0.41024506284672363,0.968787454183108,M,M,1,XS,0,1.434281021501397
278122,Pulau Temiang,-0.8120506607554706,0.13687456000724002,-0.03174979470061334,0.7990052938032958,0.0,0.0,0.0,0.11001707301979469,-0.41665556498182127,-0.30671057865938245,0.4371268035370622,S,M,2,XS,0,-0.14677965775975224
278130,Pulau Moty,0.7659839215029155,0.840302840117863,-0.16470066544224787,-0.09061612853248335,0.0,0.0,0.0,0.06050340104213321,0.1816949930425375,-0.4338949299048068,-0.4200613076451584,M,M,1,XS,0,0.26266613169862746
278139,Pulau Durai,0.7906073755035927,-0.4219814765887538,-0.26779670377737974,0.6332344489676677,0.0,0.0,0.0,0.10613483989362538,-0.40440662470473854,-0.39091205917684724,-0.19813141560048014,M,M,1,XS,0,0.03205062626092552
278144,Pulau Mare,0.4310616389271017,0.31373509706816327,-0.1320460423554091,0.17334832182081658,0.0,0.0,0.0,0.060443307291413645,0.23845266180583666,-0.4450543835376152,-0.4925897782850397,M,M,1,XS,0,-0.1595542573443794
278153,Pulau Serapung,0.306820923199116,0.2106126889721803,-1.064568535866534,0.31770973090915633,0.0,0.0,0.0,0.14520635293649528,-0.5627538595434353,-0.44243121721942,0.0858541386626136,M,M,1,XS,0,0.011313731703977589
278158,Pulau Ungar,0.6441268848747511,0.35405160215754444,-0.1853733857557164,0.4903112901425301,0.0,0.0,0.9654794886334092,0.10107072604221695,-0.475412634986118,-0.4143975000228184,-0.05967256429968152,M,M,1,XS,0,0.22542695024241327
278162,Pulau Durian Besar,-0.6051717482896144,0.08410246281268094,-0.19435123480317235,0.6225916465484629,0.0,0.0,0.0,0.10142481452481811,-0.4133199356736661,-0.4167091694877323,-0.07994498817362712,S,M,1,XS,0,-0.18192535665028456
278165,Pulau Miang Besar,-0.0605259037461822,0.33711309243031873,-0.7344857329717639,0.3780502109633643,0.0,0.0,0.0,0.07315557473860203,-0.1123560654360144,-0.5418586911686215,-0.3712416933337655,M,M,1,XS,0,-0.19561978501422997
278167,Pulau Telan,-0.2646237271365078,-0.14073503147941527,-0.07074372087450048,0.6447176795477505,0.0,0.0,0.0,0.10601843024712382,-0.30125977283756866,-0.28240292768610403,-0.4617258857369087,S,M,2,XS,0,-0.19919547587526473
278169,Pulau Numbing,0.0940990390451422,0.3588134319463027,-0.09948346852515909,0.6739116118553361,0.0,0.0,0.0,0.10743939722452363,-0.22240840927007763,-0.27979736190921506,-0.35909882945894944,M,M,2,XS,0,-0.1461560472982767
278175,Pulau Senjolong,-0.19375282260567803,-0.18398618127871078,-0.24683184029977345,0.9866538225055215,0.0,0.0,0.0,0.13769146060613796,-0.3597456445406428,-0.30189298172837176,-0.08087649007193212,S,M,1,XS,0,-0.16287105584249897
278176,Pulau Gin-besar,0.08444286171698076,0.2622586985140046,-0.24510330761985583,0.9757590421390779,0.0,0.0,0.0,0.137655823360715,-0.28409815402160365,-0.27439966943852995,0.39307996528807554,M,M,1,XS,0,-0.08330631188310401
278177,Pulau Degong,-0.011687574757706005,0.07384642126557911,-0.095912634647457,0.37834700800204923,0.0,0.0,0.0,0.10468662228868768,-0.44072084581662896,-0.3798480155265246,-0.6276795073103894,M,M,2,XS,0,-0.18541822860136922
278178,Pulau Mantang,0.15557146859956858,-0.1466241998134963,-0.24683184029977345,0.9866538225055215,0.0,0.0,0.0,0.13706839738228138,-0.39722041870675306,-0.3345585902064994,-0.1160696163845463,M,M,1,XS,0,-0.09635133835819967
278179,Pulau Topang,0.4149802627650489,0.13344945611701628,-0.8818518717642231,0.49967318149576573,0.0,0.0,0.8950780400582786,0.13689453225354406,-0.5490603582745486,-0.4193965205518931,0.33400985945159894,M,M,1,XS,0,0.07092606875935248
278180,Pulau Galang,-0.11677761411031959,0.2486236584786368,0.055633791130054566,0.6786632225663763,0.0,0.0,0.0,0.10457573825309689,-0.46679211570541934,-0.3349646806811359,0.9690702354288127,S,M,2,XS,0,0.15020007764588342
278181,Pulau Lemukutan,0.24343870780111831,0.40491977427237497,-0.05158118912774488,0.6364473613393352,0.0,0.0,0.0,0.10558094334179416,-0.13293126934712576,-0.46280175031958076,-0.19935183547831542,M,M,2,XS,0,-0.1383631575613857
278187,Pulau Sugi Bawah,0.7716682254897453,-0.318145341377121,-0.07969947056569425,0.2458251342631718,0.0,0.0,0.782998327945867,0.10468662228868768,-0.41289758366339496,-0.4209645059843459,-0.2813766454355838,M,M,2,XS,0,0.5720493033287154
278188,Pulau Citlim,-0.41610625861190575,0.1916895113712211,-0.09328233990986406,0.3799644201139616,0.0,0.0,0.0,0.10214276604326795,-0.44913860685322865,-0.36202686121992034,0.11251643396705927,S,M,2,XS,0,-0.16632533411356645
278197,Ternate Island,1.6896797859195565,0.6582667737071612,-0.16927329903297517,0.17497139760128966,0.0,0.0,1.2342863336934624,0.07347055211067978,-0.003403520380863428,-0.4896508835609778,0.43852950677474556,L,M,1,M,0,2.802833305445682
278198,Pulau Kelong,0.344554135252547,-0.33013163205921126,-0.23713298786277615,0.5793345779953873,0.0,0.0,0.0,0.13769146060613796,-0.38994344728541847,-0.2708268014878646,0.22443974457946606,M,M,1,XS,0,-0.06374539167450516
278200,Pulau Hinako,0.550244909988191,0.08550294690173627,-0.6016229940667076,0.24433700330072164,0.0,0.0,0.0,0.05178224482791708,-0.4634195214466252,-0.4534650197330274,-0.46400478620586866,M,M,1,XS,0,-0.17909015527092428
278202,Pulau Belat,0.26766145157556415,0.41310359209311326,-0.1084035663434235,0.3622497440798162,0.0,0.0,0.9196022689260429,0.09816000778934561,-0.5194550927088282,-0.3589791536980096,0.5981048370484023,M,M,2,XS,0,0.18861211864458738
278203,Pulau Sugi,-0.25657191591784184,0.4907163447709738,-0.009200947839179383,0.3727731446232505,0.0,0.0,1.08420543851911,0.10264019312525384,-0.4838044107603873,-0.4155735219581964,0.5632387344713715,S,M,2,XS,0,0.09996177736720276
278205,Pulau Poto,-0.3324595301082505,-0.16052079255585153,-0.24683184029977345,0.9866538225055215,0.0,0.0,0.0,0.13769146060613796,-0.37018476619485724,-0.25118005931869736,-0.14184110296518743,S,M,1,XS,0,-0.18015452396454168
278207,Pulau Buton,0.08413528721460996,-0.19705751797450058,-0.23713298786277615,0.5793345779953873,0.0,0.0,0.0,0.13769146060613796,-0.4472102075966268,-0.2572918185402966,-0.06771129548726987,M,M,1,XS,0,-0.07147194325751156
278209,Pulau Combol,-0.4361295658171522,0.3589751626263521,-0.011168123523965439,0.36184554473971775,0.0,0.0,0.0,0.10214276604326795,-0.5258749164628728,-0.3955601454538492,0.2324538910712613,S,M,2,XS,0,-0.06193516114571732
278211,Pulau Hiri,1.2833264098794859,0.5183632800338163,-0.1117652478037128,0.35837824318319145,0.0,0.0,0.0,0.07347055211067978,0.4459358317736076,-0.4772426808196764,-0.5002417988337085,L,M,2,XS,0,0.14828944078403133
278217,Pulau Papan,0.11946672400501927,0.5538113835626975,-0.12193265951084975,0.29117004268369673,0.0,0.0,1.0015865518378293,0.09535953200820836,-0.501492322635945,-0.2939959998137664,0.23192767177019485,M,M,1,XS,0,0.06395670252260419
278218,Pulau Buru,0.6422377374651216,-0.0645536331462136,-0.16428295849945032,0.2549017354381589,0.0,0.0,0.8640586885306744,0.10154547787147572,-0.4310352967699953,-0.32698864047761145,-0.12275770810199307,M,M,1,XS,0,0.09973021347816695
278222,Pulau Kinun,-0.20758798681224816,-0.056233540473009686,0.04540506275663396,0.7070199763280681,0.0,0.0,0.0,0.10305349021150124,-0.5515618972608599,-0.25928848343605027,-0.4151339400602151,S,M,2,XS,0,-0.2022414492372203
278225,Pulau Tulang,0.03192783626664571,0.17050764229491094,-0.12010677489985723,0.2719684839826881,0.0,0.0,0.9765897378852857,0.09535953200820836,-0.5097589299634961,-0.2780138075400668,-0.6442702902101684,M,M,1,XS,0,-0.17425709378101414
278226,Pulau Parit,0.5387975782301753,0.019368015691879462,-0.11144034338578285,0.1880381570668434,0.0,0.0,0.0,0.09535953200820836,-0.4663825733315083,-0.2796063395012552,-0.1370104255518156,M,M,2,XS,0,-0.042472574517916126
278229,Pulau Subangmas,0.16435151702138892,-0.2704867338020293,0.04540506275663396,0.7070199763280681,0.0,0.0,0.0,0.10305349021150124,-0.5764063699759692,-0.2536734457591947,-0.1912823628383894,M,M,2,XS,0,-0.13527472165002624
278230,Pulau Benua,0.14314392796598024,0.4065611710625185,0.054553688376926854,0.620433526869739,0.0,0.0,0.0,0.10777807439741607,-0.3103952394999404,-0.2639752271871072,-0.7236762038425035,M,M,2,XS,0,-0.09254565763342236
278244,Pulau Tambelan,0.7919119677752445,0.28907474993483867,0.04394353296474676,0.6268515559567669,0.0,0.0,0.0,0.10834543736028664,-0.2575584174316459,-0.26218202728931755,-0.11730236163770148,M,M,2,XS,0,1.180568819870633
278245,Pulau Nginang,0.38007282884547794,-0.27320363636522477,-0.09493715284844695,0.6315253231093998,0.0,0.0,0.0,0.09662001705066205,-0.5679582318017156,-0.2729478426731785,-0.39066864655612576,M,M,2,XS,0,-0.1556684916139683
278246,Pulau Mapur,-0.21553327961674582,0.14812528686859902,-0.10420730784419745,0.8706462973487856,0.0,0.0,0.0,0.12498001247603843,-0.19413351593775025,-0.26541931340650504,0.06079969130656084,S,M,2,XS,0,-0.128414996607391
278247,Pulau Bulan,0.128558534843645,0.42554314812780103,0.009806567251758781,0.4305768837264688,0.0,0.0,0.0,0.10084172270117228,-0.5438841672162611,-0.3907205789469542,0.5716474192597059,M,M,2,S,0,0.620636002730245
278251,Pulau Kepalajernih,-0.426040138914977,-0.004530644853316035,-0.17570086009189784,0.28508459140924786,0.0,0.0,0.7976038456430713,0.09577122032375569,-0.46262349404425107,-0.3488743029558962,-0.21972020911733287,S,M,1,XS,0,-0.12377602972422841
278256,Pulau Kabetan,-0.19931309287898144,-0.0964351262618694,-0.8519338743359495,0.9831695412693835,0.0,0.0,0.0,0.13230922121569788,0.3680312833279289,-0.4863559105633329,-0.0038339024692651785,S,M,1,XS,0,-0.19786325905549684
278260,Pulau Lumba Besar,-0.3215346062131981,-0.13073942210789907,0.0047288204815434725,0.413229232703218,0.0,0.0,0.8461777975910664,0.09256976403230892,-0.5152107111983305,-0.32438040741599794,-0.16042035920049538,S,M,2,XS,0,-0.12690876252939842
278261,Pulau Simatang,0.0742869396125478,0.8522045829868945,-0.47497948773806203,0.42546767719554396,0.0,0.0,0.0,0.13826484951751175,0.5393378442772766,-0.4315021544006553,-0.31875412455920216,M,M,1,XS,0,-0.09748559884184131
278273,Pulau Mayu,0.16096291085502365,0.7677659667392722,0.24700157320896454,0.3430788755581105,0.0,0.0,0.0,0.07957148575131365,0.45422403248816573,-0.42366963967245364,-0.42057277249325176,M,M,3,XS,0,-0.06516741843547616
278277,Pulau Pandang,-0.537037415347152,1.0845946763779264,-1.1882888788979415,0.4727509934746272,0.0,1.4236624048518953,1.3826532023201656,0.12859343566408882,-0.5922442043715263,-0.4717049871267711,1.4008018539640141,S,M,1,L,0,2.716578703372955
278285,Pulau Bunaken,1.0853195125001232,0.32785583208276314,-0.5344737694928196,2.127709521444793,0.0,0.0,0.0,0.11020921245939953,0.44470391074538174,-0.3912482306151233,-0.5344996195960815,L,M,1,XS,0,0.0724852914914262
278286,Pulau Manadotua,0.8460093541488314,0.6724651940122021,-0.5331885232280501,2.1844496089396124,0.0,0.0,0.0,0.10630739801038196,0.3896751769010781,-0.32258288718375344,-0.5893618394479587,M,M,1,XS,0,0.019306206618692187
278290,Nusa Kahatola,-0.25005661610272645,0.30532998134247724,-0.25589619043375367,0.6140572855605259,0.0,0.0,0.0,0.04457757670495689,0.11708391922170114,-0.46494692035712315,-0.509362993335785,S,M,1,XS,0,-0.20117115256845566
278293,Pulau Manterawu,0.30792970738067366,0.3928437182476953,-0.5345727579993741,2.1234255312698562,0.0,0.0,0.7420594336536768,0.11020692335831067,0.555558503805194,-0.356625309192457,-0.28391726497085806,M,M,1,XS,0,-0.06730949700929617
278300,Pulau Bangka,0.06768749457505657,0.6464755905079046,-0.23431802609874058,0.8279252576323527,0.0,0.0,1.1313384212279447,0.10817713596881852,0.6301588980492022,-0.4165083617137421,0.20482849302483966,M,M,1,XS,0,0.022153648134093734
278301,Pulau Talisei,0.3502849658222029,0.6253166330112088,-0.21117726515187132,0.8177259170834442,0.0,0.0,0.0,0.10841250235446827,0.6406108293397768,-0.38622065506444325,0.000712018185954455,M,M,1,XS,0,-0.06430450601937199
278306,Pulau Bangkaru,-0.27585250237040093,0.6293647287661244,-0.5163129481331374,0.2258647167093542,0.0,0.0,0.0,0.08112683355790251,-0.27514787810203645,-0.5096721817616333,0.5062154381056613,S,M,1,XS,0,-0.017866780865086883
278308,Pulau Salangadeke,0.31187423654996127,-0.19301416499747479,-0.03262327403790399,-0.3004044803346616,0.0,0.0,0.0,0.06782565576484155,0.34556318115241347,-0.5027758468418995,-0.6348186549112028,M,M,2,XS,0,-0.19664892789104801
278309,Pulau Biaro,0.3973154758104187,0.5272802118154329,0.09366190852443113,0.07391445123283039,0.0,0.0,0.0,0.0945499544001805,0.6285331722003076,-0.4166175044030162,-0.4358001812685012,M,M,2,XS,0,-0.002560613652854622
278310,Pulau Guntung,-0.9344732836733042,0.15233959583579715,-1.5441734818052502,0.9311546048250606,0.0,0.0,1.015494998853257,0.09998094400187174,-0.3121633353072373,-0.20942043926717696,0.6627479429979874,S,M,1,XS,0,-0.16748860210778155
278315,Pulau Dagasuli,0.3124129179183034,0.3219988906574045,0.07328589751940444,-0.09435862767559476,0.0,0.0,0.0,0.07517780918527212,0.3688254807822516,-0.5233021966813174,-0.26990641311970187,M,M,2,XS,0,-0.1324482890298397
278318,Pulau Halang,0.6346524599957266,0.4822794243611802,-1.0288261628292057,-0.45041398686700157,0.0,1.8368488635051579,0.0,0.11054198180418091,-0.3178215346822734,-0.4331992094363652,-1.0670050247265703,M,M,1,XS,1,0.8125569045712073
278322,Pulau Doi,0.13495005858896508,0.8628556633779177,0.0613077061857787,-0.24311133859684814,0.0,0.0,1.0540615117038046,0.07627063872373445,0.269241903760836,-0.5153847758376857,-0.13357929909106228,M,M,2,XS,0,0.0021466356050900536
278325,Pulau Ruang,-0.010439964092544256,0.10163034646496948,0.13301989637060233,0.11325384865648834,0.0,0.0,0.0,0.09228090890243852,0.38639517801368656,-0.3865117906637066,-0.04635246794630266,M,M,3,XS,0,-0.15320674449588695
278327,Pulau Ujung Batu,0.6952009818416865,-0.010220528563131184,-0.5392043666695436,0.44370693601722977,0.0,1.0507788221129337,0.0,0.08068963464113704,-0.09209195269364694,-0.5058207608469558,-0.3854908228271647,M,M,1,XS,0,-0.05383824214892193
278329,Pulau Tapah,0.06513803635335,0.3445967629068381,-0.635400926216848,0.08610961546060356,0.0,0.0,0.0,0.08112241389968736,-0.37133141164388694,-0.5009948840215849,-0.3630813901389809,M,M,1,XS,0,-0.18518429394981747
278331,Pulau Tahulandang,0.9147306343374052,0.900782374434491,0.13301989637060233,0.11325384865648834,0.0,0.0,0.0,0.09228090890243852,0.15802937286216318,-0.4402321442164261,-0.16816623287509272,L,M,3,XS,0,1.817388394177449
278332,Pulau Rau,0.25818775594029253,1.0224357458001774,-0.025892526713697715,-0.27029116874646436,0.0,0.0,1.0294049468179323,0.08060178973137656,0.0034902599185014337,-0.4787529810521494,0.7268927130423354,M,M,2,XS,0,0.23997385564190526
278334,Pulau Tebeian Besar,0.45318712535613587,-0.798204790227423,0.01446276035076567,0.7101234859036868,0.0,0.0,0.0,0.11232723884807956,-0.5948427306045636,-0.09443765338105656,-0.6576418733343965,M,M,2,XS,0,-0.18674823071104507
278336,Pulau Serasan,0.3113524689415015,0.3622786051934243,0.005182279335225078,0.7254118290847684,0.0,0.0,0.0,0.11079735689863339,-0.6178228522448704,-0.10118747265759959,0.3662356582538322,M,M,2,XS,0,0.25692099462360185
278346,Pulau Panjang,0.16455307355700774,-0.44517241395911583,0.05653939403643561,0.7679193286173946,0.0,0.0,0.0,0.11062220413536296,-0.43381791577700624,-0.09599778643762871,-0.4594045562334188,M,M,2,XS,0,-0.1859735644574525
278347,Pulau Airabu,-0.27248157673256634,0.2778595270070483,0.17777268583782502,0.743473322620228,0.0,0.0,0.0,0.09718924195606059,-0.19226989684216844,-0.12056221657092459,-0.06007696715419628,S,M,3,XS,0,-0.14535307514767865
278348,Pulau Siau,0.9076516334262194,0.8906585465465076,0.3080030614308045,0.26903535192945743,0.0,0.0,0.0,0.09783100967626411,-0.029377071043707213,-0.4359007742089413,0.29564077322377136,L,M,4,S,0,2.269608639210054
278360,Pulau Midai,0.5601398470970926,0.5940638202705137,0.10470801140857608,0.6685776250280364,0.0,0.0,0.0,0.10723194803845014,-0.17915246321987208,-0.16008014171709706,-0.07491032252643619,M,M,3,XS,0,0.13739030993559648
278363,Pulau Subi Kecil,0.47351540536753456,-0.023756973567610442,0.11087085060896841,0.8086142321722051,0.0,0.0,0.0,0.10993354945839665,-0.5143791828037579,-0.10000413372626135,-0.14840930805107394,M,M,3,XS,0,-0.11250993045183004
278364,Pulau Mapat,-0.6874398090163162,-1.025374686532071,-1.405213949379358,1.8462011581626503,0.0,0.0,1.02809846509547,0.08872118770354506,-0.1909735616425321,-0.5097201732618877,0.6589466883671965,S,M,1,XS,0,-0.13363814570061408
278365,Jemaja Island,-0.037784168504044466,0.6275406670084136,0.2506333989745826,0.6768176010099306,0.0,0.0,0.0,0.09277275999745832,-0.33822106358044707,-0.11873969567947319,0.6338783714970491,M,M,3,S,0,0.6749675529212762
278367,Pulau Selayu,-0.3820067965786868,-1.2931607542722305,-1.376187902946764,1.8703496757436486,0.0,0.0,0.0,0.08547701342050175,-0.1884570170821984,-0.5254547933741419,0.13502283111354868,S,M,1,XS,0,-0.17508431373204286
278368,Pulau Telaga,-0.06013102626786284,0.46274029747193396,0.2035947439180582,0.7166999744261932,0.0,0.0,0.0,0.09869162920409524,-0.011973167105732202,-0.12336177019361318,-0.39589924615074573,M,M,3,XS,0,-0.1643727317453506
278372,Pulau Memperuk,0.30908142476057804,0.23213244698269672,0.22180488888755798,0.7753522569694931,0.0,0.0,0.0,0.0870713208834602,-0.04477498592769948,-0.06946600227354634,-0.5977130734990601,M,M,3,XS,0,-0.18278266014082903
278375,Pulau Pesalang,-0.4090153824281774,-1.4541055959240443,-1.2192164970001038,2.4691138490972584,0.0,0.0,0.0,0.08701154090492454,-0.1738485417875971,-0.5407903982835556,0.08898576884282929,S,M,1,XS,0,-0.18317578599600384
278376,Pulau Impul,0.3902247208148726,0.10542128743414524,0.19818181274082725,0.6763479064989493,0.0,0.0,0.0,0.100564731157754,-0.14718766263663308,-0.08048039713026449,-0.40329914693931135,M,M,3,XS,0,-0.15753627390858854
278380,Pulau Mubur,0.24297754368586072,-0.016399858118438082,0.19818181274082725,0.6763479064989493,0.0,0.0,0.0,0.100564731157754,-0.11349612307205822,-0.10260781895477512,-0.3438967216861868,M,M,3,XS,0,-0.174178044925985
278386,Pulau Bajau,0.2829154262609471,0.46081420102948356,0.2650702310330168,0.7295950688088295,0.0,0.0,0.0,0.0870713208834602,-0.1519316199651731,-0.03835592655313388,-0.19692035066202185,M,M,3,XS,0,-0.04812649915562017
278395,Pulau Siantan,0.1944670358110415,0.83848588851489,0.2650702310330168,0.7295950688088295,0.0,0.0,0.0,0.0937294876267085,-0.4040527127515897,-0.017377596820670797,0.42167444967350315,M,M,3,XS,0,1.0722436682745558
278402,Pulau Matak,0.4244728625582134,0.6713284292082025,0.2669678860349965,0.726571160721739,0.0,0.0,0.0,0.09776127584593561,-0.3134183136809112,-0.02846071664683291,0.6433574266517081,M,M,3,XS,0,0.6055561756910113
278403,Pulau Mubur,-0.15557316563057372,0.6555756004667151,0.23192086590936647,0.753071985171632,0.0,0.0,0.0,0.10407022245685148,-0.39415488973099033,-0.03784370430454635,-0.1614869735146016,S,M,3,XS,0,-0.08946817453119109
278405,Pulau Payau,-0.3840630036136966,-1.1743952745457071,-1.431486819602574,2.289897903224115,0.0,0.0,0.0,0.11913509627093603,-0.24024052105208632,-0.5876081290965043,-0.46079489469013735,S,M,1,XS,0,-0.10727504083292719
278408,Pulau Tarakan,1.363848715454197,0.5067480948149518,-1.0091782898349344,2.2063714028056856,0.0,1.2737199476048155,1.324301950852895,0.0815164323796723,-0.3426356302597275,-0.57002204340793,1.3192009055188907,L,M,1,M,0,2.813816631254115
278412,Pulau Tibi,-0.43668955273270726,-1.3055251389996403,-1.2535013476469303,2.1716832146106997,0.0,0.0,0.9433784113238528,0.09680648215738431,-0.10129073555859965,-0.603171580969585,-0.4219153214307672,S,M,1,XS,0,0.018214157162098687
278414,Pulau Baru,-0.851316335698902,-0.46573085799487557,-1.4937790155040374,2.95988915286956,0.0,1.258965342061374,0.9481084717471515,0.1043401716876173,-0.10329013679959789,-0.5890581705984311,-0.03884020513221695,S,M,1,XS,0,-0.16781093158161703
278416,Pulau Bunyu,0.5422264703412167,0.5237609695782587,-0.9631390771274527,1.874210161834144,0.0,1.5972730225714844,1.2407102353127704,0.07760749296291389,-0.19958236925570158,-0.5830400892438574,1.0480511347658006,M,M,1,M,0,2.557266064129489
278418,Pulau Bangkudulis Kecil,-0.946295618738872,-0.6262192029337783,-1.648839811003353,4.4483352266045015,0.0,0.0,0.7788834354548855,0.10219718802425616,-0.0701534374842167,-0.5894446248008092,0.4375882875016082,S,M,1,XS,0,-0.16600689294525967
278422,Pulau Sebangmawang,0.3574288779220512,0.5271268711618445,-0.01601300978398107,0.6104172073400879,0.0,0.0,0.0,0.0987554366135685,-0.3636467277966913,0.05451560251817374,-0.07693174353927727,M,M,2,XS,0,-0.040534367124232154
278424,Pulau Kumbik,0.48835447561151757,0.37650955400183167,-0.01601300978398107,0.6104172073400879,0.0,0.0,0.0,0.0987554366135685,-0.5487247458019162,0.02077763962492452,-0.2758571015897757,M,M,2,XS,0,-0.07886735644678014
278429,Pulau Sedanau,1.0137207787527722,-0.1320003959172543,0.07023417378085864,0.6764821296196561,0.0,0.0,0.0,0.09166821047435653,-0.5299293493656295,-0.017552166207427087,-0.17104484271343004,L,M,2,XS,0,0.0994210526210653
278430,Pulau Kaburuang,0.40489384770694375,1.324444562701053,0.3933131299458191,-0.010014798605565546,0.0,0.0,0.0,0.07125899247612619,0.12621243208147806,-0.4434894639424418,0.5623344735427258,M,M,4,XS,0,1.0614240737524203
278432,Pulau Salor,-0.12548676333707892,0.24406411882380727,0.26160507435006575,0.7893769630250659,0.0,0.0,0.0,0.10196268735430902,-0.5695363790012722,-0.14630880126154613,-0.3930329257460962,S,M,3,XS,0,-0.19300585153034214
278433,Ile Miandjou,-0.5691156241950434,-0.40488792205190194,-1.4138707235645138,0.1571953982966769,0.0,0.0,1.021024135178273,-0.03431684997030519,-0.24689860404242844,-0.04494432521109574,-0.29320662198810576,S,M,1,XS,0,-0.1833494794461059
278434,Pulau Salebabu,0.5885746539389358,0.9942674426138611,0.28837323013817756,0.027034217469953332,0.0,0.0,0.0,0.08455843353142997,0.12354875969780969,-0.45071277033309703,0.23409721439193923,M,M,4,XS,0,1.890661504300895
278439,Pulau Seluan,0.1091090670820101,0.3338505523585193,0.27624454378454816,0.7384249530429166,0.0,0.0,0.0,0.09817826652237606,-0.2645715103439637,-0.06107969202748677,-0.5011326708374518,M,M,4,XS,0,-0.18384659563966924
278445,Akwabana Island,-0.5067760860231463,-0.455131235765263,-1.039349432467954,-0.024067371856983332,0.0,0.0,0.8998778966351896,-0.016648795138985192,-0.4948302137598918,-0.17328380359138193,-0.34643274869814605,S,M,1,XS,0,-0.14621138600235253
278447,Inikoi Island,0.43531237795596645,-0.6334629233524287,-1.2201129169713536,0.0883809736803358,0.0,0.0,0.0,-0.0175010557577882,-0.5051174497258372,-0.17666730529173474,-0.8743871916102958,M,M,1,XS,0,-0.18125351204635004
278449,Pulau Karatung,0.5206955068411463,0.680598729044599,0.38137592888868405,-0.048843690169557336,0.0,0.0,0.0,0.0920157536675151,0.21876827660616371,-0.4614023748310163,-0.42863101585958835,M,M,4,XS,0,0.24260751477445933
278451,Ewuru Island,-0.1647827002882652,-0.8736538538273441,-1.2201129169713536,0.0883809736803358,0.0,0.0,0.8424500780441633,-0.0175010557577882,-0.536529605997545,-0.13661099000544585,-0.29845558468521943,S,M,1,XS,0,-0.1943648994773711
278452,Masonjo Island,0.5078067021649263,-1.0391376357745472,-1.2768468971380107,0.10958787479207857,0.0,0.0,0.0,-0.013467411551455916,-0.5614542304373057,-0.14937745735836624,-0.5484498740746402,M,M,1,XS,0,-0.15895829291063018
278453,Pulau Laut,0.06596866588276062,0.4633133480143909,0.34876751755060803,0.6264901969253384,0.0,0.0,0.0,0.09584535650086648,-0.033638654065888375,0.033403319430752546,0.018144974310258077,M,M,4,XS,0,-0.03445013089327423
278454,Pulau Marampit,0.3236678393707834,1.1240209133179901,0.40690009149749873,-0.09250531150029509,0.0,0.0,0.0,0.09283731539053168,0.26927484282576186,-0.4184509883191399,-0.5258709308493847,M,M,5,XS,0,-0.09005474687372991
278465,Pulau Peunasu,0.1838412957115071,0.6214345759707809,0.48733254865425163,0.13659698827515485,0.02607416683561154,0.0,0.0,0.09194262835062589,-0.04950796356793023,-0.40414170917355746,-0.015089380759979143,M,M,5,XS,0,-0.03847825203903543
278466,Pulau Breueh,0.024789694320830797,0.7452031650770495,0.48733254865425163,0.13659698827515485,0.02607416683561154,0.0,0.0,0.09198202209581412,-0.062445330301963385,-0.41944195774588755,-0.5584872876649614,M,M,5,XS,0,0.06533512212384253
278467,Pulau We,0.8467483149382166,0.9034180346232329,0.2950890357043381,0.12367160633413822,0.02607416683561154,0.0,1.1903591510383553,0.1019186405968788,-0.16136353821187724,-0.3230812965065782,0.7442799080841828,M,M,4,S,0,2.3415303293524126
278490,Isla Tierra Bomba,0.5232182048315552,0.14535713141729406,0.2758623813472859,2.3765392569731563,1.0545305326871222,0.0,0.0,0.08948904777342884,0.8156790315036537,-0.27528591891060367,-0.1231269388587187,M,L,4,S,0,0.25804842653489474
278530,Isla de San Andrés,1.8448240264899571,0.4006821217640893,0.712245824242893,-0.3598331411992604,0.0,0.0,0.0,0.047988680795121634,0.8716769058359971,-0.2075268117662346,0.4926895038253708,L,L,6,M,0,2.6660495991465183
278531,Isla de Providencia,0.6698087461755814,0.7602377911957877,0.8030148279175311,-0.49351949616721386,0.08969308061245151,0.0,0.0,0.05322726320902768,0.8592186195018295,-0.28081609461279583,0.1655045856235247,M,L,7,XS,0,0.16047316535084868
278536,Isla de Utila,0.5743118984563671,0.3175166948179387,0.5864776689001986,-0.5160933875189196,0.2585761383253004,0.0,0.9577185587951901,0.07519996923115183,0.8152947424128524,0.012565549698023877,0.4389326416973495,M,L,6,XS,0,0.3159101539749798
278540,Isla de Roatán,1.1071858105109216,0.8368782305133807,0.8076707104443069,-0.664619458458204,1.0388866894349824,1.1751879241085987,0.9265747386580092,0.02618064183201603,0.8164673731242118,-0.02385214013761907,0.3878860269692208,L,L,7,M,0,2.689576566586747
278541,Cayo Media Luna,0.28586435034441404,0.9157117161629224,0.8239866729803671,-0.6701075346226878,1.4066657656165285,0.0,0.982451205292589,0.0376722372599296,0.7681794359221731,-0.030254362313254853,0.8026040619797219,M,M,7,XS,0,0.2027437467356612
278562,Île à Vache,0.8588216700396464,-0.02460844077651018,-0.5293824628452126,-0.4995299462921774,0.0,0.0,0.774555913673536,-0.09185052961356151,1.3664736315465476,-0.6356404996841175,0.6899802648641595,L,L,1,S,0,0.7669656610584143
278563,Isla Saona,-0.8391933895741852,0.9265227369660874,0.31204252544130506,-0.9181080563041679,1.4909486486612504,0.0,0.0,0.02022030557573116,1.3639680666745233,-0.5359640691680606,-0.015301916533421443,S,L,4,S,0,-0.02771740845737889
278571,Grande Cayemite,0.26276939180551395,0.8245986395778109,-0.3759536243940859,1.0472144455278318,0.0,1.446325631036752,0.9944713713207429,0.032112806781233044,1.2053196223865597,-0.6528437980274588,0.745448987507982,M,L,1,S,0,0.21839682485951356
278572,Île de la Gonâve,0.3820752957233045,0.47844106089682925,-0.6485904405143182,1.484789195809741,0.4773262234646208,1.7805685226976733,1.3951109305572449,0.09015036601840141,1.4353806914129321,-0.6387535272323669,1.952140482052266,M,L,1,M,0,2.7175226112912036
278770,Graciosa Island,-0.4417682862490633,-1.5970064432514197,0.9455485113704197,-1.2124486172782964,1.0633680075772103,0.0,0.0,-0.7414032505261965,0.8547015757316682,-0.16474620328621145,0.5022179104145784,S,L,7,S,0,-0.05592178576935893
278798,Brier Island,-0.58509402332558,-0.3978173369144576,0.961940987032739,-0.1542921597247029,2.1872844880028683,0.0,0.0,-2.0450574427768906,-0.6678525340022641,1.806515678705099,-0.008865956272958664,S,M,7,XS,0,-0.201401183216246
278815,Grand Manan Island,-0.6143479218256832,-0.23358582684792775,0.6580724944741699,-0.2481161710675606,2.150969751827923,1.5209628910616169,1.2654315787464625,-2.0428643094922267,-0.41415841787083346,0.9985869606969664,1.0538052546433845,S,M,6,M,0,0.311566178386985
278828,Isle Madame,-0.41479871807262314,-0.2590945218146641,0.2459299048943938,-0.6401074524774647,2.3182070472653984,1.3567663721967667,1.1148705919812887,-2.10780125028832,-0.951579025574622,1.689899009614155,0.6936921981066573,S,S,3,S,0,0.3033547426557933
278837,Lennox Island,0.04126954194029898,-0.9461615676798991,0.6136997196307739,-0.6770506228398879,1.9659289981888974,0.0,0.0,-2.1761113900207505,-0.6345105145155139,1.6276418831862902,-0.36715048089102964,M,M,6,XS,0,-0.19554116220162163
278839,Île d’Yeu,0.8456849098719896,-0.12783867602298848,0.7895651554860269,-0.15141668518623969,2.364985837584464,0.0,0.0,-1.3363979138615993,-0.5443057872473116,2.1598436573234365,-0.2957460523027125,M,M,7,S,0,0.6856184724569011
278854,Belle-Île-en-Mer,0.3098122483224033,0.3554459679776563,0.8012216868582757,-0.09186987016703904,2.007617305191172,0.0,0.0,-1.3915052892236885,-0.6934944980781885,2.361780687904709,-1.0670050247265703,M,M,7,S,1,0.700509525057848
278992,Bell Island,0.13535201376721587,-0.29698588354134975,0.5614439087140098,-0.5674179595929792,2.329755733510737,0.0,1.0635450779669857,-2.2897287848310577,-1.4616228784497265,2.2824348275338564,-0.5043310608867981,M,S,6,M,0,0.38078460381552953
279055,Change Island,-0.60587427345999,-0.5063631448286463,1.0393784131734154,-0.21962337078366725,1.6433986364784694,0.0,0.0,-2.420021998601095,-1.4435722708703744,2.8786579635944767,-0.29302956192207874,S,S,7,XS,0,-0.18214267638824982
279057,South Twillingate Island,0.08499028952515948,-0.6506003832960602,1.072543702421032,-0.2863620211925829,1.7404957545425086,0.0,0.8300952437814737,-2.4160602675780343,-1.3507917087249728,2.7314523794415395,-0.4578404451602259,M,S,7,S,0,0.1617066049638255
279058,Fogo Island,-0.8848477319428315,-0.5190508504646064,1.0655848832163681,-0.19137197844715262,2.153942445967608,0.0,1.247574473351914,-2.4236212776468484,-1.3365675225211706,2.9475876332703264,1.3508183888818106,S,S,7,S,0,0.24775519461898993
279487,Île de Groix,0.783444956702646,0.13840363476629905,0.4571987479195927,-0.16943526372978268,1.7747360069052653,0.0,0.0,-1.4436376133019502,-0.8353337715448934,2.3858931517862154,-0.351891469512907,M,S,5,XS,0,0.12832788931581507
279492,Île de Bréhat,0.8255358310858975,-0.3839232701654718,0.4617073861028913,-0.2069197339060637,2.2276546262429795,0.0,0.0,-1.4731864616741923,-1.3112410414893143,2.678548884918099,-0.7532928393668684,M,S,5,XS,0,-0.12345162993296911
279501,Saint Mary’s,0.5888174342183775,0.05703807165104574,1.2130731616739097,-0.25000100821195986,2.2065834207632586,0.0,0.0,-1.4847240777554784,-1.3940392370141397,3.076287063725974,-0.13416882337236113,M,S,7,XS,0,-0.11755653070456494
279529,Inisheer,0.4726583545561004,-0.05152051514778976,0.7910402298181839,-0.4596078697826575,1.3543901120428838,1.5209628910616169,0.0,-1.6699575951470684,-1.9480582055236615,3.4436954498303876,-0.14861689460223496,M,S,7,XS,0,-0.15162161787991482
279530,Inishman,0.15330014805074396,-0.0419609839334388,0.7910402298181839,-0.4596078697826575,1.405596883555856,0.0,0.0,-1.6699575951470684,-1.9365632038437692,3.455338751798847,0.05421273070277064,M,S,7,XS,0,-0.1571538980597306
279531,Inishmore,0.00372617474713603,-0.1292397164331836,0.8833681894123054,-0.44560341537845305,1.6646015048274851,0.0,0.0,-1.6608694126271204,-1.9147608367693651,3.573826191808311,-0.3483335050881466,M,S,7,XS,0,-0.06145133070196724
279538,Inishbofin,-0.18158082497795724,-0.3973824112923287,1.2460014536736745,-0.40768126930994736,1.9794303305553411,0.0,0.0,-1.6563754127152717,-2.025074131195564,3.77029357005909,0.0885568798431309,S,S,7,XS,0,-0.1893009528512518
279540,Clare Island,-0.53946790022077,0.26351927476272385,0.9473569332677985,-0.46983948264274006,1.8003961676068907,0.0,0.0,-1.6782240536807427,-2.189425791580628,3.9451022827991746,0.2745150139309171,S,S,7,XS,0,-0.19042557178362296
279560,Rathlin Island,-0.14365026994568775,0.004721959353195675,1.08406081177591,-0.18916471721014186,1.5120843182624137,1.1908063167384892,0.0,-1.7334960721526134,-2.1626064389284116,4.232921351374411,0.11394863471363172,S,S,7,XS,0,-0.17503856623308017
279563,Great Cumbrae Island,0.39671911790413944,0.25575609711683694,0.027917595197705203,-0.5966148864735658,0.9859405392304482,0.0,0.0,-1.8343839270624662,-2.2683810961974413,3.899645708661458,0.1087153585135252,M,S,2,S,0,0.030397572226780682
279567,Colonsay,-0.7917675829110256,-0.03331262828613726,1.2410480002729545,-0.2256733252290927,1.3124534547618647,0.0,0.7976038456430713,-1.7638163826027737,-2.064177925117062,4.4575678029754835,0.03878399682566224,S,S,7,XS,0,-0.1438535067758753
279572,Iona,-0.17232375732815625,-0.12916283713053947,1.1989587602680836,-0.26811239837461076,1.3266984803241277,0.0,0.0,-1.7542853999863603,-2.085555012264312,4.6850912226554655,-0.008672281526014096,S,S,7,XS,0,-0.1955493776997509
279575,Tiree,-0.385034852198384,0.31763134448358277,1.3607624228120623,-0.2938995603958691,1.8409079885711959,0.0,0.0,-1.7272028192296733,-2.085039698893028,4.819156266196885,0.829486064662624,S,S,7,XS,0,-0.006500322294318366
279579,Coll Island,-0.905176004164485,-0.09549248339691203,1.1553153076785285,-0.2929563630028107,1.5445132226002192,0.0,1.1241813220686638,-1.73361835578667,-2.1213433063062213,4.713177015955675,0.0028173872051973047,S,S,7,S,0,-0.08827830403579992
279588,Isle of Barra,-0.48926395329551936,-0.19000395999153552,1.4097157865658472,-0.317203014859178,1.9376785948157436,0.0,0.0,-1.741535182945213,-2.267258240073081,5.394267233927966,0.8470731706899416,S,S,7,S,0,-0.007567444454434746
279596,Benbecula Island,-0.8590319868218361,-0.2299585098457341,1.4103209465241096,-0.2644045416719793,1.5400617545149118,0.0,0.0,-1.7504112439441317,-2.2804192264589993,4.83300534939406,0.5635636195004545,S,S,7,S,0,0.011208580046746328
279598,Island of Raasay,-1.0520900934284718,-0.25392235100962895,0.5088550329048038,-0.49929707700875603,1.376049739315096,0.0,1.2790052456921046,-1.8052581936591354,-2.5955135895602197,4.590241573630222,0.8907567451830785,S,S,5,XS,0,-0.1316013178533851
279602,Berneray,-0.5471574334540662,-0.19039685767030512,1.3473646244639659,-0.2505744535136613,1.3635573283238294,0.0,0.0,-1.7777293225640693,-2.394215278016688,5.096012710028421,-0.1961822750252121,S,S,7,XS,0,-0.20503845716229172
279608,Scalpay,-0.2144810198668415,-0.5201367375121078,0.5226676443177676,-0.561253037400656,1.3837752747551786,0.0,0.0,-1.7949028336198936,-2.5505239507260873,4.896496077816182,-0.060952568985494296,S,S,6,XS,0,-0.19902462878244295
279616,Great Bernera,-0.7568549368233578,-0.492986185569145,0.5636306469591047,-0.550606166537103,1.8710088305173365,0.0,0.0,-1.80517346670254,-2.565682874394562,5.061963786183362,-0.7458283854783094,S,S,6,XS,0,-0.18499531190095495
279619,Flotta,-0.23091637943079252,-0.3878124483198346,1.2536967678567654,-0.32775164494362,1.2693865569256078,0.0,0.0,-1.8457109519965131,-2.4805866301067447,5.288773217754526,0.027523653141452394,S,S,7,S,0,0.09987269678164203
279621,South Ronaldsay,-0.3858473837976208,0.38417417694964046,1.3497686543744398,-0.3152390094389648,1.58437347085197,0.0,0.0,-1.8498692196401756,-2.4250956513846487,5.269666889873295,0.84658857976071,S,S,7,S,0,-0.029312490061201596
279623,Shapinsay,-0.6294705400065232,0.4645472512977922,1.4212469422440488,-0.2964553218859266,1.265794196489743,0.0,0.0,-1.8439354179864382,-2.4975791617227565,5.635358962801827,-0.1378798019888281,S,S,7,XS,0,-0.17282638581109033
279626,Stronsay Island,-0.7034313935619816,0.19707659150022255,1.4103990713272723,-0.2746242620496646,1.4285612314555038,0.0,0.0,-1.8422155213365856,-2.4338058381198673,5.84201150376095,0.15863940946660898,S,S,7,XS,0,-0.15672419969740112
279628,Rousay,-0.8133322787704771,0.10329749555019292,1.4068713828988524,-0.29410546974418406,1.3546764302638903,0.0,0.0,-1.8386714403262359,-2.5076076430342296,6.243784794946307,0.6946195790079356,S,S,7,XS,0,-0.14180709452707374
279631,Eday,-0.637264202595384,0.12783825672965804,1.4188755150030525,-0.29176030571994943,1.3336836139287707,0.0,0.0,-1.8437239374436478,-2.4772477068920966,5.951144740024751,0.5227127844758216,S,S,7,XS,0,-0.17291428470067377
279632,Sanday Island,-0.649527927928733,0.0524596277539655,1.4128829279311197,-0.26974509352972703,1.5761678016726155,0.0,0.0,-1.8413385067262305,-2.4372691978020127,6.076946495960286,-0.8592530136491341,S,S,7,XS,0,-0.12799559194208962
279633,Westray,-0.48470564344281036,0.2912418916425547,1.4252437327131808,-0.2945046203886331,1.6525943243477734,0.0,0.0,-1.8365828614568311,-2.455548548887794,6.10285083910922,0.7476448370359507,S,S,7,XS,0,-0.09646838822817949
279635,North Ronaldsay,-0.41039631949116845,-0.27299141325188975,1.4056413885189847,-0.2558954921716781,1.5821628585805168,0.0,0.0,-1.841794797560469,-2.436616272337261,6.3368654053388,-0.034438414434004166,S,S,7,XS,0,-0.20793051936781098
279650,East Burra Island,0.19916943895842054,-0.40603405609910664,1.3909000014984978,-0.24064708016606606,2.0138556703046904,0.0,0.0,-1.8764387098091055,-2.5871324274846477,6.77372589007777,0.07667952404653586,M,S,7,XS,0,-0.10405427589698354
279653,Holm of Mel,-0.4313804036033293,-0.2188067843092143,1.3987218130676042,-0.23764953394249516,1.178385970873197,0.0,0.0,-1.878083590552163,-2.6184988350550698,6.8029856541978555,-0.13814766315673346,S,S,7,S,0,0.19429064624306494
279657,Holm of Sandwick,0.06688480852714143,-0.3089358410818843,1.3953756791124485,-0.2598629781745279,1.0785140062087488,0.0,0.0,-1.880591685513151,-2.6822674007930263,6.890441220204224,0.34612850384871147,M,S,7,XS,0,-0.09463059098119216
279660,Fetlar Island,-1.1632883347137746,-0.2144371177507452,1.4045283074836428,-0.25606627510846286,1.338561098357813,0.0,0.0,-1.870828046644858,-2.6871870331345034,7.4809342424904886,0.4361899417173062,S,S,7,XS,0,-0.17765572690684098
279947,Nancowry Island,-0.4153783528087936,0.7456058513235314,0.5604060597247724,0.5185774001751879,0.0,0.0,0.0,0.09572554196948457,0.014090417001242169,-0.18584680416826696,0.24541740768735837,S,M,6,XS,0,-0.0791075591085896
279951,Tarāsa Dwīp,-0.13816050369983474,0.6974034015212032,0.5960969636803134,0.5375288795399593,0.0,0.0,0.0,0.09910260903070518,0.173417772016288,-0.155258214963259,0.971115938775976,S,M,6,S,0,0.1612138137314594
279952,Chowra Island,0.612566062441379,0.4780023106820026,0.6004971744928416,0.5495240110404406,0.0,0.0,0.0,0.10035919702607622,0.22670219937796407,-0.08700552714894677,-0.1625524076965259,M,M,6,XS,0,-0.13690442705275058
279956,Pāmban Island,1.1731142462350814,-0.38678758156529736,0.6425479908630466,-0.4740336801683476,1.5116474052686786,0.0,0.0,0.1415879251970326,0.8539564208851239,-0.053337485809800016,0.8295918589575476,L,L,6,M,0,2.715668665204124
279969,Rutland Island,-1.2598598610011111,0.8543379294175641,0.6857496918876371,0.8453116999320875,0.0,0.0,0.0,0.10147094766775025,0.24553382878566843,0.07857329153780687,0.6705460424890844,S,M,6,S,0,0.01599765322279635
279973,Alexandra Island,-0.10095885434410118,0.41352404324228526,0.6947246197721167,0.9017542569740529,0.0,0.0,0.0,0.09635161906365206,0.19777804047698694,0.06772941559434659,-0.568253978971493,M,M,6,XS,0,-0.20362994237652948
279978,Neill Island,0.7568330851909524,0.4734355574378766,0.5958215504432985,0.8930804220855371,0.0,1.0602038386171562,0.0,0.1022173768236594,0.3485072015775616,0.10310667405389262,-0.22373963965873003,M,M,6,XS,0,0.0519633588547552
279981,Havelock Island,0.10244618821405356,0.9605683804441594,0.6233511378975745,0.902337041059391,0.0,0.0,0.9654785504046675,0.09346930705726984,0.2580426216860556,0.10248868077746894,0.328624168101588,M,M,6,S,0,0.37054647489068604
279988,Jazīrat Samḩah,-1.1023349310440451,-1.33642900358708,1.3352029760673119,2.860543752549917,2.1920532077456176,0.0,0.0,-0.05815552914458468,1.433852318800374,-0.3511030290031446,0.6654870582745491,S,L,7,XS,0,-0.20076597600900387
279994,Long Island,0.5633158778837234,0.33316265399264194,-0.17255100107560203,1.2388777960697952,0.0,0.0,0.0,0.04673504497802008,0.2267175709415961,0.23380381303587555,0.001006094674081357,M,M,1,XS,0,-0.02553759587768575
279996,Perim Island,0.5305422528119182,-1.7358848120148749,1.1745973858237628,-0.1777031959008964,1.7233241857872046,0.0,0.0,0.24586095463605656,1.3631116509864518,-0.16832882273284322,0.08220712793509409,M,L,7,XS,0,-0.08581035464004008
280004,Interview Island,-1.5467187888807947,0.9428613253374656,0.284894628909692,1.0146784878096144,0.0,0.0,0.0,0.09597458141868169,0.30008165228205635,0.20151995817657825,1.0483631930815847,S,M,4,S,0,-0.05157671230234088
280020,Jazīrat Jabal Zuqar,-0.8515585067600957,-1.8300031271674841,0.9952170049802581,0.5603339714766373,2.0047184700221514,0.0,0.0,0.21757560141028878,1.2299155881562833,-0.23826784721317612,1.1641025857035507,S,L,7,XS,0,-0.11879380095997152
280042,Kamaran Island,0.21321071274137854,-1.5412025538932306,0.060302502771474586,0.2809267991887888,0.208753862073599,1.7919357524009438,0.0,0.2679803164183745,1.0953111973057323,-0.3719304869979514,1.0494637668170161,M,L,2,XS,0,0.46298986398595926
280101,Bulcherry Island,-0.8307629074091919,-0.49540179334341805,0.2598511308160385,0.7689328959153187,0.0,0.0,0.0,-0.005725771784597341,0.12779277521869709,-0.08189053376760151,0.3976912716808896,S,M,3,XS,0,-0.17020773583486765
280102,Bāngaduni Island,-0.8967332827851564,-0.4843015730246104,-0.08533190990685752,0.7983235013335942,0.0,0.0,0.0,-0.009474893898823796,0.11017110746260135,-0.07367382435761288,-0.132831347617806,S,M,2,XS,0,-0.1727116059846877
280104,Dalhousie Island,-0.7119680339886223,-0.12650912423490454,-0.02385373299568152,0.7913970324058008,0.0,0.0,0.8424479000555044,-0.009884654360566032,0.09164251745221456,-0.06836721078868138,0.15607207635999312,S,M,2,XS,0,-0.13353909771751726
280106,Lothian Island,-0.3862473574406071,-0.11584031662687473,-0.045995808567052925,0.8212456233586312,0.0,0.0,0.8300952437814737,0.008570786795280694,0.04533458404182822,-0.08776099515745547,0.5341802477043686,S,M,2,XS,0,-0.07620977595359497
280108,Mahisāni Island,0.8865244954485573,-0.6572963913475771,0.03308536213152144,0.8175718274693294,0.0,0.0,0.727458489403252,-0.02473958435589533,0.09002923525006973,-0.08309978262747675,-0.9982637845859867,L,M,2,XS,0,2.54255899895704
280111,Rākshaskhāli,1.1066854728146076,-0.3868798465974074,-0.04442504089100704,0.8108907720651628,0.0,0.0,0.0,0.0068832453577713695,0.008056712286051624,-0.06078748090851587,0.24593360823972998,L,M,2,XS,0,2.1821262745835677
280116,Sonār Char,0.19389770053378486,-0.2241998120833716,-0.21018523346473572,0.8226532053407707,0.0,0.0,0.0,-0.02227984653477248,0.16364218952552376,0.009918391180440673,0.2752066259835214,M,M,1,XS,0,-0.07325533931363112
280117,Sāgar Island,0.9310428279177149,-0.36073855672967803,-0.01569494432493283,0.8341927626681525,0.0,0.0,1.0531031424880906,-0.011643408798770355,0.07897268912330117,-0.06943881247561515,0.7746428610560837,L,M,2,M,0,2.812168097053547
280119,Char Kāsem,0.3228135470030121,-0.6727865294824413,0.035495660945080866,0.8954237080991988,0.0,0.0,0.0,-0.03059906265655162,0.11248635773727655,0.007854259726924925,-0.2763293110035974,M,M,2,XS,0,-0.16882705722227728
280120,Kutubdia Island,1.7445161192135668,-0.9435752795941174,-0.13893220974371942,1.2531966416743872,0.0,0.0,1.0197810171577395,-0.06047579073135739,0.4244112508134119,-0.017461983955763982,0.2962186385980068,L,M,1,XS,0,2.8105322522087444
280123,Kukuri Mukuri Char,0.3893161079380291,-0.3259215964843027,-0.17297177113415638,0.8272684976689272,0.0,0.0,0.9903596941360021,-0.01627507572200612,0.1258691338270289,0.00873364465541059,0.6566455579204202,M,M,1,XS,0,0.28514976742659176
280124,Char Lakshmi,0.7649601923563392,-0.43060052487804684,-0.17508180012048968,0.7867217019933863,0.0,0.0,1.0172366168748868,-0.01627507572200612,0.0926563086727094,0.015231278315701846,-7.258290467860703e-05,M,M,1,S,0,1.1006718660646007
280125,Agnimāri Char,-0.34148307298925246,-1.507702032999295,-0.4133104285726103,0.8281302398822106,0.0,0.0,0.8736556570316464,0.009016062136001927,0.01923842685953831,-0.014492887983417675,0.7088323810479019,S,M,1,S,0,0.2598920498768244
280126,Char Jamuna,0.8552568530747228,-0.22445894989612553,-0.10778158585777058,0.8394119126679638,0.0,0.0,1.1418695234613978,-0.03335261276940708,0.06958798353632337,0.016075544120335756,1.0843231295746707,L,M,2,S,0,2.6303316032812556
280128,Latār Char,0.6627125276178069,-0.7629033896560995,-0.32202807429370595,0.7554776177746044,0.0,0.0,0.782998327945867,-0.04610953663955597,0.013027949162579173,0.02071604459628315,0.41532506359861054,M,M,1,XS,0,0.2513730945243005
280129,Kapālbera Char,0.8106648802393809,-0.31036161074813035,-0.284059974146299,0.7270180785899304,0.0,0.0,1.100692505361545,-0.03385437889961191,0.018748366771364093,0.021848133568231808,0.8876309669160048,M,M,1,S,0,2.358526047528463
280131,Kachuākhāli Char,-0.008580889412775315,-0.3660519650320362,-0.39371949195185946,0.6713369980510369,0.0,0.0,0.8479745176720335,-0.03349247547217533,-0.007661077517330756,0.02706113172703212,0.37053368182030044,M,M,1,XS,0,-0.07742819354028917
280133,Sākuchia Char,1.2220611079853765,-0.5140918857121641,0.15493344063946823,0.9970132585466743,0.0,0.0,1.055007326621083,-0.03306907189079162,0.15049803866167846,0.011585770308166073,0.8638818905968311,L,M,3,S,0,2.6894453215874106
280135,South Hātia Island,1.4253772684883712,-0.10336195794631232,0.2841380407470965,1.1543448156558336,0.0,0.0,1.181075393941896,-0.06154048238464665,0.14364378524022461,-0.005146423235434001,1.6316967530570041,L,M,4,S,0,2.816490449643311
280138,Bet Shankhodhār,1.036909302345814,-1.1919630863303106,0.4788488711965745,1.043717884211532,0.002078975752443676,0.0,0.0,-0.00750928808169054,1.269930696207396,0.48117338323762027,-0.2941097085798583,L,L,5,XS,0,0.1431640304004241
280142,Char Diāra,1.3303332019200205,0.16051865739922136,-0.5926350067721079,0.5817581061056202,0.0,0.0,1.2092910047535137,-0.04726011499718183,-0.07486299178938909,0.018472159094679745,-1.0670050247265703,L,M,1,M,1,2.8170071063515687
280145,Sandwīp Island,1.5068700218610809,-0.1703359847720936,0.11357962002878565,1.4224372823568001,0.0,0.0,1.1451222189621622,-0.05873911576598928,0.2340864057551134,-0.12989030226049086,0.5365372824495943,L,M,3,S,0,2.8166062791547284
280148,Al Yāsāt as Suflá,-0.18282351518153717,-1.5139665712530446,-0.0004292097556700247,-0.19377861853138853,0.0,0.0,0.0,0.08316068221324442,1.5408259580327033,-0.46367814299506993,-0.35706473120121723,S,L,2,XS,0,-0.19495621969860588
280153,Jazīrat Marawwaḩ,-0.40701104154889883,-1.4940202437294547,0.09102519944719138,-0.17146284716650093,0.0,0.0,0.0,0.10852333574829764,1.4254045466157306,-0.44658447429085063,0.43461010534984373,S,L,2,XS,0,-0.1391532219829517
280155,Sir Bani Yas Island,-0.4429885415548618,-1.3657479156607675,0.1219080383273567,-0.1780444946442421,0.0,0.0,0.0,0.08634768661377684,1.4586737341700344,-0.40325583308880103,-0.423511880895257,S,L,3,S,0,0.03417173984993316
280157,Al Ḩudayriyāt,-0.059917545375550024,-1.5982212200446264,-0.13874147152730992,-0.17465271913571082,0.0,0.0,0.0,0.1482838957051715,1.4647498936800183,-0.5140681695603704,-0.7208916806273391,M,L,1,M,0,1.105337934463501
280160,Jazīrat Bū ash Sha‘ūm,1.405719478850712,-1.5390684674811177,-0.24933337474344291,-0.2051036761569642,0.0,0.0,0.0,0.14138898250440823,1.4863901273570646,-0.5238446164564216,0.0762726315132727,L,L,1,M,0,2.028026673568351
280162,Dalmā Island,0.6001187477028438,-1.6053595138043049,0.14198458417669207,-0.19078929639371905,0.0,0.0,0.0,0.08863341614495894,1.5268473508574039,-0.411971745099503,0.48120090505559676,M,L,3,M,0,1.9905861921738248
280166,Jazīrat as Sa‘dīyāt,0.9223039448751926,-1.4667342833383148,-0.2752354481324173,-0.19775104649382758,0.0,0.0,0.0,0.11382730559793892,1.3893311466674083,-0.4953951969026514,-0.059711196579850676,L,L,1,M,0,1.652199884132004
280173,Zirkūh,0.11870371446635755,-1.64366126235448,0.203691130642397,-0.08452277928012394,0.0,0.0,0.0,0.09004028977442852,1.5195055992750477,-0.32471171008074357,-0.29384443837586494,M,L,3,S,0,1.2744689901620159
280175,Dās,-0.046617556180685464,-1.718618805431109,0.279758171879206,-0.08528168968621809,0.0,0.0,0.0,0.07486054082118174,1.4940063711471359,-0.2706972675382559,-0.22814434804954434,M,L,4,S,0,-0.011366110268134319
280176,Şīr Bū Nu‘ayr,-0.5090170482100359,-1.6178140028701795,0.12954363466497665,0.1510726958511099,0.0,0.0,0.0,0.11294315728398405,1.4787577800241407,-0.30926777143394585,-0.8767524063503058,S,L,3,S,0,-0.08583901682031898
280185,Jazīreh-ye Sīrrī,1.0149626910923053,-1.3551066955181814,0.158032789513583,0.37391699582051663,0.0,0.0,0.0,0.08948545521458602,1.383635616352123,-0.26317333978707813,0.2741582908719733,L,L,3,M,0,0.8827611863369946
280186,Umm an Na‘sān,-0.31367932933415454,-1.6004443389484349,0.06129778158677408,-0.4560086153596594,0.31470948290369605,0.0,0.0,0.06689332485477795,1.3052860245403353,-0.29733961963946903,-0.1238105825078598,S,L,2,M,0,1.08089469128238
280191,Kish Island,1.0537110575786834,-1.262968746738646,-0.8629951755275698,0.42697111010617816,0.0,0.0,0.0,0.10304774027973078,1.332680346870313,-0.34350977429757046,0.9540550316924404,L,L,1,L,0,2.7454254360977766
280192,Jazīreh-ye Hengām,-0.16509588618273488,-1.4917006102186738,-0.5712040017231232,-0.7094074118242175,0.0,0.0,0.0,0.15804359346977287,1.2340102799161738,-0.3856843519180005,-0.38497567136445554,S,L,1,XS,0,-0.10406605687203546
280193,Jazīreh-ye Hendowrābī,-0.7844116561652348,-1.426342400480034,-0.4173586372181093,0.4380351049946623,0.0,0.0,0.0,0.0852196906294962,1.2162283087107724,-0.29637485361956795,0.1083720598321605,S,L,1,XS,0,-0.19269018490907408
280196,Jazīreh-ye Lāvān,0.26347786037484655,-1.316341393590488,-0.032229115264724655,0.23395099399746086,0.0,0.0,0.0,0.04696307690402709,1.245776845886899,-0.2453556065968624,0.20469350384099963,M,L,2,M,0,1.909361096703334
280197,Jazīreh-ye Lārak,-0.3512362041436713,-1.5355729661474231,-0.25535844148365056,-0.6835250498008393,0.0,0.0,0.0,0.15199816214721518,1.2641919791180969,-0.36775028462383813,-0.03801159925322788,S,L,1,S,0,-0.05842416716825746
280198,Jazīreh-ye Hormoz,0.270836004893498,-1.6469049260231643,-1.071918593316177,0.19099019180787602,0.0,0.0,0.0,0.07928582954352953,1.2382952862734133,-0.41270428067308534,0.43491733216203815,M,L,1,XS,0,0.11499148878023871
280214,Kharg Island,1.6140168574130134,-1.3666185067685015,0.21171588158014762,-0.19013747443214052,0.0,0.0,0.0,-0.06945570789204156,1.2432603013265673,0.01710861020463145,-0.6057234943321804,L,L,3,M,0,2.529468292807367
280216,Jazīrat Faylakā,0.12487420661194899,-1.5830714815784834,0.16099247667500097,-0.2709215817798199,1.4886865503166375,0.0,0.0,-0.05562277566754554,1.273134569255848,-0.18817727535386475,0.739139660768918,M,L,3,S,0,0.24975795391411193
280233,Kasos Island,-0.5810379293497547,-1.1476424863270327,1.0806733597666596,-0.7476399624485288,1.350115739254522,0.0,0.0,-0.7546680886102263,0.8360536731083278,1.1743003212653647,0.7898267002076105,S,L,7,S,0,-0.06413414047030527
280238,Nisída Sariá,-0.6406102074002015,-0.9999318206901129,0.9526381510756332,-0.7525434585162901,1.210716422412083,0.0,0.0,-0.7486487567375943,0.875683028110198,1.1476323806127442,0.16782774295958766,S,L,7,XS,0,-0.18639082568770082
280243,Nisí Megísti,-0.019013042831929793,-1.047532766110678,-0.6046864356562375,-0.7977124737842447,0.0,0.0,0.0,-0.9454543048860418,1.0844962043217516,0.7937353001748524,-0.018652775890057812,M,L,1,XS,0,-0.17164199591142018
280244,Nisí Chálki,-0.6870724978680455,-1.0720651612087728,0.8359542802884871,-0.7454020689599669,0.9420808420695194,0.0,0.0,-0.7365425668100005,1.0529478999150172,1.0729032376271126,-0.9985187138856342,S,L,7,XS,0,-0.16656947041977294
280249,Nisí Anáfi,-0.9899142720271438,-1.1766718077686869,0.9894526119843304,-0.7562946763022964,1.5329048495829822,1.8008273655405993,0.0,-0.7957856488778804,0.9206953583001686,1.3049362645927742,0.583646644217633,S,L,7,XS,0,-0.16792152334817165
280251,Nisída Thirasía,0.24548440338304728,-1.3038805483590061,1.0088183592863702,-0.8487749604982632,1.0220387905980604,0.0,0.0,-0.8064661021646302,0.9792090452136245,1.2162293253606078,-0.1501129301889909,M,L,7,XS,0,-0.15439452465000975
280252,Santorini Island,0.5510051162342642,-1.213249144266792,1.0088183592863702,-0.8487749604982632,1.181767478870404,2.0932441280498204,0.0,-0.8064661021646302,0.9383770483523514,1.2142376406920314,0.0016743843040240558,M,L,7,M,0,2.0901081292007975
280253,Nisí Tílos,-0.7819821853787011,-1.1159205860212593,0.9036389939995676,-0.7968799885559731,1.0382110871360999,0.0,0.0,-0.7490777856051029,0.9941384933964494,1.1183026768029214,0.7263064645421353,S,L,7,XS,0,-0.10813671397608182
280261,Nisí Nísyros,-0.4590334228765789,-0.7808471488108494,0.9878823567835836,-0.7921393694714961,1.110219633877049,0.0,0.0,-0.7662785751724944,1.0170282156030155,1.1337163321798138,0.4355101391880523,S,L,7,XS,0,-0.10795100730263216
280264,Nisí Sými,-0.18733235109514298,-1.0108139265156908,0.6229759671851574,-0.9745063215349324,0.5475152741019992,1.347352440892976,0.0,-0.752024202459288,1.041645408770136,1.023784606138467,-0.558687876995937,S,L,6,S,0,0.19368679317380463
280265,Nisí Astypálaia,-0.7090737111403416,-1.0292470893714039,1.0435213290053822,-0.7365478701379525,1.7355928083602048,0.0,0.0,-0.7931465586410137,0.9821918605374631,1.252119681907519,0.6123772389282129,S,L,7,S,0,0.0006440117500642643
280266,Nisí Folégandros,-0.4969828580674023,-1.0009293840831663,1.0298830731145758,-0.6580760857441021,1.1438572388250519,0.0,0.0,-0.8230234834728875,0.8715561292646025,1.3657480412013139,-0.3465600942477812,S,L,7,XS,0,-0.13475912151891506
280269,Nisí Síkinos,-1.0824652630385498,-1.0097257939290063,1.0644806392637731,-0.7024740669296844,1.047043998602649,0.0,0.0,-0.8275292993977499,0.8015994111959149,1.413771307404696,0.28780001493630625,S,M,7,XS,0,-0.15624837523938997
280274,Isola di Pantelleria,0.19615734917656638,-0.360201883800014,0.8303371474099085,-0.17909173244755117,1.9540836299329234,2.3156317534967465,0.0,-0.7899769468928036,0.5789796429258967,0.9191538886388281,0.32559685835360447,M,M,7,M,0,0.8128719314585776
280277,Nisí Kímolos,-0.5757587954074584,-0.9011039744956383,1.0196882646603114,-0.481743959952681,1.3112353774495105,0.0,0.0,-0.8111172909493812,0.819624399502547,1.3829848758164882,-0.45734351017872976,S,L,7,XS,0,-0.1297029641737341
280279,Nisí Irákleia,-0.2092077712901563,-1.0924713672032906,1.0662838505979924,-0.7437091064319543,0.9850263241182327,0.0,0.0,-0.8493030883528864,0.937065341589083,1.2481844370593353,0.02098045899149854,S,L,7,XS,0,-0.16313511387196183
280281,Nisí Schoinoússa,0.13291235398599893,-1.2705781650581336,1.087486015190212,-0.7346985251100477,0.987833493742949,0.0,0.0,-0.8523894763814985,0.9709186485614046,1.2095947226255617,-0.21242374000614472,M,L,7,XS,0,-0.16914366965700506
280288,Nisí Psérimos,-0.44298208671122313,-1.0451754679850092,0.919082394461884,-0.8784977121931989,0.9192434950670492,0.0,0.0,-0.7917202435958042,1.0220818001418577,1.103058504581541,0.20138003775754915,S,L,7,XS,0,-0.18700566576750055
280293,Nisí Sífnos,-0.265233334573906,-0.7581303288616756,1.0215275732626892,-0.5089267808192571,1.2014327953186004,0.0,0.0,-0.81528273213572,0.7762604865173087,1.497124072303077,0.9034026973767564,S,M,7,S,0,0.19000530373890573
280294,Nisí Antíparos,-0.2737452286081128,-0.9081626651906739,1.1166184065542906,-0.7118241343851358,1.0151157549829868,0.0,0.0,-0.8315632531597538,0.8793070572312593,1.3557503494213348,0.5374462736516221,S,L,7,XS,0,-0.08593947424316033
280297,Kalymnos Island,0.4467849099603809,-1.0277540212624026,1.0282689153876896,-0.8303037098028446,1.1401799845792335,0.0,0.0,-0.7870290453712312,0.893266632946824,1.3119827871387202,1.0833464192773865,M,L,7,M,0,2.231991240507998
280298,Nisí Donoúsa,-0.14957376656095078,-1.1089210610819438,1.0694714635682552,-0.7191793261721491,1.1156602989439546,0.0,0.0,-0.8481124893568585,0.8962113853511926,1.3910755373023758,-0.4967843639899134,S,L,7,XS,0,-0.17308508805764525
280299,Léros Island,0.4101367916322551,-0.8902458979237181,0.9817377118325052,-0.8291756338754895,1.0937343499172432,0.0,0.0,-0.7872457574465971,1.0223914273521604,1.1741979672889575,0.7920736258616462,M,L,7,M,0,1.0320421019558286
280300,Nisí Sérifos,-0.6145448021331692,-0.9091395540928349,0.9450375026145871,-0.35677829996122595,1.2789272446201179,0.0,0.0,-0.8262231908575839,0.7686749858545016,1.443795267505629,0.6643219099122103,S,M,7,S,0,0.01954160830707275
280306,Nisí Spétses,0.520114631156276,-0.7098462120625294,-0.5035975010527801,-0.06615546277847349,0.6278597689177002,1.3905030646439611,0.0,-0.8762649131424426,0.5856018589344286,1.1507238603008882,-0.3009138803730582,M,M,1,S,0,0.15677181560062123
280308,Nisí Leipsoí,-0.13153824923853713,-0.9007060895846123,1.0418719481653278,-0.8101192432307684,1.008746475061545,0.0,0.0,-0.8212639726842265,1.032076976398794,1.200288269276999,0.15790749537096277,S,L,7,XS,0,-0.14453033773512128
280311,Nisí Pátmos,0.15813851159300304,-0.8746454980836699,1.0694002549822472,-0.7959174371067613,1.1242474674283667,0.0,0.0,-0.8315860326978406,1.0023996108798463,1.194848438662332,-0.710688611561443,M,L,7,S,0,0.15596626232880248
280317,Agathonísi,-0.6930631584573095,-1.015145928307544,0.9672805809987989,-0.8270797528661707,0.8283555267934847,0.0,0.0,-0.810357861153712,1.02383049849981,1.0982082572326612,0.1669572378064083,S,L,7,XS,0,-0.20933402211017077
280318,Nisí Kýthnos,-0.6779137287286219,-0.9694559566983907,1.0522909121733082,-0.4924263256965631,1.300699858302765,0.0,0.0,-0.8245546587370501,0.7934619982007951,1.3332409820954247,0.47287627075307315,S,M,7,S,0,0.023247749229409177
280320,Mykonos,0.2761000600146431,-0.9212428911646044,1.2286792802491453,-0.7239779528453621,1.3530883302977559,1.6881761307523089,0.0,-0.8685002733445167,0.8385563100634699,1.3625721737998304,-1.0670050247265703,M,L,7,M,1,1.680622051762997
280322,Nisí Sýros,0.6731402080515289,-0.8550936181652877,1.2055144430942244,-0.7010477581269718,1.2899907501604053,0.0,0.0,-0.8534726275806545,0.8374019788326249,1.3142167949562436,0.9692708363242994,M,L,7,L,0,2.5073581912969334
280329,Nisí Foúrnoi,-0.26750054765273057,-0.9002691353823731,1.0330893406520525,-0.7321268911617693,1.116676328495923,0.0,0.0,-0.8662970068968174,0.8302095510112673,1.3982794614876313,-0.5869095028489709,S,L,7,XS,0,-0.12460331042144243
280333,Nisí Agkístri,0.19892999421004492,-0.7849449331446691,-0.38844369547843705,-0.2994442632741109,0.29025903140272863,0.0,0.0,-0.883102852206565,0.5834212928363404,1.2265615943988575,-0.18678109078807562,M,M,1,XS,0,-0.13466908032883962
280334,Nisí Makrónisos,-0.8176204845349315,-1.0557395885919385,0.0027273181611525616,-0.44134769248844824,1.1595276547119808,0.0,0.0,-0.7687003497652599,0.6758446491221007,1.2557174951896377,-0.28733105833189776,S,M,2,XS,0,-0.19092887155403568
280335,Aegina Island,0.44927485172195225,-0.6519103747118181,-0.3410938691836907,-0.2791191338882927,0.6288507662029221,0.0,0.0,-0.8909287353962742,0.6503483489110711,1.1428403378880896,0.32672613495025543,M,M,1,M,0,1.626333626042428
280339,Isola Favignana,0.5602878183342452,-0.5852249504893055,0.5717326434888079,-0.038477928217233545,1.755416609181244,0.9497323993802443,0.0,-0.8273170131592471,0.6901936377830106,0.9318254357579918,0.2749198598048497,M,M,6,S,0,0.13027343125175259
280351,Isola Vulcano,-0.14341401469194037,-0.6649613650182502,0.1936763343779931,0.462094758575891,0.09403183570958917,0.0,0.0,-0.7803376837518542,0.47589940116779966,1.0910902670158875,0.2916634172866649,S,M,3,XS,0,-0.139376307440881
280356,Ithaca Island,-0.37059916060889375,-0.12932137285363185,0.29206091732744405,-0.008490330391315979,0.0,0.0,0.8920525971229865,-0.855644036987381,0.4140910757825407,1.480958149020666,0.5742374136881794,S,M,4,S,0,0.13494167990062003
280358,Isola Lipari,0.5639205169841045,-0.4202186873252603,0.2440599871584661,0.49135847861201776,0.0,0.0,0.0,-0.7864867019714338,0.44074463514129764,1.1333172866733487,0.5555413644104955,M,M,3,M,0,1.412845557170887
280359,Nisí Oinoússes,-0.023213222581026885,-0.6018651881362423,0.6657638551476948,-0.3094359299914915,1.2625084751157039,0.0,0.0,-0.937939621708417,0.635249081549073,1.527300887419791,0.006414234031129821,M,M,6,XS,0,-0.1528052253854338
280361,Isola Alicudi,-0.032074546771739904,-0.7662465824069493,0.34944727023007977,0.6032440347521323,0.0,2.664780735452159,0.0,-0.8006604381553477,0.48689006916471655,1.1750466218304472,-0.3217273366756598,M,M,4,XS,0,-0.20386282295974106
280363,Isola Salina,0.23263923765677227,-0.43937466173654666,0.33769379995426657,0.5298564913404492,0.0,1.7214086055335052,0.0,-0.8009365993243883,0.2745663206112905,1.480982398738512,-0.13241310223935016,M,M,4,XS,0,-0.020420569183197193
280364,Isola Filicudi,0.11292336137102384,-0.6681193118544554,0.32188495331281075,0.5827047579533954,0.0,2.3785945746793913,0.0,-0.8075344880271673,0.47866628262156896,1.2458748889820455,-0.1518342326682146,M,M,4,XS,0,-0.16969968239466895
280366,Nisí Psará,-0.8294575105205783,-1.1090068281385632,0.979176613200264,-0.5947981221878178,1.9048144412812866,1.9773366369317085,0.0,-0.9239223088762265,0.7065775286771159,1.6262614372454058,0.6135132824205544,S,M,7,XS,0,-0.16710675209956624
280367,Isola Panarea,0.8759627553186781,-0.7124121308736973,0.35012899796284336,0.429475805036053,0.0,0.0,0.0,-0.7939383106870307,0.5507047495935685,1.0824684942457872,-0.48841998932601477,L,M,4,XS,0,-0.14489988130471448
280368,Nisí Kálamos,-0.5175326407781815,-0.40025216363063515,-0.7533595359418085,-0.24791837937495476,0.0,0.0,0.0,-0.9214371284390996,0.4186110474695858,1.4302640455578686,-0.42099048033555553,S,M,1,XS,0,-0.17698016210849887
280369,Nisída Meganísi,-0.18044471652278327,-0.42388620719777775,0.06148774159619227,0.003625618966422638,0.0,0.0,0.0,-0.9106926103894094,0.4573583675106631,1.357341555135369,-0.7216914669656687,S,M,2,XS,0,-0.154509116485018
280371,Isola di Ustica,0.4704146346792268,-0.5684443973483152,0.4589891884076381,0.4357844934463891,0.0,2.537545425281842,0.0,-0.7920665591547337,0.6498564588748454,1.0436116758842648,-0.30222740379831997,M,M,5,XS,0,-0.107681602781568
280373,Isla de Formentera,0.4316106665515385,-0.8605786414913968,0.12654957888055862,0.05992850773923509,0.0,2.0768596958767365,0.0,-0.7431865415674481,0.7278825158711395,0.5515621605478541,0.6426853772512539,M,M,3,M,0,1.2539830146202573
280375,Isola Stromboli,0.6815801280483456,-1.0398345206395827,0.34019033722020414,0.47834946639127846,0.0,2.4467215706891667,0.0,-0.7920020765345818,0.3704782898623074,1.253196007393666,-0.04931383538207542,M,M,4,S,0,0.04814996530857526
280384,Ìsola di San Pietro,0.31870179975662305,-0.46473478482196184,0.39984044176570954,-0.23865469200065023,1.865885585277876,1.250690929354637,0.0,-0.8708744764609702,0.534441635270858,0.9618777018588645,0.673711909118846,M,M,4,M,0,0.9731498643184198
280386,Nisí Skópelos,-0.14456586261657908,-0.1366861822815302,0.4534269116493344,0.20878698128340792,0.6750292501588258,0.0,0.0,-0.9197398783923574,0.08932067936455419,1.9570113006825185,0.21065064518780446,S,M,5,S,0,0.3653396369368657
280387,Skiathos Island,0.3062860077328551,-0.18105105209130523,0.09910977705004224,0.5002406502249385,0.03546975747311201,1.7165873591263918,0.0,-0.9649369489510785,0.12928308491178553,1.8244207124980498,0.6986202625683036,M,M,2,M,0,0.7697727873838818
280389,Paxós,0.2597302922384864,-0.29867063399325394,0.3252472541509151,-0.03370802313491458,0.07766078391663955,0.0,0.0,-0.826650242610517,0.5280704881349828,1.3011313113211074,-0.5048137971681151,M,M,4,XS,0,-0.033361067251632556
280390,Nisí Alónnisos,-0.1535327842484024,-0.33991111601666013,0.4534269116493344,0.20878698128340792,1.0550561524063673,1.7541552877384836,0.0,-0.8972993366872181,0.17063625097810722,1.9613751836562532,-0.4368511021058531,S,M,5,XS,0,0.031709700176179266
280394,Nisí Ágios Efstrátios,-1.0754263545694867,-0.726278568158581,0.9855287713069074,-0.31054959134274734,2.0202496916190578,0.0,0.0,-0.9615729759772432,0.43965618204030427,1.9216952659166564,0.43623106901328845,S,M,7,XS,0,-0.16694988668858143
280397,Nisí Othonoí,0.28204707560326664,-0.40586911452334445,0.5386263965211033,-0.2139397527960611,0.7991623310444066,1.3114786469402788,0.0,-0.861814674774112,0.4222877790945271,1.4003697372415167,-0.5082379762425455,M,M,6,XS,0,-0.13892276317040936
280398,Nisí Ereikoússa,0.6327090851014345,-0.5115894406660815,0.21962344792781935,0.22175404341236768,0.6399115264815997,0.0,0.0,-0.8892550343379817,0.500942606241294,1.2970355124832809,-0.8507540436462138,M,M,3,XS,0,-0.16688101759336524
280402,Ishulli i Sazanit,0.1957403697484342,-0.3887306074243662,-0.1028166184675908,0.023230060019314814,1.350912885230368,1.33796664160722,0.0,-0.9151078992067371,0.38092582927755847,1.2365246595115205,-0.7124586935103542,M,M,2,XS,0,-0.18469589931412275
280403,Isola di Capri,1.5305925674193785,-0.520707444856623,-0.009506513247724996,0.5584188851930265,0.0,1.6696244896061,0.0,-0.9073304507233909,0.30811439224863285,1.2262431466138366,-0.6784812489336355,L,M,2,S,0,2.0785681942279224
280404,Isola d’Ischia,1.5326531337705493,-0.15928156849781783,0.11702722182212866,0.5491310224175552,0.0,1.8225769145574788,0.0,-0.8782298553732647,0.24803207386548712,1.3357881293595717,0.48501441576884574,L,M,3,L,0,2.7683005541095342
280405,Isola di Procida,1.8393061987768862,-0.6936645680131815,-0.2715115419486434,0.5446242165727953,0.0,0.0,0.0,-0.9519835724465847,0.34321425983359183,1.1387271811849466,-0.8152222180199798,L,M,1,XS,0,1.5219139037646552
280413,Isola Asinara,-0.8047905348662021,-0.41654478460957406,0.6795375485932889,0.1535620952598978,0.7445082092469775,1.884963406192624,0.0,-0.8998714672312593,0.43181375667107563,1.363609583978099,0.760723949584896,S,M,6,XS,0,-0.15538167798164515
280415,Isola Caprera,-0.0004154909413892911,-0.8979949891590681,0.49222386028111464,-0.3929026728482235,1.4551422515309926,0.0,0.0,-0.8924362894674536,0.3825976698173492,1.2354495441066606,-1.0670050247265703,M,M,5,XS,1,-0.11193783595844986
280417,Isola Maddalena,0.9795713412299627,-0.8093688896002946,0.48245873928282906,-0.37882004004803727,1.4305615742425197,0.0,0.0,-0.9027973139140963,0.3868431492966778,1.2442024023595837,-0.5038119629457206,L,M,5,M,0,1.7419795029540341
280425,Isola del Giglio,0.002012360074273268,-0.4432615450478552,0.32608320692161097,0.2028886740920834,0.0,2.203212447445201,0.0,-0.9143085916611279,0.3510903562469669,1.3161658889187715,0.2886928149128138,M,M,4,XS,0,-0.08680029500990061
280426,Isola Pianosa,-0.2777295585279564,-0.38325601509896096,0.3470728866497022,0.3190992662373256,0.0,1.5007086910012826,0.0,-0.9147117599595074,0.41566263516911284,1.1795014313350267,-1.0060392976323558,S,M,4,XS,0,-0.18772439861766854
280430,Otok Šipan,0.1527666366059834,-0.2769684678857476,-0.7369969414987938,0.03098559070796226,0.22180289658326247,0.0,0.0,-1.0617459191493823,0.13394872046372347,1.2209780239512475,-0.5631067570174247,M,M,1,XS,0,-0.12150670250979238
280432,Otok Lastovo,-0.6160561473922992,-0.28352408438722304,0.2599014631368665,0.03949662265917849,0.21997859257333738,0.991126448699295,1.124408301792339,-0.9840396569237783,0.22593142525869975,1.4429931935189724,0.2615972836381015,S,M,3,XS,0,-0.15404225251030088
280434,Otok Mljet,-0.8043161426915962,-0.20970104922492616,-0.10282390185513449,-0.11871991190718129,0.22180286853526354,1.356467039370651,1.1925876674532112,-1.0475676844474693,0.08267943189628733,1.4050974842924682,-0.028610841789169887,S,M,2,XS,0,-0.12223353977329514
280436,Korcula,-0.04485473167412353,-0.0658339624042289,0.22429924985139466,0.028732155993011814,0.24546040501096095,0.0,1.3430414127136094,-1.007229845150856,0.16509956015368635,1.4218838646934138,0.550310694075457,M,M,3,S,0,1.0114287727721831
280439,Île de Porquerolles,-0.07947647818023806,-0.5472258964901352,0.15007619093728944,-0.546944712532333,0.7080764276331762,0.0,0.0,-1.083837228703326,0.45806619141695804,1.0417148111280436,-1.0670050247265703,M,M,3,XS,1,-0.14495524870051402
280441,Île du Levant,0.27611350035485116,-0.683632595532049,-0.2813997117494964,-0.36559971180389006,0.7066283816196467,1.6817493719034233,0.0,-1.0628933949594959,0.43905083522488964,1.0776417301504706,-1.0670050247265703,M,M,1,XS,1,-0.12794531161763503
280442,Isola di Capraia,-0.519830859428569,-0.4215498447723146,0.4309147945543724,0.2810259030059973,0.0,1.7635365642827114,0.0,-0.9327178057865595,0.14228010795229545,1.5194812621923621,-0.28406712732461625,S,M,5,XS,0,-0.1698616230554883
280443,Otok Vis,-0.23909071155877554,-0.23164919759533342,0.4936335981185637,0.06822470954808561,0.12097057500921275,1.0602038386171562,1.169647234123816,-0.9638351674249788,0.1970079983369432,1.5270434980486591,-0.422027204666962,S,M,5,S,0,0.11465836308015728
280446,Šolta,-0.2549843097059214,-0.2846441456950343,0.044409245286340736,0.2581206809652583,0.2330245958768219,0.0,1.0974343075473902,-1.0743683182979797,0.24440658078598465,1.3372784241138018,-0.5586243377344674,S,M,2,XS,0,-0.03791368261845775
280449,Otok Veli Drvenik,0.19796107306263974,-0.561550441526096,0.19113657259808142,0.15097175364785378,0.2839749511029164,0.0,0.0,-1.044472465976078,0.21546192646683146,1.3058820033088492,-0.1283163705549356,M,M,3,XS,0,-0.1439473010861011
280452,Otok Žirje,0.00609355423656906,-0.6651513019562206,0.35254419315334806,0.08294061875248805,0.3680270712924299,0.0,0.0,-1.0532997653095455,0.24190394383084254,1.3781360258080906,0.08737509650666421,M,M,4,XS,0,-0.15595818009282378
280457,Otok Kaprije,0.29405274321842734,-0.7608722251463744,0.35254419315334806,0.08294061875248805,0.3671570410317767,0.0,0.0,-1.0532997653095455,0.2219948410104534,1.3482404148606455,-0.23177363964096254,M,M,4,XS,0,-0.1649402221302328
280471,Otok Iž,-0.014855943209845164,-0.3857050765212621,-0.03143503047247479,0.33742709433967644,0.35924945485937176,0.0,0.0,-1.0678706092695296,0.05045185077286026,1.6060916457451753,-0.5737552565282708,M,M,2,XS,0,-0.14946541404389724
280472,Otočić Golac,0.11758514554033991,-0.31863803057658246,-0.4247441188589985,-0.44847501457541616,0.45496223421901316,1.2670268975235894,0.9568084620853371,-1.0625704255719677,0.05115455082461119,1.5100014301255718,0.5288104541768396,M,M,1,S,0,0.6161811011079928
280476,Otok Molat,-0.057264059798217984,-0.4176988791603461,0.13770662904595124,0.2407657979841704,0.19092484268281332,1.3682244023965846,0.0,-1.0434051391281827,0.05674833602823683,1.6949546744915778,-0.7447066873733901,M,M,3,XS,0,-0.134922966454029
280478,Otok Ist,0.10289968352181561,-0.48177883969952395,-0.058664723048943684,0.1666659576047726,0.16899743942660575,0.0,0.0,-1.1335929277205936,0.029086841282749666,1.7357797084741053,-0.705964057842212,M,M,2,XS,0,-0.17102774477531163
280482,Otok Silba,0.213410540629639,-0.30733903776902205,0.20848754103506145,0.16301144201470602,0.3430053997204471,0.0,0.0,-1.051686214342149,0.03949119392398689,1.7141485200393516,-0.6995128773339041,M,M,3,XS,0,-0.12504641097075328
280483,Otok Olib,-0.40840425337385466,-0.04395526785602907,-0.16959416368556612,0.16963291193106025,0.31318716861007434,1.009902479403133,0.0,-1.1426995300716616,0.03707859041297536,1.6856851676635443,-0.0629045803420701,S,M,1,XS,0,-0.16388121277453194
280489,Otok Susak,0.6830111554266189,-0.45635455584180595,0.587517019721122,0.25368871297614204,0.5425477576746123,0.991126448699295,0.0,-1.0497498019359583,-0.008332668452207979,1.826489312130602,-0.6740556739001986,M,M,6,XS,0,-0.1564699575469875
280491,Otok Unije,-0.4381328213616698,-0.45017146823652504,0.5465122030671948,0.24378131219499827,0.5837364959474682,0.8450303896378586,0.0,-1.0661953109397841,-0.025294822930566646,1.787994266409835,0.005108952216960277,S,M,6,XS,0,-0.1913251035890508
280495,Otok Rab,0.22939807953265995,-0.4334958368676044,-0.9507230306792354,-0.2398396738150583,0.522450163346608,0.0,1.0013239484133554,-1.2485133026895685,-0.06529748733492953,1.6071135475855542,-1.0670050247265703,M,M,1,S,1,0.47510565684652256
280510,Đảo Thổ Chu,-0.0780475801486369,0.4961898504379206,0.2155953519452161,-0.1283279466985455,0.0,0.0,0.0,0.12064488773207414,-0.059722733591038135,0.14384052063608865,-0.06985858887026032,M,M,3,XS,0,-0.159380707204955
280517,Hòn Rái,1.271343818878904,0.4852137906942485,0.28191566740676444,1.1635256854706055,0.0,0.0,0.0,0.11319913840208487,-0.07738502619387641,0.09405976613364445,-0.4819858016689112,L,M,4,XS,0,0.9444844276231421
280520,Cù Lao Cổ Chiên,0.807276118420606,-1.1000312640983705,-0.2807862869826249,-0.040819081468064185,1.3898041772217262,0.0,0.0,0.12129579127717278,0.10092840584441488,-0.056357910360157366,0.6368634779890248,M,M,1,S,0,0.792584495353725
280523,Hòn Tre,1.3816344593379022,-0.0703922520115912,0.14356516683475554,1.4172617462795867,0.0,0.0,0.0,0.11110747075057756,-0.00026808738953518587,0.04284992569960199,-0.5242775185908165,L,M,3,XS,0,0.5215584765497355
280530,Cù Lao Ốc,1.4078674591087919,-0.262980521453221,-0.8541641514318897,-0.05503869586458479,0.0889161511871981,0.0,0.0,0.11918319307361865,-0.057808973918847026,-0.15796796570777374,-0.45826232929766286,L,M,1,XS,0,0.3740625142344087
280538,Hon Phu Quy,1.6336720896934889,-0.09316750098368234,1.2458567110595784,-0.13187162371851,2.6893475691105038,0.0,0.0,0.03442514398759013,0.4772015922012006,-0.01883289432495895,0.2243046936252913,L,M,7,XS,0,1.8192959777731672
280540,Kaoh Rung Samloem,-0.7136521298114694,0.05239874085121292,-0.005561505986745392,2.000808771510892,0.0,0.0,0.7420594336536768,0.09805841662627075,-0.19849757605081106,0.23627124107677042,-0.13719016114632712,S,M,2,XS,0,-0.19237938986421455
280542,Kaoh Rung,-0.6740710917059759,0.5190550832772,-0.03922120562737944,1.9707791451041679,0.0,0.0,1.111753381196705,0.10957272473488587,-0.2560047915359779,0.26879963608489366,0.21417055306986638,S,M,2,XS,0,-0.09406121297221282
280546,Kaoh Kong,-1.4004119280859042,0.9243596163128653,-0.8654883902195929,2.9410508701816145,0.0,0.0,1.357635495168987,0.05619698670569887,-0.22020112593043709,0.2661003628014866,0.10175455307358312,S,M,1,S,0,-0.1332619042974863
280552,Hòn Tre,0.4411689107969556,0.1951915833667066,-0.7206945577853118,1.743703860473999,2.1157954046519287,0.0,0.0,0.07953330794493287,0.4824820902984206,0.3135779709893996,-0.7087169756208956,M,M,1,S,0,0.20792775234270708
280560,Cù Lao Chàm,0.3453988879857201,0.04480028785899278,-0.011433934820251417,1.101598305950238,0.0,0.0,0.0,-0.0054615771592743025,-0.13524688561141263,1.0344145936110785,-0.2421315043935,M,M,2,XS,0,-0.07905967152518935
280577,Đảo Ngọc Vừng,0.4537113447629952,-0.3993957288735878,-0.18484324816516084,-0.78036253348979,0.9833720157211915,0.0,0.0,-0.26635920309132866,-1.2411331697115782,0.5922672862393118,-0.21373171516707737,M,S,1,XS,0,-0.08764776868664427
280580,Nui Kak Ba,0.2896225692858774,0.15317530503384905,-0.11484882903505152,-0.6680515277959479,1.0477796494422986,0.0,1.2690837943731719,-0.23385022607230876,-1.4004938297811602,0.4899048583186283,0.4086870277576258,M,S,2,S,0,1.5674812728437313
280586,Île aux Cerfs,1.3558914156408821,-0.7795887187887374,-0.8539798776595686,-0.9040275629533261,0.32893888231569507,0.0,0.0,-0.22917636363525526,-1.3826082835160476,0.43637014301130145,-0.33229786372251924,L,S,1,XS,0,0.1537810312697068
280587,Naozhou Dao,1.0077507149699148,-0.11054688456267596,0.5127674181960946,-1.0290405879791704,1.7227197081406564,0.0,0.0,-0.2057417589649616,-0.5996953868473581,0.3143147967067189,0.5981504827864195,L,M,5,S,0,1.785851516407699
280589,Van Hai,0.9660732845671139,-0.6807735192082452,0.4662186326093184,-0.6812583259572922,1.0885359147856548,0.0,0.0,-0.25948687695787204,-1.2293069474343763,0.6280668283481702,-0.28466016096234675,L,S,5,XS,0,0.30826936269781113
280593,Sha Pak Wan,0.739094881465362,-0.3736826485148401,0.32082724559570924,-0.6326710822699039,1.13679447873784,0.0,0.8736571324769523,-0.26910942369806384,-1.2126906531377388,0.6282192238732667,-0.045571319556706846,M,S,4,XS,0,0.0990020853680702
280594,Đảo Trà Bản,0.2906479806962765,0.07075629251118903,0.4662186326093184,-0.6812583259572922,0.9159291696365807,0.0,1.1574070340298177,-0.26828170079492936,-1.4136178512164397,0.5653525863469819,0.2504137612852017,M,S,5,XS,0,0.33631810365051046
280595,Đảo Thanh Lam,0.16559109418181878,0.06717924707762447,0.2278477733817491,-0.6336226201167474,1.1123738374611472,0.0,0.0,-0.2670992775846909,-1.1971906271524764,0.6075830412481313,-0.2996021163100057,M,S,3,XS,0,-0.11552384105567363
280597,Weizhou Dao,1.1141355201336416,0.03682609469385309,0.485502339228193,-0.6475534302190581,1.822322846282112,0.0,0.0,-0.22977898916917297,-0.7112519479797007,0.3183755983153465,0.12231542686796706,L,M,5,L,0,2.1191809696074335
280598,Donghai Dao,1.234125807646521,-0.3499329732527442,-0.3670186222954245,-1.0768023852577353,1.4362175719697465,0.0,1.005169972858403,-0.22274569441439365,-0.7598776935920343,0.27245229775263713,1.022916577212961,L,S,1,L,0,2.8155725750852425
280616,Mang Zhou,-0.1229855911116108,-0.02553138141051325,-0.22067920183255274,-0.5699948126189024,1.5026036416009783,0.0,0.0,-0.30188865414975424,-0.7044423452907019,-0.11066095839070142,-0.6475380572891091,S,M,1,XS,0,-0.1973346529940393
280618,Xiachuan Dao,0.49613679678281913,0.46025343540737484,0.13686053942965432,-0.5830856872167554,1.6825387989878617,0.0,0.9506230167170837,-0.30930375034126867,-0.8682600268343582,-0.09692352062989534,0.9697919400817423,M,S,3,S,0,0.7847855838839932
280619,Shangchuan Dao,0.2789100987234978,0.24527989069381978,0.6050220892246211,-0.5937274408890726,1.7503451373019046,0.0,1.0525506516279854,-0.30909953369128285,-0.9291530122042896,0.03425675885729673,0.3856876343243909,M,S,6,M,0,1.3678119564644555
280621,Hebao Dao,-0.46487417564856337,-0.12098477281969709,-0.04731258246484369,-0.6695329662006542,1.2638639548876727,0.0,0.0,-0.3197109751501621,-0.8344414888750138,0.09129521269615333,-0.24806143255413815,S,S,2,XS,0,-0.19927468467050627
280622,Dajin Dao,-0.36173045472969734,-0.11508883177358493,-0.04731258246484369,-0.6695329662006542,1.152158370385206,0.0,0.0,-0.31971564205051933,-0.9006131423941137,0.1445139946494951,-0.554986892743672,S,S,2,XS,0,-0.19740009589273902
280625,Dawanshan Dao,-0.16264070190378718,-0.05177162126653051,0.44596452971178824,-0.7961892696133165,1.1484464901497204,0.0,0.0,-0.29402157192752565,-0.7548332587934501,0.020926841079234447,-0.41241334896681536,S,S,5,XS,0,-0.1646470226227861
280627,Baili Dao,-0.4228236652821209,0.033270126985677245,0.47108517197384037,-0.796488061141437,1.0129440083638117,0.0,0.0,-0.2871227016045923,-0.7392435653536661,0.025693411629471787,-0.439289329695168,S,S,5,XS,0,-0.1987443584510046
280628,Zhiwan Dao,0.36254726218213434,-0.6686752307426924,0.46752132615673847,-0.7632158557929839,1.2175254558487458,0.0,0.0,-0.28333041932192965,-0.7025959277068042,-0.02663051271323818,-0.4211251080640694,M,M,5,XS,0,-0.1753002125145791
280634,Dangan Dao,-0.09226468787567417,-0.33665159619561374,-0.00038994300789991604,-0.9184906325371751,1.4257575922970713,0.0,0.0,-0.29658787376016266,-0.7748075077644696,0.07017550800272916,-0.35797507671645645,M,S,2,XS,0,-0.1676736526431047
280644,Lamma Island,0.9677302513250182,-0.19773284742635736,-0.15905625549340957,-1.0493270917428505,0.0,0.0,0.0,-0.28367255027945115,-0.7117764110912419,-0.09644969780239135,-0.26513987155481084,L,M,1,M,0,1.7751053342978542
280649,Lantau Island,1.3212061056471687,0.15125546507285564,-0.033405349898451106,-1.074133890616356,0.0,0.0,1.1476590185338946,-0.31556863658382306,-0.9325830668318987,-0.1308290040946647,0.6448355079101549,L,S,2,L,0,2.817018860372679
280653,Neilingding Dao,-0.1002197697970026,-0.2520622909980374,-0.10276157259819424,-0.8883097566353904,0.4274129535741445,0.0,0.0,-0.3235220668040431,-0.6559468919796305,-0.12173653635749047,-0.5366155695183679,M,M,2,XS,0,-0.19540692423099304
280664,Xiaobei Zhou,0.9291848171380652,-1.6095462332537316,-0.4803316307924939,-1.2375650641899874,0.19948699509588538,0.0,0.0,-0.2753557777428369,-0.7472660576111565,-0.07921761679417441,0.7439866149220375,L,S,1,L,0,2.7269855622800914
280666,Nan’ao Dao,1.114697496210768,0.0486252543321379,0.059021751963911726,-0.39159839717960254,2.093958766762274,0.0,0.0,-0.4138966177166924,-0.43518012910649423,-0.20537409942591728,0.4205270609773146,L,M,2,M,0,2.5510605644477296
280667,Haishan Dao,1.5240137856610905,-0.3277305095509435,-1.0224056996160937,-0.8473747116610065,1.640671554623729,0.0,0.0,-0.43062490836699713,-0.37209706190860653,-0.20793550748144915,0.02804084215218556,L,M,1,S,0,2.483603896259348
280669,Hateruma Jima,-0.1466854817353095,0.18021862803482475,1.0120061443790527,-0.3477984286503054,0.9943582566462122,0.0,0.0,-0.19274273795221636,-0.4807579132443588,0.8856827238703281,-0.2848786060914934,S,M,7,XS,0,-0.16223146849521333
280673,Kuro-shima,-0.2655498504645626,0.4231996350194853,1.0210013308719637,-0.3574724854627954,1.0362994677237383,0.0,0.0,-0.1985415945974003,-0.5781737338040448,0.9312575354376483,-0.42221614080335124,S,M,7,XS,0,-0.19392764738737608
280675,Taketomi-shima,0.05974182360941925,0.6981655151161993,1.0088091755166337,-0.33013812911150076,1.1059962404260146,0.0,0.0,-0.2024361300278185,-0.6404018492723028,0.9569236375857058,-0.6108560270529539,M,M,7,XS,0,-0.18690064203149745
280676,Obama-jima,0.0022373385603619202,0.2897925021100735,1.0065746066591768,-0.32654627885260973,1.0645807849513365,0.0,0.0,-0.19780236140344276,-0.7072557074249762,1.0256588887880478,-0.4140729195248558,M,M,7,XS,0,-0.18432274210057217
280680,Iriomote Jima,-1.0513043269143476,1.0353968886146043,1.0591794569631905,-0.4410152517184927,1.310067319408454,0.0,0.0,-0.19682193010467214,-1.124805568019535,0.9279416627678524,0.16064664788160304,S,S,7,M,0,0.4704477945282263
280683,Yonaguni-jima,-0.034695932460301976,0.7079021128455109,0.9515486165691216,-0.35794946365276836,1.906463388759137,2.535974377990805,0.0,-0.18991431337375933,-0.988972184057639,1.4461801062683064,-0.10580545064543677,M,S,7,XS,0,-0.06320327304782349
280686,Ishigaki Jima,0.5914832515184895,0.6968151496192688,1.0437205618206014,-0.43666425775178386,1.4102315708972963,0.0,0.0,-0.20286581440657853,-0.8459749194639863,0.9456757660706796,1.4548673952873123,M,S,7,L,0,2.756152217668951
280687,Tarama Jima,-0.09696401837182662,0.23441086683900791,1.0015236682465551,-0.3299473073020226,1.464282959960169,1.7807280412079058,0.0,-0.20486560558365807,-0.561435930956792,0.931728959399997,-0.12369873417813983,M,M,7,XS,0,-0.10521477643917154
280690,Iwo Jima,-0.5021903482948927,0.30332616963139875,0.7643114044390146,-0.1207914741956129,1.24050488976507,0.0,0.0,-0.18383164497307625,0.6191250432782714,0.11555490604709948,-0.29668180844790043,S,M,7,S,0,-0.06698498397950367
280691,Irabu-jima,0.4285078356985849,0.13044880781527818,0.9896514470069069,-0.41478667632689037,1.614589855639311,0.0,0.0,-0.2197393490557063,-0.5764023440902559,0.7906187833519892,0.6549248976508738,M,M,7,S,0,0.4692788917393938
280692,Miyako Island,0.7332301982313595,0.1926619452921361,1.0182931424607184,-0.5103403522805299,1.7851660333090984,1.1908063167384892,0.0,-0.21829332728039966,-0.561156680884143,0.7847052996877849,0.5895787269347034,M,M,7,L,0,2.762898381468272
280694,Meizhou Dao,1.6411508156559735,-0.9587030110480117,0.2610787417385019,0.07203947467438832,1.6984450931821178,0.0,0.0,-0.5970602449113084,-0.5758548236332667,0.38512454625555315,-0.09744969295956639,L,M,3,XS,0,2.1281449357345843
280695,Nanri Dao,1.2017559541167424,-0.8647625238560083,1.118978995305513,0.02252932426821134,1.615637384358038,0.0,0.0,-0.5900427802112402,-0.7559605067931332,0.6313075319730689,-0.03861490387537998,L,S,7,S,0,2.4378996723265707
280703,Dalian Dao,0.7013845484078617,-0.6286910592068401,1.334277964960671,-0.034849875696552554,1.0801152599958244,0.0,0.0,-0.5989907397729621,-1.1034994828566813,0.7305530997841376,-0.28583946367999347,M,S,7,XS,0,-0.036258305778410035
280704,Haitan Dao,1.4774928765782633,-0.4545036093952881,1.41591925447764,-0.02397571050582157,1.5624376465797352,1.1530646925738819,1.075637724630983,-0.616925748321922,-1.0807195575332007,0.776376627837543,1.023172267286095,L,S,7,L,0,2.816518022957157
280705,Yutou Dao,1.3334596473182148,-0.8347230025566956,0.17675079570213484,-0.17986498209777052,0.9380408508297348,0.0,0.0,-0.5989907397729621,-0.9341571881457429,0.5544669516968593,-0.4342506948049015,L,S,3,XS,0,1.4795248143837605
280707,Minamidaitō Jima,-0.22709496448892752,0.28490167716095205,0.845886881753379,-0.880878140963164,0.045811092373531676,0.0,0.0,-0.27477483988639745,-0.047631900825598684,0.47175311961656013,-0.04096603945651279,S,M,7,S,0,-0.0572254089753756
280708,Kitadaitō Jima,-0.2192796187723893,0.06394433491326781,0.8424876922535808,-0.87942021892028,0.045811092373531676,0.0,0.0,-0.274661998766814,-0.053794067893999944,0.4960660769978774,-0.41494243034934014,S,M,7,XS,0,-0.1583145301421351
280715,Aka Jima,0.09728766104540823,-0.06541496938562,0.8878128987966245,-0.7219514248585598,1.1229763550723664,8.081252870578837e-15,0.0,-0.29563768869551876,-0.5915067353067981,0.7967392399121083,-1.0186880842922357,M,M,7,XS,0,-0.20132406017194157
280718,Tokashiki Jima,-0.13784801316874729,0.3775239179342944,0.8878128987966245,-0.7219514248585598,1.1624667478853954,1.3062540943556709,0.0,-0.29563768869551876,-0.6052851461652713,0.7945998882276998,-0.9083071156153217,S,M,7,XS,0,-0.1436594834177187
280719,Zamami Jima,0.1957345109231793,-0.15940227313339983,0.8878128987966245,-0.7219514248585598,1.1602220856643446,0.0,0.0,-0.2958819445727035,-0.6475584101118538,0.8116396440689276,-0.975051694173639,M,M,7,XS,0,-0.18172577705508333
280723,Henza Jima,0.6834574494571933,0.02890536948342756,0.8761123157235167,-0.7819185671520767,1.3178487187023928,0.0,0.0,-0.3264172105815904,-0.4968636520346467,0.5826068306527119,-0.4405938260913317,M,M,7,S,0,1.0843322115012919
280724,Kume Jima,0.3048264013411319,0.4511455656241593,0.9312260967232281,-0.8076210526690245,1.2889783789897735,2.15581490321853,0.0,-0.303254746558524,-0.7911105149547014,0.9701950846716545,0.8497110774197503,M,S,7,M,0,1.553441203128125
280727,Xiyang Dao,0.8615936099722932,-0.7777993345186532,-0.33774726697347773,-0.21513917565426557,1.1500881905623244,0.0,0.0,-0.6629210636635392,-1.0528439588656957,0.7614911395345696,-0.396941474101162,L,S,1,XS,0,0.753702386454569
280732,Aguni Jima,0.16038792727856171,0.07859418664176465,0.9100907156229203,-0.871088924378954,1.3237254755028895,0.0,0.0,-0.31877688869232135,-0.6033981037346312,0.9059032323012915,-0.9709924198584405,M,M,7,XS,0,-0.1699969780205511
280733,Fuying Dao,0.40337372928793575,-0.47545155535527656,-0.33774726697347773,-0.21513917565426557,1.2832300637757386,0.0,0.0,-0.6586124507061952,-1.0665447799267875,0.7267919464409975,-0.3344994900022642,M,S,1,XS,0,-0.10721529280613466
280735,Qingshan Dao,0.6239163981099104,-0.49350709382349267,-1.1141254162731338,-0.18049651111588044,0.6977747142494831,0.0,0.0,-0.6364864043381289,-1.223370595955522,0.6095395815202815,-0.16582348742479713,M,S,1,XS,0,-0.07340573841762286
280739,Sandu Dao,0.7224951643534553,-0.25418050316048285,-1.1141254162731338,-0.18049651111588044,0.571506780008232,0.0,0.759946838606137,-0.7467916548832021,-1.2639840970194538,0.5596121447772402,0.5246941653686084,M,S,1,S,0,0.8419817574449061
280746,Haha Jima,-0.26349650463961816,0.39888102526762187,0.6845046361441884,-0.7220170084511572,0.8403159594587966,1.4501362013365349,0.0,-0.2985649970873936,0.05992732178318922,0.4060758636434745,0.27830120185676793,S,M,6,XS,0,-0.14306240223973035
280747,Iejima Island,0.5535761365848545,0.011781308788860025,0.8679746236150655,-0.855533015539575,1.447021979381772,1.5056133041143995,0.0,-0.333593211310378,-0.6261333783256561,0.7280259844585495,-0.504823853945247,M,M,7,M,0,0.5139271422046398
280752,Izena Jima,0.20130968996591014,0.03501268842106625,0.8635592537881593,-0.9132946097515853,1.5059554602100091,0.0,0.0,-0.34138138934984363,-0.5929238470778292,0.8075849538333825,-0.7046458951836398,M,M,7,XS,0,-0.09476562539435733
280753,Dayu Shan,0.41582120065946454,-0.19884567610936682,-0.156489200238404,-0.2531128326702014,1.4482547693042007,0.0,0.0,-0.7389249126602214,-1.0915213748912096,0.6107679914610143,-0.606138400310524,M,S,1,XS,0,0.01303479363503889
280757,Yoronjima,0.6790542361864541,0.34831628565864636,0.8521070143669346,-0.9427813510284989,1.3941796870770093,0.0,0.0,-0.35893747477823446,-0.6077036055100468,0.8340682944124849,-0.12565876660050984,M,M,7,S,0,0.1706302829430896
280763,Okinoerabujima Island,0.3432333643761158,0.3187008244620065,0.9117142701795597,-1.0055013352644144,1.7263900456265522,1.341126382867356,0.0,-0.36938771050758423,-0.6665141099974454,0.7619589237813232,0.21052603426476335,M,M,7,M,0,1.417255591865454
280764,Nanji Dao,0.9228001456174336,-0.6513010722146931,0.8382324097845208,-0.37467004247158703,1.9264443541524625,0.0,0.0,-0.7694658396770361,-0.9889147236888239,0.6140965896458209,-0.33656145705419394,L,S,7,XS,0,-0.009982421644801632
280770,Tongtou Dao,1.6570229469792257,-0.683021452893675,0.008740622929291817,-0.17176387450573774,1.2779516317722763,0.0,0.0,-0.778507113275714,-0.9207912475780637,0.4144727573744155,-0.6743787734292075,L,S,2,M,0,2.621258592349044
280772,Niyu Dao,1.0515135664660111,-0.7606545199785512,0.008740622929291817,-0.17176387450573774,1.0217520267149316,0.0,0.0,-0.778507113275714,-0.9612978796757917,0.4109241597163533,-0.006676144255031355,L,S,2,S,0,1.1447362478889271
280774,Tokuno Shima,0.1520505877412956,0.7876852631447905,0.9050904122798751,-1.14980609945278,1.6169703839729959,1.4745735717862016,0.0,-0.3936991999665526,-0.9252237477482489,0.6233252122209413,1.0851571360732697,M,S,7,M,0,2.176388479372853
280775,Zhuangyuan’ao Dao,1.2861203523841753,-1.0377477864842692,0.008740622929291817,-0.17176387450573774,1.0598259750220789,0.0,0.0,-0.778507113275714,-0.9504309161671518,0.3821528416979373,-0.09229377891345977,L,S,2,XS,0,0.32863080506927717
280777,Lingkun Dao,1.600794705816158,-0.8596841178118277,-0.29860420915542063,-0.2016167275051034,0.7989151957175752,0.0,0.0,-0.7731406738152381,-0.9716498958027586,0.3789573411082062,0.23204775969458266,L,S,1,M,0,2.6554352906305048
280778,Damen Dao,0.9834812077315186,-0.42598825543371677,0.008740622929291817,-0.17176387450573774,0.9385689837598366,0.0,0.0,-0.778507113275714,-1.0108953277034372,0.3377500008888817,-0.06401694173295004,L,S,2,S,0,1.2807000475811714
280779,Luxi Dao,0.8538328804427948,-0.6456087555581866,0.008740622929291817,-0.17176387450573774,1.0545171638843711,0.0,0.0,-0.778985125959966,-0.9351219367584593,0.3630716689148729,-0.28182609067862413,L,S,2,XS,0,-0.012037571332295943
280781,Uke Shima,-0.26269825550955755,0.5782312505260042,0.5755332645236435,-1.1856195656181159,1.2605564176985322,0.0,0.0,-0.44731207345782215,-0.799135203149853,0.6557809188064374,-0.9666660294734202,S,S,6,XS,0,-0.18421221754035422
280782,Yoro Jima,-0.28843730288043357,0.5537045150638399,0.6666979160202683,-1.177925422725562,1.2983908461474145,0.0,0.0,-0.43277243809413074,-0.8211187350813485,0.7202504691598466,-1.0670050247265703,S,S,6,XS,1,-0.19291364961428226
280787,Maoshan Dao,1.0996156626123423,-0.7128814959646472,-0.682014680097813,-0.23861638694430018,0.6890895090558753,0.0,0.0,-0.8134301576203972,-1.0693446004454825,0.23885079546900156,-0.33997064779887415,L,S,1,XS,0,-0.01626581412482616
280793,Kikaiga-shima,0.3052320910975151,0.39785840539880973,0.8994772382518192,-1.2123716920211716,1.3959022246268056,0.0,0.0,-0.4154622104614265,-0.7518317779994862,0.8671108550540394,0.516607653028598,M,S,7,S,0,0.40194535420129124
280799,Amami Ōshima,0.10955596359891251,1.0576537446284728,0.318592028863938,-1.1754468459038396,2.09139656443551,1.7771198336107044,0.0,-0.45289294491037274,-1.2663461939642457,0.6964529516604664,1.4711212933284001,M,S,4,L,0,2.746402642469005
280800,Toumen Dao,0.19892071975719564,-1.098766045546698,0.2851952014516978,-0.548420587296527,1.1025229449049783,0.0,0.0,-0.7845604445632477,-0.9112974770872204,0.3321108771182249,-0.46361454132958313,M,S,4,XS,0,-0.19528080965791855
280808,Hua’ao Dao,-0.09639000785083249,-0.37952367418750854,-0.2900783616796585,-0.826581325068834,0.8625950312990175,0.0,0.0,-0.7780786920978195,-1.0218453708536115,0.25876669028480925,0.22695041472931304,M,S,1,XS,0,-0.15262181773542818
280813,Nantian Dao,0.7749445148342593,-0.07427006079397032,0.21232694232730767,-0.6852995417680589,1.0853932618907671,0.0,1.0154944962305066,-0.7780786920978195,-1.0572255864800497,0.20591189241010752,0.9487660931520824,M,S,3,S,0,1.885906650757487
280815,Tantou Shan,-0.04587337237271621,-0.4844544161151889,0.2685266441390943,-0.7219537748606298,1.2139019195239522,0.0,0.0,-0.7936737631417206,-0.9566966582952643,0.3289070595536035,-0.09546249204381045,M,S,4,XS,0,-0.17550976435351975
280824,Yuanshan Dao,0.8514584561888703,-0.9526584194205627,0.7190102003141273,-0.7143582878995723,0.889110980939849,0.0,0.0,-0.8656497220939908,-0.981516609706483,0.470743662072865,-0.22224853585702803,L,S,7,XS,0,-0.014856600831916153
280826,Fodu Dao,1.1962837092211733,-0.8083725759645227,0.2642017306122627,-0.881262543467649,0.5210280696168393,0.0,0.0,-0.8565725871940485,-1.095184930890182,0.4192593412342925,-0.3017738046089332,L,S,3,XS,0,0.14999657961792617
280828,Liuheng Dao,1.2202041266366948,-0.45950963576988213,0.6274003940792451,-0.7445849742232927,0.7806462149491011,0.0,0.7350952102600482,-0.8571025072151126,-1.0662626019372563,0.41779251173213816,0.4398466367336476,L,S,6,L,0,2.7621344300270687
280834,Mayi Dao,0.9455302930745537,-0.13796311038051362,0.5570305846020936,-0.8709512015874029,0.8382304048871883,0.0,0.0,-0.903864708554654,-1.1216507375788602,0.40146771745324233,0.43444236333165165,L,S,6,S,0,1.7402544156979156
280837,Dengbu Dao,0.9823519757989471,-0.7982232269114199,0.7048429611599732,-0.8630733434933596,0.7750743772409052,0.0,0.0,-0.9134283194946665,-1.075587285228147,0.440080262291943,-0.1813472186947375,L,S,6,XS,0,0.19131422316922708
280844,Zhujiajian Dao,1.248611544878923,-0.36237680913507575,0.7036473024298194,-0.8641363915022767,1.1335261742871112,0.0,0.0,-0.9134283194946665,-1.0562926789634295,0.4270326803217518,-0.4362530488262248,L,S,6,L,0,2.661118494641072
280845,Damao Dao,0.30533845990128816,-0.5338068336050691,0.13552344640278205,-0.9446243076453205,0.46686317753010464,0.0,0.0,-0.8501109779342138,-1.1174667443540613,0.42659277249392885,-0.5010157285226605,M,S,3,XS,0,-0.14721382877010666
280846,Ao Shan,1.6742243643863832,-0.9600824855567802,0.6178219517184046,-0.8937471894008212,0.528192435825181,0.0,0.0,-0.8501109779342138,-1.0489253081083527,0.39579108291102727,-0.4233579881439893,L,S,6,S,0,1.5077705191424198
280849,Changzhi Dao,1.557419848113518,-0.9596860499208303,0.6178219517184046,-0.8937471894008212,0.5574590362891283,0.0,0.0,-0.8501109779342138,-1.0641237586547394,0.3809218008027662,-0.34903119466704347,L,S,6,M,0,1.2041489137348012
280850,Dapanzhi Dao,1.2771760652660908,-0.9877768516061574,0.19855998659735877,-1.0190405152016129,0.49056280921756207,0.0,0.0,-0.8504029045748567,-1.096043542515915,0.38964539769355844,-0.4969273723492671,L,S,3,S,0,0.19636514618800396
280852,Putuo Shan,1.2656287408411226,-0.5218768205415214,0.6459458869656595,-0.9058636527939068,0.8706929697985414,0.0,0.0,-0.9186056844653305,-1.0029588430043648,0.4670333633229568,-0.23364194777397027,L,S,6,S,0,1.2268228411606932
280856,Dapeng Shan,0.8622418504120132,-0.6048649912290097,0.39105881137502235,-0.945802897913477,0.5183089527073688,1.21474536792904,0.0,-0.9132611373297368,-1.1260784798841124,0.4357722858781067,-0.3158412321178222,L,S,4,S,0,0.12866080169552832
280857,Jintang Dao,1.0744908016735932,-0.2749410798469365,0.3258003691764878,-0.9575877886337928,0.5807785302399534,0.0,0.9776554301977852,-0.897887993127451,-1.1803924360195257,0.4214381471852149,0.5762524872338277,L,S,4,L,0,2.7277384931332596
280859,Zhoushan Dao,1.4356141696381441,-0.12440901474541269,0.6059376102077265,-0.903370154177537,0.9130990306105203,0.0,1.2035195939999315,-0.9140313308315615,-1.1932668525405894,0.34935154957908865,1.1680333968881025,L,S,6,L,0,2.817106186507123
280860,Xiushan Dao,1.1771127096563512,-0.6124061262341524,0.5334007665774424,-0.9204314987250987,0.6170276929287849,0.0,0.0,-0.9183731574051373,-1.0540594103614587,0.39280244902558176,-0.13522935192368643,L,S,6,M,0,1.2303747670982232
280861,Changbai Dao,1.0631035726178935,-0.7763699142412255,0.5481520803363022,-0.9437622778113762,0.5786245316060851,0.0,0.0,-0.9183731574051373,-1.0723266837901007,0.3667545569508315,-0.07689989667361789,L,S,6,M,0,0.5611147537479053
280868,Xiaochangtu Shan,1.4439642005056164,-0.6264647186957291,0.6790636035034316,-1.0253444885130762,0.6794539896839202,0.0,0.0,-0.9291992395505903,-0.9992861372651346,0.39632551838303604,-0.13676327328490206,L,S,6,S,0,1.9300579367631359
280869,Dachangtu Shan,0.5131867394973455,-0.48858084897911613,0.6519001593739687,-0.9869565870078612,0.817738174505688,0.0,0.0,-0.9263582725442808,-0.9804852509846951,0.43685040117947216,0.6646622214621007,M,S,6,S,0,0.3165975000710743
280871,Daishan Dao,1.4137227058212014,-0.4816749880800578,0.6790636035034316,-1.0253444885130762,0.8070391950228228,0.0,0.7350952102600482,-0.9308610898441037,-0.9849444683964311,0.3592943011331751,0.29662835746410243,L,S,6,L,0,2.8075385139203504
280873,Qushan Dao,1.0585903173495987,-0.39464215801236757,0.6290484914122759,-1.0303960057682908,0.9055049976263528,0.0,0.0,-0.9317331460486187,-0.9739237892514707,0.39903948414710294,0.0790750006776765,L,S,6,M,0,2.5377933411452855
280874,Kuchinoerabu-jima,-0.6489081092024592,0.4203747113984128,0.9658353401483202,-1.0820104898054055,2.264005958675351,2.7478601385771593,0.0,-0.5623174218869857,-1.0771877577939317,0.9383971905445134,0.47926847899260006,S,S,7,XS,0,-0.14113461245540554
280887,Sijiao Shan,1.4893310265877273,-0.7122724614286919,0.6544434616253664,-1.0215151373516769,1.1416102052204884,0.0,0.0,-0.9416017702120348,-0.9145094019070986,0.4426174914613996,0.24298001596845503,L,S,6,M,0,2.1803298540449005
280895,Tanega Shima,-0.011589256126469397,0.9321923401991528,0.9529530886682958,-1.1454223291470291,2.187458962138208,2.0639009311342313,0.0,-0.6263877139899464,-0.7737545556556741,0.2559320295878529,0.3155309593047414,M,S,7,M,0,2.343044287876548
280899,Hengsha Dao,0.8749563558605729,-0.33053072142871975,0.19706536386708584,-1.230825048241425,1.6162252315204086,0.0,0.0,-0.9542313631900959,-0.911945644687038,0.08508611182907835,0.6444060466733232,L,S,3,L,0,2.6125899723364427
280900,Changxing Dao,1.3516941245543241,-0.6002973154229003,-0.08191491573748245,-1.2091265925471089,1.3787420776341606,0.0,0.0,-0.9422572725426046,-0.973510952971067,0.024380843478135666,-0.35340112480150054,L,S,2,L,0,2.8121818626687327
280902,Shimokoshiki Jima,-0.15563888891193747,0.6999728548876926,0.8519675170263749,-0.6658291976408691,1.9100881676428139,0.0,0.8786671167390103,-0.7339506570872578,-0.9616217804808964,0.8666740223352637,-0.43865313743007256,S,S,7,S,0,0.17032701116764662
280903,Nakakoshiki Jima,-0.3273308876424607,0.3047340186191084,0.6886677770061148,-0.4529876887027807,1.4097367679041257,0.0,0.0,-0.769493320751802,-0.8321950446470726,0.850555776929569,-1.0337858435057066,S,S,6,XS,0,-0.19038958636600403
280904,Kamikoshiki Jima,-0.13713790948908983,0.5937387051002424,0.6886677770061148,-0.4529876887027807,1.3865007239460534,0.0,0.7976038456430713,-0.769493320751802,-0.8693967905639095,0.8165608479824711,0.09486689130283847,S,S,6,S,0,0.017132961433789323
280910,Shishi-shima,-0.20653006755239894,0.44884334828581934,-0.044220771252919955,-0.7003976341667905,0.4651911815777309,0.0,0.0,-0.8805424785267989,-0.5948877473266289,0.18300730489547076,0.2292166978417949,S,M,2,XS,0,-0.13049009422842103
280911,Goshonoura-jima,0.3327444609606665,0.12364139172165546,-0.6272430705306692,-1.1082111372691348,0.30292526470395625,0.0,0.0,-0.8542184870776085,-0.5814325052940397,0.12711630137654,-0.7828406989409954,M,M,1,XS,0,-0.06574272599910091
280912,Maki-shima,-0.025039863002990846,-0.0055642493729062435,-0.6272430705306692,-1.1082111372691348,0.2737105532473858,0.0,0.0,-0.8542184870776085,-0.5573866219085772,0.11954460718649082,-0.9253427652306958,M,M,1,XS,0,-0.17720182251581265
280916,Kami Shima,0.2850644636434375,0.6364434210964216,-0.6930211470548437,-1.1583155460935048,0.36314076409388724,0.0,1.2847192271253565,-0.862526740505867,-0.6018693651324626,0.0720184074834819,0.5369431819470767,M,M,1,L,0,2.350040839562997
280918,Shimo Jima,0.29849987205142553,0.8768644995639764,-0.07623770016747784,-0.7197476619007942,0.9173839010903063,1.263022032374786,1.434755965711612,-0.8880668272025566,-0.6930930074757038,0.19917596794718237,0.4585529025524638,M,M,2,L,0,2.7973318885643432
280921,Iwa Jima,0.42446917566766784,-0.09804449367803991,-0.8293865514682023,-1.2513843509818083,0.0011128192640095173,0.0,0.0,-0.8905126142336943,-0.45630212149537497,-0.01894686810006408,-0.8893807296883071,M,M,1,XS,0,-0.11662424587236646
280931,Okino Shima,-0.5013791900395007,0.7072832556861565,0.8422647219897474,-0.507651018620951,1.8212897185910246,1.4615163646170262,0.0,-0.7810168895353904,-0.43858932232631714,0.17392606255939683,-0.8758166096669792,S,M,7,XS,0,-0.20275590498345722
280934,Kaba Shima,-0.021591833706017704,0.1818749657329882,0.8369803297438759,-0.5875282603635397,1.130978726132155,0.0,0.0,-0.8880172306608112,-0.7933097465229157,0.8585063580104729,-0.754988303641175,M,S,7,XS,0,-0.1807305595417081
280935,Fukue Jima,0.1881881224944771,0.7275353493734407,0.893042651860621,-0.727318205051752,1.7426176905629824,0.0,0.0,-0.8686842854323911,-0.9603814416916333,0.7336390264773315,1.3754735977691295,M,S,7,L,0,2.6837559999264795
280937,Hisaka Jima,-0.819525278626991,0.6750630813334434,0.8447001469678893,-0.5945055333802782,1.1718542686653513,0.0,0.0,-0.8906956638496532,-0.960753653125295,0.9183740731547303,0.5509569275950934,S,S,7,S,0,-0.05372249765232849
280938,Naru Shima,0.16793803231040044,0.23790842723305766,0.8447001469678893,-0.5945055333802782,1.1267946393503676,0.0,0.0,-0.8906956638496532,-0.9038942392503362,0.9105396948324632,0.2406091404231365,M,S,7,XS,0,-0.014526621364578109
280944,Wakamatsu Jima,-0.18802540557409317,0.476850974631791,0.8267614607731678,-0.5764901271180402,1.0699932772403553,0.0,0.0,-0.8930883365549628,-0.9315019335231112,0.8354045943165839,-0.5867133787899085,S,S,7,XS,0,-0.0777365311736209
280953,Kakinoura Shima,0.6356282430973549,-0.08244118907672537,0.11754580152681694,-0.7914134599482749,0.6148224953634768,0.0,0.0,-0.9227797932357649,-0.6422376531575021,0.6396911127286227,-0.9456616285659739,M,M,3,XS,0,-0.13709571762012002
280955,Ō Shima,0.8330486178493718,0.08552530170388652,0.11754580152681694,-0.7914134599482749,0.5898733671841753,0.0,0.0,-0.9226632435170169,-0.6754819534183056,0.5474544985231451,-0.6995579841654344,M,M,3,S,0,0.9234167706577411
280958,Hachijō Jima,0.22224809473527948,0.8240419098196954,1.1923923458620251,-0.4569218273327424,2.420212796565626,0.0,0.0,-0.6732874352670551,-1.0534573574525365,0.5808490033871203,-0.7891024684004243,M,S,7,M,0,1.7680817129514796
280959,Nakadōri Jima,0.1930008322583308,0.5782615756885447,0.8494791005512345,-0.6397990540598671,1.225762199649787,0.0,1.1907801633548705,-0.8985814354437597,-0.9310561581777816,0.7677057933944165,0.20598082166516066,M,S,7,M,0,2.3566193802183086
280966,Ojika Jima,0.43679709608233214,-0.19639525000726066,0.8065219300872838,-0.6451302979821486,1.1324339039693472,0.0,0.0,-0.9108673128979202,-0.708386249331154,0.7673137224161442,-0.6366030479629149,M,M,7,XS,0,-0.02249881799766592
280970,Uku Jima,0.25321838442287486,0.3614379631017981,0.8265852919615733,-0.74123001016626,1.177678242882664,0.0,0.8970326161704598,-0.9229594803841213,-0.7006799720969521,0.7003242578045847,-0.41919291865769653,M,M,7,S,0,0.17100621829152346
280973,Ikitsuki Shima,0.7318887769966251,0.014102221031614771,0.7344982024050006,-0.7640603674094124,0.9698074648526781,0.0,0.0,-0.9298669987649885,-0.7739920829127502,0.6541465644980679,-0.043795730067291136,M,S,7,XS,0,0.13365849381080025
280977,Azuchi Ōshima,0.17811388563321653,0.03607838082346954,0.6294678185391855,-0.7117972166285635,0.9826386712775673,0.0,0.0,-0.9466502083909544,-0.6751745221456653,0.5606009696528009,-0.6408854803548254,M,M,6,XS,0,-0.10007665513124413
280978,U-do,0.5492717465204432,-0.72865375669178,0.591932885879385,-0.36045975153830623,1.7304565304623303,0.0,0.0,-1.088300051854286,-0.7012157808864122,0.6070622840426034,-0.3236197878454226,M,M,6,XS,0,-0.08692836050248992
280990,Iwai Shima,-0.2076396273886295,0.13546838376009118,-0.22394848402265732,-0.43071905463971405,0.5010295280044129,0.0,0.0,-1.0664484130094838,-0.3814879893189592,0.2627363430764646,-0.9406174025501775,S,M,1,XS,0,-0.1977714263441652
280993,Ikino Shima,0.5198265326031647,0.37879773673559625,0.7678229422467102,-0.7828195470546171,1.5010031153539845,8.081252870578837e-15,1.2188189311935846,-0.9568934170483161,-0.5805486403851967,0.253143234219755,-0.4483028727714625,M,M,7,L,0,2.6484269252941157
280996,Mikura-jima,-0.6537705071373264,0.4708407688698713,1.1930921673842458,-0.5002301115170896,1.5809923855222707,0.0,0.0,-0.7510350188097741,-1.258998586548125,0.4164432584815992,-0.1256492528755438,S,S,7,XS,0,-0.17933138069012455
280998,Ō Shima,0.2970949988078982,0.16680096097708746,0.48803381463382256,-0.8573010193813825,1.3676268107573952,0.0,0.0,-0.9576226817174719,-0.6779666568825444,0.5827366521158844,-0.07720846253277656,M,M,5,XS,0,-0.13939903342671003
281001,Thornton Island,0.40033372842674675,-0.4307630941266974,0.7292045318415837,-0.3625302519023281,1.3721216525026751,0.0,0.0,-1.175317897953706,-0.3669073292347377,0.46414963471586185,-0.8853635539904403,M,M,7,XS,0,-0.12085196202919701
281006,Muzuki-jima,0.01652082782780146,0.06467260434749658,-0.09614007808220051,-0.07061956660476301,0.08649963369726191,1.077500382743845e-14,0.0,-1.0205468480976503,-0.273628655229736,-0.018706947386456334,-0.9919443930387116,M,M,2,XS,0,-0.2002997562339267
281013,Naka-jima,0.4575910263988066,0.25010938383063375,-0.13441481899827679,-0.09312107801457634,0.12204520526924167,0.0,0.0,-1.024202303870705,-0.24264873268777645,-0.028529651049894526,-0.6070662605319005,M,M,1,S,0,0.07585172512842893
281024,Miyake Jima,-0.2066660642912575,0.7259572200030495,1.1546454413564202,-0.5903484544417272,1.3166929976433717,0.0,0.0,-0.7870213058068224,-0.8831880110587421,0.15230624527106512,0.7925510233130069,S,S,7,S,0,0.09026565742006093
281029,Pogil-to,-0.16713547889620947,0.2587290530937065,0.40718366917414694,-0.4671165746584299,0.9719950236815316,0.0,1.016371036451451,-1.2182458350208631,-0.25793904662634437,0.007962874035792947,-0.7106573880828997,S,M,5,S,0,0.007734922312900617
281031,Toyo Shima,0.987843475276651,0.055527524554515234,-0.32998900763100525,-0.4026755550263665,0.0,0.0,0.0,-1.0730697315229352,-0.3341285677582178,-0.0077834537557114935,-0.8820264048489771,L,M,1,XS,0,-0.02948867479660933
281034,Ōsakishimo Jima,0.8383490674670673,0.15779527812948838,-0.32998900763100525,-0.4026755550263665,0.0,0.0,0.0,-1.0730697315229352,-0.37513550765320874,0.02392825345995994,-0.722299535881861,M,M,1,S,0,0.23598303181034674
281038,Soan-do,0.08825839988653028,-0.1575914271757486,0.40718366917414694,-0.4671165746584299,0.9058140479099926,0.0,0.0,-1.2182458350208631,-0.18633464333214508,-0.11342003536190988,-0.21283574849821224,M,M,5,S,0,-0.01611370657149841
281044,Montressar Island,-0.15401746202243238,0.11764234696819724,0.3646788299301627,-0.6174417559854829,0.9285279664777703,0.0,0.0,-1.2167280289282092,-0.15440534374110187,-0.20015512866241839,0.38375287369566213,S,M,4,S,0,-0.003104871847469582
281045,Nohwa-do,0.5431033319906519,-0.4040345079073267,0.40718366917414694,-0.4671165746584299,0.8676793132356705,0.0,0.8610887731178292,-1.2182458350208631,-0.2003579012398996,-0.09944008519863089,0.12463281869355994,M,M,5,S,0,0.3483493099018439
281046,Hakata Jima,0.6703286892709798,-0.17242282977220166,-0.05225582697563718,-0.4110997517356822,0.0,1.4817147951402714,0.0,-1.0462623144526146,-0.3437903274801835,0.02295390423638002,0.32340342400074634,M,M,2,S,0,0.25628527613766033
281047,Kōzu Shima,0.2219586501102084,0.2997625910499116,1.1878184593824437,-0.37668396270325,1.3986996017907178,1.3931807265614855,0.0,-0.7985111750326415,-0.6286942076288339,0.05363683581100511,0.023161798741718087,M,M,7,S,0,-0.023640932977707228
281058,Iwagi Shima,0.42913833855667904,-0.09366326663632116,-0.3237968269352896,-0.4901082297322363,0.0,0.0,0.0,-1.1145294279760392,-0.332228715691219,-0.01004362266138045,-0.6490651493476283,M,M,1,S,0,-0.04506467998025388
281061,Ōsakikami Jima,0.49708109876719553,0.13410706694183924,-0.43998959559057177,-0.4654002604701262,0.0,0.0,0.8385404531139858,-1.0963435077133288,-0.35995425861850633,-0.0025572885656719546,0.6642446988125839,M,M,1,M,0,0.7813072214693211
281064,Yuge Shima,0.6627563448619911,-0.41554270524102893,-0.50066749986544,-0.5513744954224296,0.0,0.0,0.0,-1.1148066269831745,-0.3343434036594569,-0.025721333318761128,-0.7668683818852629,M,M,1,XS,0,-0.05248888743896541
281070,Ōmi Shima,0.1665811591255342,0.26798060774590604,-0.30159674161187316,-0.509701484277188,0.0,1.5712165824451132,1.068125390166224,-1.0914348760668173,-0.40434111256449584,0.041790885017048425,-0.18478081282756428,M,M,1,M,0,0.6981925708507163
281074,Ikuchi Jima,0.7139238701184957,0.02464643556456472,-0.50066749986544,-0.5513744954224296,0.0,0.0,0.0,-1.1285752230949784,-0.3827865204562573,0.017763163479811987,-0.20829735851524442,M,M,1,M,0,1.5193136654039388
281076,Hajo-do,-0.0387088346991441,-0.3168448939995302,0.7295082653362928,-0.09599008478457603,1.1556829575278327,0.0,0.0,-1.2882288564365982,-0.4009147178329908,0.4122120629790122,-0.22405958971491624,M,M,7,XS,0,-0.13494724776807882
281080,Kōne Shima,0.5297476419913054,-0.15084109978225044,-0.8425850691424842,-0.7790614534057191,0.0,0.0,0.0,-1.1285752230949784,-0.4160831572313325,0.009122140166970055,-0.9372422886709304,M,M,1,S,0,0.11943593417640243
281081,Shikine-jima,0.4163588280424721,-0.11553012183754807,1.0860092047016043,-0.492967148362484,1.286553604990631,0.0,0.0,-0.8784286387375452,-0.3353194979500922,-1.653558902786066e-05,-0.853826016572132,M,M,7,XS,0,-0.17157418995884993
281082,Saengildo,-0.1746843388536449,-0.10418618301245805,-0.10077910017211726,-0.8654994946981525,0.6987765121663697,0.0,0.0,-1.2331109729493461,-0.11213024984646736,-0.32090003876426315,-0.6276391803572955,S,M,2,XS,0,-0.13977463634246073
281083,Sangjodo,-0.30180560164659886,-0.6448294700192481,0.7157752697209002,-0.11441004290202172,1.1137317091866832,0.0,0.0,-1.288782248637276,-0.4031651879466446,0.43906216463667963,-0.5102179140049939,S,M,7,XS,0,-0.19738642815707733
281087,Sinjido,0.1968512041438481,-0.47731961563466374,-0.18645094219181374,-0.9058256875120623,0.6822858225489745,0.0,0.0,-1.2263825288685126,-0.1297738769791803,-0.2779569577260327,-0.20785960182266047,M,M,1,S,0,0.07637849405861058
281089,Sagi Shima,0.2268665138189537,-0.3435304802651317,-0.8183484518513506,-0.7449838757760671,0.0,0.0,0.0,-1.1285752230949784,-0.39069518994494784,-0.03090783390548544,-0.6082018104064645,M,M,1,S,0,-0.10162106680884136
281094,Pyeongildo,0.4235343185416214,-0.5336670340160555,0.09527382484666341,-0.7705400839775826,0.7452569862239073,0.0,0.0,-1.267436958733638,-0.0433897152527634,-0.3411988223835651,-0.2300068218075075,M,M,2,XS,0,0.036802158752897024
281101,Hiro Shima,-0.44594790985195537,-0.059603800714424546,-0.5789597372271746,-0.6113240927607367,0.0,0.0,0.0,-1.0078737512812264,-0.3139369209586878,-0.11313291017025079,-0.9122316387905824,S,M,1,XS,0,-0.14980707888691522
281102,Hon Jima,0.1940315851999901,-0.3058740990063707,-0.35861328193308945,-0.3544603179980378,0.000989836581720354,0.0,0.0,-1.0503167520363899,-0.3116988944917825,-0.13421268302773928,-0.8232071798375119,M,M,1,S,0,-0.11061676797250926
281103,Kitagi Shima,0.351717494995372,-0.4140115386628587,-0.5789597372271746,-0.6113240927607367,0.0,0.0,0.0,-1.0078737512812264,-0.2915778836870379,-0.12428983425714761,-0.8943608179724692,M,M,1,XS,0,-0.143044854681979
281109,Joyakdo,0.2049109319828479,-0.32646942487008174,-0.18645094219181374,-0.9058256875120623,0.6059594708428776,0.0,0.0,-1.2263825288685126,-0.1339373747858039,-0.3063322110125501,0.4402032636402794,M,M,1,S,0,0.040878135156092885
281112,Nii Jima,0.11835039545081995,0.301151370483515,1.0925678993917936,-0.6127350055528791,1.2788158595531547,0.0,0.0,-0.8590761883797944,-0.5122626648874692,-0.017488632891143396,0.37743027341755275,M,M,7,S,0,0.11241275952424978
281120,Geumdangdo,-0.177482683637393,-0.5006707312690946,0.12477457199729394,-0.7574617781502737,0.5794070179575163,0.0,0.0,-1.2684048058475594,-0.0793804015491615,-0.3422191448767383,-0.285129780913529,S,M,3,XS,0,-0.15117631404278098
281121,Sori To,0.047173687743468154,-0.3108292849191198,0.5240787151555313,-0.9020633141946142,1.2084107378149886,0.0,0.0,-1.1841841569435358,0.09517212125382185,-0.4803283814678573,-0.9387124430498958,M,M,6,S,0,-0.12820747497884633
281123,Oenarodo,-0.16640415259842622,-0.09749852783943856,0.37571486733431064,-0.8286283388410939,0.9410935981249255,0.0,0.0,-1.2264396388666456,0.030902149749772904,-0.4344192612443476,0.1081639877726123,S,M,4,S,0,-0.06135197725741095
281124,Nao Shima,0.7914160476615808,-0.668475904149715,-0.2812404083116878,-0.23696513902657884,0.1649273669455397,0.0,0.0,-1.04796465747173,-0.297980505929397,-0.16332505665009991,-0.4420417470077608,M,M,1,S,0,0.09415444191085022
281126,Geogeumdo,-0.08498174617628332,0.07931307247552379,0.2667525326423021,-0.8341684054868561,0.6646624211766844,1.1530646925738819,1.1114215637485059,-1.2684048058475594,-0.09199423346770032,-0.37048469009131096,0.07955494748798357,M,M,3,S,0,0.27406082166711854
281129,Te Shima,-0.039608828853891616,-0.0572936283659766,-0.16122322498237834,-0.0451429700266727,0.2073421363546187,0.0,0.0,-1.0344354591842722,-0.2833354316737656,-0.1807863082451014,-0.8122344314405713,M,M,1,XS,0,-0.14930785367754715
281135,To Shima,0.12242807305493057,-0.21198400997422454,0.8484249936736833,-1.0122304475705999,1.25645427782751,0.0,0.0,-0.9338763997962487,-0.4147275317148297,-0.05464150503726697,-0.9297480937174833,M,M,7,XS,0,-0.19761117306890805
281138,Kommo To,-0.2632779713270797,0.17841379477910366,0.4157804694968797,-0.9381344682648474,0.9817154652719912,0.0,0.8749392981939068,-1.2159905799770014,0.03784497265691621,-0.4306620230342296,0.5237994092055659,S,M,5,S,0,0.14473085166218308
281139,Shōdo Shima,0.4708319162546428,0.20513328307315915,0.24231632894104668,0.06388331085773995,0.5780695554448241,0.0,1.1430885557244104,-1.0621124256758214,-0.30947550760929,-0.16362438300170967,1.2911515679277488,M,M,3,L,0,2.709968834212067
281143,Kae-do,-0.09384864922685397,-0.3184016008627135,0.4157804694968797,-0.9381344682648474,0.7907079891338399,0.0,0.0,-1.2317823912577603,0.06022596930518336,-0.446898251033104,-0.7977801351157493,M,M,5,XS,0,-0.14884920894177892
281158,Shangutei To,-0.5142615950186955,-0.6412656344927031,0.7073608024305047,-0.12880669339625211,0.8307051249568959,0.0,0.0,-1.311120254113009,-0.332415004402855,0.3103188135248405,0.551536366809539,S,M,6,XS,0,-0.14498185228577354
281163,Yokchi-do,0.23103701732916732,-0.22441227044090065,0.18043363412012706,-1.1737819172829487,1.1563351978534693,0.0,0.0,-1.198899040394082,0.12138429714257272,-0.46779934981063515,-0.5609238798193269,M,M,3,S,0,-0.016822600923034003
281167,Changsan-do,-0.1889273167265778,-0.502101011463944,0.6681706193142688,-0.03344263430723315,0.6576454524458372,0.0,0.0,-1.311120254113009,-0.3173355004798124,0.24877329450126426,-0.709015382360019,S,M,6,S,0,-0.04456780483286465
281168,Tanga Shima,0.09800412950826948,-1.0032135009973369,-0.1414335984511057,-0.5214359538609431,0.3698045742302705,1.5894452721350243,0.0,-1.0923458486433195,-0.1925059601408035,-0.19864047651735076,-0.37553064191137076,M,M,1,XS,0,-0.19261678739342208
281173,Seiso To,-0.42243152287696845,-0.031104557146411513,0.6701015293007507,-0.2953193436681505,1.8761507014101597,0.0,0.0,-1.269652257583032,-0.6077881491100231,0.8535479510890273,0.11486914887505335,S,M,6,S,0,0.011086342371332669
281181,Tourutsuo To,-0.20345161743074833,-0.39823213704797156,0.6504048050009407,-0.09989504142867253,0.8723144080576847,0.0,0.0,-1.3104918139727453,-0.3707293587349642,0.4174202592834053,0.6456879871028182,S,M,6,S,0,0.15554744343890392
281187,Kijwa-do,-0.32961772353004126,-0.49422224663485237,0.6227689597315545,-0.05553299607070631,0.674619393591976,0.0,0.0,-1.3113305970035043,-0.3254399744100058,0.2799615677235726,0.3248083493826281,S,M,6,S,0,0.22587861795613348
281191,Mi Shima,0.16917580720387088,0.087542376253833,0.7681761502554394,-1.057543229087121,2.1605112862893083,0.0,0.0,-1.0122894265800069,-0.7184158286114567,0.8463968693796169,-0.7430365394274193,M,M,7,XS,0,-0.14871843629727313
281192,Ō Shima,0.10409787728965893,0.6118172552302528,0.628388258401147,-1.1142667751782769,1.5937092598460283,2.9146552698752677,1.3478971159014799,-0.956227207581035,-0.5466159136674428,-0.2828093743634982,-0.42352502423055793,M,M,6,M,0,0.6773097110985223
281195,Namu-sŏm,0.1977213995464593,-0.6173910713985394,0.6040360345933845,-0.12035621065040178,0.9253957419898916,0.0,0.0,-1.3093372602182947,-0.35704390923750456,0.4243305469618326,0.6972083124594575,M,M,6,S,0,0.23120121260324514
281197,Hansan-do,-0.27893451370123185,-0.24763223349056376,-0.541765660753175,-1.3673612656900807,0.9992562423243055,0.0,0.0,-1.193898169318788,0.05686545270352865,-0.4053821347491746,-0.5037464644164011,S,M,1,S,0,-0.09598975496542628
281201,Ha-do,-0.5476009822215047,-0.07153995702301721,-0.7782178743907492,-0.9191285725563634,0.6922456547145484,0.0,0.0,-1.2153974678353776,0.08834934293885265,-0.393241261893129,0.1436291887990697,S,M,1,XS,0,-0.17223296636144966
281202,Sang-do,0.26773414491258424,-0.38126968503457387,-0.8090278654279577,-0.8167497300090889,0.6121061193925016,1.1034457578137968,0.0,-1.2190636501992196,0.04835253436825435,-0.37166021706571833,-0.7934914230929906,M,M,1,XS,0,-0.08852269477878712
281203,South Twin,-0.5667569742936002,-0.47025296622060325,0.504736294277475,-0.1206825771753369,0.6687856389609201,0.0,0.0,-1.3122967412057798,-0.3640796935056608,0.32491964380104366,0.7251839643517174,S,M,5,S,0,0.04002711290026963
281209,Chanson To,0.03914820262036082,-0.22145362088599627,-0.08293280372374258,-1.0891959278465142,0.5368651947974734,0.0,1.016152985574796,-1.244381746978309,0.06482865464415197,-0.36587609880259536,0.7433332188316089,M,M,2,M,0,0.6417920141034081
281211,North Twin,-0.1517270829959308,-0.47840700723981866,0.5180978765243504,-0.121790531357515,0.8077568251179535,0.0,0.7350952102600482,-1.3120454807151483,-0.35731583951794776,0.3714527998649558,0.08082328595802044,S,M,5,S,0,0.16849639466023877
281214,Maehwa-do,-0.8517774607977162,-0.5257476190232646,0.39395494816123894,-0.1778063159379413,0.49802862269218834,0.0,0.0,-1.3005222209918466,-0.3278324484924522,0.2147835528623456,0.16913791902626263,S,M,4,XS,0,-0.2014042993981746
281220,Ujon To,-0.24653316493066704,-0.6671049648763668,0.5563527559436121,-0.10250869295965573,0.7162561521488847,0.0,0.0,-1.3153734171270315,-0.32797957631578756,0.312256791532652,0.48660951017446685,S,M,6,XS,0,-0.06581353948436941
281227,Imjado,-0.22301650535336456,-0.6159844608087965,0.6319625850992862,-0.07710582944403536,0.9903142866058158,0.0,0.8710310889641272,-1.3194505983843305,-0.3626479421502182,0.4425711392755116,0.6576510592925208,S,M,6,S,0,0.07698014260218261
281233,Wi-do,-0.6292182745579502,-0.5277746482648293,0.4423929937383243,-0.19091227468371896,0.9815348364974118,0.0,0.0,-1.3439845991086512,-0.3450101708512699,0.5542876109854149,-0.46731695290080333,S,M,5,XS,0,-0.19697341956219347
281237,Lingshan Dao,0.6686216399963765,-0.5948344202051341,-0.49113325194679364,-1.3242320034050206,1.8221185416073091,0.0,0.0,-1.2753666432616224,-0.523706062032309,-0.2224524812929853,-0.14992537851793822,M,M,1,XS,0,-0.09797047735088188
281241,Chiburi Shima,-0.1324555534566868,0.07213485074970477,0.817081646680387,-0.49742794623801845,1.6014708046183697,0.0,0.0,-1.1005200437830238,-0.9062643879665544,1.3794771518002544,-0.6547349971502077,S,S,7,XS,0,-0.1518896500084166
281242,Nakano Shima,0.04074885232445952,0.1555864527978417,0.845732278647499,-0.5705596369281172,1.6412275346907421,0.0,0.0,-1.1020160809925232,-0.9623318003248523,1.3848137362945288,-0.3466807728155995,M,S,7,S,0,0.3441158336423506
281245,Dōgo,-0.06648939355775205,0.44137800862434295,0.8363366699640058,-0.5495811965676082,2.0833038337179475,1.341126382867356,0.0,-1.1175182262338308,-1.1687561623500633,1.476148764312971,1.305353069672399,M,S,7,M,0,2.005641559372832
281247,Onsan To,0.01099111134843585,-0.769799852003221,0.07980679763062336,-0.327776992617877,0.12712629584578633,1.1292458132872407,0.0,-1.4161668987374736,-0.15895898647229204,0.12935910448600396,-0.47614665847197646,M,M,2,XS,0,-0.1523045014202625
281269,Jawoldo,-0.22991946901713267,-0.5776194926552116,0.04863572819592446,-0.5564931471199528,0.5642128384286142,0.0,0.0,-1.503466486908143,-0.06602580665940123,-0.0749207688475753,-0.6584879010909515,S,M,2,XS,0,-0.14703196115234754
281270,Deokjeokdo,-0.11657924879283398,-0.5125427286874098,0.34296936335846967,-0.3373791045812399,1.192398523697337,0.0,0.0,-1.520259327468851,-0.11900060681077386,-0.035144499075587865,0.11150424019326376,S,M,4,S,0,0.1199603699768881
281271,Yeongheungdo,0.5758831347933189,-0.6292006597094958,0.20128355531012318,-0.38818873558541517,0.2358238244991124,0.0,0.0,-1.505253456487701,-0.04751734607757955,-0.12872651175218283,-0.7102243739366645,M,M,3,L,0,2.0587083377610065
281274,Muuido,-0.6403496819102296,-0.3981523063723646,0.04863572819592446,-0.5564931471199528,0.14579627939521395,0.0,0.0,-1.50167274365411,-0.03595573428861502,-0.18877219195137043,-0.30454627907599896,S,M,2,S,0,0.019291126438688237
281278,Sindo,-0.19433438744149867,-0.777690757006483,-0.31444647351246746,-0.720385515883533,0.028391107010615646,0.0,0.0,-1.4681513016436596,-0.07089712837231908,-0.2574516629552901,-0.13101711727910825,S,M,1,S,0,0.028122174565304456
281280,Ulleung-do,0.29106159208792554,0.25755147407073975,0.7576879069456395,-0.45018207367909346,0.711872868740013,2.092131159310176,0.0,-1.243640545184631,-0.9127197127127955,1.5817030480742778,0.32238252663689,M,S,7,L,0,2.5245276132240275
281281,Yeongjongdo,0.7624412837449621,-0.7392310901313746,-0.5343930423993465,-0.8314330946770544,0.12950703559382915,0.0,0.9733027644067825,-1.4893579860777788,0.008400010540501457,-0.2495997197453969,0.8144625806153012,M,M,1,L,0,2.8142060708821277
281288,Poromu To,0.31374443523516504,-0.7124776676888329,0.06411995022061906,-0.42663573031029167,0.1498225130487618,0.0,0.0,-1.5134452444625286,-0.01586473463191327,-0.2881541068180846,-0.5056937365658483,M,M,2,XS,0,-0.15452039522042388
281292,Seongmodo,-0.2729386896479154,-0.4778091431776641,-0.3719662077490383,-0.7760228282982662,0.014317615334151507,0.0,0.83442784744428,-1.4681513016436596,-0.09904904919559143,-0.28518783528390607,0.0968311906552785,S,M,1,M,0,0.9997153751676375
281299,Gydongdo,0.46383888352378827,-0.6063628198484252,-0.20224638280976692,-0.595825370650469,0.008917226226743995,0.0,0.8580081233626582,-1.5274765932361891,-0.0551024807507744,-0.29020576226871925,0.7609774921988796,M,M,1,M,0,1.033821072938743
281306,Nanchangshan Dao,1.6036343063505545,-0.8970868896212899,0.3404995942298538,-0.5762228230729559,1.3920638792155826,0.0,0.0,-1.4473611300007885,-0.19772826588998996,0.3762336931125341,-0.10632097695408751,L,M,4,M,0,2.390146916357121
281308,Daheishan Dao,0.8453829908369227,-0.6530582332580792,0.33863118861566344,-0.6121916887379018,1.481829877810429,1.255268874779945,0.0,-1.4432884913382498,-0.17655393698683614,0.4037932381915314,-0.2198590212789795,M,M,4,S,0,0.008143691967145287
281310,Beichangshan Dao,1.3068267910903724,-0.7638417149532304,0.33863118861566344,-0.6121916887379018,1.389382454972376,0.0,0.0,-1.4432884913382498,-0.18299572011749732,0.41576594755617635,-0.23011695987230357,L,M,4,S,0,0.4956350856757356
281312,Tuoji Dao,1.1020695160038512,-0.7660474893710478,0.3995546818004821,-0.5467180479233128,1.6624408317151635,0.0,0.0,-1.476143176816621,-0.17491649947041304,0.48326462791761887,-0.24244934176678817,L,M,4,XS,0,0.9295810802144581
281322,Awa Shima,-0.2806630314116489,-0.07720050622544297,0.559696537456019,1.0291319557967629,1.8018184911701562,1.965299245067296,0.0,-1.300370165405651,-1.2512502205087401,2.1672760990685287,-0.7676760330797753,S,S,6,XS,0,-0.18802651612657276
281327,Zhangzi Dao,1.3430018609441996,-0.8084188423713727,0.2009955028561912,-0.7441207092141202,1.5557841666437027,0.0,0.0,-1.5937837845344298,0.03820217851655627,-0.11180492516437027,-0.3604876845705615,L,M,3,S,0,1.2193904994258062
281329,Haiyang Dao,0.7910843364085725,-0.5510631863728827,0.398624606654587,-0.6332227583519177,1.8613303796600091,0.0,0.0,-1.589234267492885,-0.0659427270178661,-0.039146223303839836,-0.28469292752078684,M,M,4,XS,0,0.18465471022401692
281330,Tobi Shima,0.7102233526101334,-0.3945898882322078,0.6631815609347513,0.6722610104732566,2.228033039449146,2.0070440455790117,0.0,-1.3961522361728327,-1.1576253203324065,2.0879113932393176,-0.8575357712418452,M,S,6,XS,0,-0.157617424476823
281331,Guanglu Dao,0.8594335679369925,-0.5755970239452458,-0.1304668180588143,-1.0105066386040005,1.3242982985566636,0.0,0.0,-1.5742119101496732,0.02580098656159349,-0.18396963051978918,-0.06342734692181032,L,M,1,S,0,0.6752384563494578
281335,Xiaochangshan Dao,1.1401267961299584,-0.8489511430878905,0.16671919850490408,-0.7641111962394219,1.150668489538219,0.0,0.0,-1.5936413676159988,0.06225062382929073,-0.16532265416231107,-0.2288669740655244,L,M,3,S,0,1.3425839399824795
281339,Dachangshan Dao,1.2765815486695846,-0.8899848880980799,-0.295352176108016,-1.1384248417558924,1.0627161961694354,0.0,0.0,-1.6023423756136708,0.03262742477266555,-0.18506068433469153,-0.061996732402013185,L,M,1,XS,0,1.8607737754609879
281349,Shicheng Dao,0.9642102965130557,-0.5873617888097311,-0.5737285299983278,-1.0668416867601263,1.018614376771063,0.0,0.0,-1.6674221870678856,-0.006434280343649604,-0.23164290534648826,-0.061659798937799166,L,M,1,S,0,0.6379091422792292
281366,Ostrov Putyatina,0.04387014798295164,-0.3783709954853597,0.08695873972801302,0.38957166069409627,1.717642946236104,0.0,0.0,-2.1284705499124796,-0.042870375995766236,-0.2624707160373185,-0.1319890337039743,M,M,2,XS,0,-0.09029874425805982
281369,Ostrov Popova,0.24426654379838442,-0.503144858336212,0.165616458326681,-0.17380105995364084,1.237886879559543,0.0,0.0,-2.0904536346644242,-0.2111242176057106,-0.1582838918444543,-0.6609379559809438,M,M,3,XS,0,-0.12804240041982518
281379,Rebun Tō,-0.3480528337906372,0.061265702443816794,1.134207025814515,-0.5462613054467204,2.3518228168674837,1.692390767853905,1.1715223860749386,-2.0343478646576063,-1.4993403037274577,2.8694046716274406,0.32732160834132074,S,S,7,M,0,1.3462662266842853
281387,Borkum,0.41095434132283215,-0.5137500806723632,1.064288243333062,-0.4855717569104342,1.1674056340180061,1.4770400699271955,0.0,-1.6591516301285003,-1.612753530152786,3.6665209489849206,-0.45995032502073735,M,S,7,S,0,0.27217152765692093
281391,Norderney,0.29970809459046915,-0.4379051801367053,0.4814337345990324,-0.49340773763262585,1.3408441281597374,0.0,0.0,-1.6791435450453331,-1.6427881015313737,3.85295810571015,-0.46592878860022036,M,S,5,XS,0,0.8946581548177743
281394,Insel Langeoog,0.13864460681469354,-0.18109215996384762,0.42147902171364293,-0.507540164261098,1.3654035195816352,0.0,0.0,-1.6846654325443586,-1.6648225060186992,3.898472919386558,-0.7464870970557684,M,S,5,XS,0,-0.08065311919725295
281396,Insel Spiekeroog,-0.25589165740692577,-0.366440443290113,0.3987567228465771,-0.5448681417212781,1.3629091551532266,0.0,0.0,-1.6792313471128753,-1.648830224007601,3.933168385551449,-0.5014407690011171,S,S,4,XS,0,-0.1532798448833853
281406,Ummanz,-0.36601481131278074,-0.04075017022019466,0.4877910098031466,-0.9205481169168306,1.8295333613929523,2.344727061955551,0.0,-1.7332874956262114,-1.4382130850069428,4.325967855464524,-0.12389501384918244,S,S,5,XS,0,-0.14411860788888686
281408,Pellworm,-0.011373424169509122,0.2503208029209635,0.8600951478437455,-0.8908621260942857,1.5464924595024523,0.0,0.0,-1.7209588802472644,-1.584507915989281,3.925953265415302,-1.0670050247265703,M,S,7,S,1,0.03957015057901945
281410,Hiddensee,0.17036136127396814,-0.684679975128455,0.8350963360723082,-0.8046414218966952,1.8035089560034716,1.7418099080958611,0.0,-1.7412542663916135,-1.4331060659849988,4.4104417219477225,-0.22107822128196805,M,S,7,XS,0,-0.09873305026595935
281412,Amrum,0.2524359528351523,-0.6059085781952301,1.0422760720764024,-0.8246648233160667,1.7761465119952036,0.0,0.0,-1.7090825430885264,-1.5360073388236655,4.065830849654266,-0.06097517854568782,M,S,7,S,0,0.05365387168206852
281413,Föhr,0.2817027325179077,0.4558347665542089,0.778282409309259,-0.9485802722739717,1.62498829473168,0.0,0.0,-1.7157707007031895,-1.593869930220421,4.012461262428078,0.1004620350519427,M,S,7,M,0,1.7238918859313284
281417,Bogø,0.39793836415605677,-0.3823493757770097,0.8589441265526582,-1.0070905128267007,1.3575941113427645,0.0,0.0,-1.7449494952396722,-1.5477384038021929,4.44711441905964,0.1867659712184581,M,S,7,XS,0,-0.07982493670444396
281420,Fejø,0.05815501683989994,-0.3033498194119014,0.9325262014872551,-1.0563157057133516,0.8801739621593405,0.0,0.0,-1.7394379897309264,-1.5155532774735592,4.320923554607389,0.2258530201562361,M,S,7,XS,0,-0.13359379222303575
281421,Ærø,0.04896167046776769,-0.08531120982144304,0.7363077697500889,-1.069805042496246,0.7204226180566636,0.0,0.0,-1.7589679275223427,-1.5375569388336203,4.18553049878408,-0.07509515313554886,M,S,7,S,0,0.2950391187430814
281424,Femø,-0.15516010352768086,-0.3657429280646441,0.8840824944692335,-1.0352768130998884,0.9192711075163311,0.0,0.0,-1.7359409525865586,-1.4864164786090053,4.394122690844576,-0.6240440013488252,S,S,7,XS,0,-0.18328646319172934
281429,Tåsinge,0.37316252072460737,-0.049903310447920214,0.6685365751027771,-1.0839926949571441,0.787648231755666,1.1698027965442028,0.8070456178872616,-1.76670298524849,-1.5276144650805652,4.303422047394359,-0.37377864417071593,M,S,6,S,0,0.8820089447542835
281430,Thurø,1.117019524963549,-0.3716393369081827,0.6064802237053301,-1.0844583128036345,0.7641927171300231,0.0,0.0,-1.7760102361670294,-1.5808326483227795,4.340466160279688,-0.5231012742370087,L,S,6,S,0,0.15464139225163515
281435,Omø,0.38121734012372294,-0.7536444032735481,0.5325430558164113,-0.9013840364947501,0.6397234971857994,0.0,0.0,-1.7524928506670927,-1.4979583269590149,4.316432821500836,-0.7672394964410669,M,S,6,XS,0,-0.179451153512564
281436,Helnæs,-0.12106568352787517,-0.2632140639274203,0.3111008140547654,-0.9450742219070789,0.6871442725632783,1.3872596749614892,0.0,-1.7718457917496033,-1.6361589317202463,4.16787198225965,0.03234337238011156,S,S,4,XS,0,-0.1778409785096925
281439,Agersø,-0.04565646629714063,-0.687942547313958,0.5325430558164113,-0.9013840364947501,0.6664396089818473,0.0,0.0,-1.7524928506670927,-1.5078265048211812,4.331498399506927,-0.1548969513084584,M,S,6,XS,0,-0.18157638974653947
281451,Endelave,0.1015140498315403,-0.2600540070395524,0.4362411722293751,-0.9405680856240284,1.1248904598837168,0.0,0.0,-1.797083540459369,-1.6073917823620822,4.348521828219568,0.021992691024799654,M,S,5,XS,0,-0.15165070023294547
281456,Sejerø,0.2131130569638062,-0.5078960520766025,0.9979813468173581,-0.7882862359787978,1.6774779873203638,0.0,0.0,-1.7422654344628892,-1.465139672614974,4.505480468973645,-0.31823019890934434,M,S,7,XS,0,-0.13978919769446493
281459,Jegindø,0.3774974876610418,-0.5367026644542706,0.2117643079313368,-1.198009808288407,1.460268639882672,1.5960050989841488,0.0,-1.799707362750586,-1.7426425108644015,4.332037437534497,-0.7558703542304465,M,S,3,XS,0,-0.14284769212984103
281460,Anholt,-0.40163198283459967,-0.6697291566268818,1.0557670607818188,-0.8078692971066463,2.184597266411453,0.0,0.0,-1.7568201408875692,-1.4202206697756263,4.7328752859539325,0.2928244187209156,S,S,7,XS,0,-0.17779867117989503
281463,Mors,-0.05370581980479137,0.10672126233711805,0.27430122368493265,-1.2347312202227134,2.1481761770363876,1.8831615582884416,1.0748011776829869,-1.790433666597323,-1.704180662719346,4.436701316941118,-0.855563673362939,M,S,4,L,0,2.6048701960777887
281467,Læsø Island,-0.6672904444646407,-0.20242592983513322,1.053413047964794,-0.7540691648186321,2.207143839601352,1.5864054340135378,0.782998327945867,-1.7761803072427265,-1.4444092891091007,4.750055801786789,0.29753345476687715,S,S,7,S,0,0.06086387771230503
281469,Kihnu,-0.3950534187628887,-0.39857347811283816,0.5538115137494817,-0.6186793863943075,1.7326309732383547,0.0,0.8461757186006078,-1.9683835385062212,-1.3930082442819613,6.253605769479797,-0.2232477332400378,S,S,6,XS,0,-0.18528862815907574
281484,Vormsi,-1.3866102261970612,-0.32117791881285035,0.8351562339157681,-0.672277431529769,1.635104395495208,0.0,0.9231611328200751,-1.9746009974154686,-1.476971750725939,6.598565195779738,0.21115456224871215,S,S,7,XS,0,-0.17209175079977465
281490,Naissaar,-0.7588660115194114,-0.5066778198150311,0.8066495925936841,-0.42374652368765686,1.513409637948382,0.0,0.0,-2.038198445505849,-1.5399922337004697,7.111474735783987,-0.44024066460149147,S,S,7,XS,0,-0.19975293289122958
281506,Rosalalandet,-0.10369858261782201,-0.9028464121852707,0.8510688378135488,-0.5019928157659823,1.4630062784119844,0.0,0.0,-2.0196281541311363,-1.4338687883328367,6.751759551364312,-0.6024634355422595,M,S,7,XS,0,-0.17819712976035976
281535,Killingholm,-0.39762764829826586,-0.7855752498578236,0.8803860089593063,-0.4931324106612859,1.226651899679204,0.0,0.0,-2.018711069022601,-1.4766526077857702,6.474286970922937,-0.7051066758062728,S,S,7,XS,0,-0.20579623316269813
281566,Storkvivas,-0.5074877458550875,-0.7278568599511408,0.697564319218627,-0.5673778060962084,0.8393244330598005,0.0,0.0,-2.0374626832303733,-1.5608086247647601,6.572355960268111,-0.278597570826362,S,S,6,XS,0,-0.19669848952542546
281572,Korppoo,-1.0939146818576893,-0.4214571366535884,0.8287628424010155,-0.5964012546522363,1.0442253598354423,0.0,0.9577175251527406,-2.03065076719024,-1.4904090592676262,6.598488062981177,-0.04001356012301085,S,S,7,S,0,-0.12684332495081727
281579,Storlandet,-0.7669194057165879,-0.5955196231346153,0.697564319218627,-0.5673778060962084,0.8796404043765134,0.0,0.7484735477934386,-2.036027643458068,-1.5604554447908332,6.589730068399126,0.9483486230479261,S,S,6,S,0,-0.06383664384950981
281580,Pikku Nauvo,-1.1663663984041033,-0.6014235714938072,0.697564319218627,-0.5673778060962084,0.7852868339328855,0.0,0.0,-2.0436196185443825,-1.59557800373163,6.661657734568495,-0.06187378061662322,S,S,6,XS,0,-0.19307611220548707
281586,Houtskär,-0.8411617474160835,-0.6299858978363725,0.8881179812517935,-0.5973099658311125,1.0022312730270835,0.0,0.0,-2.0276152804055103,-1.466314499263995,6.644287168424541,0.5562810787964924,S,S,7,S,0,-0.13090481936677342
281587,Storpellinge,0.03623384444158956,-0.6662499225100563,0.15333961686383843,-0.640168289164857,1.3596219064660588,1.1958432597607185,0.0,-2.093611042892995,-1.6547087491280297,6.721652688378367,-0.514687530865993,M,S,3,XS,0,-0.1603053993884451
281615,Aaslaluoto,-0.5116137291612721,-0.5922736459909241,-0.006272782923533824,-0.8187217879248453,0.6085333923480247,0.0,0.0,-2.068150806175919,-1.6021870441141917,6.72308675249378,0.02553178540315362,S,S,2,XS,0,-0.19351536984180875
281647,Kläppen,-0.3928929463233088,-0.857263259013591,0.582256049726158,-0.7281002065682372,0.8997947959310284,0.0,0.0,-2.048928435825845,-1.5018780756851868,6.628118709054572,-0.5870665857785747,S,S,6,XS,0,-0.20891194386370368
281661,Kuutsalo,0.5515795355089743,-0.7662947092452582,-0.3333700215514085,-0.8169109090014745,0.9528610924882396,0.0,0.0,-2.1444509419082665,-1.6749066177509353,6.9535100756178,-0.47594558960087446,M,S,1,XS,0,-0.09281800525478466
281674,Vartsala,-1.0100353730286213,-0.6765642083321676,0.3356031651886993,-0.814070366648258,1.232679368381906,0.0,0.0,-2.063320941120703,-1.5132691363157582,6.714596618489332,-0.7102075307096212,S,S,4,XS,0,-0.19380367030341134
281677,Kupparkari,-1.2204771498884652,-0.7006324692890697,0.24424125237757408,-0.8252186795274659,1.4429670903782765,0.0,0.8278378086504865,-2.065613937626811,-1.5469127312413848,6.632854307393069,0.8284709566257115,S,S,3,S,0,-0.05199991585764017
281696,Hålsörarna,-0.03531639039424287,-0.6910402848654433,-0.08266681162826807,-0.9223311969162448,1.8398134494519927,0.0,0.0,-2.195794483805484,-1.6962474719267668,8.467497147257612,-0.31623719385074633,M,S,2,S,0,-0.05588388688539015
281704,Bjorko Island,-0.9970425358993357,-0.6752284129065874,0.5232319481350473,-0.8725268659546122,1.6089912242535775,0.0,0.0,-2.2495013119629648,-1.6885723038094396,8.057490330438645,0.6962653632590662,S,S,6,S,0,-0.13910460085851947
281724,Hailuoto,-1.192845759336224,-0.7010282961042231,0.45631862553926855,-0.6781140875050277,2.3020305894942346,0.0,0.9516045837469012,-2.402810678033965,-1.9159825100885035,14.880420048876166,0.4237513204457708,S,S,5,M,0,0.7062582869933793
281832,Ile aux Coudres,-0.23125611449487093,-0.34682565007378924,-0.49160221554376116,-0.7689513578281345,1.471363953910723,0.0,0.0,-2.4667866853280622,-0.5161520364759885,1.094610950409035,-0.3413658617201777,S,M,1,S,0,0.02347627352652604
281833,Île du Havre aux Maisons,-0.11390888763470056,-0.6467502966905541,1.1895886428988791,-0.32941014345477027,2.157917862772704,0.0,0.0,-2.2349178199493394,-1.0827317684105584,3.318604467997691,-0.34252653900585245,S,S,7,S,0,0.18294614200346218
282266,UNNAMED,-0.7463363393129002,0.30209568578587354,-0.0182165246614486,-1.263355964279741,0.9080080433712174,0.0,0.0,-0.9083653197148047,0.6471869306574125,0.346484152480083,0.43611384474822446,S,M,2,XS,0,-0.1585503818042058
282267,UNNAMED,-0.7698117392402649,0.2503074836183392,-0.09562691402493952,-1.247352634098548,0.8154208411485766,0.0,0.7350952102600482,-0.9083653197148047,0.6298587865687669,0.3422008751093846,-0.38361242254151734,S,M,2,XS,0,-0.17507146923497735
282271,UNNAMED,-0.9794701852996199,0.264668481003372,-0.18532772330422936,-1.2511734509300836,0.7778579672858732,0.0,0.9967281621213654,-0.9089432475234084,0.6161788269154616,0.33036028917962057,1.2911968480189808,S,M,1,XS,0,-0.07613505525511495
282512,dos Frades,0.1748010980695554,0.17097239311291856,-0.6286546219861343,-1.1031510439068333,0.0,1.5579854967142839,0.0,-0.10822135021031698,0.48946078018737205,-0.1703463464518297,-0.15656435552753922,M,M,1,XS,0,-0.11517593702219456
282534,Puna,-0.6898738288566584,-0.44201224708162856,-0.4412021815759398,1.0253421381158734,0.0,0.0,0.8385404531139858,-0.31936506471763626,-0.7259910815651766,-0.28037728464227035,-0.41401383730198027,S,M,1,XS,0,-0.16124367827240887
282580,UNNAMED,-0.3063763096951994,0.38941028743191947,-1.0040855913141344,0.2729290757054706,0.0,0.0,0.0,0.11821824948760183,0.9548670762334399,-0.279614375860596,-0.7799647984001761,S,L,1,XS,0,-0.19302115918825147
282590,Sao Lucas,-0.043431478007009576,-0.2629606597991344,0.2922841825529402,-0.39900165265006615,0.0,0.0,0.782998327945867,0.038706521041934235,0.7335172919111173,-0.3917041297289133,-0.11467756762902949,M,M,4,XS,0,-0.18646407828705597
282593,UNNAMED,0.460251465661411,0.0506739443404261,0.5458244570434622,-0.5180870965171297,0.0,0.0,0.9525770281598545,0.03266743553952697,0.7201762386369376,-0.422153542526035,-0.5363442998478906,M,M,6,XS,0,-0.17912528220223875
282605,UNNAMED,-0.23011252137291816,-0.5124205822402115,0.5810371412887451,-0.40130267068142556,0.0,0.0,0.0,0.04061466526973824,0.7608816030930514,-0.22335300530581503,-0.07364764483564545,S,M,6,XS,0,-0.19249299428489716
282657,Amazon Delta,-0.9590106688292331,0.850176935477507,-0.6976161724461308,-0.0568149634387193,0.0,0.0,0.9311171810531367,0.08729304185479879,0.35794680560608244,0.052257970498380484,0.0634223699746634,S,M,1,XS,0,-0.1593904826272559
282688,Amazon Delta,-0.22278194911054358,0.530971425809258,-0.44751498203687673,-0.4785636205697124,0.0,0.0,1.1046240578246946,0.05586841731375639,0.5107233125866023,0.030880843638355956,-0.13691367886685504,S,M,1,XS,0,-0.12377137006428557
282771,Benguerra,-0.7123885045627844,-0.22306986331390177,-0.2064478097480574,-0.9932140015257803,0.0,0.0,0.0,-0.19547383011982258,1.2659655647695474,-0.5119364748664458,0.4778553254023633,S,L,1,XS,0,-0.19597330008219818
282774,Bazaruto,-0.18881987411447604,-0.6241688208033497,0.23644863740044597,-1.080015335944658,0.0,0.0,0.0,-0.1899583089490818,1.2682303084780029,-0.48833005458702594,0.43995053544149987,S,L,3,XS,0,0.06800003911951018
282815,Rodrigues,0.9210845778614214,0.3390356807374335,1.1528574923575354,-0.7286815235281046,1.6194238014717006,0.0,0.0,-0.18381074563877828,0.9519091482031008,-0.19184850099424255,-0.3548205811615146,L,L,7,M,0,2.2264312393704535
283021,Matemo,0.36662357993137235,-0.20605493205975248,0.02646571449030877,-0.21121137073333907,0.0,0.0,0.0,-0.04470138091901025,1.1391494328259009,-0.2504557880977118,-0.06040621366657711,M,L,2,XS,0,0.008811581537095034
283064,Metundo,-0.5967745059667136,0.1455007535329398,-0.19503308588018803,0.2972083048933335,0.0,0.0,0.0,0.010009795801314777,0.99209846730871,-0.280167274573223,-0.2823653254952977,S,L,1,XS,0,-0.20098009087440932
283071,Vamizi,-0.084600748720662,-0.062488357320178406,-0.19503308588018803,0.2972083048933335,0.0,1.636783849972386,0.0,0.010009795801314777,0.9698462990032639,-0.32477651522706885,0.020502782165926853,M,L,1,XS,0,-0.1586571550579928
283109,Agalega North,-0.6874425483875909,-0.0925771388021668,0.8819099435145872,0.3860437753493841,0.46501656198873975,0.7093722899233029,0.0,-0.012853040463242493,1.0051672243128376,-0.49966098282355037,0.23112847143145665,S,L,7,XS,0,-0.19273870835883394
283215,Songo,0.8619764021869155,-0.5960553230792067,0.250807162690006,-0.16797117912904488,0.0,1.1820522111197753,0.0,-0.032751495968342016,1.150816449622628,-0.39650139254580347,0.007823148625420816,L,L,3,XS,0,0.06205322255806882
283297,Juani,-0.00031050167594919936,0.28920431604212055,0.5471164435482471,0.20758082252071702,0.0,0.0,0.0,-0.004073433922317216,0.8947276634710893,-0.26290081232331297,0.12492167662744955,M,L,6,XS,0,-0.1213529311397214
283443,Muray,-0.5162460444411738,0.4739659494031871,0.005716990058210844,0.3991130647461149,0.0,0.0,0.0,0.012970022293444737,-0.7306168242495932,0.10986711713013358,-0.06006619061132135,S,M,2,XS,0,-0.15202419769825537
283449,UNNAMED,-0.07392594861555951,0.6362403638953327,-0.7589857097439172,0.035054030211615565,0.0,0.0,0.0,0.02577015842023354,-0.7993053883186364,-0.037997228292070126,-1.013327713263101,M,S,1,XS,0,-0.16681708825154448
283492,Tumbatu,1.2005687990786433,0.06616183750554697,-0.07595015410072774,-0.11940339656624352,0.0,1.0896926903923094,0.0,-0.005537200242013239,0.5621133777254331,-0.1733193285804988,-1.0670050247265703,L,M,2,XS,1,1.2755860991364614
283511,UNNAMED,0.9482918684918679,-1.3413215258541793,-0.09077134820476276,-0.2836994393439344,0.2959972158147634,0.0,0.0,0.09748540266196838,0.43831592808743347,0.22345311743533547,-0.38147828927878247,L,M,2,XS,0,-0.11091487887831473
283517,Buwar,-0.03777082447480176,0.34667563879158825,0.3701416128413841,-0.31380827822001167,0.0,0.0,0.0,0.03931090096335859,-0.6379822919586958,-0.03473876540528508,-0.3679010422987527,M,M,4,XS,0,-0.1952826511950594
283519,Kisiwa Panza,0.5696918643224965,-0.06864836387665106,0.5357474345483388,0.13238604447656846,0.0,0.0,0.0,-0.030804191661826456,0.8740719418457149,-0.20797174352092676,0.17264025264524874,M,L,6,XS,0,0.044941242655860296
283547,Kojani,1.1004357930310515,-0.2779717197580986,0.5725052974226753,0.21651114691750512,0.0,0.0,0.0,-0.022710711297837888,0.7404403513793064,-0.15882502276719637,-0.026280737663590435,L,M,6,XS,0,0.7424037952709246
283549,Fundo,0.9277104186795653,-0.03792777479129956,0.5582871651263447,0.20201220230865546,0.0,0.0,0.0,-0.033160339337573286,0.7508329923530145,-0.23077351119065695,-0.21505193425763272,L,M,6,XS,0,0.022094318850126655
283552,Njao,-0.022392294225776224,-0.055575126036425435,0.5576006452086835,0.20651687398373889,0.0,0.0,0.0,-0.03589162254039547,0.642501531666519,-0.2011179896911795,-0.40785590198303795,M,M,6,XS,0,-0.20323424528806688
283646,Kepulauan Umbele,0.5832083730738699,-0.10320180174702653,-0.7959457901913884,2.0989303376275514,0.0,0.0,0.0,-0.016958138573190795,0.004109880328717229,0.10245925016685935,-0.5074077291112564,M,M,1,XS,0,-0.053192482336702165
283761,UNNAMED,0.21296371493894578,0.8318174238987188,-0.4945583774636714,0.8837400525068687,0.0,1.1449341840872622,0.0,0.08655005823675253,-0.25102916278412757,-0.6827072955965106,-0.45970119019991856,M,M,1,XS,0,-0.1786204915710671
283768,Pulau Tabulu,0.5671319597071793,0.03351805743074681,-0.7635681373678623,0.618831906455679,0.0,0.0,0.0,0.07044871422329008,0.05436501168604826,-0.35136500449795877,-0.7106425006812336,M,M,1,XS,0,-0.1265648913048116
283769,Masoni,-0.02708478150585901,-0.08227732814534165,0.05004171388668812,0.8217015482133857,0.0,0.0,0.0,0.08437216121570226,0.12744874498502737,-0.32652143572911574,-0.18626814124102128,M,M,2,XS,0,-0.1732575771633036
283770,UNNAMED,0.4856707992021123,-0.060899178327515374,-0.4224396128004571,0.11761316318771411,0.0,0.0,0.0,0.08102480922381493,-0.5995156859487073,-0.5790859038443873,-0.5447420027591595,M,M,1,XS,0,-0.16563025024674563
283773,Serutu,-0.7725609392627601,0.2663986094440153,0.1411727901195505,0.5459950852287149,0.0,0.0,0.0,0.09847509850785374,-0.23764053086060993,-0.1085649882166546,-0.318326526405713,S,M,3,XS,0,-0.20353591759651665
283786,Num,-0.8189244071512478,0.4216217593313177,-0.41305960784751955,-0.3509877694735679,0.0,0.0,0.0,0.09358281333142472,-0.4457187999347075,-0.6211451357063351,0.176614183972585,S,M,1,XS,0,-0.09980956577120838
283824,Mahakam River Delta,-0.36388242997588743,-0.8843516732138842,-0.6112905884056996,0.49542342624937696,0.0,0.0,0.0,0.11025099634015431,-0.35810674306577783,-0.49901758582136224,0.012749149420324204,S,M,1,XS,0,-0.15925047164144918
283830,Mahakam River Delta,-0.5454937956278844,-0.5788415217712807,-0.7118543030063245,0.5334754006681421,0.0,0.0,0.0,0.09053136575142132,-0.42289349189955194,-0.4676411044842264,-0.06204221407566713,S,M,1,XS,0,-0.15199184125673576
283836,Mahakam River Delta,-0.20960189582537644,-0.9872938753603913,-0.4460998530787916,0.3811484952220177,0.0,1.1191818981906054,0.7699759003984648,0.0833607648488716,-0.3905341545164216,-0.4525562129987997,0.042991710201846965,S,M,1,XS,0,-0.12359662132538143
283859,Pulau Pono,-0.07371382909563985,0.379903209025799,-0.3875884364362249,0.1306506583914851,0.0,0.0,0.0,0.07539571280794159,-0.3605372800676934,-0.5471900876423185,-0.6351800196730316,M,M,1,XS,0,-0.20691702330279435
283873,Cempah,-0.24450005058038404,-0.10334423399688801,-0.05552334252653628,0.8524683976948371,0.0,0.0,0.0,0.10890067967774278,-0.37838586138216707,-0.31539476855354637,-0.35742246236605857,S,M,2,XS,0,-0.18157106231172282
283899,Pulay Abang Kecil,0.5674156354038037,-0.15490355708054993,-0.005659429155647527,0.728533827592296,0.0,0.0,0.0,0.10580004470373325,-0.3146919575247098,-0.33007571831939936,-0.7393886703503045,M,M,2,XS,0,-0.1683714068360962
283901,Pulau Galang Baru,0.046920631615997695,0.0030131738806772387,-0.002846099926047695,0.7852564453110031,0.0,0.0,0.0,0.10591609993300002,-0.38163548313190554,-0.33420371227098555,-0.5840886158551302,M,M,2,XS,0,-0.06167131304724157
283929,Pulau Tekong,0.13094582370041485,0.3829094289631986,-0.6666493834921771,1.269686504187911,0.0,0.0,0.0,0.11023584128084679,-0.507159305761628,-0.33985266743846443,-0.06299762711032154,M,M,1,L,0,2.47860443522738
283937,Musala,-0.5562276451778079,0.38554823560745927,-0.8446480189091872,0.369763776040778,0.0,0.0,1.220762608071661,0.07936717250539119,-0.08571348576556609,-0.5038803077103308,0.0021638946926438914,S,M,1,XS,0,-0.023710768805999403
283949,UNNAMED,-0.8635988308848243,0.22442049609073125,-1.5354017762366339,0.9380545641183622,0.0,1.1882570016764862,0.9044054209391599,0.09998094400187174,-0.25324962174973775,-0.22168276561900047,0.6575024204840509,S,M,1,XS,0,-0.1498859780291557
283963,Pulau Sibu,1.1515063444721294,-0.9016734519177995,-0.2381539653046157,1.3647261574277925,0.0,0.0,0.0,0.06360788471703163,-0.15860104863343072,-0.15788878809416673,-0.45741476736351966,L,M,1,XS,0,-0.05794659103490218
283965,UNNAMED,-0.4154710773652688,0.810525244293885,-1.3012202490242029,0.5236418623337921,0.0,0.0,1.176189402712893,0.09488128111355783,-0.5317702771053749,-0.42589645839055196,0.5873065780716953,S,M,1,M,0,0.7691314650261143
283967,Maratua Atoll,0.17797670844119276,-0.1892886779982621,-0.36808477373848575,0.4811840964412916,0.0,1.1217286498100683,0.0,0.09105095323243115,-0.16735661808032593,-0.3481079842842875,0.36522807633689,M,M,1,XS,0,-0.08345758485661518
283968,Pulau Tinggi,0.47161199311608604,0.33177258619081357,-0.03842567267825808,1.227196711793829,0.0,0.0,0.0,0.07970524498747075,-0.09571378587704653,-0.12374914805618344,-0.32434721102597364,M,M,2,XS,0,-0.060452554475214144
283970,UNNAMED,-1.2438757482423577,0.8799522198667982,-1.4336067621719415,0.45306113971719647,0.0,0.0,1.204566673981043,0.10010471309539244,-0.6026829600361305,-0.43981254111030516,1.0460665973404835,S,M,1,S,0,0.04837635785123351
283972,UNNAMED,-0.46766033441278254,0.7927434812598777,-1.2471762177241117,0.6099655423018051,0.0,0.0,1.1361199631334946,0.10111380067724719,-0.5767167291654924,-0.4220438231809157,0.6986215305038003,S,M,1,XS,0,-0.10693789130448533
283973,UNNAMED,-1.1209235306930792,0.9141772307514296,-1.0577321658358547,0.723311003068713,0.0,0.0,1.209935706448479,0.09780874321160012,-0.5646343141610896,-0.42384111980844197,0.855322816001456,S,M,1,S,0,-0.017163451721840334
283975,Pulau Aur,0.41543579727083535,0.4306303408960631,0.11044660199900307,0.7007478925074547,0.0,0.0,0.0,0.09329331979942027,0.0019172365734881518,-0.16215119072777498,-0.2768811599549291,M,M,3,XS,0,-0.07464085917120125
283978,UNNAMED,-0.7208610454306932,0.9010141658097052,-1.5075875372363017,0.529413786847517,0.0,0.0,1.2817583758803321,0.09181473230680631,-0.6197830925975674,-0.47079055393552477,0.7748800264477966,S,M,1,S,0,0.21329860490257668
283980,Pulau Pemanggil,-0.015160830733177715,0.5201238491907344,0.11044041380119926,0.7155547153526337,0.0,0.0,0.0,0.08836441686105498,0.011203124965688474,-0.13996627716613863,-0.3146063935730393,M,M,3,XS,0,-0.18586371773950594
283987,Pulau Tioman,-0.1610508736436088,0.5810161233789636,0.08323784527677756,0.8844390013177409,0.0,0.0,1.424297573675797,0.08430637853212018,-0.25004684667011673,-0.09708344346037681,0.24021050059558555,S,M,2,S,0,0.3208535325292389
283993,Pulau Klang,-0.7813989769957421,0.5355157675525357,-0.6545274545388786,-0.2935934310978828,0.0,0.0,0.9400626549676732,0.10281294752875843,-0.2537982401755586,-0.3965285430812073,-0.13094994054024228,S,M,1,M,0,1.772385042388085
283995,Pulau Tengah,-0.19199748389593577,0.25995463591768275,-0.6545274545388786,-0.2935934310978828,0.0,0.0,0.0,0.11226030787995063,-0.1610008425080822,-0.37610615753485976,0.2896506161788295,S,M,1,XS,0,-0.11474160220098077
283997,Hutan Pulau Ketam,0.7099941695948233,0.329768038748074,-0.6545274545388786,-0.2935934310978828,0.0,0.0,0.8531482576324658,0.1128757966984787,-0.184178964527555,-0.3953360006549608,-0.41993826191276673,M,M,1,S,0,0.28585689475747295
283999,UNNAMED,-0.30879331463135873,-1.3358060543533257,-1.4649222106389705,1.778169040434628,0.0,0.0,0.0,0.0856228148076016,-0.19791931246655703,-0.5307978921067381,-0.10817013144167315,S,M,1,XS,0,-0.1890477005564418
284036,Pulau Pangkor,0.5028023053173369,0.026105453635420512,-1.0155743290695927,-0.16511130222961554,0.0,0.0,0.0,0.10591900493240561,0.043712518089036485,-0.42263706893285485,-0.5019833154201344,M,M,1,M,0,1.6491631152001383
284055,UNNAMED,0.05298724947053271,-0.5713571221310211,-1.1381560955020067,-0.19963252430056055,0.0,0.0,0.9736754658986653,-0.01583950849695109,-0.4947130970846,-0.1742912690157163,0.10895888600518332,M,M,1,XS,0,-0.09356351114464467
284058,UNNAMED,-0.7583857025525473,-0.5532943766453888,-1.0302693135599321,-0.026676100723456678,0.0,0.0,1.0476924113838157,-0.0175010557577882,-0.558520091731636,-0.16301594289200844,-0.06161860502960107,S,M,1,XS,0,-0.15035315145871422
284062,UNNAMED,0.476353151278163,-0.9363006138499671,-1.4349960791758032,0.10628786755356456,0.0,0.0,0.0,0.02086995193586269,-0.6019421970649097,-0.058630028496616964,-0.6418917432710519,M,M,1,XS,0,-0.16566263883666138
284063,Pulay Bodgaya,-0.054997608930679585,0.057688000831658,-0.5623728246859431,0.3423007132821996,0.0,0.0,0.0,0.08077263879912604,0.28252732661425206,-0.5003416983560091,-1.0670050247265703,M,M,1,XS,1,-0.19296256815576354
284073,Sitangkai,0.5968158325699775,0.2647973268202646,-0.2093973818121598,0.5778661990812151,0.0,0.0,0.0,0.09602936842770775,0.07872308420908547,-0.5502779461364014,-0.12360940497666106,M,M,1,XS,0,0.9024683131219475
284080,Manuk Mangkaw,1.17975960953353,0.9603099059053896,-0.20187071865026443,0.46770306413244317,0.0,1.5673814513543332,0.0,0.09727321412387376,0.25687511482924025,-0.5588640611541029,0.27053574707224104,L,M,1,XS,0,1.0717808374156637
284081,Parrot,-0.4418533763714802,-0.9002576650832139,-1.425405078982194,-0.14789873239589832,0.0,0.0,0.0,0.013014888463780391,-0.5451446354340893,-0.11592236898053036,-0.6848915606512395,S,M,1,XS,0,-0.2002538387727054
284089,Sibutu,0.8112122364501132,1.053763249208514,-0.20791788009188975,0.5701403534735815,0.0,0.0,0.0,0.09729207963512836,0.18893353555479267,-0.4893357204784539,1.068105261240491,M,M,1,S,0,1.520648984376202
284091,Simunur,1.1213464872974837,0.8914841651329272,-0.20187071865026443,0.4677030641324427,0.0,0.0,0.0,0.09727321412387376,0.18880177929508937,-0.5294262708138323,0.4325845700019871,L,M,1,XS,0,1.8016283519039806
284095,Bellatan,0.2661585878863719,0.28820399516118034,-0.20344536829517815,0.40947899613729494,0.0,0.0,0.0,0.09626157624914065,0.2858622239431867,-0.5517534364046245,-0.11473141915278791,M,M,1,XS,0,-0.0809254342400362
284096,Bongao,2.4393597389295056,0.10298638611610084,-0.16551498315235838,0.5005601125773065,0.0,0.0,0.0,0.09408109478406418,0.08628589351605487,-0.4930854112002312,-0.6121160621906061,L,M,1,XS,0,2.5814161295807168
284101,Latuan,1.7591850236940147,0.5285254801384867,-0.2216202910546315,0.3308533427598308,0.0,0.0,0.0,0.09257551766079594,0.28974317777066944,-0.5636557327024506,-0.4142636416778766,L,M,1,XS,0,0.4989525695335418
284104,Sanga-sanga,1.0558705889457116,0.6116617853168315,-0.15756945140762676,0.43372212132507487,0.0,0.0,0.0,0.09414234274048786,-0.07959523745039858,-0.5593236047262954,0.09480670145594078,L,M,1,XS,0,1.2732586543568039
284105,Sikubung,1.2611794040119078,0.45106749697038695,-0.22755880416271254,0.3133372891871046,0.0,0.0,0.0,0.09308819079415147,0.28139568673924487,-0.5697536831573594,-0.09058978964884927,L,M,1,XS,0,0.5154286289170499
284106,Tandubas,1.6355106279266567,0.13866260643767583,-0.22755880416271254,0.3133372891871046,0.0,0.0,0.0,0.09308819079415147,0.33419334791923927,-0.5313858411323621,-0.23830721189564616,L,M,1,XS,0,1.3792399500309411
284107,South Ubian,1.4463290778745324,0.10058633906652574,-0.2463235877349306,0.2698179587066053,0.0,0.0,0.0,0.0933267571460225,0.3922517437574982,-0.5250295251625237,-0.3677625847648004,L,M,1,XS,0,1.1149447606315965
284113,Tingungan,0.2293330126138451,0.1714751805531501,-0.22755880416271254,0.3133372891871046,0.0,0.0,0.0,0.09308819079415147,0.3400586974136978,-0.4974551040983141,-0.39859472747151825,M,M,1,XS,0,-0.14318387884883513
284115,Taruk,1.0239880544325708,-0.07450421728477581,-0.22755880416271254,0.3133372891871046,0.0,0.0,0.0,0.09308819079415147,0.2650637663698003,-0.48508147338135454,-0.6446214509805023,L,M,1,XS,0,-0.07035996459450382
284116,Topaan,0.34472177967250894,0.4292985286432451,-0.16667163951005987,0.3134133204989201,0.0,0.0,0.0,0.09291896692162452,0.13046889124911523,-0.5382624909138887,0.040733301049830695,M,M,1,XS,0,0.17471975852019322
284117,Naungmin,0.16282721749931367,0.29378787078694063,-0.22740466492778647,0.33402190606492665,0.0,0.0,0.0,0.09276950300696918,0.3923212817834527,-0.47508426557773653,-0.6878643026332728,M,M,1,XS,0,-0.185894177054729
284128,Pulau Jerejak,0.702675503418095,-0.8125150698606863,-1.066497712883116,0.033512402205316295,0.0,0.0,0.0,0.14565273471853585,-0.08634994169785576,-0.4105930647682651,-0.6755340839189745,M,M,1,S,0,0.005774328922295094
284133,Labuan,1.4089198559433274,0.4581869675507093,-0.1504855840399038,0.40480658306683914,0.0,2.229270887632597,1.0935396496970349,0.09894754501934329,0.330411211286534,-0.5418769418869381,0.9498459522847611,L,M,1,L,0,2.800328471623849
284137,Bubuan,0.9730014862451557,-0.2667122472734514,-0.2624831550186203,0.31818961587522215,0.0,0.0,0.0,0.0901935625992997,0.5026795929317158,-0.5400762353711855,-0.3683557709617224,L,M,1,XS,0,-0.007005410333800548
284138,Balut,0.7850467177914952,1.0709652737793358,-0.13897185865712602,-0.8778193924733423,0.0,0.0,0.0,0.08592602852420993,0.0816378254654107,-0.3289005526381401,-0.8586971407104139,M,M,1,XS,0,1.479575470319119
284144,Sarangani,0.5806094522420548,0.9142641921906317,-0.12493276153335689,-0.8710798095051168,0.0,0.8322707009159027,0.0,0.0858986326274841,0.2335096061293012,-0.32685333108730763,-0.5215641998563404,M,M,1,XS,0,0.2687771983251713
284149,Lapak,1.2397983612425438,0.739246564269304,-0.27978419767244334,0.28344604917884725,0.0,0.0,0.0,0.08465457866649277,0.1257095623569438,-0.6096381162299234,0.5522823338711372,L,M,1,XS,0,1.539818837126272
284150,Siasi,1.3899410825314056,0.8880568960455292,-0.2847946405206773,0.2625397966685331,0.0,0.0,0.0,0.08477524729773309,0.15509926004220592,-0.5708349826764316,0.001960465005584609,L,M,1,S,0,2.402079327079465
284151,UNNAMED,0.14138598770935265,-0.18860719954843863,-0.7468101210446951,-0.3791549653226045,0.0,2.111967130552836,1.3025391765017587,0.05048932832867528,-0.5480289995527607,-0.2161325228193392,0.14415499684102287,M,M,1,L,0,2.8036895658124217
284160,Kabingaan,-0.11844917454356516,-0.06743649853424344,-0.30639360265466836,0.11976296977609314,0.0,0.0,0.0,0.08122460406469148,0.4127339863075967,-0.5215806388816983,-0.01701582722146936,S,M,1,XS,0,-0.162690491518916
284162,Lugus,1.2409141439051472,0.7564633533482398,-0.2835750069071308,0.2711851938951925,0.0,0.0,0.0,0.08424671203635647,0.29615092386757325,-0.5419910657191104,0.5528909361997851,L,M,1,XS,0,1.4400260127184747
284163,Taluk,0.5983754206549009,-0.24370610823609942,-0.2971638839720457,0.1798869880046094,0.0,0.0,0.0,0.08182030803988495,0.3891679153012204,-0.4912876527221088,-0.44906459563560697,M,M,1,XS,0,-0.15122301644935415
284165,Tapul,1.1370433892509493,0.6335444332180131,-0.2761646428951902,0.2861156103685394,0.0,0.0,0.0,0.08329446891414169,0.30188378512310793,-0.5161937798976614,-0.3488467784159465,L,M,1,XS,0,1.1730260707034552
284172,Pulau Redang,0.2616503408563467,0.2717453327896791,-0.2194290345495645,1.7675352702199987,0.0,1.689657508045749,0.9972830400786737,0.09909725865032681,0.0488641878434355,0.06493655265657593,-0.21443990721540152,M,M,1,XS,0,0.007562171937661063
284176,Pata,0.973660324788107,0.6388534805956679,-0.25368920841232867,0.239138739080894,0.0,0.0,0.0,0.059319824237198365,0.2175744184974077,-0.5789232366066445,0.6014769083198842,L,M,1,XS,0,0.9931581530193471
284179,UNNAMED,-0.20455700741769678,-0.28555962851433714,-0.7266645524714866,-0.26583546674780834,0.0,1.8668509619557536,0.9181310539092706,0.039805830393457725,-0.5924162194883612,-0.19090820739706596,0.9500553062425273,S,M,1,M,0,2.3709188359033275
284194,Simisa,0.17180227844282478,0.3704402767024769,-0.3550260709498135,-0.00579517471810093,0.0,0.0,0.0,0.0868859080301094,0.3516064015974715,-0.5303867514695206,-0.1974246161816339,M,M,1,XS,0,-0.11809565145131833
284195,Cap,-0.21595687540572214,-0.6731290349061171,-0.10910325122630002,0.5703626644774386,0.0,0.0,0.0,0.09818326308142239,0.5338955787723099,-0.4646360524441324,-0.36139087172174217,S,M,2,XS,0,-0.2015829622998457
284200,Pulau Kanawi,-0.40036386522416717,0.31383116646003945,-1.3381531783774463,2.8518708052906816,0.0,0.0,0.965067489537023,0.0801122982045187,0.2881525869243624,-0.1306808466748405,-0.06256313685180698,S,M,1,XS,0,-0.16329709260783315
284201,Bangalao,0.8081491836231343,-0.44256045530481697,-0.34384748952561806,0.09983928484901652,0.0,0.0,0.0,0.09010552857078288,0.35992607741851423,-0.4619690947313858,-0.030428276565332018,M,M,1,XS,0,0.0026743461476841967
284202,Gaya,1.1025912621830334,0.2641628868347659,-1.2383959634669455,0.6819084804833855,0.0,2.1277518829113298,0.0,0.09948451601423686,0.12648765626841385,-0.47632482934535303,-0.3649752535916399,L,M,1,S,0,0.7170262714632618
284204,Balanguingui,-0.1492556664965165,-0.3168264901578966,-0.34496188944040945,0.08918628377698522,0.0,0.0,0.0,0.08996533508695254,0.31927121952862003,-0.5195265404465814,0.42983286142978894,S,M,1,XS,0,-0.10581726119433285
284205,Capual,0.7368307161384966,0.43954973786886053,-0.2726462893256357,0.09066225850169166,0.0,0.0,0.0,0.07542582720436804,0.264000932541527,-0.4598171025485514,-0.5035830812801885,M,M,1,XS,0,0.17222187830552066
284213,Tongkil,0.6139090220696293,0.03604637862950663,-0.421288918635698,-0.08015779029797632,0.0,0.0,0.0,0.08387602137179533,0.28743963916352344,-0.5289019504850335,0.604238390272242,M,M,1,XS,0,0.43389433947979317
284217,Usada,0.486129945621772,-0.14671060556489698,-0.12968805475737671,0.5756658268738768,0.0,0.0,0.0,0.09510443741244824,0.44666122318119633,-0.5125659980244952,-0.45994186632478207,M,M,1,XS,0,-0.1504476608001016
284218,Bulan,1.2017200881941845,0.48676745608606775,-0.421288918635698,-0.08015779029797632,0.0,0.0,0.0,0.08387602137179533,0.29465475834072025,-0.482038503438368,-0.4934847889584767,L,M,1,XS,0,0.2902159321184444
284221,North Ubian,0.17544152723560077,0.11133793609191543,-0.08371611085007037,0.6371702629792798,0.0,0.0,0.0,0.10058701311026898,0.41526077857701776,-0.5147259822066241,0.014796605307092786,M,M,2,XS,0,-0.09927672177377145
284222,Bucutua,1.2374248786604025,0.23491191332967054,-0.421288918635698,-0.08015779029797632,0.0,0.0,0.0,0.08387602137179533,0.26933120522574605,-0.4967885741162269,-0.11027582719733774,L,M,1,XS,0,0.3982756216925996
284224,Bubuan,-0.07685173302317518,-0.49546156843951833,-0.17653219708700166,0.4853534830217221,0.0,0.0,0.0,0.08638746750446616,0.42344796615913666,-0.46253632540300266,-0.36458048856100483,M,M,1,XS,0,-0.2005078571882039
284233,Pulau Tuba,0.4146576608596609,0.17574476777888615,-0.47364279313379815,0.8133145776693362,0.0,0.0,0.0,0.15001979106784927,0.06395467145478674,-0.07923055833865701,0.001087437938567857,M,M,1,XS,0,-0.030271429804602665
284236,Pulau Dayang Bunting,-0.5232391783032845,0.3411974073555381,-0.4735133988307168,0.8261857225221353,0.0,0.0,0.0,0.1502842047540012,0.05281760761375506,-0.09107473829623368,0.6356566832465639,S,M,1,XS,0,-0.10601104380984237
284240,Pandukan,0.5062582580369079,0.26657159094895283,-0.0873914902798299,0.46581239966555765,0.0,0.0,0.0,0.1000841161941232,0.44272171101606766,-0.4656231029550047,-0.20870544590896625,M,M,2,XS,0,-0.04590986299611415
284246,Teomabal,0.27517168128239866,-0.653801649452146,-0.10377404018718786,0.5635379298538484,0.0,0.0,0.0,0.09052137738553853,0.533904362522958,-0.43853234573147115,-0.2916060851449369,M,M,2,XS,0,-0.1729427207327146
284250,Pangutaran,0.7991805093915396,0.6625987638782405,-0.0873914902798299,0.46581239966555765,0.0,1.259373381992124,0.0,0.10015743349368242,0.25977887639725683,-0.5109247285821992,0.6444674972113004,M,M,2,S,0,1.3961712345725212
284251,Kulassian,-0.05212814937306347,-0.1341919604914797,-0.04550406662752925,0.6804347203028416,0.0,0.0,0.0,0.1000841161941232,0.48030298815877215,-0.39673281429097096,-0.05310716893867858,M,M,2,XS,0,-0.1516629621131041
284255,Tamuk,0.9440630635245638,-0.3240953842881512,-0.5001294882570444,0.0838471709211243,0.0,0.0,0.0,0.06124073110716118,0.03896782878127656,-0.5505463372571429,-0.6776262820908944,L,M,1,XS,0,-0.1245958684626924
284269,Manangal,0.9377500435680906,0.07328006840143451,-0.21944677543845237,0.42097089744657884,0.0,0.0,0.0,0.09567181694875194,0.14991172330599878,-0.45777953252933473,-0.3948618305322689,L,M,1,XS,0,-0.0911548432488093
284272,Pilas,1.1242056583660318,-0.24930186555396677,-0.21944677543845237,0.42097089744657884,0.0,0.0,0.0,0.09567181694875194,0.15734936416625006,-0.43208694793092844,-0.29663098180511693,L,M,1,XS,0,0.6867179122440763
284281,Malamaui,1.3415429053886418,0.10221803454360338,-0.9707043726254823,0.3234433718272568,0.0,0.0,0.0,0.06925688723068937,0.04816002383324342,-0.3231002510214671,0.2259479205709708,L,M,1,XS,0,1.1664152005706747
284282,Jambongan,-0.7510120496281496,1.0035639852682146,-0.5664274451580764,0.8390655792970104,0.0,0.0,1.1919814346958755,0.11681194904437328,0.042881721673685126,-0.1005223316006397,0.1656477761944964,S,M,1,S,0,0.050003229210212184
284301,Talikud,0.7752978451853201,0.8715044850207418,-1.2560682232746316,1.7695367994995126,0.0,0.0,1.094695899395428,0.07696814344478839,0.3421638696520683,-0.3924226142660632,-0.5785629165770073,M,M,1,XS,0,1.1443377068687435
284306,Mapun,0.9717448858043394,0.8130651992462633,0.028752675880686213,0.6576241451197697,0.0,0.0,0.0,0.10260615134640323,-0.020741546188986788,-0.31903186172196724,-0.0367274352411858,L,M,2,XS,0,1.3951095736052352
284316,UNNAMED,0.6358747532863455,-0.036129192663395,-0.5023961979090655,0.07387348112548241,0.0,0.0,0.0,0.11398136997748154,0.05508893913519583,-0.14648345222104048,-1.0670050247265703,M,M,1,XS,1,-0.038127120225715676
284327,UNNAMED,0.005021052516645851,0.032416016347340953,0.21617681401265737,-0.22748452744654113,0.0,0.0,0.0,0.10299873062516789,0.1338111083702556,-0.2257379663892149,-1.0670050247265703,M,M,3,XS,1,-0.1943421439673175
284332,Ko Libong,0.14443880418699848,0.44340895079775944,-0.17577069128288603,-0.04207619392576411,0.0,0.0,0.7906354645381944,0.12892651455968665,0.06884795254432317,-0.16309121711978428,-0.34464741931514425,M,M,1,XS,0,-0.029630472452500577
284343,Balambangan,-1.0877348518110506,0.1958467068766183,0.3648917423755526,-0.3908065942194224,0.0,1.9034455368922765,0.9837699402891126,0.10532492517982542,-0.09205132784690508,-0.207879433357408,-1.0670050247265703,S,M,4,XS,1,-0.11225708554783673
284432,Pelican,0.47036916161313613,-1.0162511818076227,-0.2885878304804239,-0.8142730856236999,2.0433378893504757,2.30823405213103,0.0,-0.5068365679155818,0.5262427360212099,0.0012503584113863209,0.12792654845013265,M,M,1,M,0,1.6246189636398412
284500,Orinoco Delta,-0.9302129286416325,0.23125712492695355,-0.5039667100161738,-0.025233376587055913,0.0,0.0,0.0,-0.013509075162124635,0.5133123230897721,-0.39557223308608697,-0.06252278215588258,S,M,1,XS,0,-0.1976274972808033
284502,Isla Cangrejo,-0.46436958540957657,0.8794927912674108,-0.053333995333302804,-0.08337342905754373,0.0,0.0,0.8595623717722276,-0.005085821900920301,0.7248133269992731,-0.3682441903347182,0.4344326060096766,S,M,2,XS,0,-0.15136390998761426
284503,Orinoco Delta,-0.6744259478988225,1.0804007457458762,-0.1575656480859814,-0.04673203992755621,0.0,0.0,1.1146794109414482,-0.007783784982225505,0.6181185718499823,-0.3729463746195664,0.3198548554853447,S,M,1,XS,0,-0.13088711716684248
284504,Orinoco Delta,-0.6979090541180446,0.7852592020676334,-0.23644674120956916,-0.04158115511570921,0.0,0.0,0.0,-0.011762670038345248,0.5773890520795896,-0.37006595043970136,-0.3132499327945712,S,M,1,XS,0,-0.19265026160896104
284505,Orinoco Delta,-0.31845723815530014,0.6636692888712951,-0.318386261299992,-0.03527230583849895,0.0,0.0,0.9285511980330938,-0.013509075162124635,0.5373036740233018,-0.37364465564025423,-0.40328565030009156,S,M,1,XS,0,-0.18347247695869656
284508,Orinoco Delta,-1.1067642759419167,0.5276732426049661,-0.017477093010122128,-0.09621414213102633,0.0,0.0,1.0031425938894194,-0.005669800819242847,0.7188623359360075,-0.38123102828522093,0.042541073776067896,S,M,2,XS,0,-0.20065165557298423
284512,Orinoco Delta,-0.25285819850379937,0.9376241028251033,-0.18604549791741426,-0.1035597293504942,0.0,0.0,0.0,-0.014639569893486366,0.49220350632686377,-0.38300157867245715,0.6921502112732183,S,M,1,XS,0,-0.09584891741315163
284518,Orinoco Delta,-0.6976200882721524,0.2862258101145971,0.028696725879825396,-0.1203602299415278,0.0,0.0,0.9044074314175515,-0.01334922111707848,0.7092558406451958,-0.40274126848361086,-0.060009765493295474,S,M,2,XS,0,-0.18891105402301783
284526,Orinoco Delta,-0.7170123720349241,0.8723756606800482,-0.1575990645430211,-0.14490860219503815,0.0,0.0,1.0384932082598022,-0.01464241629229966,0.6384061079274082,-0.4151036261215513,0.3290331595105796,S,M,1,XS,0,-0.12582611450571532
284527,Orinoco Delta,-1.0036330430778448,0.7024250526313455,0.23363918514055348,-0.26269712629045455,0.0,0.0,0.0,-0.01464241629229966,0.810456359764859,-0.4164461175947464,-0.0656842035938517,S,L,3,XS,0,-0.20629027650573806
284531,Orinoco Delta,-0.6784504103167117,0.7116227966875494,0.21947932999858713,-0.26044131407779464,0.0,0.0,0.0,-0.01016334736595715,0.7632605355599166,-0.43238119551022647,-0.3256129048160631,S,M,3,XS,0,-0.18551093086895518
284533,Orinoco Delta,-0.5725454972899194,0.7689737162592702,0.008428985895475735,-0.23383844402594214,0.0,0.0,0.9411840677602629,-0.009867191305214896,0.6157506190714258,-0.41293535507444773,0.6056263905886881,S,M,2,XS,0,-0.15177391740052615
284539,Popa,-0.7182152997034618,0.7663772751473386,-0.9020407993566707,1.335757795179159,0.0,0.0,1.1426842515119013,-0.0077074624169360785,-0.38455351829472195,-0.414711342274239,-0.8349955139998078,S,M,1,XS,0,-0.13597421907920268
284545,Bastimentos,0.0628192008686371,0.4998216181243395,-0.7685254251437805,0.917615922588483,0.0,0.0,1.110686692568551,-0.033062658787006836,-0.3580064619125599,-0.38908531799501767,0.23363930938703548,M,M,1,XS,0,0.0677608680518357
284546,Colon,0.48924399941757113,0.9201065544904553,-0.8113411282644777,0.560695825488443,0.0,0.0,1.1903092158185493,-0.022712595844473087,-0.29196070881939806,-0.3727249576524103,0.8483231884946425,M,M,1,XS,0,0.9136945404999324
284552,Isla Cotorra,-0.9486040836387274,0.5414597041358172,-0.03825593610453001,-0.42901228549081877,0.9644607765730021,0.0,0.8461777975910664,0.025849721333166088,0.5944727151085635,-0.3789854042003247,0.1886316070531146,S,M,2,M,0,0.499262657964083
284576,Coche,0.5748549363406944,-1.258056125094372,0.8172695784841948,-0.6491388065416832,1.8895706799012522,1.1353739562322578,0.0,-0.08306370751628188,1.7671649127224576,-0.5080519308026624,0.7934229812214714,M,L,7,S,0,0.9249112987924751
284586,de Toas,1.664272233613243,-0.8366319818823637,0.5443860878073848,0.05413011210198399,1.5490648911386262,0.0,0.0,0.13290712027484267,1.3141473649846027,-0.4457092068680371,-1.0578964379492448,L,L,6,XS,0,1.1356220766412006
284609,La Orchila,-0.9210111543935076,-1.2098965400729307,0.9374862660056356,-1.1507887765345255,2.007744827408234,0.0,0.0,0.008196585035169781,1.7623587371601694,-0.5923583494298049,-0.06671272675063179,S,L,7,XS,0,-0.19199836911758464
284623,Big Corn,1.1933568140852937,0.5035502166840047,0.5916718155873849,-0.026672081380871935,0.0,0.0,0.0,0.01962742923836648,0.4990035932859938,-0.04606145933704336,-0.2101373445882841,L,M,6,XS,0,1.127314598240201
284629,Little Corn,0.6959383644624917,0.2427718687481269,0.5692538081486944,-0.10423630124438102,0.0,0.0,0.0,0.02419914572582025,0.5557290549635877,-0.0524417524821777,-0.5396612398729935,M,M,6,XS,0,-0.16989199545712166
284679,UNNAMED,0.6083233980775341,-0.4112305770974969,-0.1882137677317438,-0.9169442579373829,1.1087646953735515,1.6212434971209282,0.0,-0.07468890226574905,1.0697058321908357,-0.3434903050417869,-0.04017334369459921,M,L,1,S,0,1.3751672144536617
284751,del Carmen,1.5410454489362206,-0.4519649312242851,0.17465584858034075,-0.8358621997739059,2.209758518648194,1.0188773557936648,0.0,0.043466957283683744,1.2747588311463014,-0.41790505655252513,1.1700655996699987,L,L,3,L,0,2.807675337015721
284913,Key West,1.6339840358817672,-0.903206056657544,0.4300054728749608,-0.5489953456348904,0.0656792941383394,0.0,0.0,-0.12481242008483151,1.2022731248705312,-0.2515690506763627,0.2794462345740091,L,L,5,M,0,2.565602020635799
284915,Big Coppitt Key,0.314157327835677,-1.0780516105062898,0.40828791716730745,-0.5684346677830235,0.0,0.0,0.0,-0.12196593885841818,1.2338968231369847,-0.26103260651366106,-0.13491897803154604,M,L,5,M,0,0.40921539542506324
284916,Sugarloaf Key,0.09635730869386447,-0.9964468337556097,0.40828791716730745,-0.5684346677830235,0.0,0.0,0.0,-0.12196593885841818,1.2173101739987806,-0.2854668237966518,-0.12229483888810963,M,L,5,XS,0,-0.12187817108065975
284923,Sugarloaf Key,-0.15116765458358083,-0.9296147231701414,0.40828791716730745,-0.5684346677830235,0.0,0.0,0.0,-0.12196593885841818,1.2033630419299657,-0.2805568014168332,0.16030504622335254,S,L,5,S,0,0.062029198896454044
284929,Cudjoe Key,0.22002051148421173,-0.9196557712260439,0.40309073549625274,-0.5657532481757588,0.0,0.0,0.0,-0.1185483119973736,1.1782254115370172,-0.2972187525788677,-0.569296428509179,M,L,4,S,0,-0.0075928310818767514
284937,Big Pine Key,0.35968250589935263,-0.5876489458676397,0.3971084280188281,-0.5611125114316857,0.0,0.0,0.0,-0.11499209284775601,1.2051717625840037,-0.29815287582724276,0.11909237882251189,M,L,4,M,0,0.6019047027046632
284938,Torch Key,-0.05344368510577923,-0.8690082215435597,0.3971084280188281,-0.5611125114316857,0.0,0.0,0.0,-0.11501764630700285,1.1628984986374207,-0.30129318006957767,-0.058426560487472065,M,L,4,XS,0,-0.13808637498035428
284945,Vaca Key & Boot Key,0.8782096174761672,-0.5918753471433854,0.36212830665427087,-0.5904296214137004,0.0,0.0,0.0,-0.11026468865134792,1.261559781840913,-0.2725641916530495,0.1946850274539994,L,L,4,S,0,0.7273154581337544
285024,Sanibel,0.42386806181855474,-0.5721540311505822,0.08161271547541521,-0.30043901150973024,0.0,0.0,0.0,-0.25925252354988887,1.2242486050306003,-0.3002719611822507,-0.8605222764468632,M,L,2,M,0,1.5820932818337308
285080,UNNAMED,-0.4420130607438367,-0.6510034817655631,0.3035407553483443,-1.013184657459418,0.8095955867382144,2.087641694097406,0.0,-0.43699789173377707,0.7633857040066346,-0.040184851351799694,0.0411675371994872,S,M,4,M,0,1.3874841480752733
285210,St. George,-0.026830836692266203,-1.001079696240762,-0.1642415402367991,-0.7043311492550053,0.0,1.2900384383566914,0.0,-0.5127607796894876,0.8770898921721411,-0.05378990860958544,0.16435502611255426,M,L,1,XS,0,-0.14090760391722815
285218,Dog,-0.2183637340211309,-0.8383088940492712,-0.7002128844994809,-0.5448321320629904,0.0,1.6133164326101643,0.0,-0.547305252635811,0.8450292023110048,-0.056300977554102,-0.06425009736667099,S,L,1,XS,0,-0.2011179625441724
285325,Fripp,-0.389894367677859,-0.741151969464064,-0.0030043276349651284,-1.1709485517324594,1.4206244836142674,0.0,0.0,-0.6719876142908126,0.7596343105011935,0.00387342993585397,-0.7113649455434481,S,M,2,S,0,-0.028233732096800922
285333,Harbor,-0.8771661312045712,-0.7138132186061967,0.006981912245440113,-1.1974947176591542,1.3612855518422333,0.0,0.0,-0.6660205922276872,0.7449661789001134,0.005947468491248501,0.3941075547563554,S,M,2,XS,0,-0.19012905036646074
285345,Porto Santo,0.3279041137216335,-1.093161527708378,0.7804796582148845,-1.3073275672273261,0.0,0.0,0.0,-0.7818653411250039,0.1809666737180665,0.3518031420704861,0.03987182055307062,M,M,7,M,0,1.2687604423385968
285373,Ocracoke,-0.1703939493843778,-0.8925489869494998,0.7070504977181641,-1.3677166200196031,2.514794999221956,0.0,0.0,-0.8473404051205267,0.5329674291206221,0.008353938109407722,-0.41511463288281775,S,M,6,XS,0,-0.13328120177250685
285378,Roanoke,0.5372866794121,-0.6950637017125129,0.5321467858940517,-0.9716048675548111,2.349977808127938,1.4470014131102809,0.0,-0.982965904423314,0.408828877165835,0.01145098651225998,0.7397898007831863,M,M,6,M,0,1.2506159730533994
285393,Santa Maria,-0.05973613264386907,0.49721257396813096,0.838541836161618,-0.31318035574387815,0.004482354345944696,0.0,0.0,-0.8213081864135748,-0.539636857788881,1.1923378717695903,0.7455827750191191,M,M,7,M,0,0.6157336271126712
285444,Assateague,-0.24360576530335668,-0.985702593852623,0.01509200682213647,-0.9836135194930749,2.3882096847293197,2.0313410234626446,0.0,-1.176459651124394,0.32478961087252656,0.10899114518545112,0.1764214480560837,S,M,2,M,0,0.47930157409251833
285453,Graciosa,0.03772165475617678,0.7321424963530873,1.01940589545614,-0.3610387083777861,0.9149842669800748,0.0,0.0,-0.8914771273826994,-0.7057061074150214,1.3634619867327646,0.5074001906099423,M,M,7,S,0,0.16442858024505855
285466,Corvo,-0.48347611547007924,0.20892454969735896,1.1491911665025434,-0.4792511058465545,0.582122266146675,0.0,0.0,-0.8946594206387967,-1.0892760286320993,1.897141859899299,0.22421411968353977,S,S,7,XS,0,-0.1902639402570223
285484,Plum,0.21697846920754543,-0.4973604803641229,0.32707243210322956,-0.2729368496485736,1.6769900264514381,0.0,0.0,-1.5968475380196456,0.12201013937616476,0.43828548565135383,-0.5744124690239862,M,M,4,XS,0,-0.19775202382784615
285485,New Shoreham,-0.1168111249799427,-0.18992234469202657,0.41479851918373883,-0.37371059113126043,1.8252365804331823,0.0,0.0,-1.5987947781062175,0.12329256697060884,0.4914208062888097,-0.2948927971905453,S,M,5,XS,0,-0.10709289952529602
285491,Nantucket,0.329533872808159,-0.18630798849209826,0.8419405027870341,-0.4572108845298314,2.396607174118652,1.33796664160722,0.856417643404611,-1.6445544179385179,0.03714154062594471,0.694079100524166,0.8270530256768851,M,M,7,M,0,1.938650628974775
285492,Chappaquiddick,-0.0029644135224795765,-0.5747717051034306,0.6392364231452076,-0.6130910430461922,1.7221906719406228,1.1804815161595943,0.0,-1.632918019802738,0.032086858118271736,0.5275420711179841,0.2216841204233146,M,M,6,XS,0,-0.134494831861444
285496,Martha's Vineyard,0.16123162950296666,-0.00878583397902273,0.828958163564237,-0.6790002543463587,1.9000608785783133,0.0,1.0913491545167562,-1.6290024032470105,0.05780092214742208,0.4600446820551769,-1.0670050247265703,M,M,7,M,1,1.9239272325057606
285498,Conanicut,0.5782137225577971,-0.38672355371455874,-0.04388549206126985,-0.6702225214810766,1.1608583633366913,0.0,0.0,-1.61650672543408,-0.020056047648919342,0.3451396291269767,-0.4216913693407289,M,M,2,M,0,1.027720304281796
285503,Prudence,-0.506622520059024,-0.47833149668956687,-0.14205997171018594,-0.673099346034277,0.9049166504109427,0.0,0.0,-1.6258780862613094,-0.04607864091954089,0.36379635628155016,-0.32969495829186707,S,M,1,S,0,-0.021236680952248614
285511,Long,-0.025118971265465164,-0.7534233702517698,-0.04736755857315155,-0.18137359826381516,1.3251170184082741,0.0,0.0,-1.9000308411315687,-0.10477129675242916,0.4725965930396624,-0.5075810677588207,M,M,2,XS,0,-0.18288997303811652
285514,Chebeague,0.004743400931233823,-0.4132011996125414,-0.18760275756311914,-0.25952086573475025,1.2980615029469382,0.0,0.0,-1.9056069967244484,-0.11091150444421116,0.47796428168981314,-0.41699711996880434,M,M,1,XS,0,-0.15652475614184053
285543,Vinalhaven,-0.5515651515355114,-0.5342584874521313,0.38668386563407714,0.041553440796022724,1.5099457509707261,0.0,1.0201972992519948,-2.010723665002164,-0.11528691023519293,0.7474438575483239,0.5077256918341259,S,M,4,S,0,-0.0689973026517688
285546,North Haven,-0.6240295683152517,-0.4747900758185431,0.38668386563407714,0.041553440796022724,1.2406914123999198,1.0752998015430915,0.9017211700919738,-2.010723665002164,-0.1319215040123441,0.7419666274883133,-0.06437547190821621,S,M,4,XS,0,-0.17903636194084324
285548,Swans,-0.8454312028738468,-0.5610770740085924,0.709828758631134,-0.014936949966442754,1.7744908963092438,1.6487460098667766,0.0,-2.0269918778846256,-0.1712906404013003,0.8180106668750019,-0.6592245583293607,S,M,6,XS,0,-0.1873775859504861
285563,Deer Isle,-0.2974463745607213,-0.37416447528563984,0.42359582886015273,-0.0826069716438571,1.3259616188648808,0.0,0.9568074166365735,-2.0151087413475204,-0.1514631532640065,0.7439696456906033,0.38027355294670656,S,M,5,S,0,0.09127018989828271
285568,Islesboro,-0.3502152895328681,-0.46658870129461116,-0.17557023366617944,-0.3164034871600524,0.8859181808349259,1.185686667171346,0.0,-2.0102569514830204,-0.24230360448527588,0.6654055526543036,-0.58565741853651,S,M,1,XS,0,-0.13733120756744818
286364,Miscou,-0.7429043794918067,-0.6322994382759687,0.7262357709573483,-0.1926494215066948,2.4859025799115364,0.0,0.0,-2.326411071834383,-0.3344850416386373,1.5195717963562998,0.6623257961305823,S,M,7,S,0,0.08152332233105065
286389,New World,-0.6174677483441605,-0.45429262823156574,0.7067185307848547,-0.36652544437733103,1.7680615046458075,0.0,1.0785968922261675,-2.4102249641405344,-1.3410186881614805,2.6599585206104894,1.138802371553649,S,S,6,S,0,0.21327868006806472
287712,Gigha,-0.503856948208769,-0.15224261263299765,1.140240821623078,-0.2919818376817416,1.353386982990283,0.0,0.0,-1.7697747288067684,-2.1547453480890586,4.056166396735801,0.21694452513494264,S,S,7,XS,0,-0.19237306323054593
288462,Mannar,0.8626598119699532,-0.22334493120409107,0.87567127417327,0.2898535290492037,1.8436686731927054,0.0,0.901718051545605,0.11432073100538674,0.8617988462543525,-0.11576763428907713,0.8375750916482068,L,L,7,S,0,2.6025015890168404
288467,Delft,0.14884543495665398,-0.18182637109668895,0.7242144335854375,-0.4218257419422659,1.0583200001862656,0.0,0.0,0.13516030623623893,0.7955283755404765,-0.04394548597450442,0.37508113400612964,M,M,7,XS,0,0.11031996191570496
288469,Nainativu,1.0815159058295907,-0.6905010655461631,0.732690559706284,-0.09064309547925917,0.9312882532646837,0.0,0.0,0.13131031453236464,0.7327201665399122,-0.022839747731190907,-0.8006523140973996,L,M,7,XS,0,-0.025491160014234328
288470,Pungudutivu,0.4022723210013098,-0.5421716013180041,0.732690559706284,-0.09064309547925917,1.0116518477966892,0.0,0.0,0.13131031453236464,0.6973480026848998,-0.03076136027957703,-0.0416378384320831,M,M,7,XS,0,0.08811504982314654
288472,Mandativu,0.5080870891227707,-0.7048593017675011,0.6974048701166254,-0.006015569663581962,1.221849820460867,0.0,0.0,0.13516007499909413,0.6261073930633257,0.0008520697838015255,-0.4887710699058292,M,M,6,XS,0,-0.08779280848297646
288473,Analativu,0.754174576818876,-0.6024970003832834,0.732690559706284,-0.09064309547925917,0.9278754905127207,0.0,0.0,0.13131031453236464,0.765886145024115,-0.025398196256084252,-0.6397165480438043,M,M,7,XS,0,-0.10029640877505556
288474,Velanai,0.7048266686582894,-0.5035407682948364,0.7666327310769283,0.2443013975746913,1.176096608331325,0.0,0.0,0.13131031453236464,0.6387662417039305,-0.04097861394452196,0.753147226785047,M,M,7,XS,0,0.859748342286919
288496,Great Coco,0.41235371298029216,0.20623539530252638,0.6013164020754533,1.0763173392933896,0.0,0.0,0.0,0.08635066852227892,0.49768237079285793,0.26279219283160665,0.22546419672164364,M,M,6,XS,0,-0.055567348618112904
288570,Ye Insel,0.4264024541048744,-0.6040942289686122,0.07054176816216302,0.9036907357629606,0.0,0.0,0.0,0.015602633403544668,0.5225791800222376,0.8110989393256688,-0.5069487062969561,M,M,2,XS,0,-0.11897083914979605
288573,UNNAMED,-0.09933881891024557,-0.19262192073723491,-0.9755072770905717,1.9392792589967347,0.0,0.0,0.727458489403252,-0.008147092092158057,0.5325816760713797,0.7390052290569591,-0.1224801395020729,M,M,1,XS,0,-0.17430169934242423
288581,Sagu Kyun,0.6550267325390777,-0.12232218856938802,-0.3592636234308878,0.9478659496168743,0.0,0.0,0.9481084717471515,0.022877690899562982,0.5126762331470934,0.7627208279768332,0.3944297537445045,M,M,1,XS,0,0.11757892678610088
288583,UNNAMED,-0.7779706611388933,-0.6489798101483792,-1.0738464821364924,1.552088378822888,0.0,0.0,0.0,0.037760617236886306,0.5290506083113312,0.714620704898366,0.3250071122029137,S,M,1,XS,0,-0.19514638795642558
288584,Munaung,0.43283599893869323,0.4660585109186695,0.11824821222974229,0.8357579670470132,0.0,0.0,1.4168451692931179,0.024442776693789546,0.4316512572841082,0.830069262960193,1.7834616997668857,M,M,3,S,0,2.4252174078487663
288598,UNNAMED,-0.14283307974772513,-0.9997864261916753,-1.131653441752468,1.293317042420553,0.0,0.0,0.0,-0.0006756833297366848,0.41638583063903983,0.8010769854233823,-0.44229271114860064,S,M,1,XS,0,-0.2073703521238152
288601,UNNAMED,0.06377462780974345,-0.805998708770021,-1.0188665690518581,1.196734878257589,0.0,0.0,0.0,-0.0006756833297366848,0.4276963735553475,0.7997516719553326,0.1689276298731783,M,M,1,XS,0,-0.12616996584368384
288605,UNNAMED,0.13494266643210798,-0.18626805908970695,-0.40326039368878225,0.8704790883774963,0.0,0.0,0.0,0.008169103960403781,0.42354971127079644,0.7847106823953209,-0.3428368193142624,M,M,1,XS,0,0.26263101038814723
288617,UNNAMED,0.34678757271864463,-0.20647787638560144,-1.1518001691637443,1.5512624123279526,0.0,0.0,1.165793750558303,-0.0006756833297366848,0.4329219732110245,0.781712986985041,0.38507376850326247,M,M,1,XS,0,0.41446926999193223
288620,UNNAMED,0.06691890009971431,-0.19413678266849702,-0.48545906024213276,1.1917747117174033,0.0,0.0,0.0,0.008169103960403781,0.4751784016355344,0.7524818581885115,-0.2699016226800997,M,M,1,XS,0,-0.15607169021291437
288621,UNNAMED,0.09357979576359521,-0.2132341173484763,-0.48545906024213276,1.1917747117174033,0.0,0.0,0.0,0.008169103960403781,0.45957992444510487,0.7654892808530026,-0.20978776952344058,M,M,1,XS,0,-0.0939665423978949
288624,Ngan Kyun,0.1603011998723716,-0.8096967036286058,-0.8180980187101954,1.4120474129674425,0.0,0.0,0.0,-0.014622146156123372,0.47962151550441784,0.7569885333237868,-0.21878065956118195,M,M,1,XS,0,-0.06926929944281171
288629,UNNAMED,0.1704880422339108,-0.08713617339218624,-0.7635847420526524,1.2512872275602924,0.0,0.0,1.235298804475162,0.0014438952308718932,0.4474517607394161,0.7725629795061489,1.2294752726424434,M,M,1,S,0,1.4819663477513756
288630,UNNAMED,-0.5068973621010697,-0.28543462318486257,-0.48545906024213276,1.1917747117174033,0.0,0.0,0.0,-0.00014017373763732907,0.49605664494396334,0.7210841330253588,-0.2474701681569897,S,M,1,XS,0,-0.2029800364210903
288644,Kyunthaya,0.061194666167068944,0.12291995742854481,-0.2616177525165373,1.185797840282257,0.0,0.0,1.0624492807269723,-0.003711777876491789,0.5073496203589772,0.6682863240783847,-0.3472358444083025,M,M,1,XS,0,-0.06405744933182675
288645,Taunghray,0.04073693683582123,-0.6776190412110233,-0.33319035158776117,1.2186087573481554,0.0,0.0,0.8479785833061149,-0.0017979839236702596,0.5324184447051917,0.6752106384877824,-0.21197524690475786,M,M,1,XS,0,-0.07141531502767197
288647,UNNAMED,-0.3921298906528735,-1.257093769840537,-0.9276354219922048,1.7460280476008532,0.0,0.0,0.0,-0.010389316910122353,0.5726165475614479,0.6455992913178646,-0.5854801879436192,S,M,1,XS,0,-0.15772634305615912
288650,UNNAMED,0.42671857534722957,-0.8353010219117125,-0.9432765674955994,1.75560743495785,0.0,0.0,0.0,-0.03008050085257537,0.5683022620353854,0.6373664027831678,-0.7241296482174777,M,M,1,XS,0,-0.03802197176098202
288651,UNNAMED,0.1049135820298138,-1.1544886934001999,-0.6705706147080941,1.4984082681242903,0.0,0.0,0.0,-0.03008050085257537,0.5270969557716195,0.6868938534221574,-0.02387425352279253,M,M,1,XS,0,-0.14513612460908087
288652,UNNAMED,0.044136748260874346,-1.1413182844944856,-0.8995325370844462,1.6993892659845315,0.0,0.0,0.0,-0.02642839668392501,0.5703532678114334,0.6468597008137608,-0.7103505074633913,M,M,1,XS,0,0.29934007798707896
288654,Seiktaya,-0.0829043177246163,-1.1365197188550644,-0.796165105495858,1.5692615159452985,0.0,0.0,0.7869034880661099,-0.026188084559065454,0.559100551253551,0.6543226690766568,-0.03777103272980991,M,M,1,XS,0,0.03893569782662481
288668,Singyat,-0.2618845137741322,0.397534032708608,-0.6210220145769502,1.2542494068124461,0.0,0.0,1.37106996395224,0.005533426804689534,0.4707491953718418,0.7099110013073819,0.5553926029954869,S,M,1,XS,0,0.20716547090212448
288670,UNNAMED,0.6104572947702686,-0.764406803588421,-0.7353119423242356,1.2905677100990027,0.0,0.0,0.0,0.008064489353019684,0.4911296928102805,0.69513654792569,-0.25257090258333115,M,M,1,XS,0,-0.08914232917156716
288675,UNNAMED,-0.26045938780543687,-0.2670304881073601,-0.9396698101854464,1.2985188665271878,0.0,0.0,0.844331357250886,0.012118546283079262,0.4923718615475944,0.6838537900901768,-0.6411883461194845,S,M,1,XS,0,-0.20845316433263833
288676,UNNAMED,0.27021571460109217,-0.48908401455685313,-0.8786240002175953,1.2186107792731375,0.0,0.0,0.0,0.012118546283079262,0.5084900439846314,0.6739548183583874,-0.33935814674322684,M,M,1,XS,0,-0.17405423741643566
288684,Kyaukmaung,-0.01740494672887399,-0.4161420742283887,-0.3949157871797442,0.614027153403101,0.0,0.0,0.9736750423939962,0.023455093895212113,0.4917211320205042,0.6716491058110904,0.20054332349777573,M,M,1,XS,0,-0.044944709979815166
288686,UNNAMED,0.4254392650324418,-0.15718651717867416,-0.8707072430145819,1.144082606218961,0.0,0.0,0.987602151798409,-0.014313734144675613,0.49998005356623937,0.6514108066411763,0.23906844457785698,M,M,1,XS,0,0.33567687878391256
288687,Myengu,0.24411056822198765,0.12402535432666556,-0.17893862509115846,0.3527079127442928,0.0,0.0,1.1236122501652297,-0.0009900146299612258,0.4512726922708118,0.7031495396568308,0.22831747529466628,M,M,1,XS,0,0.3029504788205306
288689,UNNAMED,0.619748146301484,-0.21692364235424388,-0.4030997853655657,0.6151337125924747,0.0,0.0,1.266925725357488,0.017382027798374344,0.4396620378740688,0.7033031661615421,0.8528917199454381,M,M,1,XS,0,2.245165547311775
288690,UNNAMED,0.4716491634699685,-1.1571685078017644,-0.6475728341978362,0.6644065178381677,0.0,0.0,1.0100292052340378,0.014894607482130081,0.463231768776548,0.6813466448420931,-0.03973423310805543,M,M,1,XS,0,0.1091986086064635
288693,UNNAMED,0.5676474046802047,-1.282159079465038,-0.7822669138684811,0.731205957043644,0.0,0.0,1.074591450599176,0.014894607482130081,0.49189607505422134,0.6450435900454197,0.9816837876763276,M,M,1,XS,0,1.7320700324176412
288695,UNNAMED,0.4209839365406913,-1.5972122530178754,-0.9744742076816805,0.8260365489851984,0.0,0.0,0.9924422363124578,0.014894607482130081,0.5219130789315153,0.6014963445041418,0.1065913300082493,M,M,1,XS,0,0.008734973510406821
288697,Ngapi Kyun,0.17081549098786433,-1.671836249005753,-0.4701828885169054,0.4587522006326387,0.0,0.0,0.0,-0.01447280336891375,0.4575479501287931,0.6493012493472817,0.08366768528008417,M,M,1,XS,0,-0.12988642395412034
288698,UNNAMED,0.7364317233953889,-0.8949325284764051,-0.4946713549322301,0.46336157033696435,0.0,0.0,0.0,-0.01518766134087932,0.4827316952126363,0.6610337705836747,-0.3902947176464192,M,M,1,XS,0,-0.03258789618528024
288703,UNNAMED,0.8652465680499306,-1.0236513923064972,-0.5592892317702324,0.47694668750146324,0.0,0.0,0.0,-0.021285615975046777,0.4769549152038672,0.6628492319271346,0.2898220051398653,L,M,1,XS,0,0.28307286291102696
288705,UNNAMED,1.0757885006181862,-1.1628678588827785,-0.7198490399426286,0.5268667178207479,0.0,0.0,0.0,-0.033781263080982275,0.4563833711888587,0.6456784368843727,-0.3445315634888972,L,M,1,XS,0,-0.02342294717086462
288706,Sittwe,1.3463586612606238,-0.5626111732137102,-0.42530664318543493,0.4165112256976241,0.0,0.0,1.1402150528816895,-0.01865614433304248,0.48311525232421704,0.6572120090416795,1.307405215972387,L,M,1,S,0,2.8041416416883163
288707,UNNAMED,0.7061476447402383,-1.255935196701251,-0.9613648266011063,0.8963645044771659,0.0,0.0,1.071806372711223,-0.015569200600387,0.52920212800999,0.6087184494838428,1.3194553429646787,M,M,1,S,0,2.1809018752062803
288708,UNNAMED,0.5815696910553948,-1.1845463268071952,-1.0667774346687637,0.8086033256104945,0.0,0.0,0.7420594336536768,-0.01792111527884349,0.5166625919823388,0.5831843377101705,0.083467083166252,M,M,1,XS,0,0.6234982356456303
288711,UNNAMED,1.145106862017044,-1.4196810800146809,-0.7198490399426286,0.5268667178207479,0.0,0.0,0.7651124475046688,-0.033781263080982275,0.447707953466617,0.6473630665432455,-0.5315999688869968,L,M,1,XS,0,0.0046301976423048195
288716,UNNAMED,1.1082675012037149,-1.2366882517664128,-0.830114579678772,0.5123301569848366,0.0,0.0,0.9544856003912306,-0.033781263080982275,0.4409247020295588,0.6422640999519923,-0.09906130986441654,L,M,1,XS,0,0.1733343812643534
288733,Masirah,-0.5287997423032873,-1.775756769472585,0.7184786252480482,1.2043029509376537,2.5082439313650675,0.0,0.0,-0.07832608808396788,1.7412243011245396,-0.2315058666273378,0.21370957260574752,S,L,7,S,0,1.7629129680586546
288743,Chulkati,-0.8316357700808744,-0.2957727054964323,0.2598511308160385,0.7689328959153187,0.0,0.0,0.8654992803761538,-0.01139019652012058,0.08764737486632229,-0.08077482154604342,-0.45591469394962025,S,M,3,XS,0,-0.14892607356023702
288745,UNNAMED,-0.7034018332215508,-0.15627477679402096,0.2598511308160385,0.7689328959153187,0.0,0.0,0.0,-0.01139019652012058,0.04543632915348799,-0.07034067251028715,0.02297014262775564,S,M,3,XS,0,-0.18614959457681193
288748,Chaimari,-0.7632516458223834,-0.13726840648818586,-0.02385373299568152,0.7913970324058008,0.0,0.0,0.8856409262714466,-0.011346672094111662,0.08802873604024129,-0.05839788225619225,0.4274262521570608,S,M,2,XS,0,-0.13954114947757906
288749,Mechua,-0.7701307908874591,0.08569533761410561,-0.14260412526658856,0.7692453659936104,0.0,0.0,1.014163358321582,-0.0049744228203184564,0.05960378696769556,-0.07353930192336616,0.7937913639687422,S,M,1,S,0,-0.08961258227940834
288750,UNNAMED,-0.7120704218095466,-0.24140607576119433,-0.02385373299568152,0.7913970324058008,0.0,0.0,0.8154882015440035,-0.009594505443093135,0.023806709175139936,-0.060955934035570675,-0.3192736585646393,S,M,2,XS,0,-0.1713740009605396
288751,Sundarban,-0.3391230814657305,-0.2001474103892459,0.06047918216382706,0.7931482946988563,0.0,0.0,0.0,0.008570786795280694,0.06221988070202663,-0.06639999057726954,0.37849888386345243,S,M,2,XS,0,-0.06706237715540832
288753,Baghmara,-0.8267297151755789,0.08587241878275205,-0.16206115420452316,0.7596539085105641,0.0,0.0,0.8710310889641272,0.008324942585865535,0.03461035648120021,-0.08864376519023487,0.5059495530020586,S,M,1,S,0,-0.08659678418475314
288754,UNNAMED,-0.5837361449201782,0.23905855633135822,-0.14260412526658856,0.7692453659936104,0.0,0.0,0.0,0.0006890969990829059,0.0024395037473683013,-0.06920330562788225,0.34022523125078247,S,M,1,XS,0,-0.14672203816169693
288755,UNNAMED,-0.7071752802133866,0.023791051584246777,0.2598511308160385,0.7689328959153187,0.0,0.0,0.9348156260479169,-0.01139019652012058,0.03630415639760819,-0.04410915582033558,-0.06322981612452688,S,M,3,XS,0,-0.10151829999325965
288758,Gona,-0.8006159571319148,-0.0917977653297409,-0.08533190990685752,0.7983235013335942,0.0,0.0,0.8424500780441633,-0.009474893898823796,0.015256825889226657,-0.059868822579661675,0.23828461995954703,S,M,2,S,0,-0.09606509984881145
288759,G-Plot,1.1971427964732475,-0.56304051935751,0.00038994300789991604,0.8068282128586756,0.0,0.0,0.0,0.008457168255570378,0.05972822343519312,-0.06679132494913192,0.41537365314493824,L,M,2,XS,0,2.6441438241239092
288761,UNNAMED,-0.7107348979300885,-0.04541362705128577,-0.19650474232847878,0.7665011741807035,0.0,0.0,0.0,-0.007712418668144167,-0.026807457989881902,-0.05608397733574277,-0.06548811464893176,S,M,1,XS,0,-0.1475490981650439
288763,Goasaba,-0.7936738748455183,-0.2446220434651178,-0.06749248099543036,0.7895374493506633,0.0,0.0,0.0,-0.00800958986177587,0.0036750846716949765,-0.06170537211328669,0.3045636207518422,S,M,2,S,0,-0.08233848977617574
288766,UNNAMED,-0.6314563455390965,0.06242889368654478,-0.2676632817465767,0.7587115277323909,0.0,0.0,0.8710310889641272,-0.00030262007072566266,-0.048389133329283046,-0.060220686765842614,0.39683804815427315,S,M,1,XS,0,-0.1373934377760324
288767,UNNAMED,-0.7711151479305839,-0.4326425967013004,-0.0282501511667793,0.7823336195009156,0.0,0.0,0.0,-0.004741502068495121,-0.00817090104446115,-0.042437197720419574,-0.28517162045722827,S,M,2,XS,0,-0.18823470446123045
288768,L-Block,0.8378761853776064,-0.3176441282070321,-0.07458504976604996,0.8079084581223381,0.0,0.0,0.8774450858281283,0.003321087907566858,0.015766283426746082,-0.04530714115261949,0.18001829909597739,M,M,2,XS,0,1.845481280839438
288769,UNNAMED,-0.7297654546581068,-0.031017608933098184,-0.04900641373504716,0.790427859630892,0.0,0.0,0.0,-0.008351580654131744,0.02236580807944024,-0.019969491999114963,0.8469481379062489,S,M,2,S,0,-0.07602158226800204
288770,UNNAMED,-0.7638847564871019,0.018824929408558535,-0.0282501511667793,0.7823336195009156,0.0,0.0,0.9070046099827631,-0.005268085406513887,0.005643010806209915,-0.029652324369963914,0.6013991136893451,S,M,2,S,0,-0.09697843453152999
288771,UNNAMED,0.9298743202991065,-0.36570738998017793,-0.12892788465223,0.8109834915625879,0.0,0.0,0.8610887731178292,0.0007689517793786624,0.008714395615737941,-0.03877347748715525,-0.06054687767150187,L,M,1,XS,0,2.0187179025051787
288774,UNNAMED,-0.5883836106974624,-0.17554260955621573,-0.19167091318558224,0.7944953130790546,0.0,0.0,0.782998327945867,0.0,-0.0542208117795952,-0.03471432959294082,0.2779901552627664,S,M,1,XS,0,-0.1657582637304794
288775,UNNAMED,-0.6526232069809395,-0.11236485590406314,-0.15992922791012276,0.7917010659995615,0.0,0.0,0.9052832067791761,-0.0017505940090121353,-0.032419908663632854,-0.022992315557269643,-0.20812331299712725,S,M,1,XS,0,-0.15386081408127078
288776,UNNAMED,-0.6070473544525433,-0.043483960207913425,-0.32840296745722264,0.7960393938383383,0.0,0.0,0.7941933884938728,0.0,-0.05923999329506966,-0.03807758324980775,0.29336558477421076,S,M,1,XS,0,-0.15713598460053055
288779,UNNAMED,0.902952377743719,-0.3640562770137404,-0.17807121531789805,0.8161482156159385,0.0,0.0,0.83442784744428,-0.0004271909733423774,-0.011869958035631284,-0.034229328707590066,-0.4263104660138133,L,M,1,XS,0,2.222371399127392
288780,UNNAMED,-0.6635660747971005,-0.12864178141563543,-0.34849903985573805,0.7851718747038883,0.0,0.0,0.0,0.0,-0.0644011787793368,-0.04150619211197821,0.11296624058444307,S,M,1,XS,0,-0.15955736325552622
288781,Dublar Char,-0.7484377753919644,0.05076914115090862,0.11430699685373173,0.7903761796384328,0.0,0.0,0.9853892377651036,-0.01269010206294818,0.07802111613655512,-0.044564822734139455,-0.03989375139545617,S,M,3,XS,0,-0.029830689617876438
288782,UNNAMED,-0.6881145756432998,-0.18670407376819623,-0.039805248749710906,0.7812229466294144,0.0,0.0,0.0,-0.0035722696355646325,-0.030736356456312917,-0.03010829981626525,0.26921786396596287,S,M,2,XS,0,-0.19250769837244686
288783,UNNAMED,-0.4949220189209513,0.07894380115203874,-0.35310116304389855,0.7882620140484001,0.0,0.0,0.0,0.0,-0.07930647164788286,-0.024235503763934938,0.18481301388505078,S,M,1,XS,0,-0.15663222618772862
288784,UNNAMED,-0.5635324660555293,-0.11385561779636143,-0.23213584781570623,0.7953981217036739,0.0,0.0,0.8950791693931207,0.0,-0.07364095248064098,-0.015103477457402342,0.16621280487374507,S,M,1,XS,0,-0.15550981918243276
288785,UNNAMED,-0.5690603656101507,0.025641294618426947,-0.22976656098044249,0.7956209864150965,0.0,0.0,0.8736571324769523,-0.0017863636041085317,-0.034342452086470854,0.002276078301429614,0.508978239735017,S,M,1,XS,0,-0.13025505076771574
288788,UNNAMED,-0.7039493100897263,-0.2541771408906578,-0.3103647323191306,0.7922660485041493,0.0,0.0,0.7976038456430713,-0.0008011038411969607,-0.06423538548587683,-0.03419655785804884,0.09860012934639456,S,M,1,XS,0,-0.10288926581476393
288789,UNNAMED,-1.1761772654128124,0.277022042250395,-0.06913714957238298,0.6608885471386817,0.0,0.0,1.01549525016345,0.006013355886815334,0.024621036058028383,-0.05088959263558569,0.813291119799484,S,M,2,S,0,0.13796915903651574
288791,UNNAMED,-0.8358595489040823,-0.12993739420087017,-0.4190988268725766,0.7502857674001637,0.0,0.0,0.97765583318015,0.0031175992820856695,-0.07852398586108937,-0.04440716082961764,0.8132805876285278,S,M,1,S,0,-0.08186199818827902
288792,UNNAMED,-0.7280937641918808,-0.27931051407674357,-0.10118402027684324,0.7752760412433541,0.0,0.0,0.7941933884938728,-0.0035722696355646325,-0.041724096536347524,-0.016137869230287125,0.5936647404839501,S,M,2,XS,0,-0.12256887272554116
288796,Martia,-0.6662971271579349,-0.06934437637462461,-0.34767094764128925,0.7874115133105749,0.0,0.0,0.8580063297206377,-0.0029177063693291948,-0.04593480700269881,0.01655907875881763,-0.4566003299328351,S,M,1,S,0,-0.0965494008215825
288799,UNNAMED,-0.6692410827054752,0.023699820279877326,-0.43994910244457014,0.7570486654878955,0.0,0.0,0.7869034880661099,0.0,-0.09795913213615624,-0.014434419815308996,0.16320088393444407,S,M,1,XS,0,-0.1385921974198708
288801,UNNAMED,-0.6704021027567599,-0.5393879082947183,-0.2068773990440943,0.7654044530164632,0.0,0.0,0.0,-0.0035722696355646325,-0.06456111623903221,-0.001749498140725156,0.18344891078366474,S,M,1,XS,0,-0.1871986511335864
288804,UNNAMED,-0.715965540215303,-0.18932750286871328,-0.45881614685441136,0.7452334375208709,0.0,0.0,0.8669192455826825,0.0,-0.1043595584408543,-0.012702370845382463,-0.13533682571883046,S,M,1,XS,0,-0.15489978420823877
288805,Mangrove Forest,0.3717490514430889,-1.183089461431584,-0.1509569130235871,0.8187856864837589,0.0,0.0,0.8040179597828331,-0.016108362333918387,0.18347663046541435,0.02162265915220573,-0.11925921945999565,M,M,1,XS,0,1.0555166857932974
288806,UNNAMED,-0.683281726408313,-0.1807633946073678,-0.4072676807248968,0.7706592109470725,0.0,0.0,0.0,0.0,-0.0987277103177595,-0.007521079411263785,0.560262725429343,S,M,1,S,0,-0.09164033130112163
288809,Netidhopani,-0.6232770445581336,-0.15557384082404815,-0.3332299797775322,0.7879877863489393,0.0,0.0,0.0,-0.0005454549693811709,-0.0814021281563859,0.007953087353875897,0.3772553250141092,S,M,1,S,0,-0.06646170040762608
288813,UNNAMED,-0.6880658820605828,-0.2798827885634461,-0.4150389817471126,0.7666804379011452,0.0,0.0,0.0,-0.001956254484985958,-0.08743473490274627,0.030054745132251644,-0.061908384967599386,S,M,1,XS,0,-0.14985713790629226
288816,UNNAMED,-0.6148310730941576,0.0014796518952086193,-0.44907156205248105,0.7583797774076741,0.0,0.0,0.9804316911304372,0.0,-0.10833164368129918,0.02556502081953119,0.6192679996484824,S,M,1,XS,0,-0.10299411876281803
288817,UNNAMED,1.1185232823146574,-0.28257068241486677,0.024575400951239244,0.8618997690756661,0.0,0.0,1.1747544694678438,-0.026512502679414948,0.08471945798402675,-0.012502552005546869,0.7746687675394951,L,M,2,S,0,2.7473430438515165
288819,UNNAMED,-0.7059369829866887,-0.23880646736305589,-0.5275314459919008,0.686986247325608,0.0,0.0,0.9292015444663468,0.001376390325136226,-0.11163945777907257,0.0023097072009031173,0.7911287138353168,S,M,1,S,0,-0.0829974947745729
288822,UNNAMED,-0.8565268013247354,-0.055459748104365804,-0.5566292456124837,0.6560256818279754,0.0,0.0,0.9323685856482311,0.009137017905774772,-0.1125152709164899,0.0035935451994960703,0.7673231246014717,S,M,1,S,0,-0.10601760106139223
288823,Lot-125,-0.10429417134907815,-0.22423527036151308,-0.46748020527837597,0.7400651283442232,0.0,0.0,0.0,-0.00479774150384036,-0.08380375197908882,0.021588616967464863,0.6913730531538433,S,M,1,XS,0,-0.005011810544894027
288825,UNNAMED,-0.6602591434310356,-0.027640597768444096,-0.49947621021473,0.7303972986513052,0.0,0.0,0.9762307872655243,-0.0013154574191587682,-0.11778661927345206,0.02415914186856283,1.0672537731381242,S,M,1,S,0,0.0836883570904973
288829,UNNAMED,-0.3455457951047872,-0.34271103438887124,-0.5201664992598473,0.7283315798064104,0.0,0.0,0.0,-0.00394417567935347,-0.1074927954945215,0.040713293386873954,-0.030190443247737037,S,M,1,XS,0,-0.20303227922489597
288830,UNNAMED,-0.6636166748705494,-0.10494505852298021,-0.5509369460877623,0.6856387019481334,0.0,0.0,0.0,-0.00394417567935347,-0.1371068448108895,0.02962302281977478,0.1562280716965304,S,M,1,XS,0,-0.18807316746500863
288832,UNNAMED,-0.6838334866380685,-0.10785026087201845,-0.5850162305201584,0.6389554165817545,0.0,0.0,0.9989243685378421,-0.003851910486787946,-0.13093772393989278,0.024728661128917192,0.390174877334705,S,M,1,XS,0,-0.15181910052691897
288833,UNNAMED,-0.6876780253717414,0.09448417968722447,-0.5981669924013744,0.6150903820888051,0.0,0.0,0.9506230167170837,0.0004744601525035632,-0.13409292037017653,0.019577515121299092,0.7335974071120295,S,M,1,S,0,-0.07313382809701506
288835,UNNAMED,-0.4494113466656941,-0.08301342436798712,-0.5379713419832479,0.7159215545719811,0.0,0.0,0.9095230775476284,-0.00394417567935347,-0.12271503536557604,0.04258833080955137,0.21191835243611512,S,M,1,XS,0,-0.18201761505656275
288841,UNNAMED,-1.115809623228524,-0.07543814397220157,-0.6770950811160329,0.47551303058481353,0.0,0.0,0.9444558929314211,0.006132185069768292,-0.12063841031680861,0.010872879800095792,0.712043591842465,S,M,1,XS,0,-0.05591445210398822
288842,UNNAMED,-0.4453562124299327,0.06580473430729591,-0.5754728452890748,0.6762011343637795,0.0,0.0,0.7484735477934386,-0.00394417567935347,-0.13678330999539584,0.035271079909475304,0.10794471051304998,S,M,1,XS,0,-0.1285892009254354
288843,UNNAMED,-1.1812935605089387,-0.1945403126978911,-0.6753043084043416,0.47137845525771926,0.0,0.0,0.912761241257574,0.0024372404786883574,-0.14307174347934612,0.015033401925234413,0.4826616234560461,S,M,1,XS,0,-0.12379428183922586
288845,UNNAMED,0.472003528356125,-0.18960204166774125,-0.6265298118779691,0.6234042814368539,0.0,0.0,0.0,-0.00394417567935347,-0.13939501185440417,0.0381849059117492,-0.11515293818398335,M,M,1,XS,0,-0.07724789858820283
288850,Nijhum Dwip,0.49924650538896737,-0.35457630959168585,0.023480652023261803,1.0233819793746843,0.0,0.0,0.9577180419756319,-0.048435747354774884,0.2239148225060187,0.0026767244093624364,0.6387390198943836,M,M,2,XS,0,2.1314511453018454
288851,UNNAMED,-0.0017329791953303083,-0.10555620388754908,-0.6142213106242875,0.6560979022419451,0.0,0.0,0.727458489403252,-0.003949366521534871,-0.11039143320799341,0.04850992117914634,-0.7098581446807616,M,M,1,XS,0,-0.04630415358566656
288852,UNNAMED,-0.799550211263691,-0.09891561437497572,-0.685531217509969,0.48176490895141705,0.0,0.0,0.9650679610653615,0.0024372404786883574,-0.14554217334878297,0.028313450006150275,-0.10848598987082361,S,M,1,XS,0,-0.10656373804042944
288853,UNNAMED,0.41290873759113034,-0.015694659053256024,-0.6212584762169105,0.6446542006495197,0.0,0.0,0.727458489403252,-0.00394417567935347,-0.12216897886702588,0.044361897441911914,-0.4211239979181651,M,M,1,XS,0,0.4295653995977339
288858,UNNAMED,-0.5583997341436825,-0.15627354057314974,-0.685061269431346,0.48822994697345506,0.0,0.0,0.9285519417569987,0.0024372404786883574,-0.1495783067710267,0.029064310973823407,-0.7096490004988277,S,M,1,XS,0,-0.07205735792603507
288862,Hamilton,-0.20419015397282256,-0.16986369352395256,-0.6333244122617162,0.6127960503164245,0.0,0.0,0.9188696181026624,-0.003814735232530386,-0.13493799038032908,0.03297138288022209,0.9907573602126163,S,M,1,S,0,0.36703614174099547
288865,UNNAMED,-0.7408397224126075,-0.07722329081496783,-0.6623565232804683,0.563395514676974,0.0,0.0,0.9119629701773376,-0.00010845339919945999,-0.144966105702192,0.032271414077206025,0.9305780445306088,S,M,1,S,0,-0.040216403234604736
288869,UNNAMED,-0.8836760087130788,0.0642883237889876,-0.7252604712724098,0.46590329621471843,0.0,0.0,0.9475981819000246,0.000714237859695408,-0.16512298348874677,0.03700613901340561,0.001620407951399745,S,M,1,S,0,0.018940207682742113
288874,UNNAMED,-0.14791220592029605,-0.0453653902450406,-0.7714848417327719,0.4511730624330146,0.0,0.0,0.9698765075224487,-0.000635698383175858,-0.170695907284584,0.04611605654874567,0.15565335124830668,S,M,1,XS,0,0.03835563912357194
288880,UNNAMED,0.18633627169406758,-0.9317220347466219,0.1771504881002191,1.1886514070338878,0.0,0.0,0.727458489403252,-0.0533790505703955,0.11055393259496149,0.016535717228288453,-0.12087066797082612,M,M,3,XS,0,-0.055131941305633536
288882,UNNAMED,0.33400265593014655,-0.6797344341409534,0.12006248727273472,1.1596847126590295,0.0,0.0,0.727458489403252,-0.03852704731959392,0.11397666743036498,0.012015974687364029,0.46657921244467265,M,M,3,XS,0,1.8301085021053454
288885,UNNAMED,-0.10822616577804793,-0.6754817089792703,0.12006248727273472,1.1596847126590295,0.0,0.0,0.0,-0.041819309275562655,0.09033227464738731,-0.0015611844258482967,0.951541006029853,S,M,3,XS,0,0.11229724464121604
288889,Urichar,0.2790316620082938,-0.7422581198797902,-0.347197634951546,1.1527199775198556,0.0,0.0,1.0345986091066277,-0.05239277032681724,0.09482809102015212,-0.11164323223932113,0.8645128038370906,M,M,1,XS,0,1.9965358576453305
288927,UNNAMED,-0.7188235890979249,-1.862463579860588,0.5197816744130025,0.27223507549065507,0.9619928694633509,0.0,0.0,-0.05955202919082343,1.2495392190806487,0.05974251148375581,0.11752425888026025,S,L,5,XS,0,-0.18905784294722028
288954,Eastern mangrove Lagoon,1.3661665631694098,-0.965242887623034,-0.25345957954272286,-0.20444795283965359,0.0,0.0,0.0,0.1482838957051715,1.4573181086535316,-0.4956269220507906,-0.21616410718904827,L,L,1,M,0,1.7742876432429264
289003,Hawar,-0.3790246342156684,-1.7062001595601686,0.14590470822852974,-0.2505045606909231,0.032733863362975305,0.0,0.0,0.02944335257963393,1.404786887909826,-0.37465865401996623,0.4369649260252843,S,L,3,M,0,1.0703031175969038
289020,Abu Ali,-0.40153648808315245,-1.680875510404148,0.15408399168461512,-0.4871230936961924,1.6047823218339672,0.0,0.0,0.0018420991160175968,1.2179169847726363,-0.19615802347389957,-0.4362771011231449,S,L,3,S,0,0.05536340015381524
289056,Melitta,0.21699510070251868,-1.359570237024084,0.35819330661533705,-0.9970620073089803,1.8510475109915654,1.6475455152641911,0.0,-0.6673766931077947,1.2077322258975711,0.12643712391125,0.7229185233141814,M,L,4,XS,0,0.1503205439505714
289060,Sharqi,0.3822760354104208,-1.4281325326247047,0.39709297471277183,-0.946613368783325,2.112938995036277,1.7685417946857012,0.0,-0.6790635239400638,1.2294756686447186,0.13209940330832234,0.17553031444301403,M,L,4,S,0,1.6057709741328436
289076,Idra,-0.21771779287095014,-0.9958223783556567,-0.024285807212104764,0.13757533227248037,0.9978095228826648,1.823976629677461,0.0,-0.8073487489125952,0.6454089531306385,1.268071031868525,0.23567294863809246,S,M,2,XS,0,-0.03561085684654037
289084,Uzunada,-0.6448162696869343,-0.590931945242634,0.7725993030479927,-0.632172218942274,1.8093055246748706,1.3594476723287865,0.0,-0.9198510548869042,0.7440702363341309,1.1840178734279396,-0.12931296344914137,S,M,7,XS,0,-0.15588577382042482
289090,Bozcoada,0.12644130412206037,-0.612174750771614,0.942694198363615,-0.5536138453531091,1.6315019262889565,0.0,0.0,-1.0118273599853667,0.5667102072306371,1.6684058956610512,0.5485756185636869,M,M,7,S,0,0.08533386189432784
289091,Pasalimani Adasi,0.2460646739831533,-0.7700034579750149,0.2080336085689348,-0.653082633384034,0.9233374097567407,0.0,0.0,-1.1254628631326529,-0.04504984412502498,2.0976099513158606,-0.5061607974888267,M,M,3,XS,0,0.0030225429092091546
289093,Avsa Adasi,0.8956644824004887,-0.7287376614587547,0.22468694804373962,-0.6746408594597049,0.8788235184142998,1.5658344617515854,0.0,-1.1487658713788915,-0.05786240840195028,2.064364229340188,-0.5012856575090413,L,M,3,S,0,0.7183155945066274
289095,Imrali Adasi,0.2553135182122504,-0.7503984396575863,0.6063906980339203,-0.6535018433799626,1.412136340435635,1.5044881423361143,0.0,-1.151108691588723,-0.08460343927756579,2.109462783239701,-0.356071839406344,M,M,6,XS,0,-0.14052688289217233
289096,Marmara,-0.23274456863439422,-0.23866471219930963,0.7321714638810276,-0.6605840678064435,1.1523398679713757,0.0,1.0033987295223878,-1.1663389463009988,-0.16638345170657295,2.240400396470462,0.7695788236863425,S,M,7,S,0,0.34325656422677403
289139,Ko Lanta,0.5697725788307474,0.7199913869386451,-0.25071039749918317,-0.10398129829458201,0.0,0.0,0.8385404531139858,0.1073295074125754,0.12009381777670096,-0.12140819963700097,0.2284938151062417,M,M,1,S,0,1.3708945278639049
289140,Ko Lanta,-0.10628710845628264,0.5987560175171547,-0.25071039749918317,-0.10398129829458201,0.0,0.0,1.0116614764052803,0.10640570868572112,0.09243305501043436,-0.1491354462430444,0.31911846280523826,S,M,1,XS,0,0.10324471520462081
289144,Phi Phi,0.7939138068533313,-0.0285360316236528,0.000556239080885068,0.016558049544853938,0.0,0.0,0.0,0.12631547101891785,0.23140955774547473,-0.10021798823582406,-1.0670050247265703,M,M,2,XS,1,-0.006255660176151071
289148,Ko Pu,0.2604700502472614,0.4662038945535007,-0.2216649425022803,0.31829856670180756,0.0,0.0,0.0,0.12083853958224906,0.06401396177165322,-0.22720728965522835,0.16503139598132818,M,M,1,XS,0,-0.08151412832972134
289156,Ko Yao Yai,0.2574147843701082,0.6310087779010145,-0.2570252145161793,0.2119583411114625,0.0,0.0,1.0866882760519838,0.12274664855639533,0.16672894589868384,-0.051942347626380864,-1.0670050247265703,M,M,1,XS,1,0.40756801273021165
289157,Ramos,0.06681231836162904,0.7685329101733845,0.40519629671598995,-0.45561719395113787,0.0,0.0,0.0,0.1049572186732913,-0.039694684147306425,-0.17163273822891467,-0.2673338282185762,M,M,5,XS,0,-0.035408849892361566
289164,Balabac,0.39076877435385676,1.305896952832246,0.26007990517709917,-0.37257236503759705,0.0,0.0,0.0,0.10418028179805595,0.07749116318085962,-0.18059428281155512,0.2895796143516756,M,M,3,XS,0,-0.011955846205123553
289165,Ko Yao Noi,0.44893433017587714,0.31275852593594977,-0.702228755425306,0.38416197184498474,0.0,0.0,0.9590658826962959,0.1358503636388176,0.10990466702631246,-0.0633390395724901,-1.0670050247265703,M,M,1,XS,1,0.16870875718643652
289170,Bancalan,0.5425111688921804,0.9915603917073789,0.26007990517709917,-0.37257236503759705,0.0,0.0,0.0,0.10418028179805595,0.013726623328617628,-0.16000012249159978,0.2653235977709393,M,M,3,XS,0,0.6699413213128943
289178,Dalahican,-0.19217861363284064,0.9934891745557167,0.3094074707396778,-0.4619636423860569,0.0,0.0,0.0,0.11228692877035464,-0.046438042716843354,-0.15187882240658096,0.4365966750456594,S,M,4,XS,0,-0.04857248058037544
289223,Masapelid,0.754813874646194,0.35178997319205585,-0.17236935930363126,-0.08125092867622627,0.0,0.0,0.0,0.19451192498187594,-0.17691992659712377,0.007304810775896101,-0.4005770720687534,M,M,1,XS,0,0.07348123324143892
289229,Maanoc,0.2614375739048714,-0.06262057008229825,-0.17236935930363126,-0.08125092867622627,0.0,0.0,0.0,0.19194569115765878,-0.21104479786027902,0.0034027821652121266,-0.5580624598224366,M,M,1,XS,0,-0.1880848894827414
289232,Bilabid,0.5619547801171962,0.12671976345693925,0.2997742930588114,-0.20072442291447704,0.0,0.0,0.0,0.1193122362228547,-0.20148039137464965,-0.005775626007252362,-0.9962745325125217,M,M,4,XS,0,-0.16463987037565714
289234,Ko Phayam,0.09119866567987474,0.2862828583419478,0.18261405323153143,0.6437333005876202,0.0,0.0,0.9667029268668074,0.09201676490456276,0.03407601165018127,0.14227439844839151,-0.04597921666342,M,M,3,XS,0,-0.13563725467267787
289236,Bayangan,0.8403642531444953,0.2583514515826641,0.4558796860618875,-0.21912356310107486,0.0,0.0,0.0,0.06812490913922152,-0.20109646827345865,-0.01615196148702971,-0.7774793266034715,M,M,5,XS,0,-0.03709891039146845
289238,Hinatuan,0.42427710996485835,-0.9099862845341121,0.4558796860618875,-0.21912356310107486,0.0,0.0,0.727458489403252,0.06812490913922152,-0.14483581340092985,-0.03658002191093952,0.055851090441150664,M,M,5,XS,0,-0.0820295377074814
289243,Cabilao,1.382741290593211,0.020677112373260986,-0.3665435208251286,0.5562313627475981,0.0,0.0,0.0,0.07404171282680212,-0.029210911760636258,-0.13198962622278254,-0.35719964116644404,L,M,1,XS,0,0.2633447246417503
289244,Tona,0.8199215072704995,0.5175749399630808,0.3171083192472175,0.13186326078658459,0.0,0.0,1.068239329311389,0.06944609388120312,-0.4180898782645358,-0.10933260067290193,-0.6806166562338651,M,M,4,XS,0,0.1793426005160907
289247,Hanigad,0.6823345702423074,-0.11131981078513908,0.30106243385915005,-0.1675582301667869,0.0,0.0,0.0,0.06812490913922152,-0.31277380597719456,-0.04999634880337205,-0.07539013859660419,M,M,4,XS,0,-0.0006897704804348127
289255,Poneas,0.13493745496054657,0.183771690456481,0.32361778228914034,0.1215514602770865,0.0,0.0,1.0442308696560723,0.06944609388120312,-0.39749161700797636,-0.12124651797886414,-1.0670050247265703,M,M,4,XS,1,-0.10893421320595868
289269,Ko Tao,0.3677222781046218,0.40260486212220625,0.35088055372920385,0.06883439084855095,0.0,1.5115480890475161,0.0,0.1240368100209135,0.08411996700237674,-0.10341138476699623,0.02100479855551871,M,M,4,S,0,0.027611275224801717
289282,Zadetkalay,-0.991841005851559,0.23133953774651572,0.36471542637433896,0.4771870072060668,0.0,0.0,1.1349387760012521,0.10007695896088885,0.053423686408390236,0.2566700664254826,0.20404492670732335,S,M,4,XS,0,-0.1903444260607229
289289,UNNAMED,1.286061904526243,-0.5159698544971221,-0.7403461020998376,-0.0014645912771709545,0.3189700564307456,0.0,0.0,0.1482726488017592,0.14395121651286563,-0.09007110869095425,0.008314547999073952,L,M,1,S,0,0.5407589023541458
289290,Olango,1.5771528555951264,-0.07653091175784658,-0.11040068717969216,0.10616436036579446,0.0,0.0,0.0,0.031422212713326715,0.3772922844266297,-0.13134382387964116,-0.12576805058636373,L,M,2,XS,0,2.4667791553472886
289300,Hibusong,0.36783380936634724,0.40833555217756357,-0.3634061537476239,0.7957864092470801,0.0,0.0,0.0,0.052653912319226504,0.041700307211678875,0.02003671535848106,-0.3278319031992077,M,M,1,XS,0,-0.12698095933545192
289312,UNNAMED,0.6277344921960771,0.3885577489555441,-0.5318956379775208,0.0003207350878362164,0.5873086020094791,0.0,0.9549545207568413,0.15011576179151773,0.3015543944738497,-0.1201297836182223,0.5275132130053392,M,M,1,S,0,2.272699321406065
289318,Boayan,-0.30821760419075767,0.24442450375885702,0.4954514003648442,-0.10337085415523327,0.0,0.0,0.0,0.12004962342109764,0.039407748292841466,0.0754429647621931,-0.38509460581502014,S,M,5,XS,0,-0.1869701196007209
289323,Bo Cho,0.3275717638948711,0.10295337472928363,0.27462965705788306,1.1296318171257598,0.0,0.0,0.0,0.09392236438181459,0.028166011423267717,0.26256572629804126,-0.5241097017184237,M,M,4,XS,0,-0.1624665958922829
289326,Pacijan,1.0488712156464095,0.8557127641714274,-0.14928552358109473,0.20256215119199122,0.0,0.0,1.3040559042456719,0.10019195320836911,0.0635718463224266,-0.1006406059369409,1.040933295462895,L,M,1,S,0,2.7524634085498594
289330,Suluan,0.7318326353377037,0.7274592016881227,0.5093237267584289,0.5466061795054199,0.0,0.0,0.0,0.07906565207545645,0.23006710785494222,-0.09990676961882981,-0.6397064238323515,M,M,5,XS,0,-0.12869883510203114
289332,Ponson,0.9029760775532208,0.7639195444218114,-0.4840940380537766,0.2237488872247303,0.0,0.0,0.9879137067629866,0.09346054076274542,0.07441172659990528,-0.03624010606655325,-0.7100820956672329,L,M,1,XS,0,0.6066078436028185
289333,Homonhon,0.054693031024782984,0.45675057968086846,0.47599377634084,0.39824724188194244,0.0,0.0,1.2828073169218543,0.08996567646034495,0.11169289226217446,-0.06454411222358689,0.440112956281731,M,M,5,S,0,0.3517694231203149
289335,Icadambanauan,0.43883591426220553,-0.10323403271477266,-0.19690668225486252,0.445325940355262,0.0,0.0,0.0,0.11943356119460093,0.27506333450206016,0.07937255634944808,-0.5885702708149018,M,M,1,XS,0,-0.16801067762810687
289343,Sir Robert Campbell,-0.63776525391726,0.6672031110083376,-0.24659376330314087,1.3194894311971221,0.0,0.0,1.0962373901278313,0.09728517328338368,-0.08793174879351456,0.14206984280035725,0.23236181647658105,S,M,1,XS,0,-0.14063686274218867
289348,Cuyo,1.029511030778021,0.6187160239379219,0.8320318564007745,0.7097693108168244,0.7446829818158205,0.0,0.0,0.0953899164889101,0.5362584076963223,0.1674991905591732,0.2315561069131986,L,M,7,XS,0,2.0180368475248507
289359,Matarbis,0.3491784173985438,0.35554403329277384,0.8415614357190504,0.7306221368448712,0.8614244114956718,0.0,0.0,0.09447824702572366,0.6325758934355371,0.2008919659141483,-0.5356992980077347,M,M,7,XS,0,-0.17289632028732418
289360,Manicani,0.8128343214416232,0.5222874795131378,0.39326003981584773,0.919520016386521,0.0,1.1261357641949064,0.0,0.08578723903411158,0.15864789530354811,-0.04118800527634319,-0.18325657489276057,M,M,4,XS,0,0.03347787780964678
289364,Debangan,0.5616229804016666,0.0488891959397763,0.15500571558428416,-0.008757259817177657,0.0,0.0,0.0,0.10821837928331592,0.5184683847194946,0.13023681310394342,-0.7658518861007693,M,M,3,XS,0,-0.17574709260098523
289367,Casian,0.6803919525629563,0.26165733988230705,0.15500571558428416,-0.008757259817177657,0.0,0.0,0.0,0.10821837928331592,0.47855648573848286,0.10049610030507755,-0.7096660772351545,M,M,3,XS,0,0.6363227534765143
289371,Carnac,-0.5131818609659728,0.08442894138731144,-0.0911879748105939,1.419157456974893,0.0,0.0,0.0,0.11278611202774598,-0.09396398955026397,0.18795498461899002,-0.29091615232203993,S,M,2,XS,0,-0.20846164716317406
289378,Kau Ye,-0.6816776906292927,0.3612922535387493,-0.21139771607006155,1.4043383072697948,0.0,0.0,1.1569560381187467,0.10457221542468682,-0.02271532815726427,0.20679631914547178,0.08056782671133643,S,M,1,XS,0,-0.13809682016452693
289382,Calabugdong,-0.05379362801539005,0.2545136367953662,0.15500571558428416,-0.008757259817177657,0.0,0.0,0.0,0.10821837928331592,0.4500180798867482,0.11362540750944305,-0.6888078273934574,M,M,3,XS,0,-0.18884571833772612
289384,Tagubanhan,0.8327714583043221,0.5928485764981773,0.019489416291971425,0.07682877370569778,0.4279092411875843,0.0,0.0,0.12329360562294911,0.4502018066711122,-0.16274508739971874,-0.4150873822218446,M,M,2,XS,0,0.0932170037299967
289386,Agutaya,0.8070716990198488,0.4860365576501454,0.9852706087850088,0.7424700973012018,1.0924659577565334,0.0,0.0,0.09131907128556288,0.6378329681976989,0.17231003182939308,-0.21694070907133547,M,M,7,XS,0,0.10295294106132157
289390,Batas,-0.22985432402524825,0.8435837610286055,0.09371230177244266,0.14130418461561814,0.0,0.0,0.0,0.10821837928331592,0.31655338068262917,0.11469941692446518,-0.37500663250115723,S,M,2,XS,0,-0.10055611714048983
289392,Hilantagaam,1.2591414126473235,0.13181442919387326,0.3483498533600108,0.8936151448092866,0.0,0.0,0.0,0.09010031600407747,0.40891964258918617,-0.1600757406184851,-0.5704557262723198,L,M,4,XS,0,0.0006436134281993483
289394,Igbon,1.0347020108777623,0.5582673229153899,0.019489416291971425,0.07682877370569778,0.28713393865759984,0.0,0.0,0.12329360562294911,0.49294792919418606,-0.17044422058385508,-0.4633727240855531,L,M,2,XS,0,1.0840619935259155
289400,Diit,0.5626914677408755,0.5925233872397945,0.9885187479309353,0.6925870563640961,1.1493042626603176,0.0,0.0,0.09203700547559707,0.6547351003799704,0.16990035016787453,-0.7754136204398042,M,M,7,XS,0,-0.1535297139837191
289407,Quiniluban,0.846933489930321,0.35889748358946294,0.20123375011666114,0.13364020393747522,0.250475185553237,0.0,0.7350952102600482,0.08323674424517724,0.42730842456844337,-0.12182927600593528,-0.2100677819424291,M,M,3,XS,0,0.15155373717947207
289408,Manamoc,0.9661838147358984,-0.2669972551241289,0.9133185372865512,0.540507747666159,1.0675615941002738,0.0,0.0,0.1036056775074537,0.6917117626864808,0.17399733501374112,-0.28782532047436593,L,M,7,XS,0,-0.04765247808963631
289410,Ale Man Kyun,0.00975772953679892,-0.06992023716684043,-0.19209995583256442,1.2569702951840596,0.0,0.0,0.0,0.12762244882799292,0.04186134264020513,0.2753387880864862,-0.2625690040261399,M,M,1,XS,0,0.1509806603841074
289411,Iloc,0.29483079827228803,0.8028188726428201,0.48279125317979776,-0.3395996868813778,0.0006192144958156528,0.0,0.0,0.1022713261571684,0.5074506334914164,0.16319636249677447,-0.4875938793584603,M,M,5,XS,0,-0.09292191920687125
289412,Malcolm,-0.7847498934851936,0.0754892902008101,0.07435440206047364,1.27251229054228,0.0,0.0,1.0086029986475924,0.09764745087697672,0.09032275891751985,0.36989867156330464,-0.31277915924106486,S,M,2,XS,0,-0.20092342924710052
289416,Guintacan,1.2096390624212547,0.5232211337832916,0.47450103438134994,0.24961392564505164,0.0,1.0344008274877678,0.0,0.08665316290793336,0.45545375757872986,-0.15629416959242023,-0.42253353692400836,L,M,5,XS,0,0.9315195042829233
289431,Nangalao,0.5120707895945796,-0.42953286864499984,0.6482454697956213,0.09854804017792243,0.5530501855017596,0.0,0.0,0.10412937091261751,0.7271476087336832,0.1620311857669141,-0.2937218972481457,M,M,6,XS,0,-0.1584989936176379
289432,Sicogon,0.9015616377400256,0.6649954002536499,0.43637624783399137,0.16782491349954162,0.1184448217233204,0.0,0.0,0.07534063201794848,0.5373615003817271,-0.14060410301290238,-0.4519099126777156,L,M,5,XS,0,0.06414521473989535
289434,UNNAMED,0.41837668881050494,0.06675608722029806,-1.078012398590772,2.966536277978828,0.0,0.0,0.8127684973771054,0.03588204607669973,-0.10643398755196137,0.15665397998631356,-0.7114117665591915,M,M,1,XS,0,-0.17836982591392034
289441,Calagnaan,0.7698369984293834,0.46685648964436255,0.2653274746856836,0.6261264549684,0.10868605996444522,0.0,0.0,0.08255337080396717,0.5163954195668293,-0.1453248361222375,-0.3023098306007807,M,M,3,XS,0,0.18399048676993085
289442,Linapacan,0.26415022018822787,0.7334428454264565,0.535638383710588,-0.2578237902514878,0.1394366637279434,0.0,0.0,0.10793504680211433,0.5056426448165989,0.1576117620192186,0.4410883187885811,M,M,6,S,0,0.8487153817746965
289445,Koh Sralau,-0.07765169007175404,0.23509660595231457,-1.078012398590772,2.966536277978828,0.0,0.0,0.9909599566848782,0.018485066215862586,-0.09204474003391992,0.186344559888156,0.2630555972611743,M,M,1,XS,0,-0.04407957977884727
289450,Higatangan,1.1000930288743398,-0.04511638519102798,0.45063298114286304,-0.19886277703793992,0.0,0.0,0.0,0.07160264927927167,0.17349536181366884,-0.08301597522261067,-0.5341298926288328,L,M,5,XS,0,-0.057141822246051466
289453,South Gigante,1.2890019675056876,0.23141072111859476,0.4518566822822278,0.14781565495625926,0.012660481196954232,0.0,0.0,0.09384820793810492,0.5895611345385127,-0.16773771202453278,-0.5540050795191485,L,M,5,XS,0,0.5051420257522193
289457,North Gigante,1.4549546272895557,0.1685877598834392,0.4518566822822278,0.14781565495625926,0.003485158148925054,0.0,0.0,0.09384820793810492,0.5959381375081524,-0.1812393635970887,-0.620689242955511,L,M,5,XS,0,0.8616530519195307
289460,Dicabaito,0.17792148636685393,0.04524334050006013,0.6729051120920775,-0.19294109783855376,0.1917942779051821,0.0,0.0,0.11750414667004086,0.6496463808385408,0.1643231743004894,-0.76929216067564,M,M,6,XS,0,-0.20202271172255015
289465,Bagatao,1.0132604369020344,0.6940435406067118,0.0285986444909128,-0.28069791859682736,0.0,0.0,1.0951859214421849,0.08828487704268667,-0.05835027255246278,-0.11329446501469416,0.15818494576217026,L,M,2,XS,0,1.6909891712876701
289469,Parasan,1.1564430436631026,0.31709941465581976,0.15902305086900856,-0.2963087635085107,0.0,0.0,0.0,0.08874396927325663,0.03044319877847376,-0.07978982955315958,-0.3191397742492069,L,M,3,XS,0,0.854996115735713
289471,Ko Kut,-0.6681100719924815,0.7222852649576111,-0.18490072314526182,2.1781645844344033,0.0,0.0,1.3572775034279887,0.12031111610788027,-0.20108805051242343,0.21152392073534232,1.0828421242657786,S,M,1,S,0,-0.011014057160789492
289474,UNNAMED,0.031159857439068718,0.7609546934078206,-0.6395307304650684,0.945893855094836,0.0,0.0,1.1479542041622908,0.14200044865200936,-0.06281937168367664,0.29045489705587596,0.5634874352483926,M,M,1,XS,0,0.20142987771897516
289475,Great Western Torres,-0.6115135196818573,0.24210274725828754,0.28960802843393607,1.1637600508319028,0.0,0.0,0.0,0.12481802878028717,0.17990603582745493,0.4305483175719036,-0.3451373675927582,S,M,4,XS,0,-0.20784403988291708
289478,Maripipi,0.6457078970049123,1.0047596982476565,0.4472466175610686,-0.21015024606635624,0.014315684835264412,0.0,1.1150618983369784,0.07090697971334245,0.10860467193057323,-0.03565657299081626,-0.6728269055287612,M,M,5,XS,0,0.24226922490043512
289486,Ko Mak,0.06574516994019491,0.11765262649180995,-0.07037033989678855,1.4639453077622817,0.0,0.0,0.0,0.11509815158132769,-0.07560448673983043,0.1648215815868113,-0.32681146581004017,M,M,2,XS,0,-0.1590388071745766
289488,Tambon,-0.2258505759706796,0.28326347348241704,0.3274017731245523,-0.09107743036088153,0.26889455181494765,0.0,0.0,0.10653744228983221,0.6016285439688938,0.1944107908795007,-0.7210993484336669,S,M,4,XS,0,-0.19178729605207587
289493,Bentinck,-1.3577415079310653,0.04604560105052865,0.11572784200035825,1.318090891419179,0.0,0.0,0.0,0.09957241168574651,0.06273885396941352,0.44840423131626683,0.37377300670508573,S,M,3,XS,0,-0.19558219125894294
289495,Jintotolo,1.1079719232484944,0.28919799623416365,0.5251514011009868,0.1637366146283372,0.0892034359121643,0.0,0.0,0.09411538880507549,0.5450758293873553,-0.13511898893011726,-0.6867088938522001,L,M,6,XS,0,-0.014373749455848631
289498,Sibay,0.4198777025464739,0.883585563654716,1.0307590311145811,0.23959183606691387,1.5039555721059832,0.0,0.0,0.06353784957687936,0.5718721246941242,-0.03273493821253739,0.03674496048512134,M,M,7,XS,0,0.2066167031295615
289504,Tagauayan,1.3733139876128182,0.029103063887229354,0.3354184456865725,-0.11533192543734805,0.05909128287863395,0.0,0.0,0.1049748697289444,0.3943635038088539,-0.17559438150721388,-0.6772011076377834,L,M,4,XS,0,0.9159224384358758
289510,Santa Nini,0.9987713982354676,0.9351262671198722,0.43155312031187293,-0.16799043858706178,0.021055211746271008,0.0,0.9717991474336292,0.07090697971334245,0.16268549268423368,-0.10588166441007307,-0.5036406085850911,L,M,5,XS,0,1.1077190751881005
289513,Caluya,0.878922090803524,0.8208438139346115,1.0449507145703305,0.16268866501454196,1.4319534610601807,0.0,0.0,0.064996793090446,0.5558688629947173,-0.05289056835492133,-0.4216617766389433,L,M,7,XS,0,1.6380747085642926
289514,Almagro,0.9122225166069243,0.7983283890302598,0.43155312031187293,-0.16799043858706178,0.06544865281446223,0.0,0.0,0.07090697971334245,0.1757139908312283,-0.07680807511019824,0.11316059384996144,L,M,5,XS,0,1.2530760269897314
289519,Culion,-0.041549792419331565,0.917387306718426,0.6729051120920775,-0.19294109783855376,0.2583811507338146,0.0,0.0,0.11579627897303427,0.3972958125664742,0.14965318642086997,1.4601242125123268,M,M,6,S,0,1.7543198494579049
289521,Galoc,0.11803590339401174,0.23327782511746734,0.2919005364529604,0.19667554237381574,0.0,0.0,0.0,0.1194806233791565,0.3879872328184347,0.16351747035203407,-0.611449856679739,M,M,4,XS,0,-0.18954754127552065
289522,Coron,-0.38304544589424355,0.41619280536282194,0.35056799018056245,-0.24586022756600734,0.5098083327337355,0.0,0.0,0.10706352365587612,0.411464002359901,0.18918682971798598,-0.5106087874450504,S,M,4,S,0,0.028259037505948766
289525,Camandag,0.8780628327183806,0.7673977622685124,0.43155312031187293,-0.16799043858706178,0.04473633434607729,0.0,0.0,0.07090697971334245,0.11774416447865878,-0.09244667716777265,-0.7647306859866252,L,M,5,XS,0,0.008868516485585549
289527,Uson,0.3488843222495064,0.007844990831797762,0.3274017731245523,-0.09107743036088153,0.2571853326368559,0.0,0.0,0.10653744228983221,0.4972175639877935,0.19188298898190623,-0.3114998672830308,M,M,4,XS,0,-0.11688469876384734
289528,UNNAMED,-0.11112849412671355,0.25606715183447254,-0.7771995152703207,1.2383846627770487,0.0,0.0,0.8040179597828331,0.11298280089948853,-0.07169132582664244,0.30104434595706103,-0.29413049744961683,S,M,1,XS,0,-0.132280245915021
289529,Apo,-0.19967981010467228,0.21089943781216014,0.3274017731245523,-0.09107743036088153,0.12920437785658015,0.0,0.0,0.10653744228983221,0.4326064901669571,0.1634109296333128,-0.6563995889136336,S,M,4,XS,0,-0.20542573043844922
289538,Uniacke,0.3882068440321113,-0.6187106241031807,-0.45490079376091314,1.4054752132678834,0.0,0.0,0.0,0.10336476233602143,0.02165322630821088,0.36744452715715153,-0.6084673913617304,M,M,1,XS,0,-0.1792292804969551
289545,Tagapulan,0.8164543442233051,0.9794561230948177,0.5208555282711861,0.12137950323746137,0.14974434160297784,0.0,0.0,0.05731822969070904,0.21304419910127728,-0.08982790764007305,-0.07829912980288176,M,M,5,XS,0,0.3858785225260453
289546,Carabao,0.966557814410221,1.1294499514294545,0.8564398715080911,-0.2102018584662269,1.115257838556947,0.0,0.0,0.05732619717675569,0.4866924347751616,-0.1858264698193257,-0.11999460596129848,L,M,7,XS,0,0.552751900175843
289551,Seirara,0.8389844969364055,0.24113396455618427,0.7281161970554472,0.08943329740014663,1.4048148404482776,1.1100998443132424,1.0414130171613378,0.061984812497200066,0.6842558223457152,0.011169325620936157,0.6462466311931729,M,M,7,M,0,1.5287841053899847
289557,Koh Chang,-0.036911917240122334,0.7111705356942501,-0.43150664074042455,1.1359367183861395,0.0,0.0,1.4152574018556008,0.14587906591711552,-0.29984485700420005,0.27251556178120995,0.13535655347966255,M,M,1,M,0,1.0305958792331704
289558,Capare,0.4825994774776054,-0.05467208120122335,0.28543339396643086,0.6955946397368193,0.0,0.0,0.0,0.1213159135346054,0.21510032873186796,0.1422946307034044,-0.7238803705581505,M,M,4,XS,0,-0.11237569846778929
289572,Ambulong,0.4456534861568901,0.24157023994301746,0.31543841185837773,-0.2972293175152944,1.024142151551365,0.0,0.0,0.1082611201195034,0.6626185165855512,0.06497798875416635,-0.39419851762685437,M,M,4,XS,0,-0.13114505117134664
289573,Tippel,0.776114281584816,-0.15923069615095808,-0.06098056940624626,1.570254519992764,0.0,0.0,0.0,0.09753560099499627,0.10706897952580922,0.4262687358016176,-0.6538313701191543,M,M,2,XS,0,-0.14091667132162805
289578,Destacado,0.999354408910833,0.5551256191077077,0.45953349823336326,0.08386357149267619,0.17824573445483968,0.0,0.0,0.031890403086381316,0.2597122662881846,-0.08713244375523863,-0.819798060646518,L,M,5,XS,0,-0.03613538894238322
289580,IIin,0.4056389244475728,0.7048505045686929,0.09810391324104552,-0.31918351487568775,1.1409092935929963,0.0,1.2257045036775813,0.07742282861878601,0.6676999163347751,0.08107595762893077,0.3244199757426772,M,M,2,S,0,0.5003354828842702
289583,Don,-0.48814301722843184,0.477483120315409,0.17025136299508647,1.5222024115267152,0.0,0.0,1.3638313907035222,0.1021122507744224,0.06364870414058686,0.4663196048460122,0.3263500053116902,S,M,3,XS,0,-0.012602619698272382
289589,Busuwanga,0.1682089329667819,1.0400252084629253,0.3141687910685834,0.21887232113515906,0.4452697094364422,0.0,0.0,0.11913019407662101,0.27309284644027526,0.16620258671653282,1.5729916392505796,M,M,4,M,0,2.7045138501670003
289606,Ma Ing,-0.588313649359195,0.3116254742238384,-0.6382189444104461,1.6887425323218104,0.0,0.0,1.1166970498909203,0.0994288917480594,0.035529722382241016,0.4189310756425797,-0.709044414131596,S,M,1,XS,0,-0.1725520249087985
289611,UNNAMED,-0.5682947930426456,0.1097866440916765,-0.8755186141643377,1.2634859282981559,0.0,0.0,1.047544971018326,0.13259963134377678,-0.006737685730577481,0.39951967449524817,-0.21022607284635075,S,M,1,XS,0,-0.2054257710964623
289612,Dalupiri,0.8194114074036747,0.9030874082897936,0.6602703749121175,0.0715456196137339,0.18284782690431395,0.0,0.0,0.03683387932497872,-0.0202002475553724,-0.07417337846927755,-0.711199285554712,M,M,6,XS,0,0.7259989384116844
289615,Capul,0.8904814145814512,0.8790890095098044,0.45953349823336326,0.08386357149267619,0.20194146696987442,0.0,0.9950410688872084,0.031890403086381316,0.16751582356080075,-0.07039780361752325,-0.7081069031682956,L,M,5,XS,0,0.7620445179382807
289617,Kala,0.7223488036729647,0.282088571735503,-0.5440873356884346,1.2829348065431305,0.0,0.0,1.0041619710631742,0.11058728590801506,-0.022021777845771195,0.43182185744362517,0.7474071372858532,M,M,1,XS,0,0.5937734070298448
289622,Maingyi,-0.6557598354992866,0.42190707077265915,-0.459876628231886,1.3841257033051249,0.0,0.0,1.2049402095091657,0.10937157858594729,0.040238544708192825,0.5064510325632239,0.04017276462858137,S,M,1,XS,0,-0.16670212801729536
289624,Ko Samet,0.8750681320947705,-0.18789362461865947,-0.2543314344229477,0.901498688271176,0.0,0.0,0.0,0.15233961618923883,0.19260660728363244,-0.13053785807353824,-0.38943219431783793,L,M,1,XS,0,-0.06438948556396912
289631,Romblon,1.0112506460702582,1.0556351818112244,0.4857585717378091,-0.006470549425239401,0.6621192776951683,0.0,0.0,0.09119643499367547,0.26258455274971654,-0.03806593750467588,0.6452067175884967,L,M,5,S,0,2.0968133816947496
289633,San Juan,0.7001847178462025,0.2235847265810249,0.4230651337562164,0.26228190821494046,0.17218609640220803,0.0,0.0,0.053070749372875245,0.19134467510736305,0.05688534611493141,-0.3113993178876448,M,M,5,XS,0,-0.004673791583521762
289642,Tablas,0.7302394415077698,1.1862343257112062,0.38980069181673926,-0.08924224894355946,1.149357413356277,0.0,0.0,0.09825931725301634,0.1489938213634005,-0.14224830288723112,1.1602175747484713,M,M,4,M,0,2.798622277609267
289643,Talisay,0.9677041309436374,0.15655120797309477,0.4230651337562164,0.26228190821494046,0.14385187467006308,0.0,0.0,0.053070749372875245,0.31046624148433677,0.04700824440139376,-0.6228482063513877,L,M,5,XS,0,-0.08727978496606932
289644,Batag,0.6344331365089746,0.7709518472871426,0.5339011186416793,0.20267486530729378,0.0,0.0,0.9086926696218603,0.09817212210516547,0.24425213317044356,0.0742606795150862,-0.20862350611099753,M,M,6,XS,0,0.2599322792292674
289645,Biri,1.1018131664362105,0.5718196534742173,0.4230651337562164,0.26228190821494046,0.15916198356494193,0.0,0.0,0.053070749372875245,0.3034626643018858,0.05184437092755384,-0.29878183204052966,L,M,5,XS,0,1.402302671943605
289652,Simara,1.0377299762988152,0.6582318760667294,0.35839422025318013,0.008159382715181396,0.6298128741190006,0.0,0.0,0.08428384862388283,0.5853368824565808,-0.17691719968292624,-0.5001494915624564,L,M,4,XS,0,0.45117428630179185
289659,Concepcion,0.5328965873278178,0.9970710097037381,-0.9499853984097757,1.6097136386835142,0.5996396386300814,0.0,0.0,0.08465818542612819,0.47920867922401417,-0.1252486546570309,0.27822693556594325,M,M,1,XS,0,0.043729263231222996
289661,Banton,0.6011631914380065,0.9922203248726973,0.35839422025318013,0.008159382715181396,0.48182189315219176,0.0,0.0,0.08428384862388283,0.45960481173860435,-0.1606881395786454,-0.7098972004341274,M,M,4,XS,0,0.1995951848697083
289668,Ko Sichang,1.3004716988593774,-0.4274443155295951,-0.17241167046637795,-0.40813187988373867,0.0,0.0,0.0,0.1939319865268822,0.10753012643477076,-0.20502129196615032,-0.42247142542630023,L,M,1,XS,0,0.6980660662224852
289670,Mali Kyun,-0.796451774256442,0.34509170444459014,-0.08223928537515511,1.0721583074999954,0.0,0.0,1.3513075505579042,0.12024427721335319,0.1190770986393252,0.5382727621521672,0.2039894825827765,S,M,2,XS,0,-0.12148436221025607
289671,Rapu-Rapu,0.5360838931109309,1.0154275818073188,0.293055467602833,0.1844467470027975,0.07905182115847177,0.0,1.3175567367762155,0.047732061071445904,0.03325546294391795,0.2579457039228872,-0.43837770177634994,M,M,4,S,0,0.7003695750618836
289674,Batan,0.762012338294474,1.1202981493007786,-0.3471749504000398,0.18604471171930737,0.06816782937128384,0.0,1.267297496901142,0.04660979982757956,0.03033523184343911,0.1602448151757142,0.05828177250556318,M,M,1,S,0,1.224304713489362
289678,Alibijaban,0.739270204677059,0.10165648098718996,-0.17181151195364353,-0.06690204392867316,0.039722744151975665,0.0,0.0,0.0627770379725118,0.43403897350162024,-0.1003273836309483,-0.5732817990019028,M,M,1,XS,0,-0.13129764998912125
289679,San Miguel,1.2145206001062652,0.5359896047217326,-0.3642304772758652,0.7183972713998746,0.041403495296380974,0.0,0.9800891891111196,0.029491176969102226,0.00627727080083787,0.16763882552898354,0.29010919464885376,L,M,1,XS,0,1.4593398190755396
289684,Verde,0.8830384503892091,0.881222640107126,-0.07582658385835181,0.11306251105738734,0.6539454097921295,0.0,0.0,0.023494023210334607,0.3558430973261531,0.001251896129182458,0.228950095525989,L,M,2,XS,0,0.19770722893121073
289689,Golo,0.2130765933983026,0.23261604014797757,0.7978336224406154,0.24609374269972642,1.00758080095063,0.0,0.0,0.09466899404346031,0.6418090793238561,-0.0276703787420147,-0.5430854881668546,M,M,7,XS,0,-0.0750319839507763
289690,Marikaban,1.1385878448974787,0.8547984271896895,0.33011303915809714,0.054136864891517554,0.8093741761491615,0.0,0.0,0.06259614903073416,0.28491065095644064,0.028444044552505595,-0.3463175966399232,L,M,4,XS,0,2.1194444979510743
289693,Ambil,-0.22550337844260526,0.22778129064864913,0.6089785700277482,0.031295356015438494,1.0574512119020618,0.0,0.986028122172696,0.10186464676324476,0.40576188423163045,0.08773582630704775,-0.6742676248313482,S,M,6,XS,0,-0.11356795707261505
289695,Lubang,0.2799737959289875,1.0499554835984535,0.8376848299542874,0.24351389839464413,1.0348698249113484,0.0,1.2872712742441743,0.1029646112409542,0.47773886494910184,0.11351698135617887,1.3053426283985872,M,M,7,S,0,1.8954757960552306
289696,Pyingyi Ashe,-0.560216409990634,-0.28040155246615905,-1.0375474552931594,1.258178466003868,0.0,0.0,0.0,0.11315133348578081,0.09285467504148492,0.4603404577060782,-0.09637353901005703,S,M,1,XS,0,-0.18412775030436773
289701,Cabra,0.6307805788803403,0.31176627811461227,0.6796152550113734,0.12414045622819281,0.8555493466009126,0.0,0.0,0.10358764938223733,0.6329521307549121,0.043478825589036096,-0.4790318448929366,M,M,6,XS,0,-0.0737573153607999
289708,Lahuy,0.6198649205452338,0.5509444107465529,0.5700386470764166,0.8464236743178734,0.025226204765958365,0.0,0.0,0.07825509500517937,0.26026051872439443,0.22449340126075346,0.006703177635656669,M,M,6,XS,0,0.050298426959282834
289710,Panay,0.6004930542140465,0.5222268800469734,-0.016921507003130207,0.65775821118846,0.0,0.0,0.0,0.0925884673682103,0.09507330405904438,0.3157562167534305,-0.3327346441844516,M,M,2,XS,0,-0.059594151719059255
289723,Cagbalete,0.7505445548321689,0.8531049927316174,0.6132908306439544,1.04824483345605,0.2127457585389903,0.0,0.8300977847624872,-0.009712576231644255,-0.0031056048380891745,0.28368605948920445,0.22584817292153145,M,M,6,XS,0,0.11260127253322587
289729,Balesin,1.3803789019308965,-0.009889887282336324,0.8784206070234206,0.8312662260815812,0.02454018447520284,0.0,0.0,0.0911743061152814,0.22844943377747393,0.2104770046082666,-0.6187696832785801,L,M,7,XS,0,0.10579049566448999
289732,Jomalig,0.45645095933329033,0.8457482996596316,0.8648491695567987,0.4698814831940483,0.011602443738029463,0.0,1.01936232177407,0.07345184877477877,0.29418921955643523,0.14867998595801474,0.18841740750478836,M,M,7,XS,0,0.33303849846558203
289736,Patnanungan,0.4476419515453304,1.0612342568512034,0.8993770409906677,0.7759798420086382,0.02325387599570116,0.0,1.0536515379942064,0.0683707177090674,0.15871230947495862,0.18914169499896338,0.21072360230909915,M,M,7,S,0,1.0691428540855576
289739,Palasan,0.19484365850819407,0.6264801726797848,0.768578545860661,1.3017310153233657,0.011848311926834141,0.0,0.0,0.06764044547470145,0.04495688276401209,0.24656348712572917,0.26564540338058656,M,M,7,XS,0,-0.10882710825552662
289762,Hintha Kyun,-0.7689357385221539,-0.60123616164173,-0.6795900262297851,1.1181078267656146,0.0,0.0,1.0290341683084738,0.13384093114761628,0.3004513017884448,0.556060387677735,0.09978650428677624,S,M,1,XS,0,-0.17873097888881223
289766,UNNAMED,0.6791267467705054,-0.08839460583183126,-0.6669243777553281,1.0130310112759404,0.0,0.0,1.3565846129952583,0.10845303174222229,0.21249448270662494,0.7179174510503175,1.0833671049735982,M,M,1,M,0,2.8159133333590884
289767,UNNAMED,0.459794439500749,-0.27753463472751655,-0.8244741377671124,0.1688924020775363,0.0,0.0,1.1757137934536839,0.08075365563276976,0.22442135212665582,0.7674482328081051,-0.07412928038567267,M,M,1,S,0,2.1270347887816077
289785,Fuga,-0.3463421001696462,1.018513025343392,1.1272458182319252,0.5982309611142254,1.4908669882122318,0.0,1.172241639574388,0.02848450536292208,0.20927889799064384,0.5723730981623284,0.21312556453355205,S,M,7,S,0,0.0996700437238832
289786,Camiguin,-0.363333153506074,1.2258706918101392,0.983227761425729,0.7560832929022622,1.5298607843000382,0.0,1.2287453596838611,0.007969157783054352,-0.34589732966660475,0.9805648374184849,0.13223455434457132,S,M,7,S,0,0.3466867597041321
289787,Dalupiri,-0.8740088132164628,0.5831097786680199,1.2366526393857702,0.11502690020315355,1.3965523789467618,0.0,1.1191498997954465,0.001795559819704613,0.26633887417204,0.5317352589725516,0.07907185254902663,S,M,7,S,0,-0.07812459217832632
289789,Calayan,-0.023878118636710452,1.1861426118347331,1.2182971525415895,0.3299491119479913,1.3638423121492707,0.0,0.0,0.017855649420312533,-0.2379523540085744,0.7654071997748063,1.2271406571533765,M,M,7,S,0,0.7271583589023892
289791,Babuyan,-0.5036558021210853,0.74360139828518,1.2219300032386287,0.29116760548694814,1.1537864788506944,0.0,0.0,0.021708780397032494,-0.5381772912230588,0.8382202278850045,0.3190228294973211,S,M,7,S,0,-0.007085676696867501
289798,Sabatang,-0.07613462286279454,0.9069090877025,1.2677471107141844,0.1624256971646774,1.0105858787595456,0.0,0.0,-0.021050705835499867,-0.29074196341714387,0.5845616997618702,-0.38622036826062817,M,M,7,XS,0,-0.06125495082199404
289799,Batanes,0.5981387276264502,0.9349772613837534,1.2615338911030398,0.16050526387261585,1.0303667338479168,0.0,0.0,-0.021436000451797527,-0.3572547192530298,0.5632164723116186,0.3201051766471358,M,M,7,XS,0,1.2908683652549915
289806,Dao Cat Hai,1.8639164022801964,-0.9961320307885503,-0.8539798776595686,-0.9040275629533261,0.5422229930498778,1.928847597312419,0.0,-0.22917636363525526,-1.2171604842481731,0.4810175544393954,-0.44087575201587614,L,S,1,XS,0,1.3681427960642296
289809,Itbayat,-0.2223915399749323,1.0309899220808398,1.2694970596328654,0.16931164786140696,1.1329903593708879,0.0,0.0,-0.040304008342649994,-0.15639632722106217,0.50084477558021,0.9677861673369994,S,M,7,S,0,0.13065608269980367
289824,UNNAMED,0.7232955720496259,0.013838007833201436,-0.08459517063214492,-0.6946151406523523,0.5519005572554619,0.0,0.9017211700919738,-0.3174622534939597,-1.4826756988022631,0.5898730707149369,-0.5326114145293729,M,S,2,XS,0,-0.1601239250662016
289832,Dao Ban Muc,-0.24271989016669795,-0.3753951796218028,-0.7897640154799684,-0.8949051423415586,0.5362919267295392,0.0,0.0,-0.4031857421985181,-1.3665208442062746,0.588374032680652,-0.09469520246236192,S,S,1,XS,0,-0.18242792598108357
289833,Vinh Thuc,0.5383566924813432,-0.4316552156919405,-0.667458225929239,-0.8865924939727658,0.5470688009773307,0.0,0.8514592248185472,-0.37489163424189276,-1.3163575762411257,0.5678315427680424,0.2607848079394282,M,S,1,XS,0,0.22626804485172888
289845,Taipa,2.2008934315609787,-0.7679235413605718,0.10013322635085735,-1.0640526907963004,0.0,0.0,0.0,-0.28350158693470273,-0.7428829660383601,0.05045387986280519,-0.12175154268284313,L,S,2,M,0,2.8169369702539337
289890,Ilheya,-0.08472069630995133,0.016166710618588126,0.8746138777177327,-0.9722097783641991,1.6510124600717648,1.1643228730148685,0.0,-0.354511496825672,-0.7020348656342343,0.8990585805384017,-0.624865009819104,M,M,7,XS,0,-0.10475181581706997
289894,Kakeromajima,-0.5599214695869481,0.5636697691208158,0.24154629974518407,-1.163459290338865,1.4876206723722596,0.0,0.0,-0.45954612878747547,-0.9731925420101174,0.5372996617519942,0.3822648565288704,S,S,3,S,0,-0.013158731487802272
289896,Xiazhidao,1.1145123394278325,-0.5962328584002484,0.7190102003141273,-0.7143582878995723,0.8539203449800836,0.0,0.0,-0.8727297485989903,-1.0202064693787474,0.4533312363577503,0.06740822499359189,L,S,7,XS,0,0.8373596322233401
289907,UNNAMED,-0.4325833932521532,0.3642053216093906,-0.23983191313506583,-0.2846718526379397,0.5299152433451073,0.0,0.0,-1.029707502291351,-0.35899243792267227,0.11242938075617896,-0.04517086667633865,S,M,1,XS,0,-0.1900882463319655
289908,Kitakyushu Airport,0.33528649308685493,-1.1465836886406822,-0.4960031659945339,-0.9154848523323137,0.614651457863958,0.0,0.0,-1.0071501279930515,-0.6692169432694145,0.4656850469303366,-0.3849947064744487,M,M,1,S,0,-0.07145381659325932
289913,Hauido,-0.21182952120025467,-0.544885551196097,0.7270093038101464,-0.10623041535116434,0.810728802996747,0.0,0.0,-1.311120254113009,-0.3331242922675911,0.3354292955093621,-0.063880536653029,S,M,7,XS,0,-0.09246370026152946
289917,Tsushima,-0.21694356816822463,0.5205116569091799,0.9026369654988412,-1.0365576579103264,2.383801233832864,1.7532020950959175,0.0,-1.0387466229442828,-0.5056477686711429,-0.20740273353638292,1.7975013593156144,S,M,7,L,0,2.8074409841576577
289923,Palegeumdo,-0.23800248333143337,-0.7739281558255254,0.504736294277475,-0.1206825771753369,0.6070235957644248,0.0,0.0,-1.3122967412057798,-0.3348700627086598,0.2807135208291438,-0.0615559512070831,S,M,5,XS,0,-0.12375456735692197
289931,Seonmyudu,0.4486451281658404,-1.1764687861046768,0.4013655596021024,-0.17456525485544153,0.49484519531867344,0.0,0.0,-1.3733411210465385,-0.22013744373824715,0.39095040209646065,-0.6686987857136113,M,M,4,XS,0,-0.17736506950044073
289935,Nishinoshima,-0.11872240565428402,0.24739197527157267,0.845732278647499,-0.5705596369281172,1.6727382842201401,1.341126382867356,0.0,-1.1006565861906914,-1.085561600077297,1.5420964789010227,-0.4915054059348488,S,S,7,S,0,0.4277904001196855
289955,Jihua,0.594617463930538,-0.8359221865299864,-0.013572011677870005,-1.3748088796798053,2.2268088310490013,2.2040553772104245,0.0,-1.6246456158761693,0.15224380910274718,-0.21889664280072652,-0.30331995018654984,M,M,2,XS,0,-0.05049061467375216
289973,Vlieland,-0.266054354917983,-1.0288664355071833,1.1044513468457415,-0.4200719924951149,1.8791282155988265,1.9634779880613147,0.0,-1.6201888668675182,-1.5209340567239977,3.7423705021251146,0.38184766773059065,S,S,7,XS,0,-0.11771611906735217
289974,Terschelling,-0.0532157339509064,-0.2394174613521607,1.0946308298431429,-0.4624664640954889,1.8576560766837324,1.9363686298248695,0.0,-1.6289966681982821,-1.5617755693151383,3.73109618638241,-0.07759380727439201,M,S,7,S,0,0.29171206433567093
289975,Ameland,0.0027185928159699935,-0.04159494353744994,0.9477799820498888,-0.4792107491172522,1.6507017275920892,1.9927329522695822,0.0,-1.6440085798826956,-1.613175882163057,3.6533819595827235,0.8465240439840409,M,S,7,S,0,0.218450340941337
289976,Schiermonnikoog,-0.5122227168126132,-0.4719969583715321,0.9565530663136852,-0.46843797386584585,1.3593166075669116,1.4470014131102809,0.0,-1.6544258117858985,-1.6393423093505222,3.597599933150544,0.20362827588043775,S,S,7,XS,0,-0.13070354309992438
289986,UNNAMED,-0.33037649952404075,-0.12271422440060628,0.46951548757210665,-0.8393156724442052,1.5109312693821098,1.7357314921515798,0.0,-1.7194923336980104,-1.552494804777482,4.107707042866943,-0.1247992341081491,S,S,5,S,0,-0.09571371851869104
289992,Langeland,-0.17733441983221707,0.03157180469579305,0.9213365712074567,-1.0319852661912914,0.8544621218056037,0.0,0.0,-1.7597827378892121,-1.4818507582206757,4.331797523199234,0.754967686250015,S,S,7,M,0,1.1529861843780074
289998,Ven,0.6672635076034104,-0.5359819096443224,0.15468573077973002,-1.0212604696088476,1.3244402060571496,1.237854365148637,0.0,-1.8012435345737954,-1.6950023752725707,4.49461137458354,-0.7845709851149589,M,S,3,XS,0,-0.09594890676944054
290008,Aspo,0.6369089858000918,-0.602168213551632,0.14615704276921576,-0.8747207539025802,1.7241261342315553,0.0,0.0,-1.8641051089237284,-1.3239760159688587,4.966202202736622,-0.5576587858082834,M,S,3,XS,0,-0.0835866039107519
290009,Tjurko,0.4174588975723914,-0.6562894572721305,0.14615704276921576,-0.8747207539025802,1.737679662851051,0.0,0.0,-1.8641051089237284,-1.3129392332810463,4.973467563470568,-0.47377287292953896,M,S,3,XS,0,-0.1412895075466583
290044,Hono,1.2057397690504459,-0.976075754641491,0.9236193286261261,-0.7806174785768732,0.9220171686429203,0.0,0.0,-1.7990892073709783,-1.4523970123536134,4.728363935573916,-0.20918666795824564,L,S,7,S,0,1.900525946561135
290061,Klaveron,0.46767554939320066,-0.7065928699259417,0.3485388695102224,-0.8743615463725963,0.8846126388539532,0.0,0.0,-1.817533667494018,-1.4803802119665428,4.719184357499203,-0.2822842915687767,M,S,4,XS,0,-0.0219742582534771
290062,Inston,0.20786436240461323,-0.6671048626719013,0.3485388695102224,-0.8743615463725963,0.852496254742578,0.0,0.0,-1.817533667494018,-1.523369351590847,4.737757277703982,-0.5872482461311161,M,S,4,XS,0,-0.19568329355527328
290082,Tjorn,0.21450917842735298,-0.2667925512499272,0.45554422622668905,-0.8522524017577529,1.0195282641968968,0.0,0.9348156260479169,-1.8496598129059352,-1.5569079074983219,4.817301742275344,1.0962886480596716,M,S,5,L,0,2.3448126895336547
290084,Lyr,0.0031987785722110812,-0.49132229916062975,0.38941411903705814,-0.8596728117005967,1.0204737998975217,0.0,0.0,-1.8620337218508989,-1.4961693697439318,4.700116199607507,-0.257709372650059,M,S,4,XS,0,-0.17805669631775273
290157,Syd Kaster,0.25903946004538714,-0.5862964546090262,0.4420555305835637,-0.6163983071897332,1.4864191392642285,0.0,0.0,-1.8638552301461413,-1.4458681236957045,4.875915410256657,-0.44022886678571566,M,S,5,XS,0,-0.1143396063200053
290160,Rano,0.12813051365648498,-0.9021159413772681,0.21360337088433864,-0.5137267162922,1.213395560488147,0.0,0.0,-1.969180990170731,-1.4114749820482095,5.233332453951623,-0.7551366956739946,M,S,3,XS,0,-0.18936967310901434
290164,Uto,-0.11084720511925694,-0.6799620229926109,0.40529664524009046,-0.46798405165976087,1.2915478587107367,0.0,0.0,-1.9651425223974193,-1.386249148159182,5.302883054288181,0.42715056898953657,S,S,5,XS,0,-0.10412662837106967
290173,Musko,0.44978534414763144,-0.7208070514308458,0.06642907049239472,-0.5290911761111933,1.128812667099807,0.0,0.0,-1.9818542384286686,-1.5052803151024141,5.226278543446352,-0.2773586984046045,M,S,2,S,0,0.18737925477157788
290193,Asmaloy,0.11224225707389329,-0.7226038662571882,-0.07676682153886343,-0.6792299960966849,0.6037298060631946,0.0,0.0,-1.8924093330344804,-1.4690374619645297,4.878938930367584,-0.2893237523988921,M,S,2,XS,0,-0.1427252920495864
290194,Kirkeoy,-0.12628883439880106,-0.5308070852794862,0.06364189874796843,-0.7510544055186515,0.5815090928868544,1.2008001558028525,0.0,-1.9149871196450825,-1.5153871181904888,4.880900387375623,-0.20873353939336248,S,S,2,S,0,0.006946737207715928
290198,Spjoeroy,0.10510295802128704,-0.6767976503183813,-0.07676682153886343,-0.6792299960966849,0.606930986438867,0.0,0.0,-1.8924093330344804,-1.4683801446244544,4.8727962113019485,-0.40114131502720524,M,S,2,S,0,-0.11306899438501311
290201,Mosteroy,0.4395442761693969,-0.07990526345191927,0.24725971600528118,-0.6493883579069196,0.7066433011037178,0.0,0.0,-1.8671113494443579,-1.9627450025948656,5.287735692480561,-0.2559646471311347,M,S,3,S,0,-0.0049909072253863105
290207,Orno,-0.06713871704612426,-0.5516449753992915,0.12838320202900702,-0.523485134253338,1.1611686690332295,0.0,0.0,-1.9915967694425634,-1.4499309743595,5.377240176651061,0.7462115411149313,M,S,3,XS,0,-0.003751638278381765
290208,Vesteroy,-0.013714124473059062,-0.7090632523000846,-0.07676682153886343,-0.6792299960966849,0.627783389934511,0.0,0.0,-1.8924093330344804,-1.4839013980071134,4.881248710488943,0.27951723876807694,M,S,2,S,0,0.10768098946531734
290212,Rennesoy,0.3017567968080585,-0.007366286548144233,0.16706315482442727,-0.6571910454991714,0.6819990399624566,0.0,1.116759431830913,-1.8757033790682387,-2.019502305368555,5.457415699444154,0.4348027566294419,M,S,3,M,0,0.993860707128148
290215,Fogn,0.31278023089625717,-0.22074316870898592,-0.6906496989858427,-0.7181885368527179,0.3828645542208998,0.0,0.0,-1.9111660780980697,-2.0709593466060685,5.0711370782880785,-0.3963819330353338,M,S,1,S,0,0.020257641642108516
290218,Tjome,0.759405133011492,-0.4871086351645121,-0.0529673638623892,-0.5972984855101379,0.9403669174343146,0.0,0.0,-1.9666064793603408,-1.4701299409512363,4.868089164075756,0.12345182254694016,M,S,2,M,0,1.4305683312137074
290224,Finnoyo,0.4768862685944114,0.23293514747672306,-0.20765648243616316,-0.7115176344665906,0.4511938641486036,0.0,0.9603899277533656,-1.9111660780980697,-2.0462265007220974,5.27493132561283,-0.2960006332942917,M,S,1,M,0,0.7966432913298013
290227,Namdo,0.011253904618928614,-0.758716501106462,0.5531685452802149,-0.348806862376546,1.1170785312081994,0.0,0.0,-1.9842959864195509,-1.4295739002561196,5.589359665138254,-0.7051676622695828,M,S,6,XS,0,-0.17749262611308592
290236,Vestre Bokn,-0.5619816373360488,-0.36927089854930417,0.5826156642209894,-0.6190051035606512,0.9139789817600217,0.0,1.0401286455895864,-1.8448893556383381,-2.031491393022335,5.591391065613614,0.31139208591432416,S,S,6,S,0,0.013669740724565074
290242,Sjernaroya,0.5784782447307579,-0.18503367749863367,-0.45524146383935943,-0.8243885551605198,0.39381219505002335,0.0,0.0,-1.9372900899340768,-2.102794586867268,5.221232661644773,-0.6705532243888311,M,S,1,XS,0,-0.14526588679764452
290244,Bjergoya,0.3311253450957615,-0.36593641748659905,-0.5938475472324012,-0.9227559491443731,0.3553175665741717,0.0,0.0,-1.943126610770682,-2.130243075659568,5.393969167041415,-0.5930944949879552,M,S,1,XS,0,-0.1577539540028278
290249,Ombo,-0.4301368859720822,-0.30766283890754786,-0.7939172744347621,-0.6918895741770179,0.30577801507652597,0.0,1.3056858261580089,-1.9935718248962992,-2.2178679421648577,5.689188823601988,0.07234755797965672,S,S,1,S,0,-0.03006327494177553
290265,Foyno,0.0006768573704279162,-0.8868080537283046,0.6453371376134481,-0.5289965554621896,1.086487613654285,0.0,0.0,-1.8561958935549268,-2.032744907437568,5.615934647776866,-0.4466900703970308,M,S,6,XS,0,-0.20217218060867953
290278,Moja,0.2483880366942665,-0.6817868804624254,0.5309119026966858,-0.3479391643017795,0.9529470350833926,0.0,0.0,-1.998944479607991,-1.469398693709883,5.783909711543385,-0.04571219348722604,M,S,6,XS,0,-0.09211988998814796
290282,Svartso,0.14309843631840283,-0.7616126694665237,0.4735880286240667,-0.3506207792162565,0.7217235437342511,0.0,0.0,-2.00425811759311,-1.5808886447331534,5.646746695505097,-0.6870885139085493,M,S,5,XS,0,-0.17156876870031665
290300,Blido,0.11739017215779332,-0.49865578420142054,-0.13371223234451776,-0.7059394412020876,0.8267321323292852,0.0,0.0,-2.0218609951217816,-1.5480271696047085,5.863096872989012,0.3081254494791509,M,S,1,XS,0,-0.07832535953009011
290303,Yxlan,0.016628809113730103,-0.6632574261402366,-0.13371223234451776,-0.7059394412020876,0.8032333609256537,0.0,0.0,-2.0218920586521785,-1.5856549274279201,5.79770484338067,7.258290467839873e-05,M,S,1,XS,0,-0.12875259272835243
290316,Borgundoya,-0.3787596440767709,-0.2746018630061889,0.040983834151890455,-0.7570072671371594,0.3845817818526614,0.0,0.0,-1.9445208781121401,-2.3465337855988944,6.000686968726999,-0.589703952644945,S,S,2,XS,0,-0.19495307747396345
290334,Bomlo,-0.08836964635401176,-0.57337398245073,0.6062394988661665,-0.7174548634872752,1.101177225303078,0.0,1.2200454789424668,-1.8806400246632342,-2.0992433896786538,5.874454174673775,1.3262870520671584,M,S,6,L,0,2.189811546187346
290335,Huglo,-0.20929846464464225,-0.6814978906089848,-0.1367466179692092,-0.745834014096671,0.41323577001151374,0.0,0.0,-1.9633863320955713,-2.278373344537496,5.729304271837463,-0.08956799076993836,S,S,1,XS,0,-0.15272740106155497
290358,Kasnas,-0.28900479177780236,-0.8166557864461914,0.8803860089593063,-0.4931324106612859,1.2606042518201817,0.0,0.0,-2.017683061504229,-1.4721582553714465,6.493148075589895,-0.7460433675276004,S,S,7,XS,0,-0.19913070285619713
290362,Selbjorn,-0.17833810812072834,-0.3885185405481036,0.7230842098196542,-0.5213203626604022,0.7309166754939972,0.0,0.0,-1.8883921217284767,-2.115968016899936,6.342459620997357,0.11805292983210963,S,S,7,S,0,0.009101392119057253
290367,Kotlin,2.043596445968649,-1.1946348703635516,0.2419752625060283,-0.8436129998770803,1.3299205745263867,1.4163123763791095,0.0,-2.1786148248970867,-1.807223207547584,7.250733474659046,-0.024210745945357878,L,S,3,M,0,2.6207146173465765
290385,Reksteren,-1.1040745924778912,-0.33616501871423193,0.2209092934729611,-0.6934600020655253,0.5223623038124995,0.0,1.2127075646337167,-1.9111306942002995,-2.348902104367061,6.9680990205492455,-0.4586431583681546,S,S,3,XS,0,-0.17092472912816561
290395,Huftaroy,-0.14787975314622742,-0.4434029130673398,0.3065623496001261,-0.5451267417179337,0.6470981448323083,0.0,0.9950413932735629,-1.9037959881544972,-2.2187422913438333,6.367766610350506,0.1321969636832872,S,S,4,M,0,0.3312506196724424
290400,Hundvako,-0.043020427282187426,-0.603562503603753,0.4372112491797398,-0.637815376936362,0.6503400898734019,0.0,0.0,-1.898448282334488,-2.128134609514705,5.977749590838266,-0.28953284508394,M,S,5,S,0,-0.014296742168832909
290423,Toftaroyna,0.24655959452419995,-0.5141682629462518,0.4372112491797398,-0.637815376936362,0.7025769962175952,0.0,0.0,-1.898448282334488,-2.0850528745189982,6.000996696410638,-0.15271742568990432,M,S,5,S,0,-0.06954912660985736
290426,Singo,0.35394844682034354,-0.5495583720282609,0.36162172028970047,-0.5051259048884117,1.771363476336593,0.0,0.0,-2.0468897057836966,-1.6567952558962755,6.071004275699409,-0.21868607765405426,M,S,4,XS,0,0.0069361968739495
290464,Alon,-0.021336310274967178,-0.5739452147849888,0.019407997945323274,-0.752838721212905,0.6682815611374103,0.0,0.9460427377335691,-2.088428831519546,-1.6524304638039935,6.470108340341611,0.9221376490228237,M,S,2,L,0,2.291328584948027
290468,Lokoyna,0.3796637310288808,-0.7380057113811134,0.286541650358948,-0.6377350993022685,0.7299179420969947,0.0,0.0,-1.8734440153911427,-2.1059216020975597,6.124839649133601,-0.3444704277049611,M,S,4,XS,0,-0.1664192237827169
290471,Ostrov Bolshoy Berezovyy,-1.109109577438654,-0.4597842651470313,0.4527459740920349,-0.6068578796367433,2.0676765826774073,0.0,0.0,-2.1527430910394565,-1.7020279118316388,7.448590005944639,-0.03934837017627859,S,S,5,XS,0,-0.16268363996042537
290528,Rongoyna,0.6189491855384268,-0.7974735340621885,0.933550124350071,-0.4345187668442617,0.7473403528453397,0.0,0.0,-1.881659247145331,-2.1175699534241628,6.3729554683166425,-0.3642604463895057,M,S,7,S,0,-0.07328589394835792
290538,Blomoyna,0.20940042368515419,-0.744189783083408,0.9373879983491709,-0.43266147591704074,0.7791836684258854,0.0,0.0,-1.8834095848927674,-2.1206764732362773,6.412495147025351,-0.03828919792159537,M,S,7,M,0,0.6130936274903299
290541,One,0.3555381971158527,-0.7065359720740644,0.9373879983491709,-0.43266147591704074,0.8639029398916945,0.0,0.0,-1.8834095848927674,-2.115943129606437,6.4606804879191255,-0.08299204872278156,M,S,7,M,0,0.30302254366040143
290544,Holsnoy,0.02380341827639632,-0.37616390021076723,0.2072851381083053,-0.6119007800883516,0.7087917294071079,0.0,1.2460028730624897,-1.9028984079466222,-2.339685022021595,7.233465738529917,0.3757686274445114,M,S,3,L,0,2.3158638941319625
290549,Alvoyna,0.35967267616021453,-0.6555155947865422,0.9373879983491709,-0.43266147591704074,0.9277666464578974,0.0,0.8610887731178292,-1.8834095848927674,-2.128067267426412,6.511056380538903,-0.21151858156924944,M,S,7,M,0,0.876308193775962
290560,Fedje,0.00392801210990763,-0.7452767189251984,0.90755493050769,-0.5190902495824973,1.1322516123962385,0.0,0.0,-1.8778029054715433,-2.1417212418173874,6.739730225038116,-0.2852400576337349,M,S,7,XS,0,-0.16879465656996648
290573,Byrknesoyna,-0.850791353882046,-0.7677917523488784,0.9424680843424791,-0.4936153347435913,1.0732832897852065,0.0,0.7651124475046688,-1.9005591934904398,-2.1804692938376866,6.618251232594865,-0.3435780325690694,S,S,7,XS,0,-0.17172714644645962
290594,Sula,-1.3606069028327674,-0.7951431760370318,0.8864547578443539,-0.46171408353418747,1.2392537717439678,0.0,1.2743199379872008,-1.9210504903704093,-2.4112466045313905,8.272261407945098,1.1353960447175664,S,S,7,S,0,-0.10515346567587458
290631,Froya,-0.6034070883561897,-0.642467432301705,1.3370160038165637,-0.39404318605673816,1.543779213312037,0.0,0.0,-1.929825981898637,-2.5100220764932923,8.992482564256637,-0.5695207954724203,S,S,7,S,0,-0.1361657088652373
290641,Sanna,-0.5009833866206062,-0.7564156152415251,-0.19386410299639278,-0.7341170542204801,2.1936285954134136,0.0,0.0,-2.1967248294184203,-1.7012106570318681,7.314757743533844,-0.9278136973628536,S,S,1,XS,0,-0.2039340176445219
290644,Sandsoya,-0.2985302802848732,-0.5066798044686222,0.26552840136963635,-0.4231556928856414,0.9419528048697475,0.0,0.782998327945867,-1.93787722489053,-2.7291235866396226,9.931439682205319,-0.15903888653093068,S,S,3,XS,0,-0.1634386046385264
290649,Nerlandsoya,0.11026614884859172,-0.5133750460508508,1.3105223903754932,-0.3059101448421895,0.9238248456165207,0.0,0.782998327945867,-1.9156362760418766,-2.9163397159481437,13.314070452504422,-0.4854485684672227,M,S,7,S,0,-0.12849620808787293
290650,Leinoya,0.5142407467815386,-0.5205088713224881,0.3455352978916504,-0.3784452538405193,0.8205770193349635,0.0,0.0,-1.915650354802172,-2.7236172729528554,10.811881195502284,-0.1279048876783136,M,S,4,S,0,0.3700360275269549
290654,Gurskoy,-0.029065545982364115,-0.3304775369182973,0.19278484287384617,-0.39839231576817036,0.8919315380105328,0.0,1.4615109692993538,-1.9736522686411344,-2.8620594308568768,11.42944035764755,1.2519575170679114,M,S,3,L,0,2.713138096179195
290661,Valderoya,1.041552757884779,-0.7074739305947431,1.2293387419075528,-0.24240460339232917,0.6608054212901131,0.0,0.0,-1.9391733554895427,-2.620702458498608,9.467771444904816,-0.35159873804722397,L,S,7,S,0,0.3370579289420273
290663,Vigra,0.3259661213191567,-0.3820701720261293,1.230363869742374,-0.2426278121241409,0.7775829760702103,0.0,0.0,-1.921975863515723,-2.50105240312438,8.175339945002479,-0.5025409039126767,M,S,7,M,0,0.7254777064576922
290664,Lepsoya,0.06698863866824853,-0.13576926976235584,1.2293387419075528,-0.24240460339232917,0.7846444554609039,0.0,0.0,-1.921975863515723,-2.6745113489718255,9.546369036899332,-0.1561240878484418,M,S,7,XS,0,-0.1280597813560692
290667,Sekken,-0.36569391075272645,-0.46718245373809014,-1.3047790989164196,0.04608176486515863,0.4056600081199826,0.0,0.0,-2.069262629806043,-2.742669960085173,14.34730019126676,0.020174103283106454,S,S,1,XS,0,-0.1723870704535904
290670,Skuloya,0.01730125624115565,-0.3055891852579589,0.299121313808941,-0.2568806868717748,0.8231389928446877,0.0,0.0,-1.9511652243320967,-2.662804805297187,9.671742408009608,-0.1389091874235598,M,S,4,XS,0,-0.13134637828546641
290671,Mideyo,-0.2550893136118788,-0.40510964474774686,-0.01634147879726684,-0.24992125266334075,0.6785143739168211,0.0,0.0,-1.9911999481245988,-2.7768259404652023,11.50572721943198,-0.02022514869353279,S,S,2,S,0,-0.10747817970325411
290674,Otroya,-0.37018599354676784,-0.40330343079444403,0.3957829086359639,-0.1979876851632318,0.7312880615901088,0.0,1.3175922774357387,-2.0212468738301443,-2.8846413558011914,12.387526885884867,0.3816708011708793,S,S,4,S,0,0.1323093608203721
290679,Haroya,0.29156396618954794,-0.24412695816425103,1.1319737916544566,-0.19052919933333126,0.973086204614861,0.0,0.0,-1.945455129646714,-2.4607031465590756,8.27477684574429,-0.00131259744495428,M,S,7,XS,0,-0.06777038368450163
290683,Gossa,-0.02948933395845235,-0.30462035872268545,0.9296218364120898,-0.18393349798370215,0.9606603908805458,0.0,0.8723541176255686,-1.9805383714516995,-2.467115650520913,8.912346432896744,-0.03931641412616977,M,S,7,M,0,1.6017610320525268
290691,Marviksgrunnan,0.07285773820422949,-0.8566233943273972,0.10876960287212012,-0.49191751295494035,1.7455668702367517,0.0,0.0,-2.2678804805739277,-1.7607772960541197,8.47062603838507,-1.0013930697206217,M,S,3,XS,0,-0.18877394878196332
290695,Ulvohamn,-0.2778295407595386,-0.8110273985672977,-0.2176688266480776,-0.7141259779436698,1.7388966987994194,0.0,0.0,-2.324609462554331,-1.8394010140840122,9.451029304410593,0.26540141413193313,S,S,1,XS,0,-0.18250480825842277
290697,Ekkilsoya,-0.1909854087943037,-0.7873991172369126,1.0352923150972064,-0.1580849925048158,0.9379019296323527,0.0,0.0,-1.9814283666519854,-2.5485479728201477,9.5505240672129,-0.30721763702037375,S,S,7,S,0,0.0438279870750997
290703,Frei,0.7169298421025502,-0.5944472530884849,-0.07689545379531863,-0.2598481020977691,0.9240248252151719,0.0,1.238643848854863,-2.0005307942629442,-2.6206464620882337,9.931594816497622,0.10018813997902969,M,S,2,L,0,2.6128701612014704
290714,Tustna,-0.9566774975280924,-0.4734334924368993,0.06616229072021892,-0.2673633809443601,0.8951999557492407,0.0,1.2842667323544512,-2.01647276852643,-2.691626487107284,9.972679989765357,0.6401661691841906,S,S,2,S,0,0.018963482598169747
290757,Fjellvaersoya,-0.5381104663688941,-0.5413594702961179,0.6265097267955004,-0.1725390809785764,0.9095774969987348,0.0,1.0402901840159584,-2.015018207504547,-2.5216572521939247,10.31403489351817,0.08776533874351004,S,S,6,S,0,-0.13117369335125914
290762,Ulvoya,-0.18822334720182374,-0.6521242873345429,1.013002907174049,-0.08607261305000363,0.9335977507121481,0.0,0.0,-2.015018207504547,-2.494920247204022,9.928142852892037,-0.1269945914729413,S,S,7,S,0,-0.1523766904879882
290763,Storfosna,-0.4953003456246172,-0.5853582439553124,0.8787417732952332,-0.08647481942336178,0.8558304512610769,0.0,0.0,-2.058826281696037,-2.463664368495907,9.202804025123415,-0.05179339188708495,S,S,7,XS,0,-0.18240310452210842
290768,Uttian,-0.16238607971782565,-0.7771431857100969,1.1466369872011353,-0.049323538364749064,1.192136069969197,0.0,0.0,-1.9876343630747824,-2.3933511765468003,8.913096330993865,-0.26077121846359186,S,S,7,XS,0,-0.17154552508829488
290771,Holmon,-0.8224477817191906,-0.9277901661897621,0.3359771037173636,-0.5537535728903712,2.0899471473772544,0.0,0.0,-2.3241106491688885,-1.743912128822487,8.833415816323331,0.7623427272569394,S,S,4,XS,0,-0.15917497085113724
290772,Ytteroya,-0.23854888524511023,-0.3821280365394729,-0.9820815153380282,-0.6574961310583319,0.05136437072239516,1.33796664160722,0.0,-2.24691379157902,-2.5763726989318227,9.745219591851283,-0.4152760625988963,S,S,1,XS,0,-0.09539556466808495
290793,Linesoya,-0.7869915591134592,-0.5846334122191179,0.006496984111225465,-0.10705806419265512,1.6803678109559355,0.0,0.0,-2.0349914938270066,-2.449383819892121,11.786026775179392,0.24167175662554308,S,S,2,XS,0,-0.1796681216920194
290881,Ytre Vikna,-1.1095058696394176,-0.6827578059511559,1.0095009073632841,0.06376308300578656,2.2200954805244457,0.0,1.0364849995275127,-2.051959668824007,-2.484414881430346,18.387229213751286,1.0647109908668395,S,S,7,S,0,-0.0165407126663821
292347,Ko Muk,0.8159874584952594,0.23172287133830535,-0.3567452454226413,-0.04333386215506216,0.0,0.0,0.0,0.12246046316210758,0.023091199487028962,-0.1716275220285675,-1.0670050247265703,M,M,1,XS,1,-0.05956957437189736
292349,Bongo,1.1388017859374993,0.4865489263674173,-1.2223059466262354,0.44437861851474086,0.0,0.0,0.0,0.05489827460548178,0.5916509352132512,-0.4277970073119975,-0.502029434438809,L,M,1,XS,0,1.0644332953183737
292351,Magdalen,-0.018787134853620033,-0.638680078413554,1.1842054642518607,-0.32967145590072244,2.538125578438126,1.0678440218701923,0.0,-2.2326474914770826,-1.0610999524945486,3.3275775351919274,1.2266742355010862,M,S,7,L,0,2.023286161285912
340346,Ilha dos Porcos,-1.0476719746945948,0.7297494074988091,-0.9765599688420125,-0.10570879871704496,0.0,0.0,1.2775544448078262,0.09157384932046196,0.23757282278270683,-0.011020035360736473,0.4944037887449588,S,M,1,S,0,0.09130333577963755
340352,Île Mandji,0.9360541565562466,-0.2995845873704282,-0.6444971361126468,1.2781919439554674,0.0,1.4214752249077114,1.1450788861578218,-0.057643971237383594,-0.18756802831881209,-0.5500633342174874,1.6143707673351273,L,M,1,L,0,2.8086457261007864
340375,Cù Lao Linh,1.25128872923155,-0.28526174183649405,-0.790119707914028,-0.04034866551182008,0.27107936943477645,0.0,0.9433802655897908,0.11918319307361865,-0.05301670596175252,-0.13239432339470833,-0.4191073153538826,L,M,1,XS,0,-0.0008126872103775422
340377,Chiruchen To,0.44488893936889745,-0.45925389633389335,0.2857511329025804,-1.0620136968135043,0.9720362018947094,0.0,0.0,-1.2236105443713,0.04862702657596956,-0.4078001042757672,-0.10641369827647906,M,M,4,S,0,-0.025667964307960017
340395,UNNAMED,-0.2024057333097392,0.5226585630997534,-1.290143195256556,0.5624463170546383,0.0,0.0,0.9918533532116746,0.08481537447295848,0.8795939930857243,-0.2097987447821694,-0.24090889856841227,S,L,1,XS,0,-0.1590613498517211
340396,UNNAMED,-0.12115238981940309,0.33256108659148986,-0.7200533979371413,0.12819904240151297,0.0,0.0,0.8300952437814737,0.06440753672803705,0.8898153509218181,-0.25366894145687413,-0.45901301721405985,S,L,1,XS,0,-0.17845685831561733
340399,Amazon Delta,-1.2036261266819395,0.8720514561135734,-0.5695562058376719,-0.13214294367563745,0.0,0.0,1.1461210767988599,0.05303338260111067,0.1584048782023176,0.05505411307259489,0.8310355190962888,S,M,1,S,0,-0.11454410922230097
340446,UNNAMED,-0.2035783712754235,-0.559460078081226,-1.0302693135599321,-0.026676100723456678,0.0,0.0,1.067091393268635,-0.0175010557577882,-0.660402815484874,-0.14170799477625198,-0.15007539678873258,S,M,1,XS,0,-0.1708997675830023
340447,UNNAMED,-0.5850745500452735,-0.6559446293623099,-1.0302693135599321,-0.026676100723456678,0.0,0.0,1.1207639853151656,-0.0175010557577882,-0.6356081173567645,-0.1380814576139417,-0.07525041204675136,S,M,1,XS,0,-0.18426151581058609
340448,UNNAMED,-0.5921140533219369,-0.4482219851309719,-1.0345324348579692,-0.026496314166491276,0.0,0.0,1.0139376706724592,-0.0175010557577882,-0.7262889971079501,-0.11854980630026088,-0.5594765791213334,S,M,1,XS,0,-0.0859864233938527
340453,UNNAMED,-0.700385829047841,-0.9039195828154629,-1.0817957187951572,-0.3074621292518281,0.0,0.0,1.11823865640011,0.05084578950397535,-0.6539394389672066,-0.25007119969431835,0.740985422881396,S,M,1,M,0,2.2896789273055496
340458,Orinoco Delta,-0.6603493477851657,0.8314206126299761,-0.5775130078325259,-0.012110519017629863,0.0,0.0,1.0487168012451316,-0.013509075162124635,0.5177649526885231,-0.38384242339615005,0.1023044040028843,S,M,1,XS,0,-0.10653995911427937
340459,Orinoco Delta,-0.6786368178924606,0.8291720802509714,0.08901507363989433,-0.13728027423989267,0.0,0.0,1.1501579119803695,-0.009165485446922996,0.6341174416740658,-0.37683031500937264,0.9514724063847028,S,M,2,XS,0,-0.10647808730069062
340462,Orinoco Delta,-1.1197202207848513,0.9653138132547601,-0.17562703675297053,-0.273630180569667,0.0,0.0,1.0631812436360144,-0.009052884639697828,0.6215588741866795,-0.4588857544217493,-0.07610948146039084,S,M,1,XS,0,-0.17898219696643647
340506,St Helena,0.1542508245253144,-0.2574367533245111,-0.19443516245984252,-1.173708933088471,1.3682370463001268,0.0,0.7420594336536768,-0.6751667430558199,0.6485732993011795,-0.04274518401103324,1.292586306866772,M,M,1,L,0,2.5458380346813
340605,Dayapur,1.4352322789079932,-0.2782455780538907,-0.638603151357309,0.6196794715554976,0.0,0.0,0.926573976355245,-0.00394417567935347,-0.12073576355314425,0.04616034747271916,0.7632480700623507,L,M,1,S,0,2.67064766096653
340606,Kumirmai,1.593787017123978,-0.4226820283214001,-0.6952225630883496,0.5745444896392992,0.0,0.0,0.759946838606137,-0.00394417567935347,-0.11256724144114996,0.03663556022786678,0.1687028074485021,L,M,1,XS,0,2.0076475161619736
340608,UNNAMED,1.3093154248625873,-0.5279850894995473,-0.8090308896457171,0.4132151696746376,0.0,0.0,0.8723556172306648,-0.015089723437213915,-0.1338982138975032,0.04102582837346347,0.7247103245160912,L,M,1,S,0,2.68661565036669
340642,UNNAMED,1.1613441073491089,-0.311587693196871,-0.39099670522289504,-1.209987325204899,1.489994733643078,0.0,0.0,-1.002808523306113,-0.9812201581221512,-0.046462886396735945,-0.17859216354235122,L,S,1,XS,0,0.029080539507359747
568137, ,0.16867803268088832,-0.4002241909104671,0.3217177598853475,-0.7545844069646254,0.6904097431858908,0.0,1.4611640219517041,-1.9127808460964197,-2.295594253670326,6.351695084609235,0.7744464787036048,M,S,4,L,0,2.6716620473401145
341964, ,-0.8769222942572252,-0.7289024575074158,0.8526937220053101,-1.3959281653332791,1.0935989445015426,0.0,0.0,-1.1441125636255465,-0.4479590223392738,0.8825813884472875,0.6018247742282073,S,M,7,XS,0,-0.16378291766298453
341965, ,-0.8780567039406106,-0.5299180885046706,0.7725232159718585,-1.1246876000021546,0.4055906259887797,0.0,0.0,-1.11829930603579,-0.6577124258596541,1.2706756109078043,-0.8587875639509283,S,M,7,XS,0,-0.1515085422973393
348237, ,-1.0109493416233206,-0.14689429402034887,0.2082488298456223,-1.1873514672599448,0.0,0.0,0.0,-0.1963075931008143,0.9836031164747295,-0.15868243393151682,1.142648667138671,S,L,3,S,0,-0.05847815897023955
348242, ,-0.69621772848372,-0.8227402193759877,0.3820341941476149,-1.1831196672628508,0.0,0.0,0.0,-0.25018797092182005,0.3619639075685919,-0.17122148157211542,0.2921143751692964,S,M,4,XS,0,-0.20047409127164106
362183, ,-0.6162688813365449,-1.798913895801267,1.103116383895378,0.6062680346399141,1.8783701998546942,0.0,0.0,0.22016786546295555,1.3073465460462521,-0.1683244126343707,-0.43768831778754774,S,L,7,XS,0,-0.1392680513845951
363062, ,0.6794586548234607,-0.9864335770389396,0.7789188286400308,0.00011048139508104399,1.9865021553791704,1.4749859836861494,0.0,-0.7415872008593068,0.9351548758233851,0.6746842144786505,-0.21672872289430406,M,L,7,XS,0,-0.1270724850401907
363163, ,1.0528045753682598,-0.5884802154615171,0.6988765162742874,0.020381017918713128,1.1495500185177416,0.0,0.0,-0.7494247243997337,0.8822803568252304,0.7572238089513667,0.73040271488574,L,L,6,L,0,2.8059426293943406
363672, ,0.6950165418534247,-1.0007336180015645,0.7497936575756146,-0.03150416704552674,1.5401627040778147,1.6212434971209282,0.0,-0.7303799098645507,0.9996078421325776,0.5813791457271456,-0.12754827957938472,M,L,7,S,0,0.5468135804493147
370582, ,0.4856750204721118,-1.9459121055667308,-0.9057085720270657,-0.029666262611653435,0.6212281671200458,0.0,0.782998327945867,0.02666143652081809,0.4350630124312031,-0.027631272455701277,-0.9702204117690414,M,M,1,XS,0,-0.1669913285845372
376427, ,-0.6747322244454654,-0.5478836606697147,1.499172660408092,0.02030740583477499,0.0,0.0,0.0,-2.276359379847452,-2.1016171982909757,2.8770726513923313,0.21654567251481016,S,S,7,M,0,0.46132759339398777
376775, ,-0.9773876156941664,1.0030140472770124,-0.4826858161222731,0.19816214940028457,0.0,1.3282927995078397,0.0,0.08036580359792643,-0.2903441327107606,-0.5139225130581471,-0.03449664879922951,S,M,1,XS,0,-0.1426767211244163
