algorithm,options,silhouette_score,calinski_harabasz_score,davies_bouldin_score
KMeans,"{'n_clusters': 5, 'init': 'k-means++', 'algorithm': 'lloyd', 'random_state': 42}",0.2845895304344723,1333.6247091069656,1.2646405638128768
KMeans,"{'n_clusters': 5, 'init': 'k-means++', 'algorithm': 'lloyd', 'random_state': 123}",0.29505875164181783,1293.2359724745706,1.152696680343045
KMeans,"{'n_clusters': 5, 'init': 'k-means++', 'algorithm': 'lloyd', 'random_state': 456}",0.2848921097037205,1333.6145984895988,1.2637607878337138
KMeans,"{'n_clusters': 5, 'init': 'k-means++', 'algorithm': 'lloyd', 'random_state': 789}",0.2849245279363572,1333.6338383436037,1.264167634396197
KMeans,"{'n_clusters': 5, 'init': 'k-means++', 'algorithm': 'lloyd', 'random_state': 1011}",0.28799292369785806,1333.1380363211172,1.2628143268973275
KMeans,"{'n_clusters': 5, 'init': 'k-means++', 'algorithm': 'lloyd', 'random_state': 2022}",0.2852703027318818,1333.6010977942353,1.2634942805920626
KMeans,"{'n_clusters': 5, 'init': 'k-means++', 'algorithm': 'lloyd', 'random_state': 3033}",0.2841581937587716,1333.570560205109,1.2653203141179379
KMeans,"{'n_clusters': 5, 'init': 'k-means++', 'algorithm': 'lloyd', 'random_state': 4044}",0.28799292369785806,1333.1380363211172,1.2628143268973275
KMeans,"{'n_clusters': 5, 'init': 'k-means++', 'algorithm': 'lloyd', 'random_state': 5055}",0.288293367285777,1333.1133526289461,1.261608793942066
KMeans,"{'n_clusters': 5, 'init': 'k-means++', 'algorithm': 'lloyd', 'random_state': 6066}",0.2878920651808002,1333.1483161821236,1.26296376882064
KMeans,"{'n_clusters': 5, 'init': 'k-means++', 'algorithm': 'elkan', 'random_state': 42}",0.2845895304344723,1333.6247091069656,1.2646405638128768
KMeans,"{'n_clusters': 5, 'init': 'k-means++', 'algorithm': 'elkan', 'random_state': 123}",0.29505875164181783,1293.2359724745706,1.152696680343045
KMeans,"{'n_clusters': 5, 'init': 'k-means++', 'algorithm': 'elkan', 'random_state': 456}",0.2848921097037205,1333.6145984895988,1.2637607878337138
KMeans,"{'n_clusters': 5, 'init': 'k-means++', 'algorithm': 'elkan', 'random_state': 789}",0.2849245279363572,1333.6338383436037,1.264167634396197
KMeans,"{'n_clusters': 5, 'init': 'k-means++', 'algorithm': 'elkan', 'random_state': 1011}",0.28799292369785806,1333.1380363211172,1.2628143268973275
KMeans,"{'n_clusters': 5, 'init': 'k-means++', 'algorithm': 'elkan', 'random_state': 2022}",0.2852703027318818,1333.6010977942353,1.2634942805920626
KMeans,"{'n_clusters': 5, 'init': 'k-means++', 'algorithm': 'elkan', 'random_state': 3033}",0.2841581937587716,1333.570560205109,1.2653203141179379
KMeans,"{'n_clusters': 5, 'init': 'k-means++', 'algorithm': 'elkan', 'random_state': 4044}",0.28799292369785806,1333.1380363211172,1.2628143268973275
KMeans,"{'n_clusters': 5, 'init': 'k-means++', 'algorithm': 'elkan', 'random_state': 5055}",0.288293367285777,1333.1133526289461,1.261608793942066
KMeans,"{'n_clusters': 5, 'init': 'k-means++', 'algorithm': 'elkan', 'random_state': 6066}",0.2878920651808002,1333.1483161821236,1.26296376882064
KMeans,"{'n_clusters': 5, 'init': 'random', 'algorithm': 'lloyd', 'random_state': 42}",0.2843597237771728,1333.6033697004016,1.2649272511926373
KMeans,"{'n_clusters': 5, 'init': 'random', 'algorithm': 'lloyd', 'random_state': 123}",0.28775814913240877,1333.1575940887035,1.2641236805422895
KMeans,"{'n_clusters': 5, 'init': 'random', 'algorithm': 'lloyd', 'random_state': 456}",0.2856924860486871,1333.5831744513923,1.2631642262251543
KMeans,"{'n_clusters': 5, 'init': 'random', 'algorithm': 'lloyd', 'random_state': 789}",0.28510482613418153,1333.6190223250842,1.263786194589321
KMeans,"{'n_clusters': 5, 'init': 'random', 'algorithm': 'lloyd', 'random_state': 1011}",0.28510482613418153,1333.619022325084,1.263786194589321
KMeans,"{'n_clusters': 5, 'init': 'random', 'algorithm': 'lloyd', 'random_state': 2022}",0.28510482613418153,1333.6190223250842,1.263786194589321
KMeans,"{'n_clusters': 5, 'init': 'random', 'algorithm': 'lloyd', 'random_state': 3033}",0.28510482613418153,1333.6190223250842,1.263786194589321
KMeans,"{'n_clusters': 5, 'init': 'random', 'algorithm': 'lloyd', 'random_state': 4044}",0.28510482613418153,1333.6190223250842,1.263786194589321
KMeans,"{'n_clusters': 5, 'init': 'random', 'algorithm': 'lloyd', 'random_state': 5055}",0.28510482613418153,1333.6190223250842,1.263786194589321
KMeans,"{'n_clusters': 5, 'init': 'random', 'algorithm': 'lloyd', 'random_state': 6066}",0.28498405847598823,1333.633812136335,1.2640920392288586
KMeans,"{'n_clusters': 5, 'init': 'random', 'algorithm': 'elkan', 'random_state': 42}",0.2843597237771728,1333.6033697004016,1.2649272511926373
KMeans,"{'n_clusters': 5, 'init': 'random', 'algorithm': 'elkan', 'random_state': 123}",0.28775814913240877,1333.1575940887035,1.2641236805422895
KMeans,"{'n_clusters': 5, 'init': 'random', 'algorithm': 'elkan', 'random_state': 456}",0.2856924860486871,1333.5831744513923,1.2631642262251543
KMeans,"{'n_clusters': 5, 'init': 'random', 'algorithm': 'elkan', 'random_state': 789}",0.28510482613418153,1333.6190223250842,1.263786194589321
KMeans,"{'n_clusters': 5, 'init': 'random', 'algorithm': 'elkan', 'random_state': 1011}",0.28510482613418153,1333.619022325084,1.263786194589321
KMeans,"{'n_clusters': 5, 'init': 'random', 'algorithm': 'elkan', 'random_state': 2022}",0.28510482613418153,1333.6190223250842,1.263786194589321
KMeans,"{'n_clusters': 5, 'init': 'random', 'algorithm': 'elkan', 'random_state': 3033}",0.28510482613418153,1333.6190223250842,1.263786194589321
KMeans,"{'n_clusters': 5, 'init': 'random', 'algorithm': 'elkan', 'random_state': 4044}",0.28510482613418153,1333.6190223250842,1.263786194589321
KMeans,"{'n_clusters': 5, 'init': 'random', 'algorithm': 'elkan', 'random_state': 5055}",0.28510482613418153,1333.6190223250842,1.263786194589321
KMeans,"{'n_clusters': 5, 'init': 'random', 'algorithm': 'elkan', 'random_state': 6066}",0.28498405847598823,1333.633812136335,1.2640920392288586
KMeans,"{'n_clusters': 6, 'init': 'k-means++', 'algorithm': 'lloyd', 'random_state': 42}",0.26932599024652426,1185.965058166074,1.285305913624884
KMeans,"{'n_clusters': 6, 'init': 'k-means++', 'algorithm': 'lloyd', 'random_state': 123}",0.2764305717776479,1241.6508286344094,1.2942115231794882
KMeans,"{'n_clusters': 6, 'init': 'k-means++', 'algorithm': 'lloyd', 'random_state': 456}",0.2769913823407667,1240.8541456586427,1.2905156874498511
KMeans,"{'n_clusters': 6, 'init': 'k-means++', 'algorithm': 'lloyd', 'random_state': 789}",0.281446747613841,1150.1836409595603,1.3404877794857466
KMeans,"{'n_clusters': 6, 'init': 'k-means++', 'algorithm': 'lloyd', 'random_state': 1011}",0.27686492035443194,1240.8486227564363,1.2905648824605704
KMeans,"{'n_clusters': 6, 'init': 'k-means++', 'algorithm': 'lloyd', 'random_state': 2022}",0.24717741019719988,1212.8172028349893,1.315802624467753
KMeans,"{'n_clusters': 6, 'init': 'k-means++', 'algorithm': 'lloyd', 'random_state': 3033}",0.24715983328522534,1212.8163020368252,1.3157910182398753
KMeans,"{'n_clusters': 6, 'init': 'k-means++', 'algorithm': 'lloyd', 'random_state': 4044}",0.28928979357777357,1158.2498271986408,1.2330456889936394
KMeans,"{'n_clusters': 6, 'init': 'k-means++', 'algorithm': 'lloyd', 'random_state': 5055}",0.25321261852687654,1212.8772290738593,1.3094835178426232
KMeans,"{'n_clusters': 6, 'init': 'k-means++', 'algorithm': 'lloyd', 'random_state': 6066}",0.24715983328522534,1212.8163020368252,1.315791018239875
KMeans,"{'n_clusters': 6, 'init': 'k-means++', 'algorithm': 'elkan', 'random_state': 42}",0.26932599024652426,1185.965058166074,1.285305913624884
KMeans,"{'n_clusters': 6, 'init': 'k-means++', 'algorithm': 'elkan', 'random_state': 123}",0.2764305717776479,1241.6508286344094,1.2942115231794882
KMeans,"{'n_clusters': 6, 'init': 'k-means++', 'algorithm': 'elkan', 'random_state': 456}",0.2769913823407667,1240.8541456586427,1.2905156874498511
KMeans,"{'n_clusters': 6, 'init': 'k-means++', 'algorithm': 'elkan', 'random_state': 789}",0.281446747613841,1150.1836409595603,1.3404877794857466
KMeans,"{'n_clusters': 6, 'init': 'k-means++', 'algorithm': 'elkan', 'random_state': 1011}",0.27686492035443194,1240.8486227564363,1.2905648824605704
KMeans,"{'n_clusters': 6, 'init': 'k-means++', 'algorithm': 'elkan', 'random_state': 2022}",0.24717741019719988,1212.8172028349893,1.315802624467753
KMeans,"{'n_clusters': 6, 'init': 'k-means++', 'algorithm': 'elkan', 'random_state': 3033}",0.24715983328522534,1212.8163020368252,1.3157910182398753
KMeans,"{'n_clusters': 6, 'init': 'k-means++', 'algorithm': 'elkan', 'random_state': 4044}",0.28928979357777357,1158.2498271986408,1.2330456889936394
KMeans,"{'n_clusters': 6, 'init': 'k-means++', 'algorithm': 'elkan', 'random_state': 5055}",0.25321261852687654,1212.8772290738593,1.3094835178426232
KMeans,"{'n_clusters': 6, 'init': 'k-means++', 'algorithm': 'elkan', 'random_state': 6066}",0.24715983328522534,1212.8163020368252,1.315791018239875
KMeans,"{'n_clusters': 6, 'init': 'random', 'algorithm': 'lloyd', 'random_state': 42}",0.2751757953410664,1242.9555556308462,1.3122448893990324
KMeans,"{'n_clusters': 6, 'init': 'random', 'algorithm': 'lloyd', 'random_state': 123}",0.27513589428787966,1242.9678784523635,1.312329095948106
KMeans,"{'n_clusters': 6, 'init': 'random', 'algorithm': 'lloyd', 'random_state': 456}",0.2751757953410664,1242.9555556308462,1.3122448893990324
KMeans,"{'n_clusters': 6, 'init': 'random', 'algorithm': 'lloyd', 'random_state': 789}",0.2744041139597993,1242.6571593443816,1.3156726605210574
KMeans,"{'n_clusters': 6, 'init': 'random', 'algorithm': 'lloyd', 'random_state': 1011}",0.2744041139597993,1242.6571593443814,1.3156726605210574
KMeans,"{'n_clusters': 6, 'init': 'random', 'algorithm': 'lloyd', 'random_state': 2022}",0.2751757953410664,1242.9555556308462,1.3122448893990324
KMeans,"{'n_clusters': 6, 'init': 'random', 'algorithm': 'lloyd', 'random_state': 3033}",0.2744041139597993,1242.6571593443816,1.3156726605210574
KMeans,"{'n_clusters': 6, 'init': 'random', 'algorithm': 'lloyd', 'random_state': 4044}",0.27513589428787966,1242.967878452363,1.3123290959481062
KMeans,"{'n_clusters': 6, 'init': 'random', 'algorithm': 'lloyd', 'random_state': 5055}",0.2751757953410664,1242.9555556308462,1.3122448893990324
KMeans,"{'n_clusters': 6, 'init': 'random', 'algorithm': 'lloyd', 'random_state': 6066}",0.2751757953410664,1242.9555556308464,1.3122448893990324
KMeans,"{'n_clusters': 6, 'init': 'random', 'algorithm': 'elkan', 'random_state': 42}",0.2751757953410664,1242.9555556308462,1.3122448893990324
KMeans,"{'n_clusters': 6, 'init': 'random', 'algorithm': 'elkan', 'random_state': 123}",0.27513589428787966,1242.9678784523635,1.312329095948106
KMeans,"{'n_clusters': 6, 'init': 'random', 'algorithm': 'elkan', 'random_state': 456}",0.2751757953410664,1242.9555556308462,1.3122448893990324
KMeans,"{'n_clusters': 6, 'init': 'random', 'algorithm': 'elkan', 'random_state': 789}",0.2744041139597993,1242.6571593443816,1.3156726605210574
KMeans,"{'n_clusters': 6, 'init': 'random', 'algorithm': 'elkan', 'random_state': 1011}",0.2744041139597993,1242.6571593443814,1.3156726605210574
KMeans,"{'n_clusters': 6, 'init': 'random', 'algorithm': 'elkan', 'random_state': 2022}",0.2751757953410664,1242.9555556308462,1.3122448893990324
KMeans,"{'n_clusters': 6, 'init': 'random', 'algorithm': 'elkan', 'random_state': 3033}",0.2744041139597993,1242.6571593443816,1.3156726605210574
KMeans,"{'n_clusters': 6, 'init': 'random', 'algorithm': 'elkan', 'random_state': 4044}",0.27513589428787966,1242.967878452363,1.3123290959481062
KMeans,"{'n_clusters': 6, 'init': 'random', 'algorithm': 'elkan', 'random_state': 5055}",0.2751757953410664,1242.9555556308462,1.3122448893990324
KMeans,"{'n_clusters': 6, 'init': 'random', 'algorithm': 'elkan', 'random_state': 6066}",0.2751757953410664,1242.9555556308464,1.3122448893990324
KMeans,"{'n_clusters': 7, 'init': 'k-means++', 'algorithm': 'lloyd', 'random_state': 42}",0.26717540526618144,1147.2014446586102,1.2761320442194215
KMeans,"{'n_clusters': 7, 'init': 'k-means++', 'algorithm': 'lloyd', 'random_state': 123}",0.23691783385718215,1146.844242324877,1.3504326973496208
KMeans,"{'n_clusters': 7, 'init': 'k-means++', 'algorithm': 'lloyd', 'random_state': 456}",0.26687636487665317,1147.594173977966,1.2766673247784863
KMeans,"{'n_clusters': 7, 'init': 'k-means++', 'algorithm': 'lloyd', 'random_state': 789}",0.2738425721135722,1116.7433817372487,1.3296151984656077
KMeans,"{'n_clusters': 7, 'init': 'k-means++', 'algorithm': 'lloyd', 'random_state': 1011}",0.27865765626280564,1118.1166785886744,1.2983634649870166
KMeans,"{'n_clusters': 7, 'init': 'k-means++', 'algorithm': 'lloyd', 'random_state': 2022}",0.27394605207604383,1144.3018820131833,1.2366156134803294
KMeans,"{'n_clusters': 7, 'init': 'k-means++', 'algorithm': 'lloyd', 'random_state': 3033}",0.24006808393322243,1156.1096247800078,1.3321201436404437
KMeans,"{'n_clusters': 7, 'init': 'k-means++', 'algorithm': 'lloyd', 'random_state': 4044}",0.23340497284402206,1156.241333176231,1.3556309075527386
KMeans,"{'n_clusters': 7, 'init': 'k-means++', 'algorithm': 'lloyd', 'random_state': 5055}",0.25279010066878144,1093.144880038506,1.281996899794078
KMeans,"{'n_clusters': 7, 'init': 'k-means++', 'algorithm': 'lloyd', 'random_state': 6066}",0.23312783178097568,1156.2647693119104,1.3555189191059793
KMeans,"{'n_clusters': 7, 'init': 'k-means++', 'algorithm': 'elkan', 'random_state': 42}",0.26717540526618144,1147.2014446586102,1.2761320442194215
KMeans,"{'n_clusters': 7, 'init': 'k-means++', 'algorithm': 'elkan', 'random_state': 123}",0.23691783385718215,1146.844242324877,1.3504326973496208
KMeans,"{'n_clusters': 7, 'init': 'k-means++', 'algorithm': 'elkan', 'random_state': 456}",0.26687636487665317,1147.594173977966,1.2766673247784863
KMeans,"{'n_clusters': 7, 'init': 'k-means++', 'algorithm': 'elkan', 'random_state': 789}",0.2738425721135722,1116.7433817372487,1.3296151984656077
KMeans,"{'n_clusters': 7, 'init': 'k-means++', 'algorithm': 'elkan', 'random_state': 1011}",0.27865765626280564,1118.1166785886744,1.2983634649870166
KMeans,"{'n_clusters': 7, 'init': 'k-means++', 'algorithm': 'elkan', 'random_state': 2022}",0.27394605207604383,1144.3018820131833,1.2366156134803294
KMeans,"{'n_clusters': 7, 'init': 'k-means++', 'algorithm': 'elkan', 'random_state': 3033}",0.24006808393322243,1156.1096247800078,1.3321201436404437
KMeans,"{'n_clusters': 7, 'init': 'k-means++', 'algorithm': 'elkan', 'random_state': 4044}",0.23340497284402206,1156.241333176231,1.3556309075527386
KMeans,"{'n_clusters': 7, 'init': 'k-means++', 'algorithm': 'elkan', 'random_state': 5055}",0.25279010066878144,1093.144880038506,1.281996899794078
KMeans,"{'n_clusters': 7, 'init': 'k-means++', 'algorithm': 'elkan', 'random_state': 6066}",0.23312783178097568,1156.2647693119104,1.3555189191059793
KMeans,"{'n_clusters': 7, 'init': 'random', 'algorithm': 'lloyd', 'random_state': 42}",0.23640253032485456,1156.9883425105013,1.348368359124122
KMeans,"{'n_clusters': 7, 'init': 'random', 'algorithm': 'lloyd', 'random_state': 123}",0.2361944556722179,1156.873995188862,1.3487962697382199
KMeans,"{'n_clusters': 7, 'init': 'random', 'algorithm': 'lloyd', 'random_state': 456}",0.23617566259525893,1157.0095801799841,1.3477967649692022
KMeans,"{'n_clusters': 7, 'init': 'random', 'algorithm': 'lloyd', 'random_state': 789}",0.23617566259525893,1157.009580179984,1.3477967649692026
KMeans,"{'n_clusters': 7, 'init': 'random', 'algorithm': 'lloyd', 'random_state': 1011}",0.23642548682843834,1156.944982173235,1.3431094342839398
KMeans,"{'n_clusters': 7, 'init': 'random', 'algorithm': 'lloyd', 'random_state': 2022}",0.23617566259525893,1157.0095801799841,1.3477967649692026
KMeans,"{'n_clusters': 7, 'init': 'random', 'algorithm': 'lloyd', 'random_state': 3033}",0.236184423804454,1157.031824978598,1.3482987804280029
KMeans,"{'n_clusters': 7, 'init': 'random', 'algorithm': 'lloyd', 'random_state': 4044}",0.23560620970200702,1156.6515491932075,1.3452033873781655
KMeans,"{'n_clusters': 7, 'init': 'random', 'algorithm': 'lloyd', 'random_state': 5055}",0.23637346628922748,1156.980277581782,1.3481573923193226
KMeans,"{'n_clusters': 7, 'init': 'random', 'algorithm': 'lloyd', 'random_state': 6066}",0.23641716653372377,1156.9959815746845,1.3455043986232997
KMeans,"{'n_clusters': 7, 'init': 'random', 'algorithm': 'elkan', 'random_state': 42}",0.23640253032485456,1156.9883425105013,1.348368359124122
KMeans,"{'n_clusters': 7, 'init': 'random', 'algorithm': 'elkan', 'random_state': 123}",0.2361944556722179,1156.873995188862,1.3487962697382199
KMeans,"{'n_clusters': 7, 'init': 'random', 'algorithm': 'elkan', 'random_state': 456}",0.23617566259525893,1157.0095801799841,1.3477967649692022
KMeans,"{'n_clusters': 7, 'init': 'random', 'algorithm': 'elkan', 'random_state': 789}",0.23617566259525893,1157.009580179984,1.3477967649692026
KMeans,"{'n_clusters': 7, 'init': 'random', 'algorithm': 'elkan', 'random_state': 1011}",0.23642548682843834,1156.944982173235,1.3431094342839398
KMeans,"{'n_clusters': 7, 'init': 'random', 'algorithm': 'elkan', 'random_state': 2022}",0.23617566259525893,1157.0095801799841,1.3477967649692026
KMeans,"{'n_clusters': 7, 'init': 'random', 'algorithm': 'elkan', 'random_state': 3033}",0.236184423804454,1157.031824978598,1.3482987804280029
KMeans,"{'n_clusters': 7, 'init': 'random', 'algorithm': 'elkan', 'random_state': 4044}",0.23560620970200702,1156.6515491932075,1.3452033873781655
KMeans,"{'n_clusters': 7, 'init': 'random', 'algorithm': 'elkan', 'random_state': 5055}",0.23637346628922748,1156.980277581782,1.3481573923193226
KMeans,"{'n_clusters': 7, 'init': 'random', 'algorithm': 'elkan', 'random_state': 6066}",0.23641716653372377,1156.9959815746845,1.3455043986232997
KMeans,"{'n_clusters': 8, 'init': 'k-means++', 'algorithm': 'lloyd', 'random_state': 42}",0.23674925161720287,1084.1423370952987,1.271893707451117
KMeans,"{'n_clusters': 8, 'init': 'k-means++', 'algorithm': 'lloyd', 'random_state': 123}",0.23625204608879893,1074.3469473009895,1.319352798503815
KMeans,"{'n_clusters': 8, 'init': 'k-means++', 'algorithm': 'lloyd', 'random_state': 456}",0.23356565647787647,1069.3230103884032,1.3447972319799133
KMeans,"{'n_clusters': 8, 'init': 'k-means++', 'algorithm': 'lloyd', 'random_state': 789}",0.2318471422097514,1083.4252075664767,1.3293902551277887
KMeans,"{'n_clusters': 8, 'init': 'k-means++', 'algorithm': 'lloyd', 'random_state': 1011}",0.235397533134493,1068.4613154877884,1.306708044151488
KMeans,"{'n_clusters': 8, 'init': 'k-means++', 'algorithm': 'lloyd', 'random_state': 2022}",0.2715949504237396,1064.864718824693,1.2614817145554569
KMeans,"{'n_clusters': 8, 'init': 'k-means++', 'algorithm': 'lloyd', 'random_state': 3033}",0.23137751357770428,1068.3340402557533,1.331659595468713
KMeans,"{'n_clusters': 8, 'init': 'k-means++', 'algorithm': 'lloyd', 'random_state': 4044}",0.254508408365635,1057.254787485455,1.2880630817854346
KMeans,"{'n_clusters': 8, 'init': 'k-means++', 'algorithm': 'lloyd', 'random_state': 5055}",0.25325446572132226,1064.1613819334857,1.2593025505235955
KMeans,"{'n_clusters': 8, 'init': 'k-means++', 'algorithm': 'lloyd', 'random_state': 6066}",0.24083343366761406,1084.3276918054783,1.2612167077885328
KMeans,"{'n_clusters': 8, 'init': 'k-means++', 'algorithm': 'elkan', 'random_state': 42}",0.23674925161720287,1084.1423370952987,1.271893707451117
KMeans,"{'n_clusters': 8, 'init': 'k-means++', 'algorithm': 'elkan', 'random_state': 123}",0.23625204608879893,1074.3469473009895,1.319352798503815
KMeans,"{'n_clusters': 8, 'init': 'k-means++', 'algorithm': 'elkan', 'random_state': 456}",0.23356565647787647,1069.3230103884032,1.3447972319799133
KMeans,"{'n_clusters': 8, 'init': 'k-means++', 'algorithm': 'elkan', 'random_state': 789}",0.2318471422097514,1083.4252075664767,1.3293902551277887
KMeans,"{'n_clusters': 8, 'init': 'k-means++', 'algorithm': 'elkan', 'random_state': 1011}",0.235397533134493,1068.4613154877884,1.306708044151488
KMeans,"{'n_clusters': 8, 'init': 'k-means++', 'algorithm': 'elkan', 'random_state': 2022}",0.2715949504237396,1064.864718824693,1.2614817145554569
KMeans,"{'n_clusters': 8, 'init': 'k-means++', 'algorithm': 'elkan', 'random_state': 3033}",0.23137751357770428,1068.3340402557533,1.331659595468713
KMeans,"{'n_clusters': 8, 'init': 'k-means++', 'algorithm': 'elkan', 'random_state': 4044}",0.254508408365635,1057.254787485455,1.2880630817854346
KMeans,"{'n_clusters': 8, 'init': 'k-means++', 'algorithm': 'elkan', 'random_state': 5055}",0.25325446572132226,1064.1613819334857,1.2593025505235955
KMeans,"{'n_clusters': 8, 'init': 'k-means++', 'algorithm': 'elkan', 'random_state': 6066}",0.24083343366761406,1084.3276918054783,1.2612167077885328
KMeans,"{'n_clusters': 8, 'init': 'random', 'algorithm': 'lloyd', 'random_state': 42}",0.24106778239759943,1084.3062425635026,1.2597082259208459
KMeans,"{'n_clusters': 8, 'init': 'random', 'algorithm': 'lloyd', 'random_state': 123}",0.2360055803359496,1083.6870245670798,1.2863364720260515
KMeans,"{'n_clusters': 8, 'init': 'random', 'algorithm': 'lloyd', 'random_state': 456}",0.24174652914911812,1083.8326050025084,1.2659986321828656
KMeans,"{'n_clusters': 8, 'init': 'random', 'algorithm': 'lloyd', 'random_state': 789}",0.2360361096688471,1083.5848533485405,1.288504009128859
KMeans,"{'n_clusters': 8, 'init': 'random', 'algorithm': 'lloyd', 'random_state': 1011}",0.24173401154149604,1083.6807792782688,1.2684543722552761
KMeans,"{'n_clusters': 8, 'init': 'random', 'algorithm': 'lloyd', 'random_state': 2022}",0.23698173885534102,1083.9617402170975,1.2793008758432092
KMeans,"{'n_clusters': 8, 'init': 'random', 'algorithm': 'lloyd', 'random_state': 3033}",0.24088338086086916,1083.5804852845602,1.2718569686894834
KMeans,"{'n_clusters': 8, 'init': 'random', 'algorithm': 'lloyd', 'random_state': 4044}",0.23689357524707744,1084.1340627893956,1.271719554790058
KMeans,"{'n_clusters': 8, 'init': 'random', 'algorithm': 'lloyd', 'random_state': 5055}",0.235820492442503,1083.769927408058,1.2842167764758714
KMeans,"{'n_clusters': 8, 'init': 'random', 'algorithm': 'lloyd', 'random_state': 6066}",0.24009220616761254,1083.6838805027476,1.2726753771136328
KMeans,"{'n_clusters': 8, 'init': 'random', 'algorithm': 'elkan', 'random_state': 42}",0.24106778239759943,1084.3062425635026,1.2597082259208459
KMeans,"{'n_clusters': 8, 'init': 'random', 'algorithm': 'elkan', 'random_state': 123}",0.2360055803359496,1083.6870245670798,1.2863364720260515
KMeans,"{'n_clusters': 8, 'init': 'random', 'algorithm': 'elkan', 'random_state': 456}",0.24174652914911812,1083.8326050025084,1.2659986321828656
KMeans,"{'n_clusters': 8, 'init': 'random', 'algorithm': 'elkan', 'random_state': 789}",0.2360361096688471,1083.5848533485405,1.288504009128859
KMeans,"{'n_clusters': 8, 'init': 'random', 'algorithm': 'elkan', 'random_state': 1011}",0.24173401154149604,1083.6807792782688,1.2684543722552761
KMeans,"{'n_clusters': 8, 'init': 'random', 'algorithm': 'elkan', 'random_state': 2022}",0.23698173885534102,1083.9617402170975,1.2793008758432092
KMeans,"{'n_clusters': 8, 'init': 'random', 'algorithm': 'elkan', 'random_state': 3033}",0.24088338086086916,1083.5804852845602,1.2718569686894834
KMeans,"{'n_clusters': 8, 'init': 'random', 'algorithm': 'elkan', 'random_state': 4044}",0.23689357524707744,1084.1340627893956,1.271719554790058
KMeans,"{'n_clusters': 8, 'init': 'random', 'algorithm': 'elkan', 'random_state': 5055}",0.235820492442503,1083.769927408058,1.2842167764758714
KMeans,"{'n_clusters': 8, 'init': 'random', 'algorithm': 'elkan', 'random_state': 6066}",0.24009220616761254,1083.6838805027476,1.2726753771136328
KMeans,"{'n_clusters': 9, 'init': 'k-means++', 'algorithm': 'lloyd', 'random_state': 42}",0.23786663581280396,1016.0354080473,1.292625721599289
KMeans,"{'n_clusters': 9, 'init': 'k-means++', 'algorithm': 'lloyd', 'random_state': 123}",0.23371602075476897,1014.2517062789958,1.3069312768931303
KMeans,"{'n_clusters': 9, 'init': 'k-means++', 'algorithm': 'lloyd', 'random_state': 456}",0.23102121716516613,1021.046232761517,1.2880778205113406
KMeans,"{'n_clusters': 9, 'init': 'k-means++', 'algorithm': 'lloyd', 'random_state': 789}",0.23506133624781989,1025.5759864137553,1.2934181133264766
KMeans,"{'n_clusters': 9, 'init': 'k-means++', 'algorithm': 'lloyd', 'random_state': 1011}",0.233807872433318,1020.2916146749609,1.2885964863997765
KMeans,"{'n_clusters': 9, 'init': 'k-means++', 'algorithm': 'lloyd', 'random_state': 2022}",0.2364801172394795,1027.9801003269492,1.2772936079953106
KMeans,"{'n_clusters': 9, 'init': 'k-means++', 'algorithm': 'lloyd', 'random_state': 3033}",0.2360494885202264,1022.8409811916689,1.2814898308855711
KMeans,"{'n_clusters': 9, 'init': 'k-means++', 'algorithm': 'lloyd', 'random_state': 4044}",0.270294620457439,989.1910579092495,1.3179653647014358
KMeans,"{'n_clusters': 9, 'init': 'k-means++', 'algorithm': 'lloyd', 'random_state': 5055}",0.23002089247754745,1021.4160586448752,1.3044374444405824
KMeans,"{'n_clusters': 9, 'init': 'k-means++', 'algorithm': 'lloyd', 'random_state': 6066}",0.22988682804271365,1021.0236333472166,1.2957994484648365
KMeans,"{'n_clusters': 9, 'init': 'k-means++', 'algorithm': 'elkan', 'random_state': 42}",0.23786663581280396,1016.0354080473,1.292625721599289
KMeans,"{'n_clusters': 9, 'init': 'k-means++', 'algorithm': 'elkan', 'random_state': 123}",0.23371602075476897,1014.2517062789958,1.3069312768931303
KMeans,"{'n_clusters': 9, 'init': 'k-means++', 'algorithm': 'elkan', 'random_state': 456}",0.23102121716516613,1021.046232761517,1.2880778205113406
KMeans,"{'n_clusters': 9, 'init': 'k-means++', 'algorithm': 'elkan', 'random_state': 789}",0.23506133624781989,1025.5759864137553,1.2934181133264766
KMeans,"{'n_clusters': 9, 'init': 'k-means++', 'algorithm': 'elkan', 'random_state': 1011}",0.233807872433318,1020.2916146749609,1.2885964863997765
KMeans,"{'n_clusters': 9, 'init': 'k-means++', 'algorithm': 'elkan', 'random_state': 2022}",0.2364801172394795,1027.9801003269492,1.2772936079953106
KMeans,"{'n_clusters': 9, 'init': 'k-means++', 'algorithm': 'elkan', 'random_state': 3033}",0.2360494885202264,1022.8409811916689,1.2814898308855711
KMeans,"{'n_clusters': 9, 'init': 'k-means++', 'algorithm': 'elkan', 'random_state': 4044}",0.270294620457439,989.1910579092495,1.3179653647014358
KMeans,"{'n_clusters': 9, 'init': 'k-means++', 'algorithm': 'elkan', 'random_state': 5055}",0.23002089247754745,1021.4160586448752,1.3044374444405824
KMeans,"{'n_clusters': 9, 'init': 'k-means++', 'algorithm': 'elkan', 'random_state': 6066}",0.22988682804271365,1021.0236333472166,1.2957994484648365
KMeans,"{'n_clusters': 9, 'init': 'random', 'algorithm': 'lloyd', 'random_state': 42}",0.24138740729498875,1030.383650171222,1.2601611622004338
KMeans,"{'n_clusters': 9, 'init': 'random', 'algorithm': 'lloyd', 'random_state': 123}",0.23646850826378757,1028.4754767328066,1.2712720250640979
KMeans,"{'n_clusters': 9, 'init': 'random', 'algorithm': 'lloyd', 'random_state': 456}",0.2384907669620228,1025.4404225322107,1.288008339874172
KMeans,"{'n_clusters': 9, 'init': 'random', 'algorithm': 'lloyd', 'random_state': 789}",0.23920699549700233,1029.9485943242623,1.2652665390137503
KMeans,"{'n_clusters': 9, 'init': 'random', 'algorithm': 'lloyd', 'random_state': 1011}",0.23708894347232257,1022.3178147122674,1.2750793716128805
KMeans,"{'n_clusters': 9, 'init': 'random', 'algorithm': 'lloyd', 'random_state': 2022}",0.23705223559154304,1022.7704157642028,1.276123968284283
KMeans,"{'n_clusters': 9, 'init': 'random', 'algorithm': 'lloyd', 'random_state': 3033}",0.2410458245086489,1029.0574347373374,1.2567012192735336
KMeans,"{'n_clusters': 9, 'init': 'random', 'algorithm': 'lloyd', 'random_state': 4044}",0.2393156721623449,1029.9731163875963,1.2624383575128717
KMeans,"{'n_clusters': 9, 'init': 'random', 'algorithm': 'lloyd', 'random_state': 5055}",0.23737310289669958,1028.4657040017964,1.270230633430781
KMeans,"{'n_clusters': 9, 'init': 'random', 'algorithm': 'lloyd', 'random_state': 6066}",0.2443682392863058,1030.7380447662863,1.2489094703099726
KMeans,"{'n_clusters': 9, 'init': 'random', 'algorithm': 'elkan', 'random_state': 42}",0.24138740729498875,1030.383650171222,1.2601611622004338
KMeans,"{'n_clusters': 9, 'init': 'random', 'algorithm': 'elkan', 'random_state': 123}",0.23646850826378757,1028.4754767328066,1.2712720250640979
KMeans,"{'n_clusters': 9, 'init': 'random', 'algorithm': 'elkan', 'random_state': 456}",0.2384907669620228,1025.4404225322107,1.288008339874172
KMeans,"{'n_clusters': 9, 'init': 'random', 'algorithm': 'elkan', 'random_state': 789}",0.23920699549700233,1029.9485943242623,1.2652665390137503
KMeans,"{'n_clusters': 9, 'init': 'random', 'algorithm': 'elkan', 'random_state': 1011}",0.23708894347232257,1022.3178147122674,1.2750793716128805
KMeans,"{'n_clusters': 9, 'init': 'random', 'algorithm': 'elkan', 'random_state': 2022}",0.23705223559154304,1022.7704157642028,1.276123968284283
KMeans,"{'n_clusters': 9, 'init': 'random', 'algorithm': 'elkan', 'random_state': 3033}",0.2410458245086489,1029.0574347373374,1.2567012192735336
KMeans,"{'n_clusters': 9, 'init': 'random', 'algorithm': 'elkan', 'random_state': 4044}",0.2393156721623449,1029.9731163875963,1.2624383575128717
KMeans,"{'n_clusters': 9, 'init': 'random', 'algorithm': 'elkan', 'random_state': 5055}",0.23737310289669958,1028.4657040017964,1.270230633430781
KMeans,"{'n_clusters': 9, 'init': 'random', 'algorithm': 'elkan', 'random_state': 6066}",0.2443682392863058,1030.7380447662863,1.2489094703099726
KMeans,"{'n_clusters': 10, 'init': 'k-means++', 'algorithm': 'lloyd', 'random_state': 42}",0.2238934046456849,958.80669517636,1.2897895653191642
KMeans,"{'n_clusters': 10, 'init': 'k-means++', 'algorithm': 'lloyd', 'random_state': 123}",0.23625956318204483,966.1057386690605,1.333277142690903
KMeans,"{'n_clusters': 10, 'init': 'k-means++', 'algorithm': 'lloyd', 'random_state': 456}",0.22875090870943143,969.8440288181647,1.3056451116431775
KMeans,"{'n_clusters': 10, 'init': 'k-means++', 'algorithm': 'lloyd', 'random_state': 789}",0.22268354256563086,974.456118496879,1.2760318011509981
KMeans,"{'n_clusters': 10, 'init': 'k-means++', 'algorithm': 'lloyd', 'random_state': 1011}",0.23708559273326416,975.3866435455344,1.2391622110083413
KMeans,"{'n_clusters': 10, 'init': 'k-means++', 'algorithm': 'lloyd', 'random_state': 2022}",0.22763944764270308,970.6939262863066,1.2710488723890498
KMeans,"{'n_clusters': 10, 'init': 'k-means++', 'algorithm': 'lloyd', 'random_state': 3033}",0.2306762116881928,972.672028558618,1.2454745549305504
KMeans,"{'n_clusters': 10, 'init': 'k-means++', 'algorithm': 'lloyd', 'random_state': 4044}",0.24017001371171712,970.0186548921758,1.3175699883376137
KMeans,"{'n_clusters': 10, 'init': 'k-means++', 'algorithm': 'lloyd', 'random_state': 5055}",0.23308676207947007,980.4282458455983,1.2410899117241665
KMeans,"{'n_clusters': 10, 'init': 'k-means++', 'algorithm': 'lloyd', 'random_state': 6066}",0.23154579654412302,979.7051203498723,1.283927581979595
KMeans,"{'n_clusters': 10, 'init': 'k-means++', 'algorithm': 'elkan', 'random_state': 42}",0.2238934046456849,958.80669517636,1.2897895653191642
KMeans,"{'n_clusters': 10, 'init': 'k-means++', 'algorithm': 'elkan', 'random_state': 123}",0.23625956318204483,966.1057386690605,1.333277142690903
KMeans,"{'n_clusters': 10, 'init': 'k-means++', 'algorithm': 'elkan', 'random_state': 456}",0.22875090870943143,969.8440288181647,1.3056451116431775
KMeans,"{'n_clusters': 10, 'init': 'k-means++', 'algorithm': 'elkan', 'random_state': 789}",0.22268354256563086,974.456118496879,1.2760318011509981
KMeans,"{'n_clusters': 10, 'init': 'k-means++', 'algorithm': 'elkan', 'random_state': 1011}",0.23708559273326416,975.3866435455344,1.2391622110083413
KMeans,"{'n_clusters': 10, 'init': 'k-means++', 'algorithm': 'elkan', 'random_state': 2022}",0.22763944764270308,970.6939262863066,1.2710488723890498
KMeans,"{'n_clusters': 10, 'init': 'k-means++', 'algorithm': 'elkan', 'random_state': 3033}",0.2306762116881928,972.672028558618,1.2454745549305504
KMeans,"{'n_clusters': 10, 'init': 'k-means++', 'algorithm': 'elkan', 'random_state': 4044}",0.24017001371171712,970.0186548921758,1.3175699883376137
KMeans,"{'n_clusters': 10, 'init': 'k-means++', 'algorithm': 'elkan', 'random_state': 5055}",0.23308676207947007,980.4282458455983,1.2410899117241665
KMeans,"{'n_clusters': 10, 'init': 'k-means++', 'algorithm': 'elkan', 'random_state': 6066}",0.23154579654412302,979.7051203498723,1.283927581979595
KMeans,"{'n_clusters': 10, 'init': 'random', 'algorithm': 'lloyd', 'random_state': 42}",0.23765163541501344,986.5990660673378,1.2424982615079203
KMeans,"{'n_clusters': 10, 'init': 'random', 'algorithm': 'lloyd', 'random_state': 123}",0.2409390132362332,985.8748077502452,1.236185278064862
KMeans,"{'n_clusters': 10, 'init': 'random', 'algorithm': 'lloyd', 'random_state': 456}",0.23105379067841367,985.3244449554237,1.288503428780375
KMeans,"{'n_clusters': 10, 'init': 'random', 'algorithm': 'lloyd', 'random_state': 789}",0.23433600450176603,980.4071776525849,1.2749781427959408
KMeans,"{'n_clusters': 10, 'init': 'random', 'algorithm': 'lloyd', 'random_state': 1011}",0.23617811909342687,980.7643007546087,1.2327484921928344
KMeans,"{'n_clusters': 10, 'init': 'random', 'algorithm': 'lloyd', 'random_state': 2022}",0.23480037339321289,978.7843374111133,1.2554358835603139
KMeans,"{'n_clusters': 10, 'init': 'random', 'algorithm': 'lloyd', 'random_state': 3033}",0.23088066475629312,985.1697620903393,1.2917925106727557
KMeans,"{'n_clusters': 10, 'init': 'random', 'algorithm': 'lloyd', 'random_state': 4044}",0.23638585984355912,974.9480298485271,1.2651102953161317
KMeans,"{'n_clusters': 10, 'init': 'random', 'algorithm': 'lloyd', 'random_state': 5055}",0.2230150671016864,971.6667524592862,1.2874157930987549
KMeans,"{'n_clusters': 10, 'init': 'random', 'algorithm': 'lloyd', 'random_state': 6066}",0.22601565570066467,971.3871201974551,1.2814558337673407
KMeans,"{'n_clusters': 10, 'init': 'random', 'algorithm': 'elkan', 'random_state': 42}",0.23765163541501344,986.5990660673378,1.2424982615079203
KMeans,"{'n_clusters': 10, 'init': 'random', 'algorithm': 'elkan', 'random_state': 123}",0.2409390132362332,985.8748077502452,1.236185278064862
KMeans,"{'n_clusters': 10, 'init': 'random', 'algorithm': 'elkan', 'random_state': 456}",0.23105379067841367,985.3244449554237,1.288503428780375
KMeans,"{'n_clusters': 10, 'init': 'random', 'algorithm': 'elkan', 'random_state': 789}",0.23433600450176603,980.4071776525849,1.2749781427959408
KMeans,"{'n_clusters': 10, 'init': 'random', 'algorithm': 'elkan', 'random_state': 1011}",0.23617811909342687,980.7643007546087,1.2327484921928344
KMeans,"{'n_clusters': 10, 'init': 'random', 'algorithm': 'elkan', 'random_state': 2022}",0.23480037339321289,978.7843374111133,1.2554358835603139
KMeans,"{'n_clusters': 10, 'init': 'random', 'algorithm': 'elkan', 'random_state': 3033}",0.23088066475629312,985.1697620903393,1.2917925106727557
KMeans,"{'n_clusters': 10, 'init': 'random', 'algorithm': 'elkan', 'random_state': 4044}",0.23638585984355912,974.9480298485271,1.2651102953161317
KMeans,"{'n_clusters': 10, 'init': 'random', 'algorithm': 'elkan', 'random_state': 5055}",0.2230150671016864,971.6667524592862,1.2874157930987549
KMeans,"{'n_clusters': 10, 'init': 'random', 'algorithm': 'elkan', 'random_state': 6066}",0.22601565570066467,971.3871201974551,1.2814558337673407
KMeans,"{'n_clusters': 11, 'init': 'k-means++', 'algorithm': 'lloyd', 'random_state': 42}",0.22800515394238147,923.2974983988452,1.2816915612150392
KMeans,"{'n_clusters': 11, 'init': 'k-means++', 'algorithm': 'lloyd', 'random_state': 123}",0.23647711095991203,945.4117107907877,1.2916487091762274
KMeans,"{'n_clusters': 11, 'init': 'k-means++', 'algorithm': 'lloyd', 'random_state': 456}",0.2193081531059158,934.3825764507367,1.2934749816047935
KMeans,"{'n_clusters': 11, 'init': 'k-means++', 'algorithm': 'lloyd', 'random_state': 789}",0.22743927597118987,936.6330526494758,1.27594034876549
KMeans,"{'n_clusters': 11, 'init': 'k-means++', 'algorithm': 'lloyd', 'random_state': 1011}",0.22434103807961217,935.4126631533024,1.281732235773813
KMeans,"{'n_clusters': 11, 'init': 'k-means++', 'algorithm': 'lloyd', 'random_state': 2022}",0.2265089188626628,922.499102377181,1.2993524000629761
KMeans,"{'n_clusters': 11, 'init': 'k-means++', 'algorithm': 'lloyd', 'random_state': 3033}",0.2207183245612972,908.7131910581804,1.2284278952282568
KMeans,"{'n_clusters': 11, 'init': 'k-means++', 'algorithm': 'lloyd', 'random_state': 4044}",0.223713974906448,931.6962264899969,1.3525872452253191
KMeans,"{'n_clusters': 11, 'init': 'k-means++', 'algorithm': 'lloyd', 'random_state': 5055}",0.22103911042585161,941.6310236974984,1.3030472178967065
KMeans,"{'n_clusters': 11, 'init': 'k-means++', 'algorithm': 'lloyd', 'random_state': 6066}",0.22902573034676965,945.620557699919,1.260119482895769
KMeans,"{'n_clusters': 11, 'init': 'k-means++', 'algorithm': 'elkan', 'random_state': 42}",0.22800515394238147,923.2974983988452,1.2816915612150392
KMeans,"{'n_clusters': 11, 'init': 'k-means++', 'algorithm': 'elkan', 'random_state': 123}",0.23647711095991203,945.4117107907877,1.2916487091762274
KMeans,"{'n_clusters': 11, 'init': 'k-means++', 'algorithm': 'elkan', 'random_state': 456}",0.2193081531059158,934.3825764507367,1.2934749816047935
KMeans,"{'n_clusters': 11, 'init': 'k-means++', 'algorithm': 'elkan', 'random_state': 789}",0.22743927597118987,936.6330526494758,1.27594034876549
KMeans,"{'n_clusters': 11, 'init': 'k-means++', 'algorithm': 'elkan', 'random_state': 1011}",0.22434103807961217,935.4126631533024,1.281732235773813
KMeans,"{'n_clusters': 11, 'init': 'k-means++', 'algorithm': 'elkan', 'random_state': 2022}",0.2265089188626628,922.499102377181,1.2993524000629761
KMeans,"{'n_clusters': 11, 'init': 'k-means++', 'algorithm': 'elkan', 'random_state': 3033}",0.2207183245612972,908.7131910581804,1.2284278952282568
KMeans,"{'n_clusters': 11, 'init': 'k-means++', 'algorithm': 'elkan', 'random_state': 4044}",0.223713974906448,931.6962264899969,1.3525872452253191
KMeans,"{'n_clusters': 11, 'init': 'k-means++', 'algorithm': 'elkan', 'random_state': 5055}",0.22103911042585161,941.6310236974984,1.3030472178967065
KMeans,"{'n_clusters': 11, 'init': 'k-means++', 'algorithm': 'elkan', 'random_state': 6066}",0.22902573034676965,945.620557699919,1.260119482895769
KMeans,"{'n_clusters': 11, 'init': 'random', 'algorithm': 'lloyd', 'random_state': 42}",0.23953571380540029,950.4220372370323,1.2246778706149077
KMeans,"{'n_clusters': 11, 'init': 'random', 'algorithm': 'lloyd', 'random_state': 123}",0.22488553744636192,943.2377369951973,1.2900952494874358
KMeans,"{'n_clusters': 11, 'init': 'random', 'algorithm': 'lloyd', 'random_state': 456}",0.23297721604635954,950.5311736694722,1.2446456938643757
KMeans,"{'n_clusters': 11, 'init': 'random', 'algorithm': 'lloyd', 'random_state': 789}",0.22865433345366445,949.9333189124209,1.2737217068910611
KMeans,"{'n_clusters': 11, 'init': 'random', 'algorithm': 'lloyd', 'random_state': 1011}",0.231188543772572,948.3427033221545,1.2421765355372232
KMeans,"{'n_clusters': 11, 'init': 'random', 'algorithm': 'lloyd', 'random_state': 2022}",0.22726430994304517,949.5033914932311,1.2782642106213502
KMeans,"{'n_clusters': 11, 'init': 'random', 'algorithm': 'lloyd', 'random_state': 3033}",0.24366502910764726,942.2624273713386,1.2100196727217316
KMeans,"{'n_clusters': 11, 'init': 'random', 'algorithm': 'lloyd', 'random_state': 4044}",0.2353144991152832,944.3921729790906,1.2372972930922272
KMeans,"{'n_clusters': 11, 'init': 'random', 'algorithm': 'lloyd', 'random_state': 5055}",0.2313508076639233,948.2424313714572,1.240333068637713
KMeans,"{'n_clusters': 11, 'init': 'random', 'algorithm': 'lloyd', 'random_state': 6066}",0.23117219358231544,948.6681884819665,1.2536661318438782
KMeans,"{'n_clusters': 11, 'init': 'random', 'algorithm': 'elkan', 'random_state': 42}",0.23953571380540029,950.4220372370323,1.2246778706149077
KMeans,"{'n_clusters': 11, 'init': 'random', 'algorithm': 'elkan', 'random_state': 123}",0.22488553744636192,943.2377369951973,1.2900952494874358
KMeans,"{'n_clusters': 11, 'init': 'random', 'algorithm': 'elkan', 'random_state': 456}",0.23297721604635954,950.5311736694722,1.2446456938643757
KMeans,"{'n_clusters': 11, 'init': 'random', 'algorithm': 'elkan', 'random_state': 789}",0.22865433345366445,949.9333189124209,1.2737217068910611
KMeans,"{'n_clusters': 11, 'init': 'random', 'algorithm': 'elkan', 'random_state': 1011}",0.231188543772572,948.3427033221545,1.2421765355372232
KMeans,"{'n_clusters': 11, 'init': 'random', 'algorithm': 'elkan', 'random_state': 2022}",0.22726430994304517,949.5033914932311,1.2782642106213502
KMeans,"{'n_clusters': 11, 'init': 'random', 'algorithm': 'elkan', 'random_state': 3033}",0.24366502910764726,942.2624273713386,1.2100196727217316
KMeans,"{'n_clusters': 11, 'init': 'random', 'algorithm': 'elkan', 'random_state': 4044}",0.2353144991152832,944.3921729790906,1.2372972930922272
KMeans,"{'n_clusters': 11, 'init': 'random', 'algorithm': 'elkan', 'random_state': 5055}",0.2313508076639233,948.2424313714572,1.240333068637713
KMeans,"{'n_clusters': 11, 'init': 'random', 'algorithm': 'elkan', 'random_state': 6066}",0.23117219358231544,948.6681884819665,1.2536661318438782
KMeans,"{'n_clusters': 12, 'init': 'k-means++', 'algorithm': 'lloyd', 'random_state': 42}",0.24191008005155068,917.967327379004,1.2139833847987298
KMeans,"{'n_clusters': 12, 'init': 'k-means++', 'algorithm': 'lloyd', 'random_state': 123}",0.21393587804639,906.0740393638887,1.342959145764251
KMeans,"{'n_clusters': 12, 'init': 'k-means++', 'algorithm': 'lloyd', 'random_state': 456}",0.22439134931300153,915.2926993590594,1.294107748410592
KMeans,"{'n_clusters': 12, 'init': 'k-means++', 'algorithm': 'lloyd', 'random_state': 789}",0.22853790919904107,906.0152431511153,1.2193068938329965
KMeans,"{'n_clusters': 12, 'init': 'k-means++', 'algorithm': 'lloyd', 'random_state': 1011}",0.22601559034338117,902.9296821595162,1.250869921105999
KMeans,"{'n_clusters': 12, 'init': 'k-means++', 'algorithm': 'lloyd', 'random_state': 2022}",0.21590045515398906,896.4564320066333,1.3407027593075502
KMeans,"{'n_clusters': 12, 'init': 'k-means++', 'algorithm': 'lloyd', 'random_state': 3033}",0.22773976107245808,890.3795846972539,1.2168281982407985
KMeans,"{'n_clusters': 12, 'init': 'k-means++', 'algorithm': 'lloyd', 'random_state': 4044}",0.2183305893403349,908.3135028560523,1.3223203708846702
KMeans,"{'n_clusters': 12, 'init': 'k-means++', 'algorithm': 'lloyd', 'random_state': 5055}",0.2236517505796467,914.7235593871796,1.2881164295844068
KMeans,"{'n_clusters': 12, 'init': 'k-means++', 'algorithm': 'lloyd', 'random_state': 6066}",0.22569523303418915,913.3643892704168,1.2739868479972658
KMeans,"{'n_clusters': 12, 'init': 'k-means++', 'algorithm': 'elkan', 'random_state': 42}",0.24191008005155068,917.967327379004,1.2139833847987298
KMeans,"{'n_clusters': 12, 'init': 'k-means++', 'algorithm': 'elkan', 'random_state': 123}",0.21393587804639,906.0740393638887,1.342959145764251
KMeans,"{'n_clusters': 12, 'init': 'k-means++', 'algorithm': 'elkan', 'random_state': 456}",0.22439134931300153,915.2926993590594,1.294107748410592
KMeans,"{'n_clusters': 12, 'init': 'k-means++', 'algorithm': 'elkan', 'random_state': 789}",0.22853790919904107,906.0152431511153,1.2193068938329965
KMeans,"{'n_clusters': 12, 'init': 'k-means++', 'algorithm': 'elkan', 'random_state': 1011}",0.22601559034338117,902.9296821595162,1.250869921105999
KMeans,"{'n_clusters': 12, 'init': 'k-means++', 'algorithm': 'elkan', 'random_state': 2022}",0.21590045515398906,896.4564320066333,1.3407027593075502
KMeans,"{'n_clusters': 12, 'init': 'k-means++', 'algorithm': 'elkan', 'random_state': 3033}",0.22773976107245808,890.3795846972539,1.2168281982407985
KMeans,"{'n_clusters': 12, 'init': 'k-means++', 'algorithm': 'elkan', 'random_state': 4044}",0.2183305893403349,908.3135028560523,1.3223203708846702
KMeans,"{'n_clusters': 12, 'init': 'k-means++', 'algorithm': 'elkan', 'random_state': 5055}",0.2236517505796467,914.7235593871796,1.2881164295844068
KMeans,"{'n_clusters': 12, 'init': 'k-means++', 'algorithm': 'elkan', 'random_state': 6066}",0.22569523303418915,913.3643892704168,1.2739868479972658
KMeans,"{'n_clusters': 12, 'init': 'random', 'algorithm': 'lloyd', 'random_state': 42}",0.2342475657942287,917.4743894740542,1.2311763257363635
KMeans,"{'n_clusters': 12, 'init': 'random', 'algorithm': 'lloyd', 'random_state': 123}",0.22808665097775216,919.7055950916424,1.2580596811339089
KMeans,"{'n_clusters': 12, 'init': 'random', 'algorithm': 'lloyd', 'random_state': 456}",0.22750925214232653,919.4698905085303,1.2904867895909893
KMeans,"{'n_clusters': 12, 'init': 'random', 'algorithm': 'lloyd', 'random_state': 789}",0.22545011931710687,917.5803434452,1.254537379408417
KMeans,"{'n_clusters': 12, 'init': 'random', 'algorithm': 'lloyd', 'random_state': 1011}",0.22678720466884303,918.8200511433952,1.2652941606925265
KMeans,"{'n_clusters': 12, 'init': 'random', 'algorithm': 'lloyd', 'random_state': 2022}",0.22574437044436158,915.8387640120106,1.2547366201472565
KMeans,"{'n_clusters': 12, 'init': 'random', 'algorithm': 'lloyd', 'random_state': 3033}",0.2294516540563646,911.1525888383694,1.2559577145774221
KMeans,"{'n_clusters': 12, 'init': 'random', 'algorithm': 'lloyd', 'random_state': 4044}",0.22874206867396626,919.0627229092808,1.2572725581405118
KMeans,"{'n_clusters': 12, 'init': 'random', 'algorithm': 'lloyd', 'random_state': 5055}",0.22598249821632288,918.797980458442,1.2641642245876972
KMeans,"{'n_clusters': 12, 'init': 'random', 'algorithm': 'lloyd', 'random_state': 6066}",0.22489689905429497,912.0900191570728,1.3185831001216222
KMeans,"{'n_clusters': 12, 'init': 'random', 'algorithm': 'elkan', 'random_state': 42}",0.2342475657942287,917.4743894740542,1.2311763257363635
KMeans,"{'n_clusters': 12, 'init': 'random', 'algorithm': 'elkan', 'random_state': 123}",0.22808665097775216,919.7055950916424,1.2580596811339089
KMeans,"{'n_clusters': 12, 'init': 'random', 'algorithm': 'elkan', 'random_state': 456}",0.22750925214232653,919.4698905085303,1.2904867895909893
KMeans,"{'n_clusters': 12, 'init': 'random', 'algorithm': 'elkan', 'random_state': 789}",0.22545011931710687,917.5803434452,1.254537379408417
KMeans,"{'n_clusters': 12, 'init': 'random', 'algorithm': 'elkan', 'random_state': 1011}",0.22678720466884303,918.8200511433952,1.2652941606925265
KMeans,"{'n_clusters': 12, 'init': 'random', 'algorithm': 'elkan', 'random_state': 2022}",0.22574437044436158,915.8387640120106,1.2547366201472565
KMeans,"{'n_clusters': 12, 'init': 'random', 'algorithm': 'elkan', 'random_state': 3033}",0.2294516540563646,911.1525888383694,1.2559577145774221
KMeans,"{'n_clusters': 12, 'init': 'random', 'algorithm': 'elkan', 'random_state': 4044}",0.22874206867396626,919.0627229092808,1.2572725581405118
KMeans,"{'n_clusters': 12, 'init': 'random', 'algorithm': 'elkan', 'random_state': 5055}",0.22598249821632288,918.797980458442,1.2641642245876972
KMeans,"{'n_clusters': 12, 'init': 'random', 'algorithm': 'elkan', 'random_state': 6066}",0.22489689905429497,912.0900191570728,1.3185831001216222
BisectingKMeans,"{'n_clusters': 5, 'init': 'k-means++', 'algorithm': 'lloyd', 'random_state': 42}",0.26803514641100185,1217.682520475146,1.4601905317307982
BisectingKMeans,"{'n_clusters': 5, 'init': 'k-means++', 'algorithm': 'lloyd', 'random_state': 123}",0.27334021960962923,1300.5368475888272,1.307606941724347
BisectingKMeans,"{'n_clusters': 5, 'init': 'k-means++', 'algorithm': 'lloyd', 'random_state': 456}",0.2729696179056219,1300.2057848143918,1.3090525459279714
BisectingKMeans,"{'n_clusters': 5, 'init': 'k-means++', 'algorithm': 'lloyd', 'random_state': 789}",0.27322624745259527,1300.1616322344328,1.308669734902009
BisectingKMeans,"{'n_clusters': 5, 'init': 'k-means++', 'algorithm': 'lloyd', 'random_state': 1011}",0.25443380735365234,1200.9429699589994,1.3460277310402013
BisectingKMeans,"{'n_clusters': 5, 'init': 'k-means++', 'algorithm': 'lloyd', 'random_state': 2022}",0.2734954279235225,1300.4844457767624,1.3073226825402984
BisectingKMeans,"{'n_clusters': 5, 'init': 'k-means++', 'algorithm': 'lloyd', 'random_state': 3033}",0.27295406277986367,1300.5250384238932,1.309010589556073
BisectingKMeans,"{'n_clusters': 5, 'init': 'k-means++', 'algorithm': 'lloyd', 'random_state': 4044}",0.27353127210169853,1300.1794897618133,1.307643101125774
BisectingKMeans,"{'n_clusters': 5, 'init': 'k-means++', 'algorithm': 'lloyd', 'random_state': 5055}",0.27356063128605973,1300.1744194624969,1.3073446591818398
BisectingKMeans,"{'n_clusters': 5, 'init': 'k-means++', 'algorithm': 'lloyd', 'random_state': 6066}",0.27356063128605973,1300.174419462497,1.3073446591818398
BisectingKMeans,"{'n_clusters': 5, 'init': 'k-means++', 'algorithm': 'elkan', 'random_state': 42}",0.26803514641100185,1217.682520475146,1.4601905317307982
BisectingKMeans,"{'n_clusters': 5, 'init': 'k-means++', 'algorithm': 'elkan', 'random_state': 123}",0.27334021960962923,1300.5368475888272,1.307606941724347
BisectingKMeans,"{'n_clusters': 5, 'init': 'k-means++', 'algorithm': 'elkan', 'random_state': 456}",0.2729696179056219,1300.2057848143918,1.3090525459279714
BisectingKMeans,"{'n_clusters': 5, 'init': 'k-means++', 'algorithm': 'elkan', 'random_state': 789}",0.27322624745259527,1300.1616322344328,1.308669734902009
BisectingKMeans,"{'n_clusters': 5, 'init': 'k-means++', 'algorithm': 'elkan', 'random_state': 1011}",0.25443380735365234,1200.9429699589994,1.3460277310402013
BisectingKMeans,"{'n_clusters': 5, 'init': 'k-means++', 'algorithm': 'elkan', 'random_state': 2022}",0.2734954279235225,1300.4844457767624,1.3073226825402984
BisectingKMeans,"{'n_clusters': 5, 'init': 'k-means++', 'algorithm': 'elkan', 'random_state': 3033}",0.27295406277986367,1300.5250384238932,1.309010589556073
BisectingKMeans,"{'n_clusters': 5, 'init': 'k-means++', 'algorithm': 'elkan', 'random_state': 4044}",0.27353127210169853,1300.1794897618133,1.307643101125774
BisectingKMeans,"{'n_clusters': 5, 'init': 'k-means++', 'algorithm': 'elkan', 'random_state': 5055}",0.27356063128605973,1300.1744194624969,1.3073446591818398
BisectingKMeans,"{'n_clusters': 5, 'init': 'k-means++', 'algorithm': 'elkan', 'random_state': 6066}",0.27356063128605973,1300.174419462497,1.3073446591818398
BisectingKMeans,"{'n_clusters': 5, 'init': 'random', 'algorithm': 'lloyd', 'random_state': 42}",0.273492533495146,1300.1759554688035,1.307835447643362
BisectingKMeans,"{'n_clusters': 5, 'init': 'random', 'algorithm': 'lloyd', 'random_state': 123}",0.27313548706469126,1300.166924543307,1.3089087764186513
BisectingKMeans,"{'n_clusters': 5, 'init': 'random', 'algorithm': 'lloyd', 'random_state': 456}",0.26685702099124076,1216.0474508923849,1.4653021620996722
BisectingKMeans,"{'n_clusters': 5, 'init': 'random', 'algorithm': 'lloyd', 'random_state': 789}",0.2731731479344025,1300.2109648159783,1.308481343353945
BisectingKMeans,"{'n_clusters': 5, 'init': 'random', 'algorithm': 'lloyd', 'random_state': 1011}",0.27356063128605973,1300.1744194624969,1.3073446591818398
BisectingKMeans,"{'n_clusters': 5, 'init': 'random', 'algorithm': 'lloyd', 'random_state': 2022}",0.2733580803334368,1300.1692396518401,1.3079158617558662
BisectingKMeans,"{'n_clusters': 5, 'init': 'random', 'algorithm': 'lloyd', 'random_state': 3033}",0.2735817952666371,1300.4807593863525,1.3069682262698894
BisectingKMeans,"{'n_clusters': 5, 'init': 'random', 'algorithm': 'lloyd', 'random_state': 4044}",0.26723996436330794,1216.2463335632608,1.4610115720216297
BisectingKMeans,"{'n_clusters': 5, 'init': 'random', 'algorithm': 'lloyd', 'random_state': 5055}",0.27322624745259527,1300.1616322344328,1.308669734902009
BisectingKMeans,"{'n_clusters': 5, 'init': 'random', 'algorithm': 'lloyd', 'random_state': 6066}",0.2732934590380921,1300.1903736828165,1.308084205293983
BisectingKMeans,"{'n_clusters': 5, 'init': 'random', 'algorithm': 'elkan', 'random_state': 42}",0.273492533495146,1300.1759554688035,1.307835447643362
BisectingKMeans,"{'n_clusters': 5, 'init': 'random', 'algorithm': 'elkan', 'random_state': 123}",0.27313548706469126,1300.166924543307,1.3089087764186513
BisectingKMeans,"{'n_clusters': 5, 'init': 'random', 'algorithm': 'elkan', 'random_state': 456}",0.26685702099124076,1216.0474508923849,1.4653021620996722
BisectingKMeans,"{'n_clusters': 5, 'init': 'random', 'algorithm': 'elkan', 'random_state': 789}",0.2731731479344025,1300.2109648159783,1.308481343353945
BisectingKMeans,"{'n_clusters': 5, 'init': 'random', 'algorithm': 'elkan', 'random_state': 1011}",0.27356063128605973,1300.1744194624969,1.3073446591818398
BisectingKMeans,"{'n_clusters': 5, 'init': 'random', 'algorithm': 'elkan', 'random_state': 2022}",0.2733580803334368,1300.1692396518401,1.3079158617558662
BisectingKMeans,"{'n_clusters': 5, 'init': 'random', 'algorithm': 'elkan', 'random_state': 3033}",0.2735817952666371,1300.4807593863525,1.3069682262698894
BisectingKMeans,"{'n_clusters': 5, 'init': 'random', 'algorithm': 'elkan', 'random_state': 4044}",0.26723996436330794,1216.2463335632608,1.4610115720216297
BisectingKMeans,"{'n_clusters': 5, 'init': 'random', 'algorithm': 'elkan', 'random_state': 5055}",0.27322624745259527,1300.1616322344328,1.308669734902009
BisectingKMeans,"{'n_clusters': 5, 'init': 'random', 'algorithm': 'elkan', 'random_state': 6066}",0.2732934590380921,1300.1903736828165,1.308084205293983
BisectingKMeans,"{'n_clusters': 6, 'init': 'k-means++', 'algorithm': 'lloyd', 'random_state': 42}",0.26471632706577103,1143.890251330919,1.4643834510049256
BisectingKMeans,"{'n_clusters': 6, 'init': 'k-means++', 'algorithm': 'lloyd', 'random_state': 123}",0.2697035447839189,1227.6266735952415,1.3392426148890326
BisectingKMeans,"{'n_clusters': 6, 'init': 'k-means++', 'algorithm': 'lloyd', 'random_state': 456}",0.26983276147884167,1226.9439601214278,1.3368560079972094
BisectingKMeans,"{'n_clusters': 6, 'init': 'k-means++', 'algorithm': 'lloyd', 'random_state': 789}",0.26956733437365366,1226.9269083229547,1.3396422750803414
BisectingKMeans,"{'n_clusters': 6, 'init': 'k-means++', 'algorithm': 'lloyd', 'random_state': 1011}",0.2627762565473631,1206.2753722445489,1.3226718736100926
BisectingKMeans,"{'n_clusters': 6, 'init': 'k-means++', 'algorithm': 'lloyd', 'random_state': 2022}",0.27044709542131784,1227.5379373061726,1.3355704118603227
BisectingKMeans,"{'n_clusters': 6, 'init': 'k-means++', 'algorithm': 'lloyd', 'random_state': 3033}",0.2692960043791644,1227.6148638288223,1.340291791687946
BisectingKMeans,"{'n_clusters': 6, 'init': 'k-means++', 'algorithm': 'lloyd', 'random_state': 4044}",0.26993065624409124,1226.9447594563183,1.3386799844793595
BisectingKMeans,"{'n_clusters': 6, 'init': 'k-means++', 'algorithm': 'lloyd', 'random_state': 5055}",0.2704546845311876,1226.9126068851374,1.3355531942895986
BisectingKMeans,"{'n_clusters': 6, 'init': 'k-means++', 'algorithm': 'lloyd', 'random_state': 6066}",0.2704546845311876,1226.9126068851376,1.3355531942895986
BisectingKMeans,"{'n_clusters': 6, 'init': 'k-means++', 'algorithm': 'elkan', 'random_state': 42}",0.26471632706577103,1143.890251330919,1.4643834510049256
BisectingKMeans,"{'n_clusters': 6, 'init': 'k-means++', 'algorithm': 'elkan', 'random_state': 123}",0.2697035447839189,1227.6266735952415,1.3392426148890326
BisectingKMeans,"{'n_clusters': 6, 'init': 'k-means++', 'algorithm': 'elkan', 'random_state': 456}",0.26983276147884167,1226.9439601214278,1.3368560079972094
BisectingKMeans,"{'n_clusters': 6, 'init': 'k-means++', 'algorithm': 'elkan', 'random_state': 789}",0.26956733437365366,1226.9269083229547,1.3396422750803414
BisectingKMeans,"{'n_clusters': 6, 'init': 'k-means++', 'algorithm': 'elkan', 'random_state': 1011}",0.2627762565473631,1206.2753722445489,1.3226718736100926
BisectingKMeans,"{'n_clusters': 6, 'init': 'k-means++', 'algorithm': 'elkan', 'random_state': 2022}",0.27044709542131784,1227.5379373061726,1.3355704118603227
BisectingKMeans,"{'n_clusters': 6, 'init': 'k-means++', 'algorithm': 'elkan', 'random_state': 3033}",0.2692960043791644,1227.6148638288223,1.340291791687946
BisectingKMeans,"{'n_clusters': 6, 'init': 'k-means++', 'algorithm': 'elkan', 'random_state': 4044}",0.26993065624409124,1226.9447594563183,1.3386799844793595
BisectingKMeans,"{'n_clusters': 6, 'init': 'k-means++', 'algorithm': 'elkan', 'random_state': 5055}",0.2704546845311876,1226.9126068851374,1.3355531942895986
BisectingKMeans,"{'n_clusters': 6, 'init': 'k-means++', 'algorithm': 'elkan', 'random_state': 6066}",0.2704546845311876,1226.9126068851376,1.3355531942895986
BisectingKMeans,"{'n_clusters': 6, 'init': 'random', 'algorithm': 'lloyd', 'random_state': 42}",0.2703887191419796,1226.9141422953996,1.335813659211816
BisectingKMeans,"{'n_clusters': 6, 'init': 'random', 'algorithm': 'lloyd', 'random_state': 123}",0.26948209699074693,1226.9321987329222,1.3397995386304398
BisectingKMeans,"{'n_clusters': 6, 'init': 'random', 'algorithm': 'lloyd', 'random_state': 456}",0.2635806615470699,1143.5564833860785,1.470534768807612
BisectingKMeans,"{'n_clusters': 6, 'init': 'random', 'algorithm': 'lloyd', 'random_state': 789}",0.2700285142367545,1226.9491381333796,1.3365004310996864
BisectingKMeans,"{'n_clusters': 6, 'init': 'random', 'algorithm': 'lloyd', 'random_state': 1011}",0.26995638554812995,1226.939690968601,1.3385379780188256
BisectingKMeans,"{'n_clusters': 6, 'init': 'random', 'algorithm': 'lloyd', 'random_state': 2022}",0.2697647790544643,1226.9345130118306,1.3388935549163488
BisectingKMeans,"{'n_clusters': 6, 'init': 'random', 'algorithm': 'lloyd', 'random_state': 3033}",0.2699656071262781,1227.57058268409,1.3387103520103179
BisectingKMeans,"{'n_clusters': 6, 'init': 'random', 'algorithm': 'lloyd', 'random_state': 4044}",0.2640135647314343,1143.4586919643027,1.466460437763568
BisectingKMeans,"{'n_clusters': 6, 'init': 'random', 'algorithm': 'lloyd', 'random_state': 5055}",0.26956733437365366,1226.926908322955,1.3396422750803414
BisectingKMeans,"{'n_clusters': 6, 'init': 'random', 'algorithm': 'lloyd', 'random_state': 6066}",0.2701750533954842,1226.928554928136,1.3361276122973225
BisectingKMeans,"{'n_clusters': 6, 'init': 'random', 'algorithm': 'elkan', 'random_state': 42}",0.2703887191419796,1226.9141422953996,1.335813659211816
BisectingKMeans,"{'n_clusters': 6, 'init': 'random', 'algorithm': 'elkan', 'random_state': 123}",0.26948209699074693,1226.9321987329222,1.3397995386304398
BisectingKMeans,"{'n_clusters': 6, 'init': 'random', 'algorithm': 'elkan', 'random_state': 456}",0.2635806615470699,1143.5564833860785,1.470534768807612
BisectingKMeans,"{'n_clusters': 6, 'init': 'random', 'algorithm': 'elkan', 'random_state': 789}",0.2700285142367545,1226.9491381333796,1.3365004310996864
BisectingKMeans,"{'n_clusters': 6, 'init': 'random', 'algorithm': 'elkan', 'random_state': 1011}",0.26995638554812995,1226.939690968601,1.3385379780188256
BisectingKMeans,"{'n_clusters': 6, 'init': 'random', 'algorithm': 'elkan', 'random_state': 2022}",0.2697647790544643,1226.9345130118306,1.3388935549163488
BisectingKMeans,"{'n_clusters': 6, 'init': 'random', 'algorithm': 'elkan', 'random_state': 3033}",0.2699656071262781,1227.57058268409,1.3387103520103179
BisectingKMeans,"{'n_clusters': 6, 'init': 'random', 'algorithm': 'elkan', 'random_state': 4044}",0.2640135647314343,1143.4586919643027,1.466460437763568
BisectingKMeans,"{'n_clusters': 6, 'init': 'random', 'algorithm': 'elkan', 'random_state': 5055}",0.26956733437365366,1226.926908322955,1.3396422750803414
BisectingKMeans,"{'n_clusters': 6, 'init': 'random', 'algorithm': 'elkan', 'random_state': 6066}",0.2701750533954842,1226.928554928136,1.3361276122973225
BisectingKMeans,"{'n_clusters': 7, 'init': 'k-means++', 'algorithm': 'lloyd', 'random_state': 42}",0.26273532580254205,1077.1225577530372,1.3707531072914512
BisectingKMeans,"{'n_clusters': 7, 'init': 'k-means++', 'algorithm': 'lloyd', 'random_state': 123}",0.21327242618810793,1109.1210194909456,1.4241177853295384
BisectingKMeans,"{'n_clusters': 7, 'init': 'k-means++', 'algorithm': 'lloyd', 'random_state': 456}",0.2093291974570418,1094.6140997601785,1.4631456501736637
BisectingKMeans,"{'n_clusters': 7, 'init': 'k-means++', 'algorithm': 'lloyd', 'random_state': 789}",0.21279662131578286,1108.1223318480193,1.4248702146079535
BisectingKMeans,"{'n_clusters': 7, 'init': 'k-means++', 'algorithm': 'lloyd', 'random_state': 1011}",0.22820421665738708,1087.4057279136396,1.3916295146360684
BisectingKMeans,"{'n_clusters': 7, 'init': 'k-means++', 'algorithm': 'lloyd', 'random_state': 2022}",0.21295086166755767,1108.142045285449,1.4234680248290907
BisectingKMeans,"{'n_clusters': 7, 'init': 'k-means++', 'algorithm': 'lloyd', 'random_state': 3033}",0.20881672875721502,1095.397878764771,1.4638695158898145
BisectingKMeans,"{'n_clusters': 7, 'init': 'k-means++', 'algorithm': 'lloyd', 'random_state': 4044}",0.21310860389060085,1107.217729198067,1.4255266122300634
BisectingKMeans,"{'n_clusters': 7, 'init': 'k-means++', 'algorithm': 'lloyd', 'random_state': 5055}",0.21338918252112724,1107.8881529044384,1.4220946106471786
BisectingKMeans,"{'n_clusters': 7, 'init': 'k-means++', 'algorithm': 'lloyd', 'random_state': 6066}",0.21373761572641672,1107.8927090252673,1.42175775465534
BisectingKMeans,"{'n_clusters': 7, 'init': 'k-means++', 'algorithm': 'elkan', 'random_state': 42}",0.26273532580254205,1077.1225577530372,1.3707531072914512
BisectingKMeans,"{'n_clusters': 7, 'init': 'k-means++', 'algorithm': 'elkan', 'random_state': 123}",0.21327242618810793,1109.1210194909456,1.4241177853295384
BisectingKMeans,"{'n_clusters': 7, 'init': 'k-means++', 'algorithm': 'elkan', 'random_state': 456}",0.2093291974570418,1094.6140997601785,1.4631456501736637
BisectingKMeans,"{'n_clusters': 7, 'init': 'k-means++', 'algorithm': 'elkan', 'random_state': 789}",0.21279662131578286,1108.1223318480193,1.4248702146079535
BisectingKMeans,"{'n_clusters': 7, 'init': 'k-means++', 'algorithm': 'elkan', 'random_state': 1011}",0.22820421665738708,1087.4057279136396,1.3916295146360684
BisectingKMeans,"{'n_clusters': 7, 'init': 'k-means++', 'algorithm': 'elkan', 'random_state': 2022}",0.21295086166755767,1108.142045285449,1.4234680248290907
BisectingKMeans,"{'n_clusters': 7, 'init': 'k-means++', 'algorithm': 'elkan', 'random_state': 3033}",0.20881672875721502,1095.397878764771,1.4638695158898145
BisectingKMeans,"{'n_clusters': 7, 'init': 'k-means++', 'algorithm': 'elkan', 'random_state': 4044}",0.21310860389060085,1107.217729198067,1.4255266122300634
BisectingKMeans,"{'n_clusters': 7, 'init': 'k-means++', 'algorithm': 'elkan', 'random_state': 5055}",0.21338918252112724,1107.8881529044384,1.4220946106471786
BisectingKMeans,"{'n_clusters': 7, 'init': 'k-means++', 'algorithm': 'elkan', 'random_state': 6066}",0.21373761572641672,1107.8927090252673,1.42175775465534
BisectingKMeans,"{'n_clusters': 7, 'init': 'random', 'algorithm': 'lloyd', 'random_state': 42}",0.21273688500862514,1107.1403289094833,1.4238314422156457
BisectingKMeans,"{'n_clusters': 7, 'init': 'random', 'algorithm': 'lloyd', 'random_state': 123}",0.21518917645000038,1093.9827664339448,1.4528000342296272
BisectingKMeans,"{'n_clusters': 7, 'init': 'random', 'algorithm': 'lloyd', 'random_state': 456}",0.2621456520130922,1076.3415935712987,1.3667367054687467
BisectingKMeans,"{'n_clusters': 7, 'init': 'random', 'algorithm': 'lloyd', 'random_state': 789}",0.2130785153828828,1107.9256334975255,1.4226404894227211
BisectingKMeans,"{'n_clusters': 7, 'init': 'random', 'algorithm': 'lloyd', 'random_state': 1011}",0.2043523527419968,1096.0968399477042,1.467375831150515
BisectingKMeans,"{'n_clusters': 7, 'init': 'random', 'algorithm': 'lloyd', 'random_state': 2022}",0.21272771075069832,1106.8675640632116,1.4256541043165154
BisectingKMeans,"{'n_clusters': 7, 'init': 'random', 'algorithm': 'lloyd', 'random_state': 3033}",0.21315444546385046,1109.0673815168025,1.4245589995924726
BisectingKMeans,"{'n_clusters': 7, 'init': 'random', 'algorithm': 'lloyd', 'random_state': 4044}",0.26255405504966167,1077.590911371636,1.369154872731634
BisectingKMeans,"{'n_clusters': 7, 'init': 'random', 'algorithm': 'lloyd', 'random_state': 5055}",0.21208371765092335,1108.1294284414976,1.4264314779343952
BisectingKMeans,"{'n_clusters': 7, 'init': 'random', 'algorithm': 'lloyd', 'random_state': 6066}",0.21254856384641724,1107.8517504274723,1.4233841277715362
BisectingKMeans,"{'n_clusters': 7, 'init': 'random', 'algorithm': 'elkan', 'random_state': 42}",0.21273688500862514,1107.1403289094833,1.4238314422156457
BisectingKMeans,"{'n_clusters': 7, 'init': 'random', 'algorithm': 'elkan', 'random_state': 123}",0.21518917645000038,1093.9827664339448,1.4528000342296272
BisectingKMeans,"{'n_clusters': 7, 'init': 'random', 'algorithm': 'elkan', 'random_state': 456}",0.2621456520130922,1076.3415935712987,1.3667367054687467
BisectingKMeans,"{'n_clusters': 7, 'init': 'random', 'algorithm': 'elkan', 'random_state': 789}",0.2130785153828828,1107.9256334975255,1.4226404894227211
BisectingKMeans,"{'n_clusters': 7, 'init': 'random', 'algorithm': 'elkan', 'random_state': 1011}",0.2043523527419968,1096.0968399477042,1.467375831150515
BisectingKMeans,"{'n_clusters': 7, 'init': 'random', 'algorithm': 'elkan', 'random_state': 2022}",0.21272771075069832,1106.8675640632116,1.4256541043165154
BisectingKMeans,"{'n_clusters': 7, 'init': 'random', 'algorithm': 'elkan', 'random_state': 3033}",0.21315444546385046,1109.0673815168025,1.4245589995924726
BisectingKMeans,"{'n_clusters': 7, 'init': 'random', 'algorithm': 'elkan', 'random_state': 4044}",0.26255405504966167,1077.590911371636,1.369154872731634
BisectingKMeans,"{'n_clusters': 7, 'init': 'random', 'algorithm': 'elkan', 'random_state': 5055}",0.21208371765092335,1108.1294284414976,1.4264314779343952
BisectingKMeans,"{'n_clusters': 7, 'init': 'random', 'algorithm': 'elkan', 'random_state': 6066}",0.21254856384641724,1107.8517504274723,1.4233841277715362
BisectingKMeans,"{'n_clusters': 8, 'init': 'k-means++', 'algorithm': 'lloyd', 'random_state': 42}",0.20776736008686122,1003.8746160228382,1.4411410847576767
BisectingKMeans,"{'n_clusters': 8, 'init': 'k-means++', 'algorithm': 'lloyd', 'random_state': 123}",0.2041071304585334,1032.3783117986325,1.4626864091847611
BisectingKMeans,"{'n_clusters': 8, 'init': 'k-means++', 'algorithm': 'lloyd', 'random_state': 456}",0.2032273109743839,1019.5605680496928,1.4967942860119852
BisectingKMeans,"{'n_clusters': 8, 'init': 'k-means++', 'algorithm': 'lloyd', 'random_state': 789}",0.20370611128605717,1031.1783106419623,1.4637642178752508
BisectingKMeans,"{'n_clusters': 8, 'init': 'k-means++', 'algorithm': 'lloyd', 'random_state': 1011}",0.21019977073466029,999.615280244376,1.457160699651759
BisectingKMeans,"{'n_clusters': 8, 'init': 'k-means++', 'algorithm': 'lloyd', 'random_state': 2022}",0.20497345623047386,1032.4843815689524,1.4600870376143056
BisectingKMeans,"{'n_clusters': 8, 'init': 'k-means++', 'algorithm': 'lloyd', 'random_state': 3033}",0.20257959742223283,1020.3173152278034,1.498312158676745
BisectingKMeans,"{'n_clusters': 8, 'init': 'k-means++', 'algorithm': 'lloyd', 'random_state': 4044}",0.20451102815184377,1031.3792950832703,1.4626181990779776
BisectingKMeans,"{'n_clusters': 8, 'init': 'k-means++', 'algorithm': 'lloyd', 'random_state': 5055}",0.20445894782396687,1031.17786572153,1.461067080112737
BisectingKMeans,"{'n_clusters': 8, 'init': 'k-means++', 'algorithm': 'lloyd', 'random_state': 6066}",0.20466244212832016,1031.1930867203428,1.4606213823448377
BisectingKMeans,"{'n_clusters': 8, 'init': 'k-means++', 'algorithm': 'elkan', 'random_state': 42}",0.20776736008686122,1003.8746160228382,1.4411410847576767
BisectingKMeans,"{'n_clusters': 8, 'init': 'k-means++', 'algorithm': 'elkan', 'random_state': 123}",0.2041071304585334,1032.3783117986325,1.4626864091847611
BisectingKMeans,"{'n_clusters': 8, 'init': 'k-means++', 'algorithm': 'elkan', 'random_state': 456}",0.2032273109743839,1019.5605680496928,1.4967942860119852
BisectingKMeans,"{'n_clusters': 8, 'init': 'k-means++', 'algorithm': 'elkan', 'random_state': 789}",0.20370611128605717,1031.1783106419623,1.4637642178752508
BisectingKMeans,"{'n_clusters': 8, 'init': 'k-means++', 'algorithm': 'elkan', 'random_state': 1011}",0.21019977073466029,999.615280244376,1.457160699651759
BisectingKMeans,"{'n_clusters': 8, 'init': 'k-means++', 'algorithm': 'elkan', 'random_state': 2022}",0.20497345623047386,1032.4843815689524,1.4600870376143056
BisectingKMeans,"{'n_clusters': 8, 'init': 'k-means++', 'algorithm': 'elkan', 'random_state': 3033}",0.20257959742223283,1020.3173152278034,1.498312158676745
BisectingKMeans,"{'n_clusters': 8, 'init': 'k-means++', 'algorithm': 'elkan', 'random_state': 4044}",0.20451102815184377,1031.3792950832703,1.4626181990779776
BisectingKMeans,"{'n_clusters': 8, 'init': 'k-means++', 'algorithm': 'elkan', 'random_state': 5055}",0.20445894782396687,1031.17786572153,1.461067080112737
BisectingKMeans,"{'n_clusters': 8, 'init': 'k-means++', 'algorithm': 'elkan', 'random_state': 6066}",0.20466244212832016,1031.1930867203428,1.4606213823448377
BisectingKMeans,"{'n_clusters': 8, 'init': 'random', 'algorithm': 'lloyd', 'random_state': 42}",0.20455737875612728,1031.3159628152937,1.4609505719744351
BisectingKMeans,"{'n_clusters': 8, 'init': 'random', 'algorithm': 'lloyd', 'random_state': 123}",0.204122446442974,1017.7879793341214,1.502817530503194
BisectingKMeans,"{'n_clusters': 8, 'init': 'random', 'algorithm': 'lloyd', 'random_state': 456}",0.20777577348224882,1001.0049749453556,1.438058658942246
BisectingKMeans,"{'n_clusters': 8, 'init': 'random', 'algorithm': 'lloyd', 'random_state': 789}",0.20407605344032603,1031.2415533459114,1.461396998901133
BisectingKMeans,"{'n_clusters': 8, 'init': 'random', 'algorithm': 'lloyd', 'random_state': 1011}",0.1993573617181626,1019.8332131612012,1.496054653109106
BisectingKMeans,"{'n_clusters': 8, 'init': 'random', 'algorithm': 'lloyd', 'random_state': 2022}",0.20442045677662513,1031.395480439597,1.4627497621567416
BisectingKMeans,"{'n_clusters': 8, 'init': 'random', 'algorithm': 'lloyd', 'random_state': 3033}",0.204264680347648,1032.3432773350567,1.4627184002753295
BisectingKMeans,"{'n_clusters': 8, 'init': 'random', 'algorithm': 'lloyd', 'random_state': 4044}",0.20986611143049025,989.9028697170459,1.460988213466573
BisectingKMeans,"{'n_clusters': 8, 'init': 'random', 'algorithm': 'lloyd', 'random_state': 5055}",0.20336892746335403,1031.194211884379,1.464458768536333
BisectingKMeans,"{'n_clusters': 8, 'init': 'random', 'algorithm': 'lloyd', 'random_state': 6066}",0.2040508173657619,1031.1771306277735,1.4617701320270666
BisectingKMeans,"{'n_clusters': 8, 'init': 'random', 'algorithm': 'elkan', 'random_state': 42}",0.20455737875612728,1031.3159628152937,1.4609505719744351
BisectingKMeans,"{'n_clusters': 8, 'init': 'random', 'algorithm': 'elkan', 'random_state': 123}",0.204122446442974,1017.7879793341214,1.502817530503194
BisectingKMeans,"{'n_clusters': 8, 'init': 'random', 'algorithm': 'elkan', 'random_state': 456}",0.20777577348224882,1001.0049749453556,1.438058658942246
BisectingKMeans,"{'n_clusters': 8, 'init': 'random', 'algorithm': 'elkan', 'random_state': 789}",0.20407605344032603,1031.2415533459114,1.461396998901133
BisectingKMeans,"{'n_clusters': 8, 'init': 'random', 'algorithm': 'elkan', 'random_state': 1011}",0.1993573617181626,1019.8332131612012,1.496054653109106
BisectingKMeans,"{'n_clusters': 8, 'init': 'random', 'algorithm': 'elkan', 'random_state': 2022}",0.20442045677662513,1031.395480439597,1.4627497621567416
BisectingKMeans,"{'n_clusters': 8, 'init': 'random', 'algorithm': 'elkan', 'random_state': 3033}",0.204264680347648,1032.3432773350567,1.4627184002753295
BisectingKMeans,"{'n_clusters': 8, 'init': 'random', 'algorithm': 'elkan', 'random_state': 4044}",0.20986611143049025,989.9028697170459,1.460988213466573
BisectingKMeans,"{'n_clusters': 8, 'init': 'random', 'algorithm': 'elkan', 'random_state': 5055}",0.20336892746335403,1031.194211884379,1.464458768536333
BisectingKMeans,"{'n_clusters': 8, 'init': 'random', 'algorithm': 'elkan', 'random_state': 6066}",0.2040508173657619,1031.1771306277735,1.4617701320270666
BisectingKMeans,"{'n_clusters': 9, 'init': 'k-means++', 'algorithm': 'lloyd', 'random_state': 42}",0.19976087313445318,956.6790053639745,1.471736352042379
BisectingKMeans,"{'n_clusters': 9, 'init': 'k-means++', 'algorithm': 'lloyd', 'random_state': 123}",0.20191920079115228,977.9535427783115,1.429750960252419
BisectingKMeans,"{'n_clusters': 9, 'init': 'k-means++', 'algorithm': 'lloyd', 'random_state': 456}",0.20062529399693121,964.886145964175,1.457581243028582
BisectingKMeans,"{'n_clusters': 9, 'init': 'k-means++', 'algorithm': 'lloyd', 'random_state': 789}",0.20128543577574218,975.4269486810672,1.427658175894929
BisectingKMeans,"{'n_clusters': 9, 'init': 'k-means++', 'algorithm': 'lloyd', 'random_state': 1011}",0.20769020438151067,946.6117078747391,1.4247095420223268
BisectingKMeans,"{'n_clusters': 9, 'init': 'k-means++', 'algorithm': 'lloyd', 'random_state': 2022}",0.2028422287623811,978.9282898519391,1.4276298921162145
BisectingKMeans,"{'n_clusters': 9, 'init': 'k-means++', 'algorithm': 'lloyd', 'random_state': 3033}",0.19985155469074717,964.774782053279,1.4582744585449392
BisectingKMeans,"{'n_clusters': 9, 'init': 'k-means++', 'algorithm': 'lloyd', 'random_state': 4044}",0.20233408555629614,977.8403002381439,1.4295606526234104
BisectingKMeans,"{'n_clusters': 9, 'init': 'k-means++', 'algorithm': 'lloyd', 'random_state': 5055}",0.193633652191588,965.1809267413803,1.4882032943330907
BisectingKMeans,"{'n_clusters': 9, 'init': 'k-means++', 'algorithm': 'lloyd', 'random_state': 6066}",0.20249570956587543,977.6569828649781,1.4277857044161746
BisectingKMeans,"{'n_clusters': 9, 'init': 'k-means++', 'algorithm': 'elkan', 'random_state': 42}",0.19976087313445318,956.6790053639745,1.471736352042379
BisectingKMeans,"{'n_clusters': 9, 'init': 'k-means++', 'algorithm': 'elkan', 'random_state': 123}",0.20191920079115228,977.9535427783115,1.429750960252419
BisectingKMeans,"{'n_clusters': 9, 'init': 'k-means++', 'algorithm': 'elkan', 'random_state': 456}",0.20062529399693121,964.886145964175,1.457581243028582
BisectingKMeans,"{'n_clusters': 9, 'init': 'k-means++', 'algorithm': 'elkan', 'random_state': 789}",0.20128543577574218,975.4269486810672,1.427658175894929
BisectingKMeans,"{'n_clusters': 9, 'init': 'k-means++', 'algorithm': 'elkan', 'random_state': 1011}",0.20769020438151067,946.6117078747391,1.4247095420223268
BisectingKMeans,"{'n_clusters': 9, 'init': 'k-means++', 'algorithm': 'elkan', 'random_state': 2022}",0.2028422287623811,978.9282898519391,1.4276298921162145
BisectingKMeans,"{'n_clusters': 9, 'init': 'k-means++', 'algorithm': 'elkan', 'random_state': 3033}",0.19985155469074717,964.774782053279,1.4582744585449392
BisectingKMeans,"{'n_clusters': 9, 'init': 'k-means++', 'algorithm': 'elkan', 'random_state': 4044}",0.20233408555629614,977.8403002381439,1.4295606526234104
BisectingKMeans,"{'n_clusters': 9, 'init': 'k-means++', 'algorithm': 'elkan', 'random_state': 5055}",0.193633652191588,965.1809267413803,1.4882032943330907
BisectingKMeans,"{'n_clusters': 9, 'init': 'k-means++', 'algorithm': 'elkan', 'random_state': 6066}",0.20249570956587543,977.6569828649781,1.4277857044161746
BisectingKMeans,"{'n_clusters': 9, 'init': 'random', 'algorithm': 'lloyd', 'random_state': 42}",0.20237888648809157,977.777950910933,1.4280783174202611
BisectingKMeans,"{'n_clusters': 9, 'init': 'random', 'algorithm': 'lloyd', 'random_state': 123}",0.2012865834437833,962.2962104023666,1.4623722315642123
BisectingKMeans,"{'n_clusters': 9, 'init': 'random', 'algorithm': 'lloyd', 'random_state': 456}",0.19948736679424653,954.169920731579,1.4698184249927493
BisectingKMeans,"{'n_clusters': 9, 'init': 'random', 'algorithm': 'lloyd', 'random_state': 789}",0.20186761269751838,976.3565904625756,1.4261169878189355
BisectingKMeans,"{'n_clusters': 9, 'init': 'random', 'algorithm': 'lloyd', 'random_state': 1011}",0.196883652880311,966.4790097294516,1.4592819450955243
BisectingKMeans,"{'n_clusters': 9, 'init': 'random', 'algorithm': 'lloyd', 'random_state': 2022}",0.19385803000063437,965.3760489571945,1.4891555730516748
BisectingKMeans,"{'n_clusters': 9, 'init': 'random', 'algorithm': 'lloyd', 'random_state': 3033}",0.20213075110731724,978.78936291136,1.4299688811482356
BisectingKMeans,"{'n_clusters': 9, 'init': 'random', 'algorithm': 'lloyd', 'random_state': 4044}",0.19962565383687592,943.0535124079495,1.5032183754893018
BisectingKMeans,"{'n_clusters': 9, 'init': 'random', 'algorithm': 'lloyd', 'random_state': 5055}",0.20093473736862444,975.4425503503129,1.4282755542603356
BisectingKMeans,"{'n_clusters': 9, 'init': 'random', 'algorithm': 'lloyd', 'random_state': 6066}",0.19436467629534576,964.1856503612296,1.4906094777624508
BisectingKMeans,"{'n_clusters': 9, 'init': 'random', 'algorithm': 'elkan', 'random_state': 42}",0.20237888648809157,977.777950910933,1.4280783174202611
BisectingKMeans,"{'n_clusters': 9, 'init': 'random', 'algorithm': 'elkan', 'random_state': 123}",0.2012865834437833,962.2962104023666,1.4623722315642123
BisectingKMeans,"{'n_clusters': 9, 'init': 'random', 'algorithm': 'elkan', 'random_state': 456}",0.19948736679424653,954.169920731579,1.4698184249927493
BisectingKMeans,"{'n_clusters': 9, 'init': 'random', 'algorithm': 'elkan', 'random_state': 789}",0.20186761269751838,976.3565904625756,1.4261169878189355
BisectingKMeans,"{'n_clusters': 9, 'init': 'random', 'algorithm': 'elkan', 'random_state': 1011}",0.196883652880311,966.4790097294516,1.4592819450955243
BisectingKMeans,"{'n_clusters': 9, 'init': 'random', 'algorithm': 'elkan', 'random_state': 2022}",0.19385803000063437,965.3760489571945,1.4891555730516748
BisectingKMeans,"{'n_clusters': 9, 'init': 'random', 'algorithm': 'elkan', 'random_state': 3033}",0.20213075110731724,978.78936291136,1.4299688811482356
BisectingKMeans,"{'n_clusters': 9, 'init': 'random', 'algorithm': 'elkan', 'random_state': 4044}",0.19962565383687592,943.0535124079495,1.5032183754893018
BisectingKMeans,"{'n_clusters': 9, 'init': 'random', 'algorithm': 'elkan', 'random_state': 5055}",0.20093473736862444,975.4425503503129,1.4282755542603356
BisectingKMeans,"{'n_clusters': 9, 'init': 'random', 'algorithm': 'elkan', 'random_state': 6066}",0.19436467629534576,964.1856503612296,1.4906094777624508
BisectingKMeans,"{'n_clusters': 10, 'init': 'k-means++', 'algorithm': 'lloyd', 'random_state': 42}",0.20415902094357943,930.7272794586645,1.464922012905993
BisectingKMeans,"{'n_clusters': 10, 'init': 'k-means++', 'algorithm': 'lloyd', 'random_state': 123}",0.20326427208613979,931.0966439228781,1.467975090886162
BisectingKMeans,"{'n_clusters': 10, 'init': 'k-means++', 'algorithm': 'lloyd', 'random_state': 456}",0.20118308540650162,919.264622903613,1.497088241867028
BisectingKMeans,"{'n_clusters': 10, 'init': 'k-means++', 'algorithm': 'lloyd', 'random_state': 789}",0.20291295045198113,930.608704434976,1.4698990067249642
BisectingKMeans,"{'n_clusters': 10, 'init': 'k-means++', 'algorithm': 'lloyd', 'random_state': 1011}",0.19600447818609407,909.2707647156328,1.4716304795657962
BisectingKMeans,"{'n_clusters': 10, 'init': 'k-means++', 'algorithm': 'lloyd', 'random_state': 2022}",0.20154945045339817,920.3365378660553,1.5119359453208145
BisectingKMeans,"{'n_clusters': 10, 'init': 'k-means++', 'algorithm': 'lloyd', 'random_state': 3033}",0.20031470687744513,919.0019763094152,1.4981406021549055
BisectingKMeans,"{'n_clusters': 10, 'init': 'k-means++', 'algorithm': 'lloyd', 'random_state': 4044}",0.20388943975394713,931.4899908291871,1.4659415270633909
BisectingKMeans,"{'n_clusters': 10, 'init': 'k-means++', 'algorithm': 'lloyd', 'random_state': 5055}",0.19718693724653683,919.0133934344151,1.524401379991398
BisectingKMeans,"{'n_clusters': 10, 'init': 'k-means++', 'algorithm': 'lloyd', 'random_state': 6066}",0.20402319731204702,931.3092288521698,1.464344073676879
BisectingKMeans,"{'n_clusters': 10, 'init': 'k-means++', 'algorithm': 'elkan', 'random_state': 42}",0.20415902094357943,930.7272794586645,1.464922012905993
BisectingKMeans,"{'n_clusters': 10, 'init': 'k-means++', 'algorithm': 'elkan', 'random_state': 123}",0.20326427208613979,931.0966439228781,1.467975090886162
BisectingKMeans,"{'n_clusters': 10, 'init': 'k-means++', 'algorithm': 'elkan', 'random_state': 456}",0.20118308540650162,919.264622903613,1.497088241867028
BisectingKMeans,"{'n_clusters': 10, 'init': 'k-means++', 'algorithm': 'elkan', 'random_state': 789}",0.20291295045198113,930.608704434976,1.4698990067249642
BisectingKMeans,"{'n_clusters': 10, 'init': 'k-means++', 'algorithm': 'elkan', 'random_state': 1011}",0.19600447818609407,909.2707647156328,1.4716304795657962
BisectingKMeans,"{'n_clusters': 10, 'init': 'k-means++', 'algorithm': 'elkan', 'random_state': 2022}",0.20154945045339817,920.3365378660553,1.5119359453208145
BisectingKMeans,"{'n_clusters': 10, 'init': 'k-means++', 'algorithm': 'elkan', 'random_state': 3033}",0.20031470687744513,919.0019763094152,1.4981406021549055
BisectingKMeans,"{'n_clusters': 10, 'init': 'k-means++', 'algorithm': 'elkan', 'random_state': 4044}",0.20388943975394713,931.4899908291871,1.4659415270633909
BisectingKMeans,"{'n_clusters': 10, 'init': 'k-means++', 'algorithm': 'elkan', 'random_state': 5055}",0.19718693724653683,919.0133934344151,1.524401379991398
BisectingKMeans,"{'n_clusters': 10, 'init': 'k-means++', 'algorithm': 'elkan', 'random_state': 6066}",0.20402319731204702,931.3092288521698,1.464344073676879
BisectingKMeans,"{'n_clusters': 10, 'init': 'random', 'algorithm': 'lloyd', 'random_state': 42}",0.20140665053800666,920.3826684965187,1.5105011729951674
BisectingKMeans,"{'n_clusters': 10, 'init': 'random', 'algorithm': 'lloyd', 'random_state': 123}",0.20086830127789185,908.5859820515475,1.5400555294160203
BisectingKMeans,"{'n_clusters': 10, 'init': 'random', 'algorithm': 'lloyd', 'random_state': 456}",0.20438152536712875,930.8206470236439,1.4582949778149588
BisectingKMeans,"{'n_clusters': 10, 'init': 'random', 'algorithm': 'lloyd', 'random_state': 789}",0.20326583193246417,930.5787143552611,1.4687704121783463
BisectingKMeans,"{'n_clusters': 10, 'init': 'random', 'algorithm': 'lloyd', 'random_state': 1011}",0.19761805544833275,920.2921459601448,1.4926906902882933
BisectingKMeans,"{'n_clusters': 10, 'init': 'random', 'algorithm': 'lloyd', 'random_state': 2022}",0.19466843101734685,908.3764810858626,1.5715094238086942
BisectingKMeans,"{'n_clusters': 10, 'init': 'random', 'algorithm': 'lloyd', 'random_state': 3033}",0.20342727160833624,931.4541337374275,1.4668507478711772
BisectingKMeans,"{'n_clusters': 10, 'init': 'random', 'algorithm': 'lloyd', 'random_state': 4044}",0.20391195184030944,917.7135870625273,1.4920024759336787
BisectingKMeans,"{'n_clusters': 10, 'init': 'random', 'algorithm': 'lloyd', 'random_state': 5055}",0.20065109031617545,921.5811139777819,1.5078212147538843
BisectingKMeans,"{'n_clusters': 10, 'init': 'random', 'algorithm': 'lloyd', 'random_state': 6066}",0.19758696953786817,918.4915989814399,1.5276058446463174
BisectingKMeans,"{'n_clusters': 10, 'init': 'random', 'algorithm': 'elkan', 'random_state': 42}",0.20140665053800666,920.3826684965187,1.5105011729951674
BisectingKMeans,"{'n_clusters': 10, 'init': 'random', 'algorithm': 'elkan', 'random_state': 123}",0.20086830127789185,908.5859820515475,1.5400555294160203
BisectingKMeans,"{'n_clusters': 10, 'init': 'random', 'algorithm': 'elkan', 'random_state': 456}",0.20438152536712875,930.8206470236439,1.4582949778149588
BisectingKMeans,"{'n_clusters': 10, 'init': 'random', 'algorithm': 'elkan', 'random_state': 789}",0.20326583193246417,930.5787143552611,1.4687704121783463
BisectingKMeans,"{'n_clusters': 10, 'init': 'random', 'algorithm': 'elkan', 'random_state': 1011}",0.19761805544833275,920.2921459601448,1.4926906902882933
BisectingKMeans,"{'n_clusters': 10, 'init': 'random', 'algorithm': 'elkan', 'random_state': 2022}",0.19466843101734685,908.3764810858626,1.5715094238086942
BisectingKMeans,"{'n_clusters': 10, 'init': 'random', 'algorithm': 'elkan', 'random_state': 3033}",0.20342727160833624,931.4541337374275,1.4668507478711772
BisectingKMeans,"{'n_clusters': 10, 'init': 'random', 'algorithm': 'elkan', 'random_state': 4044}",0.20391195184030944,917.7135870625273,1.4920024759336787
BisectingKMeans,"{'n_clusters': 10, 'init': 'random', 'algorithm': 'elkan', 'random_state': 5055}",0.20065109031617545,921.5811139777819,1.5078212147538843
BisectingKMeans,"{'n_clusters': 10, 'init': 'random', 'algorithm': 'elkan', 'random_state': 6066}",0.19758696953786817,918.4915989814399,1.5276058446463174
BisectingKMeans,"{'n_clusters': 11, 'init': 'k-means++', 'algorithm': 'lloyd', 'random_state': 42}",0.19448459372996316,892.2481113300789,1.4797691545947946
BisectingKMeans,"{'n_clusters': 11, 'init': 'k-means++', 'algorithm': 'lloyd', 'random_state': 123}",0.19351963796797886,892.6530234676404,1.4848364185541145
BisectingKMeans,"{'n_clusters': 11, 'init': 'k-means++', 'algorithm': 'lloyd', 'random_state': 456}",0.19211437010313095,875.6326305958146,1.5411083550871894
BisectingKMeans,"{'n_clusters': 11, 'init': 'k-means++', 'algorithm': 'lloyd', 'random_state': 789}",0.19398689090141774,892.1123142610294,1.4868931358577968
BisectingKMeans,"{'n_clusters': 11, 'init': 'k-means++', 'algorithm': 'lloyd', 'random_state': 1011}",0.1979451664646417,878.4411168279091,1.5008794720619252
BisectingKMeans,"{'n_clusters': 11, 'init': 'k-means++', 'algorithm': 'lloyd', 'random_state': 2022}",0.1899515702016914,877.2927453582053,1.553069902161927
BisectingKMeans,"{'n_clusters': 11, 'init': 'k-means++', 'algorithm': 'lloyd', 'random_state': 3033}",0.1917080429401422,874.7037591102227,1.5411878458097623
BisectingKMeans,"{'n_clusters': 11, 'init': 'k-means++', 'algorithm': 'lloyd', 'random_state': 4044}",0.19200116168964848,886.3606983424771,1.511663963822562
BisectingKMeans,"{'n_clusters': 11, 'init': 'k-means++', 'algorithm': 'lloyd', 'random_state': 5055}",0.1853049237841672,875.3693207330502,1.5654744302992498
BisectingKMeans,"{'n_clusters': 11, 'init': 'k-means++', 'algorithm': 'lloyd', 'random_state': 6066}",0.19435196789621562,894.1262102773004,1.4827353565091228
BisectingKMeans,"{'n_clusters': 11, 'init': 'k-means++', 'algorithm': 'elkan', 'random_state': 42}",0.19448459372996316,892.2481113300789,1.4797691545947946
BisectingKMeans,"{'n_clusters': 11, 'init': 'k-means++', 'algorithm': 'elkan', 'random_state': 123}",0.19351963796797886,892.6530234676404,1.4848364185541145
BisectingKMeans,"{'n_clusters': 11, 'init': 'k-means++', 'algorithm': 'elkan', 'random_state': 456}",0.19211437010313095,875.6326305958146,1.5411083550871894
BisectingKMeans,"{'n_clusters': 11, 'init': 'k-means++', 'algorithm': 'elkan', 'random_state': 789}",0.19398689090141774,892.1123142610294,1.4868931358577968
BisectingKMeans,"{'n_clusters': 11, 'init': 'k-means++', 'algorithm': 'elkan', 'random_state': 1011}",0.1979451664646417,878.4411168279091,1.5008794720619252
BisectingKMeans,"{'n_clusters': 11, 'init': 'k-means++', 'algorithm': 'elkan', 'random_state': 2022}",0.1899515702016914,877.2927453582053,1.553069902161927
BisectingKMeans,"{'n_clusters': 11, 'init': 'k-means++', 'algorithm': 'elkan', 'random_state': 3033}",0.1917080429401422,874.7037591102227,1.5411878458097623
BisectingKMeans,"{'n_clusters': 11, 'init': 'k-means++', 'algorithm': 'elkan', 'random_state': 4044}",0.19200116168964848,886.3606983424771,1.511663963822562
BisectingKMeans,"{'n_clusters': 11, 'init': 'k-means++', 'algorithm': 'elkan', 'random_state': 5055}",0.1853049237841672,875.3693207330502,1.5654744302992498
BisectingKMeans,"{'n_clusters': 11, 'init': 'k-means++', 'algorithm': 'elkan', 'random_state': 6066}",0.19435196789621562,894.1262102773004,1.4827353565091228
BisectingKMeans,"{'n_clusters': 11, 'init': 'random', 'algorithm': 'lloyd', 'random_state': 42}",0.19168380804331772,883.2804511658089,1.5249988921513216
BisectingKMeans,"{'n_clusters': 11, 'init': 'random', 'algorithm': 'lloyd', 'random_state': 123}",0.19160929655020537,863.9301001608538,1.5810952794854074
BisectingKMeans,"{'n_clusters': 11, 'init': 'random', 'algorithm': 'lloyd', 'random_state': 456}",0.19456676097574754,892.3795205112068,1.4760363157621115
BisectingKMeans,"{'n_clusters': 11, 'init': 'random', 'algorithm': 'lloyd', 'random_state': 789}",0.19358040799209408,893.4007287637879,1.4867593006013657
BisectingKMeans,"{'n_clusters': 11, 'init': 'random', 'algorithm': 'lloyd', 'random_state': 1011}",0.18941654031676894,881.9074518195374,1.5071946580940006
BisectingKMeans,"{'n_clusters': 11, 'init': 'random', 'algorithm': 'lloyd', 'random_state': 2022}",0.18475738816673418,870.0982760713401,1.5793655167424954
BisectingKMeans,"{'n_clusters': 11, 'init': 'random', 'algorithm': 'lloyd', 'random_state': 3033}",0.19459320389048093,892.9461922271146,1.4839324096971789
BisectingKMeans,"{'n_clusters': 11, 'init': 'random', 'algorithm': 'lloyd', 'random_state': 4044}",0.19688658803984038,879.3548341181487,1.506569008680714
BisectingKMeans,"{'n_clusters': 11, 'init': 'random', 'algorithm': 'lloyd', 'random_state': 5055}",0.1916325963407449,883.1706636843865,1.5213678704295424
BisectingKMeans,"{'n_clusters': 11, 'init': 'random', 'algorithm': 'lloyd', 'random_state': 6066}",0.1887726284803092,881.2686642477466,1.5412869981926425
BisectingKMeans,"{'n_clusters': 11, 'init': 'random', 'algorithm': 'elkan', 'random_state': 42}",0.19168380804331772,883.2804511658089,1.5249988921513216
BisectingKMeans,"{'n_clusters': 11, 'init': 'random', 'algorithm': 'elkan', 'random_state': 123}",0.19160929655020537,863.9301001608538,1.5810952794854074
BisectingKMeans,"{'n_clusters': 11, 'init': 'random', 'algorithm': 'elkan', 'random_state': 456}",0.19456676097574754,892.3795205112068,1.4760363157621115
BisectingKMeans,"{'n_clusters': 11, 'init': 'random', 'algorithm': 'elkan', 'random_state': 789}",0.19358040799209408,893.4007287637879,1.4867593006013657
BisectingKMeans,"{'n_clusters': 11, 'init': 'random', 'algorithm': 'elkan', 'random_state': 1011}",0.18941654031676894,881.9074518195374,1.5071946580940006
BisectingKMeans,"{'n_clusters': 11, 'init': 'random', 'algorithm': 'elkan', 'random_state': 2022}",0.18475738816673418,870.0982760713401,1.5793655167424954
BisectingKMeans,"{'n_clusters': 11, 'init': 'random', 'algorithm': 'elkan', 'random_state': 3033}",0.19459320389048093,892.9461922271146,1.4839324096971789
BisectingKMeans,"{'n_clusters': 11, 'init': 'random', 'algorithm': 'elkan', 'random_state': 4044}",0.19688658803984038,879.3548341181487,1.506569008680714
BisectingKMeans,"{'n_clusters': 11, 'init': 'random', 'algorithm': 'elkan', 'random_state': 5055}",0.1916325963407449,883.1706636843865,1.5213678704295424
BisectingKMeans,"{'n_clusters': 11, 'init': 'random', 'algorithm': 'elkan', 'random_state': 6066}",0.1887726284803092,881.2686642477466,1.5412869981926425
BisectingKMeans,"{'n_clusters': 12, 'init': 'k-means++', 'algorithm': 'lloyd', 'random_state': 42}",0.1966333619445014,852.1242426830997,1.4618660264017558
BisectingKMeans,"{'n_clusters': 12, 'init': 'k-means++', 'algorithm': 'lloyd', 'random_state': 123}",0.1949347168332208,853.4363948547839,1.4817380666932036
BisectingKMeans,"{'n_clusters': 12, 'init': 'k-means++', 'algorithm': 'lloyd', 'random_state': 456}",0.19219725807780674,834.8188777167436,1.5203950712274754
BisectingKMeans,"{'n_clusters': 12, 'init': 'k-means++', 'algorithm': 'lloyd', 'random_state': 789}",0.1952291717683732,852.7299314136887,1.4829452966678727
BisectingKMeans,"{'n_clusters': 12, 'init': 'k-means++', 'algorithm': 'lloyd', 'random_state': 1011}",0.19317363408982746,835.2379509915792,1.4969094386484487
BisectingKMeans,"{'n_clusters': 12, 'init': 'k-means++', 'algorithm': 'lloyd', 'random_state': 2022}",0.18900156883786293,836.4313722746928,1.546274210376759
BisectingKMeans,"{'n_clusters': 12, 'init': 'k-means++', 'algorithm': 'lloyd', 'random_state': 3033}",0.1919826833206291,835.5823566640363,1.5255362627572289
BisectingKMeans,"{'n_clusters': 12, 'init': 'k-means++', 'algorithm': 'lloyd', 'random_state': 4044}",0.19110017858406528,847.080969755215,1.5113606976113518
BisectingKMeans,"{'n_clusters': 12, 'init': 'k-means++', 'algorithm': 'lloyd', 'random_state': 5055}",0.18867268300720486,838.0051601300072,1.510092398890702
BisectingKMeans,"{'n_clusters': 12, 'init': 'k-means++', 'algorithm': 'lloyd', 'random_state': 6066}",0.1963867370282797,852.9737142612267,1.4576057130332611
BisectingKMeans,"{'n_clusters': 12, 'init': 'k-means++', 'algorithm': 'elkan', 'random_state': 42}",0.1966333619445014,852.1242426830997,1.4618660264017558
BisectingKMeans,"{'n_clusters': 12, 'init': 'k-means++', 'algorithm': 'elkan', 'random_state': 123}",0.1949347168332208,853.4363948547839,1.4817380666932036
BisectingKMeans,"{'n_clusters': 12, 'init': 'k-means++', 'algorithm': 'elkan', 'random_state': 456}",0.19219725807780674,834.8188777167436,1.5203950712274754
BisectingKMeans,"{'n_clusters': 12, 'init': 'k-means++', 'algorithm': 'elkan', 'random_state': 789}",0.1952291717683732,852.7299314136887,1.4829452966678727
BisectingKMeans,"{'n_clusters': 12, 'init': 'k-means++', 'algorithm': 'elkan', 'random_state': 1011}",0.19317363408982746,835.2379509915792,1.4969094386484487
BisectingKMeans,"{'n_clusters': 12, 'init': 'k-means++', 'algorithm': 'elkan', 'random_state': 2022}",0.18900156883786293,836.4313722746928,1.546274210376759
BisectingKMeans,"{'n_clusters': 12, 'init': 'k-means++', 'algorithm': 'elkan', 'random_state': 3033}",0.1919826833206291,835.5823566640363,1.5255362627572289
BisectingKMeans,"{'n_clusters': 12, 'init': 'k-means++', 'algorithm': 'elkan', 'random_state': 4044}",0.19110017858406528,847.080969755215,1.5113606976113518
BisectingKMeans,"{'n_clusters': 12, 'init': 'k-means++', 'algorithm': 'elkan', 'random_state': 5055}",0.18867268300720486,838.0051601300072,1.510092398890702
BisectingKMeans,"{'n_clusters': 12, 'init': 'k-means++', 'algorithm': 'elkan', 'random_state': 6066}",0.1963867370282797,852.9737142612267,1.4576057130332611
BisectingKMeans,"{'n_clusters': 12, 'init': 'random', 'algorithm': 'lloyd', 'random_state': 42}",0.19364972333494096,842.3556504107431,1.4978160106876246
BisectingKMeans,"{'n_clusters': 12, 'init': 'random', 'algorithm': 'lloyd', 'random_state': 123}",0.1907927335813631,825.0718545397708,1.575351848625111
BisectingKMeans,"{'n_clusters': 12, 'init': 'random', 'algorithm': 'lloyd', 'random_state': 456}",0.19390651766781478,838.7608422761176,1.5200515254003966
BisectingKMeans,"{'n_clusters': 12, 'init': 'random', 'algorithm': 'lloyd', 'random_state': 789}",0.19544822953459176,852.1975922470593,1.465118615255192
BisectingKMeans,"{'n_clusters': 12, 'init': 'random', 'algorithm': 'lloyd', 'random_state': 1011}",0.18267353389730526,840.4362378088723,1.473765376072464
BisectingKMeans,"{'n_clusters': 12, 'init': 'random', 'algorithm': 'lloyd', 'random_state': 2022}",0.1860237291303233,831.1207744876755,1.5686095379846572
BisectingKMeans,"{'n_clusters': 12, 'init': 'random', 'algorithm': 'lloyd', 'random_state': 3033}",0.1958587979206609,853.7244928520156,1.480020336625721
BisectingKMeans,"{'n_clusters': 12, 'init': 'random', 'algorithm': 'lloyd', 'random_state': 4044}",0.1983955591272397,840.2031365420514,1.5018646056039204
BisectingKMeans,"{'n_clusters': 12, 'init': 'random', 'algorithm': 'lloyd', 'random_state': 5055}",0.19099703344370866,829.9394541597367,1.569433266314314
BisectingKMeans,"{'n_clusters': 12, 'init': 'random', 'algorithm': 'lloyd', 'random_state': 6066}",0.18944678555901512,840.3077477270551,1.535021462837473
BisectingKMeans,"{'n_clusters': 12, 'init': 'random', 'algorithm': 'elkan', 'random_state': 42}",0.19364972333494096,842.3556504107431,1.4978160106876246
BisectingKMeans,"{'n_clusters': 12, 'init': 'random', 'algorithm': 'elkan', 'random_state': 123}",0.1907927335813631,825.0718545397708,1.575351848625111
BisectingKMeans,"{'n_clusters': 12, 'init': 'random', 'algorithm': 'elkan', 'random_state': 456}",0.19390651766781478,838.7608422761176,1.5200515254003966
BisectingKMeans,"{'n_clusters': 12, 'init': 'random', 'algorithm': 'elkan', 'random_state': 789}",0.19544822953459176,852.1975922470593,1.465118615255192
BisectingKMeans,"{'n_clusters': 12, 'init': 'random', 'algorithm': 'elkan', 'random_state': 1011}",0.18267353389730526,840.4362378088723,1.473765376072464
BisectingKMeans,"{'n_clusters': 12, 'init': 'random', 'algorithm': 'elkan', 'random_state': 2022}",0.1860237291303233,831.1207744876755,1.5686095379846572
BisectingKMeans,"{'n_clusters': 12, 'init': 'random', 'algorithm': 'elkan', 'random_state': 3033}",0.1958587979206609,853.7244928520156,1.480020336625721
BisectingKMeans,"{'n_clusters': 12, 'init': 'random', 'algorithm': 'elkan', 'random_state': 4044}",0.1983955591272397,840.2031365420514,1.5018646056039204
BisectingKMeans,"{'n_clusters': 12, 'init': 'random', 'algorithm': 'elkan', 'random_state': 5055}",0.19099703344370866,829.9394541597367,1.569433266314314
BisectingKMeans,"{'n_clusters': 12, 'init': 'random', 'algorithm': 'elkan', 'random_state': 6066}",0.18944678555901512,840.3077477270551,1.535021462837473
AgglomerativeClustering,"{'n_clusters': 5, 'linkage': 'ward', 'metric': 'euclidean'}",0.25436164317648374,1204.094466543848,1.3616598602598409
AgglomerativeClustering,"{'n_clusters': 5, 'linkage': 'complete', 'metric': 'euclidean'}",0.28298053045985605,839.044890205579,1.2564164706010508
AgglomerativeClustering,"{'n_clusters': 5, 'linkage': 'complete', 'metric': 'l1'}",0.2778562582710445,813.2267715276283,1.2968041261970078
AgglomerativeClustering,"{'n_clusters': 5, 'linkage': 'complete', 'metric': 'l2'}",0.28298053045985605,839.044890205579,1.2564164706010508
AgglomerativeClustering,"{'n_clusters': 5, 'linkage': 'complete', 'metric': 'manhattan'}",0.2778562582710445,813.2267715276283,1.2968041261970078
AgglomerativeClustering,"{'n_clusters': 5, 'linkage': 'complete', 'metric': 'cosine'}",0.1542502014568378,736.8667498368873,1.342588718622078
AgglomerativeClustering,"{'n_clusters': 5, 'linkage': 'average', 'metric': 'euclidean'}",0.37850107437217856,420.3540206573599,0.9087643326894627
AgglomerativeClustering,"{'n_clusters': 5, 'linkage': 'average', 'metric': 'l1'}",0.31977220667240047,535.0526634366348,1.1086669966568545
AgglomerativeClustering,"{'n_clusters': 5, 'linkage': 'average', 'metric': 'l2'}",0.37850107437217856,420.3540206573599,0.9087643326894627
AgglomerativeClustering,"{'n_clusters': 5, 'linkage': 'average', 'metric': 'manhattan'}",0.31977220667240047,535.0526634366348,1.1086669966568545
AgglomerativeClustering,"{'n_clusters': 5, 'linkage': 'average', 'metric': 'cosine'}",0.1850101283342393,918.9954850631434,1.1918632887362421
AgglomerativeClustering,"{'n_clusters': 5, 'linkage': 'single', 'metric': 'euclidean'}",0.21395894585324757,8.739648773031757,0.5244989044678906
AgglomerativeClustering,"{'n_clusters': 5, 'linkage': 'single', 'metric': 'l1'}",0.18882460401755471,8.393357789757317,0.5347202758335673
AgglomerativeClustering,"{'n_clusters': 5, 'linkage': 'single', 'metric': 'l2'}",0.21395894585324757,8.739648773031757,0.5244989044678906
AgglomerativeClustering,"{'n_clusters': 5, 'linkage': 'single', 'metric': 'manhattan'}",0.18882460401755471,8.393357789757317,0.5347202758335673
AgglomerativeClustering,"{'n_clusters': 5, 'linkage': 'single', 'metric': 'cosine'}",-0.3779334280577332,0.34904043579852273,1.7718176102569863
AgglomerativeClustering,"{'n_clusters': 6, 'linkage': 'ward', 'metric': 'euclidean'}",0.24241790758333406,1115.301440890309,1.4389564582540235
AgglomerativeClustering,"{'n_clusters': 6, 'linkage': 'complete', 'metric': 'euclidean'}",0.28213575594905105,722.6918478767252,1.1652913451627305
AgglomerativeClustering,"{'n_clusters': 6, 'linkage': 'complete', 'metric': 'l1'}",0.1793968682680914,774.5165559054626,1.3493773623944803
AgglomerativeClustering,"{'n_clusters': 6, 'linkage': 'complete', 'metric': 'l2'}",0.28213575594905105,722.6918478767252,1.1652913451627305
AgglomerativeClustering,"{'n_clusters': 6, 'linkage': 'complete', 'metric': 'manhattan'}",0.1793968682680914,774.5165559054626,1.3493773623944803
AgglomerativeClustering,"{'n_clusters': 6, 'linkage': 'complete', 'metric': 'cosine'}",0.13911682331339628,616.9365108931296,1.4374233602655497
AgglomerativeClustering,"{'n_clusters': 6, 'linkage': 'average', 'metric': 'euclidean'}",0.31548376400524386,428.74258191181184,0.9534050015587953
AgglomerativeClustering,"{'n_clusters': 6, 'linkage': 'average', 'metric': 'l1'}",0.30754393917548,432.94909832557147,1.0681166510215439
AgglomerativeClustering,"{'n_clusters': 6, 'linkage': 'average', 'metric': 'l2'}",0.31548376400524386,428.74258191181184,0.9534050015587953
AgglomerativeClustering,"{'n_clusters': 6, 'linkage': 'average', 'metric': 'manhattan'}",0.30754393917548,432.94909832557147,1.0681166510215439
AgglomerativeClustering,"{'n_clusters': 6, 'linkage': 'average', 'metric': 'cosine'}",0.163060941075116,777.671772430145,1.3699620606516734
AgglomerativeClustering,"{'n_clusters': 6, 'linkage': 'single', 'metric': 'euclidean'}",0.18741959811967165,7.948625417765792,0.5073625326527464
AgglomerativeClustering,"{'n_clusters': 6, 'linkage': 'single', 'metric': 'l1'}",0.18763413784517904,6.745786493584382,0.5534407847205965
AgglomerativeClustering,"{'n_clusters': 6, 'linkage': 'single', 'metric': 'l2'}",0.18741959811967165,7.948625417765792,0.5073625326527464
AgglomerativeClustering,"{'n_clusters': 6, 'linkage': 'single', 'metric': 'manhattan'}",0.18763413784517904,6.745786493584382,0.5534407847205965
AgglomerativeClustering,"{'n_clusters': 6, 'linkage': 'single', 'metric': 'cosine'}",-0.3789917242761123,0.3242386831456295,1.7996164663582108
AgglomerativeClustering,"{'n_clusters': 7, 'linkage': 'ward', 'metric': 'euclidean'}",0.24265306684749877,1015.0299855537766,1.4154210617220466
AgglomerativeClustering,"{'n_clusters': 7, 'linkage': 'complete', 'metric': 'euclidean'}",0.18115641315124864,697.0382550467217,1.395395891935936
AgglomerativeClustering,"{'n_clusters': 7, 'linkage': 'complete', 'metric': 'l1'}",0.16373607076979507,710.0512478867846,1.5679505100244417
AgglomerativeClustering,"{'n_clusters': 7, 'linkage': 'complete', 'metric': 'l2'}",0.18115641315124864,697.0382550467217,1.395395891935936
AgglomerativeClustering,"{'n_clusters': 7, 'linkage': 'complete', 'metric': 'manhattan'}",0.16373607076979507,710.0512478867846,1.5679505100244417
AgglomerativeClustering,"{'n_clusters': 7, 'linkage': 'complete', 'metric': 'cosine'}",0.1134205563565906,528.1806135048253,1.4369585208487707
AgglomerativeClustering,"{'n_clusters': 7, 'linkage': 'average', 'metric': 'euclidean'}",0.29119985990660197,363.976112251026,0.9122535108028539
AgglomerativeClustering,"{'n_clusters': 7, 'linkage': 'average', 'metric': 'l1'}",0.2336733155436989,412.5776214364137,1.1440773800470303
AgglomerativeClustering,"{'n_clusters': 7, 'linkage': 'average', 'metric': 'l2'}",0.29119985990660197,363.976112251026,0.9122535108028539
AgglomerativeClustering,"{'n_clusters': 7, 'linkage': 'average', 'metric': 'manhattan'}",0.2336733155436989,412.5776214364137,1.1440773800470303
AgglomerativeClustering,"{'n_clusters': 7, 'linkage': 'average', 'metric': 'cosine'}",0.12425720288988704,653.5600276078072,1.4235896918885587
AgglomerativeClustering,"{'n_clusters': 7, 'linkage': 'single', 'metric': 'euclidean'}",0.01082489786934689,6.8380304296245225,0.5729897154085793
AgglomerativeClustering,"{'n_clusters': 7, 'linkage': 'single', 'metric': 'l1'}",0.18727271357523978,5.644578641919401,0.459559322823273
AgglomerativeClustering,"{'n_clusters': 7, 'linkage': 'single', 'metric': 'l2'}",0.01082489786934689,6.8380304296245225,0.5729897154085793
AgglomerativeClustering,"{'n_clusters': 7, 'linkage': 'single', 'metric': 'manhattan'}",0.18727271357523978,5.644578641919401,0.459559322823273
AgglomerativeClustering,"{'n_clusters': 7, 'linkage': 'single', 'metric': 'cosine'}",-0.4059240172519626,0.28210345600753467,2.2326053882874497
AgglomerativeClustering,"{'n_clusters': 8, 'linkage': 'ward', 'metric': 'euclidean'}",0.18462440338285988,933.2231869922524,1.487936672019438
AgglomerativeClustering,"{'n_clusters': 8, 'linkage': 'complete', 'metric': 'euclidean'}",0.18100604932303252,611.1170087680923,1.2997283432538675
AgglomerativeClustering,"{'n_clusters': 8, 'linkage': 'complete', 'metric': 'l1'}",0.1602853209072282,622.8288409548898,1.4697261636378225
AgglomerativeClustering,"{'n_clusters': 8, 'linkage': 'complete', 'metric': 'l2'}",0.18100604932303252,611.1170087680923,1.2997283432538675
AgglomerativeClustering,"{'n_clusters': 8, 'linkage': 'complete', 'metric': 'manhattan'}",0.1602853209072282,622.8288409548898,1.4697261636378225
AgglomerativeClustering,"{'n_clusters': 8, 'linkage': 'complete', 'metric': 'cosine'}",0.11486119677530958,482.7669509030882,1.4353071018750798
AgglomerativeClustering,"{'n_clusters': 8, 'linkage': 'average', 'metric': 'euclidean'}",0.27931019574271576,324.69466596213596,0.9328861813305105
AgglomerativeClustering,"{'n_clusters': 8, 'linkage': 'average', 'metric': 'l1'}",0.2321907409127948,418.2028254150695,1.1230275200628845
AgglomerativeClustering,"{'n_clusters': 8, 'linkage': 'average', 'metric': 'l2'}",0.27931019574271576,324.69466596213596,0.9328861813305105
AgglomerativeClustering,"{'n_clusters': 8, 'linkage': 'average', 'metric': 'manhattan'}",0.2321907409127948,418.2028254150695,1.1230275200628845
AgglomerativeClustering,"{'n_clusters': 8, 'linkage': 'average', 'metric': 'cosine'}",0.1207706527383131,582.1485389054931,1.4296607172705285
AgglomerativeClustering,"{'n_clusters': 8, 'linkage': 'single', 'metric': 'euclidean'}",-0.0035864685027772072,6.284634060424987,0.5683458760145127
AgglomerativeClustering,"{'n_clusters': 8, 'linkage': 'single', 'metric': 'l1'}",0.17128158657218617,5.657197005089568,0.4501253147206562
AgglomerativeClustering,"{'n_clusters': 8, 'linkage': 'single', 'metric': 'l2'}",-0.0035864685027772072,6.284634060424987,0.5683458760145127
AgglomerativeClustering,"{'n_clusters': 8, 'linkage': 'single', 'metric': 'manhattan'}",0.17128158657218617,5.657197005089568,0.4501253147206562
AgglomerativeClustering,"{'n_clusters': 8, 'linkage': 'single', 'metric': 'cosine'}",-0.40734900889602643,0.28188045785852617,2.1703843960084446
AgglomerativeClustering,"{'n_clusters': 9, 'linkage': 'ward', 'metric': 'euclidean'}",0.17905441213862025,871.316028828263,1.5564288131330415
AgglomerativeClustering,"{'n_clusters': 9, 'linkage': 'complete', 'metric': 'euclidean'}",0.16079579660681956,635.7708506088885,1.37900513163624
AgglomerativeClustering,"{'n_clusters': 9, 'linkage': 'complete', 'metric': 'l1'}",0.1900808152914087,677.6117237278885,1.4353816967369086
AgglomerativeClustering,"{'n_clusters': 9, 'linkage': 'complete', 'metric': 'l2'}",0.16079579660681956,635.7708506088885,1.37900513163624
AgglomerativeClustering,"{'n_clusters': 9, 'linkage': 'complete', 'metric': 'manhattan'}",0.1900808152914087,677.6117237278885,1.4353816967369086
AgglomerativeClustering,"{'n_clusters': 9, 'linkage': 'complete', 'metric': 'cosine'}",0.11287372685975286,428.96230237926716,1.4550133050450533
AgglomerativeClustering,"{'n_clusters': 9, 'linkage': 'average', 'metric': 'euclidean'}",0.27115383217748507,286.196267243027,0.881092520213755
AgglomerativeClustering,"{'n_clusters': 9, 'linkage': 'average', 'metric': 'l1'}",0.229448920952675,372.7055463126653,1.0826625353926522
AgglomerativeClustering,"{'n_clusters': 9, 'linkage': 'average', 'metric': 'l2'}",0.27115383217748507,286.196267243027,0.881092520213755
AgglomerativeClustering,"{'n_clusters': 9, 'linkage': 'average', 'metric': 'manhattan'}",0.229448920952675,372.7055463126653,1.0826625353926522
AgglomerativeClustering,"{'n_clusters': 9, 'linkage': 'average', 'metric': 'cosine'}",0.10895868117920972,522.6405330755589,1.3515174084970745
AgglomerativeClustering,"{'n_clusters': 9, 'linkage': 'single', 'metric': 'euclidean'}",-0.004357976088503409,5.518149276532248,0.5771532380860233
AgglomerativeClustering,"{'n_clusters': 9, 'linkage': 'single', 'metric': 'l1'}",-0.005231962139464126,5.11056135465645,0.5074951051419146
AgglomerativeClustering,"{'n_clusters': 9, 'linkage': 'single', 'metric': 'l2'}",-0.004357976088503409,5.518149276532248,0.5771532380860233
AgglomerativeClustering,"{'n_clusters': 9, 'linkage': 'single', 'metric': 'manhattan'}",-0.005231962139464126,5.11056135465645,0.5074951051419146
AgglomerativeClustering,"{'n_clusters': 9, 'linkage': 'single', 'metric': 'cosine'}",-0.4112516577208735,0.33373004430621067,2.150336769750501
AgglomerativeClustering,"{'n_clusters': 10, 'linkage': 'ward', 'metric': 'euclidean'}",0.17850829898334242,827.1844574601454,1.5242432262888033
AgglomerativeClustering,"{'n_clusters': 10, 'linkage': 'complete', 'metric': 'euclidean'}",0.14812514324063386,618.0841522643811,1.3878383732167827
AgglomerativeClustering,"{'n_clusters': 10, 'linkage': 'complete', 'metric': 'l1'}",0.17859159439081582,627.4014405208164,1.3498126261829897
AgglomerativeClustering,"{'n_clusters': 10, 'linkage': 'complete', 'metric': 'l2'}",0.14812514324063386,618.0841522643811,1.3878383732167827
AgglomerativeClustering,"{'n_clusters': 10, 'linkage': 'complete', 'metric': 'manhattan'}",0.17859159439081582,627.4014405208164,1.3498126261829897
AgglomerativeClustering,"{'n_clusters': 10, 'linkage': 'complete', 'metric': 'cosine'}",0.13520762829209904,546.1007272727654,1.492695846500161
AgglomerativeClustering,"{'n_clusters': 10, 'linkage': 'average', 'metric': 'euclidean'}",0.2723314682135471,295.62189869885947,0.9707489049276667
AgglomerativeClustering,"{'n_clusters': 10, 'linkage': 'average', 'metric': 'l1'}",0.2790569768811539,585.4626426020436,1.0687873055996
AgglomerativeClustering,"{'n_clusters': 10, 'linkage': 'average', 'metric': 'l2'}",0.2723314682135471,295.62189869885947,0.9707489049276667
AgglomerativeClustering,"{'n_clusters': 10, 'linkage': 'average', 'metric': 'manhattan'}",0.2790569768811539,585.4626426020436,1.0687873055996
AgglomerativeClustering,"{'n_clusters': 10, 'linkage': 'average', 'metric': 'cosine'}",0.06841295876979889,464.7089463381865,1.3183987912098258
AgglomerativeClustering,"{'n_clusters': 10, 'linkage': 'single', 'metric': 'euclidean'}",-0.004486299743438188,4.9200975669635545,0.5089089803623205
AgglomerativeClustering,"{'n_clusters': 10, 'linkage': 'single', 'metric': 'l1'}",-0.04427168328424741,4.740979896599604,0.525854303658932
AgglomerativeClustering,"{'n_clusters': 10, 'linkage': 'single', 'metric': 'l2'}",-0.004486299743438188,4.9200975669635545,0.5089089803623205
AgglomerativeClustering,"{'n_clusters': 10, 'linkage': 'single', 'metric': 'manhattan'}",-0.04427168328424741,4.740979896599604,0.525854303658932
AgglomerativeClustering,"{'n_clusters': 10, 'linkage': 'single', 'metric': 'cosine'}",-0.4180595975030706,0.31249167822734475,2.1788241060140994
AgglomerativeClustering,"{'n_clusters': 11, 'linkage': 'ward', 'metric': 'euclidean'}",0.18528997413243214,792.9361662210839,1.404620040706719
AgglomerativeClustering,"{'n_clusters': 11, 'linkage': 'complete', 'metric': 'euclidean'}",0.1457497453488238,564.4143674517724,1.3647417263962702
AgglomerativeClustering,"{'n_clusters': 11, 'linkage': 'complete', 'metric': 'l1'}",0.1856521048137858,607.8843063698273,1.3200549867409752
AgglomerativeClustering,"{'n_clusters': 11, 'linkage': 'complete', 'metric': 'l2'}",0.1457497453488238,564.4143674517724,1.3647417263962702
AgglomerativeClustering,"{'n_clusters': 11, 'linkage': 'complete', 'metric': 'manhattan'}",0.1856521048137858,607.8843063698273,1.3200549867409752
AgglomerativeClustering,"{'n_clusters': 11, 'linkage': 'complete', 'metric': 'cosine'}",0.12604897316664185,495.4030143645857,1.453790215191289
AgglomerativeClustering,"{'n_clusters': 11, 'linkage': 'average', 'metric': 'euclidean'}",0.21825064668171398,300.1393222821276,0.9611834924268364
AgglomerativeClustering,"{'n_clusters': 11, 'linkage': 'average', 'metric': 'l1'}",0.2593559469116475,527.824986856488,1.0173886144744404
AgglomerativeClustering,"{'n_clusters': 11, 'linkage': 'average', 'metric': 'l2'}",0.21825064668171398,300.1393222821276,0.9611834924268364
AgglomerativeClustering,"{'n_clusters': 11, 'linkage': 'average', 'metric': 'manhattan'}",0.2593559469116475,527.824986856488,1.0173886144744404
AgglomerativeClustering,"{'n_clusters': 11, 'linkage': 'average', 'metric': 'cosine'}",0.0438740713482461,418.40966782432884,1.2832813719783671
AgglomerativeClustering,"{'n_clusters': 11, 'linkage': 'single', 'metric': 'euclidean'}",-0.021291653827052323,4.867196141876785,0.502657043387598
AgglomerativeClustering,"{'n_clusters': 11, 'linkage': 'single', 'metric': 'l1'}",-0.04779971332396333,4.5633459386186095,0.5266738898343438
AgglomerativeClustering,"{'n_clusters': 11, 'linkage': 'single', 'metric': 'l2'}",-0.021291653827052323,4.867196141876785,0.502657043387598
AgglomerativeClustering,"{'n_clusters': 11, 'linkage': 'single', 'metric': 'manhattan'}",-0.04779971332396333,4.5633459386186095,0.5266738898343438
AgglomerativeClustering,"{'n_clusters': 11, 'linkage': 'single', 'metric': 'cosine'}",-0.4221759512951331,0.3086079917295903,2.1404011227528277
AgglomerativeClustering,"{'n_clusters': 12, 'linkage': 'ward', 'metric': 'euclidean'}",0.18539740725740297,766.3330023579915,1.4046100745583574
AgglomerativeClustering,"{'n_clusters': 12, 'linkage': 'complete', 'metric': 'euclidean'}",0.13208115316190103,548.3596270140896,1.511144021046549
AgglomerativeClustering,"{'n_clusters': 12, 'linkage': 'complete', 'metric': 'l1'}",0.1866364467380568,582.0543602755624,1.362032811442777
AgglomerativeClustering,"{'n_clusters': 12, 'linkage': 'complete', 'metric': 'l2'}",0.13208115316190103,548.3596270140896,1.511144021046549
AgglomerativeClustering,"{'n_clusters': 12, 'linkage': 'complete', 'metric': 'manhattan'}",0.1866364467380568,582.0543602755624,1.362032811442777
AgglomerativeClustering,"{'n_clusters': 12, 'linkage': 'complete', 'metric': 'cosine'}",0.11454893771570256,455.7890234948075,1.4311529276368813
AgglomerativeClustering,"{'n_clusters': 12, 'linkage': 'average', 'metric': 'euclidean'}",0.1929773550066386,282.9579427656159,0.9244583563083345
AgglomerativeClustering,"{'n_clusters': 12, 'linkage': 'average', 'metric': 'l1'}",0.25273584477985994,506.6441366711472,1.0505089955521296
AgglomerativeClustering,"{'n_clusters': 12, 'linkage': 'average', 'metric': 'l2'}",0.1929773550066386,282.9579427656159,0.9244583563083345
AgglomerativeClustering,"{'n_clusters': 12, 'linkage': 'average', 'metric': 'manhattan'}",0.25273584477985994,506.6441366711472,1.0505089955521296
AgglomerativeClustering,"{'n_clusters': 12, 'linkage': 'average', 'metric': 'cosine'}",0.04607947672797501,385.8144601144065,1.2666542286049918
AgglomerativeClustering,"{'n_clusters': 12, 'linkage': 'single', 'metric': 'euclidean'}",-0.017831242069636745,6.515204802425565,0.5117516166812349
AgglomerativeClustering,"{'n_clusters': 12, 'linkage': 'single', 'metric': 'l1'}",-0.05273046268482353,4.548302965015579,0.5193701144379712
AgglomerativeClustering,"{'n_clusters': 12, 'linkage': 'single', 'metric': 'l2'}",-0.017831242069636745,6.515204802425565,0.5117516166812349
AgglomerativeClustering,"{'n_clusters': 12, 'linkage': 'single', 'metric': 'manhattan'}",-0.05273046268482353,4.548302965015579,0.5193701144379712
AgglomerativeClustering,"{'n_clusters': 12, 'linkage': 'single', 'metric': 'cosine'}",-0.4235513493025021,0.30389229001857465,2.1130603542526227
AgglomerativeClustering,"{'n_clusters': 13, 'linkage': 'ward', 'metric': 'euclidean'}",0.18233709173382529,745.0725809236794,1.3806110681153394
AgglomerativeClustering,"{'n_clusters': 13, 'linkage': 'complete', 'metric': 'euclidean'}",0.13227001785174247,561.0329368735333,1.4606571379938873
AgglomerativeClustering,"{'n_clusters': 13, 'linkage': 'complete', 'metric': 'l1'}",0.17976020528878434,553.6287100637121,1.4595938286625991
AgglomerativeClustering,"{'n_clusters': 13, 'linkage': 'complete', 'metric': 'l2'}",0.13227001785174247,561.0329368735333,1.4606571379938873
AgglomerativeClustering,"{'n_clusters': 13, 'linkage': 'complete', 'metric': 'manhattan'}",0.17976020528878434,553.6287100637121,1.4595938286625991
AgglomerativeClustering,"{'n_clusters': 13, 'linkage': 'complete', 'metric': 'cosine'}",0.10335765953394876,420.1876051474869,1.4822188583193057
AgglomerativeClustering,"{'n_clusters': 13, 'linkage': 'average', 'metric': 'euclidean'}",0.18761239205625502,261.98155747145944,0.9330125200491631
AgglomerativeClustering,"{'n_clusters': 13, 'linkage': 'average', 'metric': 'l1'}",0.2505748650681143,473.1492287580825,1.0427873224401425
AgglomerativeClustering,"{'n_clusters': 13, 'linkage': 'average', 'metric': 'l2'}",0.18761239205625502,261.98155747145944,0.9330125200491631
AgglomerativeClustering,"{'n_clusters': 13, 'linkage': 'average', 'metric': 'manhattan'}",0.2505748650681143,473.1492287580825,1.0427873224401425
AgglomerativeClustering,"{'n_clusters': 13, 'linkage': 'average', 'metric': 'cosine'}",0.03773851565401536,353.95175012891144,1.2405297461214206
AgglomerativeClustering,"{'n_clusters': 13, 'linkage': 'single', 'metric': 'euclidean'}",-0.029988891724305158,6.1396421603188776,0.5225968642311124
AgglomerativeClustering,"{'n_clusters': 13, 'linkage': 'single', 'metric': 'l1'}",-0.05468012138403696,4.333897818439244,0.5298870555793881
AgglomerativeClustering,"{'n_clusters': 13, 'linkage': 'single', 'metric': 'l2'}",-0.029988891724305158,6.1396421603188776,0.5225968642311124
AgglomerativeClustering,"{'n_clusters': 13, 'linkage': 'single', 'metric': 'manhattan'}",-0.05468012138403696,4.333897818439244,0.5298870555793881
AgglomerativeClustering,"{'n_clusters': 13, 'linkage': 'single', 'metric': 'cosine'}",-0.4300504268022131,0.301261796950701,2.0860036700744717
AgglomerativeClustering,"{'n_clusters': 14, 'linkage': 'ward', 'metric': 'euclidean'}",0.18466542594752217,726.1296362758138,1.3841602884661566
AgglomerativeClustering,"{'n_clusters': 14, 'linkage': 'complete', 'metric': 'euclidean'}",0.13315720097201522,527.4177381881707,1.417981321372215
AgglomerativeClustering,"{'n_clusters': 14, 'linkage': 'complete', 'metric': 'l1'}",0.15333833182557613,580.284199978249,1.5218231087620036
AgglomerativeClustering,"{'n_clusters': 14, 'linkage': 'complete', 'metric': 'l2'}",0.13315720097201522,527.4177381881707,1.417981321372215
AgglomerativeClustering,"{'n_clusters': 14, 'linkage': 'complete', 'metric': 'manhattan'}",0.15333833182557613,580.284199978249,1.5218231087620036
AgglomerativeClustering,"{'n_clusters': 14, 'linkage': 'complete', 'metric': 'cosine'}",0.09328608734582068,389.9294991544625,1.5067866541180854
AgglomerativeClustering,"{'n_clusters': 14, 'linkage': 'average', 'metric': 'euclidean'}",0.27797804971096524,447.3110095751557,0.924068717386746
AgglomerativeClustering,"{'n_clusters': 14, 'linkage': 'average', 'metric': 'l1'}",0.2421203095912255,440.17016725483137,1.0315664185651607
AgglomerativeClustering,"{'n_clusters': 14, 'linkage': 'average', 'metric': 'l2'}",0.27797804971096524,447.3110095751557,0.924068717386746
AgglomerativeClustering,"{'n_clusters': 14, 'linkage': 'average', 'metric': 'manhattan'}",0.2421203095912255,440.17016725483137,1.0315664185651607
AgglomerativeClustering,"{'n_clusters': 14, 'linkage': 'average', 'metric': 'cosine'}",0.033468733842654995,347.43364757069605,1.2647713984490259
AgglomerativeClustering,"{'n_clusters': 14, 'linkage': 'single', 'metric': 'euclidean'}",-0.02984190724700115,6.620068917210497,0.54267779579913
AgglomerativeClustering,"{'n_clusters': 14, 'linkage': 'single', 'metric': 'l1'}",-0.056139137698389734,4.165191353955777,0.537022159866334
AgglomerativeClustering,"{'n_clusters': 14, 'linkage': 'single', 'metric': 'l2'}",-0.02984190724700115,6.620068917210497,0.54267779579913
AgglomerativeClustering,"{'n_clusters': 14, 'linkage': 'single', 'metric': 'manhattan'}",-0.056139137698389734,4.165191353955777,0.537022159866334
AgglomerativeClustering,"{'n_clusters': 14, 'linkage': 'single', 'metric': 'cosine'}",-0.4291188138473321,0.3270359782872387,2.088117404134308
AgglomerativeClustering,"{'n_clusters': 15, 'linkage': 'ward', 'metric': 'euclidean'}",0.176581573163621,711.4883522659203,1.3380993990100662
AgglomerativeClustering,"{'n_clusters': 15, 'linkage': 'complete', 'metric': 'euclidean'}",0.13168197226137446,496.2031118011115,1.373752787148953
AgglomerativeClustering,"{'n_clusters': 15, 'linkage': 'complete', 'metric': 'l1'}",0.15122129891948388,569.7566226197059,1.5169630294050103
AgglomerativeClustering,"{'n_clusters': 15, 'linkage': 'complete', 'metric': 'l2'}",0.13168197226137446,496.2031118011115,1.373752787148953
AgglomerativeClustering,"{'n_clusters': 15, 'linkage': 'complete', 'metric': 'manhattan'}",0.15122129891948388,569.7566226197059,1.5169630294050103
AgglomerativeClustering,"{'n_clusters': 15, 'linkage': 'complete', 'metric': 'cosine'}",0.08283399223198093,389.79505783395416,1.5313196094634745
AgglomerativeClustering,"{'n_clusters': 15, 'linkage': 'average', 'metric': 'euclidean'}",0.25855011318766724,418.495843693951,0.9201493993591706
AgglomerativeClustering,"{'n_clusters': 15, 'linkage': 'average', 'metric': 'l1'}",0.23052761940058417,417.82978078638627,1.0395366604354326
AgglomerativeClustering,"{'n_clusters': 15, 'linkage': 'average', 'metric': 'l2'}",0.25855011318766724,418.495843693951,0.9201493993591706
AgglomerativeClustering,"{'n_clusters': 15, 'linkage': 'average', 'metric': 'manhattan'}",0.23052761940058417,417.82978078638627,1.0395366604354326
AgglomerativeClustering,"{'n_clusters': 15, 'linkage': 'average', 'metric': 'cosine'}",0.02827087996034401,325.0090376951927,1.2443614180236189
AgglomerativeClustering,"{'n_clusters': 15, 'linkage': 'single', 'metric': 'euclidean'}",-0.03675330071596512,6.394343748157074,0.5397349969935715
AgglomerativeClustering,"{'n_clusters': 15, 'linkage': 'single', 'metric': 'l1'}",-0.05606852753400646,4.356829088903638,0.5388825762378544
AgglomerativeClustering,"{'n_clusters': 15, 'linkage': 'single', 'metric': 'l2'}",-0.03675330071596512,6.394343748157074,0.5397349969935715
AgglomerativeClustering,"{'n_clusters': 15, 'linkage': 'single', 'metric': 'manhattan'}",-0.05606852753400646,4.356829088903638,0.5388825762378544
AgglomerativeClustering,"{'n_clusters': 15, 'linkage': 'single', 'metric': 'cosine'}",-0.44218070369317986,0.3171085010998384,2.090563040561486
AgglomerativeClustering,"{'n_clusters': 16, 'linkage': 'ward', 'metric': 'euclidean'}",0.17691027029642273,698.7967588236834,1.322550859626137
AgglomerativeClustering,"{'n_clusters': 16, 'linkage': 'complete', 'metric': 'euclidean'}",0.1453971868122537,529.3429676878224,1.4149851732031713
AgglomerativeClustering,"{'n_clusters': 16, 'linkage': 'complete', 'metric': 'l1'}",0.15194209348803053,539.6980473068174,1.4647954027513426
AgglomerativeClustering,"{'n_clusters': 16, 'linkage': 'complete', 'metric': 'l2'}",0.1453971868122537,529.3429676878224,1.4149851732031713
AgglomerativeClustering,"{'n_clusters': 16, 'linkage': 'complete', 'metric': 'manhattan'}",0.15194209348803053,539.6980473068174,1.4647954027513426
AgglomerativeClustering,"{'n_clusters': 16, 'linkage': 'complete', 'metric': 'cosine'}",0.08558760947376431,374.36198102619824,1.56240552827202
AgglomerativeClustering,"{'n_clusters': 16, 'linkage': 'average', 'metric': 'euclidean'}",0.2509930305229497,406.7331059454719,0.9673203330742361
AgglomerativeClustering,"{'n_clusters': 16, 'linkage': 'average', 'metric': 'l1'}",0.22628190703489218,391.1544730709372,1.0167853557054871
AgglomerativeClustering,"{'n_clusters': 16, 'linkage': 'average', 'metric': 'l2'}",0.2509930305229497,406.7331059454719,0.9673203330742361
AgglomerativeClustering,"{'n_clusters': 16, 'linkage': 'average', 'metric': 'manhattan'}",0.22628190703489218,391.1544730709372,1.0167853557054871
AgglomerativeClustering,"{'n_clusters': 16, 'linkage': 'average', 'metric': 'cosine'}",0.028843262800097715,304.72637651475935,1.2422113263628267
AgglomerativeClustering,"{'n_clusters': 16, 'linkage': 'single', 'metric': 'euclidean'}",-0.03951738480756093,6.006108654665601,0.5437298552785086
AgglomerativeClustering,"{'n_clusters': 16, 'linkage': 'single', 'metric': 'l1'}",-0.08886589719646341,4.153566846780836,0.5555609477646022
AgglomerativeClustering,"{'n_clusters': 16, 'linkage': 'single', 'metric': 'l2'}",-0.03951738480756093,6.006108654665601,0.5437298552785086
AgglomerativeClustering,"{'n_clusters': 16, 'linkage': 'single', 'metric': 'manhattan'}",-0.08886589719646341,4.153566846780836,0.5555609477646022
AgglomerativeClustering,"{'n_clusters': 16, 'linkage': 'single', 'metric': 'cosine'}",-0.4427321412437354,0.30884526991284,2.0904862297392555
AgglomerativeClustering,"{'n_clusters': 17, 'linkage': 'ward', 'metric': 'euclidean'}",0.17621637203913387,680.9335316463845,1.3367933186563035
AgglomerativeClustering,"{'n_clusters': 17, 'linkage': 'complete', 'metric': 'euclidean'}",0.1372721637221224,510.95035333469554,1.4677168293672098
AgglomerativeClustering,"{'n_clusters': 17, 'linkage': 'complete', 'metric': 'l1'}",0.14796615004145228,514.7176937432512,1.5009962939740422
AgglomerativeClustering,"{'n_clusters': 17, 'linkage': 'complete', 'metric': 'l2'}",0.1372721637221224,510.95035333469554,1.4677168293672098
AgglomerativeClustering,"{'n_clusters': 17, 'linkage': 'complete', 'metric': 'manhattan'}",0.14796615004145228,514.7176937432512,1.5009962939740422
AgglomerativeClustering,"{'n_clusters': 17, 'linkage': 'complete', 'metric': 'cosine'}",0.05576823281118751,367.9010690014746,1.7638291105711017
AgglomerativeClustering,"{'n_clusters': 17, 'linkage': 'average', 'metric': 'euclidean'}",0.2443487842869555,382.6479113100641,0.9683131118383548
AgglomerativeClustering,"{'n_clusters': 17, 'linkage': 'average', 'metric': 'l1'}",0.22233192338907162,378.7912077429805,1.1138871060632092
AgglomerativeClustering,"{'n_clusters': 17, 'linkage': 'average', 'metric': 'l2'}",0.2443487842869555,382.6479113100641,0.9683131118383548
AgglomerativeClustering,"{'n_clusters': 17, 'linkage': 'average', 'metric': 'manhattan'}",0.22233192338907162,378.7912077429805,1.1138871060632092
AgglomerativeClustering,"{'n_clusters': 17, 'linkage': 'average', 'metric': 'cosine'}",0.03056308697931779,289.8063446055785,1.2356475080262812
AgglomerativeClustering,"{'n_clusters': 17, 'linkage': 'single', 'metric': 'euclidean'}",-0.04562525150842006,6.002295617899792,0.5338994587338706
AgglomerativeClustering,"{'n_clusters': 17, 'linkage': 'single', 'metric': 'l1'}",-0.10083361906406096,4.085473505135389,0.5538958472873277
AgglomerativeClustering,"{'n_clusters': 17, 'linkage': 'single', 'metric': 'l2'}",-0.04562525150842006,6.002295617899792,0.5338994587338706
AgglomerativeClustering,"{'n_clusters': 17, 'linkage': 'single', 'metric': 'manhattan'}",-0.10083361906406096,4.085473505135389,0.5538958472873277
AgglomerativeClustering,"{'n_clusters': 17, 'linkage': 'single', 'metric': 'cosine'}",-0.44268268292991925,0.30686721142942863,2.070024039524479
AgglomerativeClustering,"{'n_clusters': 18, 'linkage': 'ward', 'metric': 'euclidean'}",0.17437243886166257,666.4304474831973,1.3107380449136397
AgglomerativeClustering,"{'n_clusters': 18, 'linkage': 'complete', 'metric': 'euclidean'}",0.1403087675473783,499.2259966044063,1.4394640363151439
AgglomerativeClustering,"{'n_clusters': 18, 'linkage': 'complete', 'metric': 'l1'}",0.1422097334607674,524.2973092331857,1.4870123953551115
AgglomerativeClustering,"{'n_clusters': 18, 'linkage': 'complete', 'metric': 'l2'}",0.1403087675473783,499.2259966044063,1.4394640363151439
AgglomerativeClustering,"{'n_clusters': 18, 'linkage': 'complete', 'metric': 'manhattan'}",0.1422097334607674,524.2973092331857,1.4870123953551115
AgglomerativeClustering,"{'n_clusters': 18, 'linkage': 'complete', 'metric': 'cosine'}",0.0455169816903304,348.5168180688631,1.7618031368250968
AgglomerativeClustering,"{'n_clusters': 18, 'linkage': 'average', 'metric': 'euclidean'}",0.24404725272138933,376.2043105582508,0.9897633418857448
AgglomerativeClustering,"{'n_clusters': 18, 'linkage': 'average', 'metric': 'l1'}",0.2016208505302387,360.39647319903975,1.1182795556757408
AgglomerativeClustering,"{'n_clusters': 18, 'linkage': 'average', 'metric': 'l2'}",0.24404725272138933,376.2043105582508,0.9897633418857448
AgglomerativeClustering,"{'n_clusters': 18, 'linkage': 'average', 'metric': 'manhattan'}",0.2016208505302387,360.39647319903975,1.1182795556757408
AgglomerativeClustering,"{'n_clusters': 18, 'linkage': 'average', 'metric': 'cosine'}",0.02963150478944332,273.38571788964754,1.2225921295929532
AgglomerativeClustering,"{'n_clusters': 18, 'linkage': 'single', 'metric': 'euclidean'}",-0.04574981600454286,5.779129549744616,0.5388373218129928
AgglomerativeClustering,"{'n_clusters': 18, 'linkage': 'single', 'metric': 'l1'}",-0.10209888978020148,4.04618607274061,0.550813131757152
AgglomerativeClustering,"{'n_clusters': 18, 'linkage': 'single', 'metric': 'l2'}",-0.04574981600454286,5.779129549744616,0.5388373218129928
AgglomerativeClustering,"{'n_clusters': 18, 'linkage': 'single', 'metric': 'manhattan'}",-0.10209888978020148,4.04618607274061,0.550813131757152
AgglomerativeClustering,"{'n_clusters': 18, 'linkage': 'single', 'metric': 'cosine'}",-0.44281741347490106,0.29851834924280907,2.080580384684515
AgglomerativeClustering,"{'n_clusters': 19, 'linkage': 'ward', 'metric': 'euclidean'}",0.1756891486530705,654.7733949705552,1.3450142227562791
AgglomerativeClustering,"{'n_clusters': 19, 'linkage': 'complete', 'metric': 'euclidean'}",0.1373422481506301,525.0024873554287,1.3709618932477514
AgglomerativeClustering,"{'n_clusters': 19, 'linkage': 'complete', 'metric': 'l1'}",0.14288437195926082,510.12166036241325,1.3711920751550066
AgglomerativeClustering,"{'n_clusters': 19, 'linkage': 'complete', 'metric': 'l2'}",0.1373422481506301,525.0024873554287,1.3709618932477514
AgglomerativeClustering,"{'n_clusters': 19, 'linkage': 'complete', 'metric': 'manhattan'}",0.14288437195926082,510.12166036241325,1.3711920751550066
AgglomerativeClustering,"{'n_clusters': 19, 'linkage': 'complete', 'metric': 'cosine'}",0.05499814060302905,362.1363934730874,1.7602767338476795
AgglomerativeClustering,"{'n_clusters': 19, 'linkage': 'average', 'metric': 'euclidean'}",0.2204946630849662,364.4458834836607,1.0014637691941144
AgglomerativeClustering,"{'n_clusters': 19, 'linkage': 'average', 'metric': 'l1'}",0.21159926740425564,365.98362454065807,1.1551011198993877
AgglomerativeClustering,"{'n_clusters': 19, 'linkage': 'average', 'metric': 'l2'}",0.2204946630849662,364.4458834836607,1.0014637691941144
AgglomerativeClustering,"{'n_clusters': 19, 'linkage': 'average', 'metric': 'manhattan'}",0.21159926740425564,365.98362454065807,1.1551011198993877
AgglomerativeClustering,"{'n_clusters': 19, 'linkage': 'average', 'metric': 'cosine'}",0.038764899285799834,282.2829588644197,1.2570865673922447
AgglomerativeClustering,"{'n_clusters': 19, 'linkage': 'single', 'metric': 'euclidean'}",-0.05011785202215675,5.758368186079722,0.5421702548947858
AgglomerativeClustering,"{'n_clusters': 19, 'linkage': 'single', 'metric': 'l1'}",-0.10486659400848851,3.9903843569572066,0.5496266351471245
AgglomerativeClustering,"{'n_clusters': 19, 'linkage': 'single', 'metric': 'l2'}",-0.05011785202215675,5.758368186079722,0.5421702548947858
AgglomerativeClustering,"{'n_clusters': 19, 'linkage': 'single', 'metric': 'manhattan'}",-0.10486659400848851,3.9903843569572066,0.5496266351471245
AgglomerativeClustering,"{'n_clusters': 19, 'linkage': 'single', 'metric': 'cosine'}",-0.4435456296065279,0.2927653550438735,2.0805787832493685
AgglomerativeClustering,"{'n_clusters': 20, 'linkage': 'ward', 'metric': 'euclidean'}",0.17506348270074518,645.7705678122813,1.3646262630583985
AgglomerativeClustering,"{'n_clusters': 20, 'linkage': 'complete', 'metric': 'euclidean'}",0.13638105046480123,515.2723625253697,1.351894358159062
AgglomerativeClustering,"{'n_clusters': 20, 'linkage': 'complete', 'metric': 'l1'}",0.13798709818126342,489.74738341230375,1.394106701136805
AgglomerativeClustering,"{'n_clusters': 20, 'linkage': 'complete', 'metric': 'l2'}",0.13638105046480123,515.2723625253697,1.351894358159062
AgglomerativeClustering,"{'n_clusters': 20, 'linkage': 'complete', 'metric': 'manhattan'}",0.13798709818126342,489.74738341230375,1.394106701136805
AgglomerativeClustering,"{'n_clusters': 20, 'linkage': 'complete', 'metric': 'cosine'}",0.034796352808225385,344.1659129043403,1.7131628923147137
AgglomerativeClustering,"{'n_clusters': 20, 'linkage': 'average', 'metric': 'euclidean'}",0.2191098349429508,352.9239870484282,1.004730932650375
AgglomerativeClustering,"{'n_clusters': 20, 'linkage': 'average', 'metric': 'l1'}",0.209782546617323,353.57185378082636,1.1433029071551606
AgglomerativeClustering,"{'n_clusters': 20, 'linkage': 'average', 'metric': 'l2'}",0.2191098349429508,352.9239870484282,1.004730932650375
AgglomerativeClustering,"{'n_clusters': 20, 'linkage': 'average', 'metric': 'manhattan'}",0.209782546617323,353.57185378082636,1.1433029071551606
AgglomerativeClustering,"{'n_clusters': 20, 'linkage': 'average', 'metric': 'cosine'}",0.039597818011464,270.0552122887553,1.2647229551123842
AgglomerativeClustering,"{'n_clusters': 20, 'linkage': 'single', 'metric': 'euclidean'}",-0.049670675809778575,5.989606562408254,0.5460215256803224
AgglomerativeClustering,"{'n_clusters': 20, 'linkage': 'single', 'metric': 'l1'}",-0.10427195564311434,4.112252234552528,0.5402876358869724
AgglomerativeClustering,"{'n_clusters': 20, 'linkage': 'single', 'metric': 'l2'}",-0.049670675809778575,5.989606562408254,0.5460215256803224
AgglomerativeClustering,"{'n_clusters': 20, 'linkage': 'single', 'metric': 'manhattan'}",-0.10427195564311434,4.112252234552528,0.5402876358869724
AgglomerativeClustering,"{'n_clusters': 20, 'linkage': 'single', 'metric': 'cosine'}",-0.44660234319349357,0.2864011442926484,2.0874933426191147
AgglomerativeClustering,"{'n_clusters': 21, 'linkage': 'ward', 'metric': 'euclidean'}",0.17838931781570921,638.0206720046027,1.3686910605590108
AgglomerativeClustering,"{'n_clusters': 21, 'linkage': 'complete', 'metric': 'euclidean'}",0.16109110612308253,554.7253239174223,1.3281683679014218
AgglomerativeClustering,"{'n_clusters': 21, 'linkage': 'complete', 'metric': 'l1'}",0.13787932740637465,473.69790679243073,1.34556732495187
AgglomerativeClustering,"{'n_clusters': 21, 'linkage': 'complete', 'metric': 'l2'}",0.16109110612308253,554.7253239174223,1.3281683679014218
AgglomerativeClustering,"{'n_clusters': 21, 'linkage': 'complete', 'metric': 'manhattan'}",0.13787932740637465,473.69790679243073,1.34556732495187
AgglomerativeClustering,"{'n_clusters': 21, 'linkage': 'complete', 'metric': 'cosine'}",0.029667594949351946,329.5698810507852,1.7150612546988702
AgglomerativeClustering,"{'n_clusters': 21, 'linkage': 'average', 'metric': 'euclidean'}",0.21444574804620922,340.46803334107784,1.0102598890449974
AgglomerativeClustering,"{'n_clusters': 21, 'linkage': 'average', 'metric': 'l1'}",0.20915081085795578,338.59490616363286,1.1250369938232527
AgglomerativeClustering,"{'n_clusters': 21, 'linkage': 'average', 'metric': 'l2'}",0.21444574804620922,340.46803334107784,1.0102598890449974
AgglomerativeClustering,"{'n_clusters': 21, 'linkage': 'average', 'metric': 'manhattan'}",0.20915081085795578,338.59490616363286,1.1250369938232527
AgglomerativeClustering,"{'n_clusters': 21, 'linkage': 'average', 'metric': 'cosine'}",0.03953456230610387,256.8796922173081,1.2822448515402176
AgglomerativeClustering,"{'n_clusters': 21, 'linkage': 'single', 'metric': 'euclidean'}",-0.04958474672360413,5.980872811243896,0.5381060558891406
AgglomerativeClustering,"{'n_clusters': 21, 'linkage': 'single', 'metric': 'l1'}",-0.1232709026466201,3.987320786949297,0.5492450720181624
AgglomerativeClustering,"{'n_clusters': 21, 'linkage': 'single', 'metric': 'l2'}",-0.04958474672360413,5.980872811243896,0.5381060558891406
AgglomerativeClustering,"{'n_clusters': 21, 'linkage': 'single', 'metric': 'manhattan'}",-0.1232709026466201,3.987320786949297,0.5492450720181624
AgglomerativeClustering,"{'n_clusters': 21, 'linkage': 'single', 'metric': 'cosine'}",-0.446578317123421,0.2799057315171642,2.0985700764515514
AgglomerativeClustering,"{'n_clusters': 22, 'linkage': 'ward', 'metric': 'euclidean'}",0.17088116493710698,628.3356603360462,1.3765757998771095
AgglomerativeClustering,"{'n_clusters': 22, 'linkage': 'complete', 'metric': 'euclidean'}",0.15981957302507324,536.6265582101146,1.3085911769343344
AgglomerativeClustering,"{'n_clusters': 22, 'linkage': 'complete', 'metric': 'l1'}",0.13582332818441306,454.9653546570025,1.4583015760474625
AgglomerativeClustering,"{'n_clusters': 22, 'linkage': 'complete', 'metric': 'l2'}",0.15981957302507324,536.6265582101146,1.3085911769343344
AgglomerativeClustering,"{'n_clusters': 22, 'linkage': 'complete', 'metric': 'manhattan'}",0.13582332818441306,454.9653546570025,1.4583015760474625
AgglomerativeClustering,"{'n_clusters': 22, 'linkage': 'complete', 'metric': 'cosine'}",0.03186944897649524,317.6581556345419,1.7631623289492502
AgglomerativeClustering,"{'n_clusters': 22, 'linkage': 'average', 'metric': 'euclidean'}",0.1646826120069488,325.41561176111674,1.0234465635049876
AgglomerativeClustering,"{'n_clusters': 22, 'linkage': 'average', 'metric': 'l1'}",0.2046327541200611,323.19469863427656,1.1040382840924527
AgglomerativeClustering,"{'n_clusters': 22, 'linkage': 'average', 'metric': 'l2'}",0.1646826120069488,325.41561176111674,1.0234465635049876
AgglomerativeClustering,"{'n_clusters': 22, 'linkage': 'average', 'metric': 'manhattan'}",0.2046327541200611,323.19469863427656,1.1040382840924527
AgglomerativeClustering,"{'n_clusters': 22, 'linkage': 'average', 'metric': 'cosine'}",0.037934209061317496,267.0719829188799,1.3064616272407312
AgglomerativeClustering,"{'n_clusters': 22, 'linkage': 'single', 'metric': 'euclidean'}",-0.10617355307724645,6.021760124560734,0.5785620950432759
AgglomerativeClustering,"{'n_clusters': 22, 'linkage': 'single', 'metric': 'l1'}",-0.12317375627516687,4.067572366898621,0.5416075807611263
AgglomerativeClustering,"{'n_clusters': 22, 'linkage': 'single', 'metric': 'l2'}",-0.10617355307724645,6.021760124560734,0.5785620950432759
AgglomerativeClustering,"{'n_clusters': 22, 'linkage': 'single', 'metric': 'manhattan'}",-0.12317375627516687,4.067572366898621,0.5416075807611263
AgglomerativeClustering,"{'n_clusters': 22, 'linkage': 'single', 'metric': 'cosine'}",-0.44714193227636384,0.34135033953794147,2.0592775980322475
AgglomerativeClustering,"{'n_clusters': 23, 'linkage': 'ward', 'metric': 'euclidean'}",0.17126791904035227,618.6259596692922,1.3311371116965853
AgglomerativeClustering,"{'n_clusters': 23, 'linkage': 'complete', 'metric': 'euclidean'}",0.16002927465049174,518.9176542641407,1.2778851302313428
AgglomerativeClustering,"{'n_clusters': 23, 'linkage': 'complete', 'metric': 'l1'}",0.13498701898623644,439.8661076930705,1.4946898547546255
AgglomerativeClustering,"{'n_clusters': 23, 'linkage': 'complete', 'metric': 'l2'}",0.16002927465049174,518.9176542641407,1.2778851302313428
AgglomerativeClustering,"{'n_clusters': 23, 'linkage': 'complete', 'metric': 'manhattan'}",0.13498701898623644,439.8661076930705,1.4946898547546255
AgglomerativeClustering,"{'n_clusters': 23, 'linkage': 'complete', 'metric': 'cosine'}",0.02715627512350701,304.4197500850089,1.74607591595596
AgglomerativeClustering,"{'n_clusters': 23, 'linkage': 'average', 'metric': 'euclidean'}",0.16420857399822117,310.91193216873825,0.9961306598610546
AgglomerativeClustering,"{'n_clusters': 23, 'linkage': 'average', 'metric': 'l1'}",0.1925839214848345,312.38574331412406,1.0907306853780128
AgglomerativeClustering,"{'n_clusters': 23, 'linkage': 'average', 'metric': 'l2'}",0.16420857399822117,310.91193216873825,0.9961306598610546
AgglomerativeClustering,"{'n_clusters': 23, 'linkage': 'average', 'metric': 'manhattan'}",0.1925839214848345,312.38574331412406,1.0907306853780128
AgglomerativeClustering,"{'n_clusters': 23, 'linkage': 'average', 'metric': 'cosine'}",0.042194319913062786,257.5097117371003,1.2955582527056289
AgglomerativeClustering,"{'n_clusters': 23, 'linkage': 'single', 'metric': 'euclidean'}",-0.10917744191074155,6.248600076941855,0.5732358311348259
AgglomerativeClustering,"{'n_clusters': 23, 'linkage': 'single', 'metric': 'l1'}",-0.12386164907399208,4.02265667389857,0.5408402924589861
AgglomerativeClustering,"{'n_clusters': 23, 'linkage': 'single', 'metric': 'l2'}",-0.10917744191074155,6.248600076941855,0.5732358311348259
AgglomerativeClustering,"{'n_clusters': 23, 'linkage': 'single', 'metric': 'manhattan'}",-0.12386164907399208,4.02265667389857,0.5408402924589861
AgglomerativeClustering,"{'n_clusters': 23, 'linkage': 'single', 'metric': 'cosine'}",-0.44900059928280134,0.325934019748304,2.052196729496734
AgglomerativeClustering,"{'n_clusters': 24, 'linkage': 'ward', 'metric': 'euclidean'}",0.17481951228285916,610.5913195430948,1.3114962886542425
AgglomerativeClustering,"{'n_clusters': 24, 'linkage': 'complete', 'metric': 'euclidean'}",0.1603800019241852,507.1479032590991,1.2592029943954552
AgglomerativeClustering,"{'n_clusters': 24, 'linkage': 'complete', 'metric': 'l1'}",0.133099346976875,426.6250161944925,1.439610837081834
AgglomerativeClustering,"{'n_clusters': 24, 'linkage': 'complete', 'metric': 'l2'}",0.1603800019241852,507.1479032590991,1.2592029943954552
AgglomerativeClustering,"{'n_clusters': 24, 'linkage': 'complete', 'metric': 'manhattan'}",0.133099346976875,426.6250161944925,1.439610837081834
AgglomerativeClustering,"{'n_clusters': 24, 'linkage': 'complete', 'metric': 'cosine'}",0.035913063840154844,296.3350202932155,1.758255294410966
AgglomerativeClustering,"{'n_clusters': 24, 'linkage': 'average', 'metric': 'euclidean'}",0.1645530737591479,304.5037406864797,0.9982252494187621
AgglomerativeClustering,"{'n_clusters': 24, 'linkage': 'average', 'metric': 'l1'}",0.1506771461756885,300.1665646032158,1.0967643741472308
AgglomerativeClustering,"{'n_clusters': 24, 'linkage': 'average', 'metric': 'l2'}",0.1645530737591479,304.5037406864797,0.9982252494187621
AgglomerativeClustering,"{'n_clusters': 24, 'linkage': 'average', 'metric': 'manhattan'}",0.1506771461756885,300.1665646032158,1.0967643741472308
AgglomerativeClustering,"{'n_clusters': 24, 'linkage': 'average', 'metric': 'cosine'}",0.04009688964406924,246.77277329675127,1.2933090859462912
AgglomerativeClustering,"{'n_clusters': 24, 'linkage': 'single', 'metric': 'euclidean'}",-0.11172865300092102,6.114951098986539,0.5710915993076701
AgglomerativeClustering,"{'n_clusters': 24, 'linkage': 'single', 'metric': 'l1'}",-0.1248502940125382,4.009372953418214,0.5533478687970376
AgglomerativeClustering,"{'n_clusters': 24, 'linkage': 'single', 'metric': 'l2'}",-0.11172865300092102,6.114951098986539,0.5710915993076701
AgglomerativeClustering,"{'n_clusters': 24, 'linkage': 'single', 'metric': 'manhattan'}",-0.1248502940125382,4.009372953418214,0.5533478687970376
AgglomerativeClustering,"{'n_clusters': 24, 'linkage': 'single', 'metric': 'cosine'}",-0.44887574197298497,0.3246892656498841,2.0366312024225794
AgglomerativeClustering,"{'n_clusters': 25, 'linkage': 'ward', 'metric': 'euclidean'}",0.1770019143895532,601.5865182357395,1.2743455131536114
AgglomerativeClustering,"{'n_clusters': 25, 'linkage': 'complete', 'metric': 'euclidean'}",0.15773691686847657,493.61978718912286,1.2641796069631166
AgglomerativeClustering,"{'n_clusters': 25, 'linkage': 'complete', 'metric': 'l1'}",0.13289550119163276,417.4471542665874,1.4263193657529747
AgglomerativeClustering,"{'n_clusters': 25, 'linkage': 'complete', 'metric': 'l2'}",0.15773691686847657,493.61978718912286,1.2641796069631166
AgglomerativeClustering,"{'n_clusters': 25, 'linkage': 'complete', 'metric': 'manhattan'}",0.13289550119163276,417.4471542665874,1.4263193657529747
AgglomerativeClustering,"{'n_clusters': 25, 'linkage': 'complete', 'metric': 'cosine'}",0.03878294339629268,289.377526187167,1.7090349247140864
AgglomerativeClustering,"{'n_clusters': 25, 'linkage': 'average', 'metric': 'euclidean'}",0.15413648123580653,297.6675765358927,0.9749241614557992
AgglomerativeClustering,"{'n_clusters': 25, 'linkage': 'average', 'metric': 'l1'}",0.14608226020689458,291.7212586397888,1.0990175085094174
AgglomerativeClustering,"{'n_clusters': 25, 'linkage': 'average', 'metric': 'l2'}",0.15413648123580653,297.6675765358927,0.9749241614557992
AgglomerativeClustering,"{'n_clusters': 25, 'linkage': 'average', 'metric': 'manhattan'}",0.14608226020689458,291.7212586397888,1.0990175085094174
AgglomerativeClustering,"{'n_clusters': 25, 'linkage': 'average', 'metric': 'cosine'}",0.0415542430535568,239.0773019054053,1.2932154844128656
AgglomerativeClustering,"{'n_clusters': 25, 'linkage': 'single', 'metric': 'euclidean'}",-0.1700292810167931,5.889585642344054,0.5918193183927692
AgglomerativeClustering,"{'n_clusters': 25, 'linkage': 'single', 'metric': 'l1'}",-0.1203493415068707,4.830962267730585,0.5539974774947796
AgglomerativeClustering,"{'n_clusters': 25, 'linkage': 'single', 'metric': 'l2'}",-0.1700292810167931,5.889585642344054,0.5918193183927692
AgglomerativeClustering,"{'n_clusters': 25, 'linkage': 'single', 'metric': 'manhattan'}",-0.1203493415068707,4.830962267730585,0.5539974774947796
AgglomerativeClustering,"{'n_clusters': 25, 'linkage': 'single', 'metric': 'cosine'}",-0.4492292996253649,0.33260698716111686,2.0064838940102057
AgglomerativeClustering,"{'n_clusters': 26, 'linkage': 'ward', 'metric': 'euclidean'}",0.17396840256838822,593.6434920072674,1.2793522400418949
AgglomerativeClustering,"{'n_clusters': 26, 'linkage': 'complete', 'metric': 'euclidean'}",0.1599610070491436,481.1773026897504,1.2417283602495977
AgglomerativeClustering,"{'n_clusters': 26, 'linkage': 'complete', 'metric': 'l1'}",0.12411274632278368,407.8452550527948,1.4398030797798866
AgglomerativeClustering,"{'n_clusters': 26, 'linkage': 'complete', 'metric': 'l2'}",0.1599610070491436,481.1773026897504,1.2417283602495977
AgglomerativeClustering,"{'n_clusters': 26, 'linkage': 'complete', 'metric': 'manhattan'}",0.12411274632278368,407.8452550527948,1.4398030797798866
AgglomerativeClustering,"{'n_clusters': 26, 'linkage': 'complete', 'metric': 'cosine'}",0.037951722041278245,278.54553057428916,1.716611348972061
AgglomerativeClustering,"{'n_clusters': 26, 'linkage': 'average', 'metric': 'euclidean'}",0.155938858742824,293.12557964607504,0.9944650186525317
AgglomerativeClustering,"{'n_clusters': 26, 'linkage': 'average', 'metric': 'l1'}",0.14458925515600726,287.10725485797246,1.101323389073488
AgglomerativeClustering,"{'n_clusters': 26, 'linkage': 'average', 'metric': 'l2'}",0.155938858742824,293.12557964607504,0.9944650186525317
AgglomerativeClustering,"{'n_clusters': 26, 'linkage': 'average', 'metric': 'manhattan'}",0.14458925515600726,287.10725485797246,1.101323389073488
AgglomerativeClustering,"{'n_clusters': 26, 'linkage': 'average', 'metric': 'cosine'}",0.03852054028004726,229.78659799840648,1.2965598871832769
AgglomerativeClustering,"{'n_clusters': 26, 'linkage': 'single', 'metric': 'euclidean'}",-0.17435587751585638,5.782207608366267,0.5890832810001282
AgglomerativeClustering,"{'n_clusters': 26, 'linkage': 'single', 'metric': 'l1'}",-0.1652411624575945,4.664574693556478,0.5866980236562418
AgglomerativeClustering,"{'n_clusters': 26, 'linkage': 'single', 'metric': 'l2'}",-0.17435587751585638,5.782207608366267,0.5890832810001282
AgglomerativeClustering,"{'n_clusters': 26, 'linkage': 'single', 'metric': 'manhattan'}",-0.1652411624575945,4.664574693556478,0.5866980236562418
AgglomerativeClustering,"{'n_clusters': 26, 'linkage': 'single', 'metric': 'cosine'}",-0.4523297136508258,0.32577382203399036,2.0170256960329547
AgglomerativeClustering,"{'n_clusters': 27, 'linkage': 'ward', 'metric': 'euclidean'}",0.17746676137353887,586.0843279762114,1.2627801735394824
AgglomerativeClustering,"{'n_clusters': 27, 'linkage': 'complete', 'metric': 'euclidean'}",0.15766372258499523,469.2450237250123,1.2319541696564402
AgglomerativeClustering,"{'n_clusters': 27, 'linkage': 'complete', 'metric': 'l1'}",0.12193250124957075,396.20495630992815,1.42731707137701
AgglomerativeClustering,"{'n_clusters': 27, 'linkage': 'complete', 'metric': 'l2'}",0.15766372258499523,469.2450237250123,1.2319541696564402
AgglomerativeClustering,"{'n_clusters': 27, 'linkage': 'complete', 'metric': 'manhattan'}",0.12193250124957075,396.20495630992815,1.42731707137701
AgglomerativeClustering,"{'n_clusters': 27, 'linkage': 'complete', 'metric': 'cosine'}",0.03939405257744492,277.10317928996994,1.7198149549137318
AgglomerativeClustering,"{'n_clusters': 27, 'linkage': 'average', 'metric': 'euclidean'}",0.15508916027275813,282.08582982409246,0.9746914292466555
AgglomerativeClustering,"{'n_clusters': 27, 'linkage': 'average', 'metric': 'l1'}",0.14339627989325432,278.13165511405936,1.1036927578357454
AgglomerativeClustering,"{'n_clusters': 27, 'linkage': 'average', 'metric': 'l2'}",0.15508916027275813,282.08582982409246,0.9746914292466555
AgglomerativeClustering,"{'n_clusters': 27, 'linkage': 'average', 'metric': 'manhattan'}",0.14339627989325432,278.13165511405936,1.1036927578357454
AgglomerativeClustering,"{'n_clusters': 27, 'linkage': 'average', 'metric': 'cosine'}",0.03663843786963317,221.43628534021823,1.2874621986934172
AgglomerativeClustering,"{'n_clusters': 27, 'linkage': 'single', 'metric': 'euclidean'}",-0.17462056809897308,5.66099603548119,0.5884434637232299
AgglomerativeClustering,"{'n_clusters': 27, 'linkage': 'single', 'metric': 'l1'}",-0.17305502724380825,4.701548909677406,0.5883009348745518
AgglomerativeClustering,"{'n_clusters': 27, 'linkage': 'single', 'metric': 'l2'}",-0.17462056809897308,5.66099603548119,0.5884434637232299
AgglomerativeClustering,"{'n_clusters': 27, 'linkage': 'single', 'metric': 'manhattan'}",-0.17305502724380825,4.701548909677406,0.5883009348745518
AgglomerativeClustering,"{'n_clusters': 27, 'linkage': 'single', 'metric': 'cosine'}",-0.45212711451702137,0.3203009919074376,2.021502317514884
AgglomerativeClustering,"{'n_clusters': 28, 'linkage': 'ward', 'metric': 'euclidean'}",0.1796922172942048,577.7954532002908,1.2679164293787117
AgglomerativeClustering,"{'n_clusters': 28, 'linkage': 'complete', 'metric': 'euclidean'}",0.151048201193454,462.9115772850264,1.2382851304338847
AgglomerativeClustering,"{'n_clusters': 28, 'linkage': 'complete', 'metric': 'l1'}",0.10959056994152334,399.6829695592754,1.42609958417157
AgglomerativeClustering,"{'n_clusters': 28, 'linkage': 'complete', 'metric': 'l2'}",0.151048201193454,462.9115772850264,1.2382851304338847
AgglomerativeClustering,"{'n_clusters': 28, 'linkage': 'complete', 'metric': 'manhattan'}",0.10959056994152334,399.6829695592754,1.42609958417157
AgglomerativeClustering,"{'n_clusters': 28, 'linkage': 'complete', 'metric': 'cosine'}",0.034910327202976446,267.53413659823576,1.7408842446558954
AgglomerativeClustering,"{'n_clusters': 28, 'linkage': 'average', 'metric': 'euclidean'}",0.1533028015163938,271.8422236069925,0.9593268561960023
AgglomerativeClustering,"{'n_clusters': 28, 'linkage': 'average', 'metric': 'l1'}",0.14258397693906022,268.0520932226934,1.0823284423801367
AgglomerativeClustering,"{'n_clusters': 28, 'linkage': 'average', 'metric': 'l2'}",0.1533028015163938,271.8422236069925,0.9593268561960023
AgglomerativeClustering,"{'n_clusters': 28, 'linkage': 'average', 'metric': 'manhattan'}",0.14258397693906022,268.0520932226934,1.0823284423801367
AgglomerativeClustering,"{'n_clusters': 28, 'linkage': 'average', 'metric': 'cosine'}",0.033800319106952165,213.67488263500888,1.2849016600762728
AgglomerativeClustering,"{'n_clusters': 28, 'linkage': 'single', 'metric': 'euclidean'}",-0.18313569471065022,5.502233884274764,0.5956415360786929
AgglomerativeClustering,"{'n_clusters': 28, 'linkage': 'single', 'metric': 'l1'}",-0.17280499292637763,4.623490196976547,0.5877154850631783
AgglomerativeClustering,"{'n_clusters': 28, 'linkage': 'single', 'metric': 'l2'}",-0.18313569471065022,5.502233884274764,0.5956415360786929
AgglomerativeClustering,"{'n_clusters': 28, 'linkage': 'single', 'metric': 'manhattan'}",-0.17280499292637763,4.623490196976547,0.5877154850631783
AgglomerativeClustering,"{'n_clusters': 28, 'linkage': 'single', 'metric': 'cosine'}",-0.45282618833013294,0.3176066907097028,2.0150242582357096
AgglomerativeClustering,"{'n_clusters': 29, 'linkage': 'ward', 'metric': 'euclidean'}",0.180058974591252,570.2241406272498,1.2794030267872836
AgglomerativeClustering,"{'n_clusters': 29, 'linkage': 'complete', 'metric': 'euclidean'}",0.14942325179596863,454.95401470276084,1.298865669660033
AgglomerativeClustering,"{'n_clusters': 29, 'linkage': 'complete', 'metric': 'l1'}",0.11085421508181127,400.37638435000827,1.4030734990406135
AgglomerativeClustering,"{'n_clusters': 29, 'linkage': 'complete', 'metric': 'l2'}",0.14942325179596863,454.95401470276084,1.298865669660033
AgglomerativeClustering,"{'n_clusters': 29, 'linkage': 'complete', 'metric': 'manhattan'}",0.11085421508181127,400.37638435000827,1.4030734990406135
AgglomerativeClustering,"{'n_clusters': 29, 'linkage': 'complete', 'metric': 'cosine'}",0.04267204637765165,291.1143588776656,1.6953309514184047
AgglomerativeClustering,"{'n_clusters': 29, 'linkage': 'average', 'metric': 'euclidean'}",0.15613507816313224,269.00100951093236,0.9892738849713417
AgglomerativeClustering,"{'n_clusters': 29, 'linkage': 'average', 'metric': 'l1'}",0.1410900505845718,263.25068158030285,1.0884036216136994
AgglomerativeClustering,"{'n_clusters': 29, 'linkage': 'average', 'metric': 'l2'}",0.15613507816313224,269.00100951093236,0.9892738849713417
AgglomerativeClustering,"{'n_clusters': 29, 'linkage': 'average', 'metric': 'manhattan'}",0.1410900505845718,263.25068158030285,1.0884036216136994
AgglomerativeClustering,"{'n_clusters': 29, 'linkage': 'average', 'metric': 'cosine'}",0.04815281411676786,232.8099894878002,1.2827066988775078
AgglomerativeClustering,"{'n_clusters': 29, 'linkage': 'single', 'metric': 'euclidean'}",-0.18554555619630023,5.3734057668883475,0.5983774966917536
AgglomerativeClustering,"{'n_clusters': 29, 'linkage': 'single', 'metric': 'l1'}",-0.17239693017161511,4.8511732085769665,0.5828459532536935
AgglomerativeClustering,"{'n_clusters': 29, 'linkage': 'single', 'metric': 'l2'}",-0.18554555619630023,5.3734057668883475,0.5983774966917536
AgglomerativeClustering,"{'n_clusters': 29, 'linkage': 'single', 'metric': 'manhattan'}",-0.17239693017161511,4.8511732085769665,0.5828459532536935
AgglomerativeClustering,"{'n_clusters': 29, 'linkage': 'single', 'metric': 'cosine'}",-0.45336631522322995,0.3064236073121866,2.0115485666411628
AgglomerativeClustering,"{'n_clusters': 30, 'linkage': 'ward', 'metric': 'euclidean'}",0.17662292317615566,563.2081403282058,1.2716728514993403
AgglomerativeClustering,"{'n_clusters': 30, 'linkage': 'complete', 'metric': 'euclidean'}",0.15040539176025255,454.87694005760756,1.3237842054396178
AgglomerativeClustering,"{'n_clusters': 30, 'linkage': 'complete', 'metric': 'l1'}",0.11634956923726404,410.66871451442057,1.4348010571690706
AgglomerativeClustering,"{'n_clusters': 30, 'linkage': 'complete', 'metric': 'l2'}",0.15040539176025255,454.87694005760756,1.3237842054396178
AgglomerativeClustering,"{'n_clusters': 30, 'linkage': 'complete', 'metric': 'manhattan'}",0.11634956923726404,410.66871451442057,1.4348010571690706
AgglomerativeClustering,"{'n_clusters': 30, 'linkage': 'complete', 'metric': 'cosine'}",0.04709756953412389,286.88225955977316,1.6345590587960728
AgglomerativeClustering,"{'n_clusters': 30, 'linkage': 'average', 'metric': 'euclidean'}",0.15593505061878288,261.7502857186857,0.9968909980033936
AgglomerativeClustering,"{'n_clusters': 30, 'linkage': 'average', 'metric': 'l1'}",0.14099920541020014,258.81159706870403,1.0718229073063712
AgglomerativeClustering,"{'n_clusters': 30, 'linkage': 'average', 'metric': 'l2'}",0.15593505061878288,261.7502857186857,0.9968909980033936
AgglomerativeClustering,"{'n_clusters': 30, 'linkage': 'average', 'metric': 'manhattan'}",0.14099920541020014,258.81159706870403,1.0718229073063712
AgglomerativeClustering,"{'n_clusters': 30, 'linkage': 'average', 'metric': 'cosine'}",0.04808895167442944,225.14461898976626,1.3045040136224406
AgglomerativeClustering,"{'n_clusters': 30, 'linkage': 'single', 'metric': 'euclidean'}",-0.1851358533526475,5.349329353559459,0.5925757978210828
AgglomerativeClustering,"{'n_clusters': 30, 'linkage': 'single', 'metric': 'l1'}",-0.20282876399072677,4.708231976892075,0.5996529338967628
AgglomerativeClustering,"{'n_clusters': 30, 'linkage': 'single', 'metric': 'l2'}",-0.1851358533526475,5.349329353559459,0.5925757978210828
AgglomerativeClustering,"{'n_clusters': 30, 'linkage': 'single', 'metric': 'manhattan'}",-0.20282876399072677,4.708231976892075,0.5996529338967628
AgglomerativeClustering,"{'n_clusters': 30, 'linkage': 'single', 'metric': 'cosine'}",-0.4546880775488332,0.3048687032839488,2.0041719714321156
AgglomerativeClustering,"{'n_clusters': 31, 'linkage': 'ward', 'metric': 'euclidean'}",0.1695246245437785,556.4527957088823,1.2879979801830033
AgglomerativeClustering,"{'n_clusters': 31, 'linkage': 'complete', 'metric': 'euclidean'}",0.1488973716300106,449.7020506225868,1.287770883476516
AgglomerativeClustering,"{'n_clusters': 31, 'linkage': 'complete', 'metric': 'l1'}",0.11711108318904995,402.25556163086907,1.4170764245694318
AgglomerativeClustering,"{'n_clusters': 31, 'linkage': 'complete', 'metric': 'l2'}",0.1488973716300106,449.7020506225868,1.287770883476516
AgglomerativeClustering,"{'n_clusters': 31, 'linkage': 'complete', 'metric': 'manhattan'}",0.11711108318904995,402.25556163086907,1.4170764245694318
AgglomerativeClustering,"{'n_clusters': 31, 'linkage': 'complete', 'metric': 'cosine'}",0.050295114847616944,284.5040398836675,1.6215407316605615
AgglomerativeClustering,"{'n_clusters': 31, 'linkage': 'average', 'metric': 'euclidean'}",0.15409138803155373,253.88074821906167,1.003852820309727
AgglomerativeClustering,"{'n_clusters': 31, 'linkage': 'average', 'metric': 'l1'}",0.13965439737506852,250.4407980970544,1.0461012961997884
AgglomerativeClustering,"{'n_clusters': 31, 'linkage': 'average', 'metric': 'l2'}",0.15409138803155373,253.88074821906167,1.003852820309727
AgglomerativeClustering,"{'n_clusters': 31, 'linkage': 'average', 'metric': 'manhattan'}",0.13965439737506852,250.4407980970544,1.0461012961997884
AgglomerativeClustering,"{'n_clusters': 31, 'linkage': 'average', 'metric': 'cosine'}",0.05627124626169253,220.3666476023722,1.3256582914530635
AgglomerativeClustering,"{'n_clusters': 31, 'linkage': 'single', 'metric': 'euclidean'}",-0.1896501757354931,5.346589024896744,0.5954810983635243
AgglomerativeClustering,"{'n_clusters': 31, 'linkage': 'single', 'metric': 'l1'}",-0.20726857221102624,4.605645604294255,0.6036570997943227
AgglomerativeClustering,"{'n_clusters': 31, 'linkage': 'single', 'metric': 'l2'}",-0.1896501757354931,5.346589024896744,0.5954810983635243
AgglomerativeClustering,"{'n_clusters': 31, 'linkage': 'single', 'metric': 'manhattan'}",-0.20726857221102624,4.605645604294255,0.6036570997943227
AgglomerativeClustering,"{'n_clusters': 31, 'linkage': 'single', 'metric': 'cosine'}",-0.45474414821414677,0.3028778665159508,1.999104100157481
AgglomerativeClustering,"{'n_clusters': 32, 'linkage': 'ward', 'metric': 'euclidean'}",0.17081862352909782,550.588054017962,1.312053399780304
AgglomerativeClustering,"{'n_clusters': 32, 'linkage': 'complete', 'metric': 'euclidean'}",0.1478661025490776,437.3891071126761,1.2715351878119103
AgglomerativeClustering,"{'n_clusters': 32, 'linkage': 'complete', 'metric': 'l1'}",0.11619055862566761,391.2312653519157,1.3975196354931443
AgglomerativeClustering,"{'n_clusters': 32, 'linkage': 'complete', 'metric': 'l2'}",0.1478661025490776,437.3891071126761,1.2715351878119103
AgglomerativeClustering,"{'n_clusters': 32, 'linkage': 'complete', 'metric': 'manhattan'}",0.11619055862566761,391.2312653519157,1.3975196354931443
AgglomerativeClustering,"{'n_clusters': 32, 'linkage': 'complete', 'metric': 'cosine'}",0.050882860264795625,276.430674557063,1.6259623644108587
AgglomerativeClustering,"{'n_clusters': 32, 'linkage': 'average', 'metric': 'euclidean'}",0.15284871013891294,246.05329677598186,0.9908682010645746
AgglomerativeClustering,"{'n_clusters': 32, 'linkage': 'average', 'metric': 'l1'}",0.1419994873780575,248.49453465119475,1.0680380277883348
AgglomerativeClustering,"{'n_clusters': 32, 'linkage': 'average', 'metric': 'l2'}",0.15284871013891294,246.05329677598186,0.9908682010645746
AgglomerativeClustering,"{'n_clusters': 32, 'linkage': 'average', 'metric': 'manhattan'}",0.1419994873780575,248.49453465119475,1.0680380277883348
AgglomerativeClustering,"{'n_clusters': 32, 'linkage': 'average', 'metric': 'cosine'}",0.05215627253562461,214.2493231736331,1.3218913794062246
AgglomerativeClustering,"{'n_clusters': 32, 'linkage': 'single', 'metric': 'euclidean'}",-0.20533020949366212,5.338869118232878,0.5974461720596755
AgglomerativeClustering,"{'n_clusters': 32, 'linkage': 'single', 'metric': 'l1'}",-0.22175819997924603,4.579072164279904,0.6102025199666832
AgglomerativeClustering,"{'n_clusters': 32, 'linkage': 'single', 'metric': 'l2'}",-0.20533020949366212,5.338869118232878,0.5974461720596755
AgglomerativeClustering,"{'n_clusters': 32, 'linkage': 'single', 'metric': 'manhattan'}",-0.22175819997924603,4.579072164279904,0.6102025199666832
AgglomerativeClustering,"{'n_clusters': 32, 'linkage': 'single', 'metric': 'cosine'}",-0.45505779060777646,0.30185963971831714,1.9915130650551796
AgglomerativeClustering,"{'n_clusters': 33, 'linkage': 'ward', 'metric': 'euclidean'}",0.17109228261073772,544.9355040179641,1.293674497299027
AgglomerativeClustering,"{'n_clusters': 33, 'linkage': 'complete', 'metric': 'euclidean'}",0.14972511407707967,431.1740956326357,1.2766529554120012
AgglomerativeClustering,"{'n_clusters': 33, 'linkage': 'complete', 'metric': 'l1'}",0.11838736103552747,383.07007461847473,1.3776407540658957
AgglomerativeClustering,"{'n_clusters': 33, 'linkage': 'complete', 'metric': 'l2'}",0.14972511407707967,431.1740956326357,1.2766529554120012
AgglomerativeClustering,"{'n_clusters': 33, 'linkage': 'complete', 'metric': 'manhattan'}",0.11838736103552747,383.07007461847473,1.3776407540658957
AgglomerativeClustering,"{'n_clusters': 33, 'linkage': 'complete', 'metric': 'cosine'}",0.05266386661384699,269.3411760737139,1.6236399375101527
AgglomerativeClustering,"{'n_clusters': 33, 'linkage': 'average', 'metric': 'euclidean'}",0.18533189277410303,312.3631109624565,1.0049797130044735
AgglomerativeClustering,"{'n_clusters': 33, 'linkage': 'average', 'metric': 'l1'}",0.14240285573738776,241.6574585017862,1.0683263745348257
AgglomerativeClustering,"{'n_clusters': 33, 'linkage': 'average', 'metric': 'l2'}",0.18533189277410303,312.3631109624565,1.0049797130044735
AgglomerativeClustering,"{'n_clusters': 33, 'linkage': 'average', 'metric': 'manhattan'}",0.14240285573738776,241.6574585017862,1.0683263745348257
AgglomerativeClustering,"{'n_clusters': 33, 'linkage': 'average', 'metric': 'cosine'}",0.0471195528601384,209.44197011405748,1.316951980439721
AgglomerativeClustering,"{'n_clusters': 33, 'linkage': 'single', 'metric': 'euclidean'}",-0.20641543413174598,5.174751511118697,0.5931391181916216
AgglomerativeClustering,"{'n_clusters': 33, 'linkage': 'single', 'metric': 'l1'}",-0.2293557536657169,4.473954701277992,0.6170489148518024
AgglomerativeClustering,"{'n_clusters': 33, 'linkage': 'single', 'metric': 'l2'}",-0.20641543413174598,5.174751511118697,0.5931391181916216
AgglomerativeClustering,"{'n_clusters': 33, 'linkage': 'single', 'metric': 'manhattan'}",-0.2293557536657169,4.473954701277992,0.6170489148518024
AgglomerativeClustering,"{'n_clusters': 33, 'linkage': 'single', 'metric': 'cosine'}",-0.45397047516325795,0.30958893219091155,1.9843882358517757
AgglomerativeClustering,"{'n_clusters': 34, 'linkage': 'ward', 'metric': 'euclidean'}",0.17268328731499125,539.5619199672325,1.297362505611393
AgglomerativeClustering,"{'n_clusters': 34, 'linkage': 'complete', 'metric': 'euclidean'}",0.1497311720490118,420.52284521094606,1.2558040847622962
AgglomerativeClustering,"{'n_clusters': 34, 'linkage': 'complete', 'metric': 'l1'}",0.1177175325366569,387.5674937775394,1.3549859879747794
AgglomerativeClustering,"{'n_clusters': 34, 'linkage': 'complete', 'metric': 'l2'}",0.1497311720490118,420.52284521094606,1.2558040847622962
AgglomerativeClustering,"{'n_clusters': 34, 'linkage': 'complete', 'metric': 'manhattan'}",0.1177175325366569,387.5674937775394,1.3549859879747794
AgglomerativeClustering,"{'n_clusters': 34, 'linkage': 'complete', 'metric': 'cosine'}",0.04223756614073752,261.18543582328107,1.595392199489763
AgglomerativeClustering,"{'n_clusters': 34, 'linkage': 'average', 'metric': 'euclidean'}",0.17641368475668692,316.39904226009196,1.0166926123890014
AgglomerativeClustering,"{'n_clusters': 34, 'linkage': 'average', 'metric': 'l1'}",0.14120272877832749,234.53532301043782,1.060496550538441
AgglomerativeClustering,"{'n_clusters': 34, 'linkage': 'average', 'metric': 'l2'}",0.17641368475668692,316.39904226009196,1.0166926123890014
AgglomerativeClustering,"{'n_clusters': 34, 'linkage': 'average', 'metric': 'manhattan'}",0.14120272877832749,234.53532301043782,1.060496550538441
AgglomerativeClustering,"{'n_clusters': 34, 'linkage': 'average', 'metric': 'cosine'}",0.048473567311769085,208.99712807752638,1.3054796613940103
AgglomerativeClustering,"{'n_clusters': 34, 'linkage': 'single', 'metric': 'euclidean'}",-0.2215300176062356,5.0671287550872215,0.5971116855371793
AgglomerativeClustering,"{'n_clusters': 34, 'linkage': 'single', 'metric': 'l1'}",-0.23102293540101862,4.425118485781468,0.6149934626941095
AgglomerativeClustering,"{'n_clusters': 34, 'linkage': 'single', 'metric': 'l2'}",-0.2215300176062356,5.0671287550872215,0.5971116855371793
AgglomerativeClustering,"{'n_clusters': 34, 'linkage': 'single', 'metric': 'manhattan'}",-0.23102293540101862,4.425118485781468,0.6149934626941095
AgglomerativeClustering,"{'n_clusters': 34, 'linkage': 'single', 'metric': 'cosine'}",-0.4546581744883766,0.3091517850102425,1.9754967362882676
AgglomerativeClustering,"{'n_clusters': 35, 'linkage': 'ward', 'metric': 'euclidean'}",0.17275238916986915,534.6626910230932,1.2908848369192785
AgglomerativeClustering,"{'n_clusters': 35, 'linkage': 'complete', 'metric': 'euclidean'}",0.15228213661788198,417.7358753471283,1.2581389252589013
AgglomerativeClustering,"{'n_clusters': 35, 'linkage': 'complete', 'metric': 'l1'}",0.11704025878302937,378.2103633285034,1.3456926745852589
AgglomerativeClustering,"{'n_clusters': 35, 'linkage': 'complete', 'metric': 'l2'}",0.15228213661788198,417.7358753471283,1.2581389252589013
AgglomerativeClustering,"{'n_clusters': 35, 'linkage': 'complete', 'metric': 'manhattan'}",0.11704025878302937,378.2103633285034,1.3456926745852589
AgglomerativeClustering,"{'n_clusters': 35, 'linkage': 'complete', 'metric': 'cosine'}",0.03995759505837403,257.47621522320895,1.629724887005267
AgglomerativeClustering,"{'n_clusters': 35, 'linkage': 'average', 'metric': 'euclidean'}",0.16453218321926064,307.2896307903886,0.9954314279405503
AgglomerativeClustering,"{'n_clusters': 35, 'linkage': 'average', 'metric': 'l1'}",0.15127902511616678,255.88186261720006,1.0656407474026923
AgglomerativeClustering,"{'n_clusters': 35, 'linkage': 'average', 'metric': 'l2'}",0.16453218321926064,307.2896307903886,0.9954314279405503
AgglomerativeClustering,"{'n_clusters': 35, 'linkage': 'average', 'metric': 'manhattan'}",0.15127902511616678,255.88186261720006,1.0656407474026923
AgglomerativeClustering,"{'n_clusters': 35, 'linkage': 'average', 'metric': 'cosine'}",0.05447685810521807,239.54219189748042,1.3230852745629242
AgglomerativeClustering,"{'n_clusters': 35, 'linkage': 'single', 'metric': 'euclidean'}",-0.2237445217575739,5.043756439025764,0.5927245933851897
AgglomerativeClustering,"{'n_clusters': 35, 'linkage': 'single', 'metric': 'l1'}",-0.2293681713887898,4.747159585753856,0.611715555454447
AgglomerativeClustering,"{'n_clusters': 35, 'linkage': 'single', 'metric': 'l2'}",-0.2237445217575739,5.043756439025764,0.5927245933851897
AgglomerativeClustering,"{'n_clusters': 35, 'linkage': 'single', 'metric': 'manhattan'}",-0.2293681713887898,4.747159585753856,0.611715555454447
AgglomerativeClustering,"{'n_clusters': 35, 'linkage': 'single', 'metric': 'cosine'}",-0.4615245327317158,0.30756710072983884,1.9708398749171356
AgglomerativeClustering,"{'n_clusters': 36, 'linkage': 'ward', 'metric': 'euclidean'}",0.1736527165686707,529.870358329891,1.2905924282922034
AgglomerativeClustering,"{'n_clusters': 36, 'linkage': 'complete', 'metric': 'euclidean'}",0.15174150772372366,422.62309755766887,1.2856647822864113
AgglomerativeClustering,"{'n_clusters': 36, 'linkage': 'complete', 'metric': 'l1'}",0.11504451965950094,372.1014489400429,1.3605699618308023
AgglomerativeClustering,"{'n_clusters': 36, 'linkage': 'complete', 'metric': 'l2'}",0.15174150772372366,422.62309755766887,1.2856647822864113
AgglomerativeClustering,"{'n_clusters': 36, 'linkage': 'complete', 'metric': 'manhattan'}",0.11504451965950094,372.1014489400429,1.3605699618308023
AgglomerativeClustering,"{'n_clusters': 36, 'linkage': 'complete', 'metric': 'cosine'}",0.041876347906846044,262.7898178097521,1.6448787277530539
AgglomerativeClustering,"{'n_clusters': 36, 'linkage': 'average', 'metric': 'euclidean'}",0.1655475351920035,316.28452590376384,1.0204450812740833
AgglomerativeClustering,"{'n_clusters': 36, 'linkage': 'average', 'metric': 'l1'}",0.148327291277795,249.0709751252408,1.0599174966763165
AgglomerativeClustering,"{'n_clusters': 36, 'linkage': 'average', 'metric': 'l2'}",0.1655475351920035,316.28452590376384,1.0204450812740833
AgglomerativeClustering,"{'n_clusters': 36, 'linkage': 'average', 'metric': 'manhattan'}",0.148327291277795,249.0709751252408,1.0599174966763165
AgglomerativeClustering,"{'n_clusters': 36, 'linkage': 'average', 'metric': 'cosine'}",0.053100484471887595,232.9919488650402,1.3205345407861135
AgglomerativeClustering,"{'n_clusters': 36, 'linkage': 'single', 'metric': 'euclidean'}",-0.22995108258749217,4.946540900320619,0.5963647841355703
AgglomerativeClustering,"{'n_clusters': 36, 'linkage': 'single', 'metric': 'l1'}",-0.2290496799501737,4.7214917321028285,0.6078600447310549
AgglomerativeClustering,"{'n_clusters': 36, 'linkage': 'single', 'metric': 'l2'}",-0.22995108258749217,4.946540900320619,0.5963647841355703
AgglomerativeClustering,"{'n_clusters': 36, 'linkage': 'single', 'metric': 'manhattan'}",-0.2290496799501737,4.7214917321028285,0.6078600447310549
AgglomerativeClustering,"{'n_clusters': 36, 'linkage': 'single', 'metric': 'cosine'}",-0.4613374077088033,0.30541527779541433,1.9688094847862372
AgglomerativeClustering,"{'n_clusters': 37, 'linkage': 'ward', 'metric': 'euclidean'}",0.17408517321419964,525.4928550488336,1.2822287647549806
AgglomerativeClustering,"{'n_clusters': 37, 'linkage': 'complete', 'metric': 'euclidean'}",0.14398103654406919,417.17865352892477,1.2838436001722435
AgglomerativeClustering,"{'n_clusters': 37, 'linkage': 'complete', 'metric': 'l1'}",0.1167111313558413,368.791431159236,1.3701796663959966
AgglomerativeClustering,"{'n_clusters': 37, 'linkage': 'complete', 'metric': 'l2'}",0.14398103654406919,417.17865352892477,1.2838436001722435
AgglomerativeClustering,"{'n_clusters': 37, 'linkage': 'complete', 'metric': 'manhattan'}",0.1167111313558413,368.791431159236,1.3701796663959966
AgglomerativeClustering,"{'n_clusters': 37, 'linkage': 'complete', 'metric': 'cosine'}",0.040543119047934145,256.103933592291,1.6675997567866065
AgglomerativeClustering,"{'n_clusters': 37, 'linkage': 'average', 'metric': 'euclidean'}",0.16516395414587023,307.96483125243645,1.008660202978414
AgglomerativeClustering,"{'n_clusters': 37, 'linkage': 'average', 'metric': 'l1'}",0.14289270322548892,245.44271306469113,1.0467215640437133
AgglomerativeClustering,"{'n_clusters': 37, 'linkage': 'average', 'metric': 'l2'}",0.16516395414587023,307.96483125243645,1.008660202978414
AgglomerativeClustering,"{'n_clusters': 37, 'linkage': 'average', 'metric': 'manhattan'}",0.14289270322548892,245.44271306469113,1.0467215640437133
AgglomerativeClustering,"{'n_clusters': 37, 'linkage': 'average', 'metric': 'cosine'}",0.05180759743500326,226.5483513874815,1.3154440295175154
AgglomerativeClustering,"{'n_clusters': 37, 'linkage': 'single', 'metric': 'euclidean'}",-0.22944369248371996,4.967995145576447,0.5905751752269169
AgglomerativeClustering,"{'n_clusters': 37, 'linkage': 'single', 'metric': 'l1'}",-0.23120681099411164,4.679359804300113,0.6052979815723682
AgglomerativeClustering,"{'n_clusters': 37, 'linkage': 'single', 'metric': 'l2'}",-0.22944369248371996,4.967995145576447,0.5905751752269169
AgglomerativeClustering,"{'n_clusters': 37, 'linkage': 'single', 'metric': 'manhattan'}",-0.23120681099411164,4.679359804300113,0.6052979815723682
AgglomerativeClustering,"{'n_clusters': 37, 'linkage': 'single', 'metric': 'cosine'}",-0.4708122049350471,0.349085362626591,1.9348002622411196
AgglomerativeClustering,"{'n_clusters': 38, 'linkage': 'ward', 'metric': 'euclidean'}",0.17425234038273332,519.7673522219011,1.285890628918891
AgglomerativeClustering,"{'n_clusters': 38, 'linkage': 'complete', 'metric': 'euclidean'}",0.14240345161143417,408.0455427831974,1.274962234114633
AgglomerativeClustering,"{'n_clusters': 38, 'linkage': 'complete', 'metric': 'l1'}",0.11545656173917197,360.14139501290435,1.364535489376035
AgglomerativeClustering,"{'n_clusters': 38, 'linkage': 'complete', 'metric': 'l2'}",0.14240345161143417,408.0455427831974,1.274962234114633
AgglomerativeClustering,"{'n_clusters': 38, 'linkage': 'complete', 'metric': 'manhattan'}",0.11545656173917197,360.14139501290435,1.364535489376035
AgglomerativeClustering,"{'n_clusters': 38, 'linkage': 'complete', 'metric': 'cosine'}",0.0413195109421931,249.93003737468985,1.6603042407119717
AgglomerativeClustering,"{'n_clusters': 38, 'linkage': 'average', 'metric': 'euclidean'}",0.16487707870769946,300.9977475250824,1.0101274289001927
AgglomerativeClustering,"{'n_clusters': 38, 'linkage': 'average', 'metric': 'l1'}",0.14048059859820095,239.88835070127686,1.043801368827874
AgglomerativeClustering,"{'n_clusters': 38, 'linkage': 'average', 'metric': 'l2'}",0.16487707870769946,300.9977475250824,1.0101274289001927
AgglomerativeClustering,"{'n_clusters': 38, 'linkage': 'average', 'metric': 'manhattan'}",0.14048059859820095,239.88835070127686,1.043801368827874
AgglomerativeClustering,"{'n_clusters': 38, 'linkage': 'average', 'metric': 'cosine'}",0.048408473446274726,220.34948477737228,1.2990883849400217
AgglomerativeClustering,"{'n_clusters': 38, 'linkage': 'single', 'metric': 'euclidean'}",-0.2354916814901421,4.836326300230339,0.5947345458310577
AgglomerativeClustering,"{'n_clusters': 38, 'linkage': 'single', 'metric': 'l1'}",-0.2384688641260368,4.575888868156945,0.6154821696353779
AgglomerativeClustering,"{'n_clusters': 38, 'linkage': 'single', 'metric': 'l2'}",-0.2354916814901421,4.836326300230339,0.5947345458310577
AgglomerativeClustering,"{'n_clusters': 38, 'linkage': 'single', 'metric': 'manhattan'}",-0.2384688641260368,4.575888868156945,0.6154821696353779
AgglomerativeClustering,"{'n_clusters': 38, 'linkage': 'single', 'metric': 'cosine'}",-0.47198937473423563,0.3453605823950471,1.936218855774576
AgglomerativeClustering,"{'n_clusters': 39, 'linkage': 'ward', 'metric': 'euclidean'}",0.1755396019229413,514.550372033138,1.2899736275577938
AgglomerativeClustering,"{'n_clusters': 39, 'linkage': 'complete', 'metric': 'euclidean'}",0.14186556071520987,404.10988438247097,1.2802143167633464
AgglomerativeClustering,"{'n_clusters': 39, 'linkage': 'complete', 'metric': 'l1'}",0.11547115075771698,352.7543171167866,1.3430765615492881
AgglomerativeClustering,"{'n_clusters': 39, 'linkage': 'complete', 'metric': 'l2'}",0.14186556071520987,404.10988438247097,1.2802143167633464
AgglomerativeClustering,"{'n_clusters': 39, 'linkage': 'complete', 'metric': 'manhattan'}",0.11547115075771698,352.7543171167866,1.3430765615492881
AgglomerativeClustering,"{'n_clusters': 39, 'linkage': 'complete', 'metric': 'cosine'}",0.04277365757754106,249.51305142757252,1.6502244241906117
AgglomerativeClustering,"{'n_clusters': 39, 'linkage': 'average', 'metric': 'euclidean'}",0.16840275645756317,301.27057150455727,1.0147566443336355
AgglomerativeClustering,"{'n_clusters': 39, 'linkage': 'average', 'metric': 'l1'}",0.14441041230927223,239.62344729119053,1.0509936886579794
AgglomerativeClustering,"{'n_clusters': 39, 'linkage': 'average', 'metric': 'l2'}",0.16840275645756317,301.27057150455727,1.0147566443336355
AgglomerativeClustering,"{'n_clusters': 39, 'linkage': 'average', 'metric': 'manhattan'}",0.14441041230927223,239.62344729119053,1.0509936886579794
AgglomerativeClustering,"{'n_clusters': 39, 'linkage': 'average', 'metric': 'cosine'}",0.04903345742375665,216.54085791071515,1.3251105715261005
AgglomerativeClustering,"{'n_clusters': 39, 'linkage': 'single', 'metric': 'euclidean'}",-0.2384654061761743,4.732679938639554,0.6043019206056989
AgglomerativeClustering,"{'n_clusters': 39, 'linkage': 'single', 'metric': 'l1'}",-0.2485418258325983,4.498150300233382,0.6183445388655615
AgglomerativeClustering,"{'n_clusters': 39, 'linkage': 'single', 'metric': 'l2'}",-0.2384654061761743,4.732679938639554,0.6043019206056989
AgglomerativeClustering,"{'n_clusters': 39, 'linkage': 'single', 'metric': 'manhattan'}",-0.2485418258325983,4.498150300233382,0.6183445388655615
AgglomerativeClustering,"{'n_clusters': 39, 'linkage': 'single', 'metric': 'cosine'}",-0.47283968566264556,0.5031935387504303,1.9153263824129898
AgglomerativeClustering,"{'n_clusters': 40, 'linkage': 'ward', 'metric': 'euclidean'}",0.17689427193870033,509.48079195908986,1.2840913692050908
AgglomerativeClustering,"{'n_clusters': 40, 'linkage': 'complete', 'metric': 'euclidean'}",0.14077115938894896,396.6026743184069,1.2753728844164283
AgglomerativeClustering,"{'n_clusters': 40, 'linkage': 'complete', 'metric': 'l1'}",0.1149190722883611,345.14414775447625,1.3388442438014487
AgglomerativeClustering,"{'n_clusters': 40, 'linkage': 'complete', 'metric': 'l2'}",0.14077115938894896,396.6026743184069,1.2753728844164283
AgglomerativeClustering,"{'n_clusters': 40, 'linkage': 'complete', 'metric': 'manhattan'}",0.1149190722883611,345.14414775447625,1.3388442438014487
AgglomerativeClustering,"{'n_clusters': 40, 'linkage': 'complete', 'metric': 'cosine'}",0.03947721605716885,243.3737353987299,1.682269289704039
AgglomerativeClustering,"{'n_clusters': 40, 'linkage': 'average', 'metric': 'euclidean'}",0.16794556694620116,294.8452731930836,1.0211239089609212
AgglomerativeClustering,"{'n_clusters': 40, 'linkage': 'average', 'metric': 'l1'}",0.1448231829015112,238.38403393127078,1.044952897971881
AgglomerativeClustering,"{'n_clusters': 40, 'linkage': 'average', 'metric': 'l2'}",0.16794556694620116,294.8452731930836,1.0211239089609212
AgglomerativeClustering,"{'n_clusters': 40, 'linkage': 'average', 'metric': 'manhattan'}",0.1448231829015112,238.38403393127078,1.044952897971881
AgglomerativeClustering,"{'n_clusters': 40, 'linkage': 'average', 'metric': 'cosine'}",0.04570680257334979,211.4745076270286,1.2996725423393674
AgglomerativeClustering,"{'n_clusters': 40, 'linkage': 'single', 'metric': 'euclidean'}",-0.23969440342991133,4.656834799929903,0.6065904379137448
AgglomerativeClustering,"{'n_clusters': 40, 'linkage': 'single', 'metric': 'l1'}",-0.25007228214198984,4.4053451801975445,0.627324957523385
AgglomerativeClustering,"{'n_clusters': 40, 'linkage': 'single', 'metric': 'l2'}",-0.23969440342991133,4.656834799929903,0.6065904379137448
AgglomerativeClustering,"{'n_clusters': 40, 'linkage': 'single', 'metric': 'manhattan'}",-0.25007228214198984,4.4053451801975445,0.627324957523385
AgglomerativeClustering,"{'n_clusters': 40, 'linkage': 'single', 'metric': 'cosine'}",-0.47245583941154135,0.49818727001584473,1.9275067723627615
AgglomerativeClustering,"{'n_clusters': 41, 'linkage': 'ward', 'metric': 'euclidean'}",0.17889387132752105,504.6538166526213,1.2665902842154069
AgglomerativeClustering,"{'n_clusters': 41, 'linkage': 'complete', 'metric': 'euclidean'}",0.1415472721298236,390.1681732088253,1.2690097069443753
AgglomerativeClustering,"{'n_clusters': 41, 'linkage': 'complete', 'metric': 'l1'}",0.1153396690156091,355.87136573842446,1.3229797086491757
AgglomerativeClustering,"{'n_clusters': 41, 'linkage': 'complete', 'metric': 'l2'}",0.1415472721298236,390.1681732088253,1.2690097069443753
AgglomerativeClustering,"{'n_clusters': 41, 'linkage': 'complete', 'metric': 'manhattan'}",0.1153396690156091,355.87136573842446,1.3229797086491757
AgglomerativeClustering,"{'n_clusters': 41, 'linkage': 'complete', 'metric': 'cosine'}",0.04274681312860966,247.02565928766288,1.6865777280884762
AgglomerativeClustering,"{'n_clusters': 41, 'linkage': 'average', 'metric': 'euclidean'}",0.18346341902700009,314.25345613889556,0.9999047884780417
AgglomerativeClustering,"{'n_clusters': 41, 'linkage': 'average', 'metric': 'l1'}",0.14439612922400064,232.70060514368734,1.034712399467521
AgglomerativeClustering,"{'n_clusters': 41, 'linkage': 'average', 'metric': 'l2'}",0.18346341902700009,314.25345613889556,0.9999047884780417
AgglomerativeClustering,"{'n_clusters': 41, 'linkage': 'average', 'metric': 'manhattan'}",0.14439612922400064,232.70060514368734,1.034712399467521
AgglomerativeClustering,"{'n_clusters': 41, 'linkage': 'average', 'metric': 'cosine'}",0.05484465141323614,224.70276437975767,1.2933064589593064
AgglomerativeClustering,"{'n_clusters': 41, 'linkage': 'single', 'metric': 'euclidean'}",-0.24046227875847404,4.540812877375615,0.604753762977845
AgglomerativeClustering,"{'n_clusters': 41, 'linkage': 'single', 'metric': 'l1'}",-0.2499716776193101,4.3895381527877175,0.6234638246927453
AgglomerativeClustering,"{'n_clusters': 41, 'linkage': 'single', 'metric': 'l2'}",-0.24046227875847404,4.540812877375615,0.604753762977845
AgglomerativeClustering,"{'n_clusters': 41, 'linkage': 'single', 'metric': 'manhattan'}",-0.2499716776193101,4.3895381527877175,0.6234638246927453
AgglomerativeClustering,"{'n_clusters': 41, 'linkage': 'single', 'metric': 'cosine'}",-0.472641799492674,0.49202256817490087,1.924761816938753
AgglomerativeClustering,"{'n_clusters': 42, 'linkage': 'ward', 'metric': 'euclidean'}",0.17841298812365763,500.25146022896456,1.2650076424756964
AgglomerativeClustering,"{'n_clusters': 42, 'linkage': 'complete', 'metric': 'euclidean'}",0.14146466387097664,394.3246486386588,1.2777531529905968
AgglomerativeClustering,"{'n_clusters': 42, 'linkage': 'complete', 'metric': 'l1'}",0.11694594864607138,358.46072674884533,1.3025121770198542
AgglomerativeClustering,"{'n_clusters': 42, 'linkage': 'complete', 'metric': 'l2'}",0.14146466387097664,394.3246486386588,1.2777531529905968
AgglomerativeClustering,"{'n_clusters': 42, 'linkage': 'complete', 'metric': 'manhattan'}",0.11694594864607138,358.46072674884533,1.3025121770198542
AgglomerativeClustering,"{'n_clusters': 42, 'linkage': 'complete', 'metric': 'cosine'}",0.0450078070796332,243.23413987055778,1.6627188953585124
AgglomerativeClustering,"{'n_clusters': 42, 'linkage': 'average', 'metric': 'euclidean'}",0.1830264702251694,307.25697510832066,1.0003423890368932
AgglomerativeClustering,"{'n_clusters': 42, 'linkage': 'average', 'metric': 'l1'}",0.19963204871543544,310.3003629046169,1.0287569942747155
AgglomerativeClustering,"{'n_clusters': 42, 'linkage': 'average', 'metric': 'l2'}",0.1830264702251694,307.25697510832066,1.0003423890368932
AgglomerativeClustering,"{'n_clusters': 42, 'linkage': 'average', 'metric': 'manhattan'}",0.19963204871543544,310.3003629046169,1.0287569942747155
AgglomerativeClustering,"{'n_clusters': 42, 'linkage': 'average', 'metric': 'cosine'}",0.050918731729239435,219.4664952201065,1.2831003047231266
AgglomerativeClustering,"{'n_clusters': 42, 'linkage': 'single', 'metric': 'euclidean'}",-0.3438671535732872,4.4335853914816505,0.6621263552935329
AgglomerativeClustering,"{'n_clusters': 42, 'linkage': 'single', 'metric': 'l1'}",-0.2563027811285765,4.2826298178295295,0.6215506140353887
AgglomerativeClustering,"{'n_clusters': 42, 'linkage': 'single', 'metric': 'l2'}",-0.3438671535732872,4.4335853914816505,0.6621263552935329
AgglomerativeClustering,"{'n_clusters': 42, 'linkage': 'single', 'metric': 'manhattan'}",-0.2563027811285765,4.2826298178295295,0.6215506140353887
AgglomerativeClustering,"{'n_clusters': 42, 'linkage': 'single', 'metric': 'cosine'}",-0.47247879882580773,0.5106645264066119,1.917991606428541
AgglomerativeClustering,"{'n_clusters': 43, 'linkage': 'ward', 'metric': 'euclidean'}",0.17954769923952626,495.90804681616487,1.2496736097041574
AgglomerativeClustering,"{'n_clusters': 43, 'linkage': 'complete', 'metric': 'euclidean'}",0.15053892217332424,409.61439577664794,1.2594522820526386
AgglomerativeClustering,"{'n_clusters': 43, 'linkage': 'complete', 'metric': 'l1'}",0.1356618425834824,376.8957692347904,1.28846767652358
AgglomerativeClustering,"{'n_clusters': 43, 'linkage': 'complete', 'metric': 'l2'}",0.15053892217332424,409.61439577664794,1.2594522820526386
AgglomerativeClustering,"{'n_clusters': 43, 'linkage': 'complete', 'metric': 'manhattan'}",0.1356618425834824,376.8957692347904,1.28846767652358
AgglomerativeClustering,"{'n_clusters': 43, 'linkage': 'complete', 'metric': 'cosine'}",0.040628725861681196,237.62216411875016,1.6414654576158885
AgglomerativeClustering,"{'n_clusters': 43, 'linkage': 'average', 'metric': 'euclidean'}",0.18348645155326368,303.1975191632265,1.0103178184471793
AgglomerativeClustering,"{'n_clusters': 43, 'linkage': 'average', 'metric': 'l1'}",0.19007490892582998,303.1519541926122,1.0114736176166386
AgglomerativeClustering,"{'n_clusters': 43, 'linkage': 'average', 'metric': 'l2'}",0.18348645155326368,303.1975191632265,1.0103178184471793
AgglomerativeClustering,"{'n_clusters': 43, 'linkage': 'average', 'metric': 'manhattan'}",0.19007490892582998,303.1519541926122,1.0114736176166386
AgglomerativeClustering,"{'n_clusters': 43, 'linkage': 'average', 'metric': 'cosine'}",0.05103551619500851,214.34277135652934,1.2795800388758904
AgglomerativeClustering,"{'n_clusters': 43, 'linkage': 'single', 'metric': 'euclidean'}",-0.3451286586150704,4.371421605783065,0.6626760379872783
AgglomerativeClustering,"{'n_clusters': 43, 'linkage': 'single', 'metric': 'l1'}",-0.25580974320408895,4.293855418493757,0.6167016959845717
AgglomerativeClustering,"{'n_clusters': 43, 'linkage': 'single', 'metric': 'l2'}",-0.3451286586150704,4.371421605783065,0.6626760379872783
AgglomerativeClustering,"{'n_clusters': 43, 'linkage': 'single', 'metric': 'manhattan'}",-0.25580974320408895,4.293855418493757,0.6167016959845717
AgglomerativeClustering,"{'n_clusters': 43, 'linkage': 'single', 'metric': 'cosine'}",-0.48320885921448475,0.5019839264150009,1.92885056998636
AgglomerativeClustering,"{'n_clusters': 44, 'linkage': 'ward', 'metric': 'euclidean'}",0.17873498475608757,491.933463579635,1.2545905660937502
AgglomerativeClustering,"{'n_clusters': 44, 'linkage': 'complete', 'metric': 'euclidean'}",0.14710129256395305,406.2545617534876,1.2520408368051543
AgglomerativeClustering,"{'n_clusters': 44, 'linkage': 'complete', 'metric': 'l1'}",0.1347720430289341,372.0464000232357,1.2892028921986058
AgglomerativeClustering,"{'n_clusters': 44, 'linkage': 'complete', 'metric': 'l2'}",0.14710129256395305,406.2545617534876,1.2520408368051543
AgglomerativeClustering,"{'n_clusters': 44, 'linkage': 'complete', 'metric': 'manhattan'}",0.1347720430289341,372.0464000232357,1.2892028921986058
AgglomerativeClustering,"{'n_clusters': 44, 'linkage': 'complete', 'metric': 'cosine'}",0.038918984719304175,232.4166841464266,1.646471237403287
AgglomerativeClustering,"{'n_clusters': 44, 'linkage': 'average', 'metric': 'euclidean'}",0.17927708122637864,298.05191116244146,1.0110697186045738
AgglomerativeClustering,"{'n_clusters': 44, 'linkage': 'average', 'metric': 'l1'}",0.18960446090439736,296.8602536618217,1.0190000334441984
AgglomerativeClustering,"{'n_clusters': 44, 'linkage': 'average', 'metric': 'l2'}",0.17927708122637864,298.05191116244146,1.0110697186045738
AgglomerativeClustering,"{'n_clusters': 44, 'linkage': 'average', 'metric': 'manhattan'}",0.18960446090439736,296.8602536618217,1.0190000334441984
AgglomerativeClustering,"{'n_clusters': 44, 'linkage': 'average', 'metric': 'cosine'}",0.05147664731092501,211.57687069096275,1.2798688011166166
AgglomerativeClustering,"{'n_clusters': 44, 'linkage': 'single', 'metric': 'euclidean'}",-0.3456268944714381,4.3378074827374355,0.6598796333077709
AgglomerativeClustering,"{'n_clusters': 44, 'linkage': 'single', 'metric': 'l1'}",-0.3600131283258345,4.197400324356542,0.671634023826164
AgglomerativeClustering,"{'n_clusters': 44, 'linkage': 'single', 'metric': 'l2'}",-0.3456268944714381,4.3378074827374355,0.6598796333077709
AgglomerativeClustering,"{'n_clusters': 44, 'linkage': 'single', 'metric': 'manhattan'}",-0.3600131283258345,4.197400324356542,0.671634023826164
AgglomerativeClustering,"{'n_clusters': 44, 'linkage': 'single', 'metric': 'cosine'}",-0.483301322140216,0.49761450538255947,1.9219177109185546
AgglomerativeClustering,"{'n_clusters': 45, 'linkage': 'ward', 'metric': 'euclidean'}",0.17903205589350737,487.85734246871147,1.2606855175728473
AgglomerativeClustering,"{'n_clusters': 45, 'linkage': 'complete', 'metric': 'euclidean'}",0.1462456571231992,399.6485745837358,1.258194849371826
AgglomerativeClustering,"{'n_clusters': 45, 'linkage': 'complete', 'metric': 'l1'}",0.13503659539875332,367.20421502974165,1.290105634430819
AgglomerativeClustering,"{'n_clusters': 45, 'linkage': 'complete', 'metric': 'l2'}",0.1462456571231992,399.6485745837358,1.258194849371826
AgglomerativeClustering,"{'n_clusters': 45, 'linkage': 'complete', 'metric': 'manhattan'}",0.13503659539875332,367.20421502974165,1.290105634430819
AgglomerativeClustering,"{'n_clusters': 45, 'linkage': 'complete', 'metric': 'cosine'}",0.03762519016917129,227.5260578919957,1.6351388221240475
AgglomerativeClustering,"{'n_clusters': 45, 'linkage': 'average', 'metric': 'euclidean'}",0.179262442068859,293.7932431625317,1.0085376179629078
AgglomerativeClustering,"{'n_clusters': 45, 'linkage': 'average', 'metric': 'l1'}",0.18963243024825746,290.44256122320814,1.002392466194172
AgglomerativeClustering,"{'n_clusters': 45, 'linkage': 'average', 'metric': 'l2'}",0.179262442068859,293.7932431625317,1.0085376179629078
AgglomerativeClustering,"{'n_clusters': 45, 'linkage': 'average', 'metric': 'manhattan'}",0.18963243024825746,290.44256122320814,1.002392466194172
AgglomerativeClustering,"{'n_clusters': 45, 'linkage': 'average', 'metric': 'cosine'}",0.05034232672014202,206.7418199072187,1.2657458178550502
AgglomerativeClustering,"{'n_clusters': 45, 'linkage': 'single', 'metric': 'euclidean'}",-0.3471222590492128,4.2987983698857155,0.6579473276454878
AgglomerativeClustering,"{'n_clusters': 45, 'linkage': 'single', 'metric': 'l1'}",-0.3606236662732678,4.144763492782158,0.6716462970387975
AgglomerativeClustering,"{'n_clusters': 45, 'linkage': 'single', 'metric': 'l2'}",-0.3471222590492128,4.2987983698857155,0.6579473276454878
AgglomerativeClustering,"{'n_clusters': 45, 'linkage': 'single', 'metric': 'manhattan'}",-0.3606236662732678,4.144763492782158,0.6716462970387975
AgglomerativeClustering,"{'n_clusters': 45, 'linkage': 'single', 'metric': 'cosine'}",-0.4845777899843626,0.4985383515458991,1.921686543268169
AgglomerativeClustering,"{'n_clusters': 46, 'linkage': 'ward', 'metric': 'euclidean'}",0.17882318715585166,483.9857359806042,1.261753912474539
AgglomerativeClustering,"{'n_clusters': 46, 'linkage': 'complete', 'metric': 'euclidean'}",0.14631845284101083,394.64952335133603,1.2737860788257351
AgglomerativeClustering,"{'n_clusters': 46, 'linkage': 'complete', 'metric': 'l1'}",0.1336590617203636,360.42975313085566,1.2852445483505452
AgglomerativeClustering,"{'n_clusters': 46, 'linkage': 'complete', 'metric': 'l2'}",0.14631845284101083,394.64952335133603,1.2737860788257351
AgglomerativeClustering,"{'n_clusters': 46, 'linkage': 'complete', 'metric': 'manhattan'}",0.1336590617203636,360.42975313085566,1.2852445483505452
AgglomerativeClustering,"{'n_clusters': 46, 'linkage': 'complete', 'metric': 'cosine'}",0.04112122761372244,224.13452114446545,1.632960344461385
AgglomerativeClustering,"{'n_clusters': 46, 'linkage': 'average', 'metric': 'euclidean'}",0.17666675161927456,289.02296071806626,1.019715221833055
AgglomerativeClustering,"{'n_clusters': 46, 'linkage': 'average', 'metric': 'l1'}",0.18950633017820678,284.21711759885386,0.9783831526853142
AgglomerativeClustering,"{'n_clusters': 46, 'linkage': 'average', 'metric': 'l2'}",0.17666675161927456,289.02296071806626,1.019715221833055
AgglomerativeClustering,"{'n_clusters': 46, 'linkage': 'average', 'metric': 'manhattan'}",0.18950633017820678,284.21711759885386,0.9783831526853142
AgglomerativeClustering,"{'n_clusters': 46, 'linkage': 'average', 'metric': 'cosine'}",0.04832653164074382,202.36352985249954,1.2845760687502277
AgglomerativeClustering,"{'n_clusters': 46, 'linkage': 'single', 'metric': 'euclidean'}",-0.34797989579738164,4.245248917114834,0.6582384815734449
AgglomerativeClustering,"{'n_clusters': 46, 'linkage': 'single', 'metric': 'l1'}",-0.35944202134995346,4.173326517528168,0.6816566758111106
AgglomerativeClustering,"{'n_clusters': 46, 'linkage': 'single', 'metric': 'l2'}",-0.34797989579738164,4.245248917114834,0.6582384815734449
AgglomerativeClustering,"{'n_clusters': 46, 'linkage': 'single', 'metric': 'manhattan'}",-0.35944202134995346,4.173326517528168,0.6816566758111106
AgglomerativeClustering,"{'n_clusters': 46, 'linkage': 'single', 'metric': 'cosine'}",-0.4845784306060472,0.49239925216183067,1.9218771527494254
AgglomerativeClustering,"{'n_clusters': 47, 'linkage': 'ward', 'metric': 'euclidean'}",0.17619545234619344,480.2092500521053,1.2518064131556657
AgglomerativeClustering,"{'n_clusters': 47, 'linkage': 'complete', 'metric': 'euclidean'}",0.14777084096489881,398.18250358212777,1.269248502972424
AgglomerativeClustering,"{'n_clusters': 47, 'linkage': 'complete', 'metric': 'l1'}",0.13409925219678184,355.21959280884766,1.278696119855158
AgglomerativeClustering,"{'n_clusters': 47, 'linkage': 'complete', 'metric': 'l2'}",0.14777084096489881,398.18250358212777,1.269248502972424
AgglomerativeClustering,"{'n_clusters': 47, 'linkage': 'complete', 'metric': 'manhattan'}",0.13409925219678184,355.21959280884766,1.278696119855158
AgglomerativeClustering,"{'n_clusters': 47, 'linkage': 'complete', 'metric': 'cosine'}",0.03816214244993132,219.21050319294605,1.6178444728711847
AgglomerativeClustering,"{'n_clusters': 47, 'linkage': 'average', 'metric': 'euclidean'}",0.17745088937446818,285.3651968456838,1.0202523201462281
AgglomerativeClustering,"{'n_clusters': 47, 'linkage': 'average', 'metric': 'l1'}",0.18808943738760622,278.12339952106674,0.9631111916952242
AgglomerativeClustering,"{'n_clusters': 47, 'linkage': 'average', 'metric': 'l2'}",0.17745088937446818,285.3651968456838,1.0202523201462281
AgglomerativeClustering,"{'n_clusters': 47, 'linkage': 'average', 'metric': 'manhattan'}",0.18808943738760622,278.12339952106674,0.9631111916952242
AgglomerativeClustering,"{'n_clusters': 47, 'linkage': 'average', 'metric': 'cosine'}",0.048146606997046204,197.98269857718367,1.3085477164404675
AgglomerativeClustering,"{'n_clusters': 47, 'linkage': 'single', 'metric': 'euclidean'}",-0.34945811419936457,4.18940642467198,0.6594077049812929
AgglomerativeClustering,"{'n_clusters': 47, 'linkage': 'single', 'metric': 'l1'}",-0.3616527890290006,4.118426314937283,0.6825515064687533
AgglomerativeClustering,"{'n_clusters': 47, 'linkage': 'single', 'metric': 'l2'}",-0.34945811419936457,4.18940642467198,0.6594077049812929
AgglomerativeClustering,"{'n_clusters': 47, 'linkage': 'single', 'metric': 'manhattan'}",-0.3616527890290006,4.118426314937283,0.6825515064687533
AgglomerativeClustering,"{'n_clusters': 47, 'linkage': 'single', 'metric': 'cosine'}",-0.48447168839392263,0.4874647104212811,1.9185921725855373
AgglomerativeClustering,"{'n_clusters': 48, 'linkage': 'ward', 'metric': 'euclidean'}",0.1765561332118925,476.50698769277597,1.2561347726512204
AgglomerativeClustering,"{'n_clusters': 48, 'linkage': 'complete', 'metric': 'euclidean'}",0.1487646147661872,394.2756932192507,1.2646628908603545
AgglomerativeClustering,"{'n_clusters': 48, 'linkage': 'complete', 'metric': 'l1'}",0.13380292714164496,349.980184209109,1.2698219986907182
AgglomerativeClustering,"{'n_clusters': 48, 'linkage': 'complete', 'metric': 'l2'}",0.1487646147661872,394.2756932192507,1.2646628908603545
AgglomerativeClustering,"{'n_clusters': 48, 'linkage': 'complete', 'metric': 'manhattan'}",0.13380292714164496,349.980184209109,1.2698219986907182
AgglomerativeClustering,"{'n_clusters': 48, 'linkage': 'complete', 'metric': 'cosine'}",0.036490555582474105,215.03014757403517,1.6206733832010933
AgglomerativeClustering,"{'n_clusters': 48, 'linkage': 'average', 'metric': 'euclidean'}",0.16869388675328936,279.81272007862094,1.015329333003782
AgglomerativeClustering,"{'n_clusters': 48, 'linkage': 'average', 'metric': 'l1'}",0.18495600681179164,272.78638065511416,0.9622726492185367
AgglomerativeClustering,"{'n_clusters': 48, 'linkage': 'average', 'metric': 'l2'}",0.16869388675328936,279.81272007862094,1.015329333003782
AgglomerativeClustering,"{'n_clusters': 48, 'linkage': 'average', 'metric': 'manhattan'}",0.18495600681179164,272.78638065511416,0.9622726492185367
AgglomerativeClustering,"{'n_clusters': 48, 'linkage': 'average', 'metric': 'cosine'}",0.04684461875549152,194.1970752152132,1.2943297552845137
AgglomerativeClustering,"{'n_clusters': 48, 'linkage': 'single', 'metric': 'euclidean'}",-0.349112173161428,4.183305964886432,0.6553234553884582
AgglomerativeClustering,"{'n_clusters': 48, 'linkage': 'single', 'metric': 'l1'}",-0.36078822900381213,4.114310693821271,0.6836324339247444
AgglomerativeClustering,"{'n_clusters': 48, 'linkage': 'single', 'metric': 'l2'}",-0.349112173161428,4.183305964886432,0.6553234553884582
AgglomerativeClustering,"{'n_clusters': 48, 'linkage': 'single', 'metric': 'manhattan'}",-0.36078822900381213,4.114310693821271,0.6836324339247444
AgglomerativeClustering,"{'n_clusters': 48, 'linkage': 'single', 'metric': 'cosine'}",-0.4883804221534767,0.4832995866845248,1.91398705390652
AgglomerativeClustering,"{'n_clusters': 49, 'linkage': 'ward', 'metric': 'euclidean'}",0.1741390607505115,473.03093363618905,1.2590474562846343
AgglomerativeClustering,"{'n_clusters': 49, 'linkage': 'complete', 'metric': 'euclidean'}",0.14986796921052004,389.09042080684617,1.2556849375874815
AgglomerativeClustering,"{'n_clusters': 49, 'linkage': 'complete', 'metric': 'l1'}",0.14503615469016218,366.26091531862187,1.2663018120189793
AgglomerativeClustering,"{'n_clusters': 49, 'linkage': 'complete', 'metric': 'l2'}",0.14986796921052004,389.09042080684617,1.2556849375874815
AgglomerativeClustering,"{'n_clusters': 49, 'linkage': 'complete', 'metric': 'manhattan'}",0.14503615469016218,366.26091531862187,1.2663018120189793
AgglomerativeClustering,"{'n_clusters': 49, 'linkage': 'complete', 'metric': 'cosine'}",0.034729185794083565,210.74585531801935,1.6194531261222305
AgglomerativeClustering,"{'n_clusters': 49, 'linkage': 'average', 'metric': 'euclidean'}",0.1685651570728129,274.192805409648,1.0006919323576078
AgglomerativeClustering,"{'n_clusters': 49, 'linkage': 'average', 'metric': 'l1'}",0.18453624075854808,268.7288234493189,0.9678457445037346
AgglomerativeClustering,"{'n_clusters': 49, 'linkage': 'average', 'metric': 'l2'}",0.1685651570728129,274.192805409648,1.0006919323576078
AgglomerativeClustering,"{'n_clusters': 49, 'linkage': 'average', 'metric': 'manhattan'}",0.18453624075854808,268.7288234493189,0.9678457445037346
AgglomerativeClustering,"{'n_clusters': 49, 'linkage': 'average', 'metric': 'cosine'}",0.05043304851671187,192.72092196175663,1.3073251049307844
AgglomerativeClustering,"{'n_clusters': 49, 'linkage': 'single', 'metric': 'euclidean'}",-0.3639431121162238,4.11998896040285,0.6596842459850017
AgglomerativeClustering,"{'n_clusters': 49, 'linkage': 'single', 'metric': 'l1'}",-0.3612948627013363,4.11756422075991,0.6786254018781899
AgglomerativeClustering,"{'n_clusters': 49, 'linkage': 'single', 'metric': 'l2'}",-0.3639431121162238,4.11998896040285,0.6596842459850017
AgglomerativeClustering,"{'n_clusters': 49, 'linkage': 'single', 'metric': 'manhattan'}",-0.3612948627013363,4.11756422075991,0.6786254018781899
AgglomerativeClustering,"{'n_clusters': 49, 'linkage': 'single', 'metric': 'cosine'}",-0.48852619062715147,0.48039071282768897,1.906695659387112
SpectralClustering,"{'n_clusters': 5, 'affinity': 'rbf', 'assign_labels': 'kmeans', 'random_state': 42}",0.40994314732019316,408.4989886515357,0.7835302594927429
SpectralClustering,"{'n_clusters': 5, 'affinity': 'rbf', 'assign_labels': 'kmeans', 'random_state': 123}",0.40994314732019316,408.4989886515357,0.7835302594927429
SpectralClustering,"{'n_clusters': 5, 'affinity': 'rbf', 'assign_labels': 'kmeans', 'random_state': 456}",0.40994314732019316,408.4989886515357,0.7835302594927429
SpectralClustering,"{'n_clusters': 5, 'affinity': 'rbf', 'assign_labels': 'kmeans', 'random_state': 789}",0.40994314732019316,408.4989886515357,0.7835302594927429
SpectralClustering,"{'n_clusters': 5, 'affinity': 'rbf', 'assign_labels': 'kmeans', 'random_state': 1011}",0.40994314732019316,408.4989886515357,0.7835302594927429
SpectralClustering,"{'n_clusters': 5, 'affinity': 'rbf', 'assign_labels': 'kmeans', 'random_state': 2022}",0.40994314732019316,408.4989886515357,0.7835302594927429
SpectralClustering,"{'n_clusters': 5, 'affinity': 'rbf', 'assign_labels': 'kmeans', 'random_state': 3033}",0.40994314732019316,408.4989886515357,0.7835302594927429
SpectralClustering,"{'n_clusters': 5, 'affinity': 'rbf', 'assign_labels': 'kmeans', 'random_state': 4044}",0.40994314732019316,408.4989886515357,0.7835302594927429
SpectralClustering,"{'n_clusters': 5, 'affinity': 'rbf', 'assign_labels': 'kmeans', 'random_state': 5055}",0.40994314732019316,408.4989886515356,0.7835302594927429
SpectralClustering,"{'n_clusters': 5, 'affinity': 'rbf', 'assign_labels': 'kmeans', 'random_state': 6066}",0.40994314732019316,408.4989886515357,0.7835302594927429
SpectralClustering,"{'n_clusters': 5, 'affinity': 'rbf', 'assign_labels': 'discretize', 'random_state': 42}",0.3486932447662794,858.0183984685432,0.9362695023240803
SpectralClustering,"{'n_clusters': 5, 'affinity': 'rbf', 'assign_labels': 'discretize', 'random_state': 123}",0.3486932447662794,858.0183984685432,0.9362695023240803
SpectralClustering,"{'n_clusters': 5, 'affinity': 'rbf', 'assign_labels': 'discretize', 'random_state': 456}",0.3486932447662794,858.0183984685432,0.9362695023240803
SpectralClustering,"{'n_clusters': 5, 'affinity': 'rbf', 'assign_labels': 'discretize', 'random_state': 789}",0.3486932447662794,858.0183984685432,0.9362695023240803
SpectralClustering,"{'n_clusters': 5, 'affinity': 'rbf', 'assign_labels': 'discretize', 'random_state': 1011}",0.3486932447662794,858.0183984685432,0.9362695023240803
SpectralClustering,"{'n_clusters': 5, 'affinity': 'rbf', 'assign_labels': 'discretize', 'random_state': 2022}",0.3486932447662794,858.0183984685432,0.9362695023240803
SpectralClustering,"{'n_clusters': 5, 'affinity': 'rbf', 'assign_labels': 'discretize', 'random_state': 3033}",0.3486932447662794,858.018398468543,0.9362695023240803
SpectralClustering,"{'n_clusters': 5, 'affinity': 'rbf', 'assign_labels': 'discretize', 'random_state': 4044}",0.3486932447662794,858.0183984685432,0.9362695023240803
SpectralClustering,"{'n_clusters': 5, 'affinity': 'rbf', 'assign_labels': 'discretize', 'random_state': 5055}",0.3486932447662794,858.0183984685432,0.9362695023240803
SpectralClustering,"{'n_clusters': 5, 'affinity': 'rbf', 'assign_labels': 'discretize', 'random_state': 6066}",0.3486932447662794,858.0183984685432,0.9362695023240803
SpectralClustering,"{'n_clusters': 5, 'affinity': 'rbf', 'assign_labels': 'cluster_qr', 'random_state': 42}",0.34300575328092214,975.3488798018175,1.221519745425719
SpectralClustering,"{'n_clusters': 5, 'affinity': 'rbf', 'assign_labels': 'cluster_qr', 'random_state': 123}",0.34300575328092214,975.3488798018175,1.221519745425719
SpectralClustering,"{'n_clusters': 5, 'affinity': 'rbf', 'assign_labels': 'cluster_qr', 'random_state': 456}",0.34300575328092214,975.3488798018175,1.221519745425719
SpectralClustering,"{'n_clusters': 5, 'affinity': 'rbf', 'assign_labels': 'cluster_qr', 'random_state': 789}",0.34300575328092214,975.3488798018175,1.221519745425719
SpectralClustering,"{'n_clusters': 5, 'affinity': 'rbf', 'assign_labels': 'cluster_qr', 'random_state': 1011}",0.34300575328092214,975.3488798018175,1.221519745425719
SpectralClustering,"{'n_clusters': 5, 'affinity': 'rbf', 'assign_labels': 'cluster_qr', 'random_state': 2022}",0.34300575328092214,975.3488798018175,1.221519745425719
SpectralClustering,"{'n_clusters': 5, 'affinity': 'rbf', 'assign_labels': 'cluster_qr', 'random_state': 3033}",0.34300575328092214,975.3488798018175,1.221519745425719
SpectralClustering,"{'n_clusters': 5, 'affinity': 'rbf', 'assign_labels': 'cluster_qr', 'random_state': 4044}",0.34300575328092214,975.3488798018175,1.221519745425719
SpectralClustering,"{'n_clusters': 5, 'affinity': 'rbf', 'assign_labels': 'cluster_qr', 'random_state': 5055}",0.34300575328092214,975.3488798018175,1.221519745425719
SpectralClustering,"{'n_clusters': 5, 'affinity': 'rbf', 'assign_labels': 'cluster_qr', 'random_state': 6066}",0.34300575328092214,975.3488798018175,1.221519745425719
SpectralClustering,"{'n_clusters': 5, 'affinity': 'nearest_neighbors', 'assign_labels': 'kmeans', 'random_state': 42, 'n_neighbors': 5}",0.2773966998772947,1116.9963070905044,1.1515174230950795
SpectralClustering,"{'n_clusters': 5, 'affinity': 'nearest_neighbors', 'assign_labels': 'kmeans', 'random_state': 123, 'n_neighbors': 5}",0.2773966998772947,1116.9963070905044,1.1515174230950795
SpectralClustering,"{'n_clusters': 5, 'affinity': 'nearest_neighbors', 'assign_labels': 'kmeans', 'random_state': 456, 'n_neighbors': 5}",0.27725126029253233,1116.091061515338,1.1525137898812081
SpectralClustering,"{'n_clusters': 5, 'affinity': 'nearest_neighbors', 'assign_labels': 'kmeans', 'random_state': 789, 'n_neighbors': 5}",0.2773966998772947,1116.9963070905044,1.1515174230950795
SpectralClustering,"{'n_clusters': 5, 'affinity': 'nearest_neighbors', 'assign_labels': 'kmeans', 'random_state': 1011, 'n_neighbors': 5}",0.27752695275023426,1114.4482673273365,1.1521247049240164
SpectralClustering,"{'n_clusters': 5, 'affinity': 'nearest_neighbors', 'assign_labels': 'kmeans', 'random_state': 2022, 'n_neighbors': 5}",0.2773966998772947,1116.9963070905044,1.1515174230950798
SpectralClustering,"{'n_clusters': 5, 'affinity': 'nearest_neighbors', 'assign_labels': 'kmeans', 'random_state': 3033, 'n_neighbors': 5}",0.27752695275023426,1114.4482673273365,1.1521247049240164
SpectralClustering,"{'n_clusters': 5, 'affinity': 'nearest_neighbors', 'assign_labels': 'kmeans', 'random_state': 4044, 'n_neighbors': 5}",0.27752695275023426,1114.4482673273365,1.1521247049240162
SpectralClustering,"{'n_clusters': 5, 'affinity': 'nearest_neighbors', 'assign_labels': 'kmeans', 'random_state': 5055, 'n_neighbors': 5}",0.2773966998772947,1116.9963070905044,1.1515174230950795
SpectralClustering,"{'n_clusters': 5, 'affinity': 'nearest_neighbors', 'assign_labels': 'kmeans', 'random_state': 6066, 'n_neighbors': 5}",0.2773966998772947,1116.9963070905044,1.1515174230950795
SpectralClustering,"{'n_clusters': 5, 'affinity': 'nearest_neighbors', 'assign_labels': 'discretize', 'random_state': 42, 'n_neighbors': 5}",0.27344894396825314,1131.569526611291,1.2113257847930552
SpectralClustering,"{'n_clusters': 5, 'affinity': 'nearest_neighbors', 'assign_labels': 'discretize', 'random_state': 123, 'n_neighbors': 5}",0.27353307943854854,1129.6152156712944,1.211870494572112
SpectralClustering,"{'n_clusters': 5, 'affinity': 'nearest_neighbors', 'assign_labels': 'discretize', 'random_state': 456, 'n_neighbors': 5}",0.27353307943854854,1129.6152156712947,1.211870494572112
SpectralClustering,"{'n_clusters': 5, 'affinity': 'nearest_neighbors', 'assign_labels': 'discretize', 'random_state': 789, 'n_neighbors': 5}",0.27353307943854854,1129.615215671295,1.211870494572112
SpectralClustering,"{'n_clusters': 5, 'affinity': 'nearest_neighbors', 'assign_labels': 'discretize', 'random_state': 1011, 'n_neighbors': 5}",0.27344894396825314,1131.569526611291,1.2113257847930554
SpectralClustering,"{'n_clusters': 5, 'affinity': 'nearest_neighbors', 'assign_labels': 'discretize', 'random_state': 2022, 'n_neighbors': 5}",0.27353307943854854,1129.615215671295,1.211870494572112
SpectralClustering,"{'n_clusters': 5, 'affinity': 'nearest_neighbors', 'assign_labels': 'discretize', 'random_state': 3033, 'n_neighbors': 5}",0.27353307943854854,1129.615215671295,1.211870494572112
SpectralClustering,"{'n_clusters': 5, 'affinity': 'nearest_neighbors', 'assign_labels': 'discretize', 'random_state': 4044, 'n_neighbors': 5}",0.27353307943854854,1129.6152156712944,1.211870494572112
SpectralClustering,"{'n_clusters': 5, 'affinity': 'nearest_neighbors', 'assign_labels': 'discretize', 'random_state': 5055, 'n_neighbors': 5}",0.27344894396825314,1131.5695266112912,1.2113257847930554
SpectralClustering,"{'n_clusters': 5, 'affinity': 'nearest_neighbors', 'assign_labels': 'discretize', 'random_state': 6066, 'n_neighbors': 5}",0.27353307943854854,1129.615215671295,1.211870494572112
SpectralClustering,"{'n_clusters': 5, 'affinity': 'nearest_neighbors', 'assign_labels': 'cluster_qr', 'random_state': 42, 'n_neighbors': 5}",0.28050704704688745,1135.984169918404,1.2082869262861813
SpectralClustering,"{'n_clusters': 5, 'affinity': 'nearest_neighbors', 'assign_labels': 'cluster_qr', 'random_state': 123, 'n_neighbors': 5}",0.28050704704688745,1135.984169918404,1.2082869262861813
SpectralClustering,"{'n_clusters': 5, 'affinity': 'nearest_neighbors', 'assign_labels': 'cluster_qr', 'random_state': 456, 'n_neighbors': 5}",0.28050704704688745,1135.984169918404,1.2082869262861813
SpectralClustering,"{'n_clusters': 5, 'affinity': 'nearest_neighbors', 'assign_labels': 'cluster_qr', 'random_state': 789, 'n_neighbors': 5}",0.28050704704688745,1135.984169918404,1.2082869262861813
SpectralClustering,"{'n_clusters': 5, 'affinity': 'nearest_neighbors', 'assign_labels': 'cluster_qr', 'random_state': 1011, 'n_neighbors': 5}",0.28050704704688745,1135.984169918404,1.2082869262861813
SpectralClustering,"{'n_clusters': 5, 'affinity': 'nearest_neighbors', 'assign_labels': 'cluster_qr', 'random_state': 2022, 'n_neighbors': 5}",0.28050704704688745,1135.984169918404,1.2082869262861813
SpectralClustering,"{'n_clusters': 5, 'affinity': 'nearest_neighbors', 'assign_labels': 'cluster_qr', 'random_state': 3033, 'n_neighbors': 5}",0.28050704704688745,1135.984169918404,1.2082869262861813
SpectralClustering,"{'n_clusters': 5, 'affinity': 'nearest_neighbors', 'assign_labels': 'cluster_qr', 'random_state': 4044, 'n_neighbors': 5}",0.28050704704688745,1135.984169918404,1.2082869262861813
SpectralClustering,"{'n_clusters': 5, 'affinity': 'nearest_neighbors', 'assign_labels': 'cluster_qr', 'random_state': 5055, 'n_neighbors': 5}",0.28050704704688745,1135.984169918404,1.2082869262861813
SpectralClustering,"{'n_clusters': 5, 'affinity': 'nearest_neighbors', 'assign_labels': 'cluster_qr', 'random_state': 6066, 'n_neighbors': 5}",0.28050704704688745,1135.984169918404,1.2082869262861813
SpectralClustering,"{'n_clusters': 5, 'affinity': 'nearest_neighbors', 'assign_labels': 'kmeans', 'random_state': 42, 'n_neighbors': 10}",0.2691541668437909,1221.9588637731342,1.2414039361646532
SpectralClustering,"{'n_clusters': 5, 'affinity': 'nearest_neighbors', 'assign_labels': 'kmeans', 'random_state': 123, 'n_neighbors': 10}",0.2691541668437909,1221.9588637731342,1.2414039361646532
SpectralClustering,"{'n_clusters': 5, 'affinity': 'nearest_neighbors', 'assign_labels': 'kmeans', 'random_state': 456, 'n_neighbors': 10}",0.2691541668437909,1221.9588637731342,1.2414039361646532
SpectralClustering,"{'n_clusters': 5, 'affinity': 'nearest_neighbors', 'assign_labels': 'kmeans', 'random_state': 789, 'n_neighbors': 10}",0.2690836879265726,1221.67365184682,1.2401499863120873
SpectralClustering,"{'n_clusters': 5, 'affinity': 'nearest_neighbors', 'assign_labels': 'kmeans', 'random_state': 1011, 'n_neighbors': 10}",0.26877317700994197,1221.0649225709853,1.2404689925148176
SpectralClustering,"{'n_clusters': 5, 'affinity': 'nearest_neighbors', 'assign_labels': 'kmeans', 'random_state': 2022, 'n_neighbors': 10}",0.2691541668437909,1221.9588637731345,1.241403936164653
SpectralClustering,"{'n_clusters': 5, 'affinity': 'nearest_neighbors', 'assign_labels': 'kmeans', 'random_state': 3033, 'n_neighbors': 10}",0.2691541668437909,1221.9588637731345,1.241403936164653
SpectralClustering,"{'n_clusters': 5, 'affinity': 'nearest_neighbors', 'assign_labels': 'kmeans', 'random_state': 4044, 'n_neighbors': 10}",0.2691541668437909,1221.9588637731342,1.2414039361646532
SpectralClustering,"{'n_clusters': 5, 'affinity': 'nearest_neighbors', 'assign_labels': 'kmeans', 'random_state': 5055, 'n_neighbors': 10}",0.2691541668437909,1221.9588637731342,1.2414039361646532
SpectralClustering,"{'n_clusters': 5, 'affinity': 'nearest_neighbors', 'assign_labels': 'kmeans', 'random_state': 6066, 'n_neighbors': 10}",0.2690836879265726,1221.6736518468201,1.2401499863120873
SpectralClustering,"{'n_clusters': 5, 'affinity': 'nearest_neighbors', 'assign_labels': 'discretize', 'random_state': 42, 'n_neighbors': 10}",0.2665295136485723,1213.2260970422951,1.2295839483510356
SpectralClustering,"{'n_clusters': 5, 'affinity': 'nearest_neighbors', 'assign_labels': 'discretize', 'random_state': 123, 'n_neighbors': 10}",0.2665760091874982,1213.9779792736188,1.2292487824407243
SpectralClustering,"{'n_clusters': 5, 'affinity': 'nearest_neighbors', 'assign_labels': 'discretize', 'random_state': 456, 'n_neighbors': 10}",0.266578489849569,1213.5821284908538,1.2297989796363882
SpectralClustering,"{'n_clusters': 5, 'affinity': 'nearest_neighbors', 'assign_labels': 'discretize', 'random_state': 789, 'n_neighbors': 10}",0.26652626914145877,1213.6198260958765,1.2290358104106756
SpectralClustering,"{'n_clusters': 5, 'affinity': 'nearest_neighbors', 'assign_labels': 'discretize', 'random_state': 1011, 'n_neighbors': 10}",0.266578489849569,1213.582128490854,1.2297989796363882
SpectralClustering,"{'n_clusters': 5, 'affinity': 'nearest_neighbors', 'assign_labels': 'discretize', 'random_state': 2022, 'n_neighbors': 10}",0.26652626914145877,1213.6198260958765,1.2290358104106756
SpectralClustering,"{'n_clusters': 5, 'affinity': 'nearest_neighbors', 'assign_labels': 'discretize', 'random_state': 3033, 'n_neighbors': 10}",0.2665295136485723,1213.226097042295,1.2295839483510356
SpectralClustering,"{'n_clusters': 5, 'affinity': 'nearest_neighbors', 'assign_labels': 'discretize', 'random_state': 4044, 'n_neighbors': 10}",0.266578489849569,1213.5821284908538,1.2297989796363882
SpectralClustering,"{'n_clusters': 5, 'affinity': 'nearest_neighbors', 'assign_labels': 'discretize', 'random_state': 5055, 'n_neighbors': 10}",0.266578489849569,1213.5821284908538,1.2297989796363882
SpectralClustering,"{'n_clusters': 5, 'affinity': 'nearest_neighbors', 'assign_labels': 'discretize', 'random_state': 6066, 'n_neighbors': 10}",0.26652626914145877,1213.6198260958763,1.2290358104106756
SpectralClustering,"{'n_clusters': 5, 'affinity': 'nearest_neighbors', 'assign_labels': 'cluster_qr', 'random_state': 42, 'n_neighbors': 10}",0.2696027885128685,1224.0370899153545,1.2315681153352
SpectralClustering,"{'n_clusters': 5, 'affinity': 'nearest_neighbors', 'assign_labels': 'cluster_qr', 'random_state': 123, 'n_neighbors': 10}",0.2696027885128685,1224.0370899153545,1.2315681153352
SpectralClustering,"{'n_clusters': 5, 'affinity': 'nearest_neighbors', 'assign_labels': 'cluster_qr', 'random_state': 456, 'n_neighbors': 10}",0.2696027885128685,1224.0370899153545,1.2315681153352
SpectralClustering,"{'n_clusters': 5, 'affinity': 'nearest_neighbors', 'assign_labels': 'cluster_qr', 'random_state': 789, 'n_neighbors': 10}",0.2696027885128685,1224.0370899153545,1.2315681153352
SpectralClustering,"{'n_clusters': 5, 'affinity': 'nearest_neighbors', 'assign_labels': 'cluster_qr', 'random_state': 1011, 'n_neighbors': 10}",0.2696027885128685,1224.0370899153545,1.2315681153352
SpectralClustering,"{'n_clusters': 5, 'affinity': 'nearest_neighbors', 'assign_labels': 'cluster_qr', 'random_state': 2022, 'n_neighbors': 10}",0.2696027885128685,1224.0370899153545,1.2315681153352
SpectralClustering,"{'n_clusters': 5, 'affinity': 'nearest_neighbors', 'assign_labels': 'cluster_qr', 'random_state': 3033, 'n_neighbors': 10}",0.2696027885128685,1224.0370899153545,1.2315681153352
SpectralClustering,"{'n_clusters': 5, 'affinity': 'nearest_neighbors', 'assign_labels': 'cluster_qr', 'random_state': 4044, 'n_neighbors': 10}",0.2696027885128685,1224.0370899153545,1.2315681153352
SpectralClustering,"{'n_clusters': 5, 'affinity': 'nearest_neighbors', 'assign_labels': 'cluster_qr', 'random_state': 5055, 'n_neighbors': 10}",0.2696027885128685,1224.0370899153545,1.2315681153352
SpectralClustering,"{'n_clusters': 5, 'affinity': 'nearest_neighbors', 'assign_labels': 'cluster_qr', 'random_state': 6066, 'n_neighbors': 10}",0.2696027885128685,1224.0370899153545,1.2315681153352
SpectralClustering,"{'n_clusters': 5, 'affinity': 'nearest_neighbors', 'assign_labels': 'kmeans', 'random_state': 42, 'n_neighbors': 15}",0.269315906715159,1229.417906292776,1.2276577738705927
SpectralClustering,"{'n_clusters': 5, 'affinity': 'nearest_neighbors', 'assign_labels': 'kmeans', 'random_state': 123, 'n_neighbors': 15}",0.269431262525337,1230.1418199842865,1.22790184500557
SpectralClustering,"{'n_clusters': 5, 'affinity': 'nearest_neighbors', 'assign_labels': 'kmeans', 'random_state': 456, 'n_neighbors': 15}",0.269431262525337,1230.1418199842865,1.22790184500557
SpectralClustering,"{'n_clusters': 5, 'affinity': 'nearest_neighbors', 'assign_labels': 'kmeans', 'random_state': 789, 'n_neighbors': 15}",0.2694152833818518,1229.527593014572,1.2274881776024869
SpectralClustering,"{'n_clusters': 5, 'affinity': 'nearest_neighbors', 'assign_labels': 'kmeans', 'random_state': 1011, 'n_neighbors': 15}",0.269431262525337,1230.1418199842865,1.22790184500557
SpectralClustering,"{'n_clusters': 5, 'affinity': 'nearest_neighbors', 'assign_labels': 'kmeans', 'random_state': 2022, 'n_neighbors': 15}",0.269431262525337,1230.1418199842865,1.22790184500557
SpectralClustering,"{'n_clusters': 5, 'affinity': 'nearest_neighbors', 'assign_labels': 'kmeans', 'random_state': 3033, 'n_neighbors': 15}",0.2694152833818518,1229.5275930145717,1.2274881776024869
SpectralClustering,"{'n_clusters': 5, 'affinity': 'nearest_neighbors', 'assign_labels': 'kmeans', 'random_state': 4044, 'n_neighbors': 15}",0.2693791684742941,1229.4794957743197,1.2273757170129487
SpectralClustering,"{'n_clusters': 5, 'affinity': 'nearest_neighbors', 'assign_labels': 'kmeans', 'random_state': 5055, 'n_neighbors': 15}",0.2694152833818518,1229.527593014572,1.2274881776024869
SpectralClustering,"{'n_clusters': 5, 'affinity': 'nearest_neighbors', 'assign_labels': 'kmeans', 'random_state': 6066, 'n_neighbors': 15}",0.269431262525337,1230.1418199842867,1.22790184500557
SpectralClustering,"{'n_clusters': 5, 'affinity': 'nearest_neighbors', 'assign_labels': 'discretize', 'random_state': 42, 'n_neighbors': 15}",0.26351635485714003,1208.5290803438518,1.2200389284085025
SpectralClustering,"{'n_clusters': 5, 'affinity': 'nearest_neighbors', 'assign_labels': 'discretize', 'random_state': 123, 'n_neighbors': 15}",0.26336787544763207,1208.3430345842614,1.2197213758090668
SpectralClustering,"{'n_clusters': 5, 'affinity': 'nearest_neighbors', 'assign_labels': 'discretize', 'random_state': 456, 'n_neighbors': 15}",0.26336787544763207,1208.3430345842614,1.2197213758090668
SpectralClustering,"{'n_clusters': 5, 'affinity': 'nearest_neighbors', 'assign_labels': 'discretize', 'random_state': 789, 'n_neighbors': 15}",0.26343286110198244,1208.3932711396994,1.2196803848501143
SpectralClustering,"{'n_clusters': 5, 'affinity': 'nearest_neighbors', 'assign_labels': 'discretize', 'random_state': 1011, 'n_neighbors': 15}",0.26343286110198244,1208.3932711396994,1.2196803848501143
SpectralClustering,"{'n_clusters': 5, 'affinity': 'nearest_neighbors', 'assign_labels': 'discretize', 'random_state': 2022, 'n_neighbors': 15}",0.26343286110198244,1208.3932711396994,1.2196803848501145
SpectralClustering,"{'n_clusters': 5, 'affinity': 'nearest_neighbors', 'assign_labels': 'discretize', 'random_state': 3033, 'n_neighbors': 15}",0.26343286110198244,1208.3932711396994,1.2196803848501145
SpectralClustering,"{'n_clusters': 5, 'affinity': 'nearest_neighbors', 'assign_labels': 'discretize', 'random_state': 4044, 'n_neighbors': 15}",0.2635350186484298,1208.5134962837453,1.220044214544369
SpectralClustering,"{'n_clusters': 5, 'affinity': 'nearest_neighbors', 'assign_labels': 'discretize', 'random_state': 5055, 'n_neighbors': 15}",0.26343286110198244,1208.3932711396994,1.2196803848501145
SpectralClustering,"{'n_clusters': 5, 'affinity': 'nearest_neighbors', 'assign_labels': 'discretize', 'random_state': 6066, 'n_neighbors': 15}",0.26336787544763207,1208.3430345842614,1.2197213758090668
SpectralClustering,"{'n_clusters': 5, 'affinity': 'nearest_neighbors', 'assign_labels': 'cluster_qr', 'random_state': 42, 'n_neighbors': 15}",0.26840736454936825,1221.813622798096,1.2235786979408234
SpectralClustering,"{'n_clusters': 5, 'affinity': 'nearest_neighbors', 'assign_labels': 'cluster_qr', 'random_state': 123, 'n_neighbors': 15}",0.26840736454936825,1221.813622798096,1.2235786979408234
SpectralClustering,"{'n_clusters': 5, 'affinity': 'nearest_neighbors', 'assign_labels': 'cluster_qr', 'random_state': 456, 'n_neighbors': 15}",0.26840736454936825,1221.813622798096,1.2235786979408234
SpectralClustering,"{'n_clusters': 5, 'affinity': 'nearest_neighbors', 'assign_labels': 'cluster_qr', 'random_state': 789, 'n_neighbors': 15}",0.26840736454936825,1221.813622798096,1.2235786979408234
SpectralClustering,"{'n_clusters': 5, 'affinity': 'nearest_neighbors', 'assign_labels': 'cluster_qr', 'random_state': 1011, 'n_neighbors': 15}",0.26840736454936825,1221.813622798096,1.2235786979408234
SpectralClustering,"{'n_clusters': 5, 'affinity': 'nearest_neighbors', 'assign_labels': 'cluster_qr', 'random_state': 2022, 'n_neighbors': 15}",0.26840736454936825,1221.813622798096,1.2235786979408234
SpectralClustering,"{'n_clusters': 5, 'affinity': 'nearest_neighbors', 'assign_labels': 'cluster_qr', 'random_state': 3033, 'n_neighbors': 15}",0.26840736454936825,1221.813622798096,1.2235786979408234
SpectralClustering,"{'n_clusters': 5, 'affinity': 'nearest_neighbors', 'assign_labels': 'cluster_qr', 'random_state': 4044, 'n_neighbors': 15}",0.26840736454936825,1221.813622798096,1.2235786979408234
SpectralClustering,"{'n_clusters': 5, 'affinity': 'nearest_neighbors', 'assign_labels': 'cluster_qr', 'random_state': 5055, 'n_neighbors': 15}",0.26840736454936825,1221.813622798096,1.2235786979408234
SpectralClustering,"{'n_clusters': 5, 'affinity': 'nearest_neighbors', 'assign_labels': 'cluster_qr', 'random_state': 6066, 'n_neighbors': 15}",0.26840736454936825,1221.813622798096,1.2235786979408234
SpectralClustering,"{'n_clusters': 5, 'affinity': 'nearest_neighbors', 'assign_labels': 'kmeans', 'random_state': 42, 'n_neighbors': 20}",0.27075031831721874,1233.4563546236445,1.2270099207618625
SpectralClustering,"{'n_clusters': 5, 'affinity': 'nearest_neighbors', 'assign_labels': 'kmeans', 'random_state': 123, 'n_neighbors': 20}",0.2699191627242303,1233.3842060052689,1.2278855744168307
SpectralClustering,"{'n_clusters': 5, 'affinity': 'nearest_neighbors', 'assign_labels': 'kmeans', 'random_state': 456, 'n_neighbors': 20}",0.2706610472155863,1233.4273856177415,1.2269772008296251
SpectralClustering,"{'n_clusters': 5, 'affinity': 'nearest_neighbors', 'assign_labels': 'kmeans', 'random_state': 789, 'n_neighbors': 20}",0.2699191627242303,1233.3842060052689,1.2278855744168307
SpectralClustering,"{'n_clusters': 5, 'affinity': 'nearest_neighbors', 'assign_labels': 'kmeans', 'random_state': 1011, 'n_neighbors': 20}",0.2706986225857194,1233.4140800993846,1.226964311795777
SpectralClustering,"{'n_clusters': 5, 'affinity': 'nearest_neighbors', 'assign_labels': 'kmeans', 'random_state': 2022, 'n_neighbors': 20}",0.27075031831721874,1233.4563546236448,1.2270099207618625
SpectralClustering,"{'n_clusters': 5, 'affinity': 'nearest_neighbors', 'assign_labels': 'kmeans', 'random_state': 3033, 'n_neighbors': 20}",0.27075031831721874,1233.4563546236448,1.2270099207618625
SpectralClustering,"{'n_clusters': 5, 'affinity': 'nearest_neighbors', 'assign_labels': 'kmeans', 'random_state': 4044, 'n_neighbors': 20}",0.2706986225857194,1233.4140800993844,1.226964311795777
SpectralClustering,"{'n_clusters': 5, 'affinity': 'nearest_neighbors', 'assign_labels': 'kmeans', 'random_state': 5055, 'n_neighbors': 20}",0.26983955555919675,1233.3523164210594,1.2285075345479728
SpectralClustering,"{'n_clusters': 5, 'affinity': 'nearest_neighbors', 'assign_labels': 'kmeans', 'random_state': 6066, 'n_neighbors': 20}",0.27015325954230907,1234.1039976334682,1.2288331172334455
SpectralClustering,"{'n_clusters': 5, 'affinity': 'nearest_neighbors', 'assign_labels': 'discretize', 'random_state': 42, 'n_neighbors': 20}",0.2651031053760021,1210.472362814328,1.2194094117909624
SpectralClustering,"{'n_clusters': 5, 'affinity': 'nearest_neighbors', 'assign_labels': 'discretize', 'random_state': 123, 'n_neighbors': 20}",0.26514134939733786,1210.796822767524,1.220029906533984
SpectralClustering,"{'n_clusters': 5, 'affinity': 'nearest_neighbors', 'assign_labels': 'discretize', 'random_state': 456, 'n_neighbors': 20}",0.26514134939733786,1210.7968227675242,1.2200299065339837
SpectralClustering,"{'n_clusters': 5, 'affinity': 'nearest_neighbors', 'assign_labels': 'discretize', 'random_state': 789, 'n_neighbors': 20}",0.26514134939733786,1210.796822767524,1.220029906533984
SpectralClustering,"{'n_clusters': 5, 'affinity': 'nearest_neighbors', 'assign_labels': 'discretize', 'random_state': 1011, 'n_neighbors': 20}",0.26514134939733786,1210.7968227675242,1.220029906533984
SpectralClustering,"{'n_clusters': 5, 'affinity': 'nearest_neighbors', 'assign_labels': 'discretize', 'random_state': 2022, 'n_neighbors': 20}",0.2651031053760021,1210.4723628143283,1.2194094117909624
SpectralClustering,"{'n_clusters': 5, 'affinity': 'nearest_neighbors', 'assign_labels': 'discretize', 'random_state': 3033, 'n_neighbors': 20}",0.2650933798589616,1210.7067789906318,1.2203176983382338
SpectralClustering,"{'n_clusters': 5, 'affinity': 'nearest_neighbors', 'assign_labels': 'discretize', 'random_state': 4044, 'n_neighbors': 20}",0.26506657526557253,1210.7720347816726,1.220180184548636
SpectralClustering,"{'n_clusters': 5, 'affinity': 'nearest_neighbors', 'assign_labels': 'discretize', 'random_state': 5055, 'n_neighbors': 20}",0.26514134939733786,1210.7968227675242,1.220029906533984
SpectralClustering,"{'n_clusters': 5, 'affinity': 'nearest_neighbors', 'assign_labels': 'discretize', 'random_state': 6066, 'n_neighbors': 20}",0.2651031053760021,1210.4723628143283,1.2194094117909624
SpectralClustering,"{'n_clusters': 5, 'affinity': 'nearest_neighbors', 'assign_labels': 'cluster_qr', 'random_state': 42, 'n_neighbors': 20}",0.26902955969020653,1228.6374851549197,1.223353254398336
SpectralClustering,"{'n_clusters': 5, 'affinity': 'nearest_neighbors', 'assign_labels': 'cluster_qr', 'random_state': 123, 'n_neighbors': 20}",0.26902955969020653,1228.6374851549197,1.223353254398336
SpectralClustering,"{'n_clusters': 5, 'affinity': 'nearest_neighbors', 'assign_labels': 'cluster_qr', 'random_state': 456, 'n_neighbors': 20}",0.26902955969020653,1228.6374851549197,1.223353254398336
SpectralClustering,"{'n_clusters': 5, 'affinity': 'nearest_neighbors', 'assign_labels': 'cluster_qr', 'random_state': 789, 'n_neighbors': 20}",0.26902955969020653,1228.6374851549197,1.223353254398336
SpectralClustering,"{'n_clusters': 5, 'affinity': 'nearest_neighbors', 'assign_labels': 'cluster_qr', 'random_state': 1011, 'n_neighbors': 20}",0.26902955969020653,1228.6374851549197,1.223353254398336
SpectralClustering,"{'n_clusters': 5, 'affinity': 'nearest_neighbors', 'assign_labels': 'cluster_qr', 'random_state': 2022, 'n_neighbors': 20}",0.26902955969020653,1228.6374851549197,1.223353254398336
SpectralClustering,"{'n_clusters': 5, 'affinity': 'nearest_neighbors', 'assign_labels': 'cluster_qr', 'random_state': 3033, 'n_neighbors': 20}",0.26902955969020653,1228.6374851549197,1.223353254398336
SpectralClustering,"{'n_clusters': 5, 'affinity': 'nearest_neighbors', 'assign_labels': 'cluster_qr', 'random_state': 4044, 'n_neighbors': 20}",0.26902955969020653,1228.6374851549197,1.223353254398336
SpectralClustering,"{'n_clusters': 5, 'affinity': 'nearest_neighbors', 'assign_labels': 'cluster_qr', 'random_state': 5055, 'n_neighbors': 20}",0.26902955969020653,1228.6374851549197,1.223353254398336
SpectralClustering,"{'n_clusters': 5, 'affinity': 'nearest_neighbors', 'assign_labels': 'cluster_qr', 'random_state': 6066, 'n_neighbors': 20}",0.26902955969020653,1228.6374851549197,1.223353254398336
SpectralClustering,"{'n_clusters': 5, 'affinity': 'nearest_neighbors', 'assign_labels': 'kmeans', 'random_state': 42, 'n_neighbors': 50}",0.2675896538806281,1225.3950957385819,1.2232045668548355
SpectralClustering,"{'n_clusters': 5, 'affinity': 'nearest_neighbors', 'assign_labels': 'kmeans', 'random_state': 123, 'n_neighbors': 50}",0.2675896538806281,1225.3950957385819,1.2232045668548355
SpectralClustering,"{'n_clusters': 5, 'affinity': 'nearest_neighbors', 'assign_labels': 'kmeans', 'random_state': 456, 'n_neighbors': 50}",0.2675896538806281,1225.3950957385819,1.2232045668548355
SpectralClustering,"{'n_clusters': 5, 'affinity': 'nearest_neighbors', 'assign_labels': 'kmeans', 'random_state': 789, 'n_neighbors': 50}",0.2675896538806281,1225.3950957385819,1.2232045668548355
SpectralClustering,"{'n_clusters': 5, 'affinity': 'nearest_neighbors', 'assign_labels': 'kmeans', 'random_state': 1011, 'n_neighbors': 50}",0.2675896538806281,1225.3950957385814,1.2232045668548355
SpectralClustering,"{'n_clusters': 5, 'affinity': 'nearest_neighbors', 'assign_labels': 'kmeans', 'random_state': 2022, 'n_neighbors': 50}",0.2675896538806281,1225.3950957385819,1.2232045668548355
SpectralClustering,"{'n_clusters': 5, 'affinity': 'nearest_neighbors', 'assign_labels': 'kmeans', 'random_state': 3033, 'n_neighbors': 50}",0.2675896538806281,1225.3950957385819,1.2232045668548355
SpectralClustering,"{'n_clusters': 5, 'affinity': 'nearest_neighbors', 'assign_labels': 'kmeans', 'random_state': 4044, 'n_neighbors': 50}",0.2675896538806281,1225.3950957385819,1.2232045668548355
SpectralClustering,"{'n_clusters': 5, 'affinity': 'nearest_neighbors', 'assign_labels': 'kmeans', 'random_state': 5055, 'n_neighbors': 50}",0.26756131177588444,1225.726233457658,1.2238006655278766
SpectralClustering,"{'n_clusters': 5, 'affinity': 'nearest_neighbors', 'assign_labels': 'kmeans', 'random_state': 6066, 'n_neighbors': 50}",0.2675896538806281,1225.3950957385819,1.2232045668548355
SpectralClustering,"{'n_clusters': 5, 'affinity': 'nearest_neighbors', 'assign_labels': 'discretize', 'random_state': 42, 'n_neighbors': 50}",0.2631883999912565,1207.6488579749391,1.2178184784366646
SpectralClustering,"{'n_clusters': 5, 'affinity': 'nearest_neighbors', 'assign_labels': 'discretize', 'random_state': 123, 'n_neighbors': 50}",0.2636888978658202,1208.7024975041181,1.217854354876177
SpectralClustering,"{'n_clusters': 5, 'affinity': 'nearest_neighbors', 'assign_labels': 'discretize', 'random_state': 456, 'n_neighbors': 50}",0.2634949923489772,1207.956100272593,1.217662507637471
SpectralClustering,"{'n_clusters': 5, 'affinity': 'nearest_neighbors', 'assign_labels': 'discretize', 'random_state': 789, 'n_neighbors': 50}",0.2631883999912565,1207.6488579749391,1.2178184784366646
SpectralClustering,"{'n_clusters': 5, 'affinity': 'nearest_neighbors', 'assign_labels': 'discretize', 'random_state': 1011, 'n_neighbors': 50}",0.2631883999912565,1207.648857974939,1.2178184784366646
SpectralClustering,"{'n_clusters': 5, 'affinity': 'nearest_neighbors', 'assign_labels': 'discretize', 'random_state': 2022, 'n_neighbors': 50}",0.2631883999912565,1207.6488579749387,1.2178184784366646
SpectralClustering,"{'n_clusters': 5, 'affinity': 'nearest_neighbors', 'assign_labels': 'discretize', 'random_state': 3033, 'n_neighbors': 50}",0.2631883999912565,1207.648857974939,1.2178184784366646
SpectralClustering,"{'n_clusters': 5, 'affinity': 'nearest_neighbors', 'assign_labels': 'discretize', 'random_state': 4044, 'n_neighbors': 50}",0.2634949923489772,1207.9561002725927,1.217662507637471
SpectralClustering,"{'n_clusters': 5, 'affinity': 'nearest_neighbors', 'assign_labels': 'discretize', 'random_state': 5055, 'n_neighbors': 50}",0.2634949923489772,1207.9561002725927,1.217662507637471
SpectralClustering,"{'n_clusters': 5, 'affinity': 'nearest_neighbors', 'assign_labels': 'discretize', 'random_state': 6066, 'n_neighbors': 50}",0.2636888978658202,1208.7024975041181,1.2178543548761769
SpectralClustering,"{'n_clusters': 5, 'affinity': 'nearest_neighbors', 'assign_labels': 'cluster_qr', 'random_state': 42, 'n_neighbors': 50}",0.2664924710120209,1218.7145255888722,1.214252498591538
SpectralClustering,"{'n_clusters': 5, 'affinity': 'nearest_neighbors', 'assign_labels': 'cluster_qr', 'random_state': 123, 'n_neighbors': 50}",0.2664924710120209,1218.7145255888722,1.214252498591538
SpectralClustering,"{'n_clusters': 5, 'affinity': 'nearest_neighbors', 'assign_labels': 'cluster_qr', 'random_state': 456, 'n_neighbors': 50}",0.2664924710120209,1218.7145255888722,1.214252498591538
SpectralClustering,"{'n_clusters': 5, 'affinity': 'nearest_neighbors', 'assign_labels': 'cluster_qr', 'random_state': 789, 'n_neighbors': 50}",0.2664924710120209,1218.7145255888722,1.214252498591538
SpectralClustering,"{'n_clusters': 5, 'affinity': 'nearest_neighbors', 'assign_labels': 'cluster_qr', 'random_state': 1011, 'n_neighbors': 50}",0.2664924710120209,1218.7145255888722,1.214252498591538
SpectralClustering,"{'n_clusters': 5, 'affinity': 'nearest_neighbors', 'assign_labels': 'cluster_qr', 'random_state': 2022, 'n_neighbors': 50}",0.2664924710120209,1218.7145255888722,1.214252498591538
SpectralClustering,"{'n_clusters': 5, 'affinity': 'nearest_neighbors', 'assign_labels': 'cluster_qr', 'random_state': 3033, 'n_neighbors': 50}",0.2664924710120209,1218.7145255888722,1.214252498591538
SpectralClustering,"{'n_clusters': 5, 'affinity': 'nearest_neighbors', 'assign_labels': 'cluster_qr', 'random_state': 4044, 'n_neighbors': 50}",0.2664924710120209,1218.7145255888722,1.214252498591538
SpectralClustering,"{'n_clusters': 5, 'affinity': 'nearest_neighbors', 'assign_labels': 'cluster_qr', 'random_state': 5055, 'n_neighbors': 50}",0.2664924710120209,1218.7145255888722,1.214252498591538
SpectralClustering,"{'n_clusters': 5, 'affinity': 'nearest_neighbors', 'assign_labels': 'cluster_qr', 'random_state': 6066, 'n_neighbors': 50}",0.2664924710120209,1218.7145255888722,1.214252498591538
SpectralClustering,"{'n_clusters': 5, 'affinity': 'nearest_neighbors', 'assign_labels': 'kmeans', 'random_state': 42, 'n_neighbors': 100}",0.26702060353364604,1224.534968490908,1.2160486355699855
SpectralClustering,"{'n_clusters': 5, 'affinity': 'nearest_neighbors', 'assign_labels': 'kmeans', 'random_state': 123, 'n_neighbors': 100}",0.26704610735533774,1223.8277262668228,1.2157265374457786
SpectralClustering,"{'n_clusters': 5, 'affinity': 'nearest_neighbors', 'assign_labels': 'kmeans', 'random_state': 456, 'n_neighbors': 100}",0.26704610735533774,1223.8277262668228,1.2157265374457786
SpectralClustering,"{'n_clusters': 5, 'affinity': 'nearest_neighbors', 'assign_labels': 'kmeans', 'random_state': 789, 'n_neighbors': 100}",0.2669196226472379,1223.555365232248,1.215626270125352
SpectralClustering,"{'n_clusters': 5, 'affinity': 'nearest_neighbors', 'assign_labels': 'kmeans', 'random_state': 1011, 'n_neighbors': 100}",0.26704610735533774,1223.8277262668228,1.2157265374457786
SpectralClustering,"{'n_clusters': 5, 'affinity': 'nearest_neighbors', 'assign_labels': 'kmeans', 'random_state': 2022, 'n_neighbors': 100}",0.26702060353364604,1224.534968490908,1.2160486355699855
SpectralClustering,"{'n_clusters': 5, 'affinity': 'nearest_neighbors', 'assign_labels': 'kmeans', 'random_state': 3033, 'n_neighbors': 100}",0.2669196226472379,1223.555365232248,1.2156262701253517
SpectralClustering,"{'n_clusters': 5, 'affinity': 'nearest_neighbors', 'assign_labels': 'kmeans', 'random_state': 4044, 'n_neighbors': 100}",0.26704610735533774,1223.8277262668228,1.2157265374457786
SpectralClustering,"{'n_clusters': 5, 'affinity': 'nearest_neighbors', 'assign_labels': 'kmeans', 'random_state': 5055, 'n_neighbors': 100}",0.26702060353364604,1224.5349684909083,1.2160486355699855
SpectralClustering,"{'n_clusters': 5, 'affinity': 'nearest_neighbors', 'assign_labels': 'kmeans', 'random_state': 6066, 'n_neighbors': 100}",0.26704610735533774,1223.8277262668228,1.2157265374457786
SpectralClustering,"{'n_clusters': 5, 'affinity': 'nearest_neighbors', 'assign_labels': 'discretize', 'random_state': 42, 'n_neighbors': 100}",0.2622589540170398,1209.232121181577,1.2115366086114376
SpectralClustering,"{'n_clusters': 5, 'affinity': 'nearest_neighbors', 'assign_labels': 'discretize', 'random_state': 123, 'n_neighbors': 100}",0.2622951998928349,1209.271797921264,1.2116561052339954
SpectralClustering,"{'n_clusters': 5, 'affinity': 'nearest_neighbors', 'assign_labels': 'discretize', 'random_state': 456, 'n_neighbors': 100}",0.2622589540170398,1209.232121181577,1.2115366086114374
SpectralClustering,"{'n_clusters': 5, 'affinity': 'nearest_neighbors', 'assign_labels': 'discretize', 'random_state': 789, 'n_neighbors': 100}",0.2622951998928349,1209.2717979212641,1.2116561052339954
SpectralClustering,"{'n_clusters': 5, 'affinity': 'nearest_neighbors', 'assign_labels': 'discretize', 'random_state': 1011, 'n_neighbors': 100}",0.2622589540170398,1209.232121181577,1.2115366086114376
SpectralClustering,"{'n_clusters': 5, 'affinity': 'nearest_neighbors', 'assign_labels': 'discretize', 'random_state': 2022, 'n_neighbors': 100}",0.2622589540170398,1209.232121181577,1.2115366086114376
SpectralClustering,"{'n_clusters': 5, 'affinity': 'nearest_neighbors', 'assign_labels': 'discretize', 'random_state': 3033, 'n_neighbors': 100}",0.2622589540170398,1209.2321211815772,1.2115366086114374
SpectralClustering,"{'n_clusters': 5, 'affinity': 'nearest_neighbors', 'assign_labels': 'discretize', 'random_state': 4044, 'n_neighbors': 100}",0.2622589540170398,1209.232121181577,1.2115366086114376
SpectralClustering,"{'n_clusters': 5, 'affinity': 'nearest_neighbors', 'assign_labels': 'discretize', 'random_state': 5055, 'n_neighbors': 100}",0.2622589540170398,1209.2321211815768,1.2115366086114376
SpectralClustering,"{'n_clusters': 5, 'affinity': 'nearest_neighbors', 'assign_labels': 'discretize', 'random_state': 6066, 'n_neighbors': 100}",0.2622589540170398,1209.2321211815772,1.2115366086114376
SpectralClustering,"{'n_clusters': 5, 'affinity': 'nearest_neighbors', 'assign_labels': 'cluster_qr', 'random_state': 42, 'n_neighbors': 100}",0.26408784488298,1214.3422942152738,1.2135856454378144
SpectralClustering,"{'n_clusters': 5, 'affinity': 'nearest_neighbors', 'assign_labels': 'cluster_qr', 'random_state': 123, 'n_neighbors': 100}",0.26408784488298,1214.3422942152738,1.2135856454378144
SpectralClustering,"{'n_clusters': 5, 'affinity': 'nearest_neighbors', 'assign_labels': 'cluster_qr', 'random_state': 456, 'n_neighbors': 100}",0.26408784488298,1214.3422942152738,1.2135856454378144
SpectralClustering,"{'n_clusters': 5, 'affinity': 'nearest_neighbors', 'assign_labels': 'cluster_qr', 'random_state': 789, 'n_neighbors': 100}",0.26408784488298,1214.3422942152738,1.2135856454378144
SpectralClustering,"{'n_clusters': 5, 'affinity': 'nearest_neighbors', 'assign_labels': 'cluster_qr', 'random_state': 1011, 'n_neighbors': 100}",0.26408784488298,1214.3422942152738,1.2135856454378144
SpectralClustering,"{'n_clusters': 5, 'affinity': 'nearest_neighbors', 'assign_labels': 'cluster_qr', 'random_state': 2022, 'n_neighbors': 100}",0.26408784488298,1214.3422942152738,1.2135856454378144
SpectralClustering,"{'n_clusters': 5, 'affinity': 'nearest_neighbors', 'assign_labels': 'cluster_qr', 'random_state': 3033, 'n_neighbors': 100}",0.26408784488298,1214.3422942152738,1.2135856454378144
SpectralClustering,"{'n_clusters': 5, 'affinity': 'nearest_neighbors', 'assign_labels': 'cluster_qr', 'random_state': 4044, 'n_neighbors': 100}",0.26408784488298,1214.3422942152738,1.2135856454378144
SpectralClustering,"{'n_clusters': 5, 'affinity': 'nearest_neighbors', 'assign_labels': 'cluster_qr', 'random_state': 5055, 'n_neighbors': 100}",0.26408784488298,1214.3422942152738,1.2135856454378144
SpectralClustering,"{'n_clusters': 5, 'affinity': 'nearest_neighbors', 'assign_labels': 'cluster_qr', 'random_state': 6066, 'n_neighbors': 100}",0.26408784488298,1214.3422942152738,1.2135856454378144
SpectralClustering,"{'n_clusters': 5, 'affinity': 'polynomial', 'assign_labels': 'kmeans', 'random_state': 42}",-0.01726061549519066,239.33019502869547,1.7592794825524536
SpectralClustering,"{'n_clusters': 5, 'affinity': 'polynomial', 'assign_labels': 'kmeans', 'random_state': 123}",-0.018576392118562688,237.31683312736277,1.7253670817069389
SpectralClustering,"{'n_clusters': 5, 'affinity': 'polynomial', 'assign_labels': 'kmeans', 'random_state': 456}",-0.014785885402135216,243.0281718479331,1.7473821773664338
SpectralClustering,"{'n_clusters': 5, 'affinity': 'polynomial', 'assign_labels': 'kmeans', 'random_state': 789}",-0.014369220441351029,243.72623012636214,1.7582680758196823
SpectralClustering,"{'n_clusters': 5, 'affinity': 'polynomial', 'assign_labels': 'kmeans', 'random_state': 1011}",-0.014369220441351029,243.72623012636214,1.7582680758196823
SpectralClustering,"{'n_clusters': 5, 'affinity': 'polynomial', 'assign_labels': 'kmeans', 'random_state': 2022}",-0.018598128295319625,238.11592577420404,1.7088979187744624
SpectralClustering,"{'n_clusters': 5, 'affinity': 'polynomial', 'assign_labels': 'kmeans', 'random_state': 3033}",-0.01749962172805864,238.9044080249929,1.7659193146343775
SpectralClustering,"{'n_clusters': 5, 'affinity': 'polynomial', 'assign_labels': 'kmeans', 'random_state': 4044}",-0.015348213029849449,242.48991669933037,1.7662796775357408
SpectralClustering,"{'n_clusters': 5, 'affinity': 'polynomial', 'assign_labels': 'kmeans', 'random_state': 5055}",-0.01588259445611753,241.50448326916157,1.7296605244712027
SpectralClustering,"{'n_clusters': 5, 'affinity': 'polynomial', 'assign_labels': 'kmeans', 'random_state': 6066}",-0.014618582180540888,243.25216189798434,1.7494825855522709
SpectralClustering,"{'n_clusters': 5, 'affinity': 'polynomial', 'assign_labels': 'discretize', 'random_state': 42}",0.21703727460285904,857.4309162407824,1.093717226840719
SpectralClustering,"{'n_clusters': 5, 'affinity': 'polynomial', 'assign_labels': 'discretize', 'random_state': 123}",0.216674606919886,858.5529561456641,1.0950392430693197
SpectralClustering,"{'n_clusters': 5, 'affinity': 'polynomial', 'assign_labels': 'discretize', 'random_state': 456}",0.08832276958507236,386.9187526939997,1.3858059765837196
SpectralClustering,"{'n_clusters': 5, 'affinity': 'polynomial', 'assign_labels': 'discretize', 'random_state': 789}",0.21677230233188327,858.0526122125002,1.0943027985975085
SpectralClustering,"{'n_clusters': 5, 'affinity': 'polynomial', 'assign_labels': 'discretize', 'random_state': 1011}",0.216674606919886,858.5529561456641,1.0950392430693197
SpectralClustering,"{'n_clusters': 5, 'affinity': 'polynomial', 'assign_labels': 'discretize', 'random_state': 2022}",0.12904208265306036,716.0798745053477,1.3674464306322032
SpectralClustering,"{'n_clusters': 5, 'affinity': 'polynomial', 'assign_labels': 'discretize', 'random_state': 3033}",0.12904208265306036,716.0798745053477,1.3674464306322032
SpectralClustering,"{'n_clusters': 5, 'affinity': 'polynomial', 'assign_labels': 'discretize', 'random_state': 4044}",0.216674606919886,858.5529561456641,1.0950392430693197
SpectralClustering,"{'n_clusters': 5, 'affinity': 'polynomial', 'assign_labels': 'discretize', 'random_state': 5055}",0.21694896492510127,857.3999077225225,1.0937210817610268
SpectralClustering,"{'n_clusters': 5, 'affinity': 'polynomial', 'assign_labels': 'discretize', 'random_state': 6066}",0.21694896492510127,857.3999077225224,1.0937210817610268
SpectralClustering,"{'n_clusters': 5, 'affinity': 'polynomial', 'assign_labels': 'cluster_qr', 'random_state': 42}",0.22669587874565075,1057.1392661947884,1.2479554957356291
SpectralClustering,"{'n_clusters': 5, 'affinity': 'polynomial', 'assign_labels': 'cluster_qr', 'random_state': 123}",0.22669587874565075,1057.1392661947884,1.2479554957356291
SpectralClustering,"{'n_clusters': 5, 'affinity': 'polynomial', 'assign_labels': 'cluster_qr', 'random_state': 456}",0.22669587874565075,1057.1392661947884,1.2479554957356291
SpectralClustering,"{'n_clusters': 5, 'affinity': 'polynomial', 'assign_labels': 'cluster_qr', 'random_state': 789}",0.22669587874565075,1057.1392661947884,1.2479554957356291
SpectralClustering,"{'n_clusters': 5, 'affinity': 'polynomial', 'assign_labels': 'cluster_qr', 'random_state': 1011}",0.22669587874565075,1057.1392661947884,1.2479554957356291
SpectralClustering,"{'n_clusters': 5, 'affinity': 'polynomial', 'assign_labels': 'cluster_qr', 'random_state': 2022}",0.22669587874565075,1057.1392661947884,1.2479554957356291
SpectralClustering,"{'n_clusters': 5, 'affinity': 'polynomial', 'assign_labels': 'cluster_qr', 'random_state': 3033}",0.22669587874565075,1057.1392661947884,1.2479554957356291
SpectralClustering,"{'n_clusters': 5, 'affinity': 'polynomial', 'assign_labels': 'cluster_qr', 'random_state': 4044}",0.22669587874565075,1057.1392661947884,1.2479554957356291
SpectralClustering,"{'n_clusters': 5, 'affinity': 'polynomial', 'assign_labels': 'cluster_qr', 'random_state': 5055}",0.22669587874565075,1057.1392661947884,1.2479554957356291
SpectralClustering,"{'n_clusters': 5, 'affinity': 'polynomial', 'assign_labels': 'cluster_qr', 'random_state': 6066}",0.22669587874565075,1057.1392661947884,1.2479554957356291
SpectralClustering,"{'n_clusters': 5, 'affinity': 'poly', 'assign_labels': 'kmeans', 'random_state': 42}",-0.01726061549519066,239.33019502869547,1.7592794825524536
SpectralClustering,"{'n_clusters': 5, 'affinity': 'poly', 'assign_labels': 'kmeans', 'random_state': 123}",-0.018576392118562688,237.31683312736277,1.7253670817069389
SpectralClustering,"{'n_clusters': 5, 'affinity': 'poly', 'assign_labels': 'kmeans', 'random_state': 456}",-0.014785885402135216,243.0281718479331,1.7473821773664338
SpectralClustering,"{'n_clusters': 5, 'affinity': 'poly', 'assign_labels': 'kmeans', 'random_state': 789}",-0.014369220441351029,243.72623012636214,1.7582680758196823
SpectralClustering,"{'n_clusters': 5, 'affinity': 'poly', 'assign_labels': 'kmeans', 'random_state': 1011}",-0.014369220441351029,243.72623012636214,1.7582680758196823
SpectralClustering,"{'n_clusters': 5, 'affinity': 'poly', 'assign_labels': 'kmeans', 'random_state': 2022}",-0.018598128295319625,238.11592577420404,1.7088979187744624
SpectralClustering,"{'n_clusters': 5, 'affinity': 'poly', 'assign_labels': 'kmeans', 'random_state': 3033}",-0.01749962172805864,238.9044080249929,1.7659193146343775
SpectralClustering,"{'n_clusters': 5, 'affinity': 'poly', 'assign_labels': 'kmeans', 'random_state': 4044}",-0.015348213029849449,242.48991669933037,1.7662796775357408
SpectralClustering,"{'n_clusters': 5, 'affinity': 'poly', 'assign_labels': 'kmeans', 'random_state': 5055}",-0.01588259445611753,241.50448326916157,1.7296605244712027
SpectralClustering,"{'n_clusters': 5, 'affinity': 'poly', 'assign_labels': 'kmeans', 'random_state': 6066}",-0.014618582180540888,243.25216189798434,1.7494825855522709
SpectralClustering,"{'n_clusters': 5, 'affinity': 'poly', 'assign_labels': 'discretize', 'random_state': 42}",0.21703727460285904,857.4309162407824,1.093717226840719
SpectralClustering,"{'n_clusters': 5, 'affinity': 'poly', 'assign_labels': 'discretize', 'random_state': 123}",0.216674606919886,858.5529561456641,1.0950392430693197
SpectralClustering,"{'n_clusters': 5, 'affinity': 'poly', 'assign_labels': 'discretize', 'random_state': 456}",0.08832276958507236,386.9187526939997,1.3858059765837196
SpectralClustering,"{'n_clusters': 5, 'affinity': 'poly', 'assign_labels': 'discretize', 'random_state': 789}",0.21677230233188327,858.0526122125002,1.0943027985975085
SpectralClustering,"{'n_clusters': 5, 'affinity': 'poly', 'assign_labels': 'discretize', 'random_state': 1011}",0.216674606919886,858.5529561456641,1.0950392430693197
SpectralClustering,"{'n_clusters': 5, 'affinity': 'poly', 'assign_labels': 'discretize', 'random_state': 2022}",0.12904208265306036,716.0798745053477,1.3674464306322032
SpectralClustering,"{'n_clusters': 5, 'affinity': 'poly', 'assign_labels': 'discretize', 'random_state': 3033}",0.12904208265306036,716.0798745053477,1.3674464306322032
SpectralClustering,"{'n_clusters': 5, 'affinity': 'poly', 'assign_labels': 'discretize', 'random_state': 4044}",0.216674606919886,858.5529561456641,1.0950392430693197
SpectralClustering,"{'n_clusters': 5, 'affinity': 'poly', 'assign_labels': 'discretize', 'random_state': 5055}",0.21694896492510127,857.3999077225225,1.0937210817610268
SpectralClustering,"{'n_clusters': 5, 'affinity': 'poly', 'assign_labels': 'discretize', 'random_state': 6066}",0.21694896492510127,857.3999077225224,1.0937210817610268
SpectralClustering,"{'n_clusters': 5, 'affinity': 'poly', 'assign_labels': 'cluster_qr', 'random_state': 42}",0.22669587874565075,1057.1392661947884,1.2479554957356291
SpectralClustering,"{'n_clusters': 5, 'affinity': 'poly', 'assign_labels': 'cluster_qr', 'random_state': 123}",0.22669587874565075,1057.1392661947884,1.2479554957356291
SpectralClustering,"{'n_clusters': 5, 'affinity': 'poly', 'assign_labels': 'cluster_qr', 'random_state': 456}",0.22669587874565075,1057.1392661947884,1.2479554957356291
SpectralClustering,"{'n_clusters': 5, 'affinity': 'poly', 'assign_labels': 'cluster_qr', 'random_state': 789}",0.22669587874565075,1057.1392661947884,1.2479554957356291
SpectralClustering,"{'n_clusters': 5, 'affinity': 'poly', 'assign_labels': 'cluster_qr', 'random_state': 1011}",0.22669587874565075,1057.1392661947884,1.2479554957356291
SpectralClustering,"{'n_clusters': 5, 'affinity': 'poly', 'assign_labels': 'cluster_qr', 'random_state': 2022}",0.22669587874565075,1057.1392661947884,1.2479554957356291
SpectralClustering,"{'n_clusters': 5, 'affinity': 'poly', 'assign_labels': 'cluster_qr', 'random_state': 3033}",0.22669587874565075,1057.1392661947884,1.2479554957356291
SpectralClustering,"{'n_clusters': 5, 'affinity': 'poly', 'assign_labels': 'cluster_qr', 'random_state': 4044}",0.22669587874565075,1057.1392661947884,1.2479554957356291
SpectralClustering,"{'n_clusters': 5, 'affinity': 'poly', 'assign_labels': 'cluster_qr', 'random_state': 5055}",0.22669587874565075,1057.1392661947884,1.2479554957356291
SpectralClustering,"{'n_clusters': 5, 'affinity': 'poly', 'assign_labels': 'cluster_qr', 'random_state': 6066}",0.22669587874565075,1057.1392661947884,1.2479554957356291
SpectralClustering,"{'n_clusters': 5, 'affinity': 'sigmoid', 'assign_labels': 'kmeans', 'random_state': 42}",0.1232876136529814,528.507267281077,1.7348714370344829
SpectralClustering,"{'n_clusters': 5, 'affinity': 'sigmoid', 'assign_labels': 'kmeans', 'random_state': 123}",0.08387541278010484,424.89212477922854,1.9649382916887217
SpectralClustering,"{'n_clusters': 5, 'affinity': 'sigmoid', 'assign_labels': 'kmeans', 'random_state': 456}",0.09652737199132387,472.85784073001776,1.830194920048815
SpectralClustering,"{'n_clusters': 5, 'affinity': 'sigmoid', 'assign_labels': 'kmeans', 'random_state': 789}",0.08803844165755471,451.71818682491937,1.8671536774663782
SpectralClustering,"{'n_clusters': 5, 'affinity': 'sigmoid', 'assign_labels': 'kmeans', 'random_state': 1011}",0.07936833401067085,431.0131826699979,1.9061415855554986
SpectralClustering,"{'n_clusters': 5, 'affinity': 'sigmoid', 'assign_labels': 'kmeans', 'random_state': 2022}",0.08629973368880782,442.4279676641464,1.8918583778232905
SpectralClustering,"{'n_clusters': 5, 'affinity': 'sigmoid', 'assign_labels': 'kmeans', 'random_state': 3033}",0.08797980542776308,443.3219902886739,1.9059039077679292
SpectralClustering,"{'n_clusters': 5, 'affinity': 'sigmoid', 'assign_labels': 'kmeans', 'random_state': 4044}",0.08374718819397976,424.72694155335796,1.959969226609609
SpectralClustering,"{'n_clusters': 5, 'affinity': 'sigmoid', 'assign_labels': 'kmeans', 'random_state': 5055}",0.12328457190173389,528.5369061035543,1.7338972734501006
SpectralClustering,"{'n_clusters': 5, 'affinity': 'sigmoid', 'assign_labels': 'kmeans', 'random_state': 6066}",0.08645978268497875,442.7262769609832,1.89835653925116
SpectralClustering,"{'n_clusters': 5, 'affinity': 'sigmoid', 'assign_labels': 'discretize', 'random_state': 42}",0.07867447661411656,411.65353332926634,1.947848210709076
SpectralClustering,"{'n_clusters': 5, 'affinity': 'sigmoid', 'assign_labels': 'discretize', 'random_state': 123}",0.12096428074749105,487.2832286289457,1.785617520891768
SpectralClustering,"{'n_clusters': 5, 'affinity': 'sigmoid', 'assign_labels': 'discretize', 'random_state': 456}",0.10784069258205063,460.99272555666533,1.8178335001599035
SpectralClustering,"{'n_clusters': 5, 'affinity': 'sigmoid', 'assign_labels': 'discretize', 'random_state': 789}",0.07877067060698931,391.9219222957105,1.862574557632842
SpectralClustering,"{'n_clusters': 5, 'affinity': 'sigmoid', 'assign_labels': 'discretize', 'random_state': 1011}",0.12834737930164106,509.4705270730138,1.804089694211531
SpectralClustering,"{'n_clusters': 5, 'affinity': 'sigmoid', 'assign_labels': 'discretize', 'random_state': 2022}",0.08787926809053831,429.57438221758025,1.848431644051762
SpectralClustering,"{'n_clusters': 5, 'affinity': 'sigmoid', 'assign_labels': 'discretize', 'random_state': 3033}",0.10401511348235463,530.3677541123171,1.588070414082229
SpectralClustering,"{'n_clusters': 5, 'affinity': 'sigmoid', 'assign_labels': 'discretize', 'random_state': 4044}",0.10050242406242564,523.2206085520439,1.6080020996056512
SpectralClustering,"{'n_clusters': 5, 'affinity': 'sigmoid', 'assign_labels': 'discretize', 'random_state': 5055}",0.12464176386638429,508.1388077975498,1.7113743091614517
SpectralClustering,"{'n_clusters': 5, 'affinity': 'sigmoid', 'assign_labels': 'discretize', 'random_state': 6066}",0.11624368796274964,488.7739224684693,1.7408833080278843
SpectralClustering,"{'n_clusters': 5, 'affinity': 'sigmoid', 'assign_labels': 'cluster_qr', 'random_state': 42}",0.061668433513156665,266.65109032123706,2.467343746196912
SpectralClustering,"{'n_clusters': 5, 'affinity': 'sigmoid', 'assign_labels': 'cluster_qr', 'random_state': 123}",0.061668433513156665,266.65109032123706,2.467343746196912
SpectralClustering,"{'n_clusters': 5, 'affinity': 'sigmoid', 'assign_labels': 'cluster_qr', 'random_state': 456}",0.061668433513156665,266.65109032123706,2.467343746196912
SpectralClustering,"{'n_clusters': 5, 'affinity': 'sigmoid', 'assign_labels': 'cluster_qr', 'random_state': 789}",0.061668433513156665,266.65109032123706,2.467343746196912
SpectralClustering,"{'n_clusters': 5, 'affinity': 'sigmoid', 'assign_labels': 'cluster_qr', 'random_state': 1011}",0.061668433513156665,266.65109032123706,2.467343746196912
SpectralClustering,"{'n_clusters': 5, 'affinity': 'sigmoid', 'assign_labels': 'cluster_qr', 'random_state': 2022}",0.061668433513156665,266.65109032123706,2.467343746196912
SpectralClustering,"{'n_clusters': 5, 'affinity': 'sigmoid', 'assign_labels': 'cluster_qr', 'random_state': 3033}",0.061668433513156665,266.65109032123706,2.467343746196912
SpectralClustering,"{'n_clusters': 5, 'affinity': 'sigmoid', 'assign_labels': 'cluster_qr', 'random_state': 4044}",0.061668433513156665,266.65109032123706,2.467343746196912
SpectralClustering,"{'n_clusters': 5, 'affinity': 'sigmoid', 'assign_labels': 'cluster_qr', 'random_state': 5055}",0.061668433513156665,266.65109032123706,2.467343746196912
SpectralClustering,"{'n_clusters': 5, 'affinity': 'sigmoid', 'assign_labels': 'cluster_qr', 'random_state': 6066}",0.061668433513156665,266.65109032123706,2.467343746196912
SpectralClustering,"{'n_clusters': 6, 'affinity': 'rbf', 'assign_labels': 'kmeans', 'random_state': 42}",0.37970133350575697,360.9936832372938,0.7522136749335355
SpectralClustering,"{'n_clusters': 6, 'affinity': 'rbf', 'assign_labels': 'kmeans', 'random_state': 123}",0.37970133350575697,360.9936832372938,0.7522136749335355
SpectralClustering,"{'n_clusters': 6, 'affinity': 'rbf', 'assign_labels': 'kmeans', 'random_state': 456}",0.37970133350575697,360.9936832372938,0.7522136749335355
SpectralClustering,"{'n_clusters': 6, 'affinity': 'rbf', 'assign_labels': 'kmeans', 'random_state': 789}",0.37970133350575697,360.9936832372938,0.7522136749335355
SpectralClustering,"{'n_clusters': 6, 'affinity': 'rbf', 'assign_labels': 'kmeans', 'random_state': 1011}",0.35556676837417134,411.71356429109466,0.8924493316848251
SpectralClustering,"{'n_clusters': 6, 'affinity': 'rbf', 'assign_labels': 'kmeans', 'random_state': 2022}",0.3797460967748336,360.7680411393796,0.7514680368582903
SpectralClustering,"{'n_clusters': 6, 'affinity': 'rbf', 'assign_labels': 'kmeans', 'random_state': 3033}",0.3797415654063261,361.4079583773459,0.7525743399691246
SpectralClustering,"{'n_clusters': 6, 'affinity': 'rbf', 'assign_labels': 'kmeans', 'random_state': 4044}",0.37970133350575697,360.9936832372938,0.7522136749335355
SpectralClustering,"{'n_clusters': 6, 'affinity': 'rbf', 'assign_labels': 'kmeans', 'random_state': 5055}",0.37970133350575697,360.9936832372938,0.7522136749335355
SpectralClustering,"{'n_clusters': 6, 'affinity': 'rbf', 'assign_labels': 'kmeans', 'random_state': 6066}",0.37970133350575697,360.9936832372938,0.7522136749335355
SpectralClustering,"{'n_clusters': 6, 'affinity': 'rbf', 'assign_labels': 'discretize', 'random_state': 42}",0.34275593442190144,755.9796910698091,0.8907852064612167
SpectralClustering,"{'n_clusters': 6, 'affinity': 'rbf', 'assign_labels': 'discretize', 'random_state': 123}",0.34275593442190144,755.979691069809,0.8907852064612167
SpectralClustering,"{'n_clusters': 6, 'affinity': 'rbf', 'assign_labels': 'discretize', 'random_state': 456}",0.34275593442190144,755.9796910698091,0.8907852064612167
SpectralClustering,"{'n_clusters': 6, 'affinity': 'rbf', 'assign_labels': 'discretize', 'random_state': 789}",0.34275593442190144,755.979691069809,0.8907852064612167
SpectralClustering,"{'n_clusters': 6, 'affinity': 'rbf', 'assign_labels': 'discretize', 'random_state': 1011}",0.34275593442190144,755.979691069809,0.8907852064612167
SpectralClustering,"{'n_clusters': 6, 'affinity': 'rbf', 'assign_labels': 'discretize', 'random_state': 2022}",0.34275593442190144,755.979691069809,0.8907852064612167
SpectralClustering,"{'n_clusters': 6, 'affinity': 'rbf', 'assign_labels': 'discretize', 'random_state': 3033}",0.34275022831731045,756.149140552968,0.8908604814386262
SpectralClustering,"{'n_clusters': 6, 'affinity': 'rbf', 'assign_labels': 'discretize', 'random_state': 4044}",0.34275593442190144,755.9796910698091,0.8907852064612167
SpectralClustering,"{'n_clusters': 6, 'affinity': 'rbf', 'assign_labels': 'discretize', 'random_state': 5055}",0.34275022831731045,756.1491405529681,0.8908604814386262
SpectralClustering,"{'n_clusters': 6, 'affinity': 'rbf', 'assign_labels': 'discretize', 'random_state': 6066}",0.34275593442190144,755.9796910698091,0.8907852064612167
SpectralClustering,"{'n_clusters': 6, 'affinity': 'rbf', 'assign_labels': 'cluster_qr', 'random_state': 42}",0.3309355244806145,684.3418502713715,1.7207873479908622
SpectralClustering,"{'n_clusters': 6, 'affinity': 'rbf', 'assign_labels': 'cluster_qr', 'random_state': 123}",0.3309355244806145,684.3418502713715,1.7207873479908622
SpectralClustering,"{'n_clusters': 6, 'affinity': 'rbf', 'assign_labels': 'cluster_qr', 'random_state': 456}",0.3309355244806145,684.3418502713715,1.7207873479908622
SpectralClustering,"{'n_clusters': 6, 'affinity': 'rbf', 'assign_labels': 'cluster_qr', 'random_state': 789}",0.3309355244806145,684.3418502713715,1.7207873479908622
SpectralClustering,"{'n_clusters': 6, 'affinity': 'rbf', 'assign_labels': 'cluster_qr', 'random_state': 1011}",0.3309355244806145,684.3418502713715,1.7207873479908622
SpectralClustering,"{'n_clusters': 6, 'affinity': 'rbf', 'assign_labels': 'cluster_qr', 'random_state': 2022}",0.3309355244806145,684.3418502713715,1.7207873479908622
SpectralClustering,"{'n_clusters': 6, 'affinity': 'rbf', 'assign_labels': 'cluster_qr', 'random_state': 3033}",0.3309355244806145,684.3418502713715,1.7207873479908622
SpectralClustering,"{'n_clusters': 6, 'affinity': 'rbf', 'assign_labels': 'cluster_qr', 'random_state': 4044}",0.3309355244806145,684.3418502713715,1.7207873479908622
SpectralClustering,"{'n_clusters': 6, 'affinity': 'rbf', 'assign_labels': 'cluster_qr', 'random_state': 5055}",0.3309355244806145,684.3418502713715,1.7207873479908622
SpectralClustering,"{'n_clusters': 6, 'affinity': 'rbf', 'assign_labels': 'cluster_qr', 'random_state': 6066}",0.3309355244806145,684.3418502713715,1.7207873479908622
SpectralClustering,"{'n_clusters': 6, 'affinity': 'nearest_neighbors', 'assign_labels': 'kmeans', 'random_state': 42, 'n_neighbors': 5}",0.24342503476607666,992.4562258204803,1.3247310070241174
SpectralClustering,"{'n_clusters': 6, 'affinity': 'nearest_neighbors', 'assign_labels': 'kmeans', 'random_state': 123, 'n_neighbors': 5}",0.24342724567634869,991.5200937729913,1.3254065090649025
SpectralClustering,"{'n_clusters': 6, 'affinity': 'nearest_neighbors', 'assign_labels': 'kmeans', 'random_state': 456, 'n_neighbors': 5}",0.24342503476607666,992.4562258204803,1.3247310070241174
SpectralClustering,"{'n_clusters': 6, 'affinity': 'nearest_neighbors', 'assign_labels': 'kmeans', 'random_state': 789, 'n_neighbors': 5}",0.24348174401021022,992.9334826213563,1.325170125371276
SpectralClustering,"{'n_clusters': 6, 'affinity': 'nearest_neighbors', 'assign_labels': 'kmeans', 'random_state': 1011, 'n_neighbors': 5}",0.24342724567634869,991.5200937729915,1.3254065090649025
SpectralClustering,"{'n_clusters': 6, 'affinity': 'nearest_neighbors', 'assign_labels': 'kmeans', 'random_state': 2022, 'n_neighbors': 5}",0.24342503476607666,992.4562258204802,1.3247310070241172
SpectralClustering,"{'n_clusters': 6, 'affinity': 'nearest_neighbors', 'assign_labels': 'kmeans', 'random_state': 3033, 'n_neighbors': 5}",0.24336997111311148,991.044078176122,1.3249679801533978
SpectralClustering,"{'n_clusters': 6, 'affinity': 'nearest_neighbors', 'assign_labels': 'kmeans', 'random_state': 4044, 'n_neighbors': 5}",0.24342724567634869,991.5200937729915,1.3254065090649025
SpectralClustering,"{'n_clusters': 6, 'affinity': 'nearest_neighbors', 'assign_labels': 'kmeans', 'random_state': 5055, 'n_neighbors': 5}",0.24342503476607666,992.4562258204803,1.3247310070241174
SpectralClustering,"{'n_clusters': 6, 'affinity': 'nearest_neighbors', 'assign_labels': 'kmeans', 'random_state': 6066, 'n_neighbors': 5}",0.24342503476607666,992.4562258204804,1.3247310070241174
SpectralClustering,"{'n_clusters': 6, 'affinity': 'nearest_neighbors', 'assign_labels': 'discretize', 'random_state': 42, 'n_neighbors': 5}",0.24987543355344852,1012.3454507760098,1.3670165341237734
SpectralClustering,"{'n_clusters': 6, 'affinity': 'nearest_neighbors', 'assign_labels': 'discretize', 'random_state': 123, 'n_neighbors': 5}",0.24987543355344852,1012.3454507760099,1.3670165341237734
SpectralClustering,"{'n_clusters': 6, 'affinity': 'nearest_neighbors', 'assign_labels': 'discretize', 'random_state': 456, 'n_neighbors': 5}",0.24987543355344852,1012.3454507760096,1.3670165341237734
SpectralClustering,"{'n_clusters': 6, 'affinity': 'nearest_neighbors', 'assign_labels': 'discretize', 'random_state': 789, 'n_neighbors': 5}",0.2499637987447892,1012.6033408836961,1.366700877546655
SpectralClustering,"{'n_clusters': 6, 'affinity': 'nearest_neighbors', 'assign_labels': 'discretize', 'random_state': 1011, 'n_neighbors': 5}",0.2499637987447892,1012.6033408836959,1.366700877546655
SpectralClustering,"{'n_clusters': 6, 'affinity': 'nearest_neighbors', 'assign_labels': 'discretize', 'random_state': 2022, 'n_neighbors': 5}",0.2499637987447892,1012.603340883696,1.366700877546655
SpectralClustering,"{'n_clusters': 6, 'affinity': 'nearest_neighbors', 'assign_labels': 'discretize', 'random_state': 3033, 'n_neighbors': 5}",0.24987543355344852,1012.3454507760096,1.3670165341237734
SpectralClustering,"{'n_clusters': 6, 'affinity': 'nearest_neighbors', 'assign_labels': 'discretize', 'random_state': 4044, 'n_neighbors': 5}",0.24987543355344852,1012.3454507760099,1.3670165341237734
SpectralClustering,"{'n_clusters': 6, 'affinity': 'nearest_neighbors', 'assign_labels': 'discretize', 'random_state': 5055, 'n_neighbors': 5}",0.2499637987447892,1012.6033408836959,1.366700877546655
SpectralClustering,"{'n_clusters': 6, 'affinity': 'nearest_neighbors', 'assign_labels': 'discretize', 'random_state': 6066, 'n_neighbors': 5}",0.2499637987447892,1012.6033408836959,1.366700877546655
SpectralClustering,"{'n_clusters': 6, 'affinity': 'nearest_neighbors', 'assign_labels': 'cluster_qr', 'random_state': 42, 'n_neighbors': 5}",0.25146649203536364,1009.6229267711976,1.3920819408977245
SpectralClustering,"{'n_clusters': 6, 'affinity': 'nearest_neighbors', 'assign_labels': 'cluster_qr', 'random_state': 123, 'n_neighbors': 5}",0.25146649203536364,1009.6229267711976,1.3920819408977245
SpectralClustering,"{'n_clusters': 6, 'affinity': 'nearest_neighbors', 'assign_labels': 'cluster_qr', 'random_state': 456, 'n_neighbors': 5}",0.25146649203536364,1009.6229267711976,1.3920819408977245
SpectralClustering,"{'n_clusters': 6, 'affinity': 'nearest_neighbors', 'assign_labels': 'cluster_qr', 'random_state': 789, 'n_neighbors': 5}",0.25146649203536364,1009.6229267711976,1.3920819408977245
SpectralClustering,"{'n_clusters': 6, 'affinity': 'nearest_neighbors', 'assign_labels': 'cluster_qr', 'random_state': 1011, 'n_neighbors': 5}",0.25146649203536364,1009.6229267711976,1.3920819408977245
SpectralClustering,"{'n_clusters': 6, 'affinity': 'nearest_neighbors', 'assign_labels': 'cluster_qr', 'random_state': 2022, 'n_neighbors': 5}",0.25146649203536364,1009.6229267711976,1.3920819408977245
SpectralClustering,"{'n_clusters': 6, 'affinity': 'nearest_neighbors', 'assign_labels': 'cluster_qr', 'random_state': 3033, 'n_neighbors': 5}",0.25146649203536364,1009.6229267711976,1.3920819408977245
SpectralClustering,"{'n_clusters': 6, 'affinity': 'nearest_neighbors', 'assign_labels': 'cluster_qr', 'random_state': 4044, 'n_neighbors': 5}",0.25146649203536364,1009.6229267711976,1.3920819408977245
SpectralClustering,"{'n_clusters': 6, 'affinity': 'nearest_neighbors', 'assign_labels': 'cluster_qr', 'random_state': 5055, 'n_neighbors': 5}",0.25146649203536364,1009.6229267711976,1.3920819408977245
SpectralClustering,"{'n_clusters': 6, 'affinity': 'nearest_neighbors', 'assign_labels': 'cluster_qr', 'random_state': 6066, 'n_neighbors': 5}",0.25146649203536364,1009.6229267711976,1.3920819408977245
SpectralClustering,"{'n_clusters': 6, 'affinity': 'nearest_neighbors', 'assign_labels': 'kmeans', 'random_state': 42, 'n_neighbors': 10}",0.22266399965550102,1072.7941432828088,1.278385602132763
SpectralClustering,"{'n_clusters': 6, 'affinity': 'nearest_neighbors', 'assign_labels': 'kmeans', 'random_state': 123, 'n_neighbors': 10}",0.22270120643105695,1072.7783572410376,1.2783335683734247
SpectralClustering,"{'n_clusters': 6, 'affinity': 'nearest_neighbors', 'assign_labels': 'kmeans', 'random_state': 456, 'n_neighbors': 10}",0.22277430914911728,1072.9946462107275,1.2782557191333295
SpectralClustering,"{'n_clusters': 6, 'affinity': 'nearest_neighbors', 'assign_labels': 'kmeans', 'random_state': 789, 'n_neighbors': 10}",0.22270120643105695,1072.7783572410374,1.2783335683734245
SpectralClustering,"{'n_clusters': 6, 'affinity': 'nearest_neighbors', 'assign_labels': 'kmeans', 'random_state': 1011, 'n_neighbors': 10}",0.22270120643105695,1072.7783572410374,1.2783335683734245
SpectralClustering,"{'n_clusters': 6, 'affinity': 'nearest_neighbors', 'assign_labels': 'kmeans', 'random_state': 2022, 'n_neighbors': 10}",0.22270120643105695,1072.7783572410376,1.2783335683734245
SpectralClustering,"{'n_clusters': 6, 'affinity': 'nearest_neighbors', 'assign_labels': 'kmeans', 'random_state': 3033, 'n_neighbors': 10}",0.22270120643105695,1072.7783572410374,1.2783335683734247
SpectralClustering,"{'n_clusters': 6, 'affinity': 'nearest_neighbors', 'assign_labels': 'kmeans', 'random_state': 4044, 'n_neighbors': 10}",0.22260111594462675,1072.834532103838,1.278354864170174
SpectralClustering,"{'n_clusters': 6, 'affinity': 'nearest_neighbors', 'assign_labels': 'kmeans', 'random_state': 5055, 'n_neighbors': 10}",0.22270120643105695,1072.7783572410376,1.2783335683734245
SpectralClustering,"{'n_clusters': 6, 'affinity': 'nearest_neighbors', 'assign_labels': 'kmeans', 'random_state': 6066, 'n_neighbors': 10}",0.22270120643105695,1072.7783572410374,1.2783335683734245
SpectralClustering,"{'n_clusters': 6, 'affinity': 'nearest_neighbors', 'assign_labels': 'discretize', 'random_state': 42, 'n_neighbors': 10}",0.22663198135984255,1089.8633741191672,1.2697541780537531
SpectralClustering,"{'n_clusters': 6, 'affinity': 'nearest_neighbors', 'assign_labels': 'discretize', 'random_state': 123, 'n_neighbors': 10}",0.22663198135984255,1089.8633741191675,1.2697541780537531
SpectralClustering,"{'n_clusters': 6, 'affinity': 'nearest_neighbors', 'assign_labels': 'discretize', 'random_state': 456, 'n_neighbors': 10}",0.22663198135984255,1089.8633741191672,1.2697541780537531
SpectralClustering,"{'n_clusters': 6, 'affinity': 'nearest_neighbors', 'assign_labels': 'discretize', 'random_state': 789, 'n_neighbors': 10}",0.22663198135984255,1089.8633741191672,1.2697541780537531
SpectralClustering,"{'n_clusters': 6, 'affinity': 'nearest_neighbors', 'assign_labels': 'discretize', 'random_state': 1011, 'n_neighbors': 10}",0.22895886258295836,1090.6783591883477,1.2705879679370187
SpectralClustering,"{'n_clusters': 6, 'affinity': 'nearest_neighbors', 'assign_labels': 'discretize', 'random_state': 2022, 'n_neighbors': 10}",0.21282350147757073,983.59970383606,1.4158041432499546
SpectralClustering,"{'n_clusters': 6, 'affinity': 'nearest_neighbors', 'assign_labels': 'discretize', 'random_state': 3033, 'n_neighbors': 10}",0.22663198135984255,1089.8633741191675,1.2697541780537531
SpectralClustering,"{'n_clusters': 6, 'affinity': 'nearest_neighbors', 'assign_labels': 'discretize', 'random_state': 4044, 'n_neighbors': 10}",0.22663198135984255,1089.8633741191675,1.2697541780537531
SpectralClustering,"{'n_clusters': 6, 'affinity': 'nearest_neighbors', 'assign_labels': 'discretize', 'random_state': 5055, 'n_neighbors': 10}",0.22895303889797367,1090.4833015091035,1.2717920148433255
SpectralClustering,"{'n_clusters': 6, 'affinity': 'nearest_neighbors', 'assign_labels': 'discretize', 'random_state': 6066, 'n_neighbors': 10}",0.22663198135984255,1089.8633741191672,1.2697541780537531
SpectralClustering,"{'n_clusters': 6, 'affinity': 'nearest_neighbors', 'assign_labels': 'cluster_qr', 'random_state': 42, 'n_neighbors': 10}",0.21894828148328085,1083.1568646579665,1.2791344718401383
SpectralClustering,"{'n_clusters': 6, 'affinity': 'nearest_neighbors', 'assign_labels': 'cluster_qr', 'random_state': 123, 'n_neighbors': 10}",0.21894828148328085,1083.1568646579665,1.2791344718401383
SpectralClustering,"{'n_clusters': 6, 'affinity': 'nearest_neighbors', 'assign_labels': 'cluster_qr', 'random_state': 456, 'n_neighbors': 10}",0.21894828148328085,1083.1568646579665,1.2791344718401383
SpectralClustering,"{'n_clusters': 6, 'affinity': 'nearest_neighbors', 'assign_labels': 'cluster_qr', 'random_state': 789, 'n_neighbors': 10}",0.21894828148328085,1083.1568646579665,1.2791344718401383
SpectralClustering,"{'n_clusters': 6, 'affinity': 'nearest_neighbors', 'assign_labels': 'cluster_qr', 'random_state': 1011, 'n_neighbors': 10}",0.21894828148328085,1083.1568646579665,1.2791344718401383
SpectralClustering,"{'n_clusters': 6, 'affinity': 'nearest_neighbors', 'assign_labels': 'cluster_qr', 'random_state': 2022, 'n_neighbors': 10}",0.21894828148328085,1083.1568646579665,1.2791344718401383
SpectralClustering,"{'n_clusters': 6, 'affinity': 'nearest_neighbors', 'assign_labels': 'cluster_qr', 'random_state': 3033, 'n_neighbors': 10}",0.21894828148328085,1083.1568646579665,1.2791344718401383
SpectralClustering,"{'n_clusters': 6, 'affinity': 'nearest_neighbors', 'assign_labels': 'cluster_qr', 'random_state': 4044, 'n_neighbors': 10}",0.21894828148328085,1083.1568646579665,1.2791344718401383
SpectralClustering,"{'n_clusters': 6, 'affinity': 'nearest_neighbors', 'assign_labels': 'cluster_qr', 'random_state': 5055, 'n_neighbors': 10}",0.21894828148328085,1083.1568646579665,1.2791344718401383
SpectralClustering,"{'n_clusters': 6, 'affinity': 'nearest_neighbors', 'assign_labels': 'cluster_qr', 'random_state': 6066, 'n_neighbors': 10}",0.21894828148328085,1083.1568646579665,1.2791344718401383
SpectralClustering,"{'n_clusters': 6, 'affinity': 'nearest_neighbors', 'assign_labels': 'kmeans', 'random_state': 42, 'n_neighbors': 15}",0.2191834134118423,1082.9613108101728,1.2695287279544871
SpectralClustering,"{'n_clusters': 6, 'affinity': 'nearest_neighbors', 'assign_labels': 'kmeans', 'random_state': 123, 'n_neighbors': 15}",0.21920911609105634,1083.036686663592,1.2695374406489115
SpectralClustering,"{'n_clusters': 6, 'affinity': 'nearest_neighbors', 'assign_labels': 'kmeans', 'random_state': 456, 'n_neighbors': 15}",0.21920911609105634,1083.0366866635916,1.2695374406489113
SpectralClustering,"{'n_clusters': 6, 'affinity': 'nearest_neighbors', 'assign_labels': 'kmeans', 'random_state': 789, 'n_neighbors': 15}",0.2191834134118423,1082.9613108101728,1.269528727954487
SpectralClustering,"{'n_clusters': 6, 'affinity': 'nearest_neighbors', 'assign_labels': 'kmeans', 'random_state': 1011, 'n_neighbors': 15}",0.2191036214029063,1082.728360689659,1.2696220334085468
SpectralClustering,"{'n_clusters': 6, 'affinity': 'nearest_neighbors', 'assign_labels': 'kmeans', 'random_state': 2022, 'n_neighbors': 15}",0.21920911609105634,1083.0366866635916,1.2695374406489115
SpectralClustering,"{'n_clusters': 6, 'affinity': 'nearest_neighbors', 'assign_labels': 'kmeans', 'random_state': 3033, 'n_neighbors': 15}",0.21920911609105634,1083.0366866635916,1.2695374406489113
SpectralClustering,"{'n_clusters': 6, 'affinity': 'nearest_neighbors', 'assign_labels': 'kmeans', 'random_state': 4044, 'n_neighbors': 15}",0.2191036214029063,1082.7283606896588,1.2696220334085468
SpectralClustering,"{'n_clusters': 6, 'affinity': 'nearest_neighbors', 'assign_labels': 'kmeans', 'random_state': 5055, 'n_neighbors': 15}",0.21920911609105634,1083.036686663592,1.2695374406489115
SpectralClustering,"{'n_clusters': 6, 'affinity': 'nearest_neighbors', 'assign_labels': 'kmeans', 'random_state': 6066, 'n_neighbors': 15}",0.2191036214029063,1082.7283606896588,1.2696220334085468
SpectralClustering,"{'n_clusters': 6, 'affinity': 'nearest_neighbors', 'assign_labels': 'discretize', 'random_state': 42, 'n_neighbors': 15}",0.22560502141996636,1086.5708489162905,1.2598289429389926
SpectralClustering,"{'n_clusters': 6, 'affinity': 'nearest_neighbors', 'assign_labels': 'discretize', 'random_state': 123, 'n_neighbors': 15}",0.22560502141996636,1086.5708489162905,1.2598289429389926
SpectralClustering,"{'n_clusters': 6, 'affinity': 'nearest_neighbors', 'assign_labels': 'discretize', 'random_state': 456, 'n_neighbors': 15}",0.2238046909507263,1085.941958455979,1.2541717883393506
SpectralClustering,"{'n_clusters': 6, 'affinity': 'nearest_neighbors', 'assign_labels': 'discretize', 'random_state': 789, 'n_neighbors': 15}",0.2269324107192977,1089.5721527654298,1.2649176437757221
SpectralClustering,"{'n_clusters': 6, 'affinity': 'nearest_neighbors', 'assign_labels': 'discretize', 'random_state': 1011, 'n_neighbors': 15}",0.22379697259151707,1086.2582324703824,1.2531990270715807
SpectralClustering,"{'n_clusters': 6, 'affinity': 'nearest_neighbors', 'assign_labels': 'discretize', 'random_state': 2022, 'n_neighbors': 15}",0.2238046909507263,1085.9419584559791,1.2541717883393506
SpectralClustering,"{'n_clusters': 6, 'affinity': 'nearest_neighbors', 'assign_labels': 'discretize', 'random_state': 3033, 'n_neighbors': 15}",0.2239479686275544,1086.9169547784109,1.2551723333610552
SpectralClustering,"{'n_clusters': 6, 'affinity': 'nearest_neighbors', 'assign_labels': 'discretize', 'random_state': 4044, 'n_neighbors': 15}",0.2238046909507263,1085.941958455979,1.2541717883393506
SpectralClustering,"{'n_clusters': 6, 'affinity': 'nearest_neighbors', 'assign_labels': 'discretize', 'random_state': 5055, 'n_neighbors': 15}",0.22199494680203619,1083.5539218088784,1.2463886151540968
SpectralClustering,"{'n_clusters': 6, 'affinity': 'nearest_neighbors', 'assign_labels': 'discretize', 'random_state': 6066, 'n_neighbors': 15}",0.2238046909507263,1085.9419584559794,1.2541717883393506
SpectralClustering,"{'n_clusters': 6, 'affinity': 'nearest_neighbors', 'assign_labels': 'cluster_qr', 'random_state': 42, 'n_neighbors': 15}",0.22101455065701195,1089.9598560430618,1.2727472053484006
SpectralClustering,"{'n_clusters': 6, 'affinity': 'nearest_neighbors', 'assign_labels': 'cluster_qr', 'random_state': 123, 'n_neighbors': 15}",0.22101455065701195,1089.9598560430618,1.2727472053484006
SpectralClustering,"{'n_clusters': 6, 'affinity': 'nearest_neighbors', 'assign_labels': 'cluster_qr', 'random_state': 456, 'n_neighbors': 15}",0.22101455065701195,1089.9598560430618,1.2727472053484006
SpectralClustering,"{'n_clusters': 6, 'affinity': 'nearest_neighbors', 'assign_labels': 'cluster_qr', 'random_state': 789, 'n_neighbors': 15}",0.22101455065701195,1089.9598560430618,1.2727472053484006
SpectralClustering,"{'n_clusters': 6, 'affinity': 'nearest_neighbors', 'assign_labels': 'cluster_qr', 'random_state': 1011, 'n_neighbors': 15}",0.22101455065701195,1089.9598560430618,1.2727472053484006
SpectralClustering,"{'n_clusters': 6, 'affinity': 'nearest_neighbors', 'assign_labels': 'cluster_qr', 'random_state': 2022, 'n_neighbors': 15}",0.22101455065701195,1089.9598560430618,1.2727472053484006
SpectralClustering,"{'n_clusters': 6, 'affinity': 'nearest_neighbors', 'assign_labels': 'cluster_qr', 'random_state': 3033, 'n_neighbors': 15}",0.22101455065701195,1089.9598560430618,1.2727472053484006
SpectralClustering,"{'n_clusters': 6, 'affinity': 'nearest_neighbors', 'assign_labels': 'cluster_qr', 'random_state': 4044, 'n_neighbors': 15}",0.22101455065701195,1089.9598560430618,1.2727472053484006
SpectralClustering,"{'n_clusters': 6, 'affinity': 'nearest_neighbors', 'assign_labels': 'cluster_qr', 'random_state': 5055, 'n_neighbors': 15}",0.22101455065701195,1089.9598560430618,1.2727472053484006
SpectralClustering,"{'n_clusters': 6, 'affinity': 'nearest_neighbors', 'assign_labels': 'cluster_qr', 'random_state': 6066, 'n_neighbors': 15}",0.22101455065701195,1089.9598560430618,1.2727472053484006
SpectralClustering,"{'n_clusters': 6, 'affinity': 'nearest_neighbors', 'assign_labels': 'kmeans', 'random_state': 42, 'n_neighbors': 20}",0.22434007872966563,1100.46567114041,1.2995241595254252
SpectralClustering,"{'n_clusters': 6, 'affinity': 'nearest_neighbors', 'assign_labels': 'kmeans', 'random_state': 123, 'n_neighbors': 20}",0.22432163642034164,1100.7098183535413,1.2988575043600916
SpectralClustering,"{'n_clusters': 6, 'affinity': 'nearest_neighbors', 'assign_labels': 'kmeans', 'random_state': 456, 'n_neighbors': 20}",0.22434007872966563,1100.46567114041,1.2995241595254252
SpectralClustering,"{'n_clusters': 6, 'affinity': 'nearest_neighbors', 'assign_labels': 'kmeans', 'random_state': 789, 'n_neighbors': 20}",0.22434007872966563,1100.46567114041,1.2995241595254252
SpectralClustering,"{'n_clusters': 6, 'affinity': 'nearest_neighbors', 'assign_labels': 'kmeans', 'random_state': 1011, 'n_neighbors': 20}",0.22432163642034164,1100.7098183535413,1.2988575043600916
SpectralClustering,"{'n_clusters': 6, 'affinity': 'nearest_neighbors', 'assign_labels': 'kmeans', 'random_state': 2022, 'n_neighbors': 20}",0.22432163642034164,1100.7098183535413,1.2988575043600916
SpectralClustering,"{'n_clusters': 6, 'affinity': 'nearest_neighbors', 'assign_labels': 'kmeans', 'random_state': 3033, 'n_neighbors': 20}",0.22432163642034164,1100.7098183535413,1.2988575043600916
SpectralClustering,"{'n_clusters': 6, 'affinity': 'nearest_neighbors', 'assign_labels': 'kmeans', 'random_state': 4044, 'n_neighbors': 20}",0.22432163642034164,1100.7098183535413,1.2988575043600916
SpectralClustering,"{'n_clusters': 6, 'affinity': 'nearest_neighbors', 'assign_labels': 'kmeans', 'random_state': 5055, 'n_neighbors': 20}",0.22434007872966563,1100.46567114041,1.2995241595254252
SpectralClustering,"{'n_clusters': 6, 'affinity': 'nearest_neighbors', 'assign_labels': 'kmeans', 'random_state': 6066, 'n_neighbors': 20}",0.22434007872966563,1100.46567114041,1.2995241595254252
SpectralClustering,"{'n_clusters': 6, 'affinity': 'nearest_neighbors', 'assign_labels': 'discretize', 'random_state': 42, 'n_neighbors': 20}",0.2269665926431108,1098.8546657188951,1.286467276289314
SpectralClustering,"{'n_clusters': 6, 'affinity': 'nearest_neighbors', 'assign_labels': 'discretize', 'random_state': 123, 'n_neighbors': 20}",0.2269665926431108,1098.8546657188951,1.286467276289314
SpectralClustering,"{'n_clusters': 6, 'affinity': 'nearest_neighbors', 'assign_labels': 'discretize', 'random_state': 456, 'n_neighbors': 20}",0.2269665926431108,1098.8546657188951,1.286467276289314
SpectralClustering,"{'n_clusters': 6, 'affinity': 'nearest_neighbors', 'assign_labels': 'discretize', 'random_state': 789, 'n_neighbors': 20}",0.2269665926431108,1098.8546657188951,1.286467276289314
SpectralClustering,"{'n_clusters': 6, 'affinity': 'nearest_neighbors', 'assign_labels': 'discretize', 'random_state': 1011, 'n_neighbors': 20}",0.22682907952890677,1098.8020410682761,1.2864356511498842
SpectralClustering,"{'n_clusters': 6, 'affinity': 'nearest_neighbors', 'assign_labels': 'discretize', 'random_state': 2022, 'n_neighbors': 20}",0.22628984028347754,1097.9357021021033,1.2850165101160689
SpectralClustering,"{'n_clusters': 6, 'affinity': 'nearest_neighbors', 'assign_labels': 'discretize', 'random_state': 3033, 'n_neighbors': 20}",0.2269665926431108,1098.8546657188951,1.2864672762893137
SpectralClustering,"{'n_clusters': 6, 'affinity': 'nearest_neighbors', 'assign_labels': 'discretize', 'random_state': 4044, 'n_neighbors': 20}",0.22616124622677533,1097.8979632122946,1.2849979885802532
SpectralClustering,"{'n_clusters': 6, 'affinity': 'nearest_neighbors', 'assign_labels': 'discretize', 'random_state': 5055, 'n_neighbors': 20}",0.2269665926431108,1098.8546657188951,1.286467276289314
SpectralClustering,"{'n_clusters': 6, 'affinity': 'nearest_neighbors', 'assign_labels': 'discretize', 'random_state': 6066, 'n_neighbors': 20}",0.22682907952890677,1098.8020410682761,1.2864356511498845
SpectralClustering,"{'n_clusters': 6, 'affinity': 'nearest_neighbors', 'assign_labels': 'cluster_qr', 'random_state': 42, 'n_neighbors': 20}",0.22305278109970064,1097.6987767597218,1.2811036059260368
SpectralClustering,"{'n_clusters': 6, 'affinity': 'nearest_neighbors', 'assign_labels': 'cluster_qr', 'random_state': 123, 'n_neighbors': 20}",0.22305278109970064,1097.6987767597218,1.2811036059260368
SpectralClustering,"{'n_clusters': 6, 'affinity': 'nearest_neighbors', 'assign_labels': 'cluster_qr', 'random_state': 456, 'n_neighbors': 20}",0.22305278109970064,1097.6987767597218,1.2811036059260368
SpectralClustering,"{'n_clusters': 6, 'affinity': 'nearest_neighbors', 'assign_labels': 'cluster_qr', 'random_state': 789, 'n_neighbors': 20}",0.22305278109970064,1097.6987767597218,1.2811036059260368
SpectralClustering,"{'n_clusters': 6, 'affinity': 'nearest_neighbors', 'assign_labels': 'cluster_qr', 'random_state': 1011, 'n_neighbors': 20}",0.22305278109970064,1097.6987767597218,1.2811036059260368
SpectralClustering,"{'n_clusters': 6, 'affinity': 'nearest_neighbors', 'assign_labels': 'cluster_qr', 'random_state': 2022, 'n_neighbors': 20}",0.22305278109970064,1097.6987767597218,1.2811036059260368
SpectralClustering,"{'n_clusters': 6, 'affinity': 'nearest_neighbors', 'assign_labels': 'cluster_qr', 'random_state': 3033, 'n_neighbors': 20}",0.22305278109970064,1097.6987767597218,1.2811036059260368
SpectralClustering,"{'n_clusters': 6, 'affinity': 'nearest_neighbors', 'assign_labels': 'cluster_qr', 'random_state': 4044, 'n_neighbors': 20}",0.22305278109970064,1097.6987767597218,1.2811036059260368
SpectralClustering,"{'n_clusters': 6, 'affinity': 'nearest_neighbors', 'assign_labels': 'cluster_qr', 'random_state': 5055, 'n_neighbors': 20}",0.22305278109970064,1097.6987767597218,1.2811036059260368
SpectralClustering,"{'n_clusters': 6, 'affinity': 'nearest_neighbors', 'assign_labels': 'cluster_qr', 'random_state': 6066, 'n_neighbors': 20}",0.22305278109970064,1097.6987767597218,1.2811036059260368
SpectralClustering,"{'n_clusters': 6, 'affinity': 'nearest_neighbors', 'assign_labels': 'kmeans', 'random_state': 42, 'n_neighbors': 50}",0.22584869840101257,1105.6792042600075,1.2921584252962661
SpectralClustering,"{'n_clusters': 6, 'affinity': 'nearest_neighbors', 'assign_labels': 'kmeans', 'random_state': 123, 'n_neighbors': 50}",0.22585072167898332,1105.63570204525,1.2919704002137529
SpectralClustering,"{'n_clusters': 6, 'affinity': 'nearest_neighbors', 'assign_labels': 'kmeans', 'random_state': 456, 'n_neighbors': 50}",0.22584869840101257,1105.6792042600075,1.2921584252962661
SpectralClustering,"{'n_clusters': 6, 'affinity': 'nearest_neighbors', 'assign_labels': 'kmeans', 'random_state': 789, 'n_neighbors': 50}",0.22584869840101257,1105.6792042600075,1.2921584252962661
SpectralClustering,"{'n_clusters': 6, 'affinity': 'nearest_neighbors', 'assign_labels': 'kmeans', 'random_state': 1011, 'n_neighbors': 50}",0.22584869840101257,1105.6792042600073,1.2921584252962661
SpectralClustering,"{'n_clusters': 6, 'affinity': 'nearest_neighbors', 'assign_labels': 'kmeans', 'random_state': 2022, 'n_neighbors': 50}",0.22584869840101257,1105.6792042600073,1.2921584252962661
SpectralClustering,"{'n_clusters': 6, 'affinity': 'nearest_neighbors', 'assign_labels': 'kmeans', 'random_state': 3033, 'n_neighbors': 50}",0.22584869840101257,1105.6792042600075,1.2921584252962661
SpectralClustering,"{'n_clusters': 6, 'affinity': 'nearest_neighbors', 'assign_labels': 'kmeans', 'random_state': 4044, 'n_neighbors': 50}",0.22584869840101257,1105.6792042600075,1.2921584252962661
SpectralClustering,"{'n_clusters': 6, 'affinity': 'nearest_neighbors', 'assign_labels': 'kmeans', 'random_state': 5055, 'n_neighbors': 50}",0.22584869840101257,1105.6792042600075,1.2921584252962661
SpectralClustering,"{'n_clusters': 6, 'affinity': 'nearest_neighbors', 'assign_labels': 'kmeans', 'random_state': 6066, 'n_neighbors': 50}",0.22584869840101257,1105.6792042600075,1.2921584252962661
SpectralClustering,"{'n_clusters': 6, 'affinity': 'nearest_neighbors', 'assign_labels': 'discretize', 'random_state': 42, 'n_neighbors': 50}",0.22711068118721142,1106.986593782629,1.2803786624660585
SpectralClustering,"{'n_clusters': 6, 'affinity': 'nearest_neighbors', 'assign_labels': 'discretize', 'random_state': 123, 'n_neighbors': 50}",0.22761470485354332,1107.3455496801082,1.2799999478415387
SpectralClustering,"{'n_clusters': 6, 'affinity': 'nearest_neighbors', 'assign_labels': 'discretize', 'random_state': 456, 'n_neighbors': 50}",0.22761470485354332,1107.345549680108,1.2799999478415387
SpectralClustering,"{'n_clusters': 6, 'affinity': 'nearest_neighbors', 'assign_labels': 'discretize', 'random_state': 789, 'n_neighbors': 50}",0.22722318459916876,1105.9064171047032,1.2825653755077926
SpectralClustering,"{'n_clusters': 6, 'affinity': 'nearest_neighbors', 'assign_labels': 'discretize', 'random_state': 1011, 'n_neighbors': 50}",0.22711068118721142,1106.9865937826287,1.2803786624660582
SpectralClustering,"{'n_clusters': 6, 'affinity': 'nearest_neighbors', 'assign_labels': 'discretize', 'random_state': 2022, 'n_neighbors': 50}",0.22761470485354332,1107.345549680108,1.2799999478415387
SpectralClustering,"{'n_clusters': 6, 'affinity': 'nearest_neighbors', 'assign_labels': 'discretize', 'random_state': 3033, 'n_neighbors': 50}",0.22711068118721142,1106.9865937826287,1.2803786624660582
SpectralClustering,"{'n_clusters': 6, 'affinity': 'nearest_neighbors', 'assign_labels': 'discretize', 'random_state': 4044, 'n_neighbors': 50}",0.22731599716884968,1106.0956528053978,1.2821706750355364
SpectralClustering,"{'n_clusters': 6, 'affinity': 'nearest_neighbors', 'assign_labels': 'discretize', 'random_state': 5055, 'n_neighbors': 50}",0.22756406640044116,1107.0612192576377,1.2808714307840028
SpectralClustering,"{'n_clusters': 6, 'affinity': 'nearest_neighbors', 'assign_labels': 'discretize', 'random_state': 6066, 'n_neighbors': 50}",0.22711068118721142,1106.9865937826287,1.2803786624660585
SpectralClustering,"{'n_clusters': 6, 'affinity': 'nearest_neighbors', 'assign_labels': 'cluster_qr', 'random_state': 42, 'n_neighbors': 50}",0.22707973094677003,1105.2425355185464,1.27735779505167
SpectralClustering,"{'n_clusters': 6, 'affinity': 'nearest_neighbors', 'assign_labels': 'cluster_qr', 'random_state': 123, 'n_neighbors': 50}",0.22707973094677003,1105.2425355185464,1.27735779505167
SpectralClustering,"{'n_clusters': 6, 'affinity': 'nearest_neighbors', 'assign_labels': 'cluster_qr', 'random_state': 456, 'n_neighbors': 50}",0.22707973094677003,1105.2425355185464,1.27735779505167
SpectralClustering,"{'n_clusters': 6, 'affinity': 'nearest_neighbors', 'assign_labels': 'cluster_qr', 'random_state': 789, 'n_neighbors': 50}",0.22707973094677003,1105.2425355185464,1.27735779505167
SpectralClustering,"{'n_clusters': 6, 'affinity': 'nearest_neighbors', 'assign_labels': 'cluster_qr', 'random_state': 1011, 'n_neighbors': 50}",0.22707973094677003,1105.2425355185464,1.27735779505167
SpectralClustering,"{'n_clusters': 6, 'affinity': 'nearest_neighbors', 'assign_labels': 'cluster_qr', 'random_state': 2022, 'n_neighbors': 50}",0.22707973094677003,1105.2425355185464,1.27735779505167
SpectralClustering,"{'n_clusters': 6, 'affinity': 'nearest_neighbors', 'assign_labels': 'cluster_qr', 'random_state': 3033, 'n_neighbors': 50}",0.22707973094677003,1105.2425355185464,1.27735779505167
SpectralClustering,"{'n_clusters': 6, 'affinity': 'nearest_neighbors', 'assign_labels': 'cluster_qr', 'random_state': 4044, 'n_neighbors': 50}",0.22707973094677003,1105.2425355185464,1.27735779505167
SpectralClustering,"{'n_clusters': 6, 'affinity': 'nearest_neighbors', 'assign_labels': 'cluster_qr', 'random_state': 5055, 'n_neighbors': 50}",0.22707973094677003,1105.2425355185464,1.27735779505167
SpectralClustering,"{'n_clusters': 6, 'affinity': 'nearest_neighbors', 'assign_labels': 'cluster_qr', 'random_state': 6066, 'n_neighbors': 50}",0.22707973094677003,1105.2425355185464,1.27735779505167
SpectralClustering,"{'n_clusters': 6, 'affinity': 'nearest_neighbors', 'assign_labels': 'kmeans', 'random_state': 42, 'n_neighbors': 100}",0.2281174127052423,1112.0397887127067,1.2825655182640354
SpectralClustering,"{'n_clusters': 6, 'affinity': 'nearest_neighbors', 'assign_labels': 'kmeans', 'random_state': 123, 'n_neighbors': 100}",0.2282567644242704,1112.3630098052404,1.2798448492766894
SpectralClustering,"{'n_clusters': 6, 'affinity': 'nearest_neighbors', 'assign_labels': 'kmeans', 'random_state': 456, 'n_neighbors': 100}",0.2281174127052423,1112.0397887127065,1.2825655182640354
SpectralClustering,"{'n_clusters': 6, 'affinity': 'nearest_neighbors', 'assign_labels': 'kmeans', 'random_state': 789, 'n_neighbors': 100}",0.2282905939724659,1112.4615328536015,1.2795320318725734
SpectralClustering,"{'n_clusters': 6, 'affinity': 'nearest_neighbors', 'assign_labels': 'kmeans', 'random_state': 1011, 'n_neighbors': 100}",0.2282905939724659,1112.4615328536013,1.2795320318725734
SpectralClustering,"{'n_clusters': 6, 'affinity': 'nearest_neighbors', 'assign_labels': 'kmeans', 'random_state': 2022, 'n_neighbors': 100}",0.2282905939724659,1112.461532853601,1.2795320318725736
SpectralClustering,"{'n_clusters': 6, 'affinity': 'nearest_neighbors', 'assign_labels': 'kmeans', 'random_state': 3033, 'n_neighbors': 100}",0.2282567644242704,1112.3630098052404,1.2798448492766894
SpectralClustering,"{'n_clusters': 6, 'affinity': 'nearest_neighbors', 'assign_labels': 'kmeans', 'random_state': 4044, 'n_neighbors': 100}",0.22817918884925706,1111.9822203149051,1.279931053616149
SpectralClustering,"{'n_clusters': 6, 'affinity': 'nearest_neighbors', 'assign_labels': 'kmeans', 'random_state': 5055, 'n_neighbors': 100}",0.22817918884925706,1111.9822203149051,1.279931053616149
SpectralClustering,"{'n_clusters': 6, 'affinity': 'nearest_neighbors', 'assign_labels': 'kmeans', 'random_state': 6066, 'n_neighbors': 100}",0.2282905939724659,1112.4615328536015,1.2795320318725734
SpectralClustering,"{'n_clusters': 6, 'affinity': 'nearest_neighbors', 'assign_labels': 'discretize', 'random_state': 42, 'n_neighbors': 100}",0.22851124478075216,1112.1658550474972,1.2598460441443629
SpectralClustering,"{'n_clusters': 6, 'affinity': 'nearest_neighbors', 'assign_labels': 'discretize', 'random_state': 123, 'n_neighbors': 100}",0.2284692257937206,1112.828481491739,1.2643126618103058
SpectralClustering,"{'n_clusters': 6, 'affinity': 'nearest_neighbors', 'assign_labels': 'discretize', 'random_state': 456, 'n_neighbors': 100}",0.22851124478075216,1112.1658550474972,1.2598460441443626
SpectralClustering,"{'n_clusters': 6, 'affinity': 'nearest_neighbors', 'assign_labels': 'discretize', 'random_state': 789, 'n_neighbors': 100}",0.22851553137583286,1112.6651366514966,1.263926436582109
SpectralClustering,"{'n_clusters': 6, 'affinity': 'nearest_neighbors', 'assign_labels': 'discretize', 'random_state': 1011, 'n_neighbors': 100}",0.2283471829862711,1112.5806771685457,1.26426963851011
SpectralClustering,"{'n_clusters': 6, 'affinity': 'nearest_neighbors', 'assign_labels': 'discretize', 'random_state': 2022, 'n_neighbors': 100}",0.22851124478075216,1112.1658550474972,1.2598460441443629
SpectralClustering,"{'n_clusters': 6, 'affinity': 'nearest_neighbors', 'assign_labels': 'discretize', 'random_state': 3033, 'n_neighbors': 100}",0.2284527710255132,1111.7888464222121,1.260089591828318
SpectralClustering,"{'n_clusters': 6, 'affinity': 'nearest_neighbors', 'assign_labels': 'discretize', 'random_state': 4044, 'n_neighbors': 100}",0.2283471829862711,1112.5806771685454,1.26426963851011
SpectralClustering,"{'n_clusters': 6, 'affinity': 'nearest_neighbors', 'assign_labels': 'discretize', 'random_state': 5055, 'n_neighbors': 100}",0.2285851581265312,1112.2908101819676,1.2602186933511224
SpectralClustering,"{'n_clusters': 6, 'affinity': 'nearest_neighbors', 'assign_labels': 'discretize', 'random_state': 6066, 'n_neighbors': 100}",0.22851553137583286,1112.6651366514968,1.263926436582109
SpectralClustering,"{'n_clusters': 6, 'affinity': 'nearest_neighbors', 'assign_labels': 'cluster_qr', 'random_state': 42, 'n_neighbors': 100}",0.22448923528034587,1097.7893247985553,1.250032848970971
SpectralClustering,"{'n_clusters': 6, 'affinity': 'nearest_neighbors', 'assign_labels': 'cluster_qr', 'random_state': 123, 'n_neighbors': 100}",0.22448923528034587,1097.7893247985553,1.250032848970971
SpectralClustering,"{'n_clusters': 6, 'affinity': 'nearest_neighbors', 'assign_labels': 'cluster_qr', 'random_state': 456, 'n_neighbors': 100}",0.22448923528034587,1097.7893247985553,1.250032848970971
SpectralClustering,"{'n_clusters': 6, 'affinity': 'nearest_neighbors', 'assign_labels': 'cluster_qr', 'random_state': 789, 'n_neighbors': 100}",0.22448923528034587,1097.7893247985553,1.250032848970971
SpectralClustering,"{'n_clusters': 6, 'affinity': 'nearest_neighbors', 'assign_labels': 'cluster_qr', 'random_state': 1011, 'n_neighbors': 100}",0.22448923528034587,1097.7893247985553,1.250032848970971
SpectralClustering,"{'n_clusters': 6, 'affinity': 'nearest_neighbors', 'assign_labels': 'cluster_qr', 'random_state': 2022, 'n_neighbors': 100}",0.22448923528034587,1097.7893247985553,1.250032848970971
SpectralClustering,"{'n_clusters': 6, 'affinity': 'nearest_neighbors', 'assign_labels': 'cluster_qr', 'random_state': 3033, 'n_neighbors': 100}",0.22448923528034587,1097.7893247985553,1.250032848970971
SpectralClustering,"{'n_clusters': 6, 'affinity': 'nearest_neighbors', 'assign_labels': 'cluster_qr', 'random_state': 4044, 'n_neighbors': 100}",0.22448923528034587,1097.7893247985553,1.250032848970971
SpectralClustering,"{'n_clusters': 6, 'affinity': 'nearest_neighbors', 'assign_labels': 'cluster_qr', 'random_state': 5055, 'n_neighbors': 100}",0.22448923528034587,1097.7893247985553,1.250032848970971
SpectralClustering,"{'n_clusters': 6, 'affinity': 'nearest_neighbors', 'assign_labels': 'cluster_qr', 'random_state': 6066, 'n_neighbors': 100}",0.22448923528034587,1097.7893247985553,1.250032848970971
SpectralClustering,"{'n_clusters': 6, 'affinity': 'polynomial', 'assign_labels': 'kmeans', 'random_state': 42}",-0.02253664429388341,212.28192157999084,1.6979325864067796
SpectralClustering,"{'n_clusters': 6, 'affinity': 'polynomial', 'assign_labels': 'kmeans', 'random_state': 123}",-0.02253664429388341,212.28192157999078,1.6979325864067796
SpectralClustering,"{'n_clusters': 6, 'affinity': 'polynomial', 'assign_labels': 'kmeans', 'random_state': 456}",-0.02253664429388341,212.28192157999084,1.6979325864067796
SpectralClustering,"{'n_clusters': 6, 'affinity': 'polynomial', 'assign_labels': 'kmeans', 'random_state': 789}",-0.022305579314542932,212.25135527401443,1.6771959817228599
SpectralClustering,"{'n_clusters': 6, 'affinity': 'polynomial', 'assign_labels': 'kmeans', 'random_state': 1011}",-0.022549146267198984,212.27716660174858,1.697745647023906
SpectralClustering,"{'n_clusters': 6, 'affinity': 'polynomial', 'assign_labels': 'kmeans', 'random_state': 2022}",-0.02253664429388341,212.28192157999084,1.6979325864067798
SpectralClustering,"{'n_clusters': 6, 'affinity': 'polynomial', 'assign_labels': 'kmeans', 'random_state': 3033}",-0.022549146267198984,212.27716660174858,1.6977456470239065
SpectralClustering,"{'n_clusters': 6, 'affinity': 'polynomial', 'assign_labels': 'kmeans', 'random_state': 4044}",-0.02247997108724962,212.32956983888909,1.6920559611208754
SpectralClustering,"{'n_clusters': 6, 'affinity': 'polynomial', 'assign_labels': 'kmeans', 'random_state': 5055}",-0.022562958935765206,212.30135052003948,1.6937662812079683
SpectralClustering,"{'n_clusters': 6, 'affinity': 'polynomial', 'assign_labels': 'kmeans', 'random_state': 6066}",-0.022562958935765206,212.30135052003948,1.6937662812079683
SpectralClustering,"{'n_clusters': 6, 'affinity': 'polynomial', 'assign_labels': 'discretize', 'random_state': 42}",0.17462992397388805,858.7753177908692,1.1733081951134503
SpectralClustering,"{'n_clusters': 6, 'affinity': 'polynomial', 'assign_labels': 'discretize', 'random_state': 123}",0.17299717931084857,737.1637801116991,1.1011303290348924
SpectralClustering,"{'n_clusters': 6, 'affinity': 'polynomial', 'assign_labels': 'discretize', 'random_state': 456}",0.05218172199358964,308.5016790276052,1.2537984569341094
SpectralClustering,"{'n_clusters': 6, 'affinity': 'polynomial', 'assign_labels': 'discretize', 'random_state': 789}",0.17462992397388805,858.7753177908692,1.1733081951134503
SpectralClustering,"{'n_clusters': 6, 'affinity': 'polynomial', 'assign_labels': 'discretize', 'random_state': 1011}",0.17480652911521852,744.9220932408731,1.0990664557060057
SpectralClustering,"{'n_clusters': 6, 'affinity': 'polynomial', 'assign_labels': 'discretize', 'random_state': 2022}",0.1741679085859492,744.4904255145269,1.0988138210956924
SpectralClustering,"{'n_clusters': 6, 'affinity': 'polynomial', 'assign_labels': 'discretize', 'random_state': 3033}",0.17480652911521852,744.9220932408733,1.0990664557060057
SpectralClustering,"{'n_clusters': 6, 'affinity': 'polynomial', 'assign_labels': 'discretize', 'random_state': 4044}",0.17480652911521852,744.9220932408733,1.0990664557060057
SpectralClustering,"{'n_clusters': 6, 'affinity': 'polynomial', 'assign_labels': 'discretize', 'random_state': 5055}",0.17462992397388805,858.7753177908692,1.1733081951134503
SpectralClustering,"{'n_clusters': 6, 'affinity': 'polynomial', 'assign_labels': 'discretize', 'random_state': 6066}",0.1729078331171876,733.8068352081245,1.1017382298824885
SpectralClustering,"{'n_clusters': 6, 'affinity': 'polynomial', 'assign_labels': 'cluster_qr', 'random_state': 42}",0.18947895005858076,653.1463643787292,1.8655598787753174
SpectralClustering,"{'n_clusters': 6, 'affinity': 'polynomial', 'assign_labels': 'cluster_qr', 'random_state': 123}",0.18947895005858076,653.1463643787292,1.8655598787753174
SpectralClustering,"{'n_clusters': 6, 'affinity': 'polynomial', 'assign_labels': 'cluster_qr', 'random_state': 456}",0.18947895005858076,653.1463643787292,1.8655598787753174
SpectralClustering,"{'n_clusters': 6, 'affinity': 'polynomial', 'assign_labels': 'cluster_qr', 'random_state': 789}",0.18947895005858076,653.1463643787292,1.8655598787753174
SpectralClustering,"{'n_clusters': 6, 'affinity': 'polynomial', 'assign_labels': 'cluster_qr', 'random_state': 1011}",0.18947895005858076,653.1463643787292,1.8655598787753174
SpectralClustering,"{'n_clusters': 6, 'affinity': 'polynomial', 'assign_labels': 'cluster_qr', 'random_state': 2022}",0.18947895005858076,653.1463643787292,1.8655598787753174
SpectralClustering,"{'n_clusters': 6, 'affinity': 'polynomial', 'assign_labels': 'cluster_qr', 'random_state': 3033}",0.18947895005858076,653.1463643787292,1.8655598787753174
SpectralClustering,"{'n_clusters': 6, 'affinity': 'polynomial', 'assign_labels': 'cluster_qr', 'random_state': 4044}",0.18947895005858076,653.1463643787292,1.8655598787753174
SpectralClustering,"{'n_clusters': 6, 'affinity': 'polynomial', 'assign_labels': 'cluster_qr', 'random_state': 5055}",0.18947895005858076,653.1463643787292,1.8655598787753174
SpectralClustering,"{'n_clusters': 6, 'affinity': 'polynomial', 'assign_labels': 'cluster_qr', 'random_state': 6066}",0.18947895005858076,653.1463643787292,1.8655598787753174
SpectralClustering,"{'n_clusters': 6, 'affinity': 'poly', 'assign_labels': 'kmeans', 'random_state': 42}",-0.02253664429388341,212.28192157999084,1.6979325864067796
SpectralClustering,"{'n_clusters': 6, 'affinity': 'poly', 'assign_labels': 'kmeans', 'random_state': 123}",-0.02253664429388341,212.28192157999078,1.6979325864067796
SpectralClustering,"{'n_clusters': 6, 'affinity': 'poly', 'assign_labels': 'kmeans', 'random_state': 456}",-0.02253664429388341,212.28192157999084,1.6979325864067796
SpectralClustering,"{'n_clusters': 6, 'affinity': 'poly', 'assign_labels': 'kmeans', 'random_state': 789}",-0.022305579314542932,212.25135527401443,1.6771959817228599
SpectralClustering,"{'n_clusters': 6, 'affinity': 'poly', 'assign_labels': 'kmeans', 'random_state': 1011}",-0.022549146267198984,212.27716660174858,1.697745647023906
SpectralClustering,"{'n_clusters': 6, 'affinity': 'poly', 'assign_labels': 'kmeans', 'random_state': 2022}",-0.02253664429388341,212.28192157999084,1.6979325864067798
SpectralClustering,"{'n_clusters': 6, 'affinity': 'poly', 'assign_labels': 'kmeans', 'random_state': 3033}",-0.022549146267198984,212.27716660174858,1.6977456470239065
SpectralClustering,"{'n_clusters': 6, 'affinity': 'poly', 'assign_labels': 'kmeans', 'random_state': 4044}",-0.02247997108724962,212.32956983888909,1.6920559611208754
SpectralClustering,"{'n_clusters': 6, 'affinity': 'poly', 'assign_labels': 'kmeans', 'random_state': 5055}",-0.022562958935765206,212.30135052003948,1.6937662812079683
SpectralClustering,"{'n_clusters': 6, 'affinity': 'poly', 'assign_labels': 'kmeans', 'random_state': 6066}",-0.022562958935765206,212.30135052003948,1.6937662812079683
SpectralClustering,"{'n_clusters': 6, 'affinity': 'poly', 'assign_labels': 'discretize', 'random_state': 42}",0.17462992397388805,858.7753177908692,1.1733081951134503
SpectralClustering,"{'n_clusters': 6, 'affinity': 'poly', 'assign_labels': 'discretize', 'random_state': 123}",0.17299717931084857,737.1637801116991,1.1011303290348924
SpectralClustering,"{'n_clusters': 6, 'affinity': 'poly', 'assign_labels': 'discretize', 'random_state': 456}",0.05218172199358964,308.5016790276052,1.2537984569341094
SpectralClustering,"{'n_clusters': 6, 'affinity': 'poly', 'assign_labels': 'discretize', 'random_state': 789}",0.17462992397388805,858.7753177908692,1.1733081951134503
SpectralClustering,"{'n_clusters': 6, 'affinity': 'poly', 'assign_labels': 'discretize', 'random_state': 1011}",0.17480652911521852,744.9220932408731,1.0990664557060057
SpectralClustering,"{'n_clusters': 6, 'affinity': 'poly', 'assign_labels': 'discretize', 'random_state': 2022}",0.1741679085859492,744.4904255145269,1.0988138210956924
SpectralClustering,"{'n_clusters': 6, 'affinity': 'poly', 'assign_labels': 'discretize', 'random_state': 3033}",0.17480652911521852,744.9220932408733,1.0990664557060057
SpectralClustering,"{'n_clusters': 6, 'affinity': 'poly', 'assign_labels': 'discretize', 'random_state': 4044}",0.17480652911521852,744.9220932408733,1.0990664557060057
SpectralClustering,"{'n_clusters': 6, 'affinity': 'poly', 'assign_labels': 'discretize', 'random_state': 5055}",0.17462992397388805,858.7753177908692,1.1733081951134503
SpectralClustering,"{'n_clusters': 6, 'affinity': 'poly', 'assign_labels': 'discretize', 'random_state': 6066}",0.1729078331171876,733.8068352081245,1.1017382298824885
SpectralClustering,"{'n_clusters': 6, 'affinity': 'poly', 'assign_labels': 'cluster_qr', 'random_state': 42}",0.18947895005858076,653.1463643787292,1.8655598787753174
SpectralClustering,"{'n_clusters': 6, 'affinity': 'poly', 'assign_labels': 'cluster_qr', 'random_state': 123}",0.18947895005858076,653.1463643787292,1.8655598787753174
SpectralClustering,"{'n_clusters': 6, 'affinity': 'poly', 'assign_labels': 'cluster_qr', 'random_state': 456}",0.18947895005858076,653.1463643787292,1.8655598787753174
SpectralClustering,"{'n_clusters': 6, 'affinity': 'poly', 'assign_labels': 'cluster_qr', 'random_state': 789}",0.18947895005858076,653.1463643787292,1.8655598787753174
SpectralClustering,"{'n_clusters': 6, 'affinity': 'poly', 'assign_labels': 'cluster_qr', 'random_state': 1011}",0.18947895005858076,653.1463643787292,1.8655598787753174
SpectralClustering,"{'n_clusters': 6, 'affinity': 'poly', 'assign_labels': 'cluster_qr', 'random_state': 2022}",0.18947895005858076,653.1463643787292,1.8655598787753174
SpectralClustering,"{'n_clusters': 6, 'affinity': 'poly', 'assign_labels': 'cluster_qr', 'random_state': 3033}",0.18947895005858076,653.1463643787292,1.8655598787753174
SpectralClustering,"{'n_clusters': 6, 'affinity': 'poly', 'assign_labels': 'cluster_qr', 'random_state': 4044}",0.18947895005858076,653.1463643787292,1.8655598787753174
SpectralClustering,"{'n_clusters': 6, 'affinity': 'poly', 'assign_labels': 'cluster_qr', 'random_state': 5055}",0.18947895005858076,653.1463643787292,1.8655598787753174
SpectralClustering,"{'n_clusters': 6, 'affinity': 'poly', 'assign_labels': 'cluster_qr', 'random_state': 6066}",0.18947895005858076,653.1463643787292,1.8655598787753174
SpectralClustering,"{'n_clusters': 6, 'affinity': 'sigmoid', 'assign_labels': 'kmeans', 'random_state': 42}",0.10412254493911753,568.3064995306681,1.719830399555911
SpectralClustering,"{'n_clusters': 6, 'affinity': 'sigmoid', 'assign_labels': 'kmeans', 'random_state': 123}",0.10327481895554956,564.198529087918,1.7430088740106946
SpectralClustering,"{'n_clusters': 6, 'affinity': 'sigmoid', 'assign_labels': 'kmeans', 'random_state': 456}",0.08939287996218365,478.7741064545251,2.388338320027639
SpectralClustering,"{'n_clusters': 6, 'affinity': 'sigmoid', 'assign_labels': 'kmeans', 'random_state': 789}",0.10350216018914722,565.3475159216177,1.7368090939179297
SpectralClustering,"{'n_clusters': 6, 'affinity': 'sigmoid', 'assign_labels': 'kmeans', 'random_state': 1011}",0.10422001936365605,565.9701828205297,1.762678840500033
SpectralClustering,"{'n_clusters': 6, 'affinity': 'sigmoid', 'assign_labels': 'kmeans', 'random_state': 2022}",0.10396342841466175,564.1554579496974,1.7475077533866885
SpectralClustering,"{'n_clusters': 6, 'affinity': 'sigmoid', 'assign_labels': 'kmeans', 'random_state': 3033}",0.10341530809423828,558.40717949267,1.8436232125369172
SpectralClustering,"{'n_clusters': 6, 'affinity': 'sigmoid', 'assign_labels': 'kmeans', 'random_state': 4044}",0.10351441551796715,562.5431278689344,1.7856862282450638
SpectralClustering,"{'n_clusters': 6, 'affinity': 'sigmoid', 'assign_labels': 'kmeans', 'random_state': 5055}",0.10329652951518485,559.00508565518,1.8375553076925153
SpectralClustering,"{'n_clusters': 6, 'affinity': 'sigmoid', 'assign_labels': 'kmeans', 'random_state': 6066}",0.10422001936365605,565.9701828205297,1.762678840500033
SpectralClustering,"{'n_clusters': 6, 'affinity': 'sigmoid', 'assign_labels': 'discretize', 'random_state': 42}",0.05886628396477772,365.360875596947,2.5819588660402535
SpectralClustering,"{'n_clusters': 6, 'affinity': 'sigmoid', 'assign_labels': 'discretize', 'random_state': 123}",0.040731846238678066,329.655989394547,2.1191557574203195
SpectralClustering,"{'n_clusters': 6, 'affinity': 'sigmoid', 'assign_labels': 'discretize', 'random_state': 456}",0.040852162497601,379.8046892922378,2.2236424724723776
SpectralClustering,"{'n_clusters': 6, 'affinity': 'sigmoid', 'assign_labels': 'discretize', 'random_state': 789}",0.062498403060270706,370.4472423081693,2.5595019972406146
SpectralClustering,"{'n_clusters': 6, 'affinity': 'sigmoid', 'assign_labels': 'discretize', 'random_state': 1011}",0.07611229234135719,412.4719268626982,2.895917222158643
SpectralClustering,"{'n_clusters': 6, 'affinity': 'sigmoid', 'assign_labels': 'discretize', 'random_state': 2022}",0.04897923434872506,393.1822024642593,2.289164752634257
SpectralClustering,"{'n_clusters': 6, 'affinity': 'sigmoid', 'assign_labels': 'discretize', 'random_state': 3033}",0.040252692895959945,320.2469700408562,1.9282257326926142
SpectralClustering,"{'n_clusters': 6, 'affinity': 'sigmoid', 'assign_labels': 'discretize', 'random_state': 4044}",0.06269805912813509,367.8350994485982,2.5839650971906534
SpectralClustering,"{'n_clusters': 6, 'affinity': 'sigmoid', 'assign_labels': 'discretize', 'random_state': 5055}",0.04232283726637268,335.95909285153465,2.1485759465866336
SpectralClustering,"{'n_clusters': 6, 'affinity': 'sigmoid', 'assign_labels': 'discretize', 'random_state': 6066}",0.039156269789125106,326.4680307028955,2.033510042170874
SpectralClustering,"{'n_clusters': 6, 'affinity': 'sigmoid', 'assign_labels': 'cluster_qr', 'random_state': 42}",0.0269497986075826,187.52658074347823,3.8695656381331927
SpectralClustering,"{'n_clusters': 6, 'affinity': 'sigmoid', 'assign_labels': 'cluster_qr', 'random_state': 123}",0.0269497986075826,187.52658074347823,3.8695656381331927
SpectralClustering,"{'n_clusters': 6, 'affinity': 'sigmoid', 'assign_labels': 'cluster_qr', 'random_state': 456}",0.0269497986075826,187.52658074347823,3.8695656381331927
SpectralClustering,"{'n_clusters': 6, 'affinity': 'sigmoid', 'assign_labels': 'cluster_qr', 'random_state': 789}",0.0269497986075826,187.52658074347823,3.8695656381331927
SpectralClustering,"{'n_clusters': 6, 'affinity': 'sigmoid', 'assign_labels': 'cluster_qr', 'random_state': 1011}",0.0269497986075826,187.52658074347823,3.8695656381331927
SpectralClustering,"{'n_clusters': 6, 'affinity': 'sigmoid', 'assign_labels': 'cluster_qr', 'random_state': 2022}",0.0269497986075826,187.52658074347823,3.8695656381331927
SpectralClustering,"{'n_clusters': 6, 'affinity': 'sigmoid', 'assign_labels': 'cluster_qr', 'random_state': 3033}",0.0269497986075826,187.52658074347823,3.8695656381331927
SpectralClustering,"{'n_clusters': 6, 'affinity': 'sigmoid', 'assign_labels': 'cluster_qr', 'random_state': 4044}",0.0269497986075826,187.52658074347823,3.8695656381331927
SpectralClustering,"{'n_clusters': 6, 'affinity': 'sigmoid', 'assign_labels': 'cluster_qr', 'random_state': 5055}",0.0269497986075826,187.52658074347823,3.8695656381331927
SpectralClustering,"{'n_clusters': 6, 'affinity': 'sigmoid', 'assign_labels': 'cluster_qr', 'random_state': 6066}",0.0269497986075826,187.52658074347823,3.8695656381331927
SpectralClustering,"{'n_clusters': 7, 'affinity': 'rbf', 'assign_labels': 'kmeans', 'random_state': 42}",0.35008482075799274,348.6078762194049,0.8860965567563035
SpectralClustering,"{'n_clusters': 7, 'affinity': 'rbf', 'assign_labels': 'kmeans', 'random_state': 123}",0.35008482075799274,348.6078762194049,0.8860965567563035
SpectralClustering,"{'n_clusters': 7, 'affinity': 'rbf', 'assign_labels': 'kmeans', 'random_state': 456}",0.35008482075799274,348.6078762194049,0.8860965567563035
SpectralClustering,"{'n_clusters': 7, 'affinity': 'rbf', 'assign_labels': 'kmeans', 'random_state': 789}",0.35008482075799274,348.6078762194049,0.8860965567563035
SpectralClustering,"{'n_clusters': 7, 'affinity': 'rbf', 'assign_labels': 'kmeans', 'random_state': 1011}",0.32758024446407263,352.082476173231,1.1336758680381023
SpectralClustering,"{'n_clusters': 7, 'affinity': 'rbf', 'assign_labels': 'kmeans', 'random_state': 2022}",0.35008482075799274,348.6078762194049,0.8860965567563035
SpectralClustering,"{'n_clusters': 7, 'affinity': 'rbf', 'assign_labels': 'kmeans', 'random_state': 3033}",0.35008482075799274,348.6078762194049,0.8860965567563035
SpectralClustering,"{'n_clusters': 7, 'affinity': 'rbf', 'assign_labels': 'kmeans', 'random_state': 4044}",0.35008482075799274,348.6078762194049,0.8860965567563035
SpectralClustering,"{'n_clusters': 7, 'affinity': 'rbf', 'assign_labels': 'kmeans', 'random_state': 5055}",0.35008482075799274,348.6078762194049,0.8860965567563035
SpectralClustering,"{'n_clusters': 7, 'affinity': 'rbf', 'assign_labels': 'kmeans', 'random_state': 6066}",0.35008482075799274,348.6078762194049,0.8860965567563035
SpectralClustering,"{'n_clusters': 7, 'affinity': 'rbf', 'assign_labels': 'discretize', 'random_state': 42}",0.32487050402497913,643.9408654330208,0.910776147554983
SpectralClustering,"{'n_clusters': 7, 'affinity': 'rbf', 'assign_labels': 'discretize', 'random_state': 123}",0.3250422224084328,644.4568762414734,0.9105464755893534
SpectralClustering,"{'n_clusters': 7, 'affinity': 'rbf', 'assign_labels': 'discretize', 'random_state': 456}",0.3248756085977322,643.7960736613203,0.9107104789355664
SpectralClustering,"{'n_clusters': 7, 'affinity': 'rbf', 'assign_labels': 'discretize', 'random_state': 789}",0.3351745167249937,726.5304714024473,0.9941892357470307
SpectralClustering,"{'n_clusters': 7, 'affinity': 'rbf', 'assign_labels': 'discretize', 'random_state': 1011}",0.3250422224084328,644.4568762414734,0.9105464755893534
SpectralClustering,"{'n_clusters': 7, 'affinity': 'rbf', 'assign_labels': 'discretize', 'random_state': 2022}",0.3351745167249937,726.5304714024473,0.994189235747031
SpectralClustering,"{'n_clusters': 7, 'affinity': 'rbf', 'assign_labels': 'discretize', 'random_state': 3033}",0.3351745167249937,726.5304714024473,0.994189235747031
SpectralClustering,"{'n_clusters': 7, 'affinity': 'rbf', 'assign_labels': 'discretize', 'random_state': 4044}",0.32486031426728285,643.6252868792942,0.9106236535291455
SpectralClustering,"{'n_clusters': 7, 'affinity': 'rbf', 'assign_labels': 'discretize', 'random_state': 5055}",0.3250422224084328,644.4568762414734,0.9105464755893535
SpectralClustering,"{'n_clusters': 7, 'affinity': 'rbf', 'assign_labels': 'discretize', 'random_state': 6066}",0.3351745167249937,726.5304714024473,0.9941892357470307
SpectralClustering,"{'n_clusters': 7, 'affinity': 'rbf', 'assign_labels': 'cluster_qr', 'random_state': 42}",0.33652022708329843,825.5668818895194,1.126137827606909
SpectralClustering,"{'n_clusters': 7, 'affinity': 'rbf', 'assign_labels': 'cluster_qr', 'random_state': 123}",0.33652022708329843,825.5668818895194,1.126137827606909
SpectralClustering,"{'n_clusters': 7, 'affinity': 'rbf', 'assign_labels': 'cluster_qr', 'random_state': 456}",0.33652022708329843,825.5668818895194,1.126137827606909
SpectralClustering,"{'n_clusters': 7, 'affinity': 'rbf', 'assign_labels': 'cluster_qr', 'random_state': 789}",0.33652022708329843,825.5668818895194,1.126137827606909
SpectralClustering,"{'n_clusters': 7, 'affinity': 'rbf', 'assign_labels': 'cluster_qr', 'random_state': 1011}",0.33652022708329843,825.5668818895194,1.126137827606909
SpectralClustering,"{'n_clusters': 7, 'affinity': 'rbf', 'assign_labels': 'cluster_qr', 'random_state': 2022}",0.33652022708329843,825.5668818895194,1.126137827606909
SpectralClustering,"{'n_clusters': 7, 'affinity': 'rbf', 'assign_labels': 'cluster_qr', 'random_state': 3033}",0.33652022708329843,825.5668818895194,1.126137827606909
SpectralClustering,"{'n_clusters': 7, 'affinity': 'rbf', 'assign_labels': 'cluster_qr', 'random_state': 4044}",0.33652022708329843,825.5668818895194,1.126137827606909
SpectralClustering,"{'n_clusters': 7, 'affinity': 'rbf', 'assign_labels': 'cluster_qr', 'random_state': 5055}",0.33652022708329843,825.5668818895194,1.126137827606909
SpectralClustering,"{'n_clusters': 7, 'affinity': 'rbf', 'assign_labels': 'cluster_qr', 'random_state': 6066}",0.33652022708329843,825.5668818895194,1.126137827606909
SpectralClustering,"{'n_clusters': 7, 'affinity': 'nearest_neighbors', 'assign_labels': 'kmeans', 'random_state': 42, 'n_neighbors': 5}",0.20774480390918282,929.1646415871011,1.2843957686296623
SpectralClustering,"{'n_clusters': 7, 'affinity': 'nearest_neighbors', 'assign_labels': 'kmeans', 'random_state': 123, 'n_neighbors': 5}",0.20768534488051807,928.5393157313024,1.2858148877804
SpectralClustering,"{'n_clusters': 7, 'affinity': 'nearest_neighbors', 'assign_labels': 'kmeans', 'random_state': 456, 'n_neighbors': 5}",0.207400238717759,927.7285795382321,1.2823887630116526
SpectralClustering,"{'n_clusters': 7, 'affinity': 'nearest_neighbors', 'assign_labels': 'kmeans', 'random_state': 789, 'n_neighbors': 5}",0.20785770582693935,929.08196965476,1.2848364513430628
SpectralClustering,"{'n_clusters': 7, 'affinity': 'nearest_neighbors', 'assign_labels': 'kmeans', 'random_state': 1011, 'n_neighbors': 5}",0.2072076305962844,927.4972260218773,1.2822796994796637
SpectralClustering,"{'n_clusters': 7, 'affinity': 'nearest_neighbors', 'assign_labels': 'kmeans', 'random_state': 2022, 'n_neighbors': 5}",0.207400238717759,927.7285795382322,1.2823887630116526
SpectralClustering,"{'n_clusters': 7, 'affinity': 'nearest_neighbors', 'assign_labels': 'kmeans', 'random_state': 3033, 'n_neighbors': 5}",0.20686132701446214,926.1206734352107,1.2834171260504683
SpectralClustering,"{'n_clusters': 7, 'affinity': 'nearest_neighbors', 'assign_labels': 'kmeans', 'random_state': 4044, 'n_neighbors': 5}",0.207400238717759,927.7285795382322,1.2823887630116526
SpectralClustering,"{'n_clusters': 7, 'affinity': 'nearest_neighbors', 'assign_labels': 'kmeans', 'random_state': 5055, 'n_neighbors': 5}",0.207400238717759,927.7285795382322,1.2823887630116526
SpectralClustering,"{'n_clusters': 7, 'affinity': 'nearest_neighbors', 'assign_labels': 'kmeans', 'random_state': 6066, 'n_neighbors': 5}",0.207400238717759,927.7285795382322,1.2823887630116526
SpectralClustering,"{'n_clusters': 7, 'affinity': 'nearest_neighbors', 'assign_labels': 'discretize', 'random_state': 42, 'n_neighbors': 5}",0.21443934181763735,930.1254974444716,1.3224861141999418
SpectralClustering,"{'n_clusters': 7, 'affinity': 'nearest_neighbors', 'assign_labels': 'discretize', 'random_state': 123, 'n_neighbors': 5}",0.2191261024075806,952.719861876727,1.3312876793506287
SpectralClustering,"{'n_clusters': 7, 'affinity': 'nearest_neighbors', 'assign_labels': 'discretize', 'random_state': 456, 'n_neighbors': 5}",0.21925605853364,952.3896714684026,1.3309509090451677
SpectralClustering,"{'n_clusters': 7, 'affinity': 'nearest_neighbors', 'assign_labels': 'discretize', 'random_state': 789, 'n_neighbors': 5}",0.21925605853364,952.3896714684029,1.3309509090451677
SpectralClustering,"{'n_clusters': 7, 'affinity': 'nearest_neighbors', 'assign_labels': 'discretize', 'random_state': 1011, 'n_neighbors': 5}",0.21473921495073792,931.8003757657708,1.3219042899743507
SpectralClustering,"{'n_clusters': 7, 'affinity': 'nearest_neighbors', 'assign_labels': 'discretize', 'random_state': 2022, 'n_neighbors': 5}",0.21925605853364,952.3896714684029,1.3309509090451677
SpectralClustering,"{'n_clusters': 7, 'affinity': 'nearest_neighbors', 'assign_labels': 'discretize', 'random_state': 3033, 'n_neighbors': 5}",0.2191261024075806,952.7198618767267,1.3312876793506287
SpectralClustering,"{'n_clusters': 7, 'affinity': 'nearest_neighbors', 'assign_labels': 'discretize', 'random_state': 4044, 'n_neighbors': 5}",0.21925605853364,952.3896714684029,1.3309509090451677
SpectralClustering,"{'n_clusters': 7, 'affinity': 'nearest_neighbors', 'assign_labels': 'discretize', 'random_state': 5055, 'n_neighbors': 5}",0.21925605853364,952.3896714684026,1.3309509090451677
SpectralClustering,"{'n_clusters': 7, 'affinity': 'nearest_neighbors', 'assign_labels': 'discretize', 'random_state': 6066, 'n_neighbors': 5}",0.21890994095232874,951.1918361783285,1.3313110859185169
SpectralClustering,"{'n_clusters': 7, 'affinity': 'nearest_neighbors', 'assign_labels': 'cluster_qr', 'random_state': 42, 'n_neighbors': 5}",0.21192278796002287,927.5900819738441,1.3793529080971456
SpectralClustering,"{'n_clusters': 7, 'affinity': 'nearest_neighbors', 'assign_labels': 'cluster_qr', 'random_state': 123, 'n_neighbors': 5}",0.21192278796002287,927.5900819738441,1.3793529080971456
SpectralClustering,"{'n_clusters': 7, 'affinity': 'nearest_neighbors', 'assign_labels': 'cluster_qr', 'random_state': 456, 'n_neighbors': 5}",0.21192278796002287,927.5900819738441,1.3793529080971456
SpectralClustering,"{'n_clusters': 7, 'affinity': 'nearest_neighbors', 'assign_labels': 'cluster_qr', 'random_state': 789, 'n_neighbors': 5}",0.21192278796002287,927.5900819738441,1.3793529080971456
SpectralClustering,"{'n_clusters': 7, 'affinity': 'nearest_neighbors', 'assign_labels': 'cluster_qr', 'random_state': 1011, 'n_neighbors': 5}",0.21192278796002287,927.5900819738441,1.3793529080971456
SpectralClustering,"{'n_clusters': 7, 'affinity': 'nearest_neighbors', 'assign_labels': 'cluster_qr', 'random_state': 2022, 'n_neighbors': 5}",0.21192278796002287,927.5900819738441,1.3793529080971456
SpectralClustering,"{'n_clusters': 7, 'affinity': 'nearest_neighbors', 'assign_labels': 'cluster_qr', 'random_state': 3033, 'n_neighbors': 5}",0.21192278796002287,927.5900819738441,1.3793529080971456
SpectralClustering,"{'n_clusters': 7, 'affinity': 'nearest_neighbors', 'assign_labels': 'cluster_qr', 'random_state': 4044, 'n_neighbors': 5}",0.21192278796002287,927.5900819738441,1.3793529080971456
SpectralClustering,"{'n_clusters': 7, 'affinity': 'nearest_neighbors', 'assign_labels': 'cluster_qr', 'random_state': 5055, 'n_neighbors': 5}",0.21192278796002287,927.5900819738441,1.3793529080971456
SpectralClustering,"{'n_clusters': 7, 'affinity': 'nearest_neighbors', 'assign_labels': 'cluster_qr', 'random_state': 6066, 'n_neighbors': 5}",0.21192278796002287,927.5900819738441,1.3793529080971456
SpectralClustering,"{'n_clusters': 7, 'affinity': 'nearest_neighbors', 'assign_labels': 'kmeans', 'random_state': 42, 'n_neighbors': 10}",0.20386081677265064,952.7878247731061,1.3000522322100794
SpectralClustering,"{'n_clusters': 7, 'affinity': 'nearest_neighbors', 'assign_labels': 'kmeans', 'random_state': 123, 'n_neighbors': 10}",0.2059310993075745,952.3720623609064,1.3046983442200233
SpectralClustering,"{'n_clusters': 7, 'affinity': 'nearest_neighbors', 'assign_labels': 'kmeans', 'random_state': 456, 'n_neighbors': 10}",0.2067662263107434,957.999338391821,1.2917642472572706
SpectralClustering,"{'n_clusters': 7, 'affinity': 'nearest_neighbors', 'assign_labels': 'kmeans', 'random_state': 789, 'n_neighbors': 10}",0.20642323094415835,957.2964929638315,1.2940464296186203
SpectralClustering,"{'n_clusters': 7, 'affinity': 'nearest_neighbors', 'assign_labels': 'kmeans', 'random_state': 1011, 'n_neighbors': 10}",0.20386081677265064,952.7878247731059,1.3000522322100794
SpectralClustering,"{'n_clusters': 7, 'affinity': 'nearest_neighbors', 'assign_labels': 'kmeans', 'random_state': 2022, 'n_neighbors': 10}",0.20571347074261617,955.2962403254,1.2968259807550857
SpectralClustering,"{'n_clusters': 7, 'affinity': 'nearest_neighbors', 'assign_labels': 'kmeans', 'random_state': 3033, 'n_neighbors': 10}",0.20408069377951493,953.1857670382833,1.2973563080554855
SpectralClustering,"{'n_clusters': 7, 'affinity': 'nearest_neighbors', 'assign_labels': 'kmeans', 'random_state': 4044, 'n_neighbors': 10}",0.20386081677265064,952.7878247731059,1.3000522322100794
SpectralClustering,"{'n_clusters': 7, 'affinity': 'nearest_neighbors', 'assign_labels': 'kmeans', 'random_state': 5055, 'n_neighbors': 10}",0.2067662263107434,957.999338391821,1.2917642472572706
SpectralClustering,"{'n_clusters': 7, 'affinity': 'nearest_neighbors', 'assign_labels': 'kmeans', 'random_state': 6066, 'n_neighbors': 10}",0.2067662263107434,957.999338391821,1.2917642472572706
SpectralClustering,"{'n_clusters': 7, 'affinity': 'nearest_neighbors', 'assign_labels': 'discretize', 'random_state': 42, 'n_neighbors': 10}",0.20910264226000874,930.5321175486827,1.3730574859798423
SpectralClustering,"{'n_clusters': 7, 'affinity': 'nearest_neighbors', 'assign_labels': 'discretize', 'random_state': 123, 'n_neighbors': 10}",0.20850321306013783,981.3234399336679,1.279097675625048
SpectralClustering,"{'n_clusters': 7, 'affinity': 'nearest_neighbors', 'assign_labels': 'discretize', 'random_state': 456, 'n_neighbors': 10}",0.20850321306013783,981.3234399336679,1.279097675625048
SpectralClustering,"{'n_clusters': 7, 'affinity': 'nearest_neighbors', 'assign_labels': 'discretize', 'random_state': 789, 'n_neighbors': 10}",0.2098847931565294,985.917019648354,1.2711308596898918
SpectralClustering,"{'n_clusters': 7, 'affinity': 'nearest_neighbors', 'assign_labels': 'discretize', 'random_state': 1011, 'n_neighbors': 10}",0.20789323209178462,982.873385738549,1.2728012789634664
SpectralClustering,"{'n_clusters': 7, 'affinity': 'nearest_neighbors', 'assign_labels': 'discretize', 'random_state': 2022, 'n_neighbors': 10}",0.20850321306013783,981.3234399336682,1.2790976756250478
SpectralClustering,"{'n_clusters': 7, 'affinity': 'nearest_neighbors', 'assign_labels': 'discretize', 'random_state': 3033, 'n_neighbors': 10}",0.20052400617808833,889.3875374434466,1.485646023961279
SpectralClustering,"{'n_clusters': 7, 'affinity': 'nearest_neighbors', 'assign_labels': 'discretize', 'random_state': 4044, 'n_neighbors': 10}",0.2097345718558492,985.7738324902023,1.2717522522372762
SpectralClustering,"{'n_clusters': 7, 'affinity': 'nearest_neighbors', 'assign_labels': 'discretize', 'random_state': 5055, 'n_neighbors': 10}",0.2054065861468065,939.2290073510596,1.358073857225788
SpectralClustering,"{'n_clusters': 7, 'affinity': 'nearest_neighbors', 'assign_labels': 'discretize', 'random_state': 6066, 'n_neighbors': 10}",0.20949579855601233,985.8153416964321,1.272513870369918
SpectralClustering,"{'n_clusters': 7, 'affinity': 'nearest_neighbors', 'assign_labels': 'cluster_qr', 'random_state': 42, 'n_neighbors': 10}",0.20523193588902083,920.73954347411,1.4868697309156966
SpectralClustering,"{'n_clusters': 7, 'affinity': 'nearest_neighbors', 'assign_labels': 'cluster_qr', 'random_state': 123, 'n_neighbors': 10}",0.20523193588902083,920.73954347411,1.4868697309156966
SpectralClustering,"{'n_clusters': 7, 'affinity': 'nearest_neighbors', 'assign_labels': 'cluster_qr', 'random_state': 456, 'n_neighbors': 10}",0.20523193588902083,920.73954347411,1.4868697309156966
SpectralClustering,"{'n_clusters': 7, 'affinity': 'nearest_neighbors', 'assign_labels': 'cluster_qr', 'random_state': 789, 'n_neighbors': 10}",0.20523193588902083,920.73954347411,1.4868697309156966
SpectralClustering,"{'n_clusters': 7, 'affinity': 'nearest_neighbors', 'assign_labels': 'cluster_qr', 'random_state': 1011, 'n_neighbors': 10}",0.20523193588902083,920.73954347411,1.4868697309156966
SpectralClustering,"{'n_clusters': 7, 'affinity': 'nearest_neighbors', 'assign_labels': 'cluster_qr', 'random_state': 2022, 'n_neighbors': 10}",0.20523193588902083,920.73954347411,1.4868697309156966
SpectralClustering,"{'n_clusters': 7, 'affinity': 'nearest_neighbors', 'assign_labels': 'cluster_qr', 'random_state': 3033, 'n_neighbors': 10}",0.20523193588902083,920.73954347411,1.4868697309156966
SpectralClustering,"{'n_clusters': 7, 'affinity': 'nearest_neighbors', 'assign_labels': 'cluster_qr', 'random_state': 4044, 'n_neighbors': 10}",0.20523193588902083,920.73954347411,1.4868697309156966
SpectralClustering,"{'n_clusters': 7, 'affinity': 'nearest_neighbors', 'assign_labels': 'cluster_qr', 'random_state': 5055, 'n_neighbors': 10}",0.20523193588902083,920.73954347411,1.4868697309156966
SpectralClustering,"{'n_clusters': 7, 'affinity': 'nearest_neighbors', 'assign_labels': 'cluster_qr', 'random_state': 6066, 'n_neighbors': 10}",0.20523193588902083,920.73954347411,1.4868697309156966
SpectralClustering,"{'n_clusters': 7, 'affinity': 'nearest_neighbors', 'assign_labels': 'kmeans', 'random_state': 42, 'n_neighbors': 15}",0.20184363739357244,978.8888066029094,1.2881146653492388
SpectralClustering,"{'n_clusters': 7, 'affinity': 'nearest_neighbors', 'assign_labels': 'kmeans', 'random_state': 123, 'n_neighbors': 15}",0.20184363739357244,978.8888066029094,1.2881146653492388
SpectralClustering,"{'n_clusters': 7, 'affinity': 'nearest_neighbors', 'assign_labels': 'kmeans', 'random_state': 456, 'n_neighbors': 15}",0.20184363739357244,978.8888066029094,1.2881146653492388
SpectralClustering,"{'n_clusters': 7, 'affinity': 'nearest_neighbors', 'assign_labels': 'kmeans', 'random_state': 789, 'n_neighbors': 15}",0.20184363739357244,978.8888066029094,1.2881146653492388
SpectralClustering,"{'n_clusters': 7, 'affinity': 'nearest_neighbors', 'assign_labels': 'kmeans', 'random_state': 1011, 'n_neighbors': 15}",0.20172003238365127,978.4899160335823,1.2886671343967289
SpectralClustering,"{'n_clusters': 7, 'affinity': 'nearest_neighbors', 'assign_labels': 'kmeans', 'random_state': 2022, 'n_neighbors': 15}",0.20184363739357244,978.8888066029094,1.2881146653492388
SpectralClustering,"{'n_clusters': 7, 'affinity': 'nearest_neighbors', 'assign_labels': 'kmeans', 'random_state': 3033, 'n_neighbors': 15}",0.20184363739357244,978.8888066029094,1.2881146653492388
SpectralClustering,"{'n_clusters': 7, 'affinity': 'nearest_neighbors', 'assign_labels': 'kmeans', 'random_state': 4044, 'n_neighbors': 15}",0.20184363739357244,978.8888066029094,1.2881146653492388
SpectralClustering,"{'n_clusters': 7, 'affinity': 'nearest_neighbors', 'assign_labels': 'kmeans', 'random_state': 5055, 'n_neighbors': 15}",0.20184363739357244,978.8888066029094,1.2881146653492388
SpectralClustering,"{'n_clusters': 7, 'affinity': 'nearest_neighbors', 'assign_labels': 'kmeans', 'random_state': 6066, 'n_neighbors': 15}",0.20184363739357244,978.8888066029094,1.2881146653492388
SpectralClustering,"{'n_clusters': 7, 'affinity': 'nearest_neighbors', 'assign_labels': 'discretize', 'random_state': 42, 'n_neighbors': 15}",0.20985303698945315,992.1391924243422,1.2710467354564676
SpectralClustering,"{'n_clusters': 7, 'affinity': 'nearest_neighbors', 'assign_labels': 'discretize', 'random_state': 123, 'n_neighbors': 15}",0.20983511023854537,989.3447112640791,1.2773079128231504
SpectralClustering,"{'n_clusters': 7, 'affinity': 'nearest_neighbors', 'assign_labels': 'discretize', 'random_state': 456, 'n_neighbors': 15}",0.2113045199241521,992.7687290773785,1.2702631053993192
SpectralClustering,"{'n_clusters': 7, 'affinity': 'nearest_neighbors', 'assign_labels': 'discretize', 'random_state': 789, 'n_neighbors': 15}",0.21059686955714593,993.7384990047535,1.272554247001915
SpectralClustering,"{'n_clusters': 7, 'affinity': 'nearest_neighbors', 'assign_labels': 'discretize', 'random_state': 1011, 'n_neighbors': 15}",0.21040865103566617,993.6222390551179,1.2685404731905006
SpectralClustering,"{'n_clusters': 7, 'affinity': 'nearest_neighbors', 'assign_labels': 'discretize', 'random_state': 2022, 'n_neighbors': 15}",0.20983511023854537,989.3447112640791,1.2773079128231504
SpectralClustering,"{'n_clusters': 7, 'affinity': 'nearest_neighbors', 'assign_labels': 'discretize', 'random_state': 3033, 'n_neighbors': 15}",0.21040865103566617,993.6222390551179,1.2685404731905006
SpectralClustering,"{'n_clusters': 7, 'affinity': 'nearest_neighbors', 'assign_labels': 'discretize', 'random_state': 4044, 'n_neighbors': 15}",0.21040341555708925,993.5931198406818,1.269001985675945
SpectralClustering,"{'n_clusters': 7, 'affinity': 'nearest_neighbors', 'assign_labels': 'discretize', 'random_state': 5055, 'n_neighbors': 15}",0.20985303698945315,992.1391924243422,1.2710467354564676
SpectralClustering,"{'n_clusters': 7, 'affinity': 'nearest_neighbors', 'assign_labels': 'discretize', 'random_state': 6066, 'n_neighbors': 15}",0.21059686955714593,993.7384990047535,1.272554247001915
SpectralClustering,"{'n_clusters': 7, 'affinity': 'nearest_neighbors', 'assign_labels': 'cluster_qr', 'random_state': 42, 'n_neighbors': 15}",0.21044663536465655,972.8278553689632,1.2731379378195626
SpectralClustering,"{'n_clusters': 7, 'affinity': 'nearest_neighbors', 'assign_labels': 'cluster_qr', 'random_state': 123, 'n_neighbors': 15}",0.21044663536465655,972.8278553689632,1.2731379378195626
SpectralClustering,"{'n_clusters': 7, 'affinity': 'nearest_neighbors', 'assign_labels': 'cluster_qr', 'random_state': 456, 'n_neighbors': 15}",0.21044663536465655,972.8278553689632,1.2731379378195626
SpectralClustering,"{'n_clusters': 7, 'affinity': 'nearest_neighbors', 'assign_labels': 'cluster_qr', 'random_state': 789, 'n_neighbors': 15}",0.21044663536465655,972.8278553689632,1.2731379378195626
SpectralClustering,"{'n_clusters': 7, 'affinity': 'nearest_neighbors', 'assign_labels': 'cluster_qr', 'random_state': 1011, 'n_neighbors': 15}",0.21044663536465655,972.8278553689632,1.2731379378195626
SpectralClustering,"{'n_clusters': 7, 'affinity': 'nearest_neighbors', 'assign_labels': 'cluster_qr', 'random_state': 2022, 'n_neighbors': 15}",0.21044663536465655,972.8278553689632,1.2731379378195626
SpectralClustering,"{'n_clusters': 7, 'affinity': 'nearest_neighbors', 'assign_labels': 'cluster_qr', 'random_state': 3033, 'n_neighbors': 15}",0.21044663536465655,972.8278553689632,1.2731379378195626
SpectralClustering,"{'n_clusters': 7, 'affinity': 'nearest_neighbors', 'assign_labels': 'cluster_qr', 'random_state': 4044, 'n_neighbors': 15}",0.21044663536465655,972.8278553689632,1.2731379378195626
SpectralClustering,"{'n_clusters': 7, 'affinity': 'nearest_neighbors', 'assign_labels': 'cluster_qr', 'random_state': 5055, 'n_neighbors': 15}",0.21044663536465655,972.8278553689632,1.2731379378195626
SpectralClustering,"{'n_clusters': 7, 'affinity': 'nearest_neighbors', 'assign_labels': 'cluster_qr', 'random_state': 6066, 'n_neighbors': 15}",0.21044663536465655,972.8278553689632,1.2731379378195626
SpectralClustering,"{'n_clusters': 7, 'affinity': 'nearest_neighbors', 'assign_labels': 'kmeans', 'random_state': 42, 'n_neighbors': 20}",0.2020054003009714,977.6823761159983,1.281742395951579
SpectralClustering,"{'n_clusters': 7, 'affinity': 'nearest_neighbors', 'assign_labels': 'kmeans', 'random_state': 123, 'n_neighbors': 20}",0.2020475027419807,977.7871546209221,1.2832594987383954
SpectralClustering,"{'n_clusters': 7, 'affinity': 'nearest_neighbors', 'assign_labels': 'kmeans', 'random_state': 456, 'n_neighbors': 20}",0.20205813293597882,977.5088684300314,1.2818417379415699
SpectralClustering,"{'n_clusters': 7, 'affinity': 'nearest_neighbors', 'assign_labels': 'kmeans', 'random_state': 789, 'n_neighbors': 20}",0.2020475027419807,977.7871546209221,1.2832594987383954
SpectralClustering,"{'n_clusters': 7, 'affinity': 'nearest_neighbors', 'assign_labels': 'kmeans', 'random_state': 1011, 'n_neighbors': 20}",0.20205813293597882,977.5088684300313,1.2818417379415703
SpectralClustering,"{'n_clusters': 7, 'affinity': 'nearest_neighbors', 'assign_labels': 'kmeans', 'random_state': 2022, 'n_neighbors': 20}",0.2020054003009714,977.6823761159983,1.2817423959515792
SpectralClustering,"{'n_clusters': 7, 'affinity': 'nearest_neighbors', 'assign_labels': 'kmeans', 'random_state': 3033, 'n_neighbors': 20}",0.20205813293597882,977.5088684300314,1.2818417379415699
SpectralClustering,"{'n_clusters': 7, 'affinity': 'nearest_neighbors', 'assign_labels': 'kmeans', 'random_state': 4044, 'n_neighbors': 20}",0.2020475027419807,977.7871546209221,1.2832594987383954
SpectralClustering,"{'n_clusters': 7, 'affinity': 'nearest_neighbors', 'assign_labels': 'kmeans', 'random_state': 5055, 'n_neighbors': 20}",0.20205813293597882,977.5088684300314,1.2818417379415703
SpectralClustering,"{'n_clusters': 7, 'affinity': 'nearest_neighbors', 'assign_labels': 'kmeans', 'random_state': 6066, 'n_neighbors': 20}",0.2020054003009714,977.6823761159983,1.281742395951579
SpectralClustering,"{'n_clusters': 7, 'affinity': 'nearest_neighbors', 'assign_labels': 'discretize', 'random_state': 42, 'n_neighbors': 20}",0.20989510490182764,986.3948200835817,1.2696740078463813
SpectralClustering,"{'n_clusters': 7, 'affinity': 'nearest_neighbors', 'assign_labels': 'discretize', 'random_state': 123, 'n_neighbors': 20}",0.2097906710839397,986.8349407596555,1.2700676020104444
SpectralClustering,"{'n_clusters': 7, 'affinity': 'nearest_neighbors', 'assign_labels': 'discretize', 'random_state': 456, 'n_neighbors': 20}",0.2066855963646361,985.8631238422414,1.2884373789825745
SpectralClustering,"{'n_clusters': 7, 'affinity': 'nearest_neighbors', 'assign_labels': 'discretize', 'random_state': 789, 'n_neighbors': 20}",0.20988125475644998,987.354788737551,1.269586771742395
SpectralClustering,"{'n_clusters': 7, 'affinity': 'nearest_neighbors', 'assign_labels': 'discretize', 'random_state': 1011, 'n_neighbors': 20}",0.20989510490182764,986.3948200835817,1.2696740078463815
SpectralClustering,"{'n_clusters': 7, 'affinity': 'nearest_neighbors', 'assign_labels': 'discretize', 'random_state': 2022, 'n_neighbors': 20}",0.20955176578393375,986.9927793796508,1.2699714061412615
SpectralClustering,"{'n_clusters': 7, 'affinity': 'nearest_neighbors', 'assign_labels': 'discretize', 'random_state': 3033, 'n_neighbors': 20}",0.2099852395238188,986.9143506484515,1.2691931775783318
SpectralClustering,"{'n_clusters': 7, 'affinity': 'nearest_neighbors', 'assign_labels': 'discretize', 'random_state': 4044, 'n_neighbors': 20}",0.20988125475644998,987.3547887375512,1.269586771742395
SpectralClustering,"{'n_clusters': 7, 'affinity': 'nearest_neighbors', 'assign_labels': 'discretize', 'random_state': 5055, 'n_neighbors': 20}",0.20948790713335727,987.0841649767164,1.2696551524499622
SpectralClustering,"{'n_clusters': 7, 'affinity': 'nearest_neighbors', 'assign_labels': 'discretize', 'random_state': 6066, 'n_neighbors': 20}",0.20983834423881972,987.24268261103,1.2696522701412623
SpectralClustering,"{'n_clusters': 7, 'affinity': 'nearest_neighbors', 'assign_labels': 'cluster_qr', 'random_state': 42, 'n_neighbors': 20}",0.20756252101122,993.1647931584937,1.2600574682956593
SpectralClustering,"{'n_clusters': 7, 'affinity': 'nearest_neighbors', 'assign_labels': 'cluster_qr', 'random_state': 123, 'n_neighbors': 20}",0.20756252101122,993.1647931584937,1.2600574682956593
SpectralClustering,"{'n_clusters': 7, 'affinity': 'nearest_neighbors', 'assign_labels': 'cluster_qr', 'random_state': 456, 'n_neighbors': 20}",0.20756252101122,993.1647931584937,1.2600574682956593
SpectralClustering,"{'n_clusters': 7, 'affinity': 'nearest_neighbors', 'assign_labels': 'cluster_qr', 'random_state': 789, 'n_neighbors': 20}",0.20756252101122,993.1647931584937,1.2600574682956593
SpectralClustering,"{'n_clusters': 7, 'affinity': 'nearest_neighbors', 'assign_labels': 'cluster_qr', 'random_state': 1011, 'n_neighbors': 20}",0.20756252101122,993.1647931584937,1.2600574682956593
SpectralClustering,"{'n_clusters': 7, 'affinity': 'nearest_neighbors', 'assign_labels': 'cluster_qr', 'random_state': 2022, 'n_neighbors': 20}",0.20756252101122,993.1647931584937,1.2600574682956593
SpectralClustering,"{'n_clusters': 7, 'affinity': 'nearest_neighbors', 'assign_labels': 'cluster_qr', 'random_state': 3033, 'n_neighbors': 20}",0.20756252101122,993.1647931584937,1.2600574682956593
SpectralClustering,"{'n_clusters': 7, 'affinity': 'nearest_neighbors', 'assign_labels': 'cluster_qr', 'random_state': 4044, 'n_neighbors': 20}",0.20756252101122,993.1647931584937,1.2600574682956593
SpectralClustering,"{'n_clusters': 7, 'affinity': 'nearest_neighbors', 'assign_labels': 'cluster_qr', 'random_state': 5055, 'n_neighbors': 20}",0.20756252101122,993.1647931584937,1.2600574682956593
SpectralClustering,"{'n_clusters': 7, 'affinity': 'nearest_neighbors', 'assign_labels': 'cluster_qr', 'random_state': 6066, 'n_neighbors': 20}",0.20756252101122,993.1647931584937,1.2600574682956593
SpectralClustering,"{'n_clusters': 7, 'affinity': 'nearest_neighbors', 'assign_labels': 'kmeans', 'random_state': 42, 'n_neighbors': 50}",0.20868220817336897,988.5852802550683,1.2784175823971593
SpectralClustering,"{'n_clusters': 7, 'affinity': 'nearest_neighbors', 'assign_labels': 'kmeans', 'random_state': 123, 'n_neighbors': 50}",0.20952731926205037,989.3341536832555,1.2770055920298795
SpectralClustering,"{'n_clusters': 7, 'affinity': 'nearest_neighbors', 'assign_labels': 'kmeans', 'random_state': 456, 'n_neighbors': 50}",0.2089733478501763,988.8776863166894,1.2773973054694168
SpectralClustering,"{'n_clusters': 7, 'affinity': 'nearest_neighbors', 'assign_labels': 'kmeans', 'random_state': 789, 'n_neighbors': 50}",0.20952731926205037,989.3341536832557,1.2770055920298795
SpectralClustering,"{'n_clusters': 7, 'affinity': 'nearest_neighbors', 'assign_labels': 'kmeans', 'random_state': 1011, 'n_neighbors': 50}",0.20952731926205037,989.3341536832557,1.2770055920298795
SpectralClustering,"{'n_clusters': 7, 'affinity': 'nearest_neighbors', 'assign_labels': 'kmeans', 'random_state': 2022, 'n_neighbors': 50}",0.2089733478501763,988.8776863166894,1.2773973054694163
SpectralClustering,"{'n_clusters': 7, 'affinity': 'nearest_neighbors', 'assign_labels': 'kmeans', 'random_state': 3033, 'n_neighbors': 50}",0.2090002761076147,989.0371823733401,1.27781746220503
SpectralClustering,"{'n_clusters': 7, 'affinity': 'nearest_neighbors', 'assign_labels': 'kmeans', 'random_state': 4044, 'n_neighbors': 50}",0.2087620289685765,988.7600334146063,1.278520527815726
SpectralClustering,"{'n_clusters': 7, 'affinity': 'nearest_neighbors', 'assign_labels': 'kmeans', 'random_state': 5055, 'n_neighbors': 50}",0.2089733478501763,988.8776863166894,1.2773973054694168
SpectralClustering,"{'n_clusters': 7, 'affinity': 'nearest_neighbors', 'assign_labels': 'kmeans', 'random_state': 6066, 'n_neighbors': 50}",0.2089180404684409,988.8558976550723,1.2777136114790077
SpectralClustering,"{'n_clusters': 7, 'affinity': 'nearest_neighbors', 'assign_labels': 'discretize', 'random_state': 42, 'n_neighbors': 50}",0.21274429674500733,993.2576363590457,1.2713142785466005
SpectralClustering,"{'n_clusters': 7, 'affinity': 'nearest_neighbors', 'assign_labels': 'discretize', 'random_state': 123, 'n_neighbors': 50}",0.21274429674500733,993.2576363590459,1.2713142785466005
SpectralClustering,"{'n_clusters': 7, 'affinity': 'nearest_neighbors', 'assign_labels': 'discretize', 'random_state': 456, 'n_neighbors': 50}",0.21247292855147973,993.1990213053845,1.271303184162999
SpectralClustering,"{'n_clusters': 7, 'affinity': 'nearest_neighbors', 'assign_labels': 'discretize', 'random_state': 789, 'n_neighbors': 50}",0.2123312145370337,992.9129161227124,1.27135221341173
SpectralClustering,"{'n_clusters': 7, 'affinity': 'nearest_neighbors', 'assign_labels': 'discretize', 'random_state': 1011, 'n_neighbors': 50}",0.21271748761664805,993.2024687253816,1.2715997518467776
SpectralClustering,"{'n_clusters': 7, 'affinity': 'nearest_neighbors', 'assign_labels': 'discretize', 'random_state': 2022, 'n_neighbors': 50}",0.21242260097503554,992.9888231914018,1.2712563826467844
SpectralClustering,"{'n_clusters': 7, 'affinity': 'nearest_neighbors', 'assign_labels': 'discretize', 'random_state': 3033, 'n_neighbors': 50}",0.21239502466823437,992.9322727868903,1.271544346936976
SpectralClustering,"{'n_clusters': 7, 'affinity': 'nearest_neighbors', 'assign_labels': 'discretize', 'random_state': 4044, 'n_neighbors': 50}",0.21267986141605288,992.9553451859792,1.2696192615481439
SpectralClustering,"{'n_clusters': 7, 'affinity': 'nearest_neighbors', 'assign_labels': 'discretize', 'random_state': 5055, 'n_neighbors': 50}",0.21239502466823437,992.9322727868905,1.271544346936976
SpectralClustering,"{'n_clusters': 7, 'affinity': 'nearest_neighbors', 'assign_labels': 'discretize', 'random_state': 6066, 'n_neighbors': 50}",0.21239502466823437,992.9322727868905,1.2715443469369758
SpectralClustering,"{'n_clusters': 7, 'affinity': 'nearest_neighbors', 'assign_labels': 'cluster_qr', 'random_state': 42, 'n_neighbors': 50}",0.2085397404463258,997.1789932242629,1.2607291441538604
SpectralClustering,"{'n_clusters': 7, 'affinity': 'nearest_neighbors', 'assign_labels': 'cluster_qr', 'random_state': 123, 'n_neighbors': 50}",0.2085397404463258,997.1789932242629,1.2607291441538604
SpectralClustering,"{'n_clusters': 7, 'affinity': 'nearest_neighbors', 'assign_labels': 'cluster_qr', 'random_state': 456, 'n_neighbors': 50}",0.2085397404463258,997.1789932242629,1.2607291441538604
SpectralClustering,"{'n_clusters': 7, 'affinity': 'nearest_neighbors', 'assign_labels': 'cluster_qr', 'random_state': 789, 'n_neighbors': 50}",0.2085397404463258,997.1789932242629,1.2607291441538604
SpectralClustering,"{'n_clusters': 7, 'affinity': 'nearest_neighbors', 'assign_labels': 'cluster_qr', 'random_state': 1011, 'n_neighbors': 50}",0.2085397404463258,997.1789932242629,1.2607291441538604
SpectralClustering,"{'n_clusters': 7, 'affinity': 'nearest_neighbors', 'assign_labels': 'cluster_qr', 'random_state': 2022, 'n_neighbors': 50}",0.2085397404463258,997.1789932242629,1.2607291441538604
SpectralClustering,"{'n_clusters': 7, 'affinity': 'nearest_neighbors', 'assign_labels': 'cluster_qr', 'random_state': 3033, 'n_neighbors': 50}",0.2085397404463258,997.1789932242629,1.2607291441538604
SpectralClustering,"{'n_clusters': 7, 'affinity': 'nearest_neighbors', 'assign_labels': 'cluster_qr', 'random_state': 4044, 'n_neighbors': 50}",0.2085397404463258,997.1789932242629,1.2607291441538604
SpectralClustering,"{'n_clusters': 7, 'affinity': 'nearest_neighbors', 'assign_labels': 'cluster_qr', 'random_state': 5055, 'n_neighbors': 50}",0.2085397404463258,997.1789932242629,1.2607291441538604
SpectralClustering,"{'n_clusters': 7, 'affinity': 'nearest_neighbors', 'assign_labels': 'cluster_qr', 'random_state': 6066, 'n_neighbors': 50}",0.2085397404463258,997.1789932242629,1.2607291441538604
SpectralClustering,"{'n_clusters': 7, 'affinity': 'nearest_neighbors', 'assign_labels': 'kmeans', 'random_state': 42, 'n_neighbors': 100}",0.20898825879647107,987.8848894717652,1.2675896580459536
SpectralClustering,"{'n_clusters': 7, 'affinity': 'nearest_neighbors', 'assign_labels': 'kmeans', 'random_state': 123, 'n_neighbors': 100}",0.20802156819967393,987.1011601234474,1.2693547923965418
SpectralClustering,"{'n_clusters': 7, 'affinity': 'nearest_neighbors', 'assign_labels': 'kmeans', 'random_state': 456, 'n_neighbors': 100}",0.20898825879647107,987.8848894717652,1.2675896580459534
SpectralClustering,"{'n_clusters': 7, 'affinity': 'nearest_neighbors', 'assign_labels': 'kmeans', 'random_state': 789, 'n_neighbors': 100}",0.20901848520338168,987.7502392998177,1.2673643681152245
SpectralClustering,"{'n_clusters': 7, 'affinity': 'nearest_neighbors', 'assign_labels': 'kmeans', 'random_state': 1011, 'n_neighbors': 100}",0.2090414889872221,988.2372161086632,1.2673553940656108
SpectralClustering,"{'n_clusters': 7, 'affinity': 'nearest_neighbors', 'assign_labels': 'kmeans', 'random_state': 2022, 'n_neighbors': 100}",0.2090414889872221,988.2372161086632,1.2673553940656108
SpectralClustering,"{'n_clusters': 7, 'affinity': 'nearest_neighbors', 'assign_labels': 'kmeans', 'random_state': 3033, 'n_neighbors': 100}",0.20889346124917257,987.8741307089314,1.266876163378588
SpectralClustering,"{'n_clusters': 7, 'affinity': 'nearest_neighbors', 'assign_labels': 'kmeans', 'random_state': 4044, 'n_neighbors': 100}",0.2090414889872221,988.2372161086632,1.2673553940656108
SpectralClustering,"{'n_clusters': 7, 'affinity': 'nearest_neighbors', 'assign_labels': 'kmeans', 'random_state': 5055, 'n_neighbors': 100}",0.20898825879647107,987.8848894717652,1.2675896580459534
SpectralClustering,"{'n_clusters': 7, 'affinity': 'nearest_neighbors', 'assign_labels': 'kmeans', 'random_state': 6066, 'n_neighbors': 100}",0.20827895422059603,987.7588492101535,1.2687407464877443
SpectralClustering,"{'n_clusters': 7, 'affinity': 'nearest_neighbors', 'assign_labels': 'discretize', 'random_state': 42, 'n_neighbors': 100}",0.21238639106794072,992.891058230348,1.2645842643614003
SpectralClustering,"{'n_clusters': 7, 'affinity': 'nearest_neighbors', 'assign_labels': 'discretize', 'random_state': 123, 'n_neighbors': 100}",0.21245329035807867,992.5372183289757,1.265072464517443
SpectralClustering,"{'n_clusters': 7, 'affinity': 'nearest_neighbors', 'assign_labels': 'discretize', 'random_state': 456, 'n_neighbors': 100}",0.21265810281770403,992.6641569056169,1.2634631404698964
SpectralClustering,"{'n_clusters': 7, 'affinity': 'nearest_neighbors', 'assign_labels': 'discretize', 'random_state': 789, 'n_neighbors': 100}",0.21255018937096803,993.2383046615962,1.264460522425672
SpectralClustering,"{'n_clusters': 7, 'affinity': 'nearest_neighbors', 'assign_labels': 'discretize', 'random_state': 1011, 'n_neighbors': 100}",0.21248745438213096,992.5719996652499,1.2647721005599144
SpectralClustering,"{'n_clusters': 7, 'affinity': 'nearest_neighbors', 'assign_labels': 'discretize', 'random_state': 2022, 'n_neighbors': 100}",0.21254325738555443,993.1649824045113,1.264352146162364
SpectralClustering,"{'n_clusters': 7, 'affinity': 'nearest_neighbors', 'assign_labels': 'discretize', 'random_state': 3033, 'n_neighbors': 100}",0.21245329035807867,992.5372183289759,1.265072464517443
SpectralClustering,"{'n_clusters': 7, 'affinity': 'nearest_neighbors', 'assign_labels': 'discretize', 'random_state': 4044, 'n_neighbors': 100}",0.21252259871369225,992.2131506044578,1.2658529550512516
SpectralClustering,"{'n_clusters': 7, 'affinity': 'nearest_neighbors', 'assign_labels': 'discretize', 'random_state': 5055, 'n_neighbors': 100}",0.21271572518396153,992.9499163307692,1.2646822861706304
SpectralClustering,"{'n_clusters': 7, 'affinity': 'nearest_neighbors', 'assign_labels': 'discretize', 'random_state': 6066, 'n_neighbors': 100}",0.21275973911276425,992.7476292256573,1.2638723711346869
SpectralClustering,"{'n_clusters': 7, 'affinity': 'nearest_neighbors', 'assign_labels': 'cluster_qr', 'random_state': 42, 'n_neighbors': 100}",0.20769387428990121,993.3060683096437,1.2733182478839211
SpectralClustering,"{'n_clusters': 7, 'affinity': 'nearest_neighbors', 'assign_labels': 'cluster_qr', 'random_state': 123, 'n_neighbors': 100}",0.20769387428990121,993.3060683096437,1.2733182478839211
SpectralClustering,"{'n_clusters': 7, 'affinity': 'nearest_neighbors', 'assign_labels': 'cluster_qr', 'random_state': 456, 'n_neighbors': 100}",0.20769387428990121,993.3060683096437,1.2733182478839211
SpectralClustering,"{'n_clusters': 7, 'affinity': 'nearest_neighbors', 'assign_labels': 'cluster_qr', 'random_state': 789, 'n_neighbors': 100}",0.20769387428990121,993.3060683096437,1.2733182478839211
SpectralClustering,"{'n_clusters': 7, 'affinity': 'nearest_neighbors', 'assign_labels': 'cluster_qr', 'random_state': 1011, 'n_neighbors': 100}",0.20769387428990121,993.3060683096437,1.2733182478839211
SpectralClustering,"{'n_clusters': 7, 'affinity': 'nearest_neighbors', 'assign_labels': 'cluster_qr', 'random_state': 2022, 'n_neighbors': 100}",0.20769387428990121,993.3060683096437,1.2733182478839211
SpectralClustering,"{'n_clusters': 7, 'affinity': 'nearest_neighbors', 'assign_labels': 'cluster_qr', 'random_state': 3033, 'n_neighbors': 100}",0.20769387428990121,993.3060683096437,1.2733182478839211
SpectralClustering,"{'n_clusters': 7, 'affinity': 'nearest_neighbors', 'assign_labels': 'cluster_qr', 'random_state': 4044, 'n_neighbors': 100}",0.20769387428990121,993.3060683096437,1.2733182478839211
SpectralClustering,"{'n_clusters': 7, 'affinity': 'nearest_neighbors', 'assign_labels': 'cluster_qr', 'random_state': 5055, 'n_neighbors': 100}",0.20769387428990121,993.3060683096437,1.2733182478839211
SpectralClustering,"{'n_clusters': 7, 'affinity': 'nearest_neighbors', 'assign_labels': 'cluster_qr', 'random_state': 6066, 'n_neighbors': 100}",0.20769387428990121,993.3060683096437,1.2733182478839211
SpectralClustering,"{'n_clusters': 7, 'affinity': 'polynomial', 'assign_labels': 'kmeans', 'random_state': 42}",-0.030480762055623004,187.05498508406401,1.8354918037403942
SpectralClustering,"{'n_clusters': 7, 'affinity': 'polynomial', 'assign_labels': 'kmeans', 'random_state': 123}",-0.03160405328983931,186.04539357819036,1.8280349861241036
SpectralClustering,"{'n_clusters': 7, 'affinity': 'polynomial', 'assign_labels': 'kmeans', 'random_state': 456}",0.050420373903828475,345.96092343664264,1.6260860068747651
SpectralClustering,"{'n_clusters': 7, 'affinity': 'polynomial', 'assign_labels': 'kmeans', 'random_state': 789}",-0.030346607555386717,187.2224162017068,1.838542674084381
SpectralClustering,"{'n_clusters': 7, 'affinity': 'polynomial', 'assign_labels': 'kmeans', 'random_state': 1011}",-0.03010760514757477,187.9062513721041,1.8236221656740206
SpectralClustering,"{'n_clusters': 7, 'affinity': 'polynomial', 'assign_labels': 'kmeans', 'random_state': 2022}",-0.0320935528209626,185.2819119532108,1.8299864844165243
SpectralClustering,"{'n_clusters': 7, 'affinity': 'polynomial', 'assign_labels': 'kmeans', 'random_state': 3033}",-0.030346607555386717,187.22241620170684,1.8385426740843813
SpectralClustering,"{'n_clusters': 7, 'affinity': 'polynomial', 'assign_labels': 'kmeans', 'random_state': 4044}",-0.028742472429470523,184.82817892638494,1.6745437846806037
SpectralClustering,"{'n_clusters': 7, 'affinity': 'polynomial', 'assign_labels': 'kmeans', 'random_state': 5055}",-0.030346607555386717,187.2224162017068,1.838542674084381
SpectralClustering,"{'n_clusters': 7, 'affinity': 'polynomial', 'assign_labels': 'kmeans', 'random_state': 6066}",-0.02528086084457477,182.13612927422224,1.6026444566777527
SpectralClustering,"{'n_clusters': 7, 'affinity': 'polynomial', 'assign_labels': 'discretize', 'random_state': 42}",0.15552408593744835,698.9196296054682,1.2376541912181482
SpectralClustering,"{'n_clusters': 7, 'affinity': 'polynomial', 'assign_labels': 'discretize', 'random_state': 123}",0.15618371269619777,699.1639330814381,1.2414476147415516
SpectralClustering,"{'n_clusters': 7, 'affinity': 'polynomial', 'assign_labels': 'discretize', 'random_state': 456}",0.10223617482623912,573.9815753578741,1.3182966503638003
SpectralClustering,"{'n_clusters': 7, 'affinity': 'polynomial', 'assign_labels': 'discretize', 'random_state': 789}",0.15552408593744835,698.9196296054682,1.2376541912181482
SpectralClustering,"{'n_clusters': 7, 'affinity': 'polynomial', 'assign_labels': 'discretize', 'random_state': 1011}",0.15552408593744835,698.9196296054682,1.2376541912181482
SpectralClustering,"{'n_clusters': 7, 'affinity': 'polynomial', 'assign_labels': 'discretize', 'random_state': 2022}",0.15564774503383932,698.3680472104048,1.2396432329267069
SpectralClustering,"{'n_clusters': 7, 'affinity': 'polynomial', 'assign_labels': 'discretize', 'random_state': 3033}",0.1564868255445959,704.996743689787,1.2401841903562765
SpectralClustering,"{'n_clusters': 7, 'affinity': 'polynomial', 'assign_labels': 'discretize', 'random_state': 4044}",0.15552408593744835,698.9196296054682,1.2376541912181482
SpectralClustering,"{'n_clusters': 7, 'affinity': 'polynomial', 'assign_labels': 'discretize', 'random_state': 5055}",0.15668216768601673,705.1957356040921,1.2388361439072106
SpectralClustering,"{'n_clusters': 7, 'affinity': 'polynomial', 'assign_labels': 'discretize', 'random_state': 6066}",0.15668216768601673,705.1957356040921,1.2388361439072106
SpectralClustering,"{'n_clusters': 7, 'affinity': 'polynomial', 'assign_labels': 'cluster_qr', 'random_state': 42}",0.17558782593496539,872.5887186290523,1.4110422604453474
SpectralClustering,"{'n_clusters': 7, 'affinity': 'polynomial', 'assign_labels': 'cluster_qr', 'random_state': 123}",0.17558782593496539,872.5887186290523,1.4110422604453474
SpectralClustering,"{'n_clusters': 7, 'affinity': 'polynomial', 'assign_labels': 'cluster_qr', 'random_state': 456}",0.17558782593496539,872.5887186290523,1.4110422604453474
SpectralClustering,"{'n_clusters': 7, 'affinity': 'polynomial', 'assign_labels': 'cluster_qr', 'random_state': 789}",0.17558782593496539,872.5887186290523,1.4110422604453474
SpectralClustering,"{'n_clusters': 7, 'affinity': 'polynomial', 'assign_labels': 'cluster_qr', 'random_state': 1011}",0.17558782593496539,872.5887186290523,1.4110422604453474
SpectralClustering,"{'n_clusters': 7, 'affinity': 'polynomial', 'assign_labels': 'cluster_qr', 'random_state': 2022}",0.17558782593496539,872.5887186290523,1.4110422604453474
SpectralClustering,"{'n_clusters': 7, 'affinity': 'polynomial', 'assign_labels': 'cluster_qr', 'random_state': 3033}",0.17558782593496539,872.5887186290523,1.4110422604453474
SpectralClustering,"{'n_clusters': 7, 'affinity': 'polynomial', 'assign_labels': 'cluster_qr', 'random_state': 4044}",0.17558782593496539,872.5887186290523,1.4110422604453474
SpectralClustering,"{'n_clusters': 7, 'affinity': 'polynomial', 'assign_labels': 'cluster_qr', 'random_state': 5055}",0.17558782593496539,872.5887186290523,1.4110422604453474
SpectralClustering,"{'n_clusters': 7, 'affinity': 'polynomial', 'assign_labels': 'cluster_qr', 'random_state': 6066}",0.17558782593496539,872.5887186290523,1.4110422604453474
SpectralClustering,"{'n_clusters': 7, 'affinity': 'poly', 'assign_labels': 'kmeans', 'random_state': 42}",-0.030480762055623004,187.05498508406401,1.8354918037403942
SpectralClustering,"{'n_clusters': 7, 'affinity': 'poly', 'assign_labels': 'kmeans', 'random_state': 123}",-0.03160405328983931,186.04539357819036,1.8280349861241036
SpectralClustering,"{'n_clusters': 7, 'affinity': 'poly', 'assign_labels': 'kmeans', 'random_state': 456}",0.050420373903828475,345.96092343664264,1.6260860068747651
SpectralClustering,"{'n_clusters': 7, 'affinity': 'poly', 'assign_labels': 'kmeans', 'random_state': 789}",-0.030346607555386717,187.2224162017068,1.838542674084381
SpectralClustering,"{'n_clusters': 7, 'affinity': 'poly', 'assign_labels': 'kmeans', 'random_state': 1011}",-0.03010760514757477,187.9062513721041,1.8236221656740206
SpectralClustering,"{'n_clusters': 7, 'affinity': 'poly', 'assign_labels': 'kmeans', 'random_state': 2022}",-0.0320935528209626,185.2819119532108,1.8299864844165243
SpectralClustering,"{'n_clusters': 7, 'affinity': 'poly', 'assign_labels': 'kmeans', 'random_state': 3033}",-0.030346607555386717,187.22241620170684,1.8385426740843813
SpectralClustering,"{'n_clusters': 7, 'affinity': 'poly', 'assign_labels': 'kmeans', 'random_state': 4044}",-0.028742472429470523,184.82817892638494,1.6745437846806037
SpectralClustering,"{'n_clusters': 7, 'affinity': 'poly', 'assign_labels': 'kmeans', 'random_state': 5055}",-0.030346607555386717,187.2224162017068,1.838542674084381
SpectralClustering,"{'n_clusters': 7, 'affinity': 'poly', 'assign_labels': 'kmeans', 'random_state': 6066}",-0.02528086084457477,182.13612927422224,1.6026444566777527
SpectralClustering,"{'n_clusters': 7, 'affinity': 'poly', 'assign_labels': 'discretize', 'random_state': 42}",0.15552408593744835,698.9196296054682,1.2376541912181482
SpectralClustering,"{'n_clusters': 7, 'affinity': 'poly', 'assign_labels': 'discretize', 'random_state': 123}",0.15618371269619777,699.1639330814381,1.2414476147415516
SpectralClustering,"{'n_clusters': 7, 'affinity': 'poly', 'assign_labels': 'discretize', 'random_state': 456}",0.10223617482623912,573.9815753578741,1.3182966503638003
SpectralClustering,"{'n_clusters': 7, 'affinity': 'poly', 'assign_labels': 'discretize', 'random_state': 789}",0.15552408593744835,698.9196296054682,1.2376541912181482
SpectralClustering,"{'n_clusters': 7, 'affinity': 'poly', 'assign_labels': 'discretize', 'random_state': 1011}",0.15552408593744835,698.9196296054682,1.2376541912181482
SpectralClustering,"{'n_clusters': 7, 'affinity': 'poly', 'assign_labels': 'discretize', 'random_state': 2022}",0.15564774503383932,698.3680472104048,1.2396432329267069
SpectralClustering,"{'n_clusters': 7, 'affinity': 'poly', 'assign_labels': 'discretize', 'random_state': 3033}",0.1564868255445959,704.996743689787,1.2401841903562765
SpectralClustering,"{'n_clusters': 7, 'affinity': 'poly', 'assign_labels': 'discretize', 'random_state': 4044}",0.15552408593744835,698.9196296054682,1.2376541912181482
SpectralClustering,"{'n_clusters': 7, 'affinity': 'poly', 'assign_labels': 'discretize', 'random_state': 5055}",0.15668216768601673,705.1957356040921,1.2388361439072106
SpectralClustering,"{'n_clusters': 7, 'affinity': 'poly', 'assign_labels': 'discretize', 'random_state': 6066}",0.15668216768601673,705.1957356040921,1.2388361439072106
SpectralClustering,"{'n_clusters': 7, 'affinity': 'poly', 'assign_labels': 'cluster_qr', 'random_state': 42}",0.17558782593496539,872.5887186290523,1.4110422604453474
SpectralClustering,"{'n_clusters': 7, 'affinity': 'poly', 'assign_labels': 'cluster_qr', 'random_state': 123}",0.17558782593496539,872.5887186290523,1.4110422604453474
SpectralClustering,"{'n_clusters': 7, 'affinity': 'poly', 'assign_labels': 'cluster_qr', 'random_state': 456}",0.17558782593496539,872.5887186290523,1.4110422604453474
SpectralClustering,"{'n_clusters': 7, 'affinity': 'poly', 'assign_labels': 'cluster_qr', 'random_state': 789}",0.17558782593496539,872.5887186290523,1.4110422604453474
SpectralClustering,"{'n_clusters': 7, 'affinity': 'poly', 'assign_labels': 'cluster_qr', 'random_state': 1011}",0.17558782593496539,872.5887186290523,1.4110422604453474
SpectralClustering,"{'n_clusters': 7, 'affinity': 'poly', 'assign_labels': 'cluster_qr', 'random_state': 2022}",0.17558782593496539,872.5887186290523,1.4110422604453474
SpectralClustering,"{'n_clusters': 7, 'affinity': 'poly', 'assign_labels': 'cluster_qr', 'random_state': 3033}",0.17558782593496539,872.5887186290523,1.4110422604453474
SpectralClustering,"{'n_clusters': 7, 'affinity': 'poly', 'assign_labels': 'cluster_qr', 'random_state': 4044}",0.17558782593496539,872.5887186290523,1.4110422604453474
SpectralClustering,"{'n_clusters': 7, 'affinity': 'poly', 'assign_labels': 'cluster_qr', 'random_state': 5055}",0.17558782593496539,872.5887186290523,1.4110422604453474
SpectralClustering,"{'n_clusters': 7, 'affinity': 'poly', 'assign_labels': 'cluster_qr', 'random_state': 6066}",0.17558782593496539,872.5887186290523,1.4110422604453474
SpectralClustering,"{'n_clusters': 7, 'affinity': 'sigmoid', 'assign_labels': 'kmeans', 'random_state': 42}",0.10804866511155682,471.87446044834684,2.396746892740352
SpectralClustering,"{'n_clusters': 7, 'affinity': 'sigmoid', 'assign_labels': 'kmeans', 'random_state': 123}",0.11112213415136744,484.7162927959721,2.293686523515659
SpectralClustering,"{'n_clusters': 7, 'affinity': 'sigmoid', 'assign_labels': 'kmeans', 'random_state': 456}",0.11005588418415942,475.84634196833474,2.3730696131447764
SpectralClustering,"{'n_clusters': 7, 'affinity': 'sigmoid', 'assign_labels': 'kmeans', 'random_state': 789}",0.09065879041015751,412.3651671058874,3.141218570627551
SpectralClustering,"{'n_clusters': 7, 'affinity': 'sigmoid', 'assign_labels': 'kmeans', 'random_state': 1011}",0.11070425090289379,479.6104588610598,2.33144478089473
SpectralClustering,"{'n_clusters': 7, 'affinity': 'sigmoid', 'assign_labels': 'kmeans', 'random_state': 2022}",0.09022906198122024,413.58675924825775,3.136591512982939
SpectralClustering,"{'n_clusters': 7, 'affinity': 'sigmoid', 'assign_labels': 'kmeans', 'random_state': 3033}",0.11323863175701364,489.2258499946688,2.29649693276881
SpectralClustering,"{'n_clusters': 7, 'affinity': 'sigmoid', 'assign_labels': 'kmeans', 'random_state': 4044}",0.10931833871227725,480.1451389454876,2.30710714612446
SpectralClustering,"{'n_clusters': 7, 'affinity': 'sigmoid', 'assign_labels': 'kmeans', 'random_state': 5055}",0.0910283449528251,412.6767819329567,3.1464492678809983
SpectralClustering,"{'n_clusters': 7, 'affinity': 'sigmoid', 'assign_labels': 'kmeans', 'random_state': 6066}",0.0796850288044381,400.17581312061947,2.7827624895108705
SpectralClustering,"{'n_clusters': 7, 'affinity': 'sigmoid', 'assign_labels': 'discretize', 'random_state': 42}",0.06972603050910137,392.03643538132974,1.9025629961866477
SpectralClustering,"{'n_clusters': 7, 'affinity': 'sigmoid', 'assign_labels': 'discretize', 'random_state': 123}",0.02676998802007343,247.99134449243877,2.7308220891731403
SpectralClustering,"{'n_clusters': 7, 'affinity': 'sigmoid', 'assign_labels': 'discretize', 'random_state': 456}",0.029666796674942524,328.17552010327705,2.684064973458803
SpectralClustering,"{'n_clusters': 7, 'affinity': 'sigmoid', 'assign_labels': 'discretize', 'random_state': 789}",0.04434121638528636,316.17042617997527,2.8158625076503996
SpectralClustering,"{'n_clusters': 7, 'affinity': 'sigmoid', 'assign_labels': 'discretize', 'random_state': 1011}",0.04745691477868007,329.3190485551544,2.846688734338666
SpectralClustering,"{'n_clusters': 7, 'affinity': 'sigmoid', 'assign_labels': 'discretize', 'random_state': 2022}",0.021332345102205105,235.48916311582659,2.4104891441387744
SpectralClustering,"{'n_clusters': 7, 'affinity': 'sigmoid', 'assign_labels': 'discretize', 'random_state': 3033}",0.04548995108869567,342.2866654786258,2.165257571098367
SpectralClustering,"{'n_clusters': 7, 'affinity': 'sigmoid', 'assign_labels': 'discretize', 'random_state': 4044}",0.05175166458481945,317.06060285292926,2.498049557512751
SpectralClustering,"{'n_clusters': 7, 'affinity': 'sigmoid', 'assign_labels': 'discretize', 'random_state': 5055}",0.04013323342016018,306.75237996068086,2.472551689437773
SpectralClustering,"{'n_clusters': 7, 'affinity': 'sigmoid', 'assign_labels': 'discretize', 'random_state': 6066}",0.05147560058116487,288.7180508757332,2.4988121486861776
SpectralClustering,"{'n_clusters': 7, 'affinity': 'sigmoid', 'assign_labels': 'cluster_qr', 'random_state': 42}",0.0062090242656802075,149.31988646311208,4.025616194964308
SpectralClustering,"{'n_clusters': 7, 'affinity': 'sigmoid', 'assign_labels': 'cluster_qr', 'random_state': 123}",0.0062090242656802075,149.31988646311208,4.025616194964308
SpectralClustering,"{'n_clusters': 7, 'affinity': 'sigmoid', 'assign_labels': 'cluster_qr', 'random_state': 456}",0.0062090242656802075,149.31988646311208,4.025616194964308
SpectralClustering,"{'n_clusters': 7, 'affinity': 'sigmoid', 'assign_labels': 'cluster_qr', 'random_state': 789}",0.0062090242656802075,149.31988646311208,4.025616194964308
SpectralClustering,"{'n_clusters': 7, 'affinity': 'sigmoid', 'assign_labels': 'cluster_qr', 'random_state': 1011}",0.0062090242656802075,149.31988646311208,4.025616194964308
SpectralClustering,"{'n_clusters': 7, 'affinity': 'sigmoid', 'assign_labels': 'cluster_qr', 'random_state': 2022}",0.0062090242656802075,149.31988646311208,4.025616194964308
SpectralClustering,"{'n_clusters': 7, 'affinity': 'sigmoid', 'assign_labels': 'cluster_qr', 'random_state': 3033}",0.0062090242656802075,149.31988646311208,4.025616194964308
SpectralClustering,"{'n_clusters': 7, 'affinity': 'sigmoid', 'assign_labels': 'cluster_qr', 'random_state': 4044}",0.0062090242656802075,149.31988646311208,4.025616194964308
SpectralClustering,"{'n_clusters': 7, 'affinity': 'sigmoid', 'assign_labels': 'cluster_qr', 'random_state': 5055}",0.0062090242656802075,149.31988646311208,4.025616194964308
SpectralClustering,"{'n_clusters': 7, 'affinity': 'sigmoid', 'assign_labels': 'cluster_qr', 'random_state': 6066}",0.0062090242656802075,149.31988646311208,4.025616194964308
SpectralClustering,"{'n_clusters': 8, 'affinity': 'rbf', 'assign_labels': 'kmeans', 'random_state': 42}",0.34819044964916285,318.14656556536414,1.0219140130368891
SpectralClustering,"{'n_clusters': 8, 'affinity': 'rbf', 'assign_labels': 'kmeans', 'random_state': 123}",0.3479567702752962,318.35671429280035,1.05041770940691
SpectralClustering,"{'n_clusters': 8, 'affinity': 'rbf', 'assign_labels': 'kmeans', 'random_state': 456}",0.3492414506550299,312.9042805767922,0.9328235555743756
SpectralClustering,"{'n_clusters': 8, 'affinity': 'rbf', 'assign_labels': 'kmeans', 'random_state': 789}",0.34819044964916285,318.14656556536426,1.0219140130368891
SpectralClustering,"{'n_clusters': 8, 'affinity': 'rbf', 'assign_labels': 'kmeans', 'random_state': 1011}",0.3479567702752962,318.3567142928004,1.05041770940691
SpectralClustering,"{'n_clusters': 8, 'affinity': 'rbf', 'assign_labels': 'kmeans', 'random_state': 2022}",0.3479567702752962,318.3567142928004,1.05041770940691
SpectralClustering,"{'n_clusters': 8, 'affinity': 'rbf', 'assign_labels': 'kmeans', 'random_state': 3033}",0.34819044964916285,318.14656556536426,1.0219140130368891
SpectralClustering,"{'n_clusters': 8, 'affinity': 'rbf', 'assign_labels': 'kmeans', 'random_state': 4044}",0.34891290747999176,314.4181790555462,0.9310696996732313
SpectralClustering,"{'n_clusters': 8, 'affinity': 'rbf', 'assign_labels': 'kmeans', 'random_state': 5055}",0.34819044964916285,318.14656556536426,1.0219140130368891
SpectralClustering,"{'n_clusters': 8, 'affinity': 'rbf', 'assign_labels': 'kmeans', 'random_state': 6066}",0.3477159221030174,318.54908715545776,1.0753214571323804
SpectralClustering,"{'n_clusters': 8, 'affinity': 'rbf', 'assign_labels': 'discretize', 'random_state': 42}",0.33385425180143163,662.9552416436903,1.0168053962471104
SpectralClustering,"{'n_clusters': 8, 'affinity': 'rbf', 'assign_labels': 'discretize', 'random_state': 123}",0.32496342350206875,589.9500281274774,0.9954898162734749
SpectralClustering,"{'n_clusters': 8, 'affinity': 'rbf', 'assign_labels': 'discretize', 'random_state': 456}",0.33385425180143163,662.9552416436904,1.0168053962471104
SpectralClustering,"{'n_clusters': 8, 'affinity': 'rbf', 'assign_labels': 'discretize', 'random_state': 789}",0.33385425180143163,662.9552416436903,1.0168053962471104
SpectralClustering,"{'n_clusters': 8, 'affinity': 'rbf', 'assign_labels': 'discretize', 'random_state': 1011}",0.33385425180143163,662.9552416436904,1.0168053962471104
SpectralClustering,"{'n_clusters': 8, 'affinity': 'rbf', 'assign_labels': 'discretize', 'random_state': 2022}",0.33401421226986183,663.8725159959598,1.0173230173677918
SpectralClustering,"{'n_clusters': 8, 'affinity': 'rbf', 'assign_labels': 'discretize', 'random_state': 3033}",0.33390067047491473,662.6260543198568,1.0166022227032143
SpectralClustering,"{'n_clusters': 8, 'affinity': 'rbf', 'assign_labels': 'discretize', 'random_state': 4044}",0.3249985803549025,589.8283003673063,0.9954087392598177
SpectralClustering,"{'n_clusters': 8, 'affinity': 'rbf', 'assign_labels': 'discretize', 'random_state': 5055}",0.33385425180143163,662.9552416436903,1.0168053962471104
SpectralClustering,"{'n_clusters': 8, 'affinity': 'rbf', 'assign_labels': 'discretize', 'random_state': 6066}",0.33385425180143163,662.9552416436903,1.0168053962471104
SpectralClustering,"{'n_clusters': 8, 'affinity': 'rbf', 'assign_labels': 'cluster_qr', 'random_state': 42}",0.3338403399045498,712.0916788905389,1.2851553715617685
SpectralClustering,"{'n_clusters': 8, 'affinity': 'rbf', 'assign_labels': 'cluster_qr', 'random_state': 123}",0.3338403399045498,712.0916788905389,1.2851553715617685
SpectralClustering,"{'n_clusters': 8, 'affinity': 'rbf', 'assign_labels': 'cluster_qr', 'random_state': 456}",0.3338403399045498,712.0916788905389,1.2851553715617685
SpectralClustering,"{'n_clusters': 8, 'affinity': 'rbf', 'assign_labels': 'cluster_qr', 'random_state': 789}",0.3338403399045498,712.0916788905389,1.2851553715617685
SpectralClustering,"{'n_clusters': 8, 'affinity': 'rbf', 'assign_labels': 'cluster_qr', 'random_state': 1011}",0.3338403399045498,712.0916788905389,1.2851553715617685
SpectralClustering,"{'n_clusters': 8, 'affinity': 'rbf', 'assign_labels': 'cluster_qr', 'random_state': 2022}",0.3338403399045498,712.0916788905389,1.2851553715617685
SpectralClustering,"{'n_clusters': 8, 'affinity': 'rbf', 'assign_labels': 'cluster_qr', 'random_state': 3033}",0.3338403399045498,712.0916788905389,1.2851553715617685
SpectralClustering,"{'n_clusters': 8, 'affinity': 'rbf', 'assign_labels': 'cluster_qr', 'random_state': 4044}",0.3338403399045498,712.0916788905389,1.2851553715617685
SpectralClustering,"{'n_clusters': 8, 'affinity': 'rbf', 'assign_labels': 'cluster_qr', 'random_state': 5055}",0.3338403399045498,712.0916788905389,1.2851553715617685
SpectralClustering,"{'n_clusters': 8, 'affinity': 'rbf', 'assign_labels': 'cluster_qr', 'random_state': 6066}",0.3338403399045498,712.0916788905389,1.2851553715617685
SpectralClustering,"{'n_clusters': 8, 'affinity': 'nearest_neighbors', 'assign_labels': 'kmeans', 'random_state': 42, 'n_neighbors': 5}",0.19143991416164727,849.2080633324678,1.3687762951560547
SpectralClustering,"{'n_clusters': 8, 'affinity': 'nearest_neighbors', 'assign_labels': 'kmeans', 'random_state': 123, 'n_neighbors': 5}",0.1917221258570444,848.7862517229999,1.3695411009029714
SpectralClustering,"{'n_clusters': 8, 'affinity': 'nearest_neighbors', 'assign_labels': 'kmeans', 'random_state': 456, 'n_neighbors': 5}",0.19137156223884963,849.0472787113565,1.3688765899052506
SpectralClustering,"{'n_clusters': 8, 'affinity': 'nearest_neighbors', 'assign_labels': 'kmeans', 'random_state': 789, 'n_neighbors': 5}",0.19143991416164727,849.2080633324678,1.3687762951560547
SpectralClustering,"{'n_clusters': 8, 'affinity': 'nearest_neighbors', 'assign_labels': 'kmeans', 'random_state': 1011, 'n_neighbors': 5}",0.19168899815808416,848.7280891814105,1.3695745998752198
SpectralClustering,"{'n_clusters': 8, 'affinity': 'nearest_neighbors', 'assign_labels': 'kmeans', 'random_state': 2022, 'n_neighbors': 5}",0.19143991416164727,849.2080633324678,1.3687762951560547
SpectralClustering,"{'n_clusters': 8, 'affinity': 'nearest_neighbors', 'assign_labels': 'kmeans', 'random_state': 3033, 'n_neighbors': 5}",0.19145442655381262,848.4315281466327,1.3707606818183198
SpectralClustering,"{'n_clusters': 8, 'affinity': 'nearest_neighbors', 'assign_labels': 'kmeans', 'random_state': 4044, 'n_neighbors': 5}",0.19143991416164727,849.2080633324678,1.3687762951560547
SpectralClustering,"{'n_clusters': 8, 'affinity': 'nearest_neighbors', 'assign_labels': 'kmeans', 'random_state': 5055, 'n_neighbors': 5}",0.19143991416164727,849.2080633324679,1.3687762951560547
SpectralClustering,"{'n_clusters': 8, 'affinity': 'nearest_neighbors', 'assign_labels': 'kmeans', 'random_state': 6066, 'n_neighbors': 5}",0.19173607336521467,848.4957976059699,1.369959601818668
SpectralClustering,"{'n_clusters': 8, 'affinity': 'nearest_neighbors', 'assign_labels': 'discretize', 'random_state': 42, 'n_neighbors': 5}",0.18922492089013757,863.2672787895403,1.3694577487085653
SpectralClustering,"{'n_clusters': 8, 'affinity': 'nearest_neighbors', 'assign_labels': 'discretize', 'random_state': 123, 'n_neighbors': 5}",0.19064213422852316,861.9427308133554,1.3634578324429327
SpectralClustering,"{'n_clusters': 8, 'affinity': 'nearest_neighbors', 'assign_labels': 'discretize', 'random_state': 456, 'n_neighbors': 5}",0.18993771527362557,862.7048355606685,1.3603900751653286
SpectralClustering,"{'n_clusters': 8, 'affinity': 'nearest_neighbors', 'assign_labels': 'discretize', 'random_state': 789, 'n_neighbors': 5}",0.19318252762040242,860.3252791958391,1.3594953050932244
SpectralClustering,"{'n_clusters': 8, 'affinity': 'nearest_neighbors', 'assign_labels': 'discretize', 'random_state': 1011, 'n_neighbors': 5}",0.18970317546089568,862.5789421749533,1.3646376605355381
SpectralClustering,"{'n_clusters': 8, 'affinity': 'nearest_neighbors', 'assign_labels': 'discretize', 'random_state': 2022, 'n_neighbors': 5}",0.19081183543095048,861.9636253256049,1.362696967081959
SpectralClustering,"{'n_clusters': 8, 'affinity': 'nearest_neighbors', 'assign_labels': 'discretize', 'random_state': 3033, 'n_neighbors': 5}",0.19318252762040242,860.3252791958389,1.3594953050932244
SpectralClustering,"{'n_clusters': 8, 'affinity': 'nearest_neighbors', 'assign_labels': 'discretize', 'random_state': 4044, 'n_neighbors': 5}",0.19064213422852316,861.9427308133552,1.3634578324429327
SpectralClustering,"{'n_clusters': 8, 'affinity': 'nearest_neighbors', 'assign_labels': 'discretize', 'random_state': 5055, 'n_neighbors': 5}",0.2085381973973123,880.982852763181,1.3147483424244015
SpectralClustering,"{'n_clusters': 8, 'affinity': 'nearest_neighbors', 'assign_labels': 'discretize', 'random_state': 6066, 'n_neighbors': 5}",0.1900709325163464,862.7774731265743,1.3605637157581558
SpectralClustering,"{'n_clusters': 8, 'affinity': 'nearest_neighbors', 'assign_labels': 'cluster_qr', 'random_state': 42, 'n_neighbors': 5}",0.19914512547579108,789.9561597609418,1.5522886077976934
SpectralClustering,"{'n_clusters': 8, 'affinity': 'nearest_neighbors', 'assign_labels': 'cluster_qr', 'random_state': 123, 'n_neighbors': 5}",0.19914512547579108,789.9561597609418,1.5522886077976934
SpectralClustering,"{'n_clusters': 8, 'affinity': 'nearest_neighbors', 'assign_labels': 'cluster_qr', 'random_state': 456, 'n_neighbors': 5}",0.19914512547579108,789.9561597609418,1.5522886077976934
SpectralClustering,"{'n_clusters': 8, 'affinity': 'nearest_neighbors', 'assign_labels': 'cluster_qr', 'random_state': 789, 'n_neighbors': 5}",0.19914512547579108,789.9561597609418,1.5522886077976934
SpectralClustering,"{'n_clusters': 8, 'affinity': 'nearest_neighbors', 'assign_labels': 'cluster_qr', 'random_state': 1011, 'n_neighbors': 5}",0.19914512547579108,789.9561597609418,1.5522886077976934
SpectralClustering,"{'n_clusters': 8, 'affinity': 'nearest_neighbors', 'assign_labels': 'cluster_qr', 'random_state': 2022, 'n_neighbors': 5}",0.19914512547579108,789.9561597609418,1.5522886077976934
SpectralClustering,"{'n_clusters': 8, 'affinity': 'nearest_neighbors', 'assign_labels': 'cluster_qr', 'random_state': 3033, 'n_neighbors': 5}",0.19914512547579108,789.9561597609418,1.5522886077976934
SpectralClustering,"{'n_clusters': 8, 'affinity': 'nearest_neighbors', 'assign_labels': 'cluster_qr', 'random_state': 4044, 'n_neighbors': 5}",0.19914512547579108,789.9561597609418,1.5522886077976934
SpectralClustering,"{'n_clusters': 8, 'affinity': 'nearest_neighbors', 'assign_labels': 'cluster_qr', 'random_state': 5055, 'n_neighbors': 5}",0.19914512547579108,789.9561597609418,1.5522886077976934
SpectralClustering,"{'n_clusters': 8, 'affinity': 'nearest_neighbors', 'assign_labels': 'cluster_qr', 'random_state': 6066, 'n_neighbors': 5}",0.19914512547579108,789.9561597609418,1.5522886077976934
SpectralClustering,"{'n_clusters': 8, 'affinity': 'nearest_neighbors', 'assign_labels': 'kmeans', 'random_state': 42, 'n_neighbors': 10}",0.18499346822506751,853.5779759856034,1.2594387691476525
SpectralClustering,"{'n_clusters': 8, 'affinity': 'nearest_neighbors', 'assign_labels': 'kmeans', 'random_state': 123, 'n_neighbors': 10}",0.184949693899947,853.4536762969549,1.259971193945873
SpectralClustering,"{'n_clusters': 8, 'affinity': 'nearest_neighbors', 'assign_labels': 'kmeans', 'random_state': 456, 'n_neighbors': 10}",0.18499346822506751,853.5779759856034,1.2594387691476525
SpectralClustering,"{'n_clusters': 8, 'affinity': 'nearest_neighbors', 'assign_labels': 'kmeans', 'random_state': 789, 'n_neighbors': 10}",0.18499346822506751,853.5779759856034,1.2594387691476525
SpectralClustering,"{'n_clusters': 8, 'affinity': 'nearest_neighbors', 'assign_labels': 'kmeans', 'random_state': 1011, 'n_neighbors': 10}",0.184949693899947,853.4536762969548,1.2599711939458733
SpectralClustering,"{'n_clusters': 8, 'affinity': 'nearest_neighbors', 'assign_labels': 'kmeans', 'random_state': 2022, 'n_neighbors': 10}",0.184949693899947,853.4536762969551,1.259971193945873
SpectralClustering,"{'n_clusters': 8, 'affinity': 'nearest_neighbors', 'assign_labels': 'kmeans', 'random_state': 3033, 'n_neighbors': 10}",0.184949693899947,853.4536762969549,1.2599711939458733
SpectralClustering,"{'n_clusters': 8, 'affinity': 'nearest_neighbors', 'assign_labels': 'kmeans', 'random_state': 4044, 'n_neighbors': 10}",0.184949693899947,853.4536762969548,1.259971193945873
SpectralClustering,"{'n_clusters': 8, 'affinity': 'nearest_neighbors', 'assign_labels': 'kmeans', 'random_state': 5055, 'n_neighbors': 10}",0.18499346822506751,853.5779759856032,1.2594387691476525
SpectralClustering,"{'n_clusters': 8, 'affinity': 'nearest_neighbors', 'assign_labels': 'kmeans', 'random_state': 6066, 'n_neighbors': 10}",0.1849050669904908,853.2334895977277,1.2599299610985841
SpectralClustering,"{'n_clusters': 8, 'affinity': 'nearest_neighbors', 'assign_labels': 'discretize', 'random_state': 42, 'n_neighbors': 10}",0.20246455146816808,902.9680986174901,1.2940601725806387
SpectralClustering,"{'n_clusters': 8, 'affinity': 'nearest_neighbors', 'assign_labels': 'discretize', 'random_state': 123, 'n_neighbors': 10}",0.2024378242595745,902.9959099783721,1.295469484482237
SpectralClustering,"{'n_clusters': 8, 'affinity': 'nearest_neighbors', 'assign_labels': 'discretize', 'random_state': 456, 'n_neighbors': 10}",0.21263547338879202,902.3212312982248,1.2825379865607607
SpectralClustering,"{'n_clusters': 8, 'affinity': 'nearest_neighbors', 'assign_labels': 'discretize', 'random_state': 789, 'n_neighbors': 10}",0.20223239727642628,902.6912399657828,1.2948437269883715
SpectralClustering,"{'n_clusters': 8, 'affinity': 'nearest_neighbors', 'assign_labels': 'discretize', 'random_state': 1011, 'n_neighbors': 10}",0.21268566207459286,902.4912207290345,1.2841741476278967
SpectralClustering,"{'n_clusters': 8, 'affinity': 'nearest_neighbors', 'assign_labels': 'discretize', 'random_state': 2022, 'n_neighbors': 10}",0.18340000895545092,863.034586260021,1.3434802468291571
SpectralClustering,"{'n_clusters': 8, 'affinity': 'nearest_neighbors', 'assign_labels': 'discretize', 'random_state': 3033, 'n_neighbors': 10}",0.20223239727642628,902.691239965783,1.2948437269883715
SpectralClustering,"{'n_clusters': 8, 'affinity': 'nearest_neighbors', 'assign_labels': 'discretize', 'random_state': 4044, 'n_neighbors': 10}",0.2127392980768871,902.640079706688,1.2843722121350392
SpectralClustering,"{'n_clusters': 8, 'affinity': 'nearest_neighbors', 'assign_labels': 'discretize', 'random_state': 5055, 'n_neighbors': 10}",0.20223239727642628,902.6912399657831,1.2948437269883715
SpectralClustering,"{'n_clusters': 8, 'affinity': 'nearest_neighbors', 'assign_labels': 'discretize', 'random_state': 6066, 'n_neighbors': 10}",0.2021638222990959,902.8109770420167,1.2942882512441494
SpectralClustering,"{'n_clusters': 8, 'affinity': 'nearest_neighbors', 'assign_labels': 'cluster_qr', 'random_state': 42, 'n_neighbors': 10}",0.20510762274592909,793.3997717712971,1.7231890515349584
SpectralClustering,"{'n_clusters': 8, 'affinity': 'nearest_neighbors', 'assign_labels': 'cluster_qr', 'random_state': 123, 'n_neighbors': 10}",0.20510762274592909,793.3997717712971,1.7231890515349584
SpectralClustering,"{'n_clusters': 8, 'affinity': 'nearest_neighbors', 'assign_labels': 'cluster_qr', 'random_state': 456, 'n_neighbors': 10}",0.20510762274592909,793.3997717712971,1.7231890515349584
SpectralClustering,"{'n_clusters': 8, 'affinity': 'nearest_neighbors', 'assign_labels': 'cluster_qr', 'random_state': 789, 'n_neighbors': 10}",0.20510762274592909,793.3997717712971,1.7231890515349584
SpectralClustering,"{'n_clusters': 8, 'affinity': 'nearest_neighbors', 'assign_labels': 'cluster_qr', 'random_state': 1011, 'n_neighbors': 10}",0.20510762274592909,793.3997717712971,1.7231890515349584
SpectralClustering,"{'n_clusters': 8, 'affinity': 'nearest_neighbors', 'assign_labels': 'cluster_qr', 'random_state': 2022, 'n_neighbors': 10}",0.20510762274592909,793.3997717712971,1.7231890515349584
SpectralClustering,"{'n_clusters': 8, 'affinity': 'nearest_neighbors', 'assign_labels': 'cluster_qr', 'random_state': 3033, 'n_neighbors': 10}",0.20510762274592909,793.3997717712971,1.7231890515349584
SpectralClustering,"{'n_clusters': 8, 'affinity': 'nearest_neighbors', 'assign_labels': 'cluster_qr', 'random_state': 4044, 'n_neighbors': 10}",0.20510762274592909,793.3997717712971,1.7231890515349584
SpectralClustering,"{'n_clusters': 8, 'affinity': 'nearest_neighbors', 'assign_labels': 'cluster_qr', 'random_state': 5055, 'n_neighbors': 10}",0.20510762274592909,793.3997717712971,1.7231890515349584
SpectralClustering,"{'n_clusters': 8, 'affinity': 'nearest_neighbors', 'assign_labels': 'cluster_qr', 'random_state': 6066, 'n_neighbors': 10}",0.20510762274592909,793.3997717712971,1.7231890515349584
SpectralClustering,"{'n_clusters': 8, 'affinity': 'nearest_neighbors', 'assign_labels': 'kmeans', 'random_state': 42, 'n_neighbors': 15}",0.18948927437794652,876.3401518421763,1.2740128290014954
SpectralClustering,"{'n_clusters': 8, 'affinity': 'nearest_neighbors', 'assign_labels': 'kmeans', 'random_state': 123, 'n_neighbors': 15}",0.18932509177515686,875.0538528129831,1.2730883136240518
SpectralClustering,"{'n_clusters': 8, 'affinity': 'nearest_neighbors', 'assign_labels': 'kmeans', 'random_state': 456, 'n_neighbors': 15}",0.18938607719822917,875.4615658147367,1.273448370564831
SpectralClustering,"{'n_clusters': 8, 'affinity': 'nearest_neighbors', 'assign_labels': 'kmeans', 'random_state': 789, 'n_neighbors': 15}",0.18919021795033789,875.4347359440319,1.273323452761906
SpectralClustering,"{'n_clusters': 8, 'affinity': 'nearest_neighbors', 'assign_labels': 'kmeans', 'random_state': 1011, 'n_neighbors': 15}",0.1891883041397122,874.9819447549648,1.2732881503711762
SpectralClustering,"{'n_clusters': 8, 'affinity': 'nearest_neighbors', 'assign_labels': 'kmeans', 'random_state': 2022, 'n_neighbors': 15}",0.18932509177515686,875.0538528129831,1.2730883136240516
SpectralClustering,"{'n_clusters': 8, 'affinity': 'nearest_neighbors', 'assign_labels': 'kmeans', 'random_state': 3033, 'n_neighbors': 15}",0.18919021795033789,875.4347359440319,1.273323452761906
SpectralClustering,"{'n_clusters': 8, 'affinity': 'nearest_neighbors', 'assign_labels': 'kmeans', 'random_state': 4044, 'n_neighbors': 15}",0.18935725091352515,875.4355486313118,1.2734565718141153
SpectralClustering,"{'n_clusters': 8, 'affinity': 'nearest_neighbors', 'assign_labels': 'kmeans', 'random_state': 5055, 'n_neighbors': 15}",0.18915795373330457,875.0530406160044,1.2729551945718425
SpectralClustering,"{'n_clusters': 8, 'affinity': 'nearest_neighbors', 'assign_labels': 'kmeans', 'random_state': 6066, 'n_neighbors': 15}",0.18919021795033789,875.4347359440319,1.2733234527619057
SpectralClustering,"{'n_clusters': 8, 'affinity': 'nearest_neighbors', 'assign_labels': 'discretize', 'random_state': 42, 'n_neighbors': 15}",0.20345877156997413,905.0840524930875,1.3188458439106112
SpectralClustering,"{'n_clusters': 8, 'affinity': 'nearest_neighbors', 'assign_labels': 'discretize', 'random_state': 123, 'n_neighbors': 15}",0.19281443316699817,823.4579754534681,1.4038742303750016
SpectralClustering,"{'n_clusters': 8, 'affinity': 'nearest_neighbors', 'assign_labels': 'discretize', 'random_state': 456, 'n_neighbors': 15}",0.21052030442793604,905.8539444106165,1.300260954402189
SpectralClustering,"{'n_clusters': 8, 'affinity': 'nearest_neighbors', 'assign_labels': 'discretize', 'random_state': 789, 'n_neighbors': 15}",0.20343363166328768,904.6619849802951,1.3213512805387886
SpectralClustering,"{'n_clusters': 8, 'affinity': 'nearest_neighbors', 'assign_labels': 'discretize', 'random_state': 1011, 'n_neighbors': 15}",0.20103296982642951,904.2245914913481,1.3113959374051771
SpectralClustering,"{'n_clusters': 8, 'affinity': 'nearest_neighbors', 'assign_labels': 'discretize', 'random_state': 2022, 'n_neighbors': 15}",0.20103296982642951,904.2245914913481,1.311395937405177
SpectralClustering,"{'n_clusters': 8, 'affinity': 'nearest_neighbors', 'assign_labels': 'discretize', 'random_state': 3033, 'n_neighbors': 15}",0.203538968038076,905.041016987716,1.3207382455561518
SpectralClustering,"{'n_clusters': 8, 'affinity': 'nearest_neighbors', 'assign_labels': 'discretize', 'random_state': 4044, 'n_neighbors': 15}",0.20679237778408954,907.8083985472515,1.3164627683145218
SpectralClustering,"{'n_clusters': 8, 'affinity': 'nearest_neighbors', 'assign_labels': 'discretize', 'random_state': 5055, 'n_neighbors': 15}",0.20495166188321326,907.6815043543189,1.3162938482741544
SpectralClustering,"{'n_clusters': 8, 'affinity': 'nearest_neighbors', 'assign_labels': 'discretize', 'random_state': 6066, 'n_neighbors': 15}",0.2040086624283595,906.5645786398969,1.3204678845824884
SpectralClustering,"{'n_clusters': 8, 'affinity': 'nearest_neighbors', 'assign_labels': 'cluster_qr', 'random_state': 42, 'n_neighbors': 15}",0.20342695266656013,904.1541401423707,1.329281714298972
SpectralClustering,"{'n_clusters': 8, 'affinity': 'nearest_neighbors', 'assign_labels': 'cluster_qr', 'random_state': 123, 'n_neighbors': 15}",0.20342695266656013,904.1541401423707,1.329281714298972
SpectralClustering,"{'n_clusters': 8, 'affinity': 'nearest_neighbors', 'assign_labels': 'cluster_qr', 'random_state': 456, 'n_neighbors': 15}",0.20342695266656013,904.1541401423707,1.329281714298972
SpectralClustering,"{'n_clusters': 8, 'affinity': 'nearest_neighbors', 'assign_labels': 'cluster_qr', 'random_state': 789, 'n_neighbors': 15}",0.20342695266656013,904.1541401423707,1.329281714298972
SpectralClustering,"{'n_clusters': 8, 'affinity': 'nearest_neighbors', 'assign_labels': 'cluster_qr', 'random_state': 1011, 'n_neighbors': 15}",0.20342695266656013,904.1541401423707,1.329281714298972
SpectralClustering,"{'n_clusters': 8, 'affinity': 'nearest_neighbors', 'assign_labels': 'cluster_qr', 'random_state': 2022, 'n_neighbors': 15}",0.20342695266656013,904.1541401423707,1.329281714298972
SpectralClustering,"{'n_clusters': 8, 'affinity': 'nearest_neighbors', 'assign_labels': 'cluster_qr', 'random_state': 3033, 'n_neighbors': 15}",0.20342695266656013,904.1541401423707,1.329281714298972
SpectralClustering,"{'n_clusters': 8, 'affinity': 'nearest_neighbors', 'assign_labels': 'cluster_qr', 'random_state': 4044, 'n_neighbors': 15}",0.20342695266656013,904.1541401423707,1.329281714298972
SpectralClustering,"{'n_clusters': 8, 'affinity': 'nearest_neighbors', 'assign_labels': 'cluster_qr', 'random_state': 5055, 'n_neighbors': 15}",0.20342695266656013,904.1541401423707,1.329281714298972
SpectralClustering,"{'n_clusters': 8, 'affinity': 'nearest_neighbors', 'assign_labels': 'cluster_qr', 'random_state': 6066, 'n_neighbors': 15}",0.20342695266656013,904.1541401423707,1.329281714298972
SpectralClustering,"{'n_clusters': 8, 'affinity': 'nearest_neighbors', 'assign_labels': 'kmeans', 'random_state': 42, 'n_neighbors': 20}",0.18933285482172826,874.5935034924961,1.2753309447639731
SpectralClustering,"{'n_clusters': 8, 'affinity': 'nearest_neighbors', 'assign_labels': 'kmeans', 'random_state': 123, 'n_neighbors': 20}",0.1908869957698528,872.3042216338114,1.2863570955881665
SpectralClustering,"{'n_clusters': 8, 'affinity': 'nearest_neighbors', 'assign_labels': 'kmeans', 'random_state': 456, 'n_neighbors': 20}",0.18920710821923567,874.6941933979898,1.2725218030139225
SpectralClustering,"{'n_clusters': 8, 'affinity': 'nearest_neighbors', 'assign_labels': 'kmeans', 'random_state': 789, 'n_neighbors': 20}",0.18981685926692057,875.6641943444351,1.2748923757615516
SpectralClustering,"{'n_clusters': 8, 'affinity': 'nearest_neighbors', 'assign_labels': 'kmeans', 'random_state': 1011, 'n_neighbors': 20}",0.1900174561629947,875.6543755406219,1.2749354221941749
SpectralClustering,"{'n_clusters': 8, 'affinity': 'nearest_neighbors', 'assign_labels': 'kmeans', 'random_state': 2022, 'n_neighbors': 20}",0.18960089494523188,874.9129491813499,1.2744399432418467
SpectralClustering,"{'n_clusters': 8, 'affinity': 'nearest_neighbors', 'assign_labels': 'kmeans', 'random_state': 3033, 'n_neighbors': 20}",0.1893557233755939,875.2749625404451,1.273848680440186
SpectralClustering,"{'n_clusters': 8, 'affinity': 'nearest_neighbors', 'assign_labels': 'kmeans', 'random_state': 4044, 'n_neighbors': 20}",0.18982161050338084,875.4888967748248,1.2738679831557003
SpectralClustering,"{'n_clusters': 8, 'affinity': 'nearest_neighbors', 'assign_labels': 'kmeans', 'random_state': 5055, 'n_neighbors': 20}",0.18981027984441565,875.2605316265942,1.2766297281771646
SpectralClustering,"{'n_clusters': 8, 'affinity': 'nearest_neighbors', 'assign_labels': 'kmeans', 'random_state': 6066, 'n_neighbors': 20}",0.18933285482172826,874.5935034924961,1.2753309447639731
SpectralClustering,"{'n_clusters': 8, 'affinity': 'nearest_neighbors', 'assign_labels': 'discretize', 'random_state': 42, 'n_neighbors': 20}",0.20408086211337173,908.3886220821881,1.3014920871805384
SpectralClustering,"{'n_clusters': 8, 'affinity': 'nearest_neighbors', 'assign_labels': 'discretize', 'random_state': 123, 'n_neighbors': 20}",0.20247724777377438,906.9792942041713,1.303436420728549
SpectralClustering,"{'n_clusters': 8, 'affinity': 'nearest_neighbors', 'assign_labels': 'discretize', 'random_state': 456, 'n_neighbors': 20}",0.20392217732590606,908.9219405817959,1.3010083700298756
SpectralClustering,"{'n_clusters': 8, 'affinity': 'nearest_neighbors', 'assign_labels': 'discretize', 'random_state': 789, 'n_neighbors': 20}",0.2061932401966574,908.7083495724792,1.3057826723473998
SpectralClustering,"{'n_clusters': 8, 'affinity': 'nearest_neighbors', 'assign_labels': 'discretize', 'random_state': 1011, 'n_neighbors': 20}",0.19516356722581632,827.7271151008605,1.3859195723192583
SpectralClustering,"{'n_clusters': 8, 'affinity': 'nearest_neighbors', 'assign_labels': 'discretize', 'random_state': 2022, 'n_neighbors': 20}",0.19408998520437515,928.0949471968552,1.3841311384181774
SpectralClustering,"{'n_clusters': 8, 'affinity': 'nearest_neighbors', 'assign_labels': 'discretize', 'random_state': 3033, 'n_neighbors': 20}",0.20710229788855916,908.1866061226793,1.3096912992709424
SpectralClustering,"{'n_clusters': 8, 'affinity': 'nearest_neighbors', 'assign_labels': 'discretize', 'random_state': 4044, 'n_neighbors': 20}",0.20264577262709205,908.3443386854875,1.3030122071429089
SpectralClustering,"{'n_clusters': 8, 'affinity': 'nearest_neighbors', 'assign_labels': 'discretize', 'random_state': 5055, 'n_neighbors': 20}",0.2039482754753717,908.1358525275315,1.302479534855004
SpectralClustering,"{'n_clusters': 8, 'affinity': 'nearest_neighbors', 'assign_labels': 'discretize', 'random_state': 6066, 'n_neighbors': 20}",0.20617974897878186,908.3294465364739,1.3059310520931091
SpectralClustering,"{'n_clusters': 8, 'affinity': 'nearest_neighbors', 'assign_labels': 'cluster_qr', 'random_state': 42, 'n_neighbors': 20}",0.20388326926842434,904.8171469144045,1.3266666089179087
SpectralClustering,"{'n_clusters': 8, 'affinity': 'nearest_neighbors', 'assign_labels': 'cluster_qr', 'random_state': 123, 'n_neighbors': 20}",0.20388326926842434,904.8171469144045,1.3266666089179087
SpectralClustering,"{'n_clusters': 8, 'affinity': 'nearest_neighbors', 'assign_labels': 'cluster_qr', 'random_state': 456, 'n_neighbors': 20}",0.20388326926842434,904.8171469144045,1.3266666089179087
SpectralClustering,"{'n_clusters': 8, 'affinity': 'nearest_neighbors', 'assign_labels': 'cluster_qr', 'random_state': 789, 'n_neighbors': 20}",0.20388326926842434,904.8171469144045,1.3266666089179087
SpectralClustering,"{'n_clusters': 8, 'affinity': 'nearest_neighbors', 'assign_labels': 'cluster_qr', 'random_state': 1011, 'n_neighbors': 20}",0.20388326926842434,904.8171469144045,1.3266666089179087
SpectralClustering,"{'n_clusters': 8, 'affinity': 'nearest_neighbors', 'assign_labels': 'cluster_qr', 'random_state': 2022, 'n_neighbors': 20}",0.20388326926842434,904.8171469144045,1.3266666089179087
SpectralClustering,"{'n_clusters': 8, 'affinity': 'nearest_neighbors', 'assign_labels': 'cluster_qr', 'random_state': 3033, 'n_neighbors': 20}",0.20388326926842434,904.8171469144045,1.3266666089179087
SpectralClustering,"{'n_clusters': 8, 'affinity': 'nearest_neighbors', 'assign_labels': 'cluster_qr', 'random_state': 4044, 'n_neighbors': 20}",0.20388326926842434,904.8171469144045,1.3266666089179087
SpectralClustering,"{'n_clusters': 8, 'affinity': 'nearest_neighbors', 'assign_labels': 'cluster_qr', 'random_state': 5055, 'n_neighbors': 20}",0.20388326926842434,904.8171469144045,1.3266666089179087
SpectralClustering,"{'n_clusters': 8, 'affinity': 'nearest_neighbors', 'assign_labels': 'cluster_qr', 'random_state': 6066, 'n_neighbors': 20}",0.20388326926842434,904.8171469144045,1.3266666089179087
SpectralClustering,"{'n_clusters': 8, 'affinity': 'nearest_neighbors', 'assign_labels': 'kmeans', 'random_state': 42, 'n_neighbors': 50}",0.18856244495748417,867.8297971576089,1.2700933402324295
SpectralClustering,"{'n_clusters': 8, 'affinity': 'nearest_neighbors', 'assign_labels': 'kmeans', 'random_state': 123, 'n_neighbors': 50}",0.18853093641689353,868.0561378396171,1.2707220705880942
SpectralClustering,"{'n_clusters': 8, 'affinity': 'nearest_neighbors', 'assign_labels': 'kmeans', 'random_state': 456, 'n_neighbors': 50}",0.1885392427757502,868.604854793722,1.2709293167331865
SpectralClustering,"{'n_clusters': 8, 'affinity': 'nearest_neighbors', 'assign_labels': 'kmeans', 'random_state': 789, 'n_neighbors': 50}",0.18856244495748417,867.8297971576089,1.2700933402324295
SpectralClustering,"{'n_clusters': 8, 'affinity': 'nearest_neighbors', 'assign_labels': 'kmeans', 'random_state': 1011, 'n_neighbors': 50}",0.18853093641689353,868.0561378396172,1.2707220705880942
SpectralClustering,"{'n_clusters': 8, 'affinity': 'nearest_neighbors', 'assign_labels': 'kmeans', 'random_state': 2022, 'n_neighbors': 50}",0.18853093641689353,868.0561378396169,1.2707220705880944
SpectralClustering,"{'n_clusters': 8, 'affinity': 'nearest_neighbors', 'assign_labels': 'kmeans', 'random_state': 3033, 'n_neighbors': 50}",0.18872808169118233,869.1374200848559,1.2704704916582328
SpectralClustering,"{'n_clusters': 8, 'affinity': 'nearest_neighbors', 'assign_labels': 'kmeans', 'random_state': 4044, 'n_neighbors': 50}",0.18853093641689353,868.0561378396171,1.2707220705880942
SpectralClustering,"{'n_clusters': 8, 'affinity': 'nearest_neighbors', 'assign_labels': 'kmeans', 'random_state': 5055, 'n_neighbors': 50}",0.18856244495748417,867.8297971576089,1.2700933402324295
SpectralClustering,"{'n_clusters': 8, 'affinity': 'nearest_neighbors', 'assign_labels': 'kmeans', 'random_state': 6066, 'n_neighbors': 50}",0.18856244495748417,867.8297971576092,1.2700933402324297
SpectralClustering,"{'n_clusters': 8, 'affinity': 'nearest_neighbors', 'assign_labels': 'discretize', 'random_state': 42, 'n_neighbors': 50}",0.20079812165521532,908.3389831034751,1.2938257662796047
SpectralClustering,"{'n_clusters': 8, 'affinity': 'nearest_neighbors', 'assign_labels': 'discretize', 'random_state': 123, 'n_neighbors': 50}",0.19239196353278146,901.3907950527191,1.2898060287306243
SpectralClustering,"{'n_clusters': 8, 'affinity': 'nearest_neighbors', 'assign_labels': 'discretize', 'random_state': 456, 'n_neighbors': 50}",0.17948138787837487,769.0830034556653,1.364278397786469
SpectralClustering,"{'n_clusters': 8, 'affinity': 'nearest_neighbors', 'assign_labels': 'discretize', 'random_state': 789, 'n_neighbors': 50}",0.19945754540991606,909.1783773481441,1.3012792086328466
SpectralClustering,"{'n_clusters': 8, 'affinity': 'nearest_neighbors', 'assign_labels': 'discretize', 'random_state': 1011, 'n_neighbors': 50}",0.1934192047290218,909.5839821072769,1.2886249213402543
SpectralClustering,"{'n_clusters': 8, 'affinity': 'nearest_neighbors', 'assign_labels': 'discretize', 'random_state': 2022, 'n_neighbors': 50}",0.18069091587709943,775.4549751083749,1.356648759006304
SpectralClustering,"{'n_clusters': 8, 'affinity': 'nearest_neighbors', 'assign_labels': 'discretize', 'random_state': 3033, 'n_neighbors': 50}",0.19993110538897377,909.6128122384149,1.3075662549843121
SpectralClustering,"{'n_clusters': 8, 'affinity': 'nearest_neighbors', 'assign_labels': 'discretize', 'random_state': 4044, 'n_neighbors': 50}",0.19910954598775127,899.8503085988538,1.2884140955727519
SpectralClustering,"{'n_clusters': 8, 'affinity': 'nearest_neighbors', 'assign_labels': 'discretize', 'random_state': 5055, 'n_neighbors': 50}",0.19879243048534107,907.321478502122,1.2958973582394457
SpectralClustering,"{'n_clusters': 8, 'affinity': 'nearest_neighbors', 'assign_labels': 'discretize', 'random_state': 6066, 'n_neighbors': 50}",0.19340571146192417,910.0264485893855,1.290054592880887
SpectralClustering,"{'n_clusters': 8, 'affinity': 'nearest_neighbors', 'assign_labels': 'cluster_qr', 'random_state': 42, 'n_neighbors': 50}",0.19753208836994363,876.267667991954,1.4195894817820127
SpectralClustering,"{'n_clusters': 8, 'affinity': 'nearest_neighbors', 'assign_labels': 'cluster_qr', 'random_state': 123, 'n_neighbors': 50}",0.19753208836994363,876.267667991954,1.4195894817820127
SpectralClustering,"{'n_clusters': 8, 'affinity': 'nearest_neighbors', 'assign_labels': 'cluster_qr', 'random_state': 456, 'n_neighbors': 50}",0.19753208836994363,876.267667991954,1.4195894817820127
SpectralClustering,"{'n_clusters': 8, 'affinity': 'nearest_neighbors', 'assign_labels': 'cluster_qr', 'random_state': 789, 'n_neighbors': 50}",0.19753208836994363,876.267667991954,1.4195894817820127
SpectralClustering,"{'n_clusters': 8, 'affinity': 'nearest_neighbors', 'assign_labels': 'cluster_qr', 'random_state': 1011, 'n_neighbors': 50}",0.19753208836994363,876.267667991954,1.4195894817820127
SpectralClustering,"{'n_clusters': 8, 'affinity': 'nearest_neighbors', 'assign_labels': 'cluster_qr', 'random_state': 2022, 'n_neighbors': 50}",0.19753208836994363,876.267667991954,1.4195894817820127
SpectralClustering,"{'n_clusters': 8, 'affinity': 'nearest_neighbors', 'assign_labels': 'cluster_qr', 'random_state': 3033, 'n_neighbors': 50}",0.19753208836994363,876.267667991954,1.4195894817820127
SpectralClustering,"{'n_clusters': 8, 'affinity': 'nearest_neighbors', 'assign_labels': 'cluster_qr', 'random_state': 4044, 'n_neighbors': 50}",0.19753208836994363,876.267667991954,1.4195894817820127
SpectralClustering,"{'n_clusters': 8, 'affinity': 'nearest_neighbors', 'assign_labels': 'cluster_qr', 'random_state': 5055, 'n_neighbors': 50}",0.19753208836994363,876.267667991954,1.4195894817820127
SpectralClustering,"{'n_clusters': 8, 'affinity': 'nearest_neighbors', 'assign_labels': 'cluster_qr', 'random_state': 6066, 'n_neighbors': 50}",0.19753208836994363,876.267667991954,1.4195894817820127
SpectralClustering,"{'n_clusters': 8, 'affinity': 'nearest_neighbors', 'assign_labels': 'kmeans', 'random_state': 42, 'n_neighbors': 100}",0.18356912907330258,860.6349211667531,1.2580952145892683
SpectralClustering,"{'n_clusters': 8, 'affinity': 'nearest_neighbors', 'assign_labels': 'kmeans', 'random_state': 123, 'n_neighbors': 100}",0.18356912907330258,860.6349211667527,1.258095214589268
SpectralClustering,"{'n_clusters': 8, 'affinity': 'nearest_neighbors', 'assign_labels': 'kmeans', 'random_state': 456, 'n_neighbors': 100}",0.18353265764443033,860.6319377565596,1.2581371135396506
SpectralClustering,"{'n_clusters': 8, 'affinity': 'nearest_neighbors', 'assign_labels': 'kmeans', 'random_state': 789, 'n_neighbors': 100}",0.18353265764443033,860.6319377565596,1.2581371135396506
SpectralClustering,"{'n_clusters': 8, 'affinity': 'nearest_neighbors', 'assign_labels': 'kmeans', 'random_state': 1011, 'n_neighbors': 100}",0.18353265764443033,860.6319377565595,1.2581371135396506
SpectralClustering,"{'n_clusters': 8, 'affinity': 'nearest_neighbors', 'assign_labels': 'kmeans', 'random_state': 2022, 'n_neighbors': 100}",0.18353265764443033,860.6319377565595,1.2581371135396506
SpectralClustering,"{'n_clusters': 8, 'affinity': 'nearest_neighbors', 'assign_labels': 'kmeans', 'random_state': 3033, 'n_neighbors': 100}",0.18356912907330258,860.6349211667525,1.2580952145892683
SpectralClustering,"{'n_clusters': 8, 'affinity': 'nearest_neighbors', 'assign_labels': 'kmeans', 'random_state': 4044, 'n_neighbors': 100}",0.18353265764443033,860.6319377565596,1.2581371135396506
SpectralClustering,"{'n_clusters': 8, 'affinity': 'nearest_neighbors', 'assign_labels': 'kmeans', 'random_state': 5055, 'n_neighbors': 100}",0.18354563228436563,860.6075516087238,1.258384921230105
SpectralClustering,"{'n_clusters': 8, 'affinity': 'nearest_neighbors', 'assign_labels': 'kmeans', 'random_state': 6066, 'n_neighbors': 100}",0.18349139538279505,860.5909996025401,1.2582413183997732
SpectralClustering,"{'n_clusters': 8, 'affinity': 'nearest_neighbors', 'assign_labels': 'discretize', 'random_state': 42, 'n_neighbors': 100}",0.18836019136042867,880.1973727793531,1.274085648398934
SpectralClustering,"{'n_clusters': 8, 'affinity': 'nearest_neighbors', 'assign_labels': 'discretize', 'random_state': 123, 'n_neighbors': 100}",0.1885194986385646,880.3529923006653,1.2734760383905042
SpectralClustering,"{'n_clusters': 8, 'affinity': 'nearest_neighbors', 'assign_labels': 'discretize', 'random_state': 456, 'n_neighbors': 100}",0.18787248841911994,878.2796881497814,1.273208650971891
SpectralClustering,"{'n_clusters': 8, 'affinity': 'nearest_neighbors', 'assign_labels': 'discretize', 'random_state': 789, 'n_neighbors': 100}",0.18787248841911994,878.2796881497814,1.273208650971891
SpectralClustering,"{'n_clusters': 8, 'affinity': 'nearest_neighbors', 'assign_labels': 'discretize', 'random_state': 1011, 'n_neighbors': 100}",0.18842314457323714,880.3097484183388,1.2732923604062245
SpectralClustering,"{'n_clusters': 8, 'affinity': 'nearest_neighbors', 'assign_labels': 'discretize', 'random_state': 2022, 'n_neighbors': 100}",0.1885194986385646,880.352992300665,1.2734760383905042
SpectralClustering,"{'n_clusters': 8, 'affinity': 'nearest_neighbors', 'assign_labels': 'discretize', 'random_state': 3033, 'n_neighbors': 100}",0.18836019136042867,880.1973727793531,1.274085648398934
SpectralClustering,"{'n_clusters': 8, 'affinity': 'nearest_neighbors', 'assign_labels': 'discretize', 'random_state': 4044, 'n_neighbors': 100}",0.18821737665373914,879.1619455738818,1.2740551555242452
SpectralClustering,"{'n_clusters': 8, 'affinity': 'nearest_neighbors', 'assign_labels': 'discretize', 'random_state': 5055, 'n_neighbors': 100}",0.18787248841911994,878.2796881497816,1.273208650971891
SpectralClustering,"{'n_clusters': 8, 'affinity': 'nearest_neighbors', 'assign_labels': 'discretize', 'random_state': 6066, 'n_neighbors': 100}",0.18807259925055284,878.7491020178265,1.2735616066463482
SpectralClustering,"{'n_clusters': 8, 'affinity': 'nearest_neighbors', 'assign_labels': 'cluster_qr', 'random_state': 42, 'n_neighbors': 100}",0.18637799487036416,874.1656936111975,1.2703716215053524
SpectralClustering,"{'n_clusters': 8, 'affinity': 'nearest_neighbors', 'assign_labels': 'cluster_qr', 'random_state': 123, 'n_neighbors': 100}",0.18637799487036416,874.1656936111975,1.2703716215053524
SpectralClustering,"{'n_clusters': 8, 'affinity': 'nearest_neighbors', 'assign_labels': 'cluster_qr', 'random_state': 456, 'n_neighbors': 100}",0.18637799487036416,874.1656936111975,1.2703716215053524
SpectralClustering,"{'n_clusters': 8, 'affinity': 'nearest_neighbors', 'assign_labels': 'cluster_qr', 'random_state': 789, 'n_neighbors': 100}",0.18637799487036416,874.1656936111975,1.2703716215053524
SpectralClustering,"{'n_clusters': 8, 'affinity': 'nearest_neighbors', 'assign_labels': 'cluster_qr', 'random_state': 1011, 'n_neighbors': 100}",0.18637799487036416,874.1656936111975,1.2703716215053524
SpectralClustering,"{'n_clusters': 8, 'affinity': 'nearest_neighbors', 'assign_labels': 'cluster_qr', 'random_state': 2022, 'n_neighbors': 100}",0.18637799487036416,874.1656936111975,1.2703716215053524
SpectralClustering,"{'n_clusters': 8, 'affinity': 'nearest_neighbors', 'assign_labels': 'cluster_qr', 'random_state': 3033, 'n_neighbors': 100}",0.18637799487036416,874.1656936111975,1.2703716215053524
SpectralClustering,"{'n_clusters': 8, 'affinity': 'nearest_neighbors', 'assign_labels': 'cluster_qr', 'random_state': 4044, 'n_neighbors': 100}",0.18637799487036416,874.1656936111975,1.2703716215053524
SpectralClustering,"{'n_clusters': 8, 'affinity': 'nearest_neighbors', 'assign_labels': 'cluster_qr', 'random_state': 5055, 'n_neighbors': 100}",0.18637799487036416,874.1656936111975,1.2703716215053524
SpectralClustering,"{'n_clusters': 8, 'affinity': 'nearest_neighbors', 'assign_labels': 'cluster_qr', 'random_state': 6066, 'n_neighbors': 100}",0.18637799487036416,874.1656936111975,1.2703716215053524
SpectralClustering,"{'n_clusters': 8, 'affinity': 'polynomial', 'assign_labels': 'kmeans', 'random_state': 42}",0.04006459011335491,302.96944393057873,1.7076617116879376
SpectralClustering,"{'n_clusters': 8, 'affinity': 'polynomial', 'assign_labels': 'kmeans', 'random_state': 123}",0.0403906556876419,303.5739302984763,1.704535646013603
SpectralClustering,"{'n_clusters': 8, 'affinity': 'polynomial', 'assign_labels': 'kmeans', 'random_state': 456}",0.03426543530758634,293.07437595081,1.7131528652748964
SpectralClustering,"{'n_clusters': 8, 'affinity': 'polynomial', 'assign_labels': 'kmeans', 'random_state': 789}",0.040695077285435775,304.0356080017355,1.7051197710849753
SpectralClustering,"{'n_clusters': 8, 'affinity': 'polynomial', 'assign_labels': 'kmeans', 'random_state': 1011}",0.037483204286630684,298.8610064853622,1.711931024897721
SpectralClustering,"{'n_clusters': 8, 'affinity': 'polynomial', 'assign_labels': 'kmeans', 'random_state': 2022}",0.03996865920543605,303.79327798026964,1.7276816862269289
SpectralClustering,"{'n_clusters': 8, 'affinity': 'polynomial', 'assign_labels': 'kmeans', 'random_state': 3033}",0.04049577172878779,307.1377343135782,1.6973957453503346
SpectralClustering,"{'n_clusters': 8, 'affinity': 'polynomial', 'assign_labels': 'kmeans', 'random_state': 4044}",0.04016887661965747,302.96697139203417,1.7040258094028315
SpectralClustering,"{'n_clusters': 8, 'affinity': 'polynomial', 'assign_labels': 'kmeans', 'random_state': 5055}",0.035716843435071845,296.5749943855346,1.6886866176907742
SpectralClustering,"{'n_clusters': 8, 'affinity': 'polynomial', 'assign_labels': 'kmeans', 'random_state': 6066}",0.037857203325119264,299.8449307566284,1.730193860222533
SpectralClustering,"{'n_clusters': 8, 'affinity': 'polynomial', 'assign_labels': 'discretize', 'random_state': 42}",0.10120375076448411,554.2801556292967,1.3557713085958092
SpectralClustering,"{'n_clusters': 8, 'affinity': 'polynomial', 'assign_labels': 'discretize', 'random_state': 123}",0.10845327991828659,590.6163876109025,1.3993664685383267
SpectralClustering,"{'n_clusters': 8, 'affinity': 'polynomial', 'assign_labels': 'discretize', 'random_state': 456}",0.11211182952163051,584.6778132903177,1.4845880374557137
SpectralClustering,"{'n_clusters': 8, 'affinity': 'polynomial', 'assign_labels': 'discretize', 'random_state': 789}",0.11997205684940013,594.7734982230728,1.4517857479029863
SpectralClustering,"{'n_clusters': 8, 'affinity': 'polynomial', 'assign_labels': 'discretize', 'random_state': 1011}",0.10961191735858498,547.7873723743608,1.4228456513029633
SpectralClustering,"{'n_clusters': 8, 'affinity': 'polynomial', 'assign_labels': 'discretize', 'random_state': 2022}",0.11711082100144994,569.2877296255356,1.4177929884833542
SpectralClustering,"{'n_clusters': 8, 'affinity': 'polynomial', 'assign_labels': 'discretize', 'random_state': 3033}",0.09975564412110789,548.805358246763,1.3575029009981914
SpectralClustering,"{'n_clusters': 8, 'affinity': 'polynomial', 'assign_labels': 'discretize', 'random_state': 4044}",0.1002417194051917,549.8340392587336,1.3577635398153938
SpectralClustering,"{'n_clusters': 8, 'affinity': 'polynomial', 'assign_labels': 'discretize', 'random_state': 5055}",0.10845327991828659,590.6163876109025,1.3993664685383265
SpectralClustering,"{'n_clusters': 8, 'affinity': 'polynomial', 'assign_labels': 'discretize', 'random_state': 6066}",0.11917266923022923,594.8964035917808,1.4550350755875257
SpectralClustering,"{'n_clusters': 8, 'affinity': 'polynomial', 'assign_labels': 'cluster_qr', 'random_state': 42}",0.13774743023905028,722.2977342780114,1.5414371327786114
SpectralClustering,"{'n_clusters': 8, 'affinity': 'polynomial', 'assign_labels': 'cluster_qr', 'random_state': 123}",0.13774743023905028,722.2977342780114,1.5414371327786114
SpectralClustering,"{'n_clusters': 8, 'affinity': 'polynomial', 'assign_labels': 'cluster_qr', 'random_state': 456}",0.13774743023905028,722.2977342780114,1.5414371327786114
SpectralClustering,"{'n_clusters': 8, 'affinity': 'polynomial', 'assign_labels': 'cluster_qr', 'random_state': 789}",0.13774743023905028,722.2977342780114,1.5414371327786114
SpectralClustering,"{'n_clusters': 8, 'affinity': 'polynomial', 'assign_labels': 'cluster_qr', 'random_state': 1011}",0.13774743023905028,722.2977342780114,1.5414371327786114
SpectralClustering,"{'n_clusters': 8, 'affinity': 'polynomial', 'assign_labels': 'cluster_qr', 'random_state': 2022}",0.13774743023905028,722.2977342780114,1.5414371327786114
SpectralClustering,"{'n_clusters': 8, 'affinity': 'polynomial', 'assign_labels': 'cluster_qr', 'random_state': 3033}",0.13774743023905028,722.2977342780114,1.5414371327786114
SpectralClustering,"{'n_clusters': 8, 'affinity': 'polynomial', 'assign_labels': 'cluster_qr', 'random_state': 4044}",0.13774743023905028,722.2977342780114,1.5414371327786114
SpectralClustering,"{'n_clusters': 8, 'affinity': 'polynomial', 'assign_labels': 'cluster_qr', 'random_state': 5055}",0.13774743023905028,722.2977342780114,1.5414371327786114
SpectralClustering,"{'n_clusters': 8, 'affinity': 'polynomial', 'assign_labels': 'cluster_qr', 'random_state': 6066}",0.13774743023905028,722.2977342780114,1.5414371327786114
SpectralClustering,"{'n_clusters': 8, 'affinity': 'poly', 'assign_labels': 'kmeans', 'random_state': 42}",0.04006459011335491,302.96944393057873,1.7076617116879376
SpectralClustering,"{'n_clusters': 8, 'affinity': 'poly', 'assign_labels': 'kmeans', 'random_state': 123}",0.0403906556876419,303.5739302984763,1.704535646013603
SpectralClustering,"{'n_clusters': 8, 'affinity': 'poly', 'assign_labels': 'kmeans', 'random_state': 456}",0.03426543530758634,293.07437595081,1.7131528652748964
SpectralClustering,"{'n_clusters': 8, 'affinity': 'poly', 'assign_labels': 'kmeans', 'random_state': 789}",0.040695077285435775,304.0356080017355,1.7051197710849753
SpectralClustering,"{'n_clusters': 8, 'affinity': 'poly', 'assign_labels': 'kmeans', 'random_state': 1011}",0.037483204286630684,298.8610064853622,1.711931024897721
SpectralClustering,"{'n_clusters': 8, 'affinity': 'poly', 'assign_labels': 'kmeans', 'random_state': 2022}",0.03996865920543605,303.79327798026964,1.7276816862269289
SpectralClustering,"{'n_clusters': 8, 'affinity': 'poly', 'assign_labels': 'kmeans', 'random_state': 3033}",0.04049577172878779,307.1377343135782,1.6973957453503346
SpectralClustering,"{'n_clusters': 8, 'affinity': 'poly', 'assign_labels': 'kmeans', 'random_state': 4044}",0.04016887661965747,302.96697139203417,1.7040258094028315
SpectralClustering,"{'n_clusters': 8, 'affinity': 'poly', 'assign_labels': 'kmeans', 'random_state': 5055}",0.035716843435071845,296.5749943855346,1.6886866176907742
SpectralClustering,"{'n_clusters': 8, 'affinity': 'poly', 'assign_labels': 'kmeans', 'random_state': 6066}",0.037857203325119264,299.8449307566284,1.730193860222533
SpectralClustering,"{'n_clusters': 8, 'affinity': 'poly', 'assign_labels': 'discretize', 'random_state': 42}",0.10120375076448411,554.2801556292967,1.3557713085958092
SpectralClustering,"{'n_clusters': 8, 'affinity': 'poly', 'assign_labels': 'discretize', 'random_state': 123}",0.10845327991828659,590.6163876109025,1.3993664685383267
SpectralClustering,"{'n_clusters': 8, 'affinity': 'poly', 'assign_labels': 'discretize', 'random_state': 456}",0.11211182952163051,584.6778132903177,1.4845880374557137
SpectralClustering,"{'n_clusters': 8, 'affinity': 'poly', 'assign_labels': 'discretize', 'random_state': 789}",0.11997205684940013,594.7734982230728,1.4517857479029863
SpectralClustering,"{'n_clusters': 8, 'affinity': 'poly', 'assign_labels': 'discretize', 'random_state': 1011}",0.10961191735858498,547.7873723743608,1.4228456513029633
SpectralClustering,"{'n_clusters': 8, 'affinity': 'poly', 'assign_labels': 'discretize', 'random_state': 2022}",0.11711082100144994,569.2877296255356,1.4177929884833542
SpectralClustering,"{'n_clusters': 8, 'affinity': 'poly', 'assign_labels': 'discretize', 'random_state': 3033}",0.09975564412110789,548.805358246763,1.3575029009981914
SpectralClustering,"{'n_clusters': 8, 'affinity': 'poly', 'assign_labels': 'discretize', 'random_state': 4044}",0.1002417194051917,549.8340392587336,1.3577635398153938
SpectralClustering,"{'n_clusters': 8, 'affinity': 'poly', 'assign_labels': 'discretize', 'random_state': 5055}",0.10845327991828659,590.6163876109025,1.3993664685383265
SpectralClustering,"{'n_clusters': 8, 'affinity': 'poly', 'assign_labels': 'discretize', 'random_state': 6066}",0.11917266923022923,594.8964035917808,1.4550350755875257
SpectralClustering,"{'n_clusters': 8, 'affinity': 'poly', 'assign_labels': 'cluster_qr', 'random_state': 42}",0.13774743023905028,722.2977342780114,1.5414371327786114
SpectralClustering,"{'n_clusters': 8, 'affinity': 'poly', 'assign_labels': 'cluster_qr', 'random_state': 123}",0.13774743023905028,722.2977342780114,1.5414371327786114
SpectralClustering,"{'n_clusters': 8, 'affinity': 'poly', 'assign_labels': 'cluster_qr', 'random_state': 456}",0.13774743023905028,722.2977342780114,1.5414371327786114
SpectralClustering,"{'n_clusters': 8, 'affinity': 'poly', 'assign_labels': 'cluster_qr', 'random_state': 789}",0.13774743023905028,722.2977342780114,1.5414371327786114
SpectralClustering,"{'n_clusters': 8, 'affinity': 'poly', 'assign_labels': 'cluster_qr', 'random_state': 1011}",0.13774743023905028,722.2977342780114,1.5414371327786114
SpectralClustering,"{'n_clusters': 8, 'affinity': 'poly', 'assign_labels': 'cluster_qr', 'random_state': 2022}",0.13774743023905028,722.2977342780114,1.5414371327786114
SpectralClustering,"{'n_clusters': 8, 'affinity': 'poly', 'assign_labels': 'cluster_qr', 'random_state': 3033}",0.13774743023905028,722.2977342780114,1.5414371327786114
SpectralClustering,"{'n_clusters': 8, 'affinity': 'poly', 'assign_labels': 'cluster_qr', 'random_state': 4044}",0.13774743023905028,722.2977342780114,1.5414371327786114
SpectralClustering,"{'n_clusters': 8, 'affinity': 'poly', 'assign_labels': 'cluster_qr', 'random_state': 5055}",0.13774743023905028,722.2977342780114,1.5414371327786114
SpectralClustering,"{'n_clusters': 8, 'affinity': 'poly', 'assign_labels': 'cluster_qr', 'random_state': 6066}",0.13774743023905028,722.2977342780114,1.5414371327786114
SpectralClustering,"{'n_clusters': 8, 'affinity': 'sigmoid', 'assign_labels': 'kmeans', 'random_state': 42}",0.031092343125035067,291.93316100521884,3.1790196218891302
SpectralClustering,"{'n_clusters': 8, 'affinity': 'sigmoid', 'assign_labels': 'kmeans', 'random_state': 123}",0.034681845299994726,321.2921580663758,2.892363763664355
SpectralClustering,"{'n_clusters': 8, 'affinity': 'sigmoid', 'assign_labels': 'kmeans', 'random_state': 456}",0.03149492100979987,312.5654892918449,3.0886828828994597
SpectralClustering,"{'n_clusters': 8, 'affinity': 'sigmoid', 'assign_labels': 'kmeans', 'random_state': 789}",0.03880860633426011,293.67154913148113,3.125623575152172
SpectralClustering,"{'n_clusters': 8, 'affinity': 'sigmoid', 'assign_labels': 'kmeans', 'random_state': 1011}",0.09977118386371416,369.61073513842086,3.1582487453733723
SpectralClustering,"{'n_clusters': 8, 'affinity': 'sigmoid', 'assign_labels': 'kmeans', 'random_state': 2022}",0.09507312716489218,370.2443863294562,3.349816956206862
SpectralClustering,"{'n_clusters': 8, 'affinity': 'sigmoid', 'assign_labels': 'kmeans', 'random_state': 3033}",0.0999697969945376,375.15272312938754,3.141832662029971
SpectralClustering,"{'n_clusters': 8, 'affinity': 'sigmoid', 'assign_labels': 'kmeans', 'random_state': 4044}",0.0685505187103208,359.63329598027934,3.0231122740361593
SpectralClustering,"{'n_clusters': 8, 'affinity': 'sigmoid', 'assign_labels': 'kmeans', 'random_state': 5055}",0.03388998654613963,321.0912509322374,2.9721094548567626
SpectralClustering,"{'n_clusters': 8, 'affinity': 'sigmoid', 'assign_labels': 'kmeans', 'random_state': 6066}",0.03554162085596157,323.33100994727545,3.0014218691515078
SpectralClustering,"{'n_clusters': 8, 'affinity': 'sigmoid', 'assign_labels': 'discretize', 'random_state': 42}",0.031747227988169896,237.7129872645701,3.443226311292669
SpectralClustering,"{'n_clusters': 8, 'affinity': 'sigmoid', 'assign_labels': 'discretize', 'random_state': 123}",0.024345536092493774,225.72438221893546,2.721451333943022
SpectralClustering,"{'n_clusters': 8, 'affinity': 'sigmoid', 'assign_labels': 'discretize', 'random_state': 456}",0.02798560672646603,214.49387816942107,3.2525418129729737
SpectralClustering,"{'n_clusters': 8, 'affinity': 'sigmoid', 'assign_labels': 'discretize', 'random_state': 789}",0.046386857479412645,274.3839767358792,2.8038603827473714
SpectralClustering,"{'n_clusters': 8, 'affinity': 'sigmoid', 'assign_labels': 'discretize', 'random_state': 1011}",0.044595125719675395,235.97511879207005,2.6835219672092667
SpectralClustering,"{'n_clusters': 8, 'affinity': 'sigmoid', 'assign_labels': 'discretize', 'random_state': 2022}",0.03438008486619718,260.25731953794144,3.0943561378001663
SpectralClustering,"{'n_clusters': 8, 'affinity': 'sigmoid', 'assign_labels': 'discretize', 'random_state': 3033}",0.04406220334750656,269.2555153860386,2.746417282649208
SpectralClustering,"{'n_clusters': 8, 'affinity': 'sigmoid', 'assign_labels': 'discretize', 'random_state': 4044}",0.032510270431784616,238.81879504857852,2.87596539610534
SpectralClustering,"{'n_clusters': 8, 'affinity': 'sigmoid', 'assign_labels': 'discretize', 'random_state': 5055}",0.06761491241625119,315.5808823182976,2.2744711595421125
SpectralClustering,"{'n_clusters': 8, 'affinity': 'sigmoid', 'assign_labels': 'discretize', 'random_state': 6066}",0.04830149577229752,276.339829525227,2.8017572737186773
SpectralClustering,"{'n_clusters': 8, 'affinity': 'sigmoid', 'assign_labels': 'cluster_qr', 'random_state': 42}",-0.034619140577767306,83.8087791459545,5.420461348335714
SpectralClustering,"{'n_clusters': 8, 'affinity': 'sigmoid', 'assign_labels': 'cluster_qr', 'random_state': 123}",-0.034619140577767306,83.8087791459545,5.420461348335714
SpectralClustering,"{'n_clusters': 8, 'affinity': 'sigmoid', 'assign_labels': 'cluster_qr', 'random_state': 456}",-0.034619140577767306,83.8087791459545,5.420461348335714
SpectralClustering,"{'n_clusters': 8, 'affinity': 'sigmoid', 'assign_labels': 'cluster_qr', 'random_state': 789}",-0.034619140577767306,83.8087791459545,5.420461348335714
SpectralClustering,"{'n_clusters': 8, 'affinity': 'sigmoid', 'assign_labels': 'cluster_qr', 'random_state': 1011}",-0.034619140577767306,83.8087791459545,5.420461348335714
SpectralClustering,"{'n_clusters': 8, 'affinity': 'sigmoid', 'assign_labels': 'cluster_qr', 'random_state': 2022}",-0.034619140577767306,83.8087791459545,5.420461348335714
SpectralClustering,"{'n_clusters': 8, 'affinity': 'sigmoid', 'assign_labels': 'cluster_qr', 'random_state': 3033}",-0.034619140577767306,83.8087791459545,5.420461348335714
SpectralClustering,"{'n_clusters': 8, 'affinity': 'sigmoid', 'assign_labels': 'cluster_qr', 'random_state': 4044}",-0.034619140577767306,83.8087791459545,5.420461348335714
SpectralClustering,"{'n_clusters': 8, 'affinity': 'sigmoid', 'assign_labels': 'cluster_qr', 'random_state': 5055}",-0.034619140577767306,83.8087791459545,5.420461348335714
SpectralClustering,"{'n_clusters': 8, 'affinity': 'sigmoid', 'assign_labels': 'cluster_qr', 'random_state': 6066}",-0.034619140577767306,83.8087791459545,5.420461348335714
SpectralClustering,"{'n_clusters': 9, 'affinity': 'rbf', 'assign_labels': 'kmeans', 'random_state': 42}",0.3211961780440109,281.0126212386438,1.268320849471473
SpectralClustering,"{'n_clusters': 9, 'affinity': 'rbf', 'assign_labels': 'kmeans', 'random_state': 123}",0.3199746935061942,280.0501773587039,1.266293503786522
SpectralClustering,"{'n_clusters': 9, 'affinity': 'rbf', 'assign_labels': 'kmeans', 'random_state': 456}",0.321284612870058,281.06285944375566,1.240477493794791
SpectralClustering,"{'n_clusters': 9, 'affinity': 'rbf', 'assign_labels': 'kmeans', 'random_state': 789}",0.3202425957724018,279.9154726834922,1.2130916210864475
SpectralClustering,"{'n_clusters': 9, 'affinity': 'rbf', 'assign_labels': 'kmeans', 'random_state': 1011}",0.31913730189544504,280.5511482495835,1.2443597575463583
SpectralClustering,"{'n_clusters': 9, 'affinity': 'rbf', 'assign_labels': 'kmeans', 'random_state': 2022}",0.32126130890297927,273.95925879176076,1.1331350792115478
SpectralClustering,"{'n_clusters': 9, 'affinity': 'rbf', 'assign_labels': 'kmeans', 'random_state': 3033}",0.32071518410944544,276.5500605382142,1.1468995242964712
SpectralClustering,"{'n_clusters': 9, 'affinity': 'rbf', 'assign_labels': 'kmeans', 'random_state': 4044}",0.3211258344305108,273.85823173385774,1.1333952856133618
SpectralClustering,"{'n_clusters': 9, 'affinity': 'rbf', 'assign_labels': 'kmeans', 'random_state': 5055}",0.3302632740576428,279.5056847756302,1.13073044108602
SpectralClustering,"{'n_clusters': 9, 'affinity': 'rbf', 'assign_labels': 'kmeans', 'random_state': 6066}",0.33005599093642174,279.15596222293607,1.1837068887128934
SpectralClustering,"{'n_clusters': 9, 'affinity': 'rbf', 'assign_labels': 'discretize', 'random_state': 42}",0.27782297205618706,761.8641922554172,1.0363338043619343
SpectralClustering,"{'n_clusters': 9, 'affinity': 'rbf', 'assign_labels': 'discretize', 'random_state': 123}",0.27787127630061936,762.161298879464,1.036272561070554
SpectralClustering,"{'n_clusters': 9, 'affinity': 'rbf', 'assign_labels': 'discretize', 'random_state': 456}",0.27779114434017593,762.2531407574197,1.0421756605330985
SpectralClustering,"{'n_clusters': 9, 'affinity': 'rbf', 'assign_labels': 'discretize', 'random_state': 789}",0.27796223630926664,762.5430112029449,1.04190334215047
SpectralClustering,"{'n_clusters': 9, 'affinity': 'rbf', 'assign_labels': 'discretize', 'random_state': 1011}",0.27782297205618706,761.8641922554175,1.0363338043619346
SpectralClustering,"{'n_clusters': 9, 'affinity': 'rbf', 'assign_labels': 'discretize', 'random_state': 2022}",0.278166397050139,763.4068720774318,1.0361653671191486
SpectralClustering,"{'n_clusters': 9, 'affinity': 'rbf', 'assign_labels': 'discretize', 'random_state': 3033}",0.26032033094281243,682.8988554453205,1.0300910399557537
SpectralClustering,"{'n_clusters': 9, 'affinity': 'rbf', 'assign_labels': 'discretize', 'random_state': 4044}",0.27782032333470474,762.122546819195,1.0420812271309532
SpectralClustering,"{'n_clusters': 9, 'affinity': 'rbf', 'assign_labels': 'discretize', 'random_state': 5055}",0.27779114434017593,762.2531407574198,1.0421756605330985
SpectralClustering,"{'n_clusters': 9, 'affinity': 'rbf', 'assign_labels': 'discretize', 'random_state': 6066}",0.27782032333470474,762.122546819195,1.0420812271309532
SpectralClustering,"{'n_clusters': 9, 'affinity': 'rbf', 'assign_labels': 'cluster_qr', 'random_state': 42}",0.2621840545555134,715.6490758100598,1.3918205293366277
SpectralClustering,"{'n_clusters': 9, 'affinity': 'rbf', 'assign_labels': 'cluster_qr', 'random_state': 123}",0.2621840545555134,715.6490758100598,1.3918205293366277
SpectralClustering,"{'n_clusters': 9, 'affinity': 'rbf', 'assign_labels': 'cluster_qr', 'random_state': 456}",0.2621840545555134,715.6490758100598,1.3918205293366277
SpectralClustering,"{'n_clusters': 9, 'affinity': 'rbf', 'assign_labels': 'cluster_qr', 'random_state': 789}",0.2621840545555134,715.6490758100598,1.3918205293366277
SpectralClustering,"{'n_clusters': 9, 'affinity': 'rbf', 'assign_labels': 'cluster_qr', 'random_state': 1011}",0.2621840545555134,715.6490758100598,1.3918205293366277
SpectralClustering,"{'n_clusters': 9, 'affinity': 'rbf', 'assign_labels': 'cluster_qr', 'random_state': 2022}",0.2621840545555134,715.6490758100598,1.3918205293366277
SpectralClustering,"{'n_clusters': 9, 'affinity': 'rbf', 'assign_labels': 'cluster_qr', 'random_state': 3033}",0.2621840545555134,715.6490758100598,1.3918205293366277
SpectralClustering,"{'n_clusters': 9, 'affinity': 'rbf', 'assign_labels': 'cluster_qr', 'random_state': 4044}",0.2621840545555134,715.6490758100598,1.3918205293366277
SpectralClustering,"{'n_clusters': 9, 'affinity': 'rbf', 'assign_labels': 'cluster_qr', 'random_state': 5055}",0.2621840545555134,715.6490758100598,1.3918205293366277
SpectralClustering,"{'n_clusters': 9, 'affinity': 'rbf', 'assign_labels': 'cluster_qr', 'random_state': 6066}",0.2621840545555134,715.6490758100598,1.3918205293366277
SpectralClustering,"{'n_clusters': 9, 'affinity': 'nearest_neighbors', 'assign_labels': 'kmeans', 'random_state': 42, 'n_neighbors': 5}",0.18804331494791512,816.8713624303425,1.3452378604152015
SpectralClustering,"{'n_clusters': 9, 'affinity': 'nearest_neighbors', 'assign_labels': 'kmeans', 'random_state': 123, 'n_neighbors': 5}",0.18829828150300437,817.4811240996958,1.344546206794397
SpectralClustering,"{'n_clusters': 9, 'affinity': 'nearest_neighbors', 'assign_labels': 'kmeans', 'random_state': 456, 'n_neighbors': 5}",0.18841317830351223,817.1565992153477,1.3439677430910353
SpectralClustering,"{'n_clusters': 9, 'affinity': 'nearest_neighbors', 'assign_labels': 'kmeans', 'random_state': 789, 'n_neighbors': 5}",0.18841317830351223,817.1565992153478,1.3439677430910353
SpectralClustering,"{'n_clusters': 9, 'affinity': 'nearest_neighbors', 'assign_labels': 'kmeans', 'random_state': 1011, 'n_neighbors': 5}",0.18841317830351223,817.1565992153478,1.343967743091035
SpectralClustering,"{'n_clusters': 9, 'affinity': 'nearest_neighbors', 'assign_labels': 'kmeans', 'random_state': 2022, 'n_neighbors': 5}",0.18841317830351223,817.1565992153477,1.3439677430910353
SpectralClustering,"{'n_clusters': 9, 'affinity': 'nearest_neighbors', 'assign_labels': 'kmeans', 'random_state': 3033, 'n_neighbors': 5}",0.18804331494791512,816.8713624303425,1.3452378604152018
SpectralClustering,"{'n_clusters': 9, 'affinity': 'nearest_neighbors', 'assign_labels': 'kmeans', 'random_state': 4044, 'n_neighbors': 5}",0.18841317830351223,817.1565992153478,1.343967743091035
SpectralClustering,"{'n_clusters': 9, 'affinity': 'nearest_neighbors', 'assign_labels': 'kmeans', 'random_state': 5055, 'n_neighbors': 5}",0.18841317830351223,817.1565992153478,1.343967743091035
SpectralClustering,"{'n_clusters': 9, 'affinity': 'nearest_neighbors', 'assign_labels': 'kmeans', 'random_state': 6066, 'n_neighbors': 5}",0.18829828150300437,817.4811240996955,1.344546206794397
SpectralClustering,"{'n_clusters': 9, 'affinity': 'nearest_neighbors', 'assign_labels': 'discretize', 'random_state': 42, 'n_neighbors': 5}",0.1959487987283492,819.6794220242505,1.3450600605295022
SpectralClustering,"{'n_clusters': 9, 'affinity': 'nearest_neighbors', 'assign_labels': 'discretize', 'random_state': 123, 'n_neighbors': 5}",0.19593337689781673,819.5568159290264,1.3448572168011064
SpectralClustering,"{'n_clusters': 9, 'affinity': 'nearest_neighbors', 'assign_labels': 'discretize', 'random_state': 456, 'n_neighbors': 5}",0.1959487987283492,819.67942202425,1.3450600605295022
SpectralClustering,"{'n_clusters': 9, 'affinity': 'nearest_neighbors', 'assign_labels': 'discretize', 'random_state': 789, 'n_neighbors': 5}",0.1959487987283492,819.6794220242506,1.345060060529502
SpectralClustering,"{'n_clusters': 9, 'affinity': 'nearest_neighbors', 'assign_labels': 'discretize', 'random_state': 1011, 'n_neighbors': 5}",0.19593337689781673,819.5568159290265,1.3448572168011064
SpectralClustering,"{'n_clusters': 9, 'affinity': 'nearest_neighbors', 'assign_labels': 'discretize', 'random_state': 2022, 'n_neighbors': 5}",0.1959487987283492,819.6794220242504,1.3450600605295022
SpectralClustering,"{'n_clusters': 9, 'affinity': 'nearest_neighbors', 'assign_labels': 'discretize', 'random_state': 3033, 'n_neighbors': 5}",0.19593337689781673,819.5568159290264,1.3448572168011064
SpectralClustering,"{'n_clusters': 9, 'affinity': 'nearest_neighbors', 'assign_labels': 'discretize', 'random_state': 4044, 'n_neighbors': 5}",0.1959487987283492,819.6794220242502,1.3450600605295022
SpectralClustering,"{'n_clusters': 9, 'affinity': 'nearest_neighbors', 'assign_labels': 'discretize', 'random_state': 5055, 'n_neighbors': 5}",0.19593337689781673,819.5568159290261,1.3448572168011066
SpectralClustering,"{'n_clusters': 9, 'affinity': 'nearest_neighbors', 'assign_labels': 'discretize', 'random_state': 6066, 'n_neighbors': 5}",0.19593337689781673,819.5568159290267,1.3448572168011064
SpectralClustering,"{'n_clusters': 9, 'affinity': 'nearest_neighbors', 'assign_labels': 'cluster_qr', 'random_state': 42, 'n_neighbors': 5}",0.19699212602488128,823.6757338413524,1.360633237454306
SpectralClustering,"{'n_clusters': 9, 'affinity': 'nearest_neighbors', 'assign_labels': 'cluster_qr', 'random_state': 123, 'n_neighbors': 5}",0.19699212602488128,823.6757338413524,1.360633237454306
SpectralClustering,"{'n_clusters': 9, 'affinity': 'nearest_neighbors', 'assign_labels': 'cluster_qr', 'random_state': 456, 'n_neighbors': 5}",0.19699212602488128,823.6757338413524,1.360633237454306
SpectralClustering,"{'n_clusters': 9, 'affinity': 'nearest_neighbors', 'assign_labels': 'cluster_qr', 'random_state': 789, 'n_neighbors': 5}",0.19699212602488128,823.6757338413524,1.360633237454306
SpectralClustering,"{'n_clusters': 9, 'affinity': 'nearest_neighbors', 'assign_labels': 'cluster_qr', 'random_state': 1011, 'n_neighbors': 5}",0.19699212602488128,823.6757338413524,1.360633237454306
SpectralClustering,"{'n_clusters': 9, 'affinity': 'nearest_neighbors', 'assign_labels': 'cluster_qr', 'random_state': 2022, 'n_neighbors': 5}",0.19699212602488128,823.6757338413524,1.360633237454306
SpectralClustering,"{'n_clusters': 9, 'affinity': 'nearest_neighbors', 'assign_labels': 'cluster_qr', 'random_state': 3033, 'n_neighbors': 5}",0.19699212602488128,823.6757338413524,1.360633237454306
SpectralClustering,"{'n_clusters': 9, 'affinity': 'nearest_neighbors', 'assign_labels': 'cluster_qr', 'random_state': 4044, 'n_neighbors': 5}",0.19699212602488128,823.6757338413524,1.360633237454306
SpectralClustering,"{'n_clusters': 9, 'affinity': 'nearest_neighbors', 'assign_labels': 'cluster_qr', 'random_state': 5055, 'n_neighbors': 5}",0.19699212602488128,823.6757338413524,1.360633237454306
SpectralClustering,"{'n_clusters': 9, 'affinity': 'nearest_neighbors', 'assign_labels': 'cluster_qr', 'random_state': 6066, 'n_neighbors': 5}",0.19699212602488128,823.6757338413524,1.360633237454306
SpectralClustering,"{'n_clusters': 9, 'affinity': 'nearest_neighbors', 'assign_labels': 'kmeans', 'random_state': 42, 'n_neighbors': 10}",0.192245642119049,866.8593949736082,1.3143097507480022
SpectralClustering,"{'n_clusters': 9, 'affinity': 'nearest_neighbors', 'assign_labels': 'kmeans', 'random_state': 123, 'n_neighbors': 10}",0.192245642119049,866.8593949736083,1.3143097507480024
SpectralClustering,"{'n_clusters': 9, 'affinity': 'nearest_neighbors', 'assign_labels': 'kmeans', 'random_state': 456, 'n_neighbors': 10}",0.192245642119049,866.8593949736082,1.3143097507480022
SpectralClustering,"{'n_clusters': 9, 'affinity': 'nearest_neighbors', 'assign_labels': 'kmeans', 'random_state': 789, 'n_neighbors': 10}",0.192245642119049,866.8593949736082,1.3143097507480024
SpectralClustering,"{'n_clusters': 9, 'affinity': 'nearest_neighbors', 'assign_labels': 'kmeans', 'random_state': 1011, 'n_neighbors': 10}",0.19245156731808694,867.6081680250602,1.3144896951401541
SpectralClustering,"{'n_clusters': 9, 'affinity': 'nearest_neighbors', 'assign_labels': 'kmeans', 'random_state': 2022, 'n_neighbors': 10}",0.19248514863928695,867.7024362452729,1.3142368697468387
SpectralClustering,"{'n_clusters': 9, 'affinity': 'nearest_neighbors', 'assign_labels': 'kmeans', 'random_state': 3033, 'n_neighbors': 10}",0.192245642119049,866.8593949736082,1.3143097507480022
SpectralClustering,"{'n_clusters': 9, 'affinity': 'nearest_neighbors', 'assign_labels': 'kmeans', 'random_state': 4044, 'n_neighbors': 10}",0.192245642119049,866.8593949736083,1.3143097507480022
SpectralClustering,"{'n_clusters': 9, 'affinity': 'nearest_neighbors', 'assign_labels': 'kmeans', 'random_state': 5055, 'n_neighbors': 10}",0.192245642119049,866.859394973608,1.3143097507480022
SpectralClustering,"{'n_clusters': 9, 'affinity': 'nearest_neighbors', 'assign_labels': 'kmeans', 'random_state': 6066, 'n_neighbors': 10}",0.19237504661594698,867.3722756482011,1.3143154112115492
SpectralClustering,"{'n_clusters': 9, 'affinity': 'nearest_neighbors', 'assign_labels': 'discretize', 'random_state': 42, 'n_neighbors': 10}",0.1965294823402954,883.661182428004,1.3053296980956899
SpectralClustering,"{'n_clusters': 9, 'affinity': 'nearest_neighbors', 'assign_labels': 'discretize', 'random_state': 123, 'n_neighbors': 10}",0.1934275117791549,889.3763278075983,1.3243090329688252
SpectralClustering,"{'n_clusters': 9, 'affinity': 'nearest_neighbors', 'assign_labels': 'discretize', 'random_state': 456, 'n_neighbors': 10}",0.19392678210734254,891.742692725763,1.3253812300051895
SpectralClustering,"{'n_clusters': 9, 'affinity': 'nearest_neighbors', 'assign_labels': 'discretize', 'random_state': 789, 'n_neighbors': 10}",0.1965294823402954,883.661182428004,1.3053296980956899
SpectralClustering,"{'n_clusters': 9, 'affinity': 'nearest_neighbors', 'assign_labels': 'discretize', 'random_state': 1011, 'n_neighbors': 10}",0.19641084420154215,883.7410707947108,1.3079434353730754
SpectralClustering,"{'n_clusters': 9, 'affinity': 'nearest_neighbors', 'assign_labels': 'discretize', 'random_state': 2022, 'n_neighbors': 10}",0.1965294823402954,883.6611824280038,1.3053296980956899
SpectralClustering,"{'n_clusters': 9, 'affinity': 'nearest_neighbors', 'assign_labels': 'discretize', 'random_state': 3033, 'n_neighbors': 10}",0.19690191786722916,887.1944773854037,1.3206332620309484
SpectralClustering,"{'n_clusters': 9, 'affinity': 'nearest_neighbors', 'assign_labels': 'discretize', 'random_state': 4044, 'n_neighbors': 10}",0.19633191985430887,883.4402546471457,1.3063419888457997
SpectralClustering,"{'n_clusters': 9, 'affinity': 'nearest_neighbors', 'assign_labels': 'discretize', 'random_state': 5055, 'n_neighbors': 10}",0.19647880104209586,883.6508753912299,1.305434460740273
SpectralClustering,"{'n_clusters': 9, 'affinity': 'nearest_neighbors', 'assign_labels': 'discretize', 'random_state': 6066, 'n_neighbors': 10}",0.1968951623318433,884.711299671512,1.3073137995026622
SpectralClustering,"{'n_clusters': 9, 'affinity': 'nearest_neighbors', 'assign_labels': 'cluster_qr', 'random_state': 42, 'n_neighbors': 10}",0.19459696883767602,880.615402886305,1.313788509186322
SpectralClustering,"{'n_clusters': 9, 'affinity': 'nearest_neighbors', 'assign_labels': 'cluster_qr', 'random_state': 123, 'n_neighbors': 10}",0.19459696883767602,880.615402886305,1.313788509186322
SpectralClustering,"{'n_clusters': 9, 'affinity': 'nearest_neighbors', 'assign_labels': 'cluster_qr', 'random_state': 456, 'n_neighbors': 10}",0.19459696883767602,880.615402886305,1.313788509186322
SpectralClustering,"{'n_clusters': 9, 'affinity': 'nearest_neighbors', 'assign_labels': 'cluster_qr', 'random_state': 789, 'n_neighbors': 10}",0.19459696883767602,880.615402886305,1.313788509186322
SpectralClustering,"{'n_clusters': 9, 'affinity': 'nearest_neighbors', 'assign_labels': 'cluster_qr', 'random_state': 1011, 'n_neighbors': 10}",0.19459696883767602,880.615402886305,1.313788509186322
SpectralClustering,"{'n_clusters': 9, 'affinity': 'nearest_neighbors', 'assign_labels': 'cluster_qr', 'random_state': 2022, 'n_neighbors': 10}",0.19459696883767602,880.615402886305,1.313788509186322
SpectralClustering,"{'n_clusters': 9, 'affinity': 'nearest_neighbors', 'assign_labels': 'cluster_qr', 'random_state': 3033, 'n_neighbors': 10}",0.19459696883767602,880.615402886305,1.313788509186322
SpectralClustering,"{'n_clusters': 9, 'affinity': 'nearest_neighbors', 'assign_labels': 'cluster_qr', 'random_state': 4044, 'n_neighbors': 10}",0.19459696883767602,880.615402886305,1.313788509186322
SpectralClustering,"{'n_clusters': 9, 'affinity': 'nearest_neighbors', 'assign_labels': 'cluster_qr', 'random_state': 5055, 'n_neighbors': 10}",0.19459696883767602,880.615402886305,1.313788509186322
SpectralClustering,"{'n_clusters': 9, 'affinity': 'nearest_neighbors', 'assign_labels': 'cluster_qr', 'random_state': 6066, 'n_neighbors': 10}",0.19459696883767602,880.615402886305,1.313788509186322
SpectralClustering,"{'n_clusters': 9, 'affinity': 'nearest_neighbors', 'assign_labels': 'kmeans', 'random_state': 42, 'n_neighbors': 15}",0.18987500563882936,860.5182831633042,1.305735736247342
SpectralClustering,"{'n_clusters': 9, 'affinity': 'nearest_neighbors', 'assign_labels': 'kmeans', 'random_state': 123, 'n_neighbors': 15}",0.18929929365530684,859.8258838539077,1.3056771190517698
SpectralClustering,"{'n_clusters': 9, 'affinity': 'nearest_neighbors', 'assign_labels': 'kmeans', 'random_state': 456, 'n_neighbors': 15}",0.18973622338612545,860.3932038225357,1.306857562428191
SpectralClustering,"{'n_clusters': 9, 'affinity': 'nearest_neighbors', 'assign_labels': 'kmeans', 'random_state': 789, 'n_neighbors': 15}",0.18932024309823736,856.4808585297208,1.3087220203515482
SpectralClustering,"{'n_clusters': 9, 'affinity': 'nearest_neighbors', 'assign_labels': 'kmeans', 'random_state': 1011, 'n_neighbors': 15}",0.18936493960126122,859.9245885898279,1.3062311955788988
SpectralClustering,"{'n_clusters': 9, 'affinity': 'nearest_neighbors', 'assign_labels': 'kmeans', 'random_state': 2022, 'n_neighbors': 15}",0.18882411504432098,855.6214731447637,1.307329435782083
SpectralClustering,"{'n_clusters': 9, 'affinity': 'nearest_neighbors', 'assign_labels': 'kmeans', 'random_state': 3033, 'n_neighbors': 15}",0.1892668692310478,859.5110226746043,1.3057924642201555
SpectralClustering,"{'n_clusters': 9, 'affinity': 'nearest_neighbors', 'assign_labels': 'kmeans', 'random_state': 4044, 'n_neighbors': 15}",0.1889172005071036,855.7024240517976,1.3082109986706418
SpectralClustering,"{'n_clusters': 9, 'affinity': 'nearest_neighbors', 'assign_labels': 'kmeans', 'random_state': 5055, 'n_neighbors': 15}",0.18929929365530684,859.825883853908,1.3056771190517695
SpectralClustering,"{'n_clusters': 9, 'affinity': 'nearest_neighbors', 'assign_labels': 'kmeans', 'random_state': 6066, 'n_neighbors': 15}",0.18929929365530684,859.8258838539076,1.3056771190517698
SpectralClustering,"{'n_clusters': 9, 'affinity': 'nearest_neighbors', 'assign_labels': 'discretize', 'random_state': 42, 'n_neighbors': 15}",0.1923298937260909,872.7235083931854,1.2925504329711683
SpectralClustering,"{'n_clusters': 9, 'affinity': 'nearest_neighbors', 'assign_labels': 'discretize', 'random_state': 123, 'n_neighbors': 15}",0.19258537380385973,875.623545119621,1.29384208695323
SpectralClustering,"{'n_clusters': 9, 'affinity': 'nearest_neighbors', 'assign_labels': 'discretize', 'random_state': 456, 'n_neighbors': 15}",0.19302927887740187,881.7981980257072,1.3284825633544555
SpectralClustering,"{'n_clusters': 9, 'affinity': 'nearest_neighbors', 'assign_labels': 'discretize', 'random_state': 789, 'n_neighbors': 15}",0.19272445970369234,876.4098161659315,1.2944496587850596
SpectralClustering,"{'n_clusters': 9, 'affinity': 'nearest_neighbors', 'assign_labels': 'discretize', 'random_state': 1011, 'n_neighbors': 15}",0.1936085439555218,876.4835443150649,1.296436023445536
SpectralClustering,"{'n_clusters': 9, 'affinity': 'nearest_neighbors', 'assign_labels': 'discretize', 'random_state': 2022, 'n_neighbors': 15}",0.1936085439555218,876.4835443150649,1.296436023445536
SpectralClustering,"{'n_clusters': 9, 'affinity': 'nearest_neighbors', 'assign_labels': 'discretize', 'random_state': 3033, 'n_neighbors': 15}",0.1926135499421021,875.7621353132452,1.2938621338538954
SpectralClustering,"{'n_clusters': 9, 'affinity': 'nearest_neighbors', 'assign_labels': 'discretize', 'random_state': 4044, 'n_neighbors': 15}",0.19329559143340838,873.4754693921459,1.2957228928943552
SpectralClustering,"{'n_clusters': 9, 'affinity': 'nearest_neighbors', 'assign_labels': 'discretize', 'random_state': 5055, 'n_neighbors': 15}",0.19272445970369234,876.4098161659315,1.2944496587850596
SpectralClustering,"{'n_clusters': 9, 'affinity': 'nearest_neighbors', 'assign_labels': 'discretize', 'random_state': 6066, 'n_neighbors': 15}",0.19272445970369234,876.4098161659314,1.2944496587850596
SpectralClustering,"{'n_clusters': 9, 'affinity': 'nearest_neighbors', 'assign_labels': 'cluster_qr', 'random_state': 42, 'n_neighbors': 15}",0.19324195184752885,880.9495466019767,1.3260511675450113
SpectralClustering,"{'n_clusters': 9, 'affinity': 'nearest_neighbors', 'assign_labels': 'cluster_qr', 'random_state': 123, 'n_neighbors': 15}",0.19324195184752885,880.9495466019767,1.3260511675450113
SpectralClustering,"{'n_clusters': 9, 'affinity': 'nearest_neighbors', 'assign_labels': 'cluster_qr', 'random_state': 456, 'n_neighbors': 15}",0.19324195184752885,880.9495466019767,1.3260511675450113
SpectralClustering,"{'n_clusters': 9, 'affinity': 'nearest_neighbors', 'assign_labels': 'cluster_qr', 'random_state': 789, 'n_neighbors': 15}",0.19324195184752885,880.9495466019767,1.3260511675450113
SpectralClustering,"{'n_clusters': 9, 'affinity': 'nearest_neighbors', 'assign_labels': 'cluster_qr', 'random_state': 1011, 'n_neighbors': 15}",0.19324195184752885,880.9495466019767,1.3260511675450113
SpectralClustering,"{'n_clusters': 9, 'affinity': 'nearest_neighbors', 'assign_labels': 'cluster_qr', 'random_state': 2022, 'n_neighbors': 15}",0.19324195184752885,880.9495466019767,1.3260511675450113
SpectralClustering,"{'n_clusters': 9, 'affinity': 'nearest_neighbors', 'assign_labels': 'cluster_qr', 'random_state': 3033, 'n_neighbors': 15}",0.19324195184752885,880.9495466019767,1.3260511675450113
SpectralClustering,"{'n_clusters': 9, 'affinity': 'nearest_neighbors', 'assign_labels': 'cluster_qr', 'random_state': 4044, 'n_neighbors': 15}",0.19324195184752885,880.9495466019767,1.3260511675450113
SpectralClustering,"{'n_clusters': 9, 'affinity': 'nearest_neighbors', 'assign_labels': 'cluster_qr', 'random_state': 5055, 'n_neighbors': 15}",0.19324195184752885,880.9495466019767,1.3260511675450113
SpectralClustering,"{'n_clusters': 9, 'affinity': 'nearest_neighbors', 'assign_labels': 'cluster_qr', 'random_state': 6066, 'n_neighbors': 15}",0.19324195184752885,880.9495466019767,1.3260511675450113
SpectralClustering,"{'n_clusters': 9, 'affinity': 'nearest_neighbors', 'assign_labels': 'kmeans', 'random_state': 42, 'n_neighbors': 20}",0.19290589973355543,879.9350223056156,1.3022399835924172
SpectralClustering,"{'n_clusters': 9, 'affinity': 'nearest_neighbors', 'assign_labels': 'kmeans', 'random_state': 123, 'n_neighbors': 20}",0.19288358714271397,880.0942103981067,1.303585398032256
SpectralClustering,"{'n_clusters': 9, 'affinity': 'nearest_neighbors', 'assign_labels': 'kmeans', 'random_state': 456, 'n_neighbors': 20}",0.19291943044275733,880.1596501422252,1.3035856868884723
SpectralClustering,"{'n_clusters': 9, 'affinity': 'nearest_neighbors', 'assign_labels': 'kmeans', 'random_state': 789, 'n_neighbors': 20}",0.19288358714271397,880.0942103981067,1.303585398032256
SpectralClustering,"{'n_clusters': 9, 'affinity': 'nearest_neighbors', 'assign_labels': 'kmeans', 'random_state': 1011, 'n_neighbors': 20}",0.19288358714271397,880.0942103981071,1.303585398032256
SpectralClustering,"{'n_clusters': 9, 'affinity': 'nearest_neighbors', 'assign_labels': 'kmeans', 'random_state': 2022, 'n_neighbors': 20}",0.19295980471609625,880.2622207296253,1.303610183027294
SpectralClustering,"{'n_clusters': 9, 'affinity': 'nearest_neighbors', 'assign_labels': 'kmeans', 'random_state': 3033, 'n_neighbors': 20}",0.19295980471609625,880.2622207296253,1.3036101830272941
SpectralClustering,"{'n_clusters': 9, 'affinity': 'nearest_neighbors', 'assign_labels': 'kmeans', 'random_state': 4044, 'n_neighbors': 20}",0.1928063609896722,880.1099075788982,1.3033089115236876
SpectralClustering,"{'n_clusters': 9, 'affinity': 'nearest_neighbors', 'assign_labels': 'kmeans', 'random_state': 5055, 'n_neighbors': 20}",0.1928063609896722,880.1099075788982,1.3033089115236873
SpectralClustering,"{'n_clusters': 9, 'affinity': 'nearest_neighbors', 'assign_labels': 'kmeans', 'random_state': 6066, 'n_neighbors': 20}",0.1928063609896722,880.1099075788982,1.3033089115236876
SpectralClustering,"{'n_clusters': 9, 'affinity': 'nearest_neighbors', 'assign_labels': 'discretize', 'random_state': 42, 'n_neighbors': 20}",0.19633026066939305,893.2950459042765,1.296941148940439
SpectralClustering,"{'n_clusters': 9, 'affinity': 'nearest_neighbors', 'assign_labels': 'discretize', 'random_state': 123, 'n_neighbors': 20}",0.19633026066939305,893.2950459042767,1.296941148940439
SpectralClustering,"{'n_clusters': 9, 'affinity': 'nearest_neighbors', 'assign_labels': 'discretize', 'random_state': 456, 'n_neighbors': 20}",0.19694479745110766,896.0305844405704,1.2977522616769521
SpectralClustering,"{'n_clusters': 9, 'affinity': 'nearest_neighbors', 'assign_labels': 'discretize', 'random_state': 789, 'n_neighbors': 20}",0.1964000033757924,893.5591208505869,1.2973545865263478
SpectralClustering,"{'n_clusters': 9, 'affinity': 'nearest_neighbors', 'assign_labels': 'discretize', 'random_state': 1011, 'n_neighbors': 20}",0.19636946396305982,892.8704075211778,1.2954638389862643
SpectralClustering,"{'n_clusters': 9, 'affinity': 'nearest_neighbors', 'assign_labels': 'discretize', 'random_state': 2022, 'n_neighbors': 20}",0.1963839871954696,892.9379710036466,1.2954314193553682
SpectralClustering,"{'n_clusters': 9, 'affinity': 'nearest_neighbors', 'assign_labels': 'discretize', 'random_state': 3033, 'n_neighbors': 20}",0.19694538701090528,895.5766645950985,1.2945856863751295
SpectralClustering,"{'n_clusters': 9, 'affinity': 'nearest_neighbors', 'assign_labels': 'discretize', 'random_state': 4044, 'n_neighbors': 20}",0.1963839871954696,892.9379710036469,1.2954314193553682
SpectralClustering,"{'n_clusters': 9, 'affinity': 'nearest_neighbors', 'assign_labels': 'discretize', 'random_state': 5055, 'n_neighbors': 20}",0.1963839871954696,892.9379710036468,1.295431419355368
SpectralClustering,"{'n_clusters': 9, 'affinity': 'nearest_neighbors', 'assign_labels': 'discretize', 'random_state': 6066, 'n_neighbors': 20}",0.1963839871954696,892.9379710036468,1.295431419355368
SpectralClustering,"{'n_clusters': 9, 'affinity': 'nearest_neighbors', 'assign_labels': 'cluster_qr', 'random_state': 42, 'n_neighbors': 20}",0.19642251301899893,896.1900140003119,1.3083829134521479
SpectralClustering,"{'n_clusters': 9, 'affinity': 'nearest_neighbors', 'assign_labels': 'cluster_qr', 'random_state': 123, 'n_neighbors': 20}",0.19642251301899893,896.1900140003119,1.3083829134521479
SpectralClustering,"{'n_clusters': 9, 'affinity': 'nearest_neighbors', 'assign_labels': 'cluster_qr', 'random_state': 456, 'n_neighbors': 20}",0.19642251301899893,896.1900140003119,1.3083829134521479
SpectralClustering,"{'n_clusters': 9, 'affinity': 'nearest_neighbors', 'assign_labels': 'cluster_qr', 'random_state': 789, 'n_neighbors': 20}",0.19642251301899893,896.1900140003119,1.3083829134521479
SpectralClustering,"{'n_clusters': 9, 'affinity': 'nearest_neighbors', 'assign_labels': 'cluster_qr', 'random_state': 1011, 'n_neighbors': 20}",0.19642251301899893,896.1900140003119,1.3083829134521479
SpectralClustering,"{'n_clusters': 9, 'affinity': 'nearest_neighbors', 'assign_labels': 'cluster_qr', 'random_state': 2022, 'n_neighbors': 20}",0.19642251301899893,896.1900140003119,1.3083829134521479
SpectralClustering,"{'n_clusters': 9, 'affinity': 'nearest_neighbors', 'assign_labels': 'cluster_qr', 'random_state': 3033, 'n_neighbors': 20}",0.19642251301899893,896.1900140003119,1.3083829134521479
SpectralClustering,"{'n_clusters': 9, 'affinity': 'nearest_neighbors', 'assign_labels': 'cluster_qr', 'random_state': 4044, 'n_neighbors': 20}",0.19642251301899893,896.1900140003119,1.3083829134521479
SpectralClustering,"{'n_clusters': 9, 'affinity': 'nearest_neighbors', 'assign_labels': 'cluster_qr', 'random_state': 5055, 'n_neighbors': 20}",0.19642251301899893,896.1900140003119,1.3083829134521479
SpectralClustering,"{'n_clusters': 9, 'affinity': 'nearest_neighbors', 'assign_labels': 'cluster_qr', 'random_state': 6066, 'n_neighbors': 20}",0.19642251301899893,896.1900140003119,1.3083829134521479
SpectralClustering,"{'n_clusters': 9, 'affinity': 'nearest_neighbors', 'assign_labels': 'kmeans', 'random_state': 42, 'n_neighbors': 50}",0.19636711848573787,895.0176115483126,1.2801027526956186
SpectralClustering,"{'n_clusters': 9, 'affinity': 'nearest_neighbors', 'assign_labels': 'kmeans', 'random_state': 123, 'n_neighbors': 50}",0.19645406950543395,894.6560450764827,1.2773270912357835
SpectralClustering,"{'n_clusters': 9, 'affinity': 'nearest_neighbors', 'assign_labels': 'kmeans', 'random_state': 456, 'n_neighbors': 50}",0.196348572751815,894.9150495273873,1.2805542587182528
SpectralClustering,"{'n_clusters': 9, 'affinity': 'nearest_neighbors', 'assign_labels': 'kmeans', 'random_state': 789, 'n_neighbors': 50}",0.19629968779507562,894.8846098664947,1.2798331468740567
SpectralClustering,"{'n_clusters': 9, 'affinity': 'nearest_neighbors', 'assign_labels': 'kmeans', 'random_state': 1011, 'n_neighbors': 50}",0.19646282533938494,894.9088524693892,1.2794030340503262
SpectralClustering,"{'n_clusters': 9, 'affinity': 'nearest_neighbors', 'assign_labels': 'kmeans', 'random_state': 2022, 'n_neighbors': 50}",0.19646854798190053,894.7686986039192,1.2784555245916462
SpectralClustering,"{'n_clusters': 9, 'affinity': 'nearest_neighbors', 'assign_labels': 'kmeans', 'random_state': 3033, 'n_neighbors': 50}",0.19684597553722588,896.5494596793665,1.2816153942727357
SpectralClustering,"{'n_clusters': 9, 'affinity': 'nearest_neighbors', 'assign_labels': 'kmeans', 'random_state': 4044, 'n_neighbors': 50}",0.19658170502072997,896.0045318312045,1.2801839495913623
SpectralClustering,"{'n_clusters': 9, 'affinity': 'nearest_neighbors', 'assign_labels': 'kmeans', 'random_state': 5055, 'n_neighbors': 50}",0.19628115028570964,894.7820699180717,1.2802846528966905
SpectralClustering,"{'n_clusters': 9, 'affinity': 'nearest_neighbors', 'assign_labels': 'kmeans', 'random_state': 6066, 'n_neighbors': 50}",0.19649923045870782,895.0709427561466,1.2801899051468433
SpectralClustering,"{'n_clusters': 9, 'affinity': 'nearest_neighbors', 'assign_labels': 'discretize', 'random_state': 42, 'n_neighbors': 50}",0.20156651553104118,913.8310225038837,1.2884266675759521
SpectralClustering,"{'n_clusters': 9, 'affinity': 'nearest_neighbors', 'assign_labels': 'discretize', 'random_state': 123, 'n_neighbors': 50}",0.20178300705627514,914.9430452631764,1.2912323223342312
SpectralClustering,"{'n_clusters': 9, 'affinity': 'nearest_neighbors', 'assign_labels': 'discretize', 'random_state': 456, 'n_neighbors': 50}",0.201340669573949,914.1017677544928,1.2926936691302613
SpectralClustering,"{'n_clusters': 9, 'affinity': 'nearest_neighbors', 'assign_labels': 'discretize', 'random_state': 789, 'n_neighbors': 50}",0.20195189410891343,915.180958048738,1.2903024108035008
SpectralClustering,"{'n_clusters': 9, 'affinity': 'nearest_neighbors', 'assign_labels': 'discretize', 'random_state': 1011, 'n_neighbors': 50}",0.2017617609422642,915.1779484557165,1.2917428704070877
SpectralClustering,"{'n_clusters': 9, 'affinity': 'nearest_neighbors', 'assign_labels': 'discretize', 'random_state': 2022, 'n_neighbors': 50}",0.201012969781698,913.9067332724176,1.2910650094094243
SpectralClustering,"{'n_clusters': 9, 'affinity': 'nearest_neighbors', 'assign_labels': 'discretize', 'random_state': 3033, 'n_neighbors': 50}",0.2011007031780875,914.0627468462955,1.2910930142848402
SpectralClustering,"{'n_clusters': 9, 'affinity': 'nearest_neighbors', 'assign_labels': 'discretize', 'random_state': 4044, 'n_neighbors': 50}",0.20158529566232322,914.8311520205875,1.2901864946723203
SpectralClustering,"{'n_clusters': 9, 'affinity': 'nearest_neighbors', 'assign_labels': 'discretize', 'random_state': 5055, 'n_neighbors': 50}",0.2012683999456161,914.3981924328252,1.2912816647938536
SpectralClustering,"{'n_clusters': 9, 'affinity': 'nearest_neighbors', 'assign_labels': 'discretize', 'random_state': 6066, 'n_neighbors': 50}",0.20175457013637882,917.0481752414744,1.2937685026042125
SpectralClustering,"{'n_clusters': 9, 'affinity': 'nearest_neighbors', 'assign_labels': 'cluster_qr', 'random_state': 42, 'n_neighbors': 50}",0.19995788402243292,919.881247000509,1.290177467229336
SpectralClustering,"{'n_clusters': 9, 'affinity': 'nearest_neighbors', 'assign_labels': 'cluster_qr', 'random_state': 123, 'n_neighbors': 50}",0.19995788402243292,919.881247000509,1.290177467229336
SpectralClustering,"{'n_clusters': 9, 'affinity': 'nearest_neighbors', 'assign_labels': 'cluster_qr', 'random_state': 456, 'n_neighbors': 50}",0.19995788402243292,919.881247000509,1.290177467229336
SpectralClustering,"{'n_clusters': 9, 'affinity': 'nearest_neighbors', 'assign_labels': 'cluster_qr', 'random_state': 789, 'n_neighbors': 50}",0.19995788402243292,919.881247000509,1.290177467229336
SpectralClustering,"{'n_clusters': 9, 'affinity': 'nearest_neighbors', 'assign_labels': 'cluster_qr', 'random_state': 1011, 'n_neighbors': 50}",0.19995788402243292,919.881247000509,1.290177467229336
SpectralClustering,"{'n_clusters': 9, 'affinity': 'nearest_neighbors', 'assign_labels': 'cluster_qr', 'random_state': 2022, 'n_neighbors': 50}",0.19995788402243292,919.881247000509,1.290177467229336
SpectralClustering,"{'n_clusters': 9, 'affinity': 'nearest_neighbors', 'assign_labels': 'cluster_qr', 'random_state': 3033, 'n_neighbors': 50}",0.19995788402243292,919.881247000509,1.290177467229336
SpectralClustering,"{'n_clusters': 9, 'affinity': 'nearest_neighbors', 'assign_labels': 'cluster_qr', 'random_state': 4044, 'n_neighbors': 50}",0.19995788402243292,919.881247000509,1.290177467229336
SpectralClustering,"{'n_clusters': 9, 'affinity': 'nearest_neighbors', 'assign_labels': 'cluster_qr', 'random_state': 5055, 'n_neighbors': 50}",0.19995788402243292,919.881247000509,1.290177467229336
SpectralClustering,"{'n_clusters': 9, 'affinity': 'nearest_neighbors', 'assign_labels': 'cluster_qr', 'random_state': 6066, 'n_neighbors': 50}",0.19995788402243292,919.881247000509,1.290177467229336
SpectralClustering,"{'n_clusters': 9, 'affinity': 'nearest_neighbors', 'assign_labels': 'kmeans', 'random_state': 42, 'n_neighbors': 100}",0.19736481977652498,892.996449703654,1.27549977903558
SpectralClustering,"{'n_clusters': 9, 'affinity': 'nearest_neighbors', 'assign_labels': 'kmeans', 'random_state': 123, 'n_neighbors': 100}",0.1968410936548454,892.3726053754377,1.2763797507672798
SpectralClustering,"{'n_clusters': 9, 'affinity': 'nearest_neighbors', 'assign_labels': 'kmeans', 'random_state': 456, 'n_neighbors': 100}",0.19740054080133038,894.3084287623775,1.2763424927945057
SpectralClustering,"{'n_clusters': 9, 'affinity': 'nearest_neighbors', 'assign_labels': 'kmeans', 'random_state': 789, 'n_neighbors': 100}",0.19802330650300215,897.032164234995,1.2785176521224009
SpectralClustering,"{'n_clusters': 9, 'affinity': 'nearest_neighbors', 'assign_labels': 'kmeans', 'random_state': 1011, 'n_neighbors': 100}",0.1966955077969424,889.5926462072634,1.2753155437722934
SpectralClustering,"{'n_clusters': 9, 'affinity': 'nearest_neighbors', 'assign_labels': 'kmeans', 'random_state': 2022, 'n_neighbors': 100}",0.1968410936548454,892.3726053754377,1.2763797507672798
SpectralClustering,"{'n_clusters': 9, 'affinity': 'nearest_neighbors', 'assign_labels': 'kmeans', 'random_state': 3033, 'n_neighbors': 100}",0.1968410936548454,892.3726053754375,1.2763797507672798
SpectralClustering,"{'n_clusters': 9, 'affinity': 'nearest_neighbors', 'assign_labels': 'kmeans', 'random_state': 4044, 'n_neighbors': 100}",0.19738807101442868,894.3202540464263,1.2769662533504607
SpectralClustering,"{'n_clusters': 9, 'affinity': 'nearest_neighbors', 'assign_labels': 'kmeans', 'random_state': 5055, 'n_neighbors': 100}",0.19668665562816695,892.4161955609685,1.2757161467116505
SpectralClustering,"{'n_clusters': 9, 'affinity': 'nearest_neighbors', 'assign_labels': 'kmeans', 'random_state': 6066, 'n_neighbors': 100}",0.19808808135564115,898.5381475481785,1.2774821428244048
SpectralClustering,"{'n_clusters': 9, 'affinity': 'nearest_neighbors', 'assign_labels': 'discretize', 'random_state': 42, 'n_neighbors': 100}",0.202388006955271,907.6794505492728,1.2774365213353371
SpectralClustering,"{'n_clusters': 9, 'affinity': 'nearest_neighbors', 'assign_labels': 'discretize', 'random_state': 123, 'n_neighbors': 100}",0.202388006955271,907.6794505492732,1.277436521335337
SpectralClustering,"{'n_clusters': 9, 'affinity': 'nearest_neighbors', 'assign_labels': 'discretize', 'random_state': 456, 'n_neighbors': 100}",0.2026501889120876,908.8322064155356,1.2763983242493806
SpectralClustering,"{'n_clusters': 9, 'affinity': 'nearest_neighbors', 'assign_labels': 'discretize', 'random_state': 789, 'n_neighbors': 100}",0.20272274145360855,908.9462686011192,1.2761841492727068
SpectralClustering,"{'n_clusters': 9, 'affinity': 'nearest_neighbors', 'assign_labels': 'discretize', 'random_state': 1011, 'n_neighbors': 100}",0.202388006955271,907.6794505492729,1.2774365213353371
SpectralClustering,"{'n_clusters': 9, 'affinity': 'nearest_neighbors', 'assign_labels': 'discretize', 'random_state': 2022, 'n_neighbors': 100}",0.2023895496598713,907.4723348185194,1.2770998414937675
SpectralClustering,"{'n_clusters': 9, 'affinity': 'nearest_neighbors', 'assign_labels': 'discretize', 'random_state': 3033, 'n_neighbors': 100}",0.2026571954080347,908.9420461779958,1.2762719283293333
SpectralClustering,"{'n_clusters': 9, 'affinity': 'nearest_neighbors', 'assign_labels': 'discretize', 'random_state': 4044, 'n_neighbors': 100}",0.20272274145360855,908.9462686011194,1.2761841492727068
SpectralClustering,"{'n_clusters': 9, 'affinity': 'nearest_neighbors', 'assign_labels': 'discretize', 'random_state': 5055, 'n_neighbors': 100}",0.202388006955271,907.6794505492727,1.277436521335337
SpectralClustering,"{'n_clusters': 9, 'affinity': 'nearest_neighbors', 'assign_labels': 'discretize', 'random_state': 6066, 'n_neighbors': 100}",0.20272274145360855,908.9462686011192,1.2761841492727068
SpectralClustering,"{'n_clusters': 9, 'affinity': 'nearest_neighbors', 'assign_labels': 'cluster_qr', 'random_state': 42, 'n_neighbors': 100}",0.19861102252414,899.1961257388214,1.2796480628009188
SpectralClustering,"{'n_clusters': 9, 'affinity': 'nearest_neighbors', 'assign_labels': 'cluster_qr', 'random_state': 123, 'n_neighbors': 100}",0.19861102252414,899.1961257388214,1.2796480628009188
SpectralClustering,"{'n_clusters': 9, 'affinity': 'nearest_neighbors', 'assign_labels': 'cluster_qr', 'random_state': 456, 'n_neighbors': 100}",0.19861102252414,899.1961257388214,1.2796480628009188
SpectralClustering,"{'n_clusters': 9, 'affinity': 'nearest_neighbors', 'assign_labels': 'cluster_qr', 'random_state': 789, 'n_neighbors': 100}",0.19861102252414,899.1961257388214,1.2796480628009188
SpectralClustering,"{'n_clusters': 9, 'affinity': 'nearest_neighbors', 'assign_labels': 'cluster_qr', 'random_state': 1011, 'n_neighbors': 100}",0.19861102252414,899.1961257388214,1.2796480628009188
SpectralClustering,"{'n_clusters': 9, 'affinity': 'nearest_neighbors', 'assign_labels': 'cluster_qr', 'random_state': 2022, 'n_neighbors': 100}",0.19861102252414,899.1961257388214,1.2796480628009188
SpectralClustering,"{'n_clusters': 9, 'affinity': 'nearest_neighbors', 'assign_labels': 'cluster_qr', 'random_state': 3033, 'n_neighbors': 100}",0.19861102252414,899.1961257388214,1.2796480628009188
SpectralClustering,"{'n_clusters': 9, 'affinity': 'nearest_neighbors', 'assign_labels': 'cluster_qr', 'random_state': 4044, 'n_neighbors': 100}",0.19861102252414,899.1961257388214,1.2796480628009188
SpectralClustering,"{'n_clusters': 9, 'affinity': 'nearest_neighbors', 'assign_labels': 'cluster_qr', 'random_state': 5055, 'n_neighbors': 100}",0.19861102252414,899.1961257388214,1.2796480628009188
SpectralClustering,"{'n_clusters': 9, 'affinity': 'nearest_neighbors', 'assign_labels': 'cluster_qr', 'random_state': 6066, 'n_neighbors': 100}",0.19861102252414,899.1961257388214,1.2796480628009188
SpectralClustering,"{'n_clusters': 9, 'affinity': 'polynomial', 'assign_labels': 'kmeans', 'random_state': 42}",-0.02155781754315488,152.29210975119167,1.3961945487369016
SpectralClustering,"{'n_clusters': 9, 'affinity': 'polynomial', 'assign_labels': 'kmeans', 'random_state': 123}",-0.01909510456481709,165.14459829258,1.5008094264057692
SpectralClustering,"{'n_clusters': 9, 'affinity': 'polynomial', 'assign_labels': 'kmeans', 'random_state': 456}",-0.035472288332569366,142.91091662419748,1.6025860478357254
SpectralClustering,"{'n_clusters': 9, 'affinity': 'polynomial', 'assign_labels': 'kmeans', 'random_state': 789}",-0.02004763626256199,166.31352690873337,1.4773454723530244
SpectralClustering,"{'n_clusters': 9, 'affinity': 'polynomial', 'assign_labels': 'kmeans', 'random_state': 1011}",-0.02370393364485854,154.47871551571723,1.4215230324194659
SpectralClustering,"{'n_clusters': 9, 'affinity': 'polynomial', 'assign_labels': 'kmeans', 'random_state': 2022}",-0.034131263109427185,143.94378657563755,1.5746267686695647
SpectralClustering,"{'n_clusters': 9, 'affinity': 'polynomial', 'assign_labels': 'kmeans', 'random_state': 3033}",-0.03150705955427608,141.46593043281007,1.3375330274685409
SpectralClustering,"{'n_clusters': 9, 'affinity': 'polynomial', 'assign_labels': 'kmeans', 'random_state': 4044}",-0.019532472583954793,165.25105414952088,1.4909815708219627
SpectralClustering,"{'n_clusters': 9, 'affinity': 'polynomial', 'assign_labels': 'kmeans', 'random_state': 5055}",-0.03208046758744314,144.0588102023435,1.6459825023158052
SpectralClustering,"{'n_clusters': 9, 'affinity': 'polynomial', 'assign_labels': 'kmeans', 'random_state': 6066}",-0.031083624033405623,142.49558119781193,1.3385545361044933
SpectralClustering,"{'n_clusters': 9, 'affinity': 'polynomial', 'assign_labels': 'discretize', 'random_state': 42}",0.11905389198682333,537.7015998430877,1.3572221026810591
SpectralClustering,"{'n_clusters': 9, 'affinity': 'polynomial', 'assign_labels': 'discretize', 'random_state': 123}",0.09382318937244306,540.1389393730644,1.3679578765662048
SpectralClustering,"{'n_clusters': 9, 'affinity': 'polynomial', 'assign_labels': 'discretize', 'random_state': 456}",0.1087094131126768,531.6956022684072,1.313977083688571
SpectralClustering,"{'n_clusters': 9, 'affinity': 'polynomial', 'assign_labels': 'discretize', 'random_state': 789}",0.06379245764517712,483.7699525225219,1.3600923593220853
SpectralClustering,"{'n_clusters': 9, 'affinity': 'polynomial', 'assign_labels': 'discretize', 'random_state': 1011}",0.1194279047610077,539.6165527285254,1.3472673453186037
SpectralClustering,"{'n_clusters': 9, 'affinity': 'polynomial', 'assign_labels': 'discretize', 'random_state': 2022}",0.1193086636991099,538.9283057880615,1.3470368572871936
SpectralClustering,"{'n_clusters': 9, 'affinity': 'polynomial', 'assign_labels': 'discretize', 'random_state': 3033}",0.11035577691209239,535.0954239776157,1.329140128577235
SpectralClustering,"{'n_clusters': 9, 'affinity': 'polynomial', 'assign_labels': 'discretize', 'random_state': 4044}",0.12200016644284313,535.4613964882295,1.3507672697688966
SpectralClustering,"{'n_clusters': 9, 'affinity': 'polynomial', 'assign_labels': 'discretize', 'random_state': 5055}",0.11640934991841025,527.700225274633,1.3647547963720434
SpectralClustering,"{'n_clusters': 9, 'affinity': 'polynomial', 'assign_labels': 'discretize', 'random_state': 6066}",0.10414575072440407,545.6323512191425,1.3359825452117924
SpectralClustering,"{'n_clusters': 9, 'affinity': 'polynomial', 'assign_labels': 'cluster_qr', 'random_state': 42}",0.14725356977556095,561.5995462496999,1.768387893184141
SpectralClustering,"{'n_clusters': 9, 'affinity': 'polynomial', 'assign_labels': 'cluster_qr', 'random_state': 123}",0.14725356977556095,561.5995462496999,1.768387893184141
SpectralClustering,"{'n_clusters': 9, 'affinity': 'polynomial', 'assign_labels': 'cluster_qr', 'random_state': 456}",0.14725356977556095,561.5995462496999,1.768387893184141
SpectralClustering,"{'n_clusters': 9, 'affinity': 'polynomial', 'assign_labels': 'cluster_qr', 'random_state': 789}",0.14725356977556095,561.5995462496999,1.768387893184141
SpectralClustering,"{'n_clusters': 9, 'affinity': 'polynomial', 'assign_labels': 'cluster_qr', 'random_state': 1011}",0.14725356977556095,561.5995462496999,1.768387893184141
SpectralClustering,"{'n_clusters': 9, 'affinity': 'polynomial', 'assign_labels': 'cluster_qr', 'random_state': 2022}",0.14725356977556095,561.5995462496999,1.768387893184141
SpectralClustering,"{'n_clusters': 9, 'affinity': 'polynomial', 'assign_labels': 'cluster_qr', 'random_state': 3033}",0.14725356977556095,561.5995462496999,1.768387893184141
SpectralClustering,"{'n_clusters': 9, 'affinity': 'polynomial', 'assign_labels': 'cluster_qr', 'random_state': 4044}",0.14725356977556095,561.5995462496999,1.768387893184141
SpectralClustering,"{'n_clusters': 9, 'affinity': 'polynomial', 'assign_labels': 'cluster_qr', 'random_state': 5055}",0.14725356977556095,561.5995462496999,1.768387893184141
SpectralClustering,"{'n_clusters': 9, 'affinity': 'polynomial', 'assign_labels': 'cluster_qr', 'random_state': 6066}",0.14725356977556095,561.5995462496999,1.768387893184141
SpectralClustering,"{'n_clusters': 9, 'affinity': 'poly', 'assign_labels': 'kmeans', 'random_state': 42}",-0.02155781754315488,152.29210975119167,1.3961945487369016
SpectralClustering,"{'n_clusters': 9, 'affinity': 'poly', 'assign_labels': 'kmeans', 'random_state': 123}",-0.01909510456481709,165.14459829258,1.5008094264057692
SpectralClustering,"{'n_clusters': 9, 'affinity': 'poly', 'assign_labels': 'kmeans', 'random_state': 456}",-0.035472288332569366,142.91091662419748,1.6025860478357254
SpectralClustering,"{'n_clusters': 9, 'affinity': 'poly', 'assign_labels': 'kmeans', 'random_state': 789}",-0.02004763626256199,166.31352690873337,1.4773454723530244
SpectralClustering,"{'n_clusters': 9, 'affinity': 'poly', 'assign_labels': 'kmeans', 'random_state': 1011}",-0.02370393364485854,154.47871551571723,1.4215230324194659
SpectralClustering,"{'n_clusters': 9, 'affinity': 'poly', 'assign_labels': 'kmeans', 'random_state': 2022}",-0.034131263109427185,143.94378657563755,1.5746267686695647
SpectralClustering,"{'n_clusters': 9, 'affinity': 'poly', 'assign_labels': 'kmeans', 'random_state': 3033}",-0.03150705955427608,141.46593043281007,1.3375330274685409
SpectralClustering,"{'n_clusters': 9, 'affinity': 'poly', 'assign_labels': 'kmeans', 'random_state': 4044}",-0.019532472583954793,165.25105414952088,1.4909815708219627
SpectralClustering,"{'n_clusters': 9, 'affinity': 'poly', 'assign_labels': 'kmeans', 'random_state': 5055}",-0.03208046758744314,144.0588102023435,1.6459825023158052
SpectralClustering,"{'n_clusters': 9, 'affinity': 'poly', 'assign_labels': 'kmeans', 'random_state': 6066}",-0.031083624033405623,142.49558119781193,1.3385545361044933
SpectralClustering,"{'n_clusters': 9, 'affinity': 'poly', 'assign_labels': 'discretize', 'random_state': 42}",0.11905389198682333,537.7015998430877,1.3572221026810591
SpectralClustering,"{'n_clusters': 9, 'affinity': 'poly', 'assign_labels': 'discretize', 'random_state': 123}",0.09382318937244306,540.1389393730644,1.3679578765662048
SpectralClustering,"{'n_clusters': 9, 'affinity': 'poly', 'assign_labels': 'discretize', 'random_state': 456}",0.1087094131126768,531.6956022684072,1.313977083688571
SpectralClustering,"{'n_clusters': 9, 'affinity': 'poly', 'assign_labels': 'discretize', 'random_state': 789}",0.06379245764517712,483.7699525225219,1.3600923593220853
SpectralClustering,"{'n_clusters': 9, 'affinity': 'poly', 'assign_labels': 'discretize', 'random_state': 1011}",0.1194279047610077,539.6165527285254,1.3472673453186037
SpectralClustering,"{'n_clusters': 9, 'affinity': 'poly', 'assign_labels': 'discretize', 'random_state': 2022}",0.1193086636991099,538.9283057880615,1.3470368572871936
SpectralClustering,"{'n_clusters': 9, 'affinity': 'poly', 'assign_labels': 'discretize', 'random_state': 3033}",0.11035577691209239,535.0954239776157,1.329140128577235
SpectralClustering,"{'n_clusters': 9, 'affinity': 'poly', 'assign_labels': 'discretize', 'random_state': 4044}",0.12200016644284313,535.4613964882295,1.3507672697688966
SpectralClustering,"{'n_clusters': 9, 'affinity': 'poly', 'assign_labels': 'discretize', 'random_state': 5055}",0.11640934991841025,527.700225274633,1.3647547963720434
SpectralClustering,"{'n_clusters': 9, 'affinity': 'poly', 'assign_labels': 'discretize', 'random_state': 6066}",0.10414575072440407,545.6323512191425,1.3359825452117924
SpectralClustering,"{'n_clusters': 9, 'affinity': 'poly', 'assign_labels': 'cluster_qr', 'random_state': 42}",0.14725356977556095,561.5995462496999,1.768387893184141
SpectralClustering,"{'n_clusters': 9, 'affinity': 'poly', 'assign_labels': 'cluster_qr', 'random_state': 123}",0.14725356977556095,561.5995462496999,1.768387893184141
SpectralClustering,"{'n_clusters': 9, 'affinity': 'poly', 'assign_labels': 'cluster_qr', 'random_state': 456}",0.14725356977556095,561.5995462496999,1.768387893184141
SpectralClustering,"{'n_clusters': 9, 'affinity': 'poly', 'assign_labels': 'cluster_qr', 'random_state': 789}",0.14725356977556095,561.5995462496999,1.768387893184141
SpectralClustering,"{'n_clusters': 9, 'affinity': 'poly', 'assign_labels': 'cluster_qr', 'random_state': 1011}",0.14725356977556095,561.5995462496999,1.768387893184141
SpectralClustering,"{'n_clusters': 9, 'affinity': 'poly', 'assign_labels': 'cluster_qr', 'random_state': 2022}",0.14725356977556095,561.5995462496999,1.768387893184141
SpectralClustering,"{'n_clusters': 9, 'affinity': 'poly', 'assign_labels': 'cluster_qr', 'random_state': 3033}",0.14725356977556095,561.5995462496999,1.768387893184141
SpectralClustering,"{'n_clusters': 9, 'affinity': 'poly', 'assign_labels': 'cluster_qr', 'random_state': 4044}",0.14725356977556095,561.5995462496999,1.768387893184141
SpectralClustering,"{'n_clusters': 9, 'affinity': 'poly', 'assign_labels': 'cluster_qr', 'random_state': 5055}",0.14725356977556095,561.5995462496999,1.768387893184141
SpectralClustering,"{'n_clusters': 9, 'affinity': 'poly', 'assign_labels': 'cluster_qr', 'random_state': 6066}",0.14725356977556095,561.5995462496999,1.768387893184141
SpectralClustering,"{'n_clusters': 9, 'affinity': 'sigmoid', 'assign_labels': 'kmeans', 'random_state': 42}",0.06952574093174232,274.19075163704167,3.6650448534634483
SpectralClustering,"{'n_clusters': 9, 'affinity': 'sigmoid', 'assign_labels': 'kmeans', 'random_state': 123}",0.05230630447467869,261.9173296567732,6.436973265473517
SpectralClustering,"{'n_clusters': 9, 'affinity': 'sigmoid', 'assign_labels': 'kmeans', 'random_state': 456}",0.06813673267575254,318.1233079192339,5.386824674112221
SpectralClustering,"{'n_clusters': 9, 'affinity': 'sigmoid', 'assign_labels': 'kmeans', 'random_state': 789}",0.06625102490079053,312.5840028088517,5.360708261629336
SpectralClustering,"{'n_clusters': 9, 'affinity': 'sigmoid', 'assign_labels': 'kmeans', 'random_state': 1011}",0.05235173776654967,261.4541556348569,6.566761755560858
SpectralClustering,"{'n_clusters': 9, 'affinity': 'sigmoid', 'assign_labels': 'kmeans', 'random_state': 2022}",0.08530775558420513,375.82846801066694,2.3888026650323697
SpectralClustering,"{'n_clusters': 9, 'affinity': 'sigmoid', 'assign_labels': 'kmeans', 'random_state': 3033}",0.09101170587821163,386.6024947180833,2.308452262732661
SpectralClustering,"{'n_clusters': 9, 'affinity': 'sigmoid', 'assign_labels': 'kmeans', 'random_state': 4044}",0.06912714126074448,274.4977841375757,3.777641884162246
SpectralClustering,"{'n_clusters': 9, 'affinity': 'sigmoid', 'assign_labels': 'kmeans', 'random_state': 5055}",0.07071088959440552,280.969710166489,3.3786748528171753
SpectralClustering,"{'n_clusters': 9, 'affinity': 'sigmoid', 'assign_labels': 'kmeans', 'random_state': 6066}",0.08960319189142799,385.5381498670966,2.372845627888948
SpectralClustering,"{'n_clusters': 9, 'affinity': 'sigmoid', 'assign_labels': 'discretize', 'random_state': 42}",-0.007377007589187478,185.69915734591896,3.6440399394001997
SpectralClustering,"{'n_clusters': 9, 'affinity': 'sigmoid', 'assign_labels': 'discretize', 'random_state': 123}",0.005029995832871973,193.33523141508667,3.3123652771809557
SpectralClustering,"{'n_clusters': 9, 'affinity': 'sigmoid', 'assign_labels': 'discretize', 'random_state': 456}",0.019062141589303572,223.0535743304401,2.629756176087153
SpectralClustering,"{'n_clusters': 9, 'affinity': 'sigmoid', 'assign_labels': 'discretize', 'random_state': 789}",0.01859996305842296,205.60713907232673,4.223653682003189
SpectralClustering,"{'n_clusters': 9, 'affinity': 'sigmoid', 'assign_labels': 'discretize', 'random_state': 1011}",0.010951671410948735,209.27853263993111,3.121924426406304
SpectralClustering,"{'n_clusters': 9, 'affinity': 'sigmoid', 'assign_labels': 'discretize', 'random_state': 2022}",0.004695488318782556,192.4097223097329,3.547775171218307
SpectralClustering,"{'n_clusters': 9, 'affinity': 'sigmoid', 'assign_labels': 'discretize', 'random_state': 3033}",0.006537526040128298,186.24383456768825,3.6447158857543536
SpectralClustering,"{'n_clusters': 9, 'affinity': 'sigmoid', 'assign_labels': 'discretize', 'random_state': 4044}",0.017297984950151123,201.5133424443434,3.4238882223310694
SpectralClustering,"{'n_clusters': 9, 'affinity': 'sigmoid', 'assign_labels': 'discretize', 'random_state': 5055}",0.014669235036281932,207.543620189594,2.9490941680047658
SpectralClustering,"{'n_clusters': 9, 'affinity': 'sigmoid', 'assign_labels': 'discretize', 'random_state': 6066}",0.021378754552768,209.2035768533905,3.0071960345114936
SpectralClustering,"{'n_clusters': 9, 'affinity': 'sigmoid', 'assign_labels': 'cluster_qr', 'random_state': 42}",-0.033206541937968126,99.79539826710172,6.080135008301602
SpectralClustering,"{'n_clusters': 9, 'affinity': 'sigmoid', 'assign_labels': 'cluster_qr', 'random_state': 123}",-0.033206541937968126,99.79539826710172,6.080135008301602
SpectralClustering,"{'n_clusters': 9, 'affinity': 'sigmoid', 'assign_labels': 'cluster_qr', 'random_state': 456}",-0.033206541937968126,99.79539826710172,6.080135008301602
SpectralClustering,"{'n_clusters': 9, 'affinity': 'sigmoid', 'assign_labels': 'cluster_qr', 'random_state': 789}",-0.033206541937968126,99.79539826710172,6.080135008301602
SpectralClustering,"{'n_clusters': 9, 'affinity': 'sigmoid', 'assign_labels': 'cluster_qr', 'random_state': 1011}",-0.033206541937968126,99.79539826710172,6.080135008301602
SpectralClustering,"{'n_clusters': 9, 'affinity': 'sigmoid', 'assign_labels': 'cluster_qr', 'random_state': 2022}",-0.033206541937968126,99.79539826710172,6.080135008301602
SpectralClustering,"{'n_clusters': 9, 'affinity': 'sigmoid', 'assign_labels': 'cluster_qr', 'random_state': 3033}",-0.033206541937968126,99.79539826710172,6.080135008301602
SpectralClustering,"{'n_clusters': 9, 'affinity': 'sigmoid', 'assign_labels': 'cluster_qr', 'random_state': 4044}",-0.033206541937968126,99.79539826710172,6.080135008301602
SpectralClustering,"{'n_clusters': 9, 'affinity': 'sigmoid', 'assign_labels': 'cluster_qr', 'random_state': 5055}",-0.033206541937968126,99.79539826710172,6.080135008301602
SpectralClustering,"{'n_clusters': 9, 'affinity': 'sigmoid', 'assign_labels': 'cluster_qr', 'random_state': 6066}",-0.033206541937968126,99.79539826710172,6.080135008301602
SpectralClustering,"{'n_clusters': 10, 'affinity': 'rbf', 'assign_labels': 'kmeans', 'random_state': 42}",0.2596590687980505,287.71143482673665,1.3481974791904536
SpectralClustering,"{'n_clusters': 10, 'affinity': 'rbf', 'assign_labels': 'kmeans', 'random_state': 123}",0.2571826840603129,276.5864443909278,1.3033277736302658
SpectralClustering,"{'n_clusters': 10, 'affinity': 'rbf', 'assign_labels': 'kmeans', 'random_state': 456}",0.2573068811993929,276.52303599820044,1.3031161236849584
SpectralClustering,"{'n_clusters': 10, 'affinity': 'rbf', 'assign_labels': 'kmeans', 'random_state': 789}",0.26039559341526086,287.4774199814861,1.3155506492004496
SpectralClustering,"{'n_clusters': 10, 'affinity': 'rbf', 'assign_labels': 'kmeans', 'random_state': 1011}",0.26475820607458284,282.7024620239295,1.2668970589323794
SpectralClustering,"{'n_clusters': 10, 'affinity': 'rbf', 'assign_labels': 'kmeans', 'random_state': 2022}",0.3078781965036359,245.773427271549,1.285139815152254
SpectralClustering,"{'n_clusters': 10, 'affinity': 'rbf', 'assign_labels': 'kmeans', 'random_state': 3033}",0.3085886060316396,241.27271033220654,1.189754430834016
SpectralClustering,"{'n_clusters': 10, 'affinity': 'rbf', 'assign_labels': 'kmeans', 'random_state': 4044}",0.260850809262401,288.22069234189667,1.3204969533655457
SpectralClustering,"{'n_clusters': 10, 'affinity': 'rbf', 'assign_labels': 'kmeans', 'random_state': 5055}",0.3075617265397013,245.2793291536989,1.2680543321389384
SpectralClustering,"{'n_clusters': 10, 'affinity': 'rbf', 'assign_labels': 'kmeans', 'random_state': 6066}",0.3091430429905082,245.7526310627457,1.2515928702327526
SpectralClustering,"{'n_clusters': 10, 'affinity': 'rbf', 'assign_labels': 'discretize', 'random_state': 42}",0.27563280588956096,708.6650154743915,1.05294082818788
SpectralClustering,"{'n_clusters': 10, 'affinity': 'rbf', 'assign_labels': 'discretize', 'random_state': 123}",0.276141669546269,713.1380886903097,1.045668033741824
SpectralClustering,"{'n_clusters': 10, 'affinity': 'rbf', 'assign_labels': 'discretize', 'random_state': 456}",0.276026340850011,712.6218233717325,1.0455296482854497
SpectralClustering,"{'n_clusters': 10, 'affinity': 'rbf', 'assign_labels': 'discretize', 'random_state': 789}",0.26479869970068104,688.5954902002906,1.0746463283388157
SpectralClustering,"{'n_clusters': 10, 'affinity': 'rbf', 'assign_labels': 'discretize', 'random_state': 1011}",0.27563280588956096,708.6650154743913,1.0529408281878798
SpectralClustering,"{'n_clusters': 10, 'affinity': 'rbf', 'assign_labels': 'discretize', 'random_state': 2022}",0.276026340850011,712.6218233717325,1.0455296482854497
SpectralClustering,"{'n_clusters': 10, 'affinity': 'rbf', 'assign_labels': 'discretize', 'random_state': 3033}",0.26572074047443844,693.0009550385428,1.0725620784735725
SpectralClustering,"{'n_clusters': 10, 'affinity': 'rbf', 'assign_labels': 'discretize', 'random_state': 4044}",0.26479869970068104,688.5954902002906,1.074646328338816
SpectralClustering,"{'n_clusters': 10, 'affinity': 'rbf', 'assign_labels': 'discretize', 'random_state': 5055}",0.2758794695779914,717.2750421285456,1.0468230061089012
SpectralClustering,"{'n_clusters': 10, 'affinity': 'rbf', 'assign_labels': 'discretize', 'random_state': 6066}",0.26479869970068104,688.5954902002904,1.074646328338816
SpectralClustering,"{'n_clusters': 10, 'affinity': 'rbf', 'assign_labels': 'cluster_qr', 'random_state': 42}",0.2725184598447056,732.4215677995599,1.1344544787419024
SpectralClustering,"{'n_clusters': 10, 'affinity': 'rbf', 'assign_labels': 'cluster_qr', 'random_state': 123}",0.2725184598447056,732.4215677995599,1.1344544787419024
SpectralClustering,"{'n_clusters': 10, 'affinity': 'rbf', 'assign_labels': 'cluster_qr', 'random_state': 456}",0.2725184598447056,732.4215677995599,1.1344544787419024
SpectralClustering,"{'n_clusters': 10, 'affinity': 'rbf', 'assign_labels': 'cluster_qr', 'random_state': 789}",0.2725184598447056,732.4215677995599,1.1344544787419024
SpectralClustering,"{'n_clusters': 10, 'affinity': 'rbf', 'assign_labels': 'cluster_qr', 'random_state': 1011}",0.2725184598447056,732.4215677995599,1.1344544787419024
SpectralClustering,"{'n_clusters': 10, 'affinity': 'rbf', 'assign_labels': 'cluster_qr', 'random_state': 2022}",0.2725184598447056,732.4215677995599,1.1344544787419024
SpectralClustering,"{'n_clusters': 10, 'affinity': 'rbf', 'assign_labels': 'cluster_qr', 'random_state': 3033}",0.2725184598447056,732.4215677995599,1.1344544787419024
SpectralClustering,"{'n_clusters': 10, 'affinity': 'rbf', 'assign_labels': 'cluster_qr', 'random_state': 4044}",0.2725184598447056,732.4215677995599,1.1344544787419024
SpectralClustering,"{'n_clusters': 10, 'affinity': 'rbf', 'assign_labels': 'cluster_qr', 'random_state': 5055}",0.2725184598447056,732.4215677995599,1.1344544787419024
SpectralClustering,"{'n_clusters': 10, 'affinity': 'rbf', 'assign_labels': 'cluster_qr', 'random_state': 6066}",0.2725184598447056,732.4215677995599,1.1344544787419024
SpectralClustering,"{'n_clusters': 10, 'affinity': 'nearest_neighbors', 'assign_labels': 'kmeans', 'random_state': 42, 'n_neighbors': 5}",0.18738316234381017,806.3021498550722,1.2923990150840285
SpectralClustering,"{'n_clusters': 10, 'affinity': 'nearest_neighbors', 'assign_labels': 'kmeans', 'random_state': 123, 'n_neighbors': 5}",0.18738316234381017,806.3021498550721,1.2923990150840283
SpectralClustering,"{'n_clusters': 10, 'affinity': 'nearest_neighbors', 'assign_labels': 'kmeans', 'random_state': 456, 'n_neighbors': 5}",0.18738316234381017,806.3021498550722,1.2923990150840285
SpectralClustering,"{'n_clusters': 10, 'affinity': 'nearest_neighbors', 'assign_labels': 'kmeans', 'random_state': 789, 'n_neighbors': 5}",0.18738316234381017,806.3021498550721,1.2923990150840283
SpectralClustering,"{'n_clusters': 10, 'affinity': 'nearest_neighbors', 'assign_labels': 'kmeans', 'random_state': 1011, 'n_neighbors': 5}",0.1884531463441953,809.9438772856504,1.290792535724009
SpectralClustering,"{'n_clusters': 10, 'affinity': 'nearest_neighbors', 'assign_labels': 'kmeans', 'random_state': 2022, 'n_neighbors': 5}",0.18852483767048894,809.9392552541789,1.290510417712715
SpectralClustering,"{'n_clusters': 10, 'affinity': 'nearest_neighbors', 'assign_labels': 'kmeans', 'random_state': 3033, 'n_neighbors': 5}",0.18843893905621126,809.8349972601509,1.2906057085451874
SpectralClustering,"{'n_clusters': 10, 'affinity': 'nearest_neighbors', 'assign_labels': 'kmeans', 'random_state': 4044, 'n_neighbors': 5}",0.18738316234381017,806.3021498550719,1.2923990150840285
SpectralClustering,"{'n_clusters': 10, 'affinity': 'nearest_neighbors', 'assign_labels': 'kmeans', 'random_state': 5055, 'n_neighbors': 5}",0.18800549298678926,808.4719621976968,1.2923359640238858
SpectralClustering,"{'n_clusters': 10, 'affinity': 'nearest_neighbors', 'assign_labels': 'kmeans', 'random_state': 6066, 'n_neighbors': 5}",0.18738316234381017,806.3021498550721,1.2923990150840283
SpectralClustering,"{'n_clusters': 10, 'affinity': 'nearest_neighbors', 'assign_labels': 'discretize', 'random_state': 42, 'n_neighbors': 5}",0.19639765694361558,841.2461674139811,1.291244529199413
SpectralClustering,"{'n_clusters': 10, 'affinity': 'nearest_neighbors', 'assign_labels': 'discretize', 'random_state': 123, 'n_neighbors': 5}",0.19631922699126692,841.1861709629858,1.289554850452442
SpectralClustering,"{'n_clusters': 10, 'affinity': 'nearest_neighbors', 'assign_labels': 'discretize', 'random_state': 456, 'n_neighbors': 5}",0.19654760978473398,843.0145938783018,1.2894502341215142
SpectralClustering,"{'n_clusters': 10, 'affinity': 'nearest_neighbors', 'assign_labels': 'discretize', 'random_state': 789, 'n_neighbors': 5}",0.19682258835583671,842.9590324944073,1.2919270720638414
SpectralClustering,"{'n_clusters': 10, 'affinity': 'nearest_neighbors', 'assign_labels': 'discretize', 'random_state': 1011, 'n_neighbors': 5}",0.196043988640466,841.2439917752181,1.2881962121788544
SpectralClustering,"{'n_clusters': 10, 'affinity': 'nearest_neighbors', 'assign_labels': 'discretize', 'random_state': 2022, 'n_neighbors': 5}",0.19646923215896797,842.9657949330699,1.289035709260927
SpectralClustering,"{'n_clusters': 10, 'affinity': 'nearest_neighbors', 'assign_labels': 'discretize', 'random_state': 3033, 'n_neighbors': 5}",0.196043988640466,841.2439917752181,1.2881962121788544
SpectralClustering,"{'n_clusters': 10, 'affinity': 'nearest_neighbors', 'assign_labels': 'discretize', 'random_state': 4044, 'n_neighbors': 5}",0.19682305702744815,842.9435240869894,1.2919698651968186
SpectralClustering,"{'n_clusters': 10, 'affinity': 'nearest_neighbors', 'assign_labels': 'discretize', 'random_state': 5055, 'n_neighbors': 5}",0.1964685614023203,842.9460180981937,1.289092838448608
SpectralClustering,"{'n_clusters': 10, 'affinity': 'nearest_neighbors', 'assign_labels': 'discretize', 'random_state': 6066, 'n_neighbors': 5}",0.19634412383381705,842.8649490253664,1.289371078299373
SpectralClustering,"{'n_clusters': 10, 'affinity': 'nearest_neighbors', 'assign_labels': 'cluster_qr', 'random_state': 42, 'n_neighbors': 5}",0.19757745145842373,844.254348489509,1.304948302679515
SpectralClustering,"{'n_clusters': 10, 'affinity': 'nearest_neighbors', 'assign_labels': 'cluster_qr', 'random_state': 123, 'n_neighbors': 5}",0.19757745145842373,844.254348489509,1.304948302679515
SpectralClustering,"{'n_clusters': 10, 'affinity': 'nearest_neighbors', 'assign_labels': 'cluster_qr', 'random_state': 456, 'n_neighbors': 5}",0.19757745145842373,844.254348489509,1.304948302679515
SpectralClustering,"{'n_clusters': 10, 'affinity': 'nearest_neighbors', 'assign_labels': 'cluster_qr', 'random_state': 789, 'n_neighbors': 5}",0.19757745145842373,844.254348489509,1.304948302679515
SpectralClustering,"{'n_clusters': 10, 'affinity': 'nearest_neighbors', 'assign_labels': 'cluster_qr', 'random_state': 1011, 'n_neighbors': 5}",0.19757745145842373,844.254348489509,1.304948302679515
SpectralClustering,"{'n_clusters': 10, 'affinity': 'nearest_neighbors', 'assign_labels': 'cluster_qr', 'random_state': 2022, 'n_neighbors': 5}",0.19757745145842373,844.254348489509,1.304948302679515
SpectralClustering,"{'n_clusters': 10, 'affinity': 'nearest_neighbors', 'assign_labels': 'cluster_qr', 'random_state': 3033, 'n_neighbors': 5}",0.19757745145842373,844.254348489509,1.304948302679515
SpectralClustering,"{'n_clusters': 10, 'affinity': 'nearest_neighbors', 'assign_labels': 'cluster_qr', 'random_state': 4044, 'n_neighbors': 5}",0.19757745145842373,844.254348489509,1.304948302679515
SpectralClustering,"{'n_clusters': 10, 'affinity': 'nearest_neighbors', 'assign_labels': 'cluster_qr', 'random_state': 5055, 'n_neighbors': 5}",0.19757745145842373,844.254348489509,1.304948302679515
SpectralClustering,"{'n_clusters': 10, 'affinity': 'nearest_neighbors', 'assign_labels': 'cluster_qr', 'random_state': 6066, 'n_neighbors': 5}",0.19757745145842373,844.254348489509,1.304948302679515
SpectralClustering,"{'n_clusters': 10, 'affinity': 'nearest_neighbors', 'assign_labels': 'kmeans', 'random_state': 42, 'n_neighbors': 10}",0.18198584066408277,796.4349389912327,1.2853368979966378
SpectralClustering,"{'n_clusters': 10, 'affinity': 'nearest_neighbors', 'assign_labels': 'kmeans', 'random_state': 123, 'n_neighbors': 10}",0.18190630445141118,795.9659235051465,1.285554045574199
SpectralClustering,"{'n_clusters': 10, 'affinity': 'nearest_neighbors', 'assign_labels': 'kmeans', 'random_state': 456, 'n_neighbors': 10}",0.18226343980678472,796.6722391410669,1.2857261459419467
SpectralClustering,"{'n_clusters': 10, 'affinity': 'nearest_neighbors', 'assign_labels': 'kmeans', 'random_state': 789, 'n_neighbors': 10}",0.18190630445141118,795.9659235051467,1.2855540455741992
SpectralClustering,"{'n_clusters': 10, 'affinity': 'nearest_neighbors', 'assign_labels': 'kmeans', 'random_state': 1011, 'n_neighbors': 10}",0.18190630445141118,795.9659235051469,1.2855540455741992
SpectralClustering,"{'n_clusters': 10, 'affinity': 'nearest_neighbors', 'assign_labels': 'kmeans', 'random_state': 2022, 'n_neighbors': 10}",0.18236638507929614,796.966531784106,1.2848740307249527
SpectralClustering,"{'n_clusters': 10, 'affinity': 'nearest_neighbors', 'assign_labels': 'kmeans', 'random_state': 3033, 'n_neighbors': 10}",0.18198584066408277,796.4349389912326,1.2853368979966378
SpectralClustering,"{'n_clusters': 10, 'affinity': 'nearest_neighbors', 'assign_labels': 'kmeans', 'random_state': 4044, 'n_neighbors': 10}",0.18190630445141118,795.9659235051465,1.285554045574199
SpectralClustering,"{'n_clusters': 10, 'affinity': 'nearest_neighbors', 'assign_labels': 'kmeans', 'random_state': 5055, 'n_neighbors': 10}",0.18205463045782014,796.4574062788624,1.2855605173985754
SpectralClustering,"{'n_clusters': 10, 'affinity': 'nearest_neighbors', 'assign_labels': 'kmeans', 'random_state': 6066, 'n_neighbors': 10}",0.18240196701700356,796.7036447864414,1.2863440182607975
SpectralClustering,"{'n_clusters': 10, 'affinity': 'nearest_neighbors', 'assign_labels': 'discretize', 'random_state': 42, 'n_neighbors': 10}",0.19247146454793584,823.0062254083712,1.2721001546243556
SpectralClustering,"{'n_clusters': 10, 'affinity': 'nearest_neighbors', 'assign_labels': 'discretize', 'random_state': 123, 'n_neighbors': 10}",0.19274053646168043,820.7585447105522,1.2861971944775288
SpectralClustering,"{'n_clusters': 10, 'affinity': 'nearest_neighbors', 'assign_labels': 'discretize', 'random_state': 456, 'n_neighbors': 10}",0.19259950393066186,823.6587427479204,1.2765537588256897
SpectralClustering,"{'n_clusters': 10, 'affinity': 'nearest_neighbors', 'assign_labels': 'discretize', 'random_state': 789, 'n_neighbors': 10}",0.19269792143068123,824.2809762002313,1.2753808405025375
SpectralClustering,"{'n_clusters': 10, 'affinity': 'nearest_neighbors', 'assign_labels': 'discretize', 'random_state': 1011, 'n_neighbors': 10}",0.19273179417074784,820.8877968720092,1.286379356640683
SpectralClustering,"{'n_clusters': 10, 'affinity': 'nearest_neighbors', 'assign_labels': 'discretize', 'random_state': 2022, 'n_neighbors': 10}",0.19247146454793584,823.006225408371,1.2721001546243556
SpectralClustering,"{'n_clusters': 10, 'affinity': 'nearest_neighbors', 'assign_labels': 'discretize', 'random_state': 3033, 'n_neighbors': 10}",0.19355869143317525,824.6180779804306,1.2843285908720519
SpectralClustering,"{'n_clusters': 10, 'affinity': 'nearest_neighbors', 'assign_labels': 'discretize', 'random_state': 4044, 'n_neighbors': 10}",0.1920657687504831,820.6855208198903,1.2744072266208466
SpectralClustering,"{'n_clusters': 10, 'affinity': 'nearest_neighbors', 'assign_labels': 'discretize', 'random_state': 5055, 'n_neighbors': 10}",0.19239501933133493,823.2373653678712,1.276337125545974
SpectralClustering,"{'n_clusters': 10, 'affinity': 'nearest_neighbors', 'assign_labels': 'discretize', 'random_state': 6066, 'n_neighbors': 10}",0.19305854044345136,823.9801692755441,1.279720239149956
SpectralClustering,"{'n_clusters': 10, 'affinity': 'nearest_neighbors', 'assign_labels': 'cluster_qr', 'random_state': 42, 'n_neighbors': 10}",0.18865376948977652,814.9159028536168,1.3050261664810237
SpectralClustering,"{'n_clusters': 10, 'affinity': 'nearest_neighbors', 'assign_labels': 'cluster_qr', 'random_state': 123, 'n_neighbors': 10}",0.18865376948977652,814.9159028536168,1.3050261664810237
SpectralClustering,"{'n_clusters': 10, 'affinity': 'nearest_neighbors', 'assign_labels': 'cluster_qr', 'random_state': 456, 'n_neighbors': 10}",0.18865376948977652,814.9159028536168,1.3050261664810237
SpectralClustering,"{'n_clusters': 10, 'affinity': 'nearest_neighbors', 'assign_labels': 'cluster_qr', 'random_state': 789, 'n_neighbors': 10}",0.18865376948977652,814.9159028536168,1.3050261664810237
SpectralClustering,"{'n_clusters': 10, 'affinity': 'nearest_neighbors', 'assign_labels': 'cluster_qr', 'random_state': 1011, 'n_neighbors': 10}",0.18865376948977652,814.9159028536168,1.3050261664810237
SpectralClustering,"{'n_clusters': 10, 'affinity': 'nearest_neighbors', 'assign_labels': 'cluster_qr', 'random_state': 2022, 'n_neighbors': 10}",0.18865376948977652,814.9159028536168,1.3050261664810237
SpectralClustering,"{'n_clusters': 10, 'affinity': 'nearest_neighbors', 'assign_labels': 'cluster_qr', 'random_state': 3033, 'n_neighbors': 10}",0.18865376948977652,814.9159028536168,1.3050261664810237
SpectralClustering,"{'n_clusters': 10, 'affinity': 'nearest_neighbors', 'assign_labels': 'cluster_qr', 'random_state': 4044, 'n_neighbors': 10}",0.18865376948977652,814.9159028536168,1.3050261664810237
SpectralClustering,"{'n_clusters': 10, 'affinity': 'nearest_neighbors', 'assign_labels': 'cluster_qr', 'random_state': 5055, 'n_neighbors': 10}",0.18865376948977652,814.9159028536168,1.3050261664810237
SpectralClustering,"{'n_clusters': 10, 'affinity': 'nearest_neighbors', 'assign_labels': 'cluster_qr', 'random_state': 6066, 'n_neighbors': 10}",0.18865376948977652,814.9159028536168,1.3050261664810237
SpectralClustering,"{'n_clusters': 10, 'affinity': 'nearest_neighbors', 'assign_labels': 'kmeans', 'random_state': 42, 'n_neighbors': 15}",0.18378017673844266,807.6116091466741,1.2903839240518518
SpectralClustering,"{'n_clusters': 10, 'affinity': 'nearest_neighbors', 'assign_labels': 'kmeans', 'random_state': 123, 'n_neighbors': 15}",0.1843969489056944,807.0783170878098,1.2902565454773898
SpectralClustering,"{'n_clusters': 10, 'affinity': 'nearest_neighbors', 'assign_labels': 'kmeans', 'random_state': 456, 'n_neighbors': 15}",0.18377652794512114,807.1482581084607,1.291189129145135
SpectralClustering,"{'n_clusters': 10, 'affinity': 'nearest_neighbors', 'assign_labels': 'kmeans', 'random_state': 789, 'n_neighbors': 15}",0.18399234805532144,807.3890565830415,1.2908061717942512
SpectralClustering,"{'n_clusters': 10, 'affinity': 'nearest_neighbors', 'assign_labels': 'kmeans', 'random_state': 1011, 'n_neighbors': 15}",0.18345013063072355,806.8514881506061,1.2908756382861069
SpectralClustering,"{'n_clusters': 10, 'affinity': 'nearest_neighbors', 'assign_labels': 'kmeans', 'random_state': 2022, 'n_neighbors': 15}",0.18450299699428654,807.9771656775255,1.2907175577803587
SpectralClustering,"{'n_clusters': 10, 'affinity': 'nearest_neighbors', 'assign_labels': 'kmeans', 'random_state': 3033, 'n_neighbors': 15}",0.18377652794512114,807.1482581084605,1.291189129145135
SpectralClustering,"{'n_clusters': 10, 'affinity': 'nearest_neighbors', 'assign_labels': 'kmeans', 'random_state': 4044, 'n_neighbors': 15}",0.18345013063072355,806.8514881506061,1.2908756382861069
SpectralClustering,"{'n_clusters': 10, 'affinity': 'nearest_neighbors', 'assign_labels': 'kmeans', 'random_state': 5055, 'n_neighbors': 15}",0.18345013063072355,806.8514881506062,1.2908756382861069
SpectralClustering,"{'n_clusters': 10, 'affinity': 'nearest_neighbors', 'assign_labels': 'kmeans', 'random_state': 6066, 'n_neighbors': 15}",0.18345013063072355,806.8514881506061,1.290875638286107
SpectralClustering,"{'n_clusters': 10, 'affinity': 'nearest_neighbors', 'assign_labels': 'discretize', 'random_state': 42, 'n_neighbors': 15}",0.1947253409745611,832.2452174975795,1.2754551918583616
SpectralClustering,"{'n_clusters': 10, 'affinity': 'nearest_neighbors', 'assign_labels': 'discretize', 'random_state': 123, 'n_neighbors': 15}",0.19470135093446406,832.1724148299749,1.2754905065549758
SpectralClustering,"{'n_clusters': 10, 'affinity': 'nearest_neighbors', 'assign_labels': 'discretize', 'random_state': 456, 'n_neighbors': 15}",0.19423690369317545,833.4643128815502,1.280517651961329
SpectralClustering,"{'n_clusters': 10, 'affinity': 'nearest_neighbors', 'assign_labels': 'discretize', 'random_state': 789, 'n_neighbors': 15}",0.19423690369317545,833.4643128815499,1.2805176519613293
SpectralClustering,"{'n_clusters': 10, 'affinity': 'nearest_neighbors', 'assign_labels': 'discretize', 'random_state': 1011, 'n_neighbors': 15}",0.1948116222777389,832.3957838713267,1.2754197243353942
SpectralClustering,"{'n_clusters': 10, 'affinity': 'nearest_neighbors', 'assign_labels': 'discretize', 'random_state': 2022, 'n_neighbors': 15}",0.19423690369317545,833.4643128815501,1.2805176519613293
SpectralClustering,"{'n_clusters': 10, 'affinity': 'nearest_neighbors', 'assign_labels': 'discretize', 'random_state': 3033, 'n_neighbors': 15}",0.19376874122284513,831.2787032097912,1.2786860134037208
SpectralClustering,"{'n_clusters': 10, 'affinity': 'nearest_neighbors', 'assign_labels': 'discretize', 'random_state': 4044, 'n_neighbors': 15}",0.19462874407692338,832.0979517078744,1.2755041682658663
SpectralClustering,"{'n_clusters': 10, 'affinity': 'nearest_neighbors', 'assign_labels': 'discretize', 'random_state': 5055, 'n_neighbors': 15}",0.19462874407692338,832.0979517078745,1.275504168265866
SpectralClustering,"{'n_clusters': 10, 'affinity': 'nearest_neighbors', 'assign_labels': 'discretize', 'random_state': 6066, 'n_neighbors': 15}",0.1944646439914161,833.9182429223372,1.2797702249839984
SpectralClustering,"{'n_clusters': 10, 'affinity': 'nearest_neighbors', 'assign_labels': 'cluster_qr', 'random_state': 42, 'n_neighbors': 15}",0.1896980057349999,823.1981102066993,1.2811347387444874
SpectralClustering,"{'n_clusters': 10, 'affinity': 'nearest_neighbors', 'assign_labels': 'cluster_qr', 'random_state': 123, 'n_neighbors': 15}",0.1896980057349999,823.1981102066993,1.2811347387444874
SpectralClustering,"{'n_clusters': 10, 'affinity': 'nearest_neighbors', 'assign_labels': 'cluster_qr', 'random_state': 456, 'n_neighbors': 15}",0.1896980057349999,823.1981102066993,1.2811347387444874
SpectralClustering,"{'n_clusters': 10, 'affinity': 'nearest_neighbors', 'assign_labels': 'cluster_qr', 'random_state': 789, 'n_neighbors': 15}",0.1896980057349999,823.1981102066993,1.2811347387444874
SpectralClustering,"{'n_clusters': 10, 'affinity': 'nearest_neighbors', 'assign_labels': 'cluster_qr', 'random_state': 1011, 'n_neighbors': 15}",0.1896980057349999,823.1981102066993,1.2811347387444874
SpectralClustering,"{'n_clusters': 10, 'affinity': 'nearest_neighbors', 'assign_labels': 'cluster_qr', 'random_state': 2022, 'n_neighbors': 15}",0.1896980057349999,823.1981102066993,1.2811347387444874
SpectralClustering,"{'n_clusters': 10, 'affinity': 'nearest_neighbors', 'assign_labels': 'cluster_qr', 'random_state': 3033, 'n_neighbors': 15}",0.1896980057349999,823.1981102066993,1.2811347387444874
SpectralClustering,"{'n_clusters': 10, 'affinity': 'nearest_neighbors', 'assign_labels': 'cluster_qr', 'random_state': 4044, 'n_neighbors': 15}",0.1896980057349999,823.1981102066993,1.2811347387444874
SpectralClustering,"{'n_clusters': 10, 'affinity': 'nearest_neighbors', 'assign_labels': 'cluster_qr', 'random_state': 5055, 'n_neighbors': 15}",0.1896980057349999,823.1981102066993,1.2811347387444874
SpectralClustering,"{'n_clusters': 10, 'affinity': 'nearest_neighbors', 'assign_labels': 'cluster_qr', 'random_state': 6066, 'n_neighbors': 15}",0.1896980057349999,823.1981102066993,1.2811347387444874
SpectralClustering,"{'n_clusters': 10, 'affinity': 'nearest_neighbors', 'assign_labels': 'kmeans', 'random_state': 42, 'n_neighbors': 20}",0.19421758352847251,834.5283106108916,1.2692663302446694
SpectralClustering,"{'n_clusters': 10, 'affinity': 'nearest_neighbors', 'assign_labels': 'kmeans', 'random_state': 123, 'n_neighbors': 20}",0.19421758352847251,834.5283106108916,1.2692663302446694
SpectralClustering,"{'n_clusters': 10, 'affinity': 'nearest_neighbors', 'assign_labels': 'kmeans', 'random_state': 456, 'n_neighbors': 20}",0.19419762596062656,834.4051272885085,1.2696362214705013
SpectralClustering,"{'n_clusters': 10, 'affinity': 'nearest_neighbors', 'assign_labels': 'kmeans', 'random_state': 789, 'n_neighbors': 20}",0.19421758352847251,834.5283106108916,1.2692663302446694
SpectralClustering,"{'n_clusters': 10, 'affinity': 'nearest_neighbors', 'assign_labels': 'kmeans', 'random_state': 1011, 'n_neighbors': 20}",0.19419762596062656,834.4051272885084,1.2696362214705013
SpectralClustering,"{'n_clusters': 10, 'affinity': 'nearest_neighbors', 'assign_labels': 'kmeans', 'random_state': 2022, 'n_neighbors': 20}",0.19421758352847251,834.5283106108918,1.2692663302446694
SpectralClustering,"{'n_clusters': 10, 'affinity': 'nearest_neighbors', 'assign_labels': 'kmeans', 'random_state': 3033, 'n_neighbors': 20}",0.19421758352847251,834.5283106108918,1.2692663302446694
SpectralClustering,"{'n_clusters': 10, 'affinity': 'nearest_neighbors', 'assign_labels': 'kmeans', 'random_state': 4044, 'n_neighbors': 20}",0.19421758352847251,834.5283106108917,1.2692663302446694
SpectralClustering,"{'n_clusters': 10, 'affinity': 'nearest_neighbors', 'assign_labels': 'kmeans', 'random_state': 5055, 'n_neighbors': 20}",0.19421758352847251,834.5283106108918,1.2692663302446694
SpectralClustering,"{'n_clusters': 10, 'affinity': 'nearest_neighbors', 'assign_labels': 'kmeans', 'random_state': 6066, 'n_neighbors': 20}",0.19421758352847251,834.5283106108915,1.2692663302446694
SpectralClustering,"{'n_clusters': 10, 'affinity': 'nearest_neighbors', 'assign_labels': 'discretize', 'random_state': 42, 'n_neighbors': 20}",0.20189047424960627,853.6238187545683,1.257070290947209
SpectralClustering,"{'n_clusters': 10, 'affinity': 'nearest_neighbors', 'assign_labels': 'discretize', 'random_state': 123, 'n_neighbors': 20}",0.20160870315367743,852.9723571026709,1.2578582531157767
SpectralClustering,"{'n_clusters': 10, 'affinity': 'nearest_neighbors', 'assign_labels': 'discretize', 'random_state': 456, 'n_neighbors': 20}",0.20165884894429173,852.9604909008208,1.2581063301868838
SpectralClustering,"{'n_clusters': 10, 'affinity': 'nearest_neighbors', 'assign_labels': 'discretize', 'random_state': 789, 'n_neighbors': 20}",0.2018789794801284,853.2995747245559,1.2576611768261794
SpectralClustering,"{'n_clusters': 10, 'affinity': 'nearest_neighbors', 'assign_labels': 'discretize', 'random_state': 1011, 'n_neighbors': 20}",0.20182580485275722,853.020901912721,1.2571268211660422
SpectralClustering,"{'n_clusters': 10, 'affinity': 'nearest_neighbors', 'assign_labels': 'discretize', 'random_state': 2022, 'n_neighbors': 20}",0.2018789794801284,853.2995747245559,1.2576611768261792
SpectralClustering,"{'n_clusters': 10, 'affinity': 'nearest_neighbors', 'assign_labels': 'discretize', 'random_state': 3033, 'n_neighbors': 20}",0.20149425639338425,852.697171032356,1.2582212447015224
SpectralClustering,"{'n_clusters': 10, 'affinity': 'nearest_neighbors', 'assign_labels': 'discretize', 'random_state': 4044, 'n_neighbors': 20}",0.20149425639338425,852.697171032356,1.2582212447015224
SpectralClustering,"{'n_clusters': 10, 'affinity': 'nearest_neighbors', 'assign_labels': 'discretize', 'random_state': 5055, 'n_neighbors': 20}",0.20155548673904758,852.693841986179,1.25732389745564
SpectralClustering,"{'n_clusters': 10, 'affinity': 'nearest_neighbors', 'assign_labels': 'discretize', 'random_state': 6066, 'n_neighbors': 20}",0.20189047424960627,853.6238187545686,1.2570702909472093
SpectralClustering,"{'n_clusters': 10, 'affinity': 'nearest_neighbors', 'assign_labels': 'cluster_qr', 'random_state': 42, 'n_neighbors': 20}",0.19378326809085938,835.3083202548917,1.2803224328900598
SpectralClustering,"{'n_clusters': 10, 'affinity': 'nearest_neighbors', 'assign_labels': 'cluster_qr', 'random_state': 123, 'n_neighbors': 20}",0.19378326809085938,835.3083202548917,1.2803224328900598
SpectralClustering,"{'n_clusters': 10, 'affinity': 'nearest_neighbors', 'assign_labels': 'cluster_qr', 'random_state': 456, 'n_neighbors': 20}",0.19378326809085938,835.3083202548917,1.2803224328900598
SpectralClustering,"{'n_clusters': 10, 'affinity': 'nearest_neighbors', 'assign_labels': 'cluster_qr', 'random_state': 789, 'n_neighbors': 20}",0.19378326809085938,835.3083202548917,1.2803224328900598
SpectralClustering,"{'n_clusters': 10, 'affinity': 'nearest_neighbors', 'assign_labels': 'cluster_qr', 'random_state': 1011, 'n_neighbors': 20}",0.19378326809085938,835.3083202548917,1.2803224328900598
SpectralClustering,"{'n_clusters': 10, 'affinity': 'nearest_neighbors', 'assign_labels': 'cluster_qr', 'random_state': 2022, 'n_neighbors': 20}",0.19378326809085938,835.3083202548917,1.2803224328900598
SpectralClustering,"{'n_clusters': 10, 'affinity': 'nearest_neighbors', 'assign_labels': 'cluster_qr', 'random_state': 3033, 'n_neighbors': 20}",0.19378326809085938,835.3083202548917,1.2803224328900598
SpectralClustering,"{'n_clusters': 10, 'affinity': 'nearest_neighbors', 'assign_labels': 'cluster_qr', 'random_state': 4044, 'n_neighbors': 20}",0.19378326809085938,835.3083202548917,1.2803224328900598
SpectralClustering,"{'n_clusters': 10, 'affinity': 'nearest_neighbors', 'assign_labels': 'cluster_qr', 'random_state': 5055, 'n_neighbors': 20}",0.19378326809085938,835.3083202548917,1.2803224328900598
SpectralClustering,"{'n_clusters': 10, 'affinity': 'nearest_neighbors', 'assign_labels': 'cluster_qr', 'random_state': 6066, 'n_neighbors': 20}",0.19378326809085938,835.3083202548917,1.2803224328900598
SpectralClustering,"{'n_clusters': 10, 'affinity': 'nearest_neighbors', 'assign_labels': 'kmeans', 'random_state': 42, 'n_neighbors': 50}",0.19860782289690349,849.8841876461629,1.2458085733575948
SpectralClustering,"{'n_clusters': 10, 'affinity': 'nearest_neighbors', 'assign_labels': 'kmeans', 'random_state': 123, 'n_neighbors': 50}",0.19882509130057346,850.2364493189202,1.245520194315712
SpectralClustering,"{'n_clusters': 10, 'affinity': 'nearest_neighbors', 'assign_labels': 'kmeans', 'random_state': 456, 'n_neighbors': 50}",0.19882509130057346,850.2364493189206,1.2455201943157117
SpectralClustering,"{'n_clusters': 10, 'affinity': 'nearest_neighbors', 'assign_labels': 'kmeans', 'random_state': 789, 'n_neighbors': 50}",0.19896651800144535,851.2904150990474,1.244627357937935
SpectralClustering,"{'n_clusters': 10, 'affinity': 'nearest_neighbors', 'assign_labels': 'kmeans', 'random_state': 1011, 'n_neighbors': 50}",0.19874067660398018,850.7780526955383,1.2430414262100484
SpectralClustering,"{'n_clusters': 10, 'affinity': 'nearest_neighbors', 'assign_labels': 'kmeans', 'random_state': 2022, 'n_neighbors': 50}",0.19882509130057346,850.2364493189202,1.2455201943157121
SpectralClustering,"{'n_clusters': 10, 'affinity': 'nearest_neighbors', 'assign_labels': 'kmeans', 'random_state': 3033, 'n_neighbors': 50}",0.19919119178325356,851.5773132637391,1.2447607783800998
SpectralClustering,"{'n_clusters': 10, 'affinity': 'nearest_neighbors', 'assign_labels': 'kmeans', 'random_state': 4044, 'n_neighbors': 50}",0.19896651800144535,851.2904150990474,1.244627357937935
SpectralClustering,"{'n_clusters': 10, 'affinity': 'nearest_neighbors', 'assign_labels': 'kmeans', 'random_state': 5055, 'n_neighbors': 50}",0.1990679057239978,851.4207688433344,1.2444491999567246
SpectralClustering,"{'n_clusters': 10, 'affinity': 'nearest_neighbors', 'assign_labels': 'kmeans', 'random_state': 6066, 'n_neighbors': 50}",0.19860782289690349,849.8841876461626,1.2458085733575945
SpectralClustering,"{'n_clusters': 10, 'affinity': 'nearest_neighbors', 'assign_labels': 'discretize', 'random_state': 42, 'n_neighbors': 50}",0.20747128125998407,879.1019479443113,1.247114274842734
SpectralClustering,"{'n_clusters': 10, 'affinity': 'nearest_neighbors', 'assign_labels': 'discretize', 'random_state': 123, 'n_neighbors': 50}",0.20672459184344963,877.2660650932964,1.2476229681433122
SpectralClustering,"{'n_clusters': 10, 'affinity': 'nearest_neighbors', 'assign_labels': 'discretize', 'random_state': 456, 'n_neighbors': 50}",0.20747128125998407,879.1019479443113,1.2471142748427337
SpectralClustering,"{'n_clusters': 10, 'affinity': 'nearest_neighbors', 'assign_labels': 'discretize', 'random_state': 789, 'n_neighbors': 50}",0.20733709552755297,878.1817648193204,1.2457224651505574
SpectralClustering,"{'n_clusters': 10, 'affinity': 'nearest_neighbors', 'assign_labels': 'discretize', 'random_state': 1011, 'n_neighbors': 50}",0.2073638754837612,878.2933703868072,1.2454883119318079
SpectralClustering,"{'n_clusters': 10, 'affinity': 'nearest_neighbors', 'assign_labels': 'discretize', 'random_state': 2022, 'n_neighbors': 50}",0.20747128125998407,879.1019479443113,1.2471142748427337
SpectralClustering,"{'n_clusters': 10, 'affinity': 'nearest_neighbors', 'assign_labels': 'discretize', 'random_state': 3033, 'n_neighbors': 50}",0.20744461612328507,878.9930122315399,1.2473336834248723
SpectralClustering,"{'n_clusters': 10, 'affinity': 'nearest_neighbors', 'assign_labels': 'discretize', 'random_state': 4044, 'n_neighbors': 50}",0.20744461612328507,878.9930122315401,1.2473336834248723
SpectralClustering,"{'n_clusters': 10, 'affinity': 'nearest_neighbors', 'assign_labels': 'discretize', 'random_state': 5055, 'n_neighbors': 50}",0.20744461612328507,878.9930122315401,1.2473336834248723
SpectralClustering,"{'n_clusters': 10, 'affinity': 'nearest_neighbors', 'assign_labels': 'discretize', 'random_state': 6066, 'n_neighbors': 50}",0.20747128125998407,879.1019479443115,1.2471142748427337
SpectralClustering,"{'n_clusters': 10, 'affinity': 'nearest_neighbors', 'assign_labels': 'cluster_qr', 'random_state': 42, 'n_neighbors': 50}",0.20234326523056,864.5396892913739,1.2503315913534216
SpectralClustering,"{'n_clusters': 10, 'affinity': 'nearest_neighbors', 'assign_labels': 'cluster_qr', 'random_state': 123, 'n_neighbors': 50}",0.20234326523056,864.5396892913739,1.2503315913534216
SpectralClustering,"{'n_clusters': 10, 'affinity': 'nearest_neighbors', 'assign_labels': 'cluster_qr', 'random_state': 456, 'n_neighbors': 50}",0.20234326523056,864.5396892913739,1.2503315913534216
SpectralClustering,"{'n_clusters': 10, 'affinity': 'nearest_neighbors', 'assign_labels': 'cluster_qr', 'random_state': 789, 'n_neighbors': 50}",0.20234326523056,864.5396892913739,1.2503315913534216
SpectralClustering,"{'n_clusters': 10, 'affinity': 'nearest_neighbors', 'assign_labels': 'cluster_qr', 'random_state': 1011, 'n_neighbors': 50}",0.20234326523056,864.5396892913739,1.2503315913534216
SpectralClustering,"{'n_clusters': 10, 'affinity': 'nearest_neighbors', 'assign_labels': 'cluster_qr', 'random_state': 2022, 'n_neighbors': 50}",0.20234326523056,864.5396892913739,1.2503315913534216
SpectralClustering,"{'n_clusters': 10, 'affinity': 'nearest_neighbors', 'assign_labels': 'cluster_qr', 'random_state': 3033, 'n_neighbors': 50}",0.20234326523056,864.5396892913739,1.2503315913534216
SpectralClustering,"{'n_clusters': 10, 'affinity': 'nearest_neighbors', 'assign_labels': 'cluster_qr', 'random_state': 4044, 'n_neighbors': 50}",0.20234326523056,864.5396892913739,1.2503315913534216
SpectralClustering,"{'n_clusters': 10, 'affinity': 'nearest_neighbors', 'assign_labels': 'cluster_qr', 'random_state': 5055, 'n_neighbors': 50}",0.20234326523056,864.5396892913739,1.2503315913534216
SpectralClustering,"{'n_clusters': 10, 'affinity': 'nearest_neighbors', 'assign_labels': 'cluster_qr', 'random_state': 6066, 'n_neighbors': 50}",0.20234326523056,864.5396892913739,1.2503315913534216
SpectralClustering,"{'n_clusters': 10, 'affinity': 'nearest_neighbors', 'assign_labels': 'kmeans', 'random_state': 42, 'n_neighbors': 100}",0.2083468515131007,885.9137141914388,1.254072705798803
SpectralClustering,"{'n_clusters': 10, 'affinity': 'nearest_neighbors', 'assign_labels': 'kmeans', 'random_state': 123, 'n_neighbors': 100}",0.2083468515131007,885.9137141914388,1.254072705798803
SpectralClustering,"{'n_clusters': 10, 'affinity': 'nearest_neighbors', 'assign_labels': 'kmeans', 'random_state': 456, 'n_neighbors': 100}",0.20836084529119678,886.0504551692845,1.2544371778579646
SpectralClustering,"{'n_clusters': 10, 'affinity': 'nearest_neighbors', 'assign_labels': 'kmeans', 'random_state': 789, 'n_neighbors': 100}",0.20836084529119678,886.0504551692849,1.2544371778579646
SpectralClustering,"{'n_clusters': 10, 'affinity': 'nearest_neighbors', 'assign_labels': 'kmeans', 'random_state': 1011, 'n_neighbors': 100}",0.20836084529119678,886.0504551692845,1.2544371778579646
SpectralClustering,"{'n_clusters': 10, 'affinity': 'nearest_neighbors', 'assign_labels': 'kmeans', 'random_state': 2022, 'n_neighbors': 100}",0.20847796389651668,887.2941275874952,1.255216656653395
SpectralClustering,"{'n_clusters': 10, 'affinity': 'nearest_neighbors', 'assign_labels': 'kmeans', 'random_state': 3033, 'n_neighbors': 100}",0.20825931001171963,885.9132060021284,1.2543893642948878
SpectralClustering,"{'n_clusters': 10, 'affinity': 'nearest_neighbors', 'assign_labels': 'kmeans', 'random_state': 4044, 'n_neighbors': 100}",0.2086546557519502,887.7355488960669,1.2556736440836533
SpectralClustering,"{'n_clusters': 10, 'affinity': 'nearest_neighbors', 'assign_labels': 'kmeans', 'random_state': 5055, 'n_neighbors': 100}",0.2083468515131007,885.9137141914387,1.2540727057988028
SpectralClustering,"{'n_clusters': 10, 'affinity': 'nearest_neighbors', 'assign_labels': 'kmeans', 'random_state': 6066, 'n_neighbors': 100}",0.20836084529119678,886.0504551692845,1.2544371778579644
SpectralClustering,"{'n_clusters': 10, 'affinity': 'nearest_neighbors', 'assign_labels': 'discretize', 'random_state': 42, 'n_neighbors': 100}",0.20917835424486883,887.28325369997,1.2500815227726265
SpectralClustering,"{'n_clusters': 10, 'affinity': 'nearest_neighbors', 'assign_labels': 'discretize', 'random_state': 123, 'n_neighbors': 100}",0.20902101706245146,886.8889824204786,1.2498716538396824
SpectralClustering,"{'n_clusters': 10, 'affinity': 'nearest_neighbors', 'assign_labels': 'discretize', 'random_state': 456, 'n_neighbors': 100}",0.2091549872162017,886.8006772822705,1.2495725701572353
SpectralClustering,"{'n_clusters': 10, 'affinity': 'nearest_neighbors', 'assign_labels': 'discretize', 'random_state': 789, 'n_neighbors': 100}",0.20950760165855864,887.915116216969,1.2495519839715374
SpectralClustering,"{'n_clusters': 10, 'affinity': 'nearest_neighbors', 'assign_labels': 'discretize', 'random_state': 1011, 'n_neighbors': 100}",0.2093416569448082,887.5095910939118,1.2499444410782847
SpectralClustering,"{'n_clusters': 10, 'affinity': 'nearest_neighbors', 'assign_labels': 'discretize', 'random_state': 2022, 'n_neighbors': 100}",0.20968688502955943,889.1108691171852,1.2511842956994383
SpectralClustering,"{'n_clusters': 10, 'affinity': 'nearest_neighbors', 'assign_labels': 'discretize', 'random_state': 3033, 'n_neighbors': 100}",0.2094356479139694,888.682303299656,1.2505692041708207
SpectralClustering,"{'n_clusters': 10, 'affinity': 'nearest_neighbors', 'assign_labels': 'discretize', 'random_state': 4044, 'n_neighbors': 100}",0.20935308960239854,886.9870882654096,1.2501937260494598
SpectralClustering,"{'n_clusters': 10, 'affinity': 'nearest_neighbors', 'assign_labels': 'discretize', 'random_state': 5055, 'n_neighbors': 100}",0.20926521831860162,886.8104945131475,1.2503025720255325
SpectralClustering,"{'n_clusters': 10, 'affinity': 'nearest_neighbors', 'assign_labels': 'discretize', 'random_state': 6066, 'n_neighbors': 100}",0.20968688502955943,889.1108691171852,1.2511842956994383
SpectralClustering,"{'n_clusters': 10, 'affinity': 'nearest_neighbors', 'assign_labels': 'cluster_qr', 'random_state': 42, 'n_neighbors': 100}",0.20718450979128955,884.1506068074788,1.2551307074459206
SpectralClustering,"{'n_clusters': 10, 'affinity': 'nearest_neighbors', 'assign_labels': 'cluster_qr', 'random_state': 123, 'n_neighbors': 100}",0.20718450979128955,884.1506068074788,1.2551307074459206
SpectralClustering,"{'n_clusters': 10, 'affinity': 'nearest_neighbors', 'assign_labels': 'cluster_qr', 'random_state': 456, 'n_neighbors': 100}",0.20718450979128955,884.1506068074788,1.2551307074459206
SpectralClustering,"{'n_clusters': 10, 'affinity': 'nearest_neighbors', 'assign_labels': 'cluster_qr', 'random_state': 789, 'n_neighbors': 100}",0.20718450979128955,884.1506068074788,1.2551307074459206
SpectralClustering,"{'n_clusters': 10, 'affinity': 'nearest_neighbors', 'assign_labels': 'cluster_qr', 'random_state': 1011, 'n_neighbors': 100}",0.20718450979128955,884.1506068074788,1.2551307074459206
SpectralClustering,"{'n_clusters': 10, 'affinity': 'nearest_neighbors', 'assign_labels': 'cluster_qr', 'random_state': 2022, 'n_neighbors': 100}",0.20718450979128955,884.1506068074788,1.2551307074459206
SpectralClustering,"{'n_clusters': 10, 'affinity': 'nearest_neighbors', 'assign_labels': 'cluster_qr', 'random_state': 3033, 'n_neighbors': 100}",0.20718450979128955,884.1506068074788,1.2551307074459206
SpectralClustering,"{'n_clusters': 10, 'affinity': 'nearest_neighbors', 'assign_labels': 'cluster_qr', 'random_state': 4044, 'n_neighbors': 100}",0.20718450979128955,884.1506068074788,1.2551307074459206
SpectralClustering,"{'n_clusters': 10, 'affinity': 'nearest_neighbors', 'assign_labels': 'cluster_qr', 'random_state': 5055, 'n_neighbors': 100}",0.20718450979128955,884.1506068074788,1.2551307074459206
SpectralClustering,"{'n_clusters': 10, 'affinity': 'nearest_neighbors', 'assign_labels': 'cluster_qr', 'random_state': 6066, 'n_neighbors': 100}",0.20718450979128955,884.1506068074788,1.2551307074459206
SpectralClustering,"{'n_clusters': 10, 'affinity': 'polynomial', 'assign_labels': 'kmeans', 'random_state': 42}",-0.023062869860040795,139.6446144653589,1.4011897616085565
SpectralClustering,"{'n_clusters': 10, 'affinity': 'polynomial', 'assign_labels': 'kmeans', 'random_state': 123}",-0.022158862112730802,140.4692824787633,1.3817106525851546
SpectralClustering,"{'n_clusters': 10, 'affinity': 'polynomial', 'assign_labels': 'kmeans', 'random_state': 456}",-0.021157045646797015,141.2748055286296,1.4138466684796374
SpectralClustering,"{'n_clusters': 10, 'affinity': 'polynomial', 'assign_labels': 'kmeans', 'random_state': 789}",-0.024055405610563886,138.69197656152448,1.4808833612068095
SpectralClustering,"{'n_clusters': 10, 'affinity': 'polynomial', 'assign_labels': 'kmeans', 'random_state': 1011}",-0.021958428708233467,139.76380711481391,1.3659205442312086
SpectralClustering,"{'n_clusters': 10, 'affinity': 'polynomial', 'assign_labels': 'kmeans', 'random_state': 2022}",-0.0202990799467359,140.41394089177027,1.3729067741834036
SpectralClustering,"{'n_clusters': 10, 'affinity': 'polynomial', 'assign_labels': 'kmeans', 'random_state': 3033}",0.04089283646542679,231.04282930154935,1.3310354514457128
SpectralClustering,"{'n_clusters': 10, 'affinity': 'polynomial', 'assign_labels': 'kmeans', 'random_state': 4044}",-0.021847300596478252,140.0663856703248,1.37255788544605
SpectralClustering,"{'n_clusters': 10, 'affinity': 'polynomial', 'assign_labels': 'kmeans', 'random_state': 5055}",-0.02095305666252837,140.558235331985,1.3895894788682595
SpectralClustering,"{'n_clusters': 10, 'affinity': 'polynomial', 'assign_labels': 'kmeans', 'random_state': 6066}",-0.020776686783917683,140.4542510646899,1.3628081364580051
SpectralClustering,"{'n_clusters': 10, 'affinity': 'polynomial', 'assign_labels': 'discretize', 'random_state': 42}",0.12160235654982807,533.6419345489205,1.3568275431032297
SpectralClustering,"{'n_clusters': 10, 'affinity': 'polynomial', 'assign_labels': 'discretize', 'random_state': 123}",0.11887194441256083,529.3362481198042,1.3607412426407723
SpectralClustering,"{'n_clusters': 10, 'affinity': 'polynomial', 'assign_labels': 'discretize', 'random_state': 456}",0.11012228234820173,528.1985138105573,1.3486502613848113
SpectralClustering,"{'n_clusters': 10, 'affinity': 'polynomial', 'assign_labels': 'discretize', 'random_state': 789}",0.12069218585743892,547.1947953731359,1.3775864828575908
SpectralClustering,"{'n_clusters': 10, 'affinity': 'polynomial', 'assign_labels': 'discretize', 'random_state': 1011}",0.11744766109992716,534.3857415245078,1.3697654063439437
SpectralClustering,"{'n_clusters': 10, 'affinity': 'polynomial', 'assign_labels': 'discretize', 'random_state': 2022}",0.13851051248549934,599.5420436824687,1.3982606439220053
SpectralClustering,"{'n_clusters': 10, 'affinity': 'polynomial', 'assign_labels': 'discretize', 'random_state': 3033}",0.12052299257881087,527.9919452220292,1.3502314024406823
SpectralClustering,"{'n_clusters': 10, 'affinity': 'polynomial', 'assign_labels': 'discretize', 'random_state': 4044}",0.11761591605512121,511.3232302464542,1.2926852863025062
SpectralClustering,"{'n_clusters': 10, 'affinity': 'polynomial', 'assign_labels': 'discretize', 'random_state': 5055}",0.1206771024427873,546.7452701922905,1.380083538882418
SpectralClustering,"{'n_clusters': 10, 'affinity': 'polynomial', 'assign_labels': 'discretize', 'random_state': 6066}",0.12004086512947426,524.7341611663945,1.3529217730676026
SpectralClustering,"{'n_clusters': 10, 'affinity': 'polynomial', 'assign_labels': 'cluster_qr', 'random_state': 42}",0.14264550647340135,598.2897408774068,1.5180212519254113
SpectralClustering,"{'n_clusters': 10, 'affinity': 'polynomial', 'assign_labels': 'cluster_qr', 'random_state': 123}",0.14264550647340135,598.2897408774068,1.5180212519254113
SpectralClustering,"{'n_clusters': 10, 'affinity': 'polynomial', 'assign_labels': 'cluster_qr', 'random_state': 456}",0.14264550647340135,598.2897408774068,1.5180212519254113
SpectralClustering,"{'n_clusters': 10, 'affinity': 'polynomial', 'assign_labels': 'cluster_qr', 'random_state': 789}",0.14264550647340135,598.2897408774068,1.5180212519254113
SpectralClustering,"{'n_clusters': 10, 'affinity': 'polynomial', 'assign_labels': 'cluster_qr', 'random_state': 1011}",0.14264550647340135,598.2897408774068,1.5180212519254113
SpectralClustering,"{'n_clusters': 10, 'affinity': 'polynomial', 'assign_labels': 'cluster_qr', 'random_state': 2022}",0.14264550647340135,598.2897408774068,1.5180212519254113
SpectralClustering,"{'n_clusters': 10, 'affinity': 'polynomial', 'assign_labels': 'cluster_qr', 'random_state': 3033}",0.14264550647340135,598.2897408774068,1.5180212519254113
SpectralClustering,"{'n_clusters': 10, 'affinity': 'polynomial', 'assign_labels': 'cluster_qr', 'random_state': 4044}",0.14264550647340135,598.2897408774068,1.5180212519254113
SpectralClustering,"{'n_clusters': 10, 'affinity': 'polynomial', 'assign_labels': 'cluster_qr', 'random_state': 5055}",0.14264550647340135,598.2897408774068,1.5180212519254113
SpectralClustering,"{'n_clusters': 10, 'affinity': 'polynomial', 'assign_labels': 'cluster_qr', 'random_state': 6066}",0.14264550647340135,598.2897408774068,1.5180212519254113
SpectralClustering,"{'n_clusters': 10, 'affinity': 'poly', 'assign_labels': 'kmeans', 'random_state': 42}",-0.023062869860040795,139.6446144653589,1.4011897616085565
SpectralClustering,"{'n_clusters': 10, 'affinity': 'poly', 'assign_labels': 'kmeans', 'random_state': 123}",-0.022158862112730802,140.4692824787633,1.3817106525851546
SpectralClustering,"{'n_clusters': 10, 'affinity': 'poly', 'assign_labels': 'kmeans', 'random_state': 456}",-0.021157045646797015,141.2748055286296,1.4138466684796374
SpectralClustering,"{'n_clusters': 10, 'affinity': 'poly', 'assign_labels': 'kmeans', 'random_state': 789}",-0.024055405610563886,138.69197656152448,1.4808833612068095
SpectralClustering,"{'n_clusters': 10, 'affinity': 'poly', 'assign_labels': 'kmeans', 'random_state': 1011}",-0.021958428708233467,139.76380711481391,1.3659205442312086
SpectralClustering,"{'n_clusters': 10, 'affinity': 'poly', 'assign_labels': 'kmeans', 'random_state': 2022}",-0.0202990799467359,140.41394089177027,1.3729067741834036
SpectralClustering,"{'n_clusters': 10, 'affinity': 'poly', 'assign_labels': 'kmeans', 'random_state': 3033}",0.04089283646542679,231.04282930154935,1.3310354514457128
SpectralClustering,"{'n_clusters': 10, 'affinity': 'poly', 'assign_labels': 'kmeans', 'random_state': 4044}",-0.021847300596478252,140.0663856703248,1.37255788544605
SpectralClustering,"{'n_clusters': 10, 'affinity': 'poly', 'assign_labels': 'kmeans', 'random_state': 5055}",-0.02095305666252837,140.558235331985,1.3895894788682595
SpectralClustering,"{'n_clusters': 10, 'affinity': 'poly', 'assign_labels': 'kmeans', 'random_state': 6066}",-0.020776686783917683,140.4542510646899,1.3628081364580051
SpectralClustering,"{'n_clusters': 10, 'affinity': 'poly', 'assign_labels': 'discretize', 'random_state': 42}",0.12160235654982807,533.6419345489205,1.3568275431032297
SpectralClustering,"{'n_clusters': 10, 'affinity': 'poly', 'assign_labels': 'discretize', 'random_state': 123}",0.11887194441256083,529.3362481198042,1.3607412426407723
SpectralClustering,"{'n_clusters': 10, 'affinity': 'poly', 'assign_labels': 'discretize', 'random_state': 456}",0.11012228234820173,528.1985138105573,1.3486502613848113
SpectralClustering,"{'n_clusters': 10, 'affinity': 'poly', 'assign_labels': 'discretize', 'random_state': 789}",0.12069218585743892,547.1947953731359,1.3775864828575908
SpectralClustering,"{'n_clusters': 10, 'affinity': 'poly', 'assign_labels': 'discretize', 'random_state': 1011}",0.11744766109992716,534.3857415245078,1.3697654063439437
SpectralClustering,"{'n_clusters': 10, 'affinity': 'poly', 'assign_labels': 'discretize', 'random_state': 2022}",0.13851051248549934,599.5420436824687,1.3982606439220053
SpectralClustering,"{'n_clusters': 10, 'affinity': 'poly', 'assign_labels': 'discretize', 'random_state': 3033}",0.12052299257881087,527.9919452220292,1.3502314024406823
SpectralClustering,"{'n_clusters': 10, 'affinity': 'poly', 'assign_labels': 'discretize', 'random_state': 4044}",0.11761591605512121,511.3232302464542,1.2926852863025062
SpectralClustering,"{'n_clusters': 10, 'affinity': 'poly', 'assign_labels': 'discretize', 'random_state': 5055}",0.1206771024427873,546.7452701922905,1.380083538882418
SpectralClustering,"{'n_clusters': 10, 'affinity': 'poly', 'assign_labels': 'discretize', 'random_state': 6066}",0.12004086512947426,524.7341611663945,1.3529217730676026
SpectralClustering,"{'n_clusters': 10, 'affinity': 'poly', 'assign_labels': 'cluster_qr', 'random_state': 42}",0.14264550647340135,598.2897408774068,1.5180212519254113
SpectralClustering,"{'n_clusters': 10, 'affinity': 'poly', 'assign_labels': 'cluster_qr', 'random_state': 123}",0.14264550647340135,598.2897408774068,1.5180212519254113
SpectralClustering,"{'n_clusters': 10, 'affinity': 'poly', 'assign_labels': 'cluster_qr', 'random_state': 456}",0.14264550647340135,598.2897408774068,1.5180212519254113
SpectralClustering,"{'n_clusters': 10, 'affinity': 'poly', 'assign_labels': 'cluster_qr', 'random_state': 789}",0.14264550647340135,598.2897408774068,1.5180212519254113
SpectralClustering,"{'n_clusters': 10, 'affinity': 'poly', 'assign_labels': 'cluster_qr', 'random_state': 1011}",0.14264550647340135,598.2897408774068,1.5180212519254113
SpectralClustering,"{'n_clusters': 10, 'affinity': 'poly', 'assign_labels': 'cluster_qr', 'random_state': 2022}",0.14264550647340135,598.2897408774068,1.5180212519254113
SpectralClustering,"{'n_clusters': 10, 'affinity': 'poly', 'assign_labels': 'cluster_qr', 'random_state': 3033}",0.14264550647340135,598.2897408774068,1.5180212519254113
SpectralClustering,"{'n_clusters': 10, 'affinity': 'poly', 'assign_labels': 'cluster_qr', 'random_state': 4044}",0.14264550647340135,598.2897408774068,1.5180212519254113
SpectralClustering,"{'n_clusters': 10, 'affinity': 'poly', 'assign_labels': 'cluster_qr', 'random_state': 5055}",0.14264550647340135,598.2897408774068,1.5180212519254113
SpectralClustering,"{'n_clusters': 10, 'affinity': 'poly', 'assign_labels': 'cluster_qr', 'random_state': 6066}",0.14264550647340135,598.2897408774068,1.5180212519254113
SpectralClustering,"{'n_clusters': 10, 'affinity': 'sigmoid', 'assign_labels': 'kmeans', 'random_state': 42}",0.056238184174385336,271.60895676106725,3.8479973355238686
SpectralClustering,"{'n_clusters': 10, 'affinity': 'sigmoid', 'assign_labels': 'kmeans', 'random_state': 123}",0.073802821574479,294.06483305595725,3.334062138235801
SpectralClustering,"{'n_clusters': 10, 'affinity': 'sigmoid', 'assign_labels': 'kmeans', 'random_state': 456}",0.0678885049179777,336.7373991337167,2.9489844410565618
SpectralClustering,"{'n_clusters': 10, 'affinity': 'sigmoid', 'assign_labels': 'kmeans', 'random_state': 789}",0.07145616362070227,332.5186097370714,2.971797831731071
SpectralClustering,"{'n_clusters': 10, 'affinity': 'sigmoid', 'assign_labels': 'kmeans', 'random_state': 1011}",0.03142015757424142,254.31640756245082,3.386505215945623
SpectralClustering,"{'n_clusters': 10, 'affinity': 'sigmoid', 'assign_labels': 'kmeans', 'random_state': 2022}",0.06928795282512397,321.60032251852556,2.8792112711114197
SpectralClustering,"{'n_clusters': 10, 'affinity': 'sigmoid', 'assign_labels': 'kmeans', 'random_state': 3033}",0.03005514103432843,261.7894196638899,3.4547585435888863
SpectralClustering,"{'n_clusters': 10, 'affinity': 'sigmoid', 'assign_labels': 'kmeans', 'random_state': 4044}",0.05423107005234978,272.58195949229963,3.604888098872138
SpectralClustering,"{'n_clusters': 10, 'affinity': 'sigmoid', 'assign_labels': 'kmeans', 'random_state': 5055}",0.05972353926256338,275.9492483618631,4.022898089488013
SpectralClustering,"{'n_clusters': 10, 'affinity': 'sigmoid', 'assign_labels': 'kmeans', 'random_state': 6066}",0.04399221269043946,221.09074409303747,3.991867280570928
SpectralClustering,"{'n_clusters': 10, 'affinity': 'sigmoid', 'assign_labels': 'discretize', 'random_state': 42}",-0.006339127450522186,171.392708183448,4.383544383521551
SpectralClustering,"{'n_clusters': 10, 'affinity': 'sigmoid', 'assign_labels': 'discretize', 'random_state': 123}",-0.0004821547317910356,171.80726761366648,4.330555469883722
SpectralClustering,"{'n_clusters': 10, 'affinity': 'sigmoid', 'assign_labels': 'discretize', 'random_state': 456}",-0.014940330289991127,179.56345210822207,4.36270968748023
SpectralClustering,"{'n_clusters': 10, 'affinity': 'sigmoid', 'assign_labels': 'discretize', 'random_state': 789}",0.00920422118035591,183.199908835552,4.247995524616138
SpectralClustering,"{'n_clusters': 10, 'affinity': 'sigmoid', 'assign_labels': 'discretize', 'random_state': 1011}",-0.0018608979088659307,203.64012108696207,4.188679758839565
SpectralClustering,"{'n_clusters': 10, 'affinity': 'sigmoid', 'assign_labels': 'discretize', 'random_state': 2022}",-0.010524999447022383,169.8166822189835,3.7612519558858795
SpectralClustering,"{'n_clusters': 10, 'affinity': 'sigmoid', 'assign_labels': 'discretize', 'random_state': 3033}",-0.003341407964362319,187.13621925091007,3.416277375444256
SpectralClustering,"{'n_clusters': 10, 'affinity': 'sigmoid', 'assign_labels': 'discretize', 'random_state': 4044}",0.005810084839837324,194.7092338725734,3.4407169728177225
SpectralClustering,"{'n_clusters': 10, 'affinity': 'sigmoid', 'assign_labels': 'discretize', 'random_state': 5055}",-0.00018837905706913698,179.48621423827552,4.445437240242759
SpectralClustering,"{'n_clusters': 10, 'affinity': 'sigmoid', 'assign_labels': 'discretize', 'random_state': 6066}",0.009371457128266874,192.29462273466646,3.8082113520099754
SpectralClustering,"{'n_clusters': 10, 'affinity': 'sigmoid', 'assign_labels': 'cluster_qr', 'random_state': 42}",-0.07139008257130294,80.9040884189342,5.2636247356864985
SpectralClustering,"{'n_clusters': 10, 'affinity': 'sigmoid', 'assign_labels': 'cluster_qr', 'random_state': 123}",-0.07139008257130294,80.9040884189342,5.2636247356864985
SpectralClustering,"{'n_clusters': 10, 'affinity': 'sigmoid', 'assign_labels': 'cluster_qr', 'random_state': 456}",-0.07139008257130294,80.9040884189342,5.2636247356864985
SpectralClustering,"{'n_clusters': 10, 'affinity': 'sigmoid', 'assign_labels': 'cluster_qr', 'random_state': 789}",-0.07139008257130294,80.9040884189342,5.2636247356864985
SpectralClustering,"{'n_clusters': 10, 'affinity': 'sigmoid', 'assign_labels': 'cluster_qr', 'random_state': 1011}",-0.07139008257130294,80.9040884189342,5.2636247356864985
SpectralClustering,"{'n_clusters': 10, 'affinity': 'sigmoid', 'assign_labels': 'cluster_qr', 'random_state': 2022}",-0.07139008257130294,80.9040884189342,5.2636247356864985
SpectralClustering,"{'n_clusters': 10, 'affinity': 'sigmoid', 'assign_labels': 'cluster_qr', 'random_state': 3033}",-0.07139008257130294,80.9040884189342,5.2636247356864985
SpectralClustering,"{'n_clusters': 10, 'affinity': 'sigmoid', 'assign_labels': 'cluster_qr', 'random_state': 4044}",-0.07139008257130294,80.9040884189342,5.2636247356864985
SpectralClustering,"{'n_clusters': 10, 'affinity': 'sigmoid', 'assign_labels': 'cluster_qr', 'random_state': 5055}",-0.07139008257130294,80.9040884189342,5.2636247356864985
SpectralClustering,"{'n_clusters': 10, 'affinity': 'sigmoid', 'assign_labels': 'cluster_qr', 'random_state': 6066}",-0.07139008257130294,80.9040884189342,5.2636247356864985
SpectralClustering,"{'n_clusters': 11, 'affinity': 'rbf', 'assign_labels': 'kmeans', 'random_state': 42}",0.25232836981066026,260.2104024240445,1.350937724752488
SpectralClustering,"{'n_clusters': 11, 'affinity': 'rbf', 'assign_labels': 'kmeans', 'random_state': 123}",0.2628117661015255,241.22211479924945,1.3823254907115519
SpectralClustering,"{'n_clusters': 11, 'affinity': 'rbf', 'assign_labels': 'kmeans', 'random_state': 456}",0.2542309269981739,269.6057291255192,1.122951558493926
SpectralClustering,"{'n_clusters': 11, 'affinity': 'rbf', 'assign_labels': 'kmeans', 'random_state': 789}",0.2478141804424838,270.5399555803135,1.2717196829647077
SpectralClustering,"{'n_clusters': 11, 'affinity': 'rbf', 'assign_labels': 'kmeans', 'random_state': 1011}",0.2510913090360891,260.18868629416977,1.324959022000778
SpectralClustering,"{'n_clusters': 11, 'affinity': 'rbf', 'assign_labels': 'kmeans', 'random_state': 2022}",0.260196097168177,258.4123426870168,1.28378919662344
SpectralClustering,"{'n_clusters': 11, 'affinity': 'rbf', 'assign_labels': 'kmeans', 'random_state': 3033}",0.2575677642898502,257.69826947803415,1.2930706477358733
SpectralClustering,"{'n_clusters': 11, 'affinity': 'rbf', 'assign_labels': 'kmeans', 'random_state': 4044}",0.24813349139971533,270.55886552079147,1.255276654023625
SpectralClustering,"{'n_clusters': 11, 'affinity': 'rbf', 'assign_labels': 'kmeans', 'random_state': 5055}",0.2584397715722752,243.00072561406952,1.4379270354626832
SpectralClustering,"{'n_clusters': 11, 'affinity': 'rbf', 'assign_labels': 'kmeans', 'random_state': 6066}",0.2575677642898502,257.6982694780341,1.293070647735873
SpectralClustering,"{'n_clusters': 11, 'affinity': 'rbf', 'assign_labels': 'discretize', 'random_state': 42}",0.2575987495620639,674.4710396952228,1.1371691251910614
SpectralClustering,"{'n_clusters': 11, 'affinity': 'rbf', 'assign_labels': 'discretize', 'random_state': 123}",0.2564597976483292,681.9911052620997,1.1166955599807424
SpectralClustering,"{'n_clusters': 11, 'affinity': 'rbf', 'assign_labels': 'discretize', 'random_state': 456}",0.26255855217862234,695.4422055046834,1.0997441354215851
SpectralClustering,"{'n_clusters': 11, 'affinity': 'rbf', 'assign_labels': 'discretize', 'random_state': 789}",0.2713363295402271,720.8250977721591,1.163843999640765
SpectralClustering,"{'n_clusters': 11, 'affinity': 'rbf', 'assign_labels': 'discretize', 'random_state': 1011}",0.26210104076899743,694.6984382439845,1.0944993724187266
SpectralClustering,"{'n_clusters': 11, 'affinity': 'rbf', 'assign_labels': 'discretize', 'random_state': 2022}",0.26823834066335817,665.3400185494875,1.0493165081394673
SpectralClustering,"{'n_clusters': 11, 'affinity': 'rbf', 'assign_labels': 'discretize', 'random_state': 3033}",0.2565989387896556,682.7134778527006,1.1165893383260597
SpectralClustering,"{'n_clusters': 11, 'affinity': 'rbf', 'assign_labels': 'discretize', 'random_state': 4044}",0.26866604846228437,666.3006653584262,1.050099849100729
SpectralClustering,"{'n_clusters': 11, 'affinity': 'rbf', 'assign_labels': 'discretize', 'random_state': 5055}",0.26866604846228437,666.3006653584262,1.0500998491007292
SpectralClustering,"{'n_clusters': 11, 'affinity': 'rbf', 'assign_labels': 'discretize', 'random_state': 6066}",0.2568873038224161,678.7816008601319,1.115676749641855
SpectralClustering,"{'n_clusters': 11, 'affinity': 'rbf', 'assign_labels': 'cluster_qr', 'random_state': 42}",0.22086593059202658,405.58705558571137,1.6907953946940955
SpectralClustering,"{'n_clusters': 11, 'affinity': 'rbf', 'assign_labels': 'cluster_qr', 'random_state': 123}",0.22086593059202658,405.58705558571137,1.6907953946940955
SpectralClustering,"{'n_clusters': 11, 'affinity': 'rbf', 'assign_labels': 'cluster_qr', 'random_state': 456}",0.22086593059202658,405.58705558571137,1.6907953946940955
SpectralClustering,"{'n_clusters': 11, 'affinity': 'rbf', 'assign_labels': 'cluster_qr', 'random_state': 789}",0.22086593059202658,405.58705558571137,1.6907953946940955
SpectralClustering,"{'n_clusters': 11, 'affinity': 'rbf', 'assign_labels': 'cluster_qr', 'random_state': 1011}",0.22086593059202658,405.58705558571137,1.6907953946940955
SpectralClustering,"{'n_clusters': 11, 'affinity': 'rbf', 'assign_labels': 'cluster_qr', 'random_state': 2022}",0.22086593059202658,405.58705558571137,1.6907953946940955
SpectralClustering,"{'n_clusters': 11, 'affinity': 'rbf', 'assign_labels': 'cluster_qr', 'random_state': 3033}",0.22086593059202658,405.58705558571137,1.6907953946940955
SpectralClustering,"{'n_clusters': 11, 'affinity': 'rbf', 'assign_labels': 'cluster_qr', 'random_state': 4044}",0.22086593059202658,405.58705558571137,1.6907953946940955
SpectralClustering,"{'n_clusters': 11, 'affinity': 'rbf', 'assign_labels': 'cluster_qr', 'random_state': 5055}",0.22086593059202658,405.58705558571137,1.6907953946940955
SpectralClustering,"{'n_clusters': 11, 'affinity': 'rbf', 'assign_labels': 'cluster_qr', 'random_state': 6066}",0.22086593059202658,405.58705558571137,1.6907953946940955
SpectralClustering,"{'n_clusters': 11, 'affinity': 'nearest_neighbors', 'assign_labels': 'kmeans', 'random_state': 42, 'n_neighbors': 5}",0.1759891709264577,761.4850958733168,1.2609663933744675
SpectralClustering,"{'n_clusters': 11, 'affinity': 'nearest_neighbors', 'assign_labels': 'kmeans', 'random_state': 123, 'n_neighbors': 5}",0.17591097080653567,761.3235029743014,1.2613696073602823
SpectralClustering,"{'n_clusters': 11, 'affinity': 'nearest_neighbors', 'assign_labels': 'kmeans', 'random_state': 456, 'n_neighbors': 5}",0.17591097080653567,761.3235029743013,1.2613696073602823
SpectralClustering,"{'n_clusters': 11, 'affinity': 'nearest_neighbors', 'assign_labels': 'kmeans', 'random_state': 789, 'n_neighbors': 5}",0.17591097080653567,761.3235029743013,1.2613696073602825
SpectralClustering,"{'n_clusters': 11, 'affinity': 'nearest_neighbors', 'assign_labels': 'kmeans', 'random_state': 1011, 'n_neighbors': 5}",0.17591097080653567,761.3235029743013,1.2613696073602825
SpectralClustering,"{'n_clusters': 11, 'affinity': 'nearest_neighbors', 'assign_labels': 'kmeans', 'random_state': 2022, 'n_neighbors': 5}",0.1759730788243322,761.5616152722079,1.2616044273003404
SpectralClustering,"{'n_clusters': 11, 'affinity': 'nearest_neighbors', 'assign_labels': 'kmeans', 'random_state': 3033, 'n_neighbors': 5}",0.17630714565552094,762.2208354339723,1.2601562728295057
SpectralClustering,"{'n_clusters': 11, 'affinity': 'nearest_neighbors', 'assign_labels': 'kmeans', 'random_state': 4044, 'n_neighbors': 5}",0.17591097080653567,761.3235029743014,1.2613696073602823
SpectralClustering,"{'n_clusters': 11, 'affinity': 'nearest_neighbors', 'assign_labels': 'kmeans', 'random_state': 5055, 'n_neighbors': 5}",0.17621576488989174,762.227224033792,1.2610717661304802
SpectralClustering,"{'n_clusters': 11, 'affinity': 'nearest_neighbors', 'assign_labels': 'kmeans', 'random_state': 6066, 'n_neighbors': 5}",0.17628073105240935,763.060813435375,1.261432434364261
SpectralClustering,"{'n_clusters': 11, 'affinity': 'nearest_neighbors', 'assign_labels': 'discretize', 'random_state': 42, 'n_neighbors': 5}",0.2002048015621932,821.5155250326656,1.2406508220454873
SpectralClustering,"{'n_clusters': 11, 'affinity': 'nearest_neighbors', 'assign_labels': 'discretize', 'random_state': 123, 'n_neighbors': 5}",0.199081369964368,819.3546411381807,1.2400160588131175
SpectralClustering,"{'n_clusters': 11, 'affinity': 'nearest_neighbors', 'assign_labels': 'discretize', 'random_state': 456, 'n_neighbors': 5}",0.19872347731650872,816.7201937547507,1.2454557402016777
SpectralClustering,"{'n_clusters': 11, 'affinity': 'nearest_neighbors', 'assign_labels': 'discretize', 'random_state': 789, 'n_neighbors': 5}",0.20063231041226742,822.0448963630357,1.2403890443808978
SpectralClustering,"{'n_clusters': 11, 'affinity': 'nearest_neighbors', 'assign_labels': 'discretize', 'random_state': 1011, 'n_neighbors': 5}",0.19887818712753935,819.1716167357173,1.2408333559661364
SpectralClustering,"{'n_clusters': 11, 'affinity': 'nearest_neighbors', 'assign_labels': 'discretize', 'random_state': 2022, 'n_neighbors': 5}",0.19939023582095813,819.6785821596168,1.2395647498833517
SpectralClustering,"{'n_clusters': 11, 'affinity': 'nearest_neighbors', 'assign_labels': 'discretize', 'random_state': 3033, 'n_neighbors': 5}",0.19940684245281293,817.8962892841788,1.2396804095582743
SpectralClustering,"{'n_clusters': 11, 'affinity': 'nearest_neighbors', 'assign_labels': 'discretize', 'random_state': 4044, 'n_neighbors': 5}",0.19839998594257097,815.5888619948812,1.2398537173727482
SpectralClustering,"{'n_clusters': 11, 'affinity': 'nearest_neighbors', 'assign_labels': 'discretize', 'random_state': 5055, 'n_neighbors': 5}",0.1997397199832467,817.8503089497943,1.2404736373879712
SpectralClustering,"{'n_clusters': 11, 'affinity': 'nearest_neighbors', 'assign_labels': 'discretize', 'random_state': 6066, 'n_neighbors': 5}",0.198984419603826,817.910605926774,1.2392824678934948
SpectralClustering,"{'n_clusters': 11, 'affinity': 'nearest_neighbors', 'assign_labels': 'cluster_qr', 'random_state': 42, 'n_neighbors': 5}",0.18321319399933894,776.9492954768511,1.261342403313636
SpectralClustering,"{'n_clusters': 11, 'affinity': 'nearest_neighbors', 'assign_labels': 'cluster_qr', 'random_state': 123, 'n_neighbors': 5}",0.18321319399933894,776.9492954768511,1.261342403313636
SpectralClustering,"{'n_clusters': 11, 'affinity': 'nearest_neighbors', 'assign_labels': 'cluster_qr', 'random_state': 456, 'n_neighbors': 5}",0.18321319399933894,776.9492954768511,1.261342403313636
SpectralClustering,"{'n_clusters': 11, 'affinity': 'nearest_neighbors', 'assign_labels': 'cluster_qr', 'random_state': 789, 'n_neighbors': 5}",0.18321319399933894,776.9492954768511,1.261342403313636
SpectralClustering,"{'n_clusters': 11, 'affinity': 'nearest_neighbors', 'assign_labels': 'cluster_qr', 'random_state': 1011, 'n_neighbors': 5}",0.18321319399933894,776.9492954768511,1.261342403313636
SpectralClustering,"{'n_clusters': 11, 'affinity': 'nearest_neighbors', 'assign_labels': 'cluster_qr', 'random_state': 2022, 'n_neighbors': 5}",0.18321319399933894,776.9492954768511,1.261342403313636
SpectralClustering,"{'n_clusters': 11, 'affinity': 'nearest_neighbors', 'assign_labels': 'cluster_qr', 'random_state': 3033, 'n_neighbors': 5}",0.18321319399933894,776.9492954768511,1.261342403313636
SpectralClustering,"{'n_clusters': 11, 'affinity': 'nearest_neighbors', 'assign_labels': 'cluster_qr', 'random_state': 4044, 'n_neighbors': 5}",0.18321319399933894,776.9492954768511,1.261342403313636
SpectralClustering,"{'n_clusters': 11, 'affinity': 'nearest_neighbors', 'assign_labels': 'cluster_qr', 'random_state': 5055, 'n_neighbors': 5}",0.18321319399933894,776.9492954768511,1.261342403313636
SpectralClustering,"{'n_clusters': 11, 'affinity': 'nearest_neighbors', 'assign_labels': 'cluster_qr', 'random_state': 6066, 'n_neighbors': 5}",0.18321319399933894,776.9492954768511,1.261342403313636
SpectralClustering,"{'n_clusters': 11, 'affinity': 'nearest_neighbors', 'assign_labels': 'kmeans', 'random_state': 42, 'n_neighbors': 10}",0.19253136233656126,807.5153361288844,1.3297976838354433
SpectralClustering,"{'n_clusters': 11, 'affinity': 'nearest_neighbors', 'assign_labels': 'kmeans', 'random_state': 123, 'n_neighbors': 10}",0.19174844808991073,805.9258920912088,1.3314815424558604
SpectralClustering,"{'n_clusters': 11, 'affinity': 'nearest_neighbors', 'assign_labels': 'kmeans', 'random_state': 456, 'n_neighbors': 10}",0.19229267344291207,806.597319097243,1.3311833699585238
SpectralClustering,"{'n_clusters': 11, 'affinity': 'nearest_neighbors', 'assign_labels': 'kmeans', 'random_state': 789, 'n_neighbors': 10}",0.1925648845737037,807.766793795037,1.329453286743671
SpectralClustering,"{'n_clusters': 11, 'affinity': 'nearest_neighbors', 'assign_labels': 'kmeans', 'random_state': 1011, 'n_neighbors': 10}",0.19223235279008494,807.3266616418906,1.3292061953662115
SpectralClustering,"{'n_clusters': 11, 'affinity': 'nearest_neighbors', 'assign_labels': 'kmeans', 'random_state': 2022, 'n_neighbors': 10}",0.19223235279008494,807.3266616418902,1.3292061953662115
SpectralClustering,"{'n_clusters': 11, 'affinity': 'nearest_neighbors', 'assign_labels': 'kmeans', 'random_state': 3033, 'n_neighbors': 10}",0.19272772854120063,808.6699272909931,1.328724405920778
SpectralClustering,"{'n_clusters': 11, 'affinity': 'nearest_neighbors', 'assign_labels': 'kmeans', 'random_state': 4044, 'n_neighbors': 10}",0.19253136233656126,807.5153361288844,1.3297976838354435
SpectralClustering,"{'n_clusters': 11, 'affinity': 'nearest_neighbors', 'assign_labels': 'kmeans', 'random_state': 5055, 'n_neighbors': 10}",0.19253136233656126,807.5153361288844,1.3297976838354435
SpectralClustering,"{'n_clusters': 11, 'affinity': 'nearest_neighbors', 'assign_labels': 'kmeans', 'random_state': 6066, 'n_neighbors': 10}",0.19216242628932298,807.1020674685542,1.3297054593296367
SpectralClustering,"{'n_clusters': 11, 'affinity': 'nearest_neighbors', 'assign_labels': 'discretize', 'random_state': 42, 'n_neighbors': 10}",0.19738124441123445,812.0088035678764,1.3209406547695546
SpectralClustering,"{'n_clusters': 11, 'affinity': 'nearest_neighbors', 'assign_labels': 'discretize', 'random_state': 123, 'n_neighbors': 10}",0.19787704293314493,814.1133597786018,1.3208375493357105
SpectralClustering,"{'n_clusters': 11, 'affinity': 'nearest_neighbors', 'assign_labels': 'discretize', 'random_state': 456, 'n_neighbors': 10}",0.19787704293314493,814.1133597786018,1.3208375493357105
SpectralClustering,"{'n_clusters': 11, 'affinity': 'nearest_neighbors', 'assign_labels': 'discretize', 'random_state': 789, 'n_neighbors': 10}",0.19764915168243927,813.0879509972541,1.3197603525034571
SpectralClustering,"{'n_clusters': 11, 'affinity': 'nearest_neighbors', 'assign_labels': 'discretize', 'random_state': 1011, 'n_neighbors': 10}",0.19764915168243927,813.087950997254,1.3197603525034574
SpectralClustering,"{'n_clusters': 11, 'affinity': 'nearest_neighbors', 'assign_labels': 'discretize', 'random_state': 2022, 'n_neighbors': 10}",0.1982735203063812,814.9715946171027,1.3169328684327946
SpectralClustering,"{'n_clusters': 11, 'affinity': 'nearest_neighbors', 'assign_labels': 'discretize', 'random_state': 3033, 'n_neighbors': 10}",0.19764915168243927,813.0879509972541,1.3197603525034571
SpectralClustering,"{'n_clusters': 11, 'affinity': 'nearest_neighbors', 'assign_labels': 'discretize', 'random_state': 4044, 'n_neighbors': 10}",0.19787704293314493,814.113359778602,1.3208375493357105
SpectralClustering,"{'n_clusters': 11, 'affinity': 'nearest_neighbors', 'assign_labels': 'discretize', 'random_state': 5055, 'n_neighbors': 10}",0.19734279297774,809.3362520280449,1.3203254304053977
SpectralClustering,"{'n_clusters': 11, 'affinity': 'nearest_neighbors', 'assign_labels': 'discretize', 'random_state': 6066, 'n_neighbors': 10}",0.19738124441123445,812.0088035678763,1.3209406547695546
SpectralClustering,"{'n_clusters': 11, 'affinity': 'nearest_neighbors', 'assign_labels': 'cluster_qr', 'random_state': 42, 'n_neighbors': 10}",0.1902957908474685,810.2736586499731,1.343459471885801
SpectralClustering,"{'n_clusters': 11, 'affinity': 'nearest_neighbors', 'assign_labels': 'cluster_qr', 'random_state': 123, 'n_neighbors': 10}",0.1902957908474685,810.2736586499731,1.343459471885801
SpectralClustering,"{'n_clusters': 11, 'affinity': 'nearest_neighbors', 'assign_labels': 'cluster_qr', 'random_state': 456, 'n_neighbors': 10}",0.1902957908474685,810.2736586499731,1.343459471885801
SpectralClustering,"{'n_clusters': 11, 'affinity': 'nearest_neighbors', 'assign_labels': 'cluster_qr', 'random_state': 789, 'n_neighbors': 10}",0.1902957908474685,810.2736586499731,1.343459471885801
SpectralClustering,"{'n_clusters': 11, 'affinity': 'nearest_neighbors', 'assign_labels': 'cluster_qr', 'random_state': 1011, 'n_neighbors': 10}",0.1902957908474685,810.2736586499731,1.343459471885801
SpectralClustering,"{'n_clusters': 11, 'affinity': 'nearest_neighbors', 'assign_labels': 'cluster_qr', 'random_state': 2022, 'n_neighbors': 10}",0.1902957908474685,810.2736586499731,1.343459471885801
SpectralClustering,"{'n_clusters': 11, 'affinity': 'nearest_neighbors', 'assign_labels': 'cluster_qr', 'random_state': 3033, 'n_neighbors': 10}",0.1902957908474685,810.2736586499731,1.343459471885801
SpectralClustering,"{'n_clusters': 11, 'affinity': 'nearest_neighbors', 'assign_labels': 'cluster_qr', 'random_state': 4044, 'n_neighbors': 10}",0.1902957908474685,810.2736586499731,1.343459471885801
SpectralClustering,"{'n_clusters': 11, 'affinity': 'nearest_neighbors', 'assign_labels': 'cluster_qr', 'random_state': 5055, 'n_neighbors': 10}",0.1902957908474685,810.2736586499731,1.343459471885801
SpectralClustering,"{'n_clusters': 11, 'affinity': 'nearest_neighbors', 'assign_labels': 'cluster_qr', 'random_state': 6066, 'n_neighbors': 10}",0.1902957908474685,810.2736586499731,1.343459471885801
SpectralClustering,"{'n_clusters': 11, 'affinity': 'nearest_neighbors', 'assign_labels': 'kmeans', 'random_state': 42, 'n_neighbors': 15}",0.19423160590436186,810.0500409051584,1.3217090466767507
SpectralClustering,"{'n_clusters': 11, 'affinity': 'nearest_neighbors', 'assign_labels': 'kmeans', 'random_state': 123, 'n_neighbors': 15}",0.19438134264668602,810.5857995592515,1.3222185760021816
SpectralClustering,"{'n_clusters': 11, 'affinity': 'nearest_neighbors', 'assign_labels': 'kmeans', 'random_state': 456, 'n_neighbors': 15}",0.19448200250739928,810.7376143668956,1.3221657833499363
SpectralClustering,"{'n_clusters': 11, 'affinity': 'nearest_neighbors', 'assign_labels': 'kmeans', 'random_state': 789, 'n_neighbors': 15}",0.19380783499178098,809.9193680927211,1.3228813672208295
SpectralClustering,"{'n_clusters': 11, 'affinity': 'nearest_neighbors', 'assign_labels': 'kmeans', 'random_state': 1011, 'n_neighbors': 15}",0.1937529476869204,809.811966411538,1.3235451602452537
SpectralClustering,"{'n_clusters': 11, 'affinity': 'nearest_neighbors', 'assign_labels': 'kmeans', 'random_state': 2022, 'n_neighbors': 15}",0.19402978703322382,810.2628006779056,1.3222758123989558
SpectralClustering,"{'n_clusters': 11, 'affinity': 'nearest_neighbors', 'assign_labels': 'kmeans', 'random_state': 3033, 'n_neighbors': 15}",0.19501103699876307,811.8299486099902,1.3181772268952963
SpectralClustering,"{'n_clusters': 11, 'affinity': 'nearest_neighbors', 'assign_labels': 'kmeans', 'random_state': 4044, 'n_neighbors': 15}",0.19445180438897655,810.1991276509124,1.3207519877045741
SpectralClustering,"{'n_clusters': 11, 'affinity': 'nearest_neighbors', 'assign_labels': 'kmeans', 'random_state': 5055, 'n_neighbors': 15}",0.19423160590436186,810.0500409051585,1.3217090466767507
SpectralClustering,"{'n_clusters': 11, 'affinity': 'nearest_neighbors', 'assign_labels': 'kmeans', 'random_state': 6066, 'n_neighbors': 15}",0.19365139232748163,809.6610941275073,1.3235943575873115
SpectralClustering,"{'n_clusters': 11, 'affinity': 'nearest_neighbors', 'assign_labels': 'discretize', 'random_state': 42, 'n_neighbors': 15}",0.19943495083770843,809.3307571420946,1.307239411144927
SpectralClustering,"{'n_clusters': 11, 'affinity': 'nearest_neighbors', 'assign_labels': 'discretize', 'random_state': 123, 'n_neighbors': 15}",0.19896727930801258,808.886441466653,1.3095011365087184
SpectralClustering,"{'n_clusters': 11, 'affinity': 'nearest_neighbors', 'assign_labels': 'discretize', 'random_state': 456, 'n_neighbors': 15}",0.19979837485033894,811.2396530139075,1.3094481592142015
SpectralClustering,"{'n_clusters': 11, 'affinity': 'nearest_neighbors', 'assign_labels': 'discretize', 'random_state': 789, 'n_neighbors': 15}",0.19915149338983007,809.4785523345744,1.310257858358675
SpectralClustering,"{'n_clusters': 11, 'affinity': 'nearest_neighbors', 'assign_labels': 'discretize', 'random_state': 1011, 'n_neighbors': 15}",0.19915149338983007,809.4785523345741,1.310257858358675
SpectralClustering,"{'n_clusters': 11, 'affinity': 'nearest_neighbors', 'assign_labels': 'discretize', 'random_state': 2022, 'n_neighbors': 15}",0.19915149338983007,809.4785523345739,1.310257858358675
SpectralClustering,"{'n_clusters': 11, 'affinity': 'nearest_neighbors', 'assign_labels': 'discretize', 'random_state': 3033, 'n_neighbors': 15}",0.19980304443562735,810.8120529258503,1.3085561472365497
SpectralClustering,"{'n_clusters': 11, 'affinity': 'nearest_neighbors', 'assign_labels': 'discretize', 'random_state': 4044, 'n_neighbors': 15}",0.19900449222568792,808.9033338756992,1.3093490863737551
SpectralClustering,"{'n_clusters': 11, 'affinity': 'nearest_neighbors', 'assign_labels': 'discretize', 'random_state': 5055, 'n_neighbors': 15}",0.1990330338351178,808.9099076385038,1.3095113853664826
SpectralClustering,"{'n_clusters': 11, 'affinity': 'nearest_neighbors', 'assign_labels': 'discretize', 'random_state': 6066, 'n_neighbors': 15}",0.19980304443562735,810.8120529258503,1.3085561472365497
SpectralClustering,"{'n_clusters': 11, 'affinity': 'nearest_neighbors', 'assign_labels': 'cluster_qr', 'random_state': 42, 'n_neighbors': 15}",0.18867792833270516,787.1817902736531,1.3373812377324776
SpectralClustering,"{'n_clusters': 11, 'affinity': 'nearest_neighbors', 'assign_labels': 'cluster_qr', 'random_state': 123, 'n_neighbors': 15}",0.18867792833270516,787.1817902736531,1.3373812377324776
SpectralClustering,"{'n_clusters': 11, 'affinity': 'nearest_neighbors', 'assign_labels': 'cluster_qr', 'random_state': 456, 'n_neighbors': 15}",0.18867792833270516,787.1817902736531,1.3373812377324776
SpectralClustering,"{'n_clusters': 11, 'affinity': 'nearest_neighbors', 'assign_labels': 'cluster_qr', 'random_state': 789, 'n_neighbors': 15}",0.18867792833270516,787.1817902736531,1.3373812377324776
SpectralClustering,"{'n_clusters': 11, 'affinity': 'nearest_neighbors', 'assign_labels': 'cluster_qr', 'random_state': 1011, 'n_neighbors': 15}",0.18867792833270516,787.1817902736531,1.3373812377324776
SpectralClustering,"{'n_clusters': 11, 'affinity': 'nearest_neighbors', 'assign_labels': 'cluster_qr', 'random_state': 2022, 'n_neighbors': 15}",0.18867792833270516,787.1817902736531,1.3373812377324776
SpectralClustering,"{'n_clusters': 11, 'affinity': 'nearest_neighbors', 'assign_labels': 'cluster_qr', 'random_state': 3033, 'n_neighbors': 15}",0.18867792833270516,787.1817902736531,1.3373812377324776
SpectralClustering,"{'n_clusters': 11, 'affinity': 'nearest_neighbors', 'assign_labels': 'cluster_qr', 'random_state': 4044, 'n_neighbors': 15}",0.18867792833270516,787.1817902736531,1.3373812377324776
SpectralClustering,"{'n_clusters': 11, 'affinity': 'nearest_neighbors', 'assign_labels': 'cluster_qr', 'random_state': 5055, 'n_neighbors': 15}",0.18867792833270516,787.1817902736531,1.3373812377324776
SpectralClustering,"{'n_clusters': 11, 'affinity': 'nearest_neighbors', 'assign_labels': 'cluster_qr', 'random_state': 6066, 'n_neighbors': 15}",0.18867792833270516,787.1817902736531,1.3373812377324776
SpectralClustering,"{'n_clusters': 11, 'affinity': 'nearest_neighbors', 'assign_labels': 'kmeans', 'random_state': 42, 'n_neighbors': 20}",0.1948282728828723,813.4830249492707,1.3193041858272847
SpectralClustering,"{'n_clusters': 11, 'affinity': 'nearest_neighbors', 'assign_labels': 'kmeans', 'random_state': 123, 'n_neighbors': 20}",0.19489764568653378,813.5959615690186,1.319634175214446
SpectralClustering,"{'n_clusters': 11, 'affinity': 'nearest_neighbors', 'assign_labels': 'kmeans', 'random_state': 456, 'n_neighbors': 20}",0.19494695810964263,813.6453189558158,1.3194379009505253
SpectralClustering,"{'n_clusters': 11, 'affinity': 'nearest_neighbors', 'assign_labels': 'kmeans', 'random_state': 789, 'n_neighbors': 20}",0.1948356826283854,813.6930490472996,1.3196753243941017
SpectralClustering,"{'n_clusters': 11, 'affinity': 'nearest_neighbors', 'assign_labels': 'kmeans', 'random_state': 1011, 'n_neighbors': 20}",0.1948282728828723,813.4830249492707,1.319304185827285
SpectralClustering,"{'n_clusters': 11, 'affinity': 'nearest_neighbors', 'assign_labels': 'kmeans', 'random_state': 2022, 'n_neighbors': 20}",0.19489764568653378,813.5959615690186,1.319634175214446
SpectralClustering,"{'n_clusters': 11, 'affinity': 'nearest_neighbors', 'assign_labels': 'kmeans', 'random_state': 3033, 'n_neighbors': 20}",0.1949684416167308,813.7465256382043,1.3194927564408827
SpectralClustering,"{'n_clusters': 11, 'affinity': 'nearest_neighbors', 'assign_labels': 'kmeans', 'random_state': 4044, 'n_neighbors': 20}",0.19494695810964263,813.6453189558158,1.3194379009505253
SpectralClustering,"{'n_clusters': 11, 'affinity': 'nearest_neighbors', 'assign_labels': 'kmeans', 'random_state': 5055, 'n_neighbors': 20}",0.19489764568653378,813.5959615690188,1.319634175214446
SpectralClustering,"{'n_clusters': 11, 'affinity': 'nearest_neighbors', 'assign_labels': 'kmeans', 'random_state': 6066, 'n_neighbors': 20}",0.19494695810964263,813.6453189558157,1.3194379009505253
SpectralClustering,"{'n_clusters': 11, 'affinity': 'nearest_neighbors', 'assign_labels': 'discretize', 'random_state': 42, 'n_neighbors': 20}",0.2000205510414091,818.8274615485747,1.3064867468173689
SpectralClustering,"{'n_clusters': 11, 'affinity': 'nearest_neighbors', 'assign_labels': 'discretize', 'random_state': 123, 'n_neighbors': 20}",0.19977921911277707,818.4388822168404,1.308323952784013
SpectralClustering,"{'n_clusters': 11, 'affinity': 'nearest_neighbors', 'assign_labels': 'discretize', 'random_state': 456, 'n_neighbors': 20}",0.199875892596936,818.5291067262134,1.3071356472545916
SpectralClustering,"{'n_clusters': 11, 'affinity': 'nearest_neighbors', 'assign_labels': 'discretize', 'random_state': 789, 'n_neighbors': 20}",0.20009416042528427,818.9452446772281,1.3068507888027678
SpectralClustering,"{'n_clusters': 11, 'affinity': 'nearest_neighbors', 'assign_labels': 'discretize', 'random_state': 1011, 'n_neighbors': 20}",0.2000205510414091,818.8274615485744,1.3064867468173689
SpectralClustering,"{'n_clusters': 11, 'affinity': 'nearest_neighbors', 'assign_labels': 'discretize', 'random_state': 2022, 'n_neighbors': 20}",0.19997018688845003,818.6733539612267,1.3071539769923515
SpectralClustering,"{'n_clusters': 11, 'affinity': 'nearest_neighbors', 'assign_labels': 'discretize', 'random_state': 3033, 'n_neighbors': 20}",0.1997199074680554,818.4066921802149,1.3087483361834529
SpectralClustering,"{'n_clusters': 11, 'affinity': 'nearest_neighbors', 'assign_labels': 'discretize', 'random_state': 4044, 'n_neighbors': 20}",0.1999187143123293,818.6236593508778,1.3073436243538081
SpectralClustering,"{'n_clusters': 11, 'affinity': 'nearest_neighbors', 'assign_labels': 'discretize', 'random_state': 5055, 'n_neighbors': 20}",0.20002327261812058,819.1451422236076,1.3084762850113372
SpectralClustering,"{'n_clusters': 11, 'affinity': 'nearest_neighbors', 'assign_labels': 'discretize', 'random_state': 6066, 'n_neighbors': 20}",0.2000205510414091,818.8274615485748,1.306486746817369
SpectralClustering,"{'n_clusters': 11, 'affinity': 'nearest_neighbors', 'assign_labels': 'cluster_qr', 'random_state': 42, 'n_neighbors': 20}",0.1892132874363488,790.1769178782492,1.3410387152029628
SpectralClustering,"{'n_clusters': 11, 'affinity': 'nearest_neighbors', 'assign_labels': 'cluster_qr', 'random_state': 123, 'n_neighbors': 20}",0.1892132874363488,790.1769178782492,1.3410387152029628
SpectralClustering,"{'n_clusters': 11, 'affinity': 'nearest_neighbors', 'assign_labels': 'cluster_qr', 'random_state': 456, 'n_neighbors': 20}",0.1892132874363488,790.1769178782492,1.3410387152029628
SpectralClustering,"{'n_clusters': 11, 'affinity': 'nearest_neighbors', 'assign_labels': 'cluster_qr', 'random_state': 789, 'n_neighbors': 20}",0.1892132874363488,790.1769178782492,1.3410387152029628
SpectralClustering,"{'n_clusters': 11, 'affinity': 'nearest_neighbors', 'assign_labels': 'cluster_qr', 'random_state': 1011, 'n_neighbors': 20}",0.1892132874363488,790.1769178782492,1.3410387152029628
SpectralClustering,"{'n_clusters': 11, 'affinity': 'nearest_neighbors', 'assign_labels': 'cluster_qr', 'random_state': 2022, 'n_neighbors': 20}",0.1892132874363488,790.1769178782492,1.3410387152029628
SpectralClustering,"{'n_clusters': 11, 'affinity': 'nearest_neighbors', 'assign_labels': 'cluster_qr', 'random_state': 3033, 'n_neighbors': 20}",0.1892132874363488,790.1769178782492,1.3410387152029628
SpectralClustering,"{'n_clusters': 11, 'affinity': 'nearest_neighbors', 'assign_labels': 'cluster_qr', 'random_state': 4044, 'n_neighbors': 20}",0.1892132874363488,790.1769178782492,1.3410387152029628
SpectralClustering,"{'n_clusters': 11, 'affinity': 'nearest_neighbors', 'assign_labels': 'cluster_qr', 'random_state': 5055, 'n_neighbors': 20}",0.1892132874363488,790.1769178782492,1.3410387152029628
SpectralClustering,"{'n_clusters': 11, 'affinity': 'nearest_neighbors', 'assign_labels': 'cluster_qr', 'random_state': 6066, 'n_neighbors': 20}",0.1892132874363488,790.1769178782492,1.3410387152029628
SpectralClustering,"{'n_clusters': 11, 'affinity': 'nearest_neighbors', 'assign_labels': 'kmeans', 'random_state': 42, 'n_neighbors': 50}",0.19649519795212758,816.7017796987427,1.2925860381527075
SpectralClustering,"{'n_clusters': 11, 'affinity': 'nearest_neighbors', 'assign_labels': 'kmeans', 'random_state': 123, 'n_neighbors': 50}",0.19651291426958323,817.3592996924565,1.2940213073390248
SpectralClustering,"{'n_clusters': 11, 'affinity': 'nearest_neighbors', 'assign_labels': 'kmeans', 'random_state': 456, 'n_neighbors': 50}",0.19649519795212758,816.7017796987428,1.2925860381527075
SpectralClustering,"{'n_clusters': 11, 'affinity': 'nearest_neighbors', 'assign_labels': 'kmeans', 'random_state': 789, 'n_neighbors': 50}",0.19742646882268974,818.198573265145,1.2941310763806568
SpectralClustering,"{'n_clusters': 11, 'affinity': 'nearest_neighbors', 'assign_labels': 'kmeans', 'random_state': 1011, 'n_neighbors': 50}",0.19636339956602747,816.7212611028255,1.2923728374121393
SpectralClustering,"{'n_clusters': 11, 'affinity': 'nearest_neighbors', 'assign_labels': 'kmeans', 'random_state': 2022, 'n_neighbors': 50}",0.1965872168803062,816.4158774586199,1.2946363462447923
SpectralClustering,"{'n_clusters': 11, 'affinity': 'nearest_neighbors', 'assign_labels': 'kmeans', 'random_state': 3033, 'n_neighbors': 50}",0.19651291426958323,817.3592996924564,1.2940213073390248
SpectralClustering,"{'n_clusters': 11, 'affinity': 'nearest_neighbors', 'assign_labels': 'kmeans', 'random_state': 4044, 'n_neighbors': 50}",0.19654139981417418,816.5183778326416,1.2955582104228858
SpectralClustering,"{'n_clusters': 11, 'affinity': 'nearest_neighbors', 'assign_labels': 'kmeans', 'random_state': 5055, 'n_neighbors': 50}",0.19654139981417418,816.5183778326414,1.2955582104228858
SpectralClustering,"{'n_clusters': 11, 'affinity': 'nearest_neighbors', 'assign_labels': 'kmeans', 'random_state': 6066, 'n_neighbors': 50}",0.19649519795212758,816.7017796987427,1.2925860381527075
SpectralClustering,"{'n_clusters': 11, 'affinity': 'nearest_neighbors', 'assign_labels': 'discretize', 'random_state': 42, 'n_neighbors': 50}",0.19602046919697008,805.3808053025737,1.2761306097631702
SpectralClustering,"{'n_clusters': 11, 'affinity': 'nearest_neighbors', 'assign_labels': 'discretize', 'random_state': 123, 'n_neighbors': 50}",0.19723646305055859,808.249126495085,1.2761438135942864
SpectralClustering,"{'n_clusters': 11, 'affinity': 'nearest_neighbors', 'assign_labels': 'discretize', 'random_state': 456, 'n_neighbors': 50}",0.19695948609345185,808.1046579900815,1.2773372929781748
SpectralClustering,"{'n_clusters': 11, 'affinity': 'nearest_neighbors', 'assign_labels': 'discretize', 'random_state': 789, 'n_neighbors': 50}",0.1986868966790698,812.8064815391318,1.276329714285939
SpectralClustering,"{'n_clusters': 11, 'affinity': 'nearest_neighbors', 'assign_labels': 'discretize', 'random_state': 1011, 'n_neighbors': 50}",0.1974266267327056,808.5954208924205,1.2755047177563321
SpectralClustering,"{'n_clusters': 11, 'affinity': 'nearest_neighbors', 'assign_labels': 'discretize', 'random_state': 2022, 'n_neighbors': 50}",0.18615383975795335,785.2314931645122,1.2411813251096324
SpectralClustering,"{'n_clusters': 11, 'affinity': 'nearest_neighbors', 'assign_labels': 'discretize', 'random_state': 3033, 'n_neighbors': 50}",0.1946732529680757,799.8719210248161,1.272963484264674
SpectralClustering,"{'n_clusters': 11, 'affinity': 'nearest_neighbors', 'assign_labels': 'discretize', 'random_state': 4044, 'n_neighbors': 50}",0.1883998861868161,794.0892679275646,1.2698187846896298
SpectralClustering,"{'n_clusters': 11, 'affinity': 'nearest_neighbors', 'assign_labels': 'discretize', 'random_state': 5055, 'n_neighbors': 50}",0.1890304473587056,785.4795629339076,1.2526849035576253
SpectralClustering,"{'n_clusters': 11, 'affinity': 'nearest_neighbors', 'assign_labels': 'discretize', 'random_state': 6066, 'n_neighbors': 50}",0.18962076123350086,797.0913950943469,1.277423918823648
SpectralClustering,"{'n_clusters': 11, 'affinity': 'nearest_neighbors', 'assign_labels': 'cluster_qr', 'random_state': 42, 'n_neighbors': 50}",0.18951472540692452,790.6564670380905,1.3057366550508935
SpectralClustering,"{'n_clusters': 11, 'affinity': 'nearest_neighbors', 'assign_labels': 'cluster_qr', 'random_state': 123, 'n_neighbors': 50}",0.18951472540692452,790.6564670380905,1.3057366550508935
SpectralClustering,"{'n_clusters': 11, 'affinity': 'nearest_neighbors', 'assign_labels': 'cluster_qr', 'random_state': 456, 'n_neighbors': 50}",0.18951472540692452,790.6564670380905,1.3057366550508935
SpectralClustering,"{'n_clusters': 11, 'affinity': 'nearest_neighbors', 'assign_labels': 'cluster_qr', 'random_state': 789, 'n_neighbors': 50}",0.18951472540692452,790.6564670380905,1.3057366550508935
SpectralClustering,"{'n_clusters': 11, 'affinity': 'nearest_neighbors', 'assign_labels': 'cluster_qr', 'random_state': 1011, 'n_neighbors': 50}",0.18951472540692452,790.6564670380905,1.3057366550508935
SpectralClustering,"{'n_clusters': 11, 'affinity': 'nearest_neighbors', 'assign_labels': 'cluster_qr', 'random_state': 2022, 'n_neighbors': 50}",0.18951472540692452,790.6564670380905,1.3057366550508935
SpectralClustering,"{'n_clusters': 11, 'affinity': 'nearest_neighbors', 'assign_labels': 'cluster_qr', 'random_state': 3033, 'n_neighbors': 50}",0.18951472540692452,790.6564670380905,1.3057366550508935
SpectralClustering,"{'n_clusters': 11, 'affinity': 'nearest_neighbors', 'assign_labels': 'cluster_qr', 'random_state': 4044, 'n_neighbors': 50}",0.18951472540692452,790.6564670380905,1.3057366550508935
SpectralClustering,"{'n_clusters': 11, 'affinity': 'nearest_neighbors', 'assign_labels': 'cluster_qr', 'random_state': 5055, 'n_neighbors': 50}",0.18951472540692452,790.6564670380905,1.3057366550508935
SpectralClustering,"{'n_clusters': 11, 'affinity': 'nearest_neighbors', 'assign_labels': 'cluster_qr', 'random_state': 6066, 'n_neighbors': 50}",0.18951472540692452,790.6564670380905,1.3057366550508935
SpectralClustering,"{'n_clusters': 11, 'affinity': 'nearest_neighbors', 'assign_labels': 'kmeans', 'random_state': 42, 'n_neighbors': 100}",0.19841586263175306,839.5100051338346,1.2233638783635497
SpectralClustering,"{'n_clusters': 11, 'affinity': 'nearest_neighbors', 'assign_labels': 'kmeans', 'random_state': 123, 'n_neighbors': 100}",0.19821325687059138,838.7244962632465,1.2226561511499605
SpectralClustering,"{'n_clusters': 11, 'affinity': 'nearest_neighbors', 'assign_labels': 'kmeans', 'random_state': 456, 'n_neighbors': 100}",0.19852813900747923,840.5756228530121,1.2223241346730633
SpectralClustering,"{'n_clusters': 11, 'affinity': 'nearest_neighbors', 'assign_labels': 'kmeans', 'random_state': 789, 'n_neighbors': 100}",0.19852813900747923,840.5756228530121,1.2223241346730638
SpectralClustering,"{'n_clusters': 11, 'affinity': 'nearest_neighbors', 'assign_labels': 'kmeans', 'random_state': 1011, 'n_neighbors': 100}",0.19841311125906477,839.7263591531827,1.2250095735479232
SpectralClustering,"{'n_clusters': 11, 'affinity': 'nearest_neighbors', 'assign_labels': 'kmeans', 'random_state': 2022, 'n_neighbors': 100}",0.19876213739948886,840.9006732822444,1.2223239573255384
SpectralClustering,"{'n_clusters': 11, 'affinity': 'nearest_neighbors', 'assign_labels': 'kmeans', 'random_state': 3033, 'n_neighbors': 100}",0.19841586263175306,839.5100051338342,1.2233638783635494
SpectralClustering,"{'n_clusters': 11, 'affinity': 'nearest_neighbors', 'assign_labels': 'kmeans', 'random_state': 4044, 'n_neighbors': 100}",0.19822571159781716,840.0582132232801,1.2212271172735942
SpectralClustering,"{'n_clusters': 11, 'affinity': 'nearest_neighbors', 'assign_labels': 'kmeans', 'random_state': 5055, 'n_neighbors': 100}",0.19879121634286084,840.9193261317845,1.2223441242797748
SpectralClustering,"{'n_clusters': 11, 'affinity': 'nearest_neighbors', 'assign_labels': 'kmeans', 'random_state': 6066, 'n_neighbors': 100}",0.19876213739948886,840.9006732822448,1.222323957325539
SpectralClustering,"{'n_clusters': 11, 'affinity': 'nearest_neighbors', 'assign_labels': 'discretize', 'random_state': 42, 'n_neighbors': 100}",0.200389364242661,848.4400678148406,1.2255984321957945
SpectralClustering,"{'n_clusters': 11, 'affinity': 'nearest_neighbors', 'assign_labels': 'discretize', 'random_state': 123, 'n_neighbors': 100}",0.20048930798065476,849.2498617989205,1.225545792714188
SpectralClustering,"{'n_clusters': 11, 'affinity': 'nearest_neighbors', 'assign_labels': 'discretize', 'random_state': 456, 'n_neighbors': 100}",0.19991131799717,847.3984773918033,1.2276476210318508
SpectralClustering,"{'n_clusters': 11, 'affinity': 'nearest_neighbors', 'assign_labels': 'discretize', 'random_state': 789, 'n_neighbors': 100}",0.20048930798065476,849.2498617989206,1.2255457927141882
SpectralClustering,"{'n_clusters': 11, 'affinity': 'nearest_neighbors', 'assign_labels': 'discretize', 'random_state': 1011, 'n_neighbors': 100}",0.200480155328817,849.2021275564699,1.2256999750338529
SpectralClustering,"{'n_clusters': 11, 'affinity': 'nearest_neighbors', 'assign_labels': 'discretize', 'random_state': 2022, 'n_neighbors': 100}",0.20038027375443151,849.0852548624249,1.22519074044453
SpectralClustering,"{'n_clusters': 11, 'affinity': 'nearest_neighbors', 'assign_labels': 'discretize', 'random_state': 3033, 'n_neighbors': 100}",0.200389364242661,848.4400678148406,1.2255984321957945
SpectralClustering,"{'n_clusters': 11, 'affinity': 'nearest_neighbors', 'assign_labels': 'discretize', 'random_state': 4044, 'n_neighbors': 100}",0.200389364242661,848.4400678148407,1.2255984321957945
SpectralClustering,"{'n_clusters': 11, 'affinity': 'nearest_neighbors', 'assign_labels': 'discretize', 'random_state': 5055, 'n_neighbors': 100}",0.20048930798065476,849.2498617989206,1.2255457927141882
SpectralClustering,"{'n_clusters': 11, 'affinity': 'nearest_neighbors', 'assign_labels': 'discretize', 'random_state': 6066, 'n_neighbors': 100}",0.20048930798065476,849.2498617989205,1.2255457927141882
SpectralClustering,"{'n_clusters': 11, 'affinity': 'nearest_neighbors', 'assign_labels': 'cluster_qr', 'random_state': 42, 'n_neighbors': 100}",0.19513190560584007,834.1293263541933,1.2282696863321887
SpectralClustering,"{'n_clusters': 11, 'affinity': 'nearest_neighbors', 'assign_labels': 'cluster_qr', 'random_state': 123, 'n_neighbors': 100}",0.19513190560584007,834.1293263541933,1.2282696863321887
SpectralClustering,"{'n_clusters': 11, 'affinity': 'nearest_neighbors', 'assign_labels': 'cluster_qr', 'random_state': 456, 'n_neighbors': 100}",0.19513190560584007,834.1293263541933,1.2282696863321887
SpectralClustering,"{'n_clusters': 11, 'affinity': 'nearest_neighbors', 'assign_labels': 'cluster_qr', 'random_state': 789, 'n_neighbors': 100}",0.19513190560584007,834.1293263541933,1.2282696863321887
SpectralClustering,"{'n_clusters': 11, 'affinity': 'nearest_neighbors', 'assign_labels': 'cluster_qr', 'random_state': 1011, 'n_neighbors': 100}",0.19513190560584007,834.1293263541933,1.2282696863321887
SpectralClustering,"{'n_clusters': 11, 'affinity': 'nearest_neighbors', 'assign_labels': 'cluster_qr', 'random_state': 2022, 'n_neighbors': 100}",0.19513190560584007,834.1293263541933,1.2282696863321887
SpectralClustering,"{'n_clusters': 11, 'affinity': 'nearest_neighbors', 'assign_labels': 'cluster_qr', 'random_state': 3033, 'n_neighbors': 100}",0.19513190560584007,834.1293263541933,1.2282696863321887
SpectralClustering,"{'n_clusters': 11, 'affinity': 'nearest_neighbors', 'assign_labels': 'cluster_qr', 'random_state': 4044, 'n_neighbors': 100}",0.19513190560584007,834.1293263541933,1.2282696863321887
SpectralClustering,"{'n_clusters': 11, 'affinity': 'nearest_neighbors', 'assign_labels': 'cluster_qr', 'random_state': 5055, 'n_neighbors': 100}",0.19513190560584007,834.1293263541933,1.2282696863321887
SpectralClustering,"{'n_clusters': 11, 'affinity': 'nearest_neighbors', 'assign_labels': 'cluster_qr', 'random_state': 6066, 'n_neighbors': 100}",0.19513190560584007,834.1293263541933,1.2282696863321887
SpectralClustering,"{'n_clusters': 11, 'affinity': 'polynomial', 'assign_labels': 'kmeans', 'random_state': 42}",-0.02651761074061074,128.23384928057138,1.5734064620439143
SpectralClustering,"{'n_clusters': 11, 'affinity': 'polynomial', 'assign_labels': 'kmeans', 'random_state': 123}",0.030424357409494278,202.44121229841977,1.4513712242156538
SpectralClustering,"{'n_clusters': 11, 'affinity': 'polynomial', 'assign_labels': 'kmeans', 'random_state': 456}",-0.028553458692585545,126.52049175620385,1.5550266481148314
SpectralClustering,"{'n_clusters': 11, 'affinity': 'polynomial', 'assign_labels': 'kmeans', 'random_state': 789}",-0.021430312669476297,128.32568032913923,1.4430665697950205
SpectralClustering,"{'n_clusters': 11, 'affinity': 'polynomial', 'assign_labels': 'kmeans', 'random_state': 1011}",-0.02933783313104531,127.35630341598026,1.5907413672204882
SpectralClustering,"{'n_clusters': 11, 'affinity': 'polynomial', 'assign_labels': 'kmeans', 'random_state': 2022}",0.03186786697789178,205.30063163330084,1.4817417278814373
SpectralClustering,"{'n_clusters': 11, 'affinity': 'polynomial', 'assign_labels': 'kmeans', 'random_state': 3033}",-0.021336540689068866,128.53754656543987,1.4438303340821874
SpectralClustering,"{'n_clusters': 11, 'affinity': 'polynomial', 'assign_labels': 'kmeans', 'random_state': 4044}",-0.022797228057184482,127.22592569527367,1.5173365816145716
SpectralClustering,"{'n_clusters': 11, 'affinity': 'polynomial', 'assign_labels': 'kmeans', 'random_state': 5055}",-0.0286118406857208,126.36184392137537,1.5394344928343564
SpectralClustering,"{'n_clusters': 11, 'affinity': 'polynomial', 'assign_labels': 'kmeans', 'random_state': 6066}",-0.021320116503520538,128.34164969193824,1.443525335592431
SpectralClustering,"{'n_clusters': 11, 'affinity': 'polynomial', 'assign_labels': 'discretize', 'random_state': 42}",0.13105699886525068,497.0259435980834,1.2694915342623072
SpectralClustering,"{'n_clusters': 11, 'affinity': 'polynomial', 'assign_labels': 'discretize', 'random_state': 123}",0.1300220821106729,494.49097599920043,1.2664345689617074
SpectralClustering,"{'n_clusters': 11, 'affinity': 'polynomial', 'assign_labels': 'discretize', 'random_state': 456}",0.1320350860918527,498.9547906228275,1.2688179993452022
SpectralClustering,"{'n_clusters': 11, 'affinity': 'polynomial', 'assign_labels': 'discretize', 'random_state': 789}",0.07932646243583223,453.80228896049147,1.2595953711867776
SpectralClustering,"{'n_clusters': 11, 'affinity': 'polynomial', 'assign_labels': 'discretize', 'random_state': 1011}",0.13058963913112204,501.51517679651863,1.2816555131134537
SpectralClustering,"{'n_clusters': 11, 'affinity': 'polynomial', 'assign_labels': 'discretize', 'random_state': 2022}",0.13079815327410824,496.0574284973836,1.267885891647609
SpectralClustering,"{'n_clusters': 11, 'affinity': 'polynomial', 'assign_labels': 'discretize', 'random_state': 3033}",0.13013452104869255,495.0064763419834,1.2638312559413774
SpectralClustering,"{'n_clusters': 11, 'affinity': 'polynomial', 'assign_labels': 'discretize', 'random_state': 4044}",0.13105699886525068,497.02594359808353,1.2694915342623072
SpectralClustering,"{'n_clusters': 11, 'affinity': 'polynomial', 'assign_labels': 'discretize', 'random_state': 5055}",0.13120532244135763,504.9187739471904,1.283671090845021
SpectralClustering,"{'n_clusters': 11, 'affinity': 'polynomial', 'assign_labels': 'discretize', 'random_state': 6066}",0.13114429983188447,497.0371719538533,1.269364160560398
SpectralClustering,"{'n_clusters': 11, 'affinity': 'polynomial', 'assign_labels': 'cluster_qr', 'random_state': 42}",0.14270274579212677,674.785919068428,1.399129421046635
SpectralClustering,"{'n_clusters': 11, 'affinity': 'polynomial', 'assign_labels': 'cluster_qr', 'random_state': 123}",0.14270274579212677,674.785919068428,1.399129421046635
SpectralClustering,"{'n_clusters': 11, 'affinity': 'polynomial', 'assign_labels': 'cluster_qr', 'random_state': 456}",0.14270274579212677,674.785919068428,1.399129421046635
SpectralClustering,"{'n_clusters': 11, 'affinity': 'polynomial', 'assign_labels': 'cluster_qr', 'random_state': 789}",0.14270274579212677,674.785919068428,1.399129421046635
SpectralClustering,"{'n_clusters': 11, 'affinity': 'polynomial', 'assign_labels': 'cluster_qr', 'random_state': 1011}",0.14270274579212677,674.785919068428,1.399129421046635
SpectralClustering,"{'n_clusters': 11, 'affinity': 'polynomial', 'assign_labels': 'cluster_qr', 'random_state': 2022}",0.14270274579212677,674.785919068428,1.399129421046635
SpectralClustering,"{'n_clusters': 11, 'affinity': 'polynomial', 'assign_labels': 'cluster_qr', 'random_state': 3033}",0.14270274579212677,674.785919068428,1.399129421046635
SpectralClustering,"{'n_clusters': 11, 'affinity': 'polynomial', 'assign_labels': 'cluster_qr', 'random_state': 4044}",0.14270274579212677,674.785919068428,1.399129421046635
SpectralClustering,"{'n_clusters': 11, 'affinity': 'polynomial', 'assign_labels': 'cluster_qr', 'random_state': 5055}",0.14270274579212677,674.785919068428,1.399129421046635
SpectralClustering,"{'n_clusters': 11, 'affinity': 'polynomial', 'assign_labels': 'cluster_qr', 'random_state': 6066}",0.14270274579212677,674.785919068428,1.399129421046635
SpectralClustering,"{'n_clusters': 11, 'affinity': 'poly', 'assign_labels': 'kmeans', 'random_state': 42}",-0.02651761074061074,128.23384928057138,1.5734064620439143
SpectralClustering,"{'n_clusters': 11, 'affinity': 'poly', 'assign_labels': 'kmeans', 'random_state': 123}",0.030424357409494278,202.44121229841977,1.4513712242156538
SpectralClustering,"{'n_clusters': 11, 'affinity': 'poly', 'assign_labels': 'kmeans', 'random_state': 456}",-0.028553458692585545,126.52049175620385,1.5550266481148314
SpectralClustering,"{'n_clusters': 11, 'affinity': 'poly', 'assign_labels': 'kmeans', 'random_state': 789}",-0.021430312669476297,128.32568032913923,1.4430665697950205
SpectralClustering,"{'n_clusters': 11, 'affinity': 'poly', 'assign_labels': 'kmeans', 'random_state': 1011}",-0.02933783313104531,127.35630341598026,1.5907413672204882
SpectralClustering,"{'n_clusters': 11, 'affinity': 'poly', 'assign_labels': 'kmeans', 'random_state': 2022}",0.03186786697789178,205.30063163330084,1.4817417278814373
SpectralClustering,"{'n_clusters': 11, 'affinity': 'poly', 'assign_labels': 'kmeans', 'random_state': 3033}",-0.021336540689068866,128.53754656543987,1.4438303340821874
SpectralClustering,"{'n_clusters': 11, 'affinity': 'poly', 'assign_labels': 'kmeans', 'random_state': 4044}",-0.022797228057184482,127.22592569527367,1.5173365816145716
SpectralClustering,"{'n_clusters': 11, 'affinity': 'poly', 'assign_labels': 'kmeans', 'random_state': 5055}",-0.0286118406857208,126.36184392137537,1.5394344928343564
SpectralClustering,"{'n_clusters': 11, 'affinity': 'poly', 'assign_labels': 'kmeans', 'random_state': 6066}",-0.021320116503520538,128.34164969193824,1.443525335592431
SpectralClustering,"{'n_clusters': 11, 'affinity': 'poly', 'assign_labels': 'discretize', 'random_state': 42}",0.13105699886525068,497.0259435980834,1.2694915342623072
SpectralClustering,"{'n_clusters': 11, 'affinity': 'poly', 'assign_labels': 'discretize', 'random_state': 123}",0.1300220821106729,494.49097599920043,1.2664345689617074
SpectralClustering,"{'n_clusters': 11, 'affinity': 'poly', 'assign_labels': 'discretize', 'random_state': 456}",0.1320350860918527,498.9547906228275,1.2688179993452022
SpectralClustering,"{'n_clusters': 11, 'affinity': 'poly', 'assign_labels': 'discretize', 'random_state': 789}",0.07932646243583223,453.80228896049147,1.2595953711867776
SpectralClustering,"{'n_clusters': 11, 'affinity': 'poly', 'assign_labels': 'discretize', 'random_state': 1011}",0.13058963913112204,501.51517679651863,1.2816555131134537
SpectralClustering,"{'n_clusters': 11, 'affinity': 'poly', 'assign_labels': 'discretize', 'random_state': 2022}",0.13079815327410824,496.0574284973836,1.267885891647609
SpectralClustering,"{'n_clusters': 11, 'affinity': 'poly', 'assign_labels': 'discretize', 'random_state': 3033}",0.13013452104869255,495.0064763419834,1.2638312559413774
SpectralClustering,"{'n_clusters': 11, 'affinity': 'poly', 'assign_labels': 'discretize', 'random_state': 4044}",0.13105699886525068,497.02594359808353,1.2694915342623072
SpectralClustering,"{'n_clusters': 11, 'affinity': 'poly', 'assign_labels': 'discretize', 'random_state': 5055}",0.13120532244135763,504.9187739471904,1.283671090845021
SpectralClustering,"{'n_clusters': 11, 'affinity': 'poly', 'assign_labels': 'discretize', 'random_state': 6066}",0.13114429983188447,497.0371719538533,1.269364160560398
SpectralClustering,"{'n_clusters': 11, 'affinity': 'poly', 'assign_labels': 'cluster_qr', 'random_state': 42}",0.14270274579212677,674.785919068428,1.399129421046635
SpectralClustering,"{'n_clusters': 11, 'affinity': 'poly', 'assign_labels': 'cluster_qr', 'random_state': 123}",0.14270274579212677,674.785919068428,1.399129421046635
SpectralClustering,"{'n_clusters': 11, 'affinity': 'poly', 'assign_labels': 'cluster_qr', 'random_state': 456}",0.14270274579212677,674.785919068428,1.399129421046635
SpectralClustering,"{'n_clusters': 11, 'affinity': 'poly', 'assign_labels': 'cluster_qr', 'random_state': 789}",0.14270274579212677,674.785919068428,1.399129421046635
SpectralClustering,"{'n_clusters': 11, 'affinity': 'poly', 'assign_labels': 'cluster_qr', 'random_state': 1011}",0.14270274579212677,674.785919068428,1.399129421046635
SpectralClustering,"{'n_clusters': 11, 'affinity': 'poly', 'assign_labels': 'cluster_qr', 'random_state': 2022}",0.14270274579212677,674.785919068428,1.399129421046635
SpectralClustering,"{'n_clusters': 11, 'affinity': 'poly', 'assign_labels': 'cluster_qr', 'random_state': 3033}",0.14270274579212677,674.785919068428,1.399129421046635
SpectralClustering,"{'n_clusters': 11, 'affinity': 'poly', 'assign_labels': 'cluster_qr', 'random_state': 4044}",0.14270274579212677,674.785919068428,1.399129421046635
SpectralClustering,"{'n_clusters': 11, 'affinity': 'poly', 'assign_labels': 'cluster_qr', 'random_state': 5055}",0.14270274579212677,674.785919068428,1.399129421046635
SpectralClustering,"{'n_clusters': 11, 'affinity': 'poly', 'assign_labels': 'cluster_qr', 'random_state': 6066}",0.14270274579212677,674.785919068428,1.399129421046635
SpectralClustering,"{'n_clusters': 11, 'affinity': 'sigmoid', 'assign_labels': 'kmeans', 'random_state': 42}",0.05489061295344277,312.73611260286225,3.346282372832481
SpectralClustering,"{'n_clusters': 11, 'affinity': 'sigmoid', 'assign_labels': 'kmeans', 'random_state': 123}",0.021897202945118616,211.12708363983737,7.131400396738604
SpectralClustering,"{'n_clusters': 11, 'affinity': 'sigmoid', 'assign_labels': 'kmeans', 'random_state': 456}",0.03700476829925861,255.35277023884623,4.002209238148647
SpectralClustering,"{'n_clusters': 11, 'affinity': 'sigmoid', 'assign_labels': 'kmeans', 'random_state': 789}",-0.010119749984074123,222.821748720571,2.346201221586578
SpectralClustering,"{'n_clusters': 11, 'affinity': 'sigmoid', 'assign_labels': 'kmeans', 'random_state': 1011}",0.03673150420242388,251.60548352619534,4.330517935540717
SpectralClustering,"{'n_clusters': 11, 'affinity': 'sigmoid', 'assign_labels': 'kmeans', 'random_state': 2022}",0.03532540603502646,260.5290779752074,4.7384389205696325
SpectralClustering,"{'n_clusters': 11, 'affinity': 'sigmoid', 'assign_labels': 'kmeans', 'random_state': 3033}",0.08737232920272754,348.61907138015704,3.0991116967290493
SpectralClustering,"{'n_clusters': 11, 'affinity': 'sigmoid', 'assign_labels': 'kmeans', 'random_state': 4044}",0.03899576659877688,263.55073593013753,3.57433656462269
SpectralClustering,"{'n_clusters': 11, 'affinity': 'sigmoid', 'assign_labels': 'kmeans', 'random_state': 5055}",0.052235836057719774,299.3092068376259,3.2376499557760208
SpectralClustering,"{'n_clusters': 11, 'affinity': 'sigmoid', 'assign_labels': 'kmeans', 'random_state': 6066}",0.04519497998670684,280.75054791302364,3.0284296359261593
SpectralClustering,"{'n_clusters': 11, 'affinity': 'sigmoid', 'assign_labels': 'discretize', 'random_state': 42}",-0.016891433630373782,153.54510951142896,5.079146567791345
SpectralClustering,"{'n_clusters': 11, 'affinity': 'sigmoid', 'assign_labels': 'discretize', 'random_state': 123}",-0.046054495321703345,126.183713888781,3.3952623921376475
SpectralClustering,"{'n_clusters': 11, 'affinity': 'sigmoid', 'assign_labels': 'discretize', 'random_state': 456}",-0.027349291211128113,147.52966587318184,5.215652255268115
SpectralClustering,"{'n_clusters': 11, 'affinity': 'sigmoid', 'assign_labels': 'discretize', 'random_state': 789}",-0.0021434650306601205,184.39537713376023,3.4285425090736794
SpectralClustering,"{'n_clusters': 11, 'affinity': 'sigmoid', 'assign_labels': 'discretize', 'random_state': 1011}",-0.010625837699336144,155.31920667919712,4.045862158708659
SpectralClustering,"{'n_clusters': 11, 'affinity': 'sigmoid', 'assign_labels': 'discretize', 'random_state': 2022}",-0.003227067651724938,160.86182442834522,4.098088258207597
SpectralClustering,"{'n_clusters': 11, 'affinity': 'sigmoid', 'assign_labels': 'discretize', 'random_state': 3033}",-0.0049805820945835405,158.97217581458128,6.333074211699088
SpectralClustering,"{'n_clusters': 11, 'affinity': 'sigmoid', 'assign_labels': 'discretize', 'random_state': 4044}",-0.0248895887234082,138.36314595059554,3.9921714274754336
SpectralClustering,"{'n_clusters': 11, 'affinity': 'sigmoid', 'assign_labels': 'discretize', 'random_state': 5055}",-0.011866430215626899,154.61423491679352,4.121857054996096
SpectralClustering,"{'n_clusters': 11, 'affinity': 'sigmoid', 'assign_labels': 'discretize', 'random_state': 6066}",-0.025050519134477325,155.75937034410768,3.807917595406917
SpectralClustering,"{'n_clusters': 11, 'affinity': 'sigmoid', 'assign_labels': 'cluster_qr', 'random_state': 42}",-0.05662465520575061,86.55343255578819,4.824232636619667
SpectralClustering,"{'n_clusters': 11, 'affinity': 'sigmoid', 'assign_labels': 'cluster_qr', 'random_state': 123}",-0.05662465520575061,86.55343255578819,4.824232636619667
SpectralClustering,"{'n_clusters': 11, 'affinity': 'sigmoid', 'assign_labels': 'cluster_qr', 'random_state': 456}",-0.05662465520575061,86.55343255578819,4.824232636619667
SpectralClustering,"{'n_clusters': 11, 'affinity': 'sigmoid', 'assign_labels': 'cluster_qr', 'random_state': 789}",-0.05662465520575061,86.55343255578819,4.824232636619667
SpectralClustering,"{'n_clusters': 11, 'affinity': 'sigmoid', 'assign_labels': 'cluster_qr', 'random_state': 1011}",-0.05662465520575061,86.55343255578819,4.824232636619667
SpectralClustering,"{'n_clusters': 11, 'affinity': 'sigmoid', 'assign_labels': 'cluster_qr', 'random_state': 2022}",-0.05662465520575061,86.55343255578819,4.824232636619667
SpectralClustering,"{'n_clusters': 11, 'affinity': 'sigmoid', 'assign_labels': 'cluster_qr', 'random_state': 3033}",-0.05662465520575061,86.55343255578819,4.824232636619667
SpectralClustering,"{'n_clusters': 11, 'affinity': 'sigmoid', 'assign_labels': 'cluster_qr', 'random_state': 4044}",-0.05662465520575061,86.55343255578819,4.824232636619667
SpectralClustering,"{'n_clusters': 11, 'affinity': 'sigmoid', 'assign_labels': 'cluster_qr', 'random_state': 5055}",-0.05662465520575061,86.55343255578819,4.824232636619667
SpectralClustering,"{'n_clusters': 11, 'affinity': 'sigmoid', 'assign_labels': 'cluster_qr', 'random_state': 6066}",-0.05662465520575061,86.55343255578819,4.824232636619667
SpectralClustering,"{'n_clusters': 12, 'affinity': 'rbf', 'assign_labels': 'kmeans', 'random_state': 42}",0.2312043134928464,284.0763037316121,1.1813321157871697
SpectralClustering,"{'n_clusters': 12, 'affinity': 'rbf', 'assign_labels': 'kmeans', 'random_state': 123}",0.23134213196656964,283.7290991615079,1.1732871859283207
SpectralClustering,"{'n_clusters': 12, 'affinity': 'rbf', 'assign_labels': 'kmeans', 'random_state': 456}",0.24570343076949416,251.0471759918556,1.1892881968933613
SpectralClustering,"{'n_clusters': 12, 'affinity': 'rbf', 'assign_labels': 'kmeans', 'random_state': 789}",0.23893464942235135,261.56799108666337,1.2249936846682399
SpectralClustering,"{'n_clusters': 12, 'affinity': 'rbf', 'assign_labels': 'kmeans', 'random_state': 1011}",0.24422299550144103,248.7022699782135,1.176726537370924
SpectralClustering,"{'n_clusters': 12, 'affinity': 'rbf', 'assign_labels': 'kmeans', 'random_state': 2022}",0.230391580596768,280.4316372223102,1.1874476351175545
SpectralClustering,"{'n_clusters': 12, 'affinity': 'rbf', 'assign_labels': 'kmeans', 'random_state': 3033}",0.23141576951297818,278.02996374415125,1.2230694506134607
SpectralClustering,"{'n_clusters': 12, 'affinity': 'rbf', 'assign_labels': 'kmeans', 'random_state': 4044}",0.22961374085940983,279.8558297520363,1.1338550755276302
SpectralClustering,"{'n_clusters': 12, 'affinity': 'rbf', 'assign_labels': 'kmeans', 'random_state': 5055}",0.24381442135321899,247.70444461077332,1.1574130332641197
SpectralClustering,"{'n_clusters': 12, 'affinity': 'rbf', 'assign_labels': 'kmeans', 'random_state': 6066}",0.22723030541811703,283.4305582003959,1.2400332564094843
SpectralClustering,"{'n_clusters': 12, 'affinity': 'rbf', 'assign_labels': 'discretize', 'random_state': 42}",0.2566639722505803,658.1578738721295,1.0977041392718392
SpectralClustering,"{'n_clusters': 12, 'affinity': 'rbf', 'assign_labels': 'discretize', 'random_state': 123}",0.2566639722505803,658.1578738721295,1.0977041392718392
SpectralClustering,"{'n_clusters': 12, 'affinity': 'rbf', 'assign_labels': 'discretize', 'random_state': 456}",0.25653384574472377,659.3187203727218,1.0981663575131575
SpectralClustering,"{'n_clusters': 12, 'affinity': 'rbf', 'assign_labels': 'discretize', 'random_state': 789}",0.2566639722505803,658.1578738721295,1.0977041392718394
SpectralClustering,"{'n_clusters': 12, 'affinity': 'rbf', 'assign_labels': 'discretize', 'random_state': 1011}",0.256580829882863,659.4371593394973,1.098372328228167
SpectralClustering,"{'n_clusters': 12, 'affinity': 'rbf', 'assign_labels': 'discretize', 'random_state': 2022}",0.256580829882863,659.4371593394974,1.098372328228167
SpectralClustering,"{'n_clusters': 12, 'affinity': 'rbf', 'assign_labels': 'discretize', 'random_state': 3033}",0.2565379980325663,659.260575586345,1.0984978149000926
SpectralClustering,"{'n_clusters': 12, 'affinity': 'rbf', 'assign_labels': 'discretize', 'random_state': 4044}",0.25505888615017613,636.3202051030065,1.5935922058364531
SpectralClustering,"{'n_clusters': 12, 'affinity': 'rbf', 'assign_labels': 'discretize', 'random_state': 5055}",0.2568706814445263,657.165517902447,1.096286493108537
SpectralClustering,"{'n_clusters': 12, 'affinity': 'rbf', 'assign_labels': 'discretize', 'random_state': 6066}",0.2566639722505803,658.1578738721296,1.097704139271839
SpectralClustering,"{'n_clusters': 12, 'affinity': 'rbf', 'assign_labels': 'cluster_qr', 'random_state': 42}",0.26089102180151524,692.9721501707833,1.1938523641785697
SpectralClustering,"{'n_clusters': 12, 'affinity': 'rbf', 'assign_labels': 'cluster_qr', 'random_state': 123}",0.26089102180151524,692.9721501707833,1.1938523641785697
SpectralClustering,"{'n_clusters': 12, 'affinity': 'rbf', 'assign_labels': 'cluster_qr', 'random_state': 456}",0.26089102180151524,692.9721501707833,1.1938523641785697
SpectralClustering,"{'n_clusters': 12, 'affinity': 'rbf', 'assign_labels': 'cluster_qr', 'random_state': 789}",0.26089102180151524,692.9721501707833,1.1938523641785697
SpectralClustering,"{'n_clusters': 12, 'affinity': 'rbf', 'assign_labels': 'cluster_qr', 'random_state': 1011}",0.26089102180151524,692.9721501707833,1.1938523641785697
SpectralClustering,"{'n_clusters': 12, 'affinity': 'rbf', 'assign_labels': 'cluster_qr', 'random_state': 2022}",0.26089102180151524,692.9721501707833,1.1938523641785697
SpectralClustering,"{'n_clusters': 12, 'affinity': 'rbf', 'assign_labels': 'cluster_qr', 'random_state': 3033}",0.26089102180151524,692.9721501707833,1.1938523641785697
SpectralClustering,"{'n_clusters': 12, 'affinity': 'rbf', 'assign_labels': 'cluster_qr', 'random_state': 4044}",0.26089102180151524,692.9721501707833,1.1938523641785697
SpectralClustering,"{'n_clusters': 12, 'affinity': 'rbf', 'assign_labels': 'cluster_qr', 'random_state': 5055}",0.26089102180151524,692.9721501707833,1.1938523641785697
SpectralClustering,"{'n_clusters': 12, 'affinity': 'rbf', 'assign_labels': 'cluster_qr', 'random_state': 6066}",0.26089102180151524,692.9721501707833,1.1938523641785697
SpectralClustering,"{'n_clusters': 12, 'affinity': 'nearest_neighbors', 'assign_labels': 'kmeans', 'random_state': 42, 'n_neighbors': 5}",0.1721777948648716,740.5979319711263,1.2258976408825315
SpectralClustering,"{'n_clusters': 12, 'affinity': 'nearest_neighbors', 'assign_labels': 'kmeans', 'random_state': 123, 'n_neighbors': 5}",0.1728793881170338,741.8031088655675,1.2257547708850502
SpectralClustering,"{'n_clusters': 12, 'affinity': 'nearest_neighbors', 'assign_labels': 'kmeans', 'random_state': 456, 'n_neighbors': 5}",0.1716469688182497,739.905626047085,1.2275871813319974
SpectralClustering,"{'n_clusters': 12, 'affinity': 'nearest_neighbors', 'assign_labels': 'kmeans', 'random_state': 789, 'n_neighbors': 5}",0.1726419362449761,741.4758687006811,1.225558296068901
SpectralClustering,"{'n_clusters': 12, 'affinity': 'nearest_neighbors', 'assign_labels': 'kmeans', 'random_state': 1011, 'n_neighbors': 5}",0.17174935712868536,740.1907067060172,1.227167604423471
SpectralClustering,"{'n_clusters': 12, 'affinity': 'nearest_neighbors', 'assign_labels': 'kmeans', 'random_state': 2022, 'n_neighbors': 5}",0.1725099509718555,741.2123716621131,1.2254741764562411
SpectralClustering,"{'n_clusters': 12, 'affinity': 'nearest_neighbors', 'assign_labels': 'kmeans', 'random_state': 3033, 'n_neighbors': 5}",0.17233550393760463,740.7769446024357,1.2249825076775493
SpectralClustering,"{'n_clusters': 12, 'affinity': 'nearest_neighbors', 'assign_labels': 'kmeans', 'random_state': 4044, 'n_neighbors': 5}",0.17248823802983523,741.7527357811158,1.2278585238220587
SpectralClustering,"{'n_clusters': 12, 'affinity': 'nearest_neighbors', 'assign_labels': 'kmeans', 'random_state': 5055, 'n_neighbors': 5}",0.17253669784488931,741.0742729177038,1.2253066425103607
SpectralClustering,"{'n_clusters': 12, 'affinity': 'nearest_neighbors', 'assign_labels': 'kmeans', 'random_state': 6066, 'n_neighbors': 5}",0.17243004110377144,740.9483906137649,1.2256820391806735
SpectralClustering,"{'n_clusters': 12, 'affinity': 'nearest_neighbors', 'assign_labels': 'discretize', 'random_state': 42, 'n_neighbors': 5}",0.18835949459626997,780.3759146914133,1.2232491076450496
SpectralClustering,"{'n_clusters': 12, 'affinity': 'nearest_neighbors', 'assign_labels': 'discretize', 'random_state': 123, 'n_neighbors': 5}",0.1884103098315113,781.7733259634027,1.224350018832683
SpectralClustering,"{'n_clusters': 12, 'affinity': 'nearest_neighbors', 'assign_labels': 'discretize', 'random_state': 456, 'n_neighbors': 5}",0.18841564781277814,780.3517316297272,1.2241250468024223
SpectralClustering,"{'n_clusters': 12, 'affinity': 'nearest_neighbors', 'assign_labels': 'discretize', 'random_state': 789, 'n_neighbors': 5}",0.18835949459626997,780.3759146914132,1.2232491076450496
SpectralClustering,"{'n_clusters': 12, 'affinity': 'nearest_neighbors', 'assign_labels': 'discretize', 'random_state': 1011, 'n_neighbors': 5}",0.18863455164022322,781.973741170143,1.2245606814378498
SpectralClustering,"{'n_clusters': 12, 'affinity': 'nearest_neighbors', 'assign_labels': 'discretize', 'random_state': 2022, 'n_neighbors': 5}",0.18804793694196897,780.043625897047,1.2248432370812474
SpectralClustering,"{'n_clusters': 12, 'affinity': 'nearest_neighbors', 'assign_labels': 'discretize', 'random_state': 3033, 'n_neighbors': 5}",0.18819171641097052,780.1519473176943,1.2239143841972553
SpectralClustering,"{'n_clusters': 12, 'affinity': 'nearest_neighbors', 'assign_labels': 'discretize', 'random_state': 4044, 'n_neighbors': 5}",0.18656187505257982,774.8912817811649,1.2248069037894151
SpectralClustering,"{'n_clusters': 12, 'affinity': 'nearest_neighbors', 'assign_labels': 'discretize', 'random_state': 5055, 'n_neighbors': 5}",0.18838622775037916,781.8910192778347,1.2243606764103607
SpectralClustering,"{'n_clusters': 12, 'affinity': 'nearest_neighbors', 'assign_labels': 'discretize', 'random_state': 6066, 'n_neighbors': 5}",0.18619800896995484,773.8915838873901,1.2247138848363308
SpectralClustering,"{'n_clusters': 12, 'affinity': 'nearest_neighbors', 'assign_labels': 'cluster_qr', 'random_state': 42, 'n_neighbors': 5}",0.18996496089574433,743.9492943438888,1.3064651927659214
SpectralClustering,"{'n_clusters': 12, 'affinity': 'nearest_neighbors', 'assign_labels': 'cluster_qr', 'random_state': 123, 'n_neighbors': 5}",0.18996496089574433,743.9492943438888,1.3064651927659214
SpectralClustering,"{'n_clusters': 12, 'affinity': 'nearest_neighbors', 'assign_labels': 'cluster_qr', 'random_state': 456, 'n_neighbors': 5}",0.18996496089574433,743.9492943438888,1.3064651927659214
SpectralClustering,"{'n_clusters': 12, 'affinity': 'nearest_neighbors', 'assign_labels': 'cluster_qr', 'random_state': 789, 'n_neighbors': 5}",0.18996496089574433,743.9492943438888,1.3064651927659214
SpectralClustering,"{'n_clusters': 12, 'affinity': 'nearest_neighbors', 'assign_labels': 'cluster_qr', 'random_state': 1011, 'n_neighbors': 5}",0.18996496089574433,743.9492943438888,1.3064651927659214
SpectralClustering,"{'n_clusters': 12, 'affinity': 'nearest_neighbors', 'assign_labels': 'cluster_qr', 'random_state': 2022, 'n_neighbors': 5}",0.18996496089574433,743.9492943438888,1.3064651927659214
SpectralClustering,"{'n_clusters': 12, 'affinity': 'nearest_neighbors', 'assign_labels': 'cluster_qr', 'random_state': 3033, 'n_neighbors': 5}",0.18996496089574433,743.9492943438888,1.3064651927659214
SpectralClustering,"{'n_clusters': 12, 'affinity': 'nearest_neighbors', 'assign_labels': 'cluster_qr', 'random_state': 4044, 'n_neighbors': 5}",0.18996496089574433,743.9492943438888,1.3064651927659214
SpectralClustering,"{'n_clusters': 12, 'affinity': 'nearest_neighbors', 'assign_labels': 'cluster_qr', 'random_state': 5055, 'n_neighbors': 5}",0.18996496089574433,743.9492943438888,1.3064651927659214
SpectralClustering,"{'n_clusters': 12, 'affinity': 'nearest_neighbors', 'assign_labels': 'cluster_qr', 'random_state': 6066, 'n_neighbors': 5}",0.18996496089574433,743.9492943438888,1.3064651927659214
SpectralClustering,"{'n_clusters': 12, 'affinity': 'nearest_neighbors', 'assign_labels': 'kmeans', 'random_state': 42, 'n_neighbors': 10}",0.1853582001883056,794.1445260753119,1.2252461455645134
SpectralClustering,"{'n_clusters': 12, 'affinity': 'nearest_neighbors', 'assign_labels': 'kmeans', 'random_state': 123, 'n_neighbors': 10}",0.18094970873344887,789.7088087849013,1.235206597475678
SpectralClustering,"{'n_clusters': 12, 'affinity': 'nearest_neighbors', 'assign_labels': 'kmeans', 'random_state': 456, 'n_neighbors': 10}",0.1852841035952983,794.8811628123692,1.2247474841318056
SpectralClustering,"{'n_clusters': 12, 'affinity': 'nearest_neighbors', 'assign_labels': 'kmeans', 'random_state': 789, 'n_neighbors': 10}",0.1853553790498294,794.0963379606674,1.2257798400148945
SpectralClustering,"{'n_clusters': 12, 'affinity': 'nearest_neighbors', 'assign_labels': 'kmeans', 'random_state': 1011, 'n_neighbors': 10}",0.18429649132887235,794.9192206339156,1.2251711454478535
SpectralClustering,"{'n_clusters': 12, 'affinity': 'nearest_neighbors', 'assign_labels': 'kmeans', 'random_state': 2022, 'n_neighbors': 10}",0.1853553790498294,794.0963379606675,1.2257798400148943
SpectralClustering,"{'n_clusters': 12, 'affinity': 'nearest_neighbors', 'assign_labels': 'kmeans', 'random_state': 3033, 'n_neighbors': 10}",0.18422413325591355,794.144585794117,1.2262850127450104
SpectralClustering,"{'n_clusters': 12, 'affinity': 'nearest_neighbors', 'assign_labels': 'kmeans', 'random_state': 4044, 'n_neighbors': 10}",0.1852841035952983,794.8811628123694,1.2247474841318053
SpectralClustering,"{'n_clusters': 12, 'affinity': 'nearest_neighbors', 'assign_labels': 'kmeans', 'random_state': 5055, 'n_neighbors': 10}",0.1852841035952983,794.8811628123694,1.2247474841318056
SpectralClustering,"{'n_clusters': 12, 'affinity': 'nearest_neighbors', 'assign_labels': 'kmeans', 'random_state': 6066, 'n_neighbors': 10}",0.18523237969359846,794.5856168566532,1.2261547949296159
SpectralClustering,"{'n_clusters': 12, 'affinity': 'nearest_neighbors', 'assign_labels': 'discretize', 'random_state': 42, 'n_neighbors': 10}",0.18767861231573088,787.4322940746606,1.271668365549114
SpectralClustering,"{'n_clusters': 12, 'affinity': 'nearest_neighbors', 'assign_labels': 'discretize', 'random_state': 123, 'n_neighbors': 10}",0.1877049133224914,787.2575857327291,1.2718726216325333
SpectralClustering,"{'n_clusters': 12, 'affinity': 'nearest_neighbors', 'assign_labels': 'discretize', 'random_state': 456, 'n_neighbors': 10}",0.19119407243452594,811.2463374456811,1.2437653731214702
SpectralClustering,"{'n_clusters': 12, 'affinity': 'nearest_neighbors', 'assign_labels': 'discretize', 'random_state': 789, 'n_neighbors': 10}",0.19044590191534982,790.0801622452666,1.2672697717031212
SpectralClustering,"{'n_clusters': 12, 'affinity': 'nearest_neighbors', 'assign_labels': 'discretize', 'random_state': 1011, 'n_neighbors': 10}",0.19111874136585402,812.4922086518102,1.2475347812058677
SpectralClustering,"{'n_clusters': 12, 'affinity': 'nearest_neighbors', 'assign_labels': 'discretize', 'random_state': 2022, 'n_neighbors': 10}",0.19215247355180157,811.4808475462958,1.2363744684401952
SpectralClustering,"{'n_clusters': 12, 'affinity': 'nearest_neighbors', 'assign_labels': 'discretize', 'random_state': 3033, 'n_neighbors': 10}",0.19008222410414632,790.0506993704753,1.2678654173302328
SpectralClustering,"{'n_clusters': 12, 'affinity': 'nearest_neighbors', 'assign_labels': 'discretize', 'random_state': 4044, 'n_neighbors': 10}",0.19031437241787888,789.3366666665725,1.2674265100946303
SpectralClustering,"{'n_clusters': 12, 'affinity': 'nearest_neighbors', 'assign_labels': 'discretize', 'random_state': 5055, 'n_neighbors': 10}",0.1876195755026304,787.374872986587,1.2718256429213008
SpectralClustering,"{'n_clusters': 12, 'affinity': 'nearest_neighbors', 'assign_labels': 'discretize', 'random_state': 6066, 'n_neighbors': 10}",0.19084220263942978,810.802828326394,1.2445483155611468
SpectralClustering,"{'n_clusters': 12, 'affinity': 'nearest_neighbors', 'assign_labels': 'cluster_qr', 'random_state': 42, 'n_neighbors': 10}",0.17807308475928738,772.9854552283153,1.3023138392155844
SpectralClustering,"{'n_clusters': 12, 'affinity': 'nearest_neighbors', 'assign_labels': 'cluster_qr', 'random_state': 123, 'n_neighbors': 10}",0.17807308475928738,772.9854552283153,1.3023138392155844
SpectralClustering,"{'n_clusters': 12, 'affinity': 'nearest_neighbors', 'assign_labels': 'cluster_qr', 'random_state': 456, 'n_neighbors': 10}",0.17807308475928738,772.9854552283153,1.3023138392155844
SpectralClustering,"{'n_clusters': 12, 'affinity': 'nearest_neighbors', 'assign_labels': 'cluster_qr', 'random_state': 789, 'n_neighbors': 10}",0.17807308475928738,772.9854552283153,1.3023138392155844
SpectralClustering,"{'n_clusters': 12, 'affinity': 'nearest_neighbors', 'assign_labels': 'cluster_qr', 'random_state': 1011, 'n_neighbors': 10}",0.17807308475928738,772.9854552283153,1.3023138392155844
SpectralClustering,"{'n_clusters': 12, 'affinity': 'nearest_neighbors', 'assign_labels': 'cluster_qr', 'random_state': 2022, 'n_neighbors': 10}",0.17807308475928738,772.9854552283153,1.3023138392155844
SpectralClustering,"{'n_clusters': 12, 'affinity': 'nearest_neighbors', 'assign_labels': 'cluster_qr', 'random_state': 3033, 'n_neighbors': 10}",0.17807308475928738,772.9854552283153,1.3023138392155844
SpectralClustering,"{'n_clusters': 12, 'affinity': 'nearest_neighbors', 'assign_labels': 'cluster_qr', 'random_state': 4044, 'n_neighbors': 10}",0.17807308475928738,772.9854552283153,1.3023138392155844
SpectralClustering,"{'n_clusters': 12, 'affinity': 'nearest_neighbors', 'assign_labels': 'cluster_qr', 'random_state': 5055, 'n_neighbors': 10}",0.17807308475928738,772.9854552283153,1.3023138392155844
SpectralClustering,"{'n_clusters': 12, 'affinity': 'nearest_neighbors', 'assign_labels': 'cluster_qr', 'random_state': 6066, 'n_neighbors': 10}",0.17807308475928738,772.9854552283153,1.3023138392155844
SpectralClustering,"{'n_clusters': 12, 'affinity': 'nearest_neighbors', 'assign_labels': 'kmeans', 'random_state': 42, 'n_neighbors': 15}",0.1833873307049857,773.3406298104777,1.2763842310791724
SpectralClustering,"{'n_clusters': 12, 'affinity': 'nearest_neighbors', 'assign_labels': 'kmeans', 'random_state': 123, 'n_neighbors': 15}",0.18629872121548943,797.1116259652657,1.2451926494121444
SpectralClustering,"{'n_clusters': 12, 'affinity': 'nearest_neighbors', 'assign_labels': 'kmeans', 'random_state': 456, 'n_neighbors': 15}",0.18362278057082637,774.5414385577243,1.2770674055514335
SpectralClustering,"{'n_clusters': 12, 'affinity': 'nearest_neighbors', 'assign_labels': 'kmeans', 'random_state': 789, 'n_neighbors': 15}",0.18362278057082637,774.5414385577243,1.2770674055514337
SpectralClustering,"{'n_clusters': 12, 'affinity': 'nearest_neighbors', 'assign_labels': 'kmeans', 'random_state': 1011, 'n_neighbors': 15}",0.18234054336712507,764.209317898889,1.2946589541967384
SpectralClustering,"{'n_clusters': 12, 'affinity': 'nearest_neighbors', 'assign_labels': 'kmeans', 'random_state': 2022, 'n_neighbors': 15}",0.1834943374813218,774.1688426298917,1.2763135671094412
SpectralClustering,"{'n_clusters': 12, 'affinity': 'nearest_neighbors', 'assign_labels': 'kmeans', 'random_state': 3033, 'n_neighbors': 15}",0.18309856773951108,772.6792554160887,1.2749570621421522
SpectralClustering,"{'n_clusters': 12, 'affinity': 'nearest_neighbors', 'assign_labels': 'kmeans', 'random_state': 4044, 'n_neighbors': 15}",0.18256484486752972,773.5712530829012,1.2785779907210804
SpectralClustering,"{'n_clusters': 12, 'affinity': 'nearest_neighbors', 'assign_labels': 'kmeans', 'random_state': 5055, 'n_neighbors': 15}",0.18328078371229983,773.494050190095,1.2762955222544872
SpectralClustering,"{'n_clusters': 12, 'affinity': 'nearest_neighbors', 'assign_labels': 'kmeans', 'random_state': 6066, 'n_neighbors': 15}",0.18236361057093478,763.9577398129628,1.2948127441240633
SpectralClustering,"{'n_clusters': 12, 'affinity': 'nearest_neighbors', 'assign_labels': 'discretize', 'random_state': 42, 'n_neighbors': 15}",0.18798107583456103,785.5954886092248,1.2725906990360023
SpectralClustering,"{'n_clusters': 12, 'affinity': 'nearest_neighbors', 'assign_labels': 'discretize', 'random_state': 123, 'n_neighbors': 15}",0.187901711999266,785.3927229670954,1.2723625469430226
SpectralClustering,"{'n_clusters': 12, 'affinity': 'nearest_neighbors', 'assign_labels': 'discretize', 'random_state': 456, 'n_neighbors': 15}",0.1884376012656141,785.9952829733479,1.2743901068894103
SpectralClustering,"{'n_clusters': 12, 'affinity': 'nearest_neighbors', 'assign_labels': 'discretize', 'random_state': 789, 'n_neighbors': 15}",0.1884376012656141,785.9952829733481,1.2743901068894103
SpectralClustering,"{'n_clusters': 12, 'affinity': 'nearest_neighbors', 'assign_labels': 'discretize', 'random_state': 1011, 'n_neighbors': 15}",0.18841826845564247,785.9514993672232,1.2745870320140533
SpectralClustering,"{'n_clusters': 12, 'affinity': 'nearest_neighbors', 'assign_labels': 'discretize', 'random_state': 2022, 'n_neighbors': 15}",0.19108680495707875,796.6635386626099,1.2737420130352877
SpectralClustering,"{'n_clusters': 12, 'affinity': 'nearest_neighbors', 'assign_labels': 'discretize', 'random_state': 3033, 'n_neighbors': 15}",0.18848087730699883,786.0103914838954,1.272130302026395
SpectralClustering,"{'n_clusters': 12, 'affinity': 'nearest_neighbors', 'assign_labels': 'discretize', 'random_state': 4044, 'n_neighbors': 15}",0.18799411519110992,787.3088980595583,1.2718672299937854
SpectralClustering,"{'n_clusters': 12, 'affinity': 'nearest_neighbors', 'assign_labels': 'discretize', 'random_state': 5055, 'n_neighbors': 15}",0.1879101958105407,787.1615490015495,1.2713133718141054
SpectralClustering,"{'n_clusters': 12, 'affinity': 'nearest_neighbors', 'assign_labels': 'discretize', 'random_state': 6066, 'n_neighbors': 15}",0.18808860027260477,786.3599546066625,1.2757284452732551
SpectralClustering,"{'n_clusters': 12, 'affinity': 'nearest_neighbors', 'assign_labels': 'cluster_qr', 'random_state': 42, 'n_neighbors': 15}",0.17975966602218973,780.1182996043476,1.2815428511804767
SpectralClustering,"{'n_clusters': 12, 'affinity': 'nearest_neighbors', 'assign_labels': 'cluster_qr', 'random_state': 123, 'n_neighbors': 15}",0.17975966602218973,780.1182996043476,1.2815428511804767
SpectralClustering,"{'n_clusters': 12, 'affinity': 'nearest_neighbors', 'assign_labels': 'cluster_qr', 'random_state': 456, 'n_neighbors': 15}",0.17975966602218973,780.1182996043476,1.2815428511804767
SpectralClustering,"{'n_clusters': 12, 'affinity': 'nearest_neighbors', 'assign_labels': 'cluster_qr', 'random_state': 789, 'n_neighbors': 15}",0.17975966602218973,780.1182996043476,1.2815428511804767
SpectralClustering,"{'n_clusters': 12, 'affinity': 'nearest_neighbors', 'assign_labels': 'cluster_qr', 'random_state': 1011, 'n_neighbors': 15}",0.17975966602218973,780.1182996043476,1.2815428511804767
SpectralClustering,"{'n_clusters': 12, 'affinity': 'nearest_neighbors', 'assign_labels': 'cluster_qr', 'random_state': 2022, 'n_neighbors': 15}",0.17975966602218973,780.1182996043476,1.2815428511804767
SpectralClustering,"{'n_clusters': 12, 'affinity': 'nearest_neighbors', 'assign_labels': 'cluster_qr', 'random_state': 3033, 'n_neighbors': 15}",0.17975966602218973,780.1182996043476,1.2815428511804767
SpectralClustering,"{'n_clusters': 12, 'affinity': 'nearest_neighbors', 'assign_labels': 'cluster_qr', 'random_state': 4044, 'n_neighbors': 15}",0.17975966602218973,780.1182996043476,1.2815428511804767
SpectralClustering,"{'n_clusters': 12, 'affinity': 'nearest_neighbors', 'assign_labels': 'cluster_qr', 'random_state': 5055, 'n_neighbors': 15}",0.17975966602218973,780.1182996043476,1.2815428511804767
SpectralClustering,"{'n_clusters': 12, 'affinity': 'nearest_neighbors', 'assign_labels': 'cluster_qr', 'random_state': 6066, 'n_neighbors': 15}",0.17975966602218973,780.1182996043476,1.2815428511804767
SpectralClustering,"{'n_clusters': 12, 'affinity': 'nearest_neighbors', 'assign_labels': 'kmeans', 'random_state': 42, 'n_neighbors': 20}",0.1829095889246898,778.7004271832385,1.2888170809443922
SpectralClustering,"{'n_clusters': 12, 'affinity': 'nearest_neighbors', 'assign_labels': 'kmeans', 'random_state': 123, 'n_neighbors': 20}",0.1819857167397069,776.8299624655816,1.2883943466032934
SpectralClustering,"{'n_clusters': 12, 'affinity': 'nearest_neighbors', 'assign_labels': 'kmeans', 'random_state': 456, 'n_neighbors': 20}",0.18243966428464986,777.5598815220573,1.287143496119263
SpectralClustering,"{'n_clusters': 12, 'affinity': 'nearest_neighbors', 'assign_labels': 'kmeans', 'random_state': 789, 'n_neighbors': 20}",0.18254811811113228,778.0510699031589,1.287577991216807
SpectralClustering,"{'n_clusters': 12, 'affinity': 'nearest_neighbors', 'assign_labels': 'kmeans', 'random_state': 1011, 'n_neighbors': 20}",0.18231206505835876,777.3909266680287,1.2873512725740544
SpectralClustering,"{'n_clusters': 12, 'affinity': 'nearest_neighbors', 'assign_labels': 'kmeans', 'random_state': 2022, 'n_neighbors': 20}",0.18265577580971354,778.9584775892133,1.2888153857234037
SpectralClustering,"{'n_clusters': 12, 'affinity': 'nearest_neighbors', 'assign_labels': 'kmeans', 'random_state': 3033, 'n_neighbors': 20}",0.18265577580971354,778.9584775892135,1.2888153857234035
SpectralClustering,"{'n_clusters': 12, 'affinity': 'nearest_neighbors', 'assign_labels': 'kmeans', 'random_state': 4044, 'n_neighbors': 20}",0.18209056514515468,776.9742213761393,1.2880528030882392
SpectralClustering,"{'n_clusters': 12, 'affinity': 'nearest_neighbors', 'assign_labels': 'kmeans', 'random_state': 5055, 'n_neighbors': 20}",0.1819857167397069,776.8299624655816,1.2883943466032937
SpectralClustering,"{'n_clusters': 12, 'affinity': 'nearest_neighbors', 'assign_labels': 'kmeans', 'random_state': 6066, 'n_neighbors': 20}",0.1822092538401258,777.6222756742436,1.2879429843087074
SpectralClustering,"{'n_clusters': 12, 'affinity': 'nearest_neighbors', 'assign_labels': 'discretize', 'random_state': 42, 'n_neighbors': 20}",0.18675017003460115,784.5108342533683,1.2805529217926541
SpectralClustering,"{'n_clusters': 12, 'affinity': 'nearest_neighbors', 'assign_labels': 'discretize', 'random_state': 123, 'n_neighbors': 20}",0.18724821199705877,784.2980745804522,1.2798781053059984
SpectralClustering,"{'n_clusters': 12, 'affinity': 'nearest_neighbors', 'assign_labels': 'discretize', 'random_state': 456, 'n_neighbors': 20}",0.18725982957959666,784.4233165281033,1.2795791098037432
SpectralClustering,"{'n_clusters': 12, 'affinity': 'nearest_neighbors', 'assign_labels': 'discretize', 'random_state': 789, 'n_neighbors': 20}",0.18668744549372657,784.3920091328625,1.2808095215151503
SpectralClustering,"{'n_clusters': 12, 'affinity': 'nearest_neighbors', 'assign_labels': 'discretize', 'random_state': 1011, 'n_neighbors': 20}",0.18684159776649886,811.6259716284254,1.2678866797035129
SpectralClustering,"{'n_clusters': 12, 'affinity': 'nearest_neighbors', 'assign_labels': 'discretize', 'random_state': 2022, 'n_neighbors': 20}",0.18970707459939876,812.3054669515557,1.2587710914340529
SpectralClustering,"{'n_clusters': 12, 'affinity': 'nearest_neighbors', 'assign_labels': 'discretize', 'random_state': 3033, 'n_neighbors': 20}",0.18725982957959666,784.4233165281033,1.2795791098037432
SpectralClustering,"{'n_clusters': 12, 'affinity': 'nearest_neighbors', 'assign_labels': 'discretize', 'random_state': 4044, 'n_neighbors': 20}",0.18690392599497604,784.6968934874734,1.2803861738445304
SpectralClustering,"{'n_clusters': 12, 'affinity': 'nearest_neighbors', 'assign_labels': 'discretize', 'random_state': 5055, 'n_neighbors': 20}",0.18696699032674324,784.8167160117093,1.2801285739876846
SpectralClustering,"{'n_clusters': 12, 'affinity': 'nearest_neighbors', 'assign_labels': 'discretize', 'random_state': 6066, 'n_neighbors': 20}",0.18725982957959666,784.4233165281031,1.2795791098037432
SpectralClustering,"{'n_clusters': 12, 'affinity': 'nearest_neighbors', 'assign_labels': 'cluster_qr', 'random_state': 42, 'n_neighbors': 20}",0.18355784589606847,795.832337504227,1.266594750149989
SpectralClustering,"{'n_clusters': 12, 'affinity': 'nearest_neighbors', 'assign_labels': 'cluster_qr', 'random_state': 123, 'n_neighbors': 20}",0.18355784589606847,795.832337504227,1.266594750149989
SpectralClustering,"{'n_clusters': 12, 'affinity': 'nearest_neighbors', 'assign_labels': 'cluster_qr', 'random_state': 456, 'n_neighbors': 20}",0.18355784589606847,795.832337504227,1.266594750149989
SpectralClustering,"{'n_clusters': 12, 'affinity': 'nearest_neighbors', 'assign_labels': 'cluster_qr', 'random_state': 789, 'n_neighbors': 20}",0.18355784589606847,795.832337504227,1.266594750149989
SpectralClustering,"{'n_clusters': 12, 'affinity': 'nearest_neighbors', 'assign_labels': 'cluster_qr', 'random_state': 1011, 'n_neighbors': 20}",0.18355784589606847,795.832337504227,1.266594750149989
SpectralClustering,"{'n_clusters': 12, 'affinity': 'nearest_neighbors', 'assign_labels': 'cluster_qr', 'random_state': 2022, 'n_neighbors': 20}",0.18355784589606847,795.832337504227,1.266594750149989
SpectralClustering,"{'n_clusters': 12, 'affinity': 'nearest_neighbors', 'assign_labels': 'cluster_qr', 'random_state': 3033, 'n_neighbors': 20}",0.18355784589606847,795.832337504227,1.266594750149989
SpectralClustering,"{'n_clusters': 12, 'affinity': 'nearest_neighbors', 'assign_labels': 'cluster_qr', 'random_state': 4044, 'n_neighbors': 20}",0.18355784589606847,795.832337504227,1.266594750149989
SpectralClustering,"{'n_clusters': 12, 'affinity': 'nearest_neighbors', 'assign_labels': 'cluster_qr', 'random_state': 5055, 'n_neighbors': 20}",0.18355784589606847,795.832337504227,1.266594750149989
SpectralClustering,"{'n_clusters': 12, 'affinity': 'nearest_neighbors', 'assign_labels': 'cluster_qr', 'random_state': 6066, 'n_neighbors': 20}",0.18355784589606847,795.832337504227,1.266594750149989
SpectralClustering,"{'n_clusters': 12, 'affinity': 'nearest_neighbors', 'assign_labels': 'kmeans', 'random_state': 42, 'n_neighbors': 50}",0.18470293114643227,787.1401394080485,1.2605674080168405
SpectralClustering,"{'n_clusters': 12, 'affinity': 'nearest_neighbors', 'assign_labels': 'kmeans', 'random_state': 123, 'n_neighbors': 50}",0.18470293114643227,787.1401394080482,1.2605674080168405
SpectralClustering,"{'n_clusters': 12, 'affinity': 'nearest_neighbors', 'assign_labels': 'kmeans', 'random_state': 456, 'n_neighbors': 50}",0.18487862609225142,787.7921537647802,1.2601348954841145
SpectralClustering,"{'n_clusters': 12, 'affinity': 'nearest_neighbors', 'assign_labels': 'kmeans', 'random_state': 789, 'n_neighbors': 50}",0.18472065196473464,787.1081860230406,1.2606333492151347
SpectralClustering,"{'n_clusters': 12, 'affinity': 'nearest_neighbors', 'assign_labels': 'kmeans', 'random_state': 1011, 'n_neighbors': 50}",0.18463593734913816,787.0298707390554,1.2607938550573843
SpectralClustering,"{'n_clusters': 12, 'affinity': 'nearest_neighbors', 'assign_labels': 'kmeans', 'random_state': 2022, 'n_neighbors': 50}",0.18472065196473464,787.1081860230406,1.2606333492151351
SpectralClustering,"{'n_clusters': 12, 'affinity': 'nearest_neighbors', 'assign_labels': 'kmeans', 'random_state': 3033, 'n_neighbors': 50}",0.18470495099966797,787.1214541704566,1.26042877211031
SpectralClustering,"{'n_clusters': 12, 'affinity': 'nearest_neighbors', 'assign_labels': 'kmeans', 'random_state': 4044, 'n_neighbors': 50}",0.18489041091124,787.8464757418639,1.2595835124542065
SpectralClustering,"{'n_clusters': 12, 'affinity': 'nearest_neighbors', 'assign_labels': 'kmeans', 'random_state': 5055, 'n_neighbors': 50}",0.18470293114643227,787.1401394080482,1.2605674080168405
SpectralClustering,"{'n_clusters': 12, 'affinity': 'nearest_neighbors', 'assign_labels': 'kmeans', 'random_state': 6066, 'n_neighbors': 50}",0.18470293114643227,787.1401394080482,1.2605674080168405
SpectralClustering,"{'n_clusters': 12, 'affinity': 'nearest_neighbors', 'assign_labels': 'discretize', 'random_state': 42, 'n_neighbors': 50}",0.18935391865584766,795.2941604718386,1.2501642085536642
SpectralClustering,"{'n_clusters': 12, 'affinity': 'nearest_neighbors', 'assign_labels': 'discretize', 'random_state': 123, 'n_neighbors': 50}",0.18918483449570345,794.6464340996603,1.2506003345049603
SpectralClustering,"{'n_clusters': 12, 'affinity': 'nearest_neighbors', 'assign_labels': 'discretize', 'random_state': 456, 'n_neighbors': 50}",0.18989739256948676,797.6423534277988,1.2507708348604705
SpectralClustering,"{'n_clusters': 12, 'affinity': 'nearest_neighbors', 'assign_labels': 'discretize', 'random_state': 789, 'n_neighbors': 50}",0.1887886372902598,793.8087670776782,1.2507786870753719
SpectralClustering,"{'n_clusters': 12, 'affinity': 'nearest_neighbors', 'assign_labels': 'discretize', 'random_state': 1011, 'n_neighbors': 50}",0.18965876168062,796.8974516868158,1.2493637635042079
SpectralClustering,"{'n_clusters': 12, 'affinity': 'nearest_neighbors', 'assign_labels': 'discretize', 'random_state': 2022, 'n_neighbors': 50}",0.1881947564904694,792.3820215205653,1.2529695439886435
SpectralClustering,"{'n_clusters': 12, 'affinity': 'nearest_neighbors', 'assign_labels': 'discretize', 'random_state': 3033, 'n_neighbors': 50}",0.18958092280361677,796.0035474158246,1.24959161883543
SpectralClustering,"{'n_clusters': 12, 'affinity': 'nearest_neighbors', 'assign_labels': 'discretize', 'random_state': 4044, 'n_neighbors': 50}",0.18870150435859026,793.4634248233929,1.2511358023148142
SpectralClustering,"{'n_clusters': 12, 'affinity': 'nearest_neighbors', 'assign_labels': 'discretize', 'random_state': 5055, 'n_neighbors': 50}",0.188232281412881,792.413625773019,1.2531100851680936
SpectralClustering,"{'n_clusters': 12, 'affinity': 'nearest_neighbors', 'assign_labels': 'discretize', 'random_state': 6066, 'n_neighbors': 50}",0.18989739256948676,797.6423534277984,1.25077083486047
SpectralClustering,"{'n_clusters': 12, 'affinity': 'nearest_neighbors', 'assign_labels': 'cluster_qr', 'random_state': 42, 'n_neighbors': 50}",0.18779078035494987,806.7754013032163,1.2635353679621557
SpectralClustering,"{'n_clusters': 12, 'affinity': 'nearest_neighbors', 'assign_labels': 'cluster_qr', 'random_state': 123, 'n_neighbors': 50}",0.18779078035494987,806.7754013032163,1.2635353679621557
SpectralClustering,"{'n_clusters': 12, 'affinity': 'nearest_neighbors', 'assign_labels': 'cluster_qr', 'random_state': 456, 'n_neighbors': 50}",0.18779078035494987,806.7754013032163,1.2635353679621557
SpectralClustering,"{'n_clusters': 12, 'affinity': 'nearest_neighbors', 'assign_labels': 'cluster_qr', 'random_state': 789, 'n_neighbors': 50}",0.18779078035494987,806.7754013032163,1.2635353679621557
SpectralClustering,"{'n_clusters': 12, 'affinity': 'nearest_neighbors', 'assign_labels': 'cluster_qr', 'random_state': 1011, 'n_neighbors': 50}",0.18779078035494987,806.7754013032163,1.2635353679621557
SpectralClustering,"{'n_clusters': 12, 'affinity': 'nearest_neighbors', 'assign_labels': 'cluster_qr', 'random_state': 2022, 'n_neighbors': 50}",0.18779078035494987,806.7754013032163,1.2635353679621557
SpectralClustering,"{'n_clusters': 12, 'affinity': 'nearest_neighbors', 'assign_labels': 'cluster_qr', 'random_state': 3033, 'n_neighbors': 50}",0.18779078035494987,806.7754013032163,1.2635353679621557
SpectralClustering,"{'n_clusters': 12, 'affinity': 'nearest_neighbors', 'assign_labels': 'cluster_qr', 'random_state': 4044, 'n_neighbors': 50}",0.18779078035494987,806.7754013032163,1.2635353679621557
SpectralClustering,"{'n_clusters': 12, 'affinity': 'nearest_neighbors', 'assign_labels': 'cluster_qr', 'random_state': 5055, 'n_neighbors': 50}",0.18779078035494987,806.7754013032163,1.2635353679621557
SpectralClustering,"{'n_clusters': 12, 'affinity': 'nearest_neighbors', 'assign_labels': 'cluster_qr', 'random_state': 6066, 'n_neighbors': 50}",0.18779078035494987,806.7754013032163,1.2635353679621557
SpectralClustering,"{'n_clusters': 12, 'affinity': 'nearest_neighbors', 'assign_labels': 'kmeans', 'random_state': 42, 'n_neighbors': 100}",0.19466012742241534,819.4745172792735,1.2261553205632294
SpectralClustering,"{'n_clusters': 12, 'affinity': 'nearest_neighbors', 'assign_labels': 'kmeans', 'random_state': 123, 'n_neighbors': 100}",0.19456822794279377,819.1750032317009,1.2257810597333443
SpectralClustering,"{'n_clusters': 12, 'affinity': 'nearest_neighbors', 'assign_labels': 'kmeans', 'random_state': 456, 'n_neighbors': 100}",0.19517016432413145,819.9942964358438,1.229617447647537
SpectralClustering,"{'n_clusters': 12, 'affinity': 'nearest_neighbors', 'assign_labels': 'kmeans', 'random_state': 789, 'n_neighbors': 100}",0.19517851048604554,820.8979271454876,1.2265031705491978
SpectralClustering,"{'n_clusters': 12, 'affinity': 'nearest_neighbors', 'assign_labels': 'kmeans', 'random_state': 1011, 'n_neighbors': 100}",0.19514227367438156,820.7150333656425,1.2265482698858357
SpectralClustering,"{'n_clusters': 12, 'affinity': 'nearest_neighbors', 'assign_labels': 'kmeans', 'random_state': 2022, 'n_neighbors': 100}",0.19504897911234578,820.5234065964386,1.2258978634559026
SpectralClustering,"{'n_clusters': 12, 'affinity': 'nearest_neighbors', 'assign_labels': 'kmeans', 'random_state': 3033, 'n_neighbors': 100}",0.19499379214414594,820.1494238899146,1.2264492905993691
SpectralClustering,"{'n_clusters': 12, 'affinity': 'nearest_neighbors', 'assign_labels': 'kmeans', 'random_state': 4044, 'n_neighbors': 100}",0.19476197955295557,819.9990531516,1.2246457866050715
SpectralClustering,"{'n_clusters': 12, 'affinity': 'nearest_neighbors', 'assign_labels': 'kmeans', 'random_state': 5055, 'n_neighbors': 100}",0.19528057133593224,820.7494648921155,1.2299080983542423
SpectralClustering,"{'n_clusters': 12, 'affinity': 'nearest_neighbors', 'assign_labels': 'kmeans', 'random_state': 6066, 'n_neighbors': 100}",0.19488071939363158,819.7818815611852,1.226077812140259
SpectralClustering,"{'n_clusters': 12, 'affinity': 'nearest_neighbors', 'assign_labels': 'discretize', 'random_state': 42, 'n_neighbors': 100}",0.19490666862894782,816.1610547604499,1.2365299463029717
SpectralClustering,"{'n_clusters': 12, 'affinity': 'nearest_neighbors', 'assign_labels': 'discretize', 'random_state': 123, 'n_neighbors': 100}",0.19490666862894782,816.1610547604499,1.2365299463029717
SpectralClustering,"{'n_clusters': 12, 'affinity': 'nearest_neighbors', 'assign_labels': 'discretize', 'random_state': 456, 'n_neighbors': 100}",0.19561639593782787,817.4912991662176,1.2351052140910241
SpectralClustering,"{'n_clusters': 12, 'affinity': 'nearest_neighbors', 'assign_labels': 'discretize', 'random_state': 789, 'n_neighbors': 100}",0.19502422455093754,817.5486777086891,1.236346946548741
SpectralClustering,"{'n_clusters': 12, 'affinity': 'nearest_neighbors', 'assign_labels': 'discretize', 'random_state': 1011, 'n_neighbors': 100}",0.1954602037013903,817.6296451747147,1.2353547313482083
SpectralClustering,"{'n_clusters': 12, 'affinity': 'nearest_neighbors', 'assign_labels': 'discretize', 'random_state': 2022, 'n_neighbors': 100}",0.19502422455093754,817.5486777086893,1.236346946548741
SpectralClustering,"{'n_clusters': 12, 'affinity': 'nearest_neighbors', 'assign_labels': 'discretize', 'random_state': 3033, 'n_neighbors': 100}",0.19502422455093754,817.5486777086891,1.2363469465487409
SpectralClustering,"{'n_clusters': 12, 'affinity': 'nearest_neighbors', 'assign_labels': 'discretize', 'random_state': 4044, 'n_neighbors': 100}",0.19561639593782787,817.4912991662178,1.2351052140910244
SpectralClustering,"{'n_clusters': 12, 'affinity': 'nearest_neighbors', 'assign_labels': 'discretize', 'random_state': 5055, 'n_neighbors': 100}",0.1954602037013903,817.629645174715,1.235354731348208
SpectralClustering,"{'n_clusters': 12, 'affinity': 'nearest_neighbors', 'assign_labels': 'discretize', 'random_state': 6066, 'n_neighbors': 100}",0.19561639593782787,817.491299166218,1.2351052140910241
SpectralClustering,"{'n_clusters': 12, 'affinity': 'nearest_neighbors', 'assign_labels': 'cluster_qr', 'random_state': 42, 'n_neighbors': 100}",0.1872281639804801,783.4389549639318,1.2788074866916783
SpectralClustering,"{'n_clusters': 12, 'affinity': 'nearest_neighbors', 'assign_labels': 'cluster_qr', 'random_state': 123, 'n_neighbors': 100}",0.1872281639804801,783.4389549639318,1.2788074866916783
SpectralClustering,"{'n_clusters': 12, 'affinity': 'nearest_neighbors', 'assign_labels': 'cluster_qr', 'random_state': 456, 'n_neighbors': 100}",0.1872281639804801,783.4389549639318,1.2788074866916783
SpectralClustering,"{'n_clusters': 12, 'affinity': 'nearest_neighbors', 'assign_labels': 'cluster_qr', 'random_state': 789, 'n_neighbors': 100}",0.1872281639804801,783.4389549639318,1.2788074866916783
SpectralClustering,"{'n_clusters': 12, 'affinity': 'nearest_neighbors', 'assign_labels': 'cluster_qr', 'random_state': 1011, 'n_neighbors': 100}",0.1872281639804801,783.4389549639318,1.2788074866916783
SpectralClustering,"{'n_clusters': 12, 'affinity': 'nearest_neighbors', 'assign_labels': 'cluster_qr', 'random_state': 2022, 'n_neighbors': 100}",0.1872281639804801,783.4389549639318,1.2788074866916783
SpectralClustering,"{'n_clusters': 12, 'affinity': 'nearest_neighbors', 'assign_labels': 'cluster_qr', 'random_state': 3033, 'n_neighbors': 100}",0.1872281639804801,783.4389549639318,1.2788074866916783
SpectralClustering,"{'n_clusters': 12, 'affinity': 'nearest_neighbors', 'assign_labels': 'cluster_qr', 'random_state': 4044, 'n_neighbors': 100}",0.1872281639804801,783.4389549639318,1.2788074866916783
SpectralClustering,"{'n_clusters': 12, 'affinity': 'nearest_neighbors', 'assign_labels': 'cluster_qr', 'random_state': 5055, 'n_neighbors': 100}",0.1872281639804801,783.4389549639318,1.2788074866916783
SpectralClustering,"{'n_clusters': 12, 'affinity': 'nearest_neighbors', 'assign_labels': 'cluster_qr', 'random_state': 6066, 'n_neighbors': 100}",0.1872281639804801,783.4389549639318,1.2788074866916783
SpectralClustering,"{'n_clusters': 12, 'affinity': 'polynomial', 'assign_labels': 'kmeans', 'random_state': 42}",-0.028425041939293995,115.86056309102409,1.4789605954515619
SpectralClustering,"{'n_clusters': 12, 'affinity': 'polynomial', 'assign_labels': 'kmeans', 'random_state': 123}",-0.02689938048469553,116.63545944834046,1.360356581211719
SpectralClustering,"{'n_clusters': 12, 'affinity': 'polynomial', 'assign_labels': 'kmeans', 'random_state': 456}",-0.025876439875408705,121.3079470402561,1.4362770458602137
SpectralClustering,"{'n_clusters': 12, 'affinity': 'polynomial', 'assign_labels': 'kmeans', 'random_state': 789}",-0.02650428822295123,116.88508272475471,1.3979226889847112
SpectralClustering,"{'n_clusters': 12, 'affinity': 'polynomial', 'assign_labels': 'kmeans', 'random_state': 1011}",-0.026751534538135984,116.69913511938623,1.3655974387289387
SpectralClustering,"{'n_clusters': 12, 'affinity': 'polynomial', 'assign_labels': 'kmeans', 'random_state': 2022}",-0.026466859477860906,120.76733102106047,1.4475322989053385
SpectralClustering,"{'n_clusters': 12, 'affinity': 'polynomial', 'assign_labels': 'kmeans', 'random_state': 3033}",-0.030911893505225052,117.58543422831967,1.4363850059431165
SpectralClustering,"{'n_clusters': 12, 'affinity': 'polynomial', 'assign_labels': 'kmeans', 'random_state': 4044}",-0.026548608684822863,117.99787709043979,1.459801247929085
SpectralClustering,"{'n_clusters': 12, 'affinity': 'polynomial', 'assign_labels': 'kmeans', 'random_state': 5055}",-0.02492116208077065,121.06487861456372,1.3461738800808403
SpectralClustering,"{'n_clusters': 12, 'affinity': 'polynomial', 'assign_labels': 'kmeans', 'random_state': 6066}",-0.029356747148876344,113.33096588853043,1.3865832272244853
SpectralClustering,"{'n_clusters': 12, 'affinity': 'polynomial', 'assign_labels': 'discretize', 'random_state': 42}",0.12885170773954352,451.1906415610926,1.2331441640793592
SpectralClustering,"{'n_clusters': 12, 'affinity': 'polynomial', 'assign_labels': 'discretize', 'random_state': 123}",0.13087557038141684,513.6532958563706,1.2697047621820745
SpectralClustering,"{'n_clusters': 12, 'affinity': 'polynomial', 'assign_labels': 'discretize', 'random_state': 456}",0.13408796939061354,471.8968174966124,1.2694733644885086
SpectralClustering,"{'n_clusters': 12, 'affinity': 'polynomial', 'assign_labels': 'discretize', 'random_state': 789}",0.12412912440361137,471.1598984118533,1.2007502174370825
SpectralClustering,"{'n_clusters': 12, 'affinity': 'polynomial', 'assign_labels': 'discretize', 'random_state': 1011}",0.10506199495640389,496.93373343818723,1.3680490510464447
SpectralClustering,"{'n_clusters': 12, 'affinity': 'polynomial', 'assign_labels': 'discretize', 'random_state': 2022}",0.1297254036656579,454.33525032103154,1.217718071132796
SpectralClustering,"{'n_clusters': 12, 'affinity': 'polynomial', 'assign_labels': 'discretize', 'random_state': 3033}",0.1168687720250626,462.99122318796555,1.1943856232741612
SpectralClustering,"{'n_clusters': 12, 'affinity': 'polynomial', 'assign_labels': 'discretize', 'random_state': 4044}",0.1348563486170633,472.485253133269,1.252315625190237
SpectralClustering,"{'n_clusters': 12, 'affinity': 'polynomial', 'assign_labels': 'discretize', 'random_state': 5055}",0.11971172307854056,471.4328792926027,1.2272464219117651
SpectralClustering,"{'n_clusters': 12, 'affinity': 'polynomial', 'assign_labels': 'discretize', 'random_state': 6066}",0.1175695318160504,479.37237841018356,1.284890847660836
SpectralClustering,"{'n_clusters': 12, 'affinity': 'polynomial', 'assign_labels': 'cluster_qr', 'random_state': 42}",0.14589150331092912,626.2675134122996,1.395267258307631
SpectralClustering,"{'n_clusters': 12, 'affinity': 'polynomial', 'assign_labels': 'cluster_qr', 'random_state': 123}",0.14589150331092912,626.2675134122996,1.395267258307631
SpectralClustering,"{'n_clusters': 12, 'affinity': 'polynomial', 'assign_labels': 'cluster_qr', 'random_state': 456}",0.14589150331092912,626.2675134122996,1.395267258307631
SpectralClustering,"{'n_clusters': 12, 'affinity': 'polynomial', 'assign_labels': 'cluster_qr', 'random_state': 789}",0.14589150331092912,626.2675134122996,1.395267258307631
SpectralClustering,"{'n_clusters': 12, 'affinity': 'polynomial', 'assign_labels': 'cluster_qr', 'random_state': 1011}",0.14589150331092912,626.2675134122996,1.395267258307631
SpectralClustering,"{'n_clusters': 12, 'affinity': 'polynomial', 'assign_labels': 'cluster_qr', 'random_state': 2022}",0.14589150331092912,626.2675134122996,1.395267258307631
SpectralClustering,"{'n_clusters': 12, 'affinity': 'polynomial', 'assign_labels': 'cluster_qr', 'random_state': 3033}",0.14589150331092912,626.2675134122996,1.395267258307631
SpectralClustering,"{'n_clusters': 12, 'affinity': 'polynomial', 'assign_labels': 'cluster_qr', 'random_state': 4044}",0.14589150331092912,626.2675134122996,1.395267258307631
SpectralClustering,"{'n_clusters': 12, 'affinity': 'polynomial', 'assign_labels': 'cluster_qr', 'random_state': 5055}",0.14589150331092912,626.2675134122996,1.395267258307631
SpectralClustering,"{'n_clusters': 12, 'affinity': 'polynomial', 'assign_labels': 'cluster_qr', 'random_state': 6066}",0.14589150331092912,626.2675134122996,1.395267258307631
SpectralClustering,"{'n_clusters': 12, 'affinity': 'poly', 'assign_labels': 'kmeans', 'random_state': 42}",-0.028425041939293995,115.86056309102409,1.4789605954515619
SpectralClustering,"{'n_clusters': 12, 'affinity': 'poly', 'assign_labels': 'kmeans', 'random_state': 123}",-0.02689938048469553,116.63545944834046,1.360356581211719
SpectralClustering,"{'n_clusters': 12, 'affinity': 'poly', 'assign_labels': 'kmeans', 'random_state': 456}",-0.025876439875408705,121.3079470402561,1.4362770458602137
SpectralClustering,"{'n_clusters': 12, 'affinity': 'poly', 'assign_labels': 'kmeans', 'random_state': 789}",-0.02650428822295123,116.88508272475471,1.3979226889847112
SpectralClustering,"{'n_clusters': 12, 'affinity': 'poly', 'assign_labels': 'kmeans', 'random_state': 1011}",-0.026751534538135984,116.69913511938623,1.3655974387289387
SpectralClustering,"{'n_clusters': 12, 'affinity': 'poly', 'assign_labels': 'kmeans', 'random_state': 2022}",-0.026466859477860906,120.76733102106047,1.4475322989053385
SpectralClustering,"{'n_clusters': 12, 'affinity': 'poly', 'assign_labels': 'kmeans', 'random_state': 3033}",-0.030911893505225052,117.58543422831967,1.4363850059431165
SpectralClustering,"{'n_clusters': 12, 'affinity': 'poly', 'assign_labels': 'kmeans', 'random_state': 4044}",-0.026548608684822863,117.99787709043979,1.459801247929085
SpectralClustering,"{'n_clusters': 12, 'affinity': 'poly', 'assign_labels': 'kmeans', 'random_state': 5055}",-0.02492116208077065,121.06487861456372,1.3461738800808403
SpectralClustering,"{'n_clusters': 12, 'affinity': 'poly', 'assign_labels': 'kmeans', 'random_state': 6066}",-0.029356747148876344,113.33096588853043,1.3865832272244853
SpectralClustering,"{'n_clusters': 12, 'affinity': 'poly', 'assign_labels': 'discretize', 'random_state': 42}",0.12885170773954352,451.1906415610926,1.2331441640793592
SpectralClustering,"{'n_clusters': 12, 'affinity': 'poly', 'assign_labels': 'discretize', 'random_state': 123}",0.13087557038141684,513.6532958563706,1.2697047621820745
SpectralClustering,"{'n_clusters': 12, 'affinity': 'poly', 'assign_labels': 'discretize', 'random_state': 456}",0.13408796939061354,471.8968174966124,1.2694733644885086
SpectralClustering,"{'n_clusters': 12, 'affinity': 'poly', 'assign_labels': 'discretize', 'random_state': 789}",0.12412912440361137,471.1598984118533,1.2007502174370825
SpectralClustering,"{'n_clusters': 12, 'affinity': 'poly', 'assign_labels': 'discretize', 'random_state': 1011}",0.10506199495640389,496.93373343818723,1.3680490510464447
SpectralClustering,"{'n_clusters': 12, 'affinity': 'poly', 'assign_labels': 'discretize', 'random_state': 2022}",0.1297254036656579,454.33525032103154,1.217718071132796
SpectralClustering,"{'n_clusters': 12, 'affinity': 'poly', 'assign_labels': 'discretize', 'random_state': 3033}",0.1168687720250626,462.99122318796555,1.1943856232741612
SpectralClustering,"{'n_clusters': 12, 'affinity': 'poly', 'assign_labels': 'discretize', 'random_state': 4044}",0.1348563486170633,472.485253133269,1.252315625190237
SpectralClustering,"{'n_clusters': 12, 'affinity': 'poly', 'assign_labels': 'discretize', 'random_state': 5055}",0.11971172307854056,471.4328792926027,1.2272464219117651
SpectralClustering,"{'n_clusters': 12, 'affinity': 'poly', 'assign_labels': 'discretize', 'random_state': 6066}",0.1175695318160504,479.37237841018356,1.284890847660836
SpectralClustering,"{'n_clusters': 12, 'affinity': 'poly', 'assign_labels': 'cluster_qr', 'random_state': 42}",0.14589150331092912,626.2675134122996,1.395267258307631
SpectralClustering,"{'n_clusters': 12, 'affinity': 'poly', 'assign_labels': 'cluster_qr', 'random_state': 123}",0.14589150331092912,626.2675134122996,1.395267258307631
SpectralClustering,"{'n_clusters': 12, 'affinity': 'poly', 'assign_labels': 'cluster_qr', 'random_state': 456}",0.14589150331092912,626.2675134122996,1.395267258307631
SpectralClustering,"{'n_clusters': 12, 'affinity': 'poly', 'assign_labels': 'cluster_qr', 'random_state': 789}",0.14589150331092912,626.2675134122996,1.395267258307631
SpectralClustering,"{'n_clusters': 12, 'affinity': 'poly', 'assign_labels': 'cluster_qr', 'random_state': 1011}",0.14589150331092912,626.2675134122996,1.395267258307631
SpectralClustering,"{'n_clusters': 12, 'affinity': 'poly', 'assign_labels': 'cluster_qr', 'random_state': 2022}",0.14589150331092912,626.2675134122996,1.395267258307631
SpectralClustering,"{'n_clusters': 12, 'affinity': 'poly', 'assign_labels': 'cluster_qr', 'random_state': 3033}",0.14589150331092912,626.2675134122996,1.395267258307631
SpectralClustering,"{'n_clusters': 12, 'affinity': 'poly', 'assign_labels': 'cluster_qr', 'random_state': 4044}",0.14589150331092912,626.2675134122996,1.395267258307631
SpectralClustering,"{'n_clusters': 12, 'affinity': 'poly', 'assign_labels': 'cluster_qr', 'random_state': 5055}",0.14589150331092912,626.2675134122996,1.395267258307631
SpectralClustering,"{'n_clusters': 12, 'affinity': 'poly', 'assign_labels': 'cluster_qr', 'random_state': 6066}",0.14589150331092912,626.2675134122996,1.395267258307631
SpectralClustering,"{'n_clusters': 12, 'affinity': 'sigmoid', 'assign_labels': 'kmeans', 'random_state': 42}",0.025530687191284332,272.91319294582655,3.8777254321678734
SpectralClustering,"{'n_clusters': 12, 'affinity': 'sigmoid', 'assign_labels': 'kmeans', 'random_state': 123}",-0.010057384678365316,261.185679527423,3.403627734608602
SpectralClustering,"{'n_clusters': 12, 'affinity': 'sigmoid', 'assign_labels': 'kmeans', 'random_state': 456}",0.027720529081779303,263.3192994723357,4.6507322335285055
SpectralClustering,"{'n_clusters': 12, 'affinity': 'sigmoid', 'assign_labels': 'kmeans', 'random_state': 789}",0.038824178694900284,293.3119155545876,2.5053653789975763
SpectralClustering,"{'n_clusters': 12, 'affinity': 'sigmoid', 'assign_labels': 'kmeans', 'random_state': 1011}",0.02227036407333979,250.0446341566248,2.87209291597604
SpectralClustering,"{'n_clusters': 12, 'affinity': 'sigmoid', 'assign_labels': 'kmeans', 'random_state': 2022}",0.007804430643349182,236.68185490775952,2.6731176917772044
SpectralClustering,"{'n_clusters': 12, 'affinity': 'sigmoid', 'assign_labels': 'kmeans', 'random_state': 3033}",-0.004854512195697719,263.06191948868155,3.3587353671818687
SpectralClustering,"{'n_clusters': 12, 'affinity': 'sigmoid', 'assign_labels': 'kmeans', 'random_state': 4044}",-0.009467859592384838,289.43622183410884,2.5952734521776217
SpectralClustering,"{'n_clusters': 12, 'affinity': 'sigmoid', 'assign_labels': 'kmeans', 'random_state': 5055}",-0.014550861067807385,232.48318765336663,4.7832870464681765
SpectralClustering,"{'n_clusters': 12, 'affinity': 'sigmoid', 'assign_labels': 'kmeans', 'random_state': 6066}",-0.020693746026624688,236.21421788608495,2.6146114486126404
SpectralClustering,"{'n_clusters': 12, 'affinity': 'sigmoid', 'assign_labels': 'discretize', 'random_state': 42}",-0.02130061873287451,158.18785932345338,3.061610476918416
SpectralClustering,"{'n_clusters': 12, 'affinity': 'sigmoid', 'assign_labels': 'discretize', 'random_state': 123}",-0.047899056974219326,133.11960975465965,4.625996547357652
SpectralClustering,"{'n_clusters': 12, 'affinity': 'sigmoid', 'assign_labels': 'discretize', 'random_state': 456}",-0.01919313632979204,193.6575963125372,5.559795289083019
SpectralClustering,"{'n_clusters': 12, 'affinity': 'sigmoid', 'assign_labels': 'discretize', 'random_state': 789}",-0.03600906386671291,140.56959587142467,4.109378333095426
SpectralClustering,"{'n_clusters': 12, 'affinity': 'sigmoid', 'assign_labels': 'discretize', 'random_state': 1011}",-0.044795988177268715,122.79590154239871,3.806316577502455
SpectralClustering,"{'n_clusters': 12, 'affinity': 'sigmoid', 'assign_labels': 'discretize', 'random_state': 2022}",-0.016461024315546396,180.50179261701956,5.404979159247123
SpectralClustering,"{'n_clusters': 12, 'affinity': 'sigmoid', 'assign_labels': 'discretize', 'random_state': 3033}",-0.023697776969068222,145.06641461853607,4.869323464649038
SpectralClustering,"{'n_clusters': 12, 'affinity': 'sigmoid', 'assign_labels': 'discretize', 'random_state': 4044}",-0.03919760976453159,152.802558805631,3.269341972031731
SpectralClustering,"{'n_clusters': 12, 'affinity': 'sigmoid', 'assign_labels': 'discretize', 'random_state': 5055}",-0.04282617760126217,127.77177766930613,4.408528713783209
SpectralClustering,"{'n_clusters': 12, 'affinity': 'sigmoid', 'assign_labels': 'discretize', 'random_state': 6066}",-0.053463465576343565,137.22336619348184,5.835374465019182
SpectralClustering,"{'n_clusters': 12, 'affinity': 'sigmoid', 'assign_labels': 'cluster_qr', 'random_state': 42}",-0.07272127754989012,69.55981333158778,5.21456513554678
SpectralClustering,"{'n_clusters': 12, 'affinity': 'sigmoid', 'assign_labels': 'cluster_qr', 'random_state': 123}",-0.07272127754989012,69.55981333158778,5.21456513554678
SpectralClustering,"{'n_clusters': 12, 'affinity': 'sigmoid', 'assign_labels': 'cluster_qr', 'random_state': 456}",-0.07272127754989012,69.55981333158778,5.21456513554678
SpectralClustering,"{'n_clusters': 12, 'affinity': 'sigmoid', 'assign_labels': 'cluster_qr', 'random_state': 789}",-0.07272127754989012,69.55981333158778,5.21456513554678
SpectralClustering,"{'n_clusters': 12, 'affinity': 'sigmoid', 'assign_labels': 'cluster_qr', 'random_state': 1011}",-0.07272127754989012,69.55981333158778,5.21456513554678
SpectralClustering,"{'n_clusters': 12, 'affinity': 'sigmoid', 'assign_labels': 'cluster_qr', 'random_state': 2022}",-0.07272127754989012,69.55981333158778,5.21456513554678
SpectralClustering,"{'n_clusters': 12, 'affinity': 'sigmoid', 'assign_labels': 'cluster_qr', 'random_state': 3033}",-0.07272127754989012,69.55981333158778,5.21456513554678
SpectralClustering,"{'n_clusters': 12, 'affinity': 'sigmoid', 'assign_labels': 'cluster_qr', 'random_state': 4044}",-0.07272127754989012,69.55981333158778,5.21456513554678
SpectralClustering,"{'n_clusters': 12, 'affinity': 'sigmoid', 'assign_labels': 'cluster_qr', 'random_state': 5055}",-0.07272127754989012,69.55981333158778,5.21456513554678
SpectralClustering,"{'n_clusters': 12, 'affinity': 'sigmoid', 'assign_labels': 'cluster_qr', 'random_state': 6066}",-0.07272127754989012,69.55981333158778,5.21456513554678
